Locality,Quarter,Price Range,Average Price,Q-o-Q,Growth Type,City,Type
100 Feet Anand Nagar Road,Oct-Dec 2024,"5,723 - 9,267","7,495",1,,,
100 Feet Anand Nagar Road,Jul-Sep 2024,"5,684 - 9,142","7,413",3,,,
100 Feet Anand Nagar Road,Apr-Jun 2024,"5,598 - 8,804","7,201",1,,,
100 Feet Anand Nagar Road,Jan-Mar 2024,"5,523 - 8,709","7,116",1.5,,,
100 Feet Anand Nagar Road,Oct-Dec 2023,"5,342 - 8,670","7,006",2,,,
100 Feet Anand Nagar Road,Jul-Sep 2023,"5,178 - 8,453","6,870",2,,,
100 Feet Anand Nagar Road,Apr-Jun 2023,"5,056 - 8,245","6,678",2,,,
100 Feet Anand Nagar Road,Jan-Mar 2023,"4,947 - 8,058","6,545",3,,,
100 Feet Anand Nagar Road,Oct-Dec 2022,"4,768 - 7,854","6,357",2,,,
100 Feet Anand Nagar Road,Jul-Sep 2022,"4,657 - 7,690","6,234",2,,,
100 Feet Anand Nagar Road,Apr-Jun 2022,"4,550 - 7,460","6,110",1,,,
100 Feet Anand Nagar Road,Jan-Mar 2022,"4,505 - 7,350","6,049",1,,,
100 Feet Anand Nagar Road,Oct-Dec 2021,"4,446 - 7,231","5,989",2,,,
100 Feet Anand Nagar Road,Jul-Sep 2021,"4,360 - 7,050","5,870",1,,,
100 Feet Anand Nagar Road,Apr-Jun 2021,"4,285 - 6,910","5,795",1,,,
100 Feet Anand Nagar Road,Jan-Mar 2021,"4,250 - 6,880","5,765",1.5,,,
100 Feet Anand Nagar Road,Oct-Dec 2020,"4,178 - 6,798","5,660",1,,,
100 Feet Anand Nagar Road,Jul-Sep 2020,"4,120 - 6,725","5,565",1,,,
100 Feet Anand Nagar Road,Apr-Jun 2020,"4,100 - 6,700","5,550",1,,,
100 Feet Anand Nagar Road,Jan-Mar 2020,"4,095 - 6,698","5,548",1,,,
100 Feet Anand Nagar Road,Oct-Dec 2019,"4,056 - 6,620","5,490",1,,,
100 Feet Anand Nagar Road,Jul-Sep 2019,"4,000 - 6,520","5,390",1,,,
100 Feet Anand Nagar Road,Apr-Jun 2019,"3,960 - 6,470","5,320",1,,,
100 Feet Anand Nagar Road,Jan-Mar 2019,"3,923 - 6,420","5,250",1,,,
100 Feet Anand Nagar Road,Oct-Dec 2018,"3,880 - 6,350","5,150",2,,,
100 Feet Anand Nagar Road,Jul-Sep 2018,"3,800 - 6,230","5,000",3,,,
,,,,,,,
100 Feet Road,Oct-Dec 2024,"5,718 - 9,158","7,438",1,,,
100 Feet Road,Jul-Sep 2024,"5,704 - 9,062","7,383",2,,,
100 Feet Road,Apr-Jun 2024,"5,630 - 8,794","7,212",2,,,
100 Feet Road,Jan-Mar 2024,"5,519 - 8,692","7,105",3,,,
100 Feet Road,Oct-Dec 2023,"5,305 - 8,529","6,917",2,,,
100 Feet Road,Jul-Sep 2023,"5,367 - 8,446","6,907",3,,,
100 Feet Road,Apr-Jun 2023,"5,252 - 8,210","6,731",2,,,
100 Feet Road,Jan-Mar 2023,"5,150 - 8,050","6,600",2,,,
100 Feet Road,Oct-Dec 2022,"5,050 - 7,920","6,470",2,,,
100 Feet Road,Jul-Sep 2022,"4,900 - 7,750","6,325",2,,,
100 Feet Road,Apr-Jun 2022,"4,800 - 7,600","6,200",1,,,
100 Feet Road,Jan-Mar 2022,"4,750 - 7,540","6,145",1,,,
100 Feet Road,Oct-Dec 2021,"4,700 - 7,450","6,075",2,,,
100 Feet Road,Jul-Sep 2021,"4,610 - 7,330","5,955",1,,,
100 Feet Road,Apr-Jun 2021,"4,550 - 7,200","5,875",1,,,
100 Feet Road,Jan-Mar 2021,"4,500 - 7,150","5,825",1.2,,,
100 Feet Road,Oct-Dec 2020,"4,480 - 7,100","5,790",1,,,
100 Feet Road,Jul-Sep 2020,"4,450 - 7,050","5,750",1,,,
100 Feet Road,Apr-Jun 2020,"4,425 - 7,000","5,715",1,,,
100 Feet Road,Jan-Mar 2020,"4,400 - 6,975","5,690",1,,,
100 Feet Road,Oct-Dec 2019,"4,370 - 6,940","5,660",1,,,
100 Feet Road,Jul-Sep 2019,"4,320 - 6,880","5,600",1,,,
100 Feet Road,Apr-Jun 2019,"4,290 - 6,820","5,555",1,,,
100 Feet Road,Jan-Mar 2019,"4,250 - 6,770","5,510",1,,,
100 Feet Road,Oct-Dec 2018,"4,200 - 6,700","5,450",2,,,
100 Feet Road,Jul-Sep 2018,"4,120 - 6,600","5,350",3,,,
,,,,,,,
120 Feet Ring Road,Oct-Dec 2024,"5,171 - 7,955","6,563",1,,,
120 Feet Ring Road,Jul-Sep 2024,"5,358 - 7,916","6,637",1,,,
120 Feet Ring Road,Apr-Jun 2024,"5,310 - 7,850","6,580",-0.9,,,
120 Feet Ring Road,Jan-Mar 2024,"5,350 - 7,820","6,640",1.5,,,
120 Feet Ring Road,Oct-Dec 2023,"5,270 - 7,710","6,540",1,,,
120 Feet Ring Road,Jul-Sep 2023,"5,150 - 7,600","6,480",2.5,,,
120 Feet Ring Road,Apr-Jun 2023,"5,020 - 7,450","6,350",2.8,,,
120 Feet Ring Road,Jan-Mar 2023,"4,800 - 7,200","6,000",3.5,,,
120 Feet Ring Road,Oct-Dec 2022,"4,640 - 6,970","5,800",4,,,
120 Feet Ring Road,Jul-Sep 2022,"4,500 - 6,700","5,600",5,,,
120 Feet Ring Road,Apr-Jun 2022,"4,250 - 6,400","5,325",3.5,,,
120 Feet Ring Road,Jan-Mar 2022,"4,100 - 6,250","5,175",4,,,
120 Feet Ring Road,Oct-Dec 2021,"3,940 - 6,050","4,975",3.8,,,
120 Feet Ring Road,Jul-Sep 2021,"3,750 - 5,850","4,800",2.5,,,
120 Feet Ring Road,Apr-Jun 2021,"3,650 - 5,750","4,700",1,,,
120 Feet Ring Road,Jan-Mar 2021,"3,600 - 5,700","4,650",,,,
120 Feet Ring Road,Oct-Dec 2020,"3,580 - 5,650","4,630",-1,,,
120 Feet Ring Road,Jul-Sep 2020,"3,620 - 5,750","4,685",-2,,,
120 Feet Ring Road,Apr-Jun 2020,"3,700 - 5,900","4,800",-3.5,,,
120 Feet Ring Road,Jan-Mar 2020,"3,850 - 6,100","4,975",1.5,,,
120 Feet Ring Road,Oct-Dec 2019,"3,750 - 5,950","4,900",1.8,,,
120 Feet Ring Road,Jul-Sep 2019,"3,680 - 5,870","4,825",2.2,,,
120 Feet Ring Road,Apr-Jun 2019,"3,600 - 5,750","4,725",2,,,
120 Feet Ring Road,Jan-Mar 2019,"3,500 - 5,620","4,560",2.5,,,
120 Feet Ring Road,Oct-Dec 2018,"3,400 - 5,500","4,425",3,,,
120 Feet Ring Road,Jul-Sep 2018,"3,300 - 5,350","4,325",3.5,,,
,,,,,,,
132 Feet Ring Road,Oct-Dec 2024,"5,476 - 8,881","7,178",1,,,
132 Feet Ring Road,Jul-Sep 2024,"5,409 - 8,846","7,127",3,,,
132 Feet Ring Road,Apr-Jun 2024,"5,245 - 8,571","6,908",2,,,
132 Feet Ring Road,Jan-Mar 2024,"5,117 - 8,425","6,771",2,,,
132 Feet Ring Road,Oct-Dec 2023,"4,996 - 8,270","6,633",1,,,
132 Feet Ring Road,Jul-Sep 2023,"5,072 - 8,262","6,667",2,,,
132 Feet Ring Road,Apr-Jun 2023,"4,998 - 8,113","6,556",2.5,,,
132 Feet Ring Road,Jan-Mar 2023,"4,850 - 7,950","6,400",3.5,,,
132 Feet Ring Road,Oct-Dec 2022,"4,690 - 7,750","6,220",4,,,
132 Feet Ring Road,Jul-Sep 2022,"4,510 - 7,525","6,018",5,,,
132 Feet Ring Road,Apr-Jun 2022,"4,320 - 7,250","5,785",3.8,,,
132 Feet Ring Road,Jan-Mar 2022,"4,150 - 7,050","5,600",4,,,
132 Feet Ring Road,Oct-Dec 2021,"4,000 - 6,850","5,425",3.5,,,
132 Feet Ring Road,Jul-Sep 2021,"3,850 - 6,600","5,225",2.8,,,
132 Feet Ring Road,Apr-Jun 2021,"3,780 - 6,500","5,140",1,,,
132 Feet Ring Road,Jan-Mar 2021,"3,750 - 6,450","5,100",,,,
132 Feet Ring Road,Oct-Dec 2020,"3,720 - 6,420","5,070",-1,,,
132 Feet Ring Road,Jul-Sep 2020,"3,750 - 6,500","5,125",-2,,,
132 Feet Ring Road,Apr-Jun 2020,"3,820 - 6,600","5,210",-3.5,,,
132 Feet Ring Road,Jan-Mar 2020,"3,950 - 6,800","5,375",1.5,,,
132 Feet Ring Road,Oct-Dec 2019,"3,850 - 6,700","5,275",1.8,,,
132 Feet Ring Road,Jul-Sep 2019,"3,770 - 6,600","5,185",2,,,
132 Feet Ring Road,Apr-Jun 2019,"3,680 - 6,500","5,090",2.2,,,
132 Feet Ring Road,Jan-Mar 2019,"3,600 - 6,350","4,975",2.5,,,
132 Feet Ring Road,Oct-Dec 2018,"3,500 - 6,200","4,850",3,,,
132 Feet Ring Road,Jul-Sep 2018,"3,400 - 6,050","4,725",3.5,,,
,,,,,,,
Aarohi Club Road,Oct-Dec 2024,"3,912 - 5,874","4,893",2,,,
Aarohi Club Road,Jul-Sep 2024,"3,802 - 5,760","4,781",1,,,
Aarohi Club Road,Apr-Jun 2024,"3,775 - 5,725","4,750",0.2,,,
Aarohi Club Road,Jan-Mar 2024,"3,768 - 5,714","4,741",0.3,,,
Aarohi Club Road,Oct-Dec 2023,"3,770 - 5,679","4,725",0.3,,,
Aarohi Club Road,Jul-Sep 2023,"3,750 - 5,669","4,710",1,,,
Aarohi Club Road,Apr-Jun 2023,"3,667 - 5,634","4,651",3,,,
Aarohi Club Road,Jan-Mar 2023,"3,576 - 5,423","4,499",1,,,
Aarohi Club Road,Oct-Dec 2022,"3,620 - 5,460","4,540",1,,,
Aarohi Club Road,Jul-Sep 2022,"3,479 - 5,678","4,578",7,,,
Aarohi Club Road,Apr-Jun 2022,"3,479 - 5,098","4,289",5,,,
Aarohi Club Road,Jan-Mar 2022,"3,317 - 4,876","4,096",5,,,
Aarohi Club Road,Oct-Dec 2021,"3,402 - 5,179","4,290",3,,,
Aarohi Club Road,Jul-Sep 2021,"3,298 - 4,985","4,142",1.5,,,
Aarohi Club Road,Apr-Jun 2021,"3,250 - 4,925","4,085",,,,
Aarohi Club Road,Jan-Mar 2021,"3,240 - 4,910","4,070",-1,,,
Aarohi Club Road,Oct-Dec 2020,"3,280 - 4,960","4,120",-1.5,,,
Aarohi Club Road,Jul-Sep 2020,"3,290 - 4,980","4,135",-2.5,,,
Aarohi Club Road,Apr-Jun 2020,"3,350 - 5,050","4,200",-3.5,,,
Aarohi Club Road,Jan-Mar 2020,"3,450 - 5,200","4,325",1.5,,,
Aarohi Club Road,Oct-Dec 2019,"3,400 - 5,150","4,275",2,,,
Aarohi Club Road,Jul-Sep 2019,"3,350 - 5,080","4,215",2.2,,,
Aarohi Club Road,Apr-Jun 2019,"3,280 - 5,000","4,140",2.5,,,
Aarohi Club Road,Jan-Mar 2019,"3,200 - 4,900","4,050",3,,,
Aarohi Club Road,Oct-Dec 2018,"3,100 - 4,750","3,925",3.5,,,
Aarohi Club Road,Jul-Sep 2018,"3,000 - 4,600","3,800",4,,,
,,,,,,,
Airport Road,Oct-Dec 2024,"3,031 - 6,123","4,577",5,,,
Airport Road,Jul-Sep 2024,"3,008 - 5,720","4,364",23,,,
Airport Road,Apr-Jun 2024,"3,738 - 7,622","5,680",6,,,
Airport Road,Jan-Mar 2024,"3,666 - 7,069","5,368",25,,,
Airport Road,Oct-Dec 2023,"2,871 - 5,733","4,302",7,,,
Airport Road,Jul-Sep 2023,"3,087 - 6,131","4,609",18,,,
Airport Road,Apr-Jun 2023,"2,648 - 5,165","3,906",5,,,
Airport Road,Jan-Mar 2023,"2,520 - 4,915","3,718",3,,,
Airport Road,Oct-Dec 2022,"2,400 - 4,800","3,600",4,,,
Airport Road,Jul-Sep 2022,"2,350 - 4,700","3,525",3,,,
Airport Road,Apr-Jun 2022,"2,320 - 4,640","3,480",2.5,,,
Airport Road,Jan-Mar 2022,"2,280 - 4,560","3,420",2,,,
Airport Road,Oct-Dec 2021,"2,250 - 4,500","3,375",0.5,,,
Airport Road,Jul-Sep 2021,"2,240 - 4,480","3,360",,,,
Airport Road,Apr-Jun 2021,"2,250 - 4,500","3,375",-1,,,
Airport Road,Jan-Mar 2021,"2,300 - 4,600","3,450",-2,,,
Airport Road,Oct-Dec 2020,"2,350 - 4,700","3,525",-3,,,
Airport Road,Jul-Sep 2020,"2,400 - 4,800","3,600",-3.5,,,
Airport Road,Apr-Jun 2020,"2,500 - 5,000","3,750",-5,,,
Airport Road,Jan-Mar 2020,"2,650 - 5,300","3,975",1.5,,,
Airport Road,Oct-Dec 2019,"2,600 - 5,200","3,900",2,,,
Airport Road,Jul-Sep 2019,"2,550 - 5,100","3,825",2.2,,,
Airport Road,Apr-Jun 2019,"2,480 - 4,960","3,720",2.5,,,
Airport Road,Jan-Mar 2019,"2,400 - 4,800","3,600",3,,,
Airport Road,Oct-Dec 2018,"2,300 - 4,600","3,450",3.5,,,
Airport Road,Jul-Sep 2018,"2,200 - 4,400","3,300",4,,,
,,,,,,,
Ambawadi,Oct-Dec 2024,"6,038-8,632","7,335",4,,,
Ambawadi,Jul-Sep 2024,"5,784-8,353","7,068",1,,,
Ambawadi,Apr-Jun 2024,"5,833-8,196","7,014",1,,,
Ambawadi,Jan-Mar 2024,"5,741-8,150","6,946",1,,,
Ambawadi,Oct-Dec 2023,"5,844-8,151","6,997",1,,,
Ambawadi,Jul-Sep 2023,"5,861-8,248","7,054",2,,,
Ambawadi,Apr-Jun 2023,"5,688-8,147","6,918",1,,,
Ambawadi,Jan-Mar 2023,"5,674-8,040","6,857",1,,,
Ambawadi,Oct-Dec 2022,"5,679-7,850","6,765",,,,
Ambawadi,Jul-Sep 2022,"5,578-7,963","6,771",2,,,
Ambawadi,Apr-Jun 2022,"5,451-7,855","6,653",2,,,
Ambawadi,Jan-Mar 2022,"5,359-7,710","6,535",1,,,
Ambawadi,Oct-Dec 2021,"5,328-7,569","6,449",3,,,
Ambawadi,Jul-Sep 2021,"5,219-7,325","6,272",0.4,,,
Ambawadi,Apr-Jun 2021,"5,224-7,374","6,299",0.3,,,
Ambawadi,Jan-Mar 2021,"5,265-7,373","6,319",1,,,
Ambawadi,Oct-Dec 2020,"5,235-7,286","6,261",1,,,
Ambawadi,Jul-Sep 2020,"5,202-7,250","6,226",1,,,
Ambawadi,Apr-Jun 2020,"5,245-7,341","6,293",1,,,
Ambawadi,Jan-Mar 2020,"5,285-7,365","6,325",0.4,,,
Ambawadi,Oct-Dec 2019,"5,224-7,474","6,349",0.1,,,
Ambawadi,Jul-Sep 2019,"5,144-7,570","6,357",2,,,
Ambawadi,Apr-Jun 2019,"5,008-7,403","6,205",1,,,
Ambawadi,Jan-Mar 2019,"5,079-7,420","6,250",2,,,
Ambawadi,Oct-Dec 2018,"5,193-7,498","6,346",5,,,
Ambawadi,Jul-Sep 2018,"4,876-7,210","6,043",0.2,,,
,,,,,,,
Ambli,Oct-Dec 2024,"5,759-9,945","7,852",3,,,
Ambli,Jul-Sep 2024,"6,207-9,994","8,100",1,,,
Ambli,Apr-Jun 2024,"6,192-9,921","8,056",-,,,
Ambli,Jan-Mar 2024,"6,287-9,809","8,048",1,,,
Ambli,Oct-Dec 2023,"6,363-9,895","8,129",1,,,
Ambli,Jul-Sep 2023,"6,257-9,806","8,031",1,,,
Ambli,Apr-Jun 2023,"6,125-9,744","7,934",1,,,
Ambli,Jan-Mar 2023,"6,091-9,665","7,878",1,,,
Ambli,Oct-Dec 2022,"6,015-9,626","7,821",3,,,
Ambli,Jul-Sep 2022,"6,337-9,859","8,098",2,,,
Ambli,Apr-Jun 2022,"6,144-9,760","7,952",3,,,
Ambli,Jan-Mar 2022,"5,852-9,610","7,731",2,,,
Ambli,Oct-Dec 2021,"6,110-9,589","7,849",2,,,
Ambli,Jul-Sep 2021,"6,527-9,568","8,047",1,,,
Ambli,Apr-Jun 2021,"6,609-9,342","7,976",0.1,,,
Ambli,Jan-Mar 2021,"6,625-9,343","7,984",,,,
Ambli,Oct-Dec 2020,"6,608-9,362","7,985",1,,,
Ambli,Jul-Sep 2020,"6,695-9,062","7,879",1,,,
Ambli,Apr-Jun 2020,"6,543-9,056","7,800",1,,,
Ambli,Jan-Mar 2020,"6,457-8,980","7,719",1,,,
Ambli,Oct-Dec 2019,"6,393-8,941","7,667",2,,,
Ambli,Jul-Sep 2019,"6,298-8,769","7,534",1,,,
Ambli,Apr-Jun 2019,"6,315-8,677","7,496",1,,,
Ambli,Jan-Mar 2019,"6,263-8,579","7,421",2,,,
Ambli,Oct-Dec 2018,"6,373-8,157","7,265",2,,,
Ambli,Jul-Sep 2018,"6,366-7,925","7,146",2,,,
,,,,,,,
Ambli Bopal Road,Oct-Dec 2024,"3,938-6,064","5,001",2,,,
Ambli Bopal Road,Jul-Sep 2024,"3,839-5,926","4,882",0.3,,,
Ambli Bopal Road,Apr-Jun 2024,"3,820-5,917","4,868",,,,
Ambli Bopal Road,Jan-Mar 2024,"3,827-5,956","4,892",0.2,,,
Ambli Bopal Road,Oct-Dec 2023,"3,814-5,952","4,883",0.1,,,
Ambli Bopal Road,Jul-Sep 2023,"3,797-5,955","4,876",3,,,
Ambli Bopal Road,Apr-Jun 2023,"3,705-5,787","4,746",1,,,
Ambli Bopal Road,Jan-Mar 2023,"3,663-5,745","4,704",43,,,
Ambli Bopal Road,Oct-Dec 2022,"6,623-9,756","8,190",1,,,
Ambli Bopal Road,Jul-Sep 2022,"6,478-9,713","8,096",0.2,,,
Ambli Bopal Road,Apr-Jun 2022,"6,674-9,549","8,111",4,,,
Ambli Bopal Road,Jan-Mar 2022,"6,344-9,319","7,832",2,,,
Ambli Bopal Road,Oct-Dec 2021,"6,380-8,947","7,664",4,,,
Ambli Bopal Road,Jul-Sep 2021,"6,170-8,589","7,380",1,,,
Ambli Bopal Road,Apr-Jun 2021,"6,216-8,443","7,329",1,,,
Ambli Bopal Road,Jan-Mar 2021,"6,185-8,318","7,252",0.5,,,
Ambli Bopal Road,Oct-Dec 2020,"6,278-8,155","7,217",1,,,
Ambli Bopal Road,Jul-Sep 2020,"6,271-7,955","7,113",1,,,
Ambli Bopal Road,Apr-Jun 2020,"6,172-8,136","7,154",1,,,
Ambli Bopal Road,Jan-Mar 2020,"6,245-8,185","7,215",1,,,
Ambli Bopal Road,Oct-Dec 2019,"6,292-8,279","7,285",1,,,
Ambli Bopal Road,Jul-Sep 2019,"6,256-8,467","7,361",0.2,,,
Ambli Bopal Road,Apr-Jun 2019,"6,385-8,369","7,377",3,,,
Ambli Bopal Road,Jan-Mar 2019,"6,304-8,068","7,186",1,,,
Ambli Bopal Road,Oct-Dec 2018,"6,099-8,109","7,104",1,,,
Ambli Bopal Road,Jul-Sep 2018,"6,026-8,058","7,042",0.4,,,
,,,,,,,
Ambli Road,Oct-Dec 2024,"6,703 - 10,153","8,428",1,,,
Ambli Road,Jul-Sep 2024,"6,804 - 10,144","8,474",1,,,
Ambli Road,Apr-Jun 2024,"6,661 - 10,074","8,367",1,,,
Ambli Road,Jan-Mar 2024,"6,485 - 10,041","8,263",1,,,
Ambli Road,Oct-Dec 2023,"6,547 - 10,153","8,350",1,,,
Ambli Road,Jul-Sep 2023,"6,500 - 10,000","8,250",2,,,
Ambli Road,Apr-Jun 2023,"6,370 - 9,850","8,110",1.5,,,
Ambli Road,Jan-Mar 2023,"6,250 - 9,700","7,990",2,,,
Ambli Road,Oct-Dec 2022,"6,100 - 9,500","7,800",3,,,
Ambli Road,Jul-Sep 2022,"5,900 - 9,250","7,575",2.5,,,
Ambli Road,Apr-Jun 2022,"5,850 - 9,100","7,475",2,,,
Ambli Road,Jan-Mar 2022,"5,750 - 8,950","7,350",2,,,
Ambli Road,Oct-Dec 2021,"5,700 - 8,900","7,300",1,,,
Ambli Road,Jul-Sep 2021,"5,650 - 8,850","7,250",,,,
Ambli Road,Apr-Jun 2021,"5,600 - 8,800","7,200",-1,,,
Ambli Road,Jan-Mar 2021,"5,650 - 8,850","7,250",-1,,,
Ambli Road,Oct-Dec 2020,"5,700 - 8,900","7,300",-2,,,
Ambli Road,Jul-Sep 2020,"5,750 - 8,950","7,350",-3,,,
Ambli Road,Apr-Jun 2020,"5,800 - 9,000","7,400",-3,,,
Ambli Road,Jan-Mar 2020,"5,900 - 9,100","7,500",,,,
Ambli Road,Oct-Dec 2019,"5,850 - 9,050","7,450",2,,,
Ambli Road,Jul-Sep 2019,"5,700 - 8,900","7,300",2.5,,,
Ambli Road,Apr-Jun 2019,"5,550 - 8,700","7,125",2,,,
Ambli Road,Jan-Mar 2019,"5,450 - 8,600","7,025",2.5,,,
Ambli Road,Oct-Dec 2018,"5,300 - 8,400","6,900",3,,,
Ambli Road,Jul-Sep 2018,"5,150 - 8,200","6,750",3.5,,,
,,,,,,,
Anand Nagar Prahlad Nagar,Oct-Dec 2024,"6,146 - 9,229","7,687",1,,,
Anand Nagar Prahlad Nagar,Jul-Sep 2024,"6,207 - 9,024","7,616",3,,,
Anand Nagar Prahlad Nagar,Apr-Jun 2024,"5,866 - 8,916","7,391",4,,,
Anand Nagar Prahlad Nagar,Jan-Mar 2024,"5,688 - 8,568","7,128",3,,,
Anand Nagar Prahlad Nagar,Oct-Dec 2023,"5,445 - 8,387","6,916",0.4,,,
Anand Nagar Prahlad Nagar,Jul-Sep 2023,"5,269 - 8,615","6,942",1.5,,,
Anand Nagar Prahlad Nagar,Apr-Jun 2023,"5,190 - 8,510","6,850",1.5,,,
Anand Nagar Prahlad Nagar,Jan-Mar 2023,"5,100 - 8,400","6,750",2,,,
Anand Nagar Prahlad Nagar,Oct-Dec 2022,"4,950 - 8,150","6,550",2.5,,,
Anand Nagar Prahlad Nagar,Jul-Sep 2022,"4,800 - 7,900","6,350",2.5,,,
Anand Nagar Prahlad Nagar,Apr-Jun 2022,"4,675 - 7,750","6,200",2,,,
Anand Nagar Prahlad Nagar,Jan-Mar 2022,"4,600 - 7,650","6,125",2,,,
Anand Nagar Prahlad Nagar,Oct-Dec 2021,"4,500 - 7,500","6,000",1,,,
Anand Nagar Prahlad Nagar,Jul-Sep 2021,"4,450 - 7,400","5,925",,,,
Anand Nagar Prahlad Nagar,Apr-Jun 2021,"4,400 - 7,350","5,875",-1,,,
Anand Nagar Prahlad Nagar,Jan-Mar 2021,"4,375 - 7,300","5,850",-1,,,
Anand Nagar Prahlad Nagar,Oct-Dec 2020,"4,400 - 7,350","5,875",-2,,,
Anand Nagar Prahlad Nagar,Jul-Sep 2020,"4,450 - 7,400","5,925",-3,,,
Anand Nagar Prahlad Nagar,Apr-Jun 2020,"4,500 - 7,500","6,000",-3,,,
Anand Nagar Prahlad Nagar,Jan-Mar 2020,"4,600 - 7,650","6,125",,,,
Anand Nagar Prahlad Nagar,Oct-Dec 2019,"4,550 - 7,600","6,075",2,,,
Anand Nagar Prahlad Nagar,Jul-Sep 2019,"4,450 - 7,500","5,975",2.5,,,
Anand Nagar Prahlad Nagar,Apr-Jun 2019,"4,300 - 7,350","5,825",2,,,
Anand Nagar Prahlad Nagar,Jan-Mar 2019,"4,150 - 7,200","5,675",2.5,,,
Anand Nagar Prahlad Nagar,Oct-Dec 2018,"4,000 - 7,000","5,500",3,,,
Anand Nagar Prahlad Nagar,Jul-Sep 2018,"3,975 - 6,751","5,363",3.5,,,
,,,,,,,
Ashram Road,Oct-Dec 2024,"5,164 - 7,905","6,535",1,,,
Ashram Road,Jul-Sep 2024,"5,285 - 7,854","6,569",2,,,
Ashram Road,Apr-Jun 2024,"5,209 - 7,697","6,453",1,,,
Ashram Road,Jan-Mar 2024,"5,122 - 7,694","6,408",1,,,
Ashram Road,Oct-Dec 2023,"5,022 - 7,622","6,322",1,,,
Ashram Road,Jul-Sep 2023,"5,003 - 7,543","6,273",0.3,,,
Ashram Road,Apr-Jun 2023,"5,018 - 7,486","6,252",0.4,,,
Ashram Road,Jan-Mar 2023,"4,980 - 7,420","6,200",0.5,,,
Ashram Road,Oct-Dec 2022,"4,950 - 7,350","6,150",1,,,
Ashram Road,Jul-Sep 2022,"4,900 - 7,250","6,075",1.5,,,
Ashram Road,Apr-Jun 2022,"4,850 - 7,100","6,000",1.8,,,
Ashram Road,Jan-Mar 2022,"4,750 - 7,000","5,900",1.5,,,
Ashram Road,Oct-Dec 2021,"4,675 - 6,850","5,763",1,,,
Ashram Road,Jul-Sep 2021,"4,600 - 6,700","5,650",,,,
Ashram Road,Apr-Jun 2021,"4,550 - 6,600","5,575",-1,,,
Ashram Road,Jan-Mar 2021,"4,500 - 6,550","5,525",-1,,,
Ashram Road,Oct-Dec 2020,"4,475 - 6,500","5,487",-2,,,
Ashram Road,Jul-Sep 2020,"4,500 - 6,550","5,525",-3,,,
Ashram Road,Apr-Jun 2020,"4,550 - 6,600","5,575",-3,,,
Ashram Road,Jan-Mar 2020,"4,600 - 6,700","5,650",,,,
Ashram Road,Oct-Dec 2019,"4,575 - 6,675","5,625",2,,,
Ashram Road,Jul-Sep 2019,"4,500 - 6,600","5,550",2,,,
Ashram Road,Apr-Jun 2019,"4,400 - 6,500","5,450",1.5,,,
Ashram Road,Jan-Mar 2019,"4,275 - 6,350","5,313",2,,,
Ashram Road,Oct-Dec 2018,"4,150 - 6,200","5,175",2.5,,,
Ashram Road,Jul-Sep 2018,"4,000 - 6,000","5,000",3,,,
,,,,,,,
Balol Nagar Cross Road,Oct-Dec 2024,"4,182 - 6,979","5,580",1,,,
Balol Nagar Cross Road,Jul-Sep 2024,"4,125 - 6,850","5,488",2,,,
Balol Nagar Cross Road,Apr-Jun 2024,"4,050 - 6,750","5,400",1.5,,,
Balol Nagar Cross Road,Jan-Mar 2024,"4,000 - 6,700","5,350",1,,,
Balol Nagar Cross Road,Oct-Dec 2023,"3,975 - 6,650","5,300",1.5,,,
Balol Nagar Cross Road,Jul-Sep 2023,"3,900 - 6,550","5,225",1.8,,,
Balol Nagar Cross Road,Apr-Jun 2023,"3,800 - 6,450","5,100",1.2,,,
Balol Nagar Cross Road,Jan-Mar 2023,"3,750 - 6,400","5,040",1.5,,,
Balol Nagar Cross Road,Oct-Dec 2022,"3,700 - 6,350","4,965",1.8,,,
Balol Nagar Cross Road,Jul-Sep 2022,"3,650 - 6,250","4,875",2,,,
Balol Nagar Cross Road,Apr-Jun 2022,"3,600 - 6,200","4,800",2,,,
Balol Nagar Cross Road,Jan-Mar 2022,"3,500 - 6,100","4,700",1.5,,,
Balol Nagar Cross Road,Oct-Dec 2021,"3,450 - 6,000","4,675",1,,,
Balol Nagar Cross Road,Jul-Sep 2021,"3,400 - 5,900","4,650",0.5,,,
Balol Nagar Cross Road,Apr-Jun 2021,"3,375 - 5,875","4,625",-0.5,,,
Balol Nagar Cross Road,Jan-Mar 2021,"3,350 - 5,850","4,600",-1,,,
Balol Nagar Cross Road,Oct-Dec 2020,"3,325 - 5,800","4,575",-1.5,,,
Balol Nagar Cross Road,Jul-Sep 2020,"3,350 - 5,850","4,600",-2,,,
Balol Nagar Cross Road,Apr-Jun 2020,"3,400 - 5,900","4,675",-2,,,
Balol Nagar Cross Road,Jan-Mar 2020,"3,500 - 6,000","4,800",,,,
Balol Nagar Cross Road,Oct-Dec 2019,"3,450 - 5,950","4,775",1.5,,,
Balol Nagar Cross Road,Jul-Sep 2019,"3,400 - 5,900","4,725",2,,,
Balol Nagar Cross Road,Apr-Jun 2019,"3,300 - 5,800","4,650",2,,,
Balol Nagar Cross Road,Jan-Mar 2019,"3,200 - 5,700","4,500",2,,,
Balol Nagar Cross Road,Oct-Dec 2018,"3,100 - 5,600","4,400",2.5,,,
Balol Nagar Cross Road,Jul-Sep 2018,"3,000 - 5,500","4,250",3,,,
,,,,,,,
Bhadaj,Oct-Dec 2024,"4,671 - 6,763","5,717",0.2,,,
Bhadaj,Jul-Sep 2024,"4,735 - 6,724","5,730",2,,,
Bhadaj,Apr-Jun 2024,"4,573 - 6,629","5,601",1,,,
Bhadaj,Jan-Mar 2024,"4,568 - 6,744","5,656",2,,,
Bhadaj,Oct-Dec 2023,"4,520 - 6,619","5,569",3,,,
Bhadaj,Jul-Sep 2023,"4,274 - 6,489","5,382",4,,,
Bhadaj,Apr-Jun 2023,"4,294 - 6,009","5,152",5,,,
Bhadaj,Jan-Mar 2023,"4,323 - 5,509","4,916",6,,,
Bhadaj,Oct-Dec 2022,"3,963 - 5,310","4,636",1,,,
Bhadaj,Jul-Sep 2022,"3,820 - 5,400","4,610",2,,,
Bhadaj,Apr-Jun 2022,"3,775 - 5,250","4,450",2,,,
Bhadaj,Jan-Mar 2022,"3,700 - 5,125","4,325",2,,,
Bhadaj,Oct-Dec 2021,"3,600 - 5,000","4,150",1.5,,,
Bhadaj,Jul-Sep 2021,"3,550 - 4,900","4,075",1,,,
Bhadaj,Apr-Jun 2021,"3,500 - 4,850","4,000",,,,
Bhadaj,Jan-Mar 2021,"3,450 - 4,800","3,950",-0.5,,,
Bhadaj,Oct-Dec 2020,"3,400 - 4,750","3,925",-1,,,
Bhadaj,Jul-Sep 2020,"3,500 - 4,800","3,950",-1.5,,,
Bhadaj,Apr-Jun 2020,"3,600 - 4,850","4,000",-2,,,
Bhadaj,Jan-Mar 2020,"3,700 - 4,900","4,075",,,,
Bhadaj,Oct-Dec 2019,"3,600 - 4,850","4,025",1.5,,,
Bhadaj,Jul-Sep 2019,"3,500 - 4,800","3,950",2,,,
Bhadaj,Apr-Jun 2019,"3,400 - 4,700","3,850",2,,,
Bhadaj,Jan-Mar 2019,"3,300 - 4,600","3,750",2,,,
Bhadaj,Oct-Dec 2018,"3,200 - 4,500","3,650",2.5,,,
Bhadaj,Jul-Sep 2018,"3,100 - 4,400","3,550",3,,,
,,,,,,,
Bodakdev,Oct-Dec 2024,"6,874-10,128","8,501",0.3,,,
Bodakdev,Jul-Sep 2024,"6,879-10,172","8,525",2,,,
Bodakdev,Apr-Jun 2024,"6,671-10,070","8,370",1,,,
Bodakdev,Jan-Mar 2024,"6,512-10,015","8,263",0.4,,,
Bodakdev,Oct-Dec 2023,"6,517-10,081","8,299",3,,,
Bodakdev,Jul-Sep 2023,"6,244-9,833","8,038",1,,,
Bodakdev,Apr-Jun 2023,"6,122-9,731","7,926",2,,,
Bodakdev,Jan-Mar 2023,"6,038-9,497","7,768",1,,,
Bodakdev,Oct-Dec 2022,"6,083-9,561","7,822",2,,,
Bodakdev,Jul-Sep 2022,"5,940-9,406","7,673",3,,,
Bodakdev,Apr-Jun 2022,"5,720-9,203","7,461",1,,,
Bodakdev,Jan-Mar 2022,"5,633-9,133","7,383",2,,,
Bodakdev,Oct-Dec 2021,"5,690-9,454","7,572",4,,,
Bodakdev,Jul-Sep 2021,"5,494-9,071","7,282",6,,,
Bodakdev,Apr-Jun 2021,"5,329-8,390","6,860",0.3,,,
Bodakdev,Jan-Mar 2021,"5,385-8,289","6,837",,,,
Bodakdev,Oct-Dec 2020,"5,309-8,374","6,842",2,,,
Bodakdev,Jul-Sep 2020,"5,226-8,252","6,739",1,,,
Bodakdev,Apr-Jun 2020,"5,150-8,219","6,685",2,,,
Bodakdev,Jan-Mar 2020,"5,104-8,500","6,802",4,,,
Bodakdev,Oct-Dec 2019,"5,001-8,055","6,528",4,,,
Bodakdev,Jul-Sep 2019,"4,846-7,675","6,261",0.2,,,
Bodakdev,Apr-Jun 2019,"4,864-7,631","6,247",1,,,
Bodakdev,Jan-Mar 2019,"4,804-7,595","6,199",2,,,
Bodakdev,Oct-Dec 2018,"4,733-7,454","6,093",3,,,
Bodakdev,Jul-Sep 2018,"4,588-7,234","5,911",1,,,
,,,,,,,
Bopal,Oct-Dec 2024,"3,962-6,092","5,027",2,,,
Bopal,Jul-Sep 2024,"3,865-5,948","4,907",0.3,,,
Bopal,Apr-Jun 2024,"3,843-5,944","4,893",0.3,,,
Bopal,Jan-Mar 2024,"3,858-5,959","4,909",1,,,
Bopal,Oct-Dec 2023,"3,839-5,906","4,873",1,,,
Bopal,Jul-Sep 2023,"3,818-5,824","4,821",2,,,
Bopal,Apr-Jun 2023,"3,730-5,709","4,720",1,,,
Bopal,Jan-Mar 2023,"3,675-5,710","4,693",1,,,
Bopal,Oct-Dec 2022,"3,673-5,633","4,653",0.3,,,
Bopal,Jul-Sep 2022,"3,597-5,683","4,640",3,,,
Bopal,Apr-Jun 2022,"3,554-5,447","4,501",2,,,
Bopal,Jan-Mar 2022,"3,419-5,394","4,407",0.3,,,
Bopal,Oct-Dec 2021,"3,433-5,409","4,421",1,,,
Bopal,Jul-Sep 2021,"3,396-5,399","4,398",2,,,
Bopal,Apr-Jun 2021,"3,350-5,296","4,323",2,,,
Bopal,Jan-Mar 2021,"3,281-5,223","4,252",0.4,,,
Bopal,Oct-Dec 2020,"3,295-5,172","4,233",1,,,
Bopal,Jul-Sep 2020,"3,233-5,128","4,181",1,,,
Bopal,Apr-Jun 2020,"3,235-5,061","4,148",1,,,
Bopal,Jan-Mar 2020,"3,268-5,136","4,202",1,,,
Bopal,Oct-Dec 2019,"3,267-5,067","4,167",0.3,,,
Bopal,Jul-Sep 2019,"3,291-5,066","4,178",1,,,
Bopal,Apr-Jun 2019,"3,295-4,972","4,134",2,,,
Bopal,Jan-Mar 2019,"3,201-4,909","4,055",2,,,
Bopal,Oct-Dec 2018,"3,104-4,827","3,965",,,,
Bopal,Jul-Sep 2018,"3,145-4,783","3,964",2,,,
,,,,,,,
Bopal Ghuma Road,Oct-Dec 2024,"3,841 - 5,881","4,861",1,,,
Bopal Ghuma Road,Jul-Sep 2024,"3,794 - 5,791","4,792",1,,,
Bopal Ghuma Road,Apr-Jun 2024,"3,753 - 5,740","4,746",,,,
Bopal Ghuma Road,Jan-Mar 2024,"3,738 - 5,745","4,742",1,,,
Bopal Ghuma Road,Oct-Dec 2023,"3,728 - 5,706","4,717",0.5,,,
Bopal Ghuma Road,Jul-Sep 2023,"3,690 - 5,685","4,688",1,,,
Bopal Ghuma Road,Apr-Jun 2023,"3,650 - 5,650","4,650",1.5,,,
Bopal Ghuma Road,Jan-Mar 2023,"3,600 - 5,600","4,600",2,,,
Bopal Ghuma Road,Oct-Dec 2022,"3,550 - 5,550","4,550",2,,,
Bopal Ghuma Road,Jul-Sep 2022,"3,500 - 5,500","4,500",1.5,,,
Bopal Ghuma Road,Apr-Jun 2022,"3,450 - 5,450","4,450",1.5,,,
Bopal Ghuma Road,Jan-Mar 2022,"3,400 - 5,400","4,400",1,,,
Bopal Ghuma Road,Oct-Dec 2021,"3,350 - 5,350","4,350",0.5,,,
Bopal Ghuma Road,Jul-Sep 2021,"3,325 - 5,325","4,325",,,,
Bopal Ghuma Road,Apr-Jun 2021,"3,300 - 5,300","4,300",,,,
Bopal Ghuma Road,Jan-Mar 2021,"3,275 - 5,275","4,275",-0.5,,,
Bopal Ghuma Road,Oct-Dec 2020,"3,250 - 5,250","4,250",-1,,,
Bopal Ghuma Road,Jul-Sep 2020,"3,275 - 5,275","4,275",-1.5,,,
Bopal Ghuma Road,Apr-Jun 2020,"3,300 - 5,300","4,300",-2,,,
Bopal Ghuma Road,Jan-Mar 2020,"3,350 - 5,350","4,350",,,,
Bopal Ghuma Road,Oct-Dec 2019,"3,300 - 5,300","4,300",1.5,,,
Bopal Ghuma Road,Jul-Sep 2019,"3,250 - 5,250","4,250",2,,,
Bopal Ghuma Road,Apr-Jun 2019,"3,200 - 5,200","4,200",2,,,
Bopal Ghuma Road,Jan-Mar 2019,"3,150 - 5,150","4,150",2,,,
Bopal Ghuma Road,Oct-Dec 2018,"3,100 - 5,100","4,100",2.5,,,
Bopal Ghuma Road,Jul-Sep 2018,"3,050 - 5,050","4,050",3,,,
,,,,,,,
Bopal Road,Oct-Dec 2024,"3,938 - 6,045","4,991",3,,,
Bopal Road,Jul-Sep 2024,"3,842 - 5,878","4,860",0.2,,,
Bopal Road,Apr-Jun 2024,"3,823 - 5,873","4,848",0.1,,,
Bopal Road,Jan-Mar 2024,"3,835 - 5,848","4,841",,,,
Bopal Road,Oct-Dec 2023,"3,800 - 5,820","4,830",0.5,,,
Bopal Road,Jul-Sep 2023,"3,775 - 5,800","4,805",1,,,
Bopal Road,Apr-Jun 2023,"3,750 - 5,780","4,780",1,,,
Bopal Road,Jan-Mar 2023,"3,725 - 5,750","4,750",1.5,,,
Bopal Road,Oct-Dec 2022,"3,700 - 5,725","4,725",2,,,
Bopal Road,Jul-Sep 2022,"3,675 - 5,700","4,700",2,,,
Bopal Road,Apr-Jun 2022,"3,650 - 5,675","4,675",2,,,
Bopal Road,Jan-Mar 2022,"3,625 - 5,650","4,650",1.5,,,
Bopal Road,Oct-Dec 2021,"3,600 - 5,625","4,625",1,,,
Bopal Road,Jul-Sep 2021,"3,575 - 5,600","4,600",0.5,,,
Bopal Road,Apr-Jun 2021,"3,550 - 5,575","4,575",,,,
Bopal Road,Jan-Mar 2021,"3,525 - 5,550","4,550",-0.5,,,
Bopal Road,Oct-Dec 2020,"3,500 - 5,525","4,525",-1,,,
Bopal Road,Jul-Sep 2020,"3,525 - 5,550","4,550",-1.5,,,
Bopal Road,Apr-Jun 2020,"3,550 - 5,575","4,575",-2,,,
Bopal Road,Jan-Mar 2020,"3,575 - 5,600","4,600",,,,
Bopal Road,Oct-Dec 2019,"3,550 - 5,575","4,575",1.5,,,
Bopal Road,Jul-Sep 2019,"3,525 - 5,550","4,550",2,,,
Bopal Road,Apr-Jun 2019,"3,500 - 5,525","4,525",2,,,
Bopal Road,Jan-Mar 2019,"3,475 - 5,500","4,500",2,,,
Bopal Road,Oct-Dec 2018,"3,450 - 5,475","4,475",2.5,,,
Bopal Road,Jul-Sep 2018,"3,400 - 5,400","4,400",3,,,
,,,,,,,
Chanakyapuri,Oct-Dec 2024,"4,357-6,214","5,286",0.4,,,
Chanakyapuri,Jul-Sep 2024,"4,300-6,315","5,307",3,,,
Chanakyapuri,Apr-Jun 2024,"4,127-6,167","5,147",0.4,,,
Chanakyapuri,Jan-Mar 2024,"4,133-6,119","5,126",,,,
Chanakyapuri,Oct-Dec 2023,"4,068-6,187","5,128",3,,,
Chanakyapuri,Jul-Sep 2023,"3,898-6,101","5,000",17,,,
Chanakyapuri,Apr-Jun 2023,"3,490-5,047","4,268",3,,,
Chanakyapuri,Jan-Mar 2023,"3,349-4,962","4,155",1,,,
Chanakyapuri,Oct-Dec 2022,"3,313-4,955","4,134",,,,
Chanakyapuri,Jul-Sep 2022,"3,250-5,013","4,131",3,,,
Chanakyapuri,Apr-Jun 2022,"3,204-4,789","3,996",0.3,,,
Chanakyapuri,Jan-Mar 2022,"3,291-4,722","4,007",1,,,
Chanakyapuri,Oct-Dec 2021,"3,253-4,812","4,033",3,,,
Chanakyapuri,Jul-Sep 2021,"3,114-4,738","3,926",2,,,
Chanakyapuri,Apr-Jun 2021,"3,061-4,669","3,865",5,,,
Chanakyapuri,Jan-Mar 2021,"3,205-4,965","4,085",3,,,
Chanakyapuri,Oct-Dec 2020,"3,360-5,102","4,231",2,,,
Chanakyapuri,Jul-Sep 2020,"3,239-5,028","4,134",3,,,
Chanakyapuri,Apr-Jun 2020,"3,157-4,904","4,030",3,,,
Chanakyapuri,Jan-Mar 2020,"3,212-5,086","4,149",,,,
Chanakyapuri,Oct-Dec 2019,"3,180-5,110","4,145",2,,,
Chanakyapuri,Jul-Sep 2019,"3,209-4,912","4,061",5,,,
Chanakyapuri,Apr-Jun 2019,"3,087-4,669","3,878",6,,,
Chanakyapuri,Jan-Mar 2019,"2,823-4,477","3,650",6,,,
Chanakyapuri,Oct-Dec 2018,"3,008-4,735","3,872",4,,,
Chanakyapuri,Jul-Sep 2018,"2,904-4,565","3,735",4,,,
,,,,,,,
Chandkheda,Oct-Dec 2024,"3,742-5,290","4,516",0.3,,,
Chandkheda,Jul-Sep 2024,"3,691-5,365","4,528",2,,,
Chandkheda,Apr-Jun 2024,"3,581-5,335","4,458",3,,,
Chandkheda,Jan-Mar 2024,"3,448-5,187","4,318",1,,,
Chandkheda,Oct-Dec 2023,"3,480-5,070","4,275",5,,,
Chandkheda,Jul-Sep 2023,"3,307-4,870","4,088",1,,,
Chandkheda,Apr-Jun 2023,"3,288-4,836","4,062",2,,,
Chandkheda,Jan-Mar 2023,"3,262-4,696","3,979",2,,,
Chandkheda,Oct-Dec 2022,"3,141-4,633","3,887",2,,,
Chandkheda,Jul-Sep 2022,"3,091-4,499","3,795",1,,,
Chandkheda,Apr-Jun 2022,"3,024-4,469","3,747",2,,,
Chandkheda,Jan-Mar 2022,"2,918-4,420","3,669",1,,,
Chandkheda,Oct-Dec 2021,"2,912-4,336","3,624",1,,,
Chandkheda,Jul-Sep 2021,"2,921-4,259","3,590",2,,,
Chandkheda,Apr-Jun 2021,"2,895-4,176","3,535",1,,,
Chandkheda,Jan-Mar 2021,"2,886-4,104","3,495",0.4,,,
Chandkheda,Oct-Dec 2020,"2,877-4,084","3,480",1,,,
Chandkheda,Jul-Sep 2020,"2,866-4,023","3,445",1,,,
Chandkheda,Apr-Jun 2020,"2,844-4,006","3,425",1,,,
Chandkheda,Jan-Mar 2020,"2,826-3,985","3,406",1,,,
Chandkheda,Oct-Dec 2019,"2,832-3,911","3,372",1,,,
Chandkheda,Jul-Sep 2019,"2,705-3,942","3,324",2,,,
Chandkheda,Apr-Jun 2019,"2,669-3,821","3,245",4,,,
Chandkheda,Jan-Mar 2019,"2,523-3,707","3,115",1,,,
Chandkheda,Oct-Dec 2018,"2,536-3,739","3,138",1,,,
Chandkheda,Jul-Sep 2018,"2,513-3,680","3,096",4,,,
,,,,,,,
Chandlodiya,Oct-Dec 2024,"3,240-4,751","3,996",1,,,
Chandlodiya,Jul-Sep 2024,"3,607-5,322","4,464",4,,,
Chandlodiya,Apr-Jun 2024,"3,517-5,083","4,300",1,,,
Chandlodiya,Jan-Mar 2024,"3,576-5,087","4,332",4,,,
Chandlodiya,Oct-Dec 2023,"3,322-5,002","4,162",1,,,
Chandlodiya,Jul-Sep 2023,"3,437-5,011","4,224",2,,,
Chandlodiya,Apr-Jun 2023,"3,472-4,815","4,144",3,,,
Chandlodiya,Jan-Mar 2023,"3,282-4,758","4,020",1,,,
Chandlodiya,Oct-Dec 2022,"3,253-4,689","3,971",2,,,
Chandlodiya,Jul-Sep 2022,"3,189-4,608","3,899",1,,,
Chandlodiya,Apr-Jun 2022,"3,160-4,568","3,864",0.3,,,
Chandlodiya,Jan-Mar 2022,"3,267-4,481","3,874",1,,,
Chandlodiya,Oct-Dec 2021,"3,194-4,594","3,894",5,,,
Chandlodiya,Jul-Sep 2021,"3,012-4,425","3,719",0.2,,,
Chandlodiya,Apr-Jun 2021,"2,981-4,471","3,726",2,,,
Chandlodiya,Jan-Mar 2021,"3,017-4,312","3,665",2,,,
Chandlodiya,Oct-Dec 2020,"2,963-4,257","3,610",4,,,
Chandlodiya,Jul-Sep 2020,"2,717-4,218","3,468",3,,,
Chandlodiya,Apr-Jun 2020,"2,865-4,281","3,573",3,,,
Chandlodiya,Jan-Mar 2020,"2,858-4,104","3,481",3,,,
Chandlodiya,Oct-Dec 2019,"2,932-4,275","3,603",3,,,
Chandlodiya,Jul-Sep 2019,"3,023-4,412","3,718",-,,,
Chandlodiya,Apr-Jun 2019,"2,990-4,451","3,721",1,,,
Chandlodiya,Jan-Mar 2019,"2,702-4,077","3,390",1,,,
Chandlodiya,Oct-Dec 2018,"2,668-4,020","3,344",5,,,
Chandlodiya,Jul-Sep 2018,"2,610-3,755","3,182",,,,
,,,,,,,
Chandlodiya Road,Oct-Dec 2024,"4,255 - 6,180","5,218",0.4,,,
Chandlodiya Road,Jul-Sep 2024,"4,208 - 6,189","5,199",3,,,
Chandlodiya Road,Apr-Jun 2024,"4,146 - 5,987","5,067",2,,,
Chandlodiya Road,Jan-Mar 2024,"4,046 - 5,849","4,948",0.2,,,
Chandlodiya Road,Oct-Dec 2023,"4,015 - 5,864","4,939",0.5,,,
Chandlodiya Road,Jul-Sep 2023,"3,990 - 5,850","4,915",1,,,
Chandlodiya Road,Apr-Jun 2023,"3,965 - 5,825","4,890",1.5,,,
Chandlodiya Road,Jan-Mar 2023,"3,940 - 5,800","4,865",2,,,
Chandlodiya Road,Oct-Dec 2022,"3,900 - 5,750","4,825",2,,,
Chandlodiya Road,Jul-Sep 2022,"3,860 - 5,700","4,780",2.5,,,
Chandlodiya Road,Apr-Jun 2022,"3,825 - 5,650","4,735",2.5,,,
Chandlodiya Road,Jan-Mar 2022,"3,790 - 5,600","4,690",2,,,
Chandlodiya Road,Oct-Dec 2021,"3,750 - 5,550","4,645",1,,,
Chandlodiya Road,Jul-Sep 2021,"3,725 - 5,500","4,610",0.5,,,
Chandlodiya Road,Apr-Jun 2021,"3,700 - 5,450","4,575",,,,
Chandlodiya Road,Jan-Mar 2021,"3,675 - 5,400","4,540",-1,,,
Chandlodiya Road,Oct-Dec 2020,"3,650 - 5,350","4,495",-1.5,,,
Chandlodiya Road,Jul-Sep 2020,"3,675 - 5,400","4,540",-2,,,
Chandlodiya Road,Apr-Jun 2020,"3,700 - 5,450","4,575",-2,,,
Chandlodiya Road,Jan-Mar 2020,"3,725 - 5,500","4,610",,,,
Chandlodiya Road,Oct-Dec 2019,"3,700 - 5,450","4,575",1.5,,,
Chandlodiya Road,Jul-Sep 2019,"3,675 - 5,400","4,540",2,,,
Chandlodiya Road,Apr-Jun 2019,"3,650 - 5,350","4,495",2,,,
Chandlodiya Road,Jan-Mar 2019,"3,625 - 5,300","4,450",2.5,,,
Chandlodiya Road,Oct-Dec 2018,"3,600 - 5,250","4,425",3,,,
Chandlodiya Road,Jul-Sep 2018,"3,550 - 5,200","4,375",3,,,
,,,,,,,
Chenpur Road,Oct-Dec 2024,"4,573 - 7,570","6,071",1,,,
Chenpur Road,Jul-Sep 2024,"4,658 - 7,662","6,160",1,,,
Chenpur Road,Apr-Jun 2024,"4,667 - 7,587","6,127",3,,,
Chenpur Road,Jan-Mar 2024,"4,469 - 7,485","5,977",3,,,
Chenpur Road,Oct-Dec 2023,"4,322 - 7,294","5,808",7,,,
Chenpur Road,Jul-Sep 2023,"4,973 - 7,508","6,241",0.4,,,
Chenpur Road,Apr-Jun 2023,"5,067 - 7,470","6,268",0.5,,,
Chenpur Road,Jan-Mar 2023,"5,045 - 7,450","6,237",0.3,,,
Chenpur Road,Oct-Dec 2022,"5,025 - 7,400","6,218",0.5,,,
Chenpur Road,Jul-Sep 2022,"5,000 - 7,350","6,190",1,,,
Chenpur Road,Apr-Jun 2022,"4,950 - 7,280","6,115",2,,,
Chenpur Road,Jan-Mar 2022,"4,900 - 7,200","6,050",2,,,
Chenpur Road,Oct-Dec 2021,"4,850 - 7,150","6,000",1,,,
Chenpur Road,Jul-Sep 2021,"4,820 - 7,100","5,960",0.5,,,
Chenpur Road,Apr-Jun 2021,"4,800 - 7,050","5,920",,,,
Chenpur Road,Jan-Mar 2021,"4,750 - 7,000","5,870",-1,,,
Chenpur Road,Oct-Dec 2020,"4,700 - 6,950","5,825",-1.5,,,
Chenpur Road,Jul-Sep 2020,"4,720 - 6,980","5,850",-2,,,
Chenpur Road,Apr-Jun 2020,"4,750 - 7,000","5,875",-2,,,
Chenpur Road,Jan-Mar 2020,"4,800 - 7,050","5,920",,,,
Chenpur Road,Oct-Dec 2019,"4,750 - 7,000","5,875",1.5,,,
Chenpur Road,Jul-Sep 2019,"4,720 - 6,950","5,825",2,,,
Chenpur Road,Apr-Jun 2019,"4,690 - 6,900","5,775",2,,,
Chenpur Road,Jan-Mar 2019,"4,660 - 6,850","5,725",2.5,,,
Chenpur Road,Oct-Dec 2018,"4,630 - 6,800","5,680",3,,,
Chenpur Road,Jul-Sep 2018,"4,600 - 6,750","5,640",3,,,
,,,,,,,
Chharodi,Oct-Dec 2024,"4,466 - 5,745","5,105",1,,,
Chharodi,Jul-Sep 2024,"4,421 - 5,666","5,044",1,,,
Chharodi,Apr-Jun 2024,"4,390 - 5,554","4,972",3,,,
Chharodi,Jan-Mar 2024,"4,298 - 5,396","4,847",-,,,
Chharodi,Oct-Dec 2023,"4,239 - 5,462","4,850",2,,,
Chharodi,Jul-Sep 2023,"4,204 - 5,315","4,760",2,,,
Chharodi,Apr-Jun 2023,"4,074 - 5,287","4,680",3,,,
Chharodi,Jan-Mar 2023,"3,952 - 5,158","4,555",0.3,,,
Chharodi,Oct-Dec 2022,"3,986 - 5,152","4,569",2,,,
Chharodi,Jul-Sep 2022,"4,003 - 4,993","4,498",0.3,,,
Chharodi,Apr-Jun 2022,"3,907 - 5,066","4,486",5,,,
Chharodi,Jan-Mar 2022,"3,818 - 4,762","4,290",3,,,
Chharodi,Oct-Dec 2021,"3,705 - 4,615","4,160",1.5,,,
Chharodi,Jul-Sep 2021,"3,630 - 4,500","4,065",1,,,
Chharodi,Apr-Jun 2021,"3,600 - 4,450","4,025",0.5,,,
Chharodi,Jan-Mar 2021,"3,570 - 4,400","3,985",-0.5,,,
Chharodi,Oct-Dec 2020,"3,550 - 4,370","3,965",-1,,,
Chharodi,Jul-Sep 2020,"3,530 - 4,350","3,940",-1.5,,,
Chharodi,Apr-Jun 2020,"3,500 - 4,320","3,910",-2,,,
Chharodi,Jan-Mar 2020,"3,520 - 4,350","3,935",,,,
Chharodi,Oct-Dec 2019,"3,500 - 4,330","3,915",1.5,,,
Chharodi,Jul-Sep 2019,"3,480 - 4,300","3,890",2,,,
Chharodi,Apr-Jun 2019,"3,450 - 4,270","3,860",2,,,
Chharodi,Jan-Mar 2019,"3,420 - 4,240","3,830",2.5,,,
Chharodi,Oct-Dec 2018,"3,390 - 4,210","3,800",3,,,
Chharodi,Jul-Sep 2018,"3,360 - 4,180","3,770",3,,,
,,,,,,,
Chimanlal Girdharlal Road,Oct-Dec 2024,"5,048 - 8,900","6,974",2,,,
Chimanlal Girdharlal Road,Jul-Sep 2024,"5,390 - 8,341","6,866",2,,,
Chimanlal Girdharlal Road,Apr-Jun 2024,"5,341 - 8,621","6,981",1,,,
Chimanlal Girdharlal Road,Jan-Mar 2024,"5,350 - 8,461","6,906",0.4,,,
Chimanlal Girdharlal Road,Oct-Dec 2023,"5,491 - 8,381","6,936",-,,,
Chimanlal Girdharlal Road,Jul-Sep 2023,"5,444 - 8,424","6,934",2,,,
Chimanlal Girdharlal Road,Apr-Jun 2023,"5,379 - 8,199","6,789",-,,,
Chimanlal Girdharlal Road,Jan-Mar 2023,"5,280 - 8,100","6,690",1.5,,,
Chimanlal Girdharlal Road,Oct-Dec 2022,"5,202 - 8,020","6,590",1,,,
Chimanlal Girdharlal Road,Jul-Sep 2022,"5,150 - 8,456","6,803",-,,,
Chimanlal Girdharlal Road,Apr-Jun 2022,"5,100 - 8,200","6,650",1.5,,,
Chimanlal Girdharlal Road,Jan-Mar 2022,"5,050 - 8,100","6,550",1.5,,,
Chimanlal Girdharlal Road,Oct-Dec 2021,"5,000 - 8,000","6,450",1,,,
Chimanlal Girdharlal Road,Jul-Sep 2021,"4,950 - 7,950","6,400",0.5,,,
Chimanlal Girdharlal Road,Apr-Jun 2021,"4,900 - 7,900","6,350",0.5,,,
Chimanlal Girdharlal Road,Jan-Mar 2021,"4,880 - 7,850","6,310",-0.5,,,
Chimanlal Girdharlal Road,Oct-Dec 2020,"4,870 - 7,820","6,280",-1,,,
Chimanlal Girdharlal Road,Jul-Sep 2020,"4,860 - 7,800","6,250",-1.5,,,
Chimanlal Girdharlal Road,Apr-Jun 2020,"4,850 - 7,770","6,220",-2,,,
Chimanlal Girdharlal Road,Jan-Mar 2020,"4,900 - 7,800","6,250",,,,
Chimanlal Girdharlal Road,Oct-Dec 2019,"4,880 - 7,780","6,230",1.5,,,
Chimanlal Girdharlal Road,Jul-Sep 2019,"4,860 - 7,750","6,200",2,,,
Chimanlal Girdharlal Road,Apr-Jun 2019,"4,820 - 7,700","6,150",2,,,
Chimanlal Girdharlal Road,Jan-Mar 2019,"4,780 - 7,650","6,100",2.5,,,
Chimanlal Girdharlal Road,Oct-Dec 2018,"4,740 - 7,600","6,050",3,,,
Chimanlal Girdharlal Road,Jul-Sep 2018,"4,700 - 7,550","6,000",3,,,
,,,,,,,
Corporate Road,Oct-Dec 2024,"6,032 - 9,371","7,701",1,,,
Corporate Road,Jul-Sep 2024,"6,059 - 9,187","7,623",3,,,
Corporate Road,Apr-Jun 2024,"5,876 - 8,987","7,432",1,,,
Corporate Road,Jan-Mar 2024,"5,832 - 8,940","7,386",4,,,
Corporate Road,Oct-Dec 2023,"5,504 - 8,662","7,083",0.2,,,
Corporate Road,Jul-Sep 2023,"5,335 - 8,803","7,069",3,,,
Corporate Road,Apr-Jun 2023,"5,340 - 8,342","6,841",2,,,
Corporate Road,Jan-Mar 2023,"5,536 - 8,383","6,959",3,,,
Corporate Road,Oct-Dec 2022,"5,688 - 8,648","7,168",1,,,
Corporate Road,Jul-Sep 2022,"5,585 - 8,932","7,259",8,,,
Corporate Road,Apr-Jun 2022,"5,149 - 8,325","6,737",2,,,
Corporate Road,Jan-Mar 2022,"4,954 - 8,310","6,632",6,,,
Corporate Road,Oct-Dec 2021,"4,718 - 7,823","6,270",5,,,
Corporate Road,Jul-Sep 2021,"4,626 - 7,274","5,950",3,,,
Corporate Road,Apr-Jun 2021,"4,500 - 7,100","5,800",1,,,
Corporate Road,Jan-Mar 2021,"4,450 - 7,000","5,750",,,,
Corporate Road,Oct-Dec 2020,"4,400 - 6,950","5,700",-2,,,
Corporate Road,Jul-Sep 2020,"4,350 - 6,900","5,650",-2,,,
Corporate Road,Apr-Jun 2020,"4,300 - 6,850","5,600",-2,,,
Corporate Road,Jan-Mar 2020,"4,400 - 7,000","5,700",,,,
Corporate Road,Oct-Dec 2019,"4,350 - 6,950","5,650",1,,,
Corporate Road,Jul-Sep 2019,"4,300 - 6,900","5,600",1.5,,,
Corporate Road,Apr-Jun 2019,"4,250 - 6,850","5,550",1.5,,,
Corporate Road,Jan-Mar 2019,"4,200 - 6,800","5,500",2,,,
Corporate Road,Oct-Dec 2018,"4,150 - 6,750","5,450",2.5,,,
Corporate Road,Jul-Sep 2018,"4,100 - 6,700","5,400",2.5,,,
,,,,,,,
Daskroi,Oct-Dec 2024,"4,027 - 5,357","4,692",2,,,
Daskroi,Jul-Sep 2024,"3,949 - 5,250","4,600",2,,,
Daskroi,Apr-Jun 2024,"3,872 - 5,140","4,509",2,,,
Daskroi,Jan-Mar 2024,"3,800 - 5,020","4,417",3,,,
Daskroi,Oct-Dec 2023,"3,690 - 4,900","4,290",3,,,
Daskroi,Jul-Sep 2023,"3,620 - 4,830","4,225",2,,,
Daskroi,Apr-Jun 2023,"3,550 - 4,750","4,150",2,,,
Daskroi,Jan-Mar 2023,"3,480 - 4,650","4,065",3,,,
Daskroi,Oct-Dec 2022,"3,400 - 4,520","3,980",4,,,
Daskroi,Jul-Sep 2022,"3,300 - 4,400","3,835",5,,,
Daskroi,Apr-Jun 2022,"3,200 - 4,300","3,650",5,,,
Daskroi,Jan-Mar 2022,"3,050 - 4,100","3,480",4,,,
Daskroi,Oct-Dec 2021,"2,920 - 4,000","3,350",3,,,
Daskroi,Jul-Sep 2021,"2,850 - 3,900","3,260",1,,,
Daskroi,Apr-Jun 2021,"2,820 - 3,860","3,220",,,,
Daskroi,Jan-Mar 2021,"2,800 - 3,850","3,200",,,,
Daskroi,Oct-Dec 2020,"2,750 - 3,800","3,150",-1,,,
Daskroi,Jul-Sep 2020,"2,700 - 3,750","3,100",-2,,,
Daskroi,Apr-Jun 2020,"2,650 - 3,700","3,050",-2,,,
Daskroi,Jan-Mar 2020,"2,700 - 3,750","3,100",,,,
Daskroi,Oct-Dec 2019,"2,650 - 3,700","3,050",1,,,
Daskroi,Jul-Sep 2019,"2,600 - 3,650","3,000",1.5,,,
Daskroi,Apr-Jun 2019,"2,550 - 3,600","2,950",1.5,,,
Daskroi,Jan-Mar 2019,"2,500 - 3,550","2,900",2,,,
Daskroi,Oct-Dec 2018,"2,450 - 3,500","2,850",2.5,,,
Daskroi,Jul-Sep 2018,"2,400 - 3,450","2,800",2.5,,,
,,,,,,,
Daxini Society,Oct-Dec 2024,"4,178 - 6,521","5,349",4,,,
Daxini Society,Jul-Sep 2024,"3,861 - 6,457","5,159",4,,,
Daxini Society,Apr-Jun 2024,"3,723 - 6,390","5,050",3,,,
Daxini Society,Jan-Mar 2024,"3,848 - 6,219","5,034",1,,,
Daxini Society,Oct-Dec 2023,"3,874 - 6,060","4,967",0.1,,,
Daxini Society,Jul-Sep 2023,"3,739 - 6,186","4,962",3,,,
Daxini Society,Apr-Jun 2023,"3,585 - 6,089","4,837",2.5,,,
Daxini Society,Jan-Mar 2023,"3,500 - 6,010","4,720",2.5,,,
Daxini Society,Oct-Dec 2022,"3,420 - 5,890","4,600",2,,,
Daxini Society,Jul-Sep 2022,"3,350 - 5,780","4,510",2,,,
Daxini Society,Apr-Jun 2022,"3,280 - 5,700","4,420",3,,,
Daxini Society,Jan-Mar 2022,"3,200 - 5,560","4,290",3,,,
Daxini Society,Oct-Dec 2021,"3,100 - 5,420","4,170",3,,,
Daxini Society,Jul-Sep 2021,"3,020 - 5,320","4,060",2,,,
Daxini Society,Apr-Jun 2021,"2,960 - 5,250","3,980",1,,,
Daxini Society,Jan-Mar 2021,"2,920 - 5,200","3,920",,,,
Daxini Society,Oct-Dec 2020,"2,900 - 5,180","3,900",,,,
Daxini Society,Jul-Sep 2020,"2,870 - 5,150","3,870",-1,,,
Daxini Society,Apr-Jun 2020,"2,850 - 5,120","3,850",-2,,,
Daxini Society,Jan-Mar 2020,"2,880 - 5,140","3,870",,,,
Daxini Society,Oct-Dec 2019,"2,860 - 5,120","3,850",1,,,
Daxini Society,Jul-Sep 2019,"2,830 - 5,090","3,830",1.5,,,
Daxini Society,Apr-Jun 2019,"2,800 - 5,050","3,800",1.5,,,
Daxini Society,Jan-Mar 2019,"2,770 - 5,000","3,750",2,,,
Daxini Society,Oct-Dec 2018,"2,720 - 4,960","3,700",2.5,,,
Daxini Society,Jul-Sep 2018,"2,680 - 4,920","3,650",2.5,,,
,,,,,,,
Dev Kutir 1,Oct-Dec 2024,"6,736 - 10,835","8,785",2,,,
Dev Kutir 1,Jul-Sep 2024,"6,886 - 10,258","8,572",2,,,
Dev Kutir 1,Apr-Jun 2024,"7,026 - 9,774","8,400",0.1,,,
Dev Kutir 1,Jan-Mar 2024,"6,924 - 9,899","8,411",3,,,
Dev Kutir 1,Oct-Dec 2023,"6,546 - 9,856","8,201",4,,,
Dev Kutir 1,Jul-Sep 2023,"6,087 - 9,631","7,859",3,,,
Dev Kutir 1,Apr-Jun 2023,"5,976 - 10,147","8,062",1,,,
Dev Kutir 1,Jan-Mar 2023,"6,374 - 9,988","8,181",7,,,
Dev Kutir 1,Oct-Dec 2022,"5,800 - 9,555","7,678",5,,,
Dev Kutir 1,Jul-Sep 2022,"5,500 - 9,300","7,400",5,,,
Dev Kutir 1,Apr-Jun 2022,"5,280 - 9,050","7,120",4,,,
Dev Kutir 1,Jan-Mar 2022,"5,100 - 8,760","6,850",3,,,
Dev Kutir 1,Oct-Dec 2021,"4,950 - 8,500","6,600",3,,,
Dev Kutir 1,Jul-Sep 2021,"4,800 - 8,200","6,350",2,,,
Dev Kutir 1,Apr-Jun 2021,"4,650 - 7,950","6,100",1,,,
Dev Kutir 1,Jan-Mar 2021,"4,580 - 7,800","5,990",,,,
Dev Kutir 1,Oct-Dec 2020,"4,560 - 7,750","5,960",,,,
Dev Kutir 1,Jul-Sep 2020,"4,530 - 7,700","5,930",-1,,,
Dev Kutir 1,Apr-Jun 2020,"4,500 - 7,650","5,900",-2,,,
Dev Kutir 1,Jan-Mar 2020,"4,520 - 7,670","5,920",,,,
Dev Kutir 1,Oct-Dec 2019,"4,500 - 7,650","5,900",1,,,
Dev Kutir 1,Jul-Sep 2019,"4,470 - 7,620","5,870",1.5,,,
Dev Kutir 1,Apr-Jun 2019,"4,450 - 7,600","5,850",1.5,,,
Dev Kutir 1,Jan-Mar 2019,"4,420 - 7,560","5,820",2,,,
Dev Kutir 1,Oct-Dec 2018,"4,380 - 7,500","5,750",2.5,,,
Dev Kutir 1,Jul-Sep 2018,"4,350 - 7,460","5,700",2.5,,,
,,,,,,,
Devnagar,Oct-Dec 2024,"4,369-6,155","5,262",1,,,
Devnagar,Jul-Sep 2024,"4,278-6,187","5,233",2,,,
Devnagar,Apr-Jun 2024,"4,228-6,070","5,149",3,,,
Devnagar,Jan-Mar 2024,"4,236-5,769","5,003",2,,,
Devnagar,Oct-Dec 2023,"4,116-5,739","4,928",0.4,,,
Devnagar,Jul-Sep 2023,"4,027-5,789","4,908",2,,,
Devnagar,Apr-Jun 2023,"4,011-5,612","4,811",1,,,
Devnagar,Jan-Mar 2023,"3,982-5,551","4,766",2,,,
Devnagar,Oct-Dec 2022,"3,824-5,520","4,672",,,,
Devnagar,Jul-Sep 2022,"3,866-5,480","4,673",2,,,
Devnagar,Apr-Jun 2022,"3,778-5,408","4,593",2,,,
Devnagar,Jan-Mar 2022,"3,697-5,339","4,518",3,,,
Devnagar,Oct-Dec 2021,"3,566-5,216","4,391",4,,,
Devnagar,Jul-Sep 2021,"3,609-4,840","4,224",4,,,
Devnagar,Apr-Jun 2021,"3,706-5,087","4,397",2,,,
Devnagar,Jan-Mar 2021,"3,764-4,878","4,321",3,,,
Devnagar,Oct-Dec 2020,"3,697-4,683","4,190",2,,,
Devnagar,Jul-Sep 2020,"3,679-4,538","4,108",2,,,
Devnagar,Apr-Jun 2020,"3,615-4,781","4,198",1,,,
Devnagar,Jan-Mar 2020,"3,559-4,713","4,136",8,,,
Devnagar,Oct-Dec 2019,"3,387-4,267","3,827",1,,,
Devnagar,Jul-Sep 2019,"3,331-4,253","3,792",0.1,,,
Devnagar,Apr-Jun 2019,"3,314-4,280","3,797",1,,,
Devnagar,Jan-Mar 2019,"3,149-4,369","3,759",5,,,
Devnagar,Oct-Dec 2018,"3,139-4,021","3,580",2,,,
Devnagar,Jul-Sep 2018,"3,034-3,969","3,501",0.5,,,
,,,,,,,
Drive In Road,Oct-Dec 2024,"5,373 - 8,269","6,821",1,,,
Drive In Road,Jul-Sep 2024,"5,462 - 8,301","6,882",2,,,
Drive In Road,Apr-Jun 2024,"5,317 - 8,154","6,736",0.3,,,
Drive In Road,Jan-Mar 2024,"5,263 - 8,174","6,718",1,,,
Drive In Road,Oct-Dec 2023,"5,229 - 8,036","6,633",2,,,
Drive In Road,Jul-Sep 2023,"5,137 - 7,929","6,533",1,,,
Drive In Road,Apr-Jun 2023,"5,194 - 7,742","6,468",6,,,
Drive In Road,Jan-Mar 2023,"6,065 - 7,714","6,890",1,,,
Drive In Road,Oct-Dec 2022,"5,914 - 7,693","6,803",3,,,
Drive In Road,Jul-Sep 2022,"5,374 - 7,801","6,588",8,,,
Drive In Road,Apr-Jun 2022,"4,867 - 7,314","6,090",3,,,
Drive In Road,Jan-Mar 2022,"4,772 - 7,084","5,928",2,,,
Drive In Road,Oct-Dec 2021,"4,682 - 7,000","5,850",1,,,
Drive In Road,Jul-Sep 2021,"4,478 - 6,218","5,348",4,,,
Drive In Road,Apr-Jun 2021,"4,171 - 6,137","5,154",1,,,
Drive In Road,Jan-Mar 2021,"4,143 - 6,075","5,109",-1,,,
Drive In Road,Oct-Dec 2020,"4,150 - 6,080","5,115",-1,,,
Drive In Road,Jul-Sep 2020,"4,160 - 6,100","5,130",,,,
Drive In Road,Apr-Jun 2020,"4,165 - 6,120","5,145",,,,
Drive In Road,Jan-Mar 2020,"4,799 - 6,502","5,651",4,,,
Drive In Road,Oct-Dec 2019,"4,633 - 6,263","5,448",5,,,
Drive In Road,Jul-Sep 2019,"4,164 - 6,258","5,211",0.3,,,
Drive In Road,Apr-Jun 2019,"4,335 - 6,055","5,195",1,,,
Drive In Road,Jan-Mar 2019,"4,040 - 6,282","5,161",0.3,,,
Drive In Road,Oct-Dec 2018,"4,080 - 6,269","5,174",2,,,
Drive In Road,Jul-Sep 2018,"4,060 - 6,038","5,049",1.5,,,
,,,,,,,
Friends Colony Bodakdev,Oct-Dec 2024,"7,580 - 10,188","8,884",3,,,
Friends Colony Bodakdev,Jul-Sep 2024,"7,228 - 9,975","8,601",2,,,
Friends Colony Bodakdev,Apr-Jun 2024,"7,049 - 9,858","8,453",1.5,,,
Friends Colony Bodakdev,Jan-Mar 2024,"6,982 - 9,745","8,364",2,,,
Friends Colony Bodakdev,Oct-Dec 2023,"6,850 - 9,650","8,200",3,,,
Friends Colony Bodakdev,Jul-Sep 2023,"6,650 - 9,450","7,970",2.5,,,
Friends Colony Bodakdev,Apr-Jun 2023,"6,500 - 9,200","7,850",1.8,,,
Friends Colony Bodakdev,Jan-Mar 2023,"6,400 - 9,150","7,750",1.5,,,
Friends Colony Bodakdev,Oct-Dec 2022,"6,300 - 9,000","7,640",3,,,
Friends Colony Bodakdev,Jul-Sep 2022,"6,120 - 8,850","7,420",4,,,
Friends Colony Bodakdev,Apr-Jun 2022,"5,900 - 8,600","7,200",3,,,
Friends Colony Bodakdev,Jan-Mar 2022,"5,730 - 8,400","7,020",2.5,,,
Friends Colony Bodakdev,Oct-Dec 2021,"5,600 - 8,250","6,850",1.5,,,
Friends Colony Bodakdev,Jul-Sep 2021,"5,550 - 8,000","6,700",1,,,
Friends Colony Bodakdev,Apr-Jun 2021,"5,500 - 7,950","6,630",0.8,,,
Friends Colony Bodakdev,Jan-Mar 2021,"5,480 - 7,900","6,600",-1,,,
Friends Colony Bodakdev,Oct-Dec 2020,"5,500 - 7,950","6,630",,,,
Friends Colony Bodakdev,Jul-Sep 2020,"5,510 - 7,960","6,640",,,,
Friends Colony Bodakdev,Apr-Jun 2020,"5,520 - 7,970","6,650",,,,
Friends Colony Bodakdev,Jan-Mar 2020,"5,600 - 8,050","6,700",2,,,
Friends Colony Bodakdev,Oct-Dec 2019,"5,490 - 7,890","6,550",3,,,
Friends Colony Bodakdev,Jul-Sep 2019,"5,320 - 7,750","6,400",1.5,,,
Friends Colony Bodakdev,Apr-Jun 2019,"5,260 - 7,700","6,350",1,,,
Friends Colony Bodakdev,Jan-Mar 2019,"5,200 - 7,650","6,300",1,,,
Friends Colony Bodakdev,Oct-Dec 2018,"5,150 - 7,600","6,250",1.5,,,
Friends Colony Bodakdev,Jul-Sep 2018,"5,100 - 7,500","6,200",1,,,
,,,,,,,
Gala Gymkhana Road,Oct-Dec 2024,"3,941 - 6,047","4,994",3,,,
Gala Gymkhana Road,Jul-Sep 2024,"3,845 - 5,880","4,863",0.3,,,
Gala Gymkhana Road,Apr-Jun 2024,"3,825 - 5,876","4,850",0.1,,,
Gala Gymkhana Road,Jan-Mar 2024,"3,835 - 5,852","4,844",1,,,
Gala Gymkhana Road,Oct-Dec 2023,"3,826 - 5,802","4,814",1.5,,,
Gala Gymkhana Road,Jul-Sep 2023,"3,780 - 5,720","4,743",1,,,
Gala Gymkhana Road,Apr-Jun 2023,"3,750 - 5,680","4,695",1,,,
Gala Gymkhana Road,Jan-Mar 2023,"3,710 - 5,640","4,648",1.5,,,
Gala Gymkhana Road,Oct-Dec 2022,"3,650 - 5,570","4,580",2,,,
Gala Gymkhana Road,Jul-Sep 2022,"3,570 - 5,500","4,460",2.5,,,
Gala Gymkhana Road,Apr-Jun 2022,"3,480 - 5,420","4,350",1.5,,,
Gala Gymkhana Road,Jan-Mar 2022,"3,420 - 5,350","4,270",1.2,,,
Gala Gymkhana Road,Oct-Dec 2021,"3,380 - 5,280","4,180",1,,,
Gala Gymkhana Road,Jul-Sep 2021,"3,350 - 5,230","4,120",0.5,,,
Gala Gymkhana Road,Apr-Jun 2021,"3,340 - 5,200","4,090",0.3,,,
Gala Gymkhana Road,Jan-Mar 2021,"3,320 - 5,180","4,070",-1,,,
Gala Gymkhana Road,Oct-Dec 2020,"3,350 - 5,210","4,100",,,,
Gala Gymkhana Road,Jul-Sep 2020,"3,340 - 5,200","4,090",,,,
Gala Gymkhana Road,Apr-Jun 2020,"3,330 - 5,190","4,080",,,,
Gala Gymkhana Road,Jan-Mar 2020,"3,410 - 5,270","4,160",2,,,
Gala Gymkhana Road,Oct-Dec 2019,"3,320 - 5,170","4,080",2.5,,,
Gala Gymkhana Road,Jul-Sep 2019,"3,230 - 5,100","4,020",1,,,
Gala Gymkhana Road,Apr-Jun 2019,"3,200 - 5,050","3,980",1,,,
Gala Gymkhana Road,Jan-Mar 2019,"3,180 - 5,020","3,960",0.8,,,
Gala Gymkhana Road,Oct-Dec 2018,"3,150 - 5,000","3,940",1,,,
Gala Gymkhana Road,Jul-Sep 2018,"3,120 - 4,980","3,920",1,,,
,,,,,,,
Ghatlodiya,Oct-Dec 2024,"4,313-6,215","5,264",1,,,
Ghatlodiya,Jul-Sep 2024,"4,327-6,353","5,340",4,,,
Ghatlodiya,Apr-Jun 2024,"4,128-6,186","5,157",1,,,
Ghatlodiya,Jan-Mar 2024,"4,087-6,152","5,120",0.2,,,
Ghatlodiya,Oct-Dec 2023,"4,037-6,227","5,132",2,,,
Ghatlodiya,Jul-Sep 2023,"3,897-6,155","5,026",3,,,
Ghatlodiya,Apr-Jun 2023,"3,789-5,953","4,871",5,,,
Ghatlodiya,Jan-Mar 2023,"3,596-5,661","4,628",1,,,
Ghatlodiya,Oct-Dec 2022,"3,622-5,502","4,562",2,,,
Ghatlodiya,Jul-Sep 2022,"3,622-5,363","4,493",3,,,
Ghatlodiya,Apr-Jun 2022,"3,524-5,234","4,379",1,,,
Ghatlodiya,Jan-Mar 2022,"3,564-5,250","4,407",,,,
Ghatlodiya,Oct-Dec 2021,"3,553-5,260","4,407",1,,,
Ghatlodiya,Jul-Sep 2021,"3,570-5,289","4,430",1,,,
Ghatlodiya,Apr-Jun 2021,"3,499-5,295","4,397",3,,,
Ghatlodiya,Jan-Mar 2021,"3,430-5,133","4,282",2,,,
Ghatlodiya,Oct-Dec 2020,"3,594-5,171","4,383",2,,,
Ghatlodiya,Jul-Sep 2020,"3,498-5,084","4,291",3,,,
Ghatlodiya,Apr-Jun 2020,"3,328-5,030","4,179",5,,,
Ghatlodiya,Jan-Mar 2020,"3,555-5,264","4,409",1,,,
Ghatlodiya,Oct-Dec 2019,"3,394-5,301","4,347",2,,,
Ghatlodiya,Jul-Sep 2019,"3,450-5,088","4,269",4,,,
Ghatlodiya,Apr-Jun 2019,"3,283-4,936","4,110",9,,,
Ghatlodiya,Jan-Mar 2019,"2,903-4,616","3,760",1,,,
Ghatlodiya,Oct-Dec 2018,"3,332-5,069","4,201",4,,,
Ghatlodiya,Jul-Sep 2018,"3,151-4,897","4,024",5,,,
,,,,,,,
Ghodasar,Oct-Dec 2024,"3,077 - 5,261","4,169",1,,,
Ghodasar,Jul-Sep 2024,"3,538 - 5,736","4,637",11,,,
Ghodasar,Apr-Jun 2024,"2,983 - 5,354","4,169",16,,,
Ghodasar,Jan-Mar 2024,"2,602 - 4,611","3,606",1,,,
Ghodasar,Oct-Dec 2023,"3,045 - 4,968","4,006",2,,,
Ghodasar,Jul-Sep 2023,"2,892 - 4,936","3,914",9,,,
Ghodasar,Apr-Jun 2023,"2,534 - 4,657","3,595",2,,,
Ghodasar,Jan-Mar 2023,"2,542 - 4,517","3,530",13,,,
Ghodasar,Oct-Dec 2022,"2,811 - 5,323","4,067",34,,,
Ghodasar,Jul-Sep 2022,"2,196 - 3,863","3,030",18,,,
Ghodasar,Apr-Jun 2022,"2,605 - 4,777","3,691",1,,,
Ghodasar,Jan-Mar 2022,"2,697 - 4,749","3,723",15,,,
Ghodasar,Oct-Dec 2021,"2,314 - 4,154","3,234",19,,,
Ghodasar,Jul-Sep 2021,"2,932 - 5,012","3,972",4,,,
Ghodasar,Apr-Jun 2021,"2,896 - 4,742","3,819",5,,,
Ghodasar,Jan-Mar 2021,"2,904 - 5,146","4,025",5,,,
Ghodasar,Oct-Dec 2020,"2,664 - 4,969","3,817",6,,,
Ghodasar,Jul-Sep 2020,"2,860 - 5,245","4,052",4,,,
Ghodasar,Apr-Jun 2020,"2,750 - 5,100","3,925",4,,,
Ghodasar,Jan-Mar 2020,"2,640 - 4,960","3,800",4,,,
Ghodasar,Oct-Dec 2019,"2,281 - 4,667","3,474",2,,,
Ghodasar,Jul-Sep 2019,"2,412 - 4,658","3,535",25,,,
Ghodasar,Apr-Jun 2019,"2,269 - 3,394","2,831",31,,,
Ghodasar,Jan-Mar 2019,"3,149 - 5,003","4,076",4,,,
Ghodasar,Oct-Dec 2018,"3,072 - 4,804","3,938",16,,,
Ghodasar,Jul-Sep 2018,"2,511 - 4,277","3,394",4,,,
,,,,,,,
Ghuma,Oct-Dec 2024,"3,484 - 4,874","4,179",2,,,
Ghuma,Jul-Sep 2024,"3,541 - 4,948","4,245",4,,,
Ghuma,Apr-Jun 2024,"3,407 - 4,780","4,094",1,,,
Ghuma,Jan-Mar 2024,"3,369 - 4,755","4,062",0.3,,,
Ghuma,Oct-Dec 2023,"3,383 - 4,713","4,048",1,,,
Ghuma,Jul-Sep 2023,"3,375 - 4,713","4,044",3,,,
Ghuma,Apr-Jun 2023,"3,292 - 4,590","3,941",1,,,
Ghuma,Jan-Mar 2023,"3,201 - 4,603","3,902",2,,,
Ghuma,Oct-Dec 2022,"3,148 - 4,474","3,811",3,,,
Ghuma,Jul-Sep 2022,"3,069 - 4,326","3,697",1,,,
Ghuma,Apr-Jun 2022,"3,060 - 4,295","3,677",5,,,
Ghuma,Jan-Mar 2022,"2,843 - 4,166","3,505",4,,,
Ghuma,Oct-Dec 2021,"2,755 - 3,976","3,366",2,,,
Ghuma,Jul-Sep 2021,"2,814 - 4,054","3,434",3,,,
Ghuma,Apr-Jun 2021,"2,972 - 4,122","3,547",1,,,
Ghuma,Jan-Mar 2021,"3,001 - 4,149","3,575",0.3,,,
Ghuma,Oct-Dec 2020,"3,083 - 4,091","3,587",2,,,
Ghuma,Jul-Sep 2020,"3,129 - 4,192","3,660",1,,,
Ghuma,Apr-Jun 2020,"3,193 - 4,185","3,689",0.4,,,
Ghuma,Jan-Mar 2020,"3,234 - 4,112","3,673",2,,,
Ghuma,Oct-Dec 2019,"3,164 - 4,061","3,613",0.1,,,
Ghuma,Jul-Sep 2019,"3,123 - 4,094","3,609",1,,,
Ghuma,Apr-Jun 2019,"3,103 - 4,013","3,558",4,,,
Ghuma,Jan-Mar 2019,"2,858 - 3,995","3,426",3,,,
Ghuma,Oct-Dec 2018,"2,640 - 3,850","3,245",4,,,
Ghuma,Jul-Sep 2018,"2,513 - 3,686","3,100",3,,,
,,,,,,,
Ghuma Road,Oct-Dec 2024,"3,668 - 5,609","4,638",1,,,
Ghuma Road,Jul-Sep 2024,"3,664 - 5,683","4,673",1,,,
Ghuma Road,Apr-Jun 2024,"3,651 - 5,640","4,646",1.5,,,
Ghuma Road,Jan-Mar 2024,"3,625 - 5,600","4,575",2,,,
Ghuma Road,Oct-Dec 2023,"3,545 - 5,510","4,500",3,,,
Ghuma Road,Jul-Sep 2023,"3,440 - 5,300","4,320",2,,,
Ghuma Road,Apr-Jun 2023,"3,375 - 5,225","4,250",1.5,,,
Ghuma Road,Jan-Mar 2023,"3,335 - 5,170","4,190",1,,,
Ghuma Road,Oct-Dec 2022,"3,300 - 5,100","4,120",2,,,
Ghuma Road,Jul-Sep 2022,"3,240 - 5,000","4,020",1.5,,,
Ghuma Road,Apr-Jun 2022,"3,190 - 4,950","3,980",1,,,
Ghuma Road,Jan-Mar 2022,"3,160 - 4,900","3,930",1,,,
Ghuma Road,Oct-Dec 2021,"3,120 - 4,850","3,875",2,,,
Ghuma Road,Jul-Sep 2021,"3,060 - 4,800","3,850",2,,,
Ghuma Road,Apr-Jun 2021,"3,040 - 4,750","3,810",1.5,,,
Ghuma Road,Jan-Mar 2021,"3,020 - 4,720","3,780",0.5,,,
Ghuma Road,Oct-Dec 2020,"2,950 - 4,650","3,725",,,,
Ghuma Road,Jul-Sep 2020,"2,900 - 4,600","3,680",,,,
Ghuma Road,Apr-Jun 2020,"2,850 - 4,550","3,650",-1,,,
Ghuma Road,Jan-Mar 2020,"2,900 - 4,650","3,700",1,,,
Ghuma Road,Oct-Dec 2019,"2,850 - 4,600","3,650",1,,,
Ghuma Road,Jul-Sep 2019,"2,800 - 4,550","3,600",2,,,
Ghuma Road,Apr-Jun 2019,"2,750 - 4,500","3,530",2.5,,,
Ghuma Road,Jan-Mar 2019,"2,700 - 4,400","3,450",2,,,
Ghuma Road,Oct-Dec 2018,"2,600 - 4,350","3,400",2,,,
Ghuma Road,Jul-Sep 2018,"2,550 - 4,300","3,350",2,,,
,,,,,,,
Godhavi,Oct-Dec 2024,"3,843 - 5,137","4,490",1,,,
Godhavi,Jul-Sep 2024,"3,774 - 5,144","4,459",6,,,
Godhavi,Apr-Jun 2024,"3,363 - 5,042","4,202",3,,,
Godhavi,Jan-Mar 2024,"3,263 - 4,860","4,061",14,,,
Godhavi,Oct-Dec 2023,"2,568 - 4,534","3,551",5,,,
Godhavi,Jul-Sep 2023,"2,433 - 4,339","3,386",7,,,
Godhavi,Apr-Jun 2023,"2,655 - 4,662","3,659",1,,,
Godhavi,Jan-Mar 2023,"2,788 - 4,447","3,618",2,,,
Godhavi,Oct-Dec 2022,"2,769 - 4,303","3,536",7,,,
Godhavi,Jul-Sep 2022,"2,639 - 3,982","3,310",1,,,
Godhavi,Apr-Jun 2022,"2,719 - 3,976","3,348",5,,,
Godhavi,Jan-Mar 2022,"2,524 - 3,855","3,190",21,,,
Godhavi,Oct-Dec 2021,"2,081 - 3,194","2,638",4,,,
Godhavi,Jul-Sep 2021,"1,990 - 3,078","2,534",2,,,
Godhavi,Apr-Jun 2021,"1,950 - 2,990","2,470",2,,,
Godhavi,Jan-Mar 2021,"1,900 - 2,950","2,420",,,,
Godhavi,Oct-Dec 2020,"1,850 - 2,900","2,380",,,,
Godhavi,Jul-Sep 2020,"1,800 - 2,850","2,350",-1,,,
Godhavi,Apr-Jun 2020,"1,820 - 2,870","2,370",-1,,,
Godhavi,Jan-Mar 2020,"1,850 - 2,900","2,380",1,,,
Godhavi,Oct-Dec 2019,"1,820 - 2,870","2,350",1,,,
Godhavi,Jul-Sep 2019,"1,800 - 2,850","2,320",1.5,,,
Godhavi,Apr-Jun 2019,"1,750 - 2,800","2,280",2,,,
Godhavi,Jan-Mar 2019,"1,700 - 2,750","2,230",2,,,
Godhavi,Oct-Dec 2018,"1,650 - 2,700","2,180",2,,,
Godhavi,Jul-Sep 2018,"1,600 - 2,650","2,130",2,,,
,,,,,,,
Gota,Oct-Dec 2024,"4,254-6,138","5,196",1,,,
Gota,Jul-Sep 2024,"4,195-6,134","5,165",2,,,
Gota,Apr-Jun 2024,"4,149-5,941","5,045",2,,,
Gota,Jan-Mar 2024,"4,059-5,797","4,928",0.2,,,
Gota,Oct-Dec 2023,"4,020-5,817","4,918",3,,,
Gota,Jul-Sep 2023,"3,879-5,692","4,785",2,,,
Gota,Apr-Jun 2023,"3,807-5,558","4,683",2,,,
Gota,Jan-Mar 2023,"3,749-5,468","4,608",2,,,
Gota,Oct-Dec 2022,"3,687-5,367","4,527",1,,,
Gota,Jul-Sep 2022,"3,715-5,232","4,473",2,,,
Gota,Apr-Jun 2022,"3,644-5,151","4,398",2,,,
Gota,Jan-Mar 2022,"3,553-5,063","4,308",2,,,
Gota,Oct-Dec 2021,"3,506-4,899","4,203",2,,,
Gota,Jul-Sep 2021,"3,466-4,805","4,136",1,,,
Gota,Apr-Jun 2021,"3,410-4,790","4,100",1,,,
Gota,Jan-Mar 2021,"3,409-4,730","4,070",1,,,
Gota,Oct-Dec 2020,"3,378-4,667","4,023",-,,,
Gota,Jul-Sep 2020,"3,365-4,684","4,025",0.4,,,
Gota,Apr-Jun 2020,"3,374-4,640","4,007",2,,,
Gota,Jan-Mar 2020,"3,329-4,566","3,947",2,,,
Gota,Oct-Dec 2019,"3,273-4,498","3,886",1,,,
Gota,Jul-Sep 2019,"3,225-4,433","3,829",0.2,,,
Gota,Apr-Jun 2019,"3,207-4,436","3,822",3,,,
Gota,Jan-Mar 2019,"3,115-4,289","3,702",2,,,
Gota,Oct-Dec 2018,"3,060-4,178","3,619",1,,,
Gota,Jul-Sep 2018,"3,002-4,148","3,575",4,,,
,,,,,,,
Gota Gam,Oct-Dec 2024,"4,341 - 6,309","5,325",2,,,
Gota Gam,Jul-Sep 2024,"4,381 - 6,460","5,421",1,,,
Gota Gam,Apr-Jun 2024,"4,423 - 6,259","5,341",4,,,
Gota Gam,Jan-Mar 2024,"4,327 - 5,945","5,136",3,,,
Gota Gam,Oct-Dec 2023,"4,541 - 6,076","5,309",-,,,
Gota Gam,Jul-Sep 2023,"4,380 - 5,910","5,145",2,,,
Gota Gam,Apr-Jun 2023,"4,310 - 5,820","5,045",3,,,
Gota Gam,Jan-Mar 2023,"4,190 - 5,650","4,890",3,,,
Gota Gam,Oct-Dec 2022,"4,060 - 5,480","4,770",5,,,
Gota Gam,Jul-Sep 2022,"3,850 - 5,180","4,515",4,,,
Gota Gam,Apr-Jun 2022,"3,720 - 5,020","4,370",2,,,
Gota Gam,Jan-Mar 2022,"3,680 - 4,950","4,315",1,,,
Gota Gam,Oct-Dec 2021,"3,620 - 4,860","4,240",2,,,
Gota Gam,Jul-Sep 2021,"3,550 - 4,780","4,165",3,,,
Gota Gam,Apr-Jun 2021,"3,460 - 4,670","4,065",2,,,
Gota Gam,Jan-Mar 2021,"3,420 - 4,620","4,020",,,,
Gota Gam,Oct-Dec 2020,"3,400 - 4,590","4,000",,,,
Gota Gam,Jul-Sep 2020,"3,380 - 4,550","3,970",-1,,,
Gota Gam,Apr-Jun 2020,"3,410 - 4,580","3,995",,,,
Gota Gam,Jan-Mar 2020,"3,420 - 4,590","4,000",1,,,
Gota Gam,Oct-Dec 2019,"3,360 - 4,520","3,940",1,,,
Gota Gam,Jul-Sep 2019,"3,280 - 4,420","3,850",2,,,
Gota Gam,Apr-Jun 2019,"3,200 - 4,320","3,760",3,,,
Gota Gam,Jan-Mar 2019,"3,120 - 4,220","3,670",3,,,
Gota Gam,Oct-Dec 2018,"3,000 - 4,080","3,540",4,,,
Gota Gam,Jul-Sep 2018,"2,900 - 3,980","3,440",3,,,
,,,,,,,
Gulbai Tekra,Oct-Dec 2024,"6,724 - 11,228","8,976",3,,,
Gulbai Tekra,Jul-Sep 2024,"6,208 - 11,141","8,675",1,,,
Gulbai Tekra,Apr-Jun 2024,"5,838 - 9,889","7,864",5,,,
Gulbai Tekra,Jan-Mar 2024,"5,624 - 9,305","7,465",8,,,
Gulbai Tekra,Oct-Dec 2023,"5,972 - 10,335","8,154",7,,,
Gulbai Tekra,Jul-Sep 2023,"5,998 - 9,270","7,634",4,,,
Gulbai Tekra,Apr-Jun 2023,"5,750 - 9,120","7,435",3,,,
Gulbai Tekra,Jan-Mar 2023,"5,664 - 8,774","7,219",2,,,
Gulbai Tekra,Oct-Dec 2022,"5,580 - 8,650","7,115",3,,,
Gulbai Tekra,Jul-Sep 2022,"5,975 - 8,606","7,290",5,,,
Gulbai Tekra,Apr-Jun 2022,"5,681 - 8,208","6,945",1,,,
Gulbai Tekra,Jan-Mar 2022,"5,629 - 8,155","6,892",2,,,
Gulbai Tekra,Oct-Dec 2021,"5,754 - 8,256","7,005",2,,,
Gulbai Tekra,Jul-Sep 2021,"5,600 - 8,100","6,850",1,,,
Gulbai Tekra,Apr-Jun 2021,"5,520 - 8,000","6,760",1,,,
Gulbai Tekra,Jan-Mar 2021,"5,500 - 7,980","6,740", (COVID impact),,,
Gulbai Tekra,Oct-Dec 2020,"5,480 - 7,960","6,720",,,,
Gulbai Tekra,Jul-Sep 2020,"5,460 - 7,940","6,700",-1,,,
Gulbai Tekra,Apr-Jun 2020,"5,470 - 7,950","6,710",,,,
Gulbai Tekra,Jan-Mar 2020,"5,480 - 7,960","6,720",1,,,
Gulbai Tekra,Oct-Dec 2019,"5,420 - 7,890","6,655",1,,,
Gulbai Tekra,Jul-Sep 2019,"5,350 - 7,800","6,575",2,,,
Gulbai Tekra,Apr-Jun 2019,"5,280 - 7,720","6,500",2,,,
Gulbai Tekra,Jan-Mar 2019,"5,210 - 7,640","6,425",3,,,
Gulbai Tekra,Oct-Dec 2018,"5,100 - 7,520","6,310",3,,,
Gulbai Tekra,Jul-Sep 2018,"5,000 - 7,400","6,200",3,,,
,,,,,,,
Gurukul,Oct-Dec 2024,"5,179-7,952","6,566",8,,,
Gurukul,Jul-Sep 2024,"4,784-7,402","6,093",0.2,,,
Gurukul,Apr-Jun 2024,"4,662-7,499","6,080",2,,,
Gurukul,Jan-Mar 2024,"4,575-7,346","5,961",7,,,
Gurukul,Oct-Dec 2023,"5,051-7,759","6,405",0.2,,,
Gurukul,Jul-Sep 2023,"4,989-7,792","6,391",1,,,
Gurukul,Apr-Jun 2023,"5,030-7,679","6,354",11,,,
Gurukul,Jan-Mar 2023,"4,346-7,114","5,730",0.5,,,
Gurukul,Oct-Dec 2022,"4,574-6,940","5,757",0.2,,,
Gurukul,Jul-Sep 2022,"4,560-6,976","5,768",2,,,
Gurukul,Apr-Jun 2022,"4,450-6,847","5,649",4,,,
Gurukul,Jan-Mar 2022,"4,133-6,712","5,422",2,,,
Gurukul,Oct-Dec 2021,"4,161-6,464","5,312",3,,,
Gurukul,Jul-Sep 2021,"4,106-6,197","5,152",2,,,
Gurukul,Apr-Jun 2021,"4,196-6,314","5,255",0.2,,,
Gurukul,Jan-Mar 2021,"4,198-6,295","5,247",0.4,,,
Gurukul,Oct-Dec 2020,"4,145-6,303","5,224",4,,,
Gurukul,Jul-Sep 2020,"4,134-5,916","5,025",3,,,
Gurukul,Apr-Jun 2020,"4,064-6,334","5,199",2,,,
Gurukul,Jan-Mar 2020,"4,057-6,180","5,118",1,,,
Gurukul,Oct-Dec 2019,"4,121-6,026","5,074",2,,,
Gurukul,Jul-Sep 2019,"3,970-5,976","4,973",0.2,,,
Gurukul,Apr-Jun 2019,"3,915-6,052","4,983",1,,,
Gurukul,Jan-Mar 2019,"3,896-6,016","4,956",1,,,
Gurukul,Oct-Dec 2018,"4,035-5,945","4,990",0.4,,,
Gurukul,Jul-Sep 2018,"3,985-5,959","4,972",1,,,
,,,,,,,
Hebatpur,Oct-Dec 2024,"6,048 - 7,566","6,807",1,,,
Hebatpur,Jul-Sep 2024,"6,055 - 7,360","6,707",2,,,
Hebatpur,Apr-Jun 2024,"5,974 - 7,237","6,605",1,,,
Hebatpur,Jan-Mar 2024,"5,959 - 7,139","6,549",1,,,
Hebatpur,Oct-Dec 2023,"5,863 - 7,053","6,458",1,,,
Hebatpur,Jul-Sep 2023,"5,720 - 7,014","6,367",0.4,,,
Hebatpur,Apr-Jun 2023,"5,705 - 6,979","6,342",0.3,,,
Hebatpur,Jan-Mar 2023,"5,712 - 6,931","6,322",2,,,
Hebatpur,Oct-Dec 2022,"5,573 - 7,381","6,477",2,,,
Hebatpur,Jul-Sep 2022,"5,542 - 7,165","6,353",2,,,
Hebatpur,Apr-Jun 2022,"5,434 - 7,049","6,241",1,,,
Hebatpur,Jan-Mar 2022,"5,300 - 6,900","6,100",1,,,
Hebatpur,Oct-Dec 2021,"5,250 - 6,850","6,050",1,,,
Hebatpur,Jul-Sep 2021,"5,200 - 6,800","6,000",1,,,
Hebatpur,Apr-Jun 2021,"5,180 - 6,750","5,965",,,,
Hebatpur,Jan-Mar 2021,"5,160 - 6,730","5,945",,,,
Hebatpur,Oct-Dec 2020,"5,150 - 6,700","5,925",-1,,,
Hebatpur,Jul-Sep 2020,"5,140 - 6,690","5,915",,,,
Hebatpur,Apr-Jun 2020,"5,130 - 6,680","5,905",,,,
Hebatpur,Jan-Mar 2020,"5,120 - 6,670","5,895",1,,,
Hebatpur,Oct-Dec 2019,"5,050 - 6,600","5,825",1,,,
Hebatpur,Jul-Sep 2019,"5,000 - 6,550","5,775",1,,,
Hebatpur,Apr-Jun 2019,"4,950 - 6,500","5,725",1,,,
Hebatpur,Jan-Mar 2019,"4,900 - 6,450","5,675",2,,,
Hebatpur,Oct-Dec 2018,"4,800 - 6,350","5,575",2,,,
Hebatpur,Jul-Sep 2018,"4,700 - 6,250","5,475",3,,,
,,,,,,,
Iscon Ambli Road,Oct-Dec 2024,"8,028-11,187","9,608",1,,,
Iscon Ambli Road,Jul-Sep 2024,"7,949-11,386","9,667",1,,,
Iscon Ambli Road,Apr-Jun 2024,"7,783-11,384","9,584",2,,,
Iscon Ambli Road,Jan-Mar 2024,"7,601-11,216","9,409",1,,,
Iscon Ambli Road,Oct-Dec 2023,"7,526-11,176","9,351",2,,,
Iscon Ambli Road,Jul-Sep 2023,"7,366-10,900","9,133",0.3,,,
Iscon Ambli Road,Apr-Jun 2023,"7,303-10,917","9,110",2,,,
Iscon Ambli Road,Jan-Mar 2023,"7,209-10,590","8,900",2,,,
Iscon Ambli Road,Oct-Dec 2022,"7,065-10,355","8,710",1,,,
Iscon Ambli Road,Jul-Sep 2022,"6,891-10,338","8,615",4,,,
Iscon Ambli Road,Apr-Jun 2022,"6,567-10,020","8,294",1,,,
Iscon Ambli Road,Jan-Mar 2022,"6,644-10,085","8,364",0.2,,,
Iscon Ambli Road,Oct-Dec 2021,"6,715-10,054","8,384",4,,,
Iscon Ambli Road,Jul-Sep 2021,"6,604-9,582","8,093",5,,,
Iscon Ambli Road,Apr-Jun 2021,"6,296-9,083","7,689",2,,,
Iscon Ambli Road,Jan-Mar 2021,"6,247-8,844","7,545",0.4,,,
Iscon Ambli Road,Oct-Dec 2020,"6,297-8,728","7,513",1,,,
Iscon Ambli Road,Jul-Sep 2020,"6,205-8,668","7,437",1,,,
Iscon Ambli Road,Apr-Jun 2020,"6,125-8,546","7,336",-,,,
Iscon Ambli Road,Jan-Mar 2020,"6,128-8,532","7,330",1,,,
Iscon Ambli Road,Oct-Dec 2019,"6,056-8,397","7,226",1,,,
Iscon Ambli Road,Jul-Sep 2019,"6,111-8,231","7,171",1,,,
Iscon Ambli Road,Apr-Jun 2019,"6,121-8,051","7,086",0.4,,,
Iscon Ambli Road,Jan-Mar 2019,"6,047-8,068","7,057",1,,,
Iscon Ambli Road,Oct-Dec 2018,"5,989-7,935","6,962",2,,,
Iscon Ambli Road,Jul-Sep 2018,"5,890-7,821","6,856",3,,,
,,,,,,,
Jagatpur,Oct-Dec 2024,"4,211-5,812","5,012",1,,,
Jagatpur,Jul-Sep 2024,"4,158-5,791","4,975",1,,,
Jagatpur,Apr-Jun 2024,"4,115-5,741","4,928",2,,,
Jagatpur,Jan-Mar 2024,"4,065-5,646","4,855",0.4,,,
Jagatpur,Oct-Dec 2023,"4,050-5,624","4,837",1,,,
Jagatpur,Jul-Sep 2023,"4,002-5,549","4,775",1,,,
Jagatpur,Apr-Jun 2023,"3,958-5,469","4,714",0.3,,,
Jagatpur,Jan-Mar 2023,"3,938-5,466","4,702",1,,,
Jagatpur,Oct-Dec 2022,"3,931-5,415","4,673",1,,,
Jagatpur,Jul-Sep 2022,"3,850-5,380","4,615",5,,,
Jagatpur,Apr-Jun 2022,"3,741-5,066","4,404",3,,,
Jagatpur,Jan-Mar 2022,"3,613-4,979","4,296",3,,,
Jagatpur,Oct-Dec 2021,"3,501-4,865","4,183",0.5,,,
Jagatpur,Jul-Sep 2021,"3,421-4,984","4,203",4,,,
Jagatpur,Apr-Jun 2021,"3,359-4,696","4,028",1,,,
Jagatpur,Jan-Mar 2021,"3,384-4,610","3,997",2,,,
Jagatpur,Oct-Dec 2020,"3,324-4,521","3,922",0.4,,,
Jagatpur,Jul-Sep 2020,"3,296-4,516","3,906",0.1,,,
Jagatpur,Apr-Jun 2020,"3,303-4,516","3,910",0.2,,,
Jagatpur,Jan-Mar 2020,"3,275-4,531","3,903",0.1,,,
Jagatpur,Oct-Dec 2019,"3,201-4,614","3,907",0.3,,,
Jagatpur,Jul-Sep 2019,"3,193-4,597","3,895",5,,,
Jagatpur,Apr-Jun 2019,"3,076-4,378","3,727",1,,,
Jagatpur,Jan-Mar 2019,"3,111-4,279","3,695",2,,,
Jagatpur,Oct-Dec 2018,"2,986-4,233","3,610",4,,,
Jagatpur,Jul-Sep 2018,"2,926-3,992","3,459",3,,,
,,,,,,,
Jagatpur Road,Oct-Dec 2024,"4,148 - 5,987","5,068",1,,,
Jagatpur Road,Jul-Sep 2024,"4,105 - 5,975","5,040",1,,,
Jagatpur Road,Apr-Jun 2024,"4,083 - 5,862","4,973",2,,,
Jagatpur Road,Jan-Mar 2024,"3,992 - 5,718","4,855",0.4,,,
Jagatpur Road,Oct-Dec 2023,"3,953 - 5,715","4,834",0.5,,,
Jagatpur Road,Jul-Sep 2023,"3,925 - 5,690","4,810",0.5,,,
Jagatpur Road,Apr-Jun 2023,"3,900 - 5,650","4,775",1,,,
Jagatpur Road,Jan-Mar 2023,"3,860 - 5,600","4,730",1,,,
Jagatpur Road,Oct-Dec 2022,"3,800 - 5,520","4,660",2,,,
Jagatpur Road,Jul-Sep 2022,"3,750 - 5,480","4,615",1,,,
Jagatpur Road,Apr-Jun 2022,"3,710 - 5,400","4,555",1,,,
Jagatpur Road,Jan-Mar 2022,"3,670 - 5,320","4,495",1,,,
Jagatpur Road,Oct-Dec 2021,"3,640 - 5,250","4,445",1,,,
Jagatpur Road,Jul-Sep 2021,"3,600 - 5,200","4,400",0.5,,,
Jagatpur Road,Apr-Jun 2021,"3,590 - 5,180","4,385",,,,
Jagatpur Road,Jan-Mar 2021,"3,580 - 5,170","4,375",,,,
Jagatpur Road,Oct-Dec 2020,"3,570 - 5,150","4,360",-1,,,
Jagatpur Road,Jul-Sep 2020,"3,560 - 5,140","4,350",,,,
Jagatpur Road,Apr-Jun 2020,"3,550 - 5,120","4,335",,,,
Jagatpur Road,Jan-Mar 2020,"3,540 - 5,100","4,320",1,,,
Jagatpur Road,Oct-Dec 2019,"3,500 - 5,050","4,275",1,,,
Jagatpur Road,Jul-Sep 2019,"3,460 - 5,000","4,230",1,,,
Jagatpur Road,Apr-Jun 2019,"3,420 - 4,950","4,185",1,,,
Jagatpur Road,Jan-Mar 2019,"3,380 - 4,900","4,140",2,,,
Jagatpur Road,Oct-Dec 2018,"3,300 - 4,850","4,075",2,,,
Jagatpur Road,Jul-Sep 2018,"3,250 - 4,800","4,025",3,,,
,,,,,,,
Jagatpur Village,Oct-Dec 2024,"4,175-5,707","4,941",0.3,,,
Jagatpur Village,Jul-Sep 2024,"4,159-5,694","4,927",1,,,
Jagatpur Village,Apr-Jun 2024,"4,124-5,660","4,892",3,,,
Jagatpur Village,Jan-Mar 2024,"3,964-5,562","4,763",1,,,
Jagatpur Village,Oct-Dec 2023,"3,940-5,521","4,731",2,,,
Jagatpur Village,Jul-Sep 2023,"3,844-5,464","4,654",2,,,
Jagatpur Village,Apr-Jun 2023,"3,841-5,313","4,577",1,,,
Jagatpur Village,Jan-Mar 2023,"3,782-5,296","4,539",1,,,
Jagatpur Village,Oct-Dec 2022,"3,753-5,245","4,499",3,,,
Jagatpur Village,Jul-Sep 2022,"3,641-5,119","4,380",3,,,
Jagatpur Village,Apr-Jun 2022,"3,552-4,915","4,234",2,,,
Jagatpur Village,Jan-Mar 2022,"3,533-4,766","4,149",1,,,
Jagatpur Village,Oct-Dec 2021,"3,441-4,750","4,096",2,,,
Jagatpur Village,Jul-Sep 2021,"3,455-4,563","4,009",1,,,
Jagatpur Village,Apr-Jun 2021,"3,343-4,586","3,964",1,,,
Jagatpur Village,Jan-Mar 2021,"3,374-4,617","3,996",1,,,
Jagatpur Village,Oct-Dec 2020,"3,392-4,500","3,946",0.5,,,
Jagatpur Village,Jul-Sep 2020,"3,359-4,570","3,964",1,,,
Jagatpur Village,Apr-Jun 2020,"3,406-4,614","4,010",3,,,
Jagatpur Village,Jan-Mar 2020,"3,340-4,449","3,894",2,,,
Jagatpur Village,Oct-Dec 2019,"3,315-4,345","3,830",1,,,
Jagatpur Village,Jul-Sep 2019,"3,338-4,362","3,850",1,,,
Jagatpur Village,Apr-Jun 2019,"3,327-4,420","3,873",4,,,
Jagatpur Village,Jan-Mar 2019,"3,230-4,236","3,733",2,,,
Jagatpur Village,Oct-Dec 2018,"3,151-4,186","3,668",3,,,
Jagatpur Village,Jul-Sep 2018,"3,061-4,077","3,569",3,,,
,,,,,,,
Jain Nagar Ghuma,Oct-Dec 2024,"3,597 - 4,835","4,216",1,,,
Jain Nagar Ghuma,Jul-Sep 2024,"3,570 - 4,800","4,185",1,,,
Jain Nagar Ghuma,Apr-Jun 2024,"3,540 - 4,760","4,150",1,,,
Jain Nagar Ghuma,Jan-Mar 2024,"3,510 - 4,720","4,115",2,,,
Jain Nagar Ghuma,Oct-Dec 2023,"3,440 - 4,660","4,050",2,,,
Jain Nagar Ghuma,Jul-Sep 2023,"3,380 - 4,590","3,985",1.5,,,
Jain Nagar Ghuma,Apr-Jun 2023,"3,340 - 4,540","3,940",1,,,
Jain Nagar Ghuma,Jan-Mar 2023,"3,300 - 4,490","3,895",2,,,
Jain Nagar Ghuma,Oct-Dec 2022,"3,230 - 4,410","3,820",3,,,
Jain Nagar Ghuma,Jul-Sep 2022,"3,140 - 4,350","3,745",2,,,
Jain Nagar Ghuma,Apr-Jun 2022,"3,100 - 4,290","3,695",2,,,
Jain Nagar Ghuma,Jan-Mar 2022,"3,060 - 4,240","3,650",1,,,
Jain Nagar Ghuma,Oct-Dec 2021,"3,000 - 4,160","3,580",1,,,
Jain Nagar Ghuma,Jul-Sep 2021,"2,960 - 4,100","3,530",0.5,,,
Jain Nagar Ghuma,Apr-Jun 2021,"2,950 - 4,080","3,515",,,,
Jain Nagar Ghuma,Jan-Mar 2021,"2,940 - 4,060","3,500",,,,
Jain Nagar Ghuma,Oct-Dec 2020,"2,930 - 4,040","3,485",-1,,,
Jain Nagar Ghuma,Jul-Sep 2020,"2,920 - 4,030","3,475",,,,
Jain Nagar Ghuma,Apr-Jun 2020,"2,910 - 4,020","3,465",,,,
Jain Nagar Ghuma,Jan-Mar 2020,"2,900 - 4,000","3,450",1,,,
Jain Nagar Ghuma,Oct-Dec 2019,"2,860 - 3,970","3,415",1,,,
Jain Nagar Ghuma,Jul-Sep 2019,"2,830 - 3,940","3,385",1,,,
Jain Nagar Ghuma,Apr-Jun 2019,"2,800 - 3,910","3,355",1,,,
Jain Nagar Ghuma,Jan-Mar 2019,"2,770 - 3,880","3,325",2,,,
Jain Nagar Ghuma,Oct-Dec 2018,"2,720 - 3,840","3,280",2,,,
Jain Nagar Ghuma,Jul-Sep 2018,"2,680 - 3,800","3,240",3,,,
,,,,,,,
Jodhpur Gam Road,Oct-Dec 2024,"5,765 - 9,257","7,511",1,,,
Jodhpur Gam Road,Jul-Sep 2024,"5,746 - 9,146","7,446",3,,,
Jodhpur Gam Road,Apr-Jun 2024,"5,658 - 8,805","7,232",1,,,
Jodhpur Gam Road,Jan-Mar 2024,"5,544 - 8,742","7,143",3,,,
Jodhpur Gam Road,Oct-Dec 2023,"5,294 - 8,567","6,931",1,,,
Jodhpur Gam Road,Jul-Sep 2023,"5,329 - 8,429","6,879",2,,,
Jodhpur Gam Road,Apr-Jun 2023,"5,225 - 8,207","6,716",2,,,
Jodhpur Gam Road,Jan-Mar 2023,"5,110 - 8,050","6,580",1,,,
Jodhpur Gam Road,Oct-Dec 2022,"5,070 - 7,980","6,525",2,,,
Jodhpur Gam Road,Jul-Sep 2022,"5,030 - 7,910","6,470",2,,,
Jodhpur Gam Road,Apr-Jun 2022,"4,980 - 7,850","6,415",1.5,,,
Jodhpur Gam Road,Jan-Mar 2022,"4,940 - 7,790","6,360",1.5,,,
Jodhpur Gam Road,Oct-Dec 2021,"4,900 - 7,740","6,310",1,,,
Jodhpur Gam Road,Jul-Sep 2021,"4,850 - 7,690","6,270",1,,,
Jodhpur Gam Road,Apr-Jun 2021,"4,800 - 7,650","6,225",0.5,,,
Jodhpur Gam Road,Jan-Mar 2021,"4,770 - 7,600","6,185",,,,
Jodhpur Gam Road,Oct-Dec 2020,"4,750 - 7,580","6,165",-1,,,
Jodhpur Gam Road,Jul-Sep 2020,"4,740 - 7,560","6,150",,,,
Jodhpur Gam Road,Apr-Jun 2020,"4,730 - 7,540","6,140",,,,
Jodhpur Gam Road,Jan-Mar 2020,"4,720 - 7,520","6,130",1,,,
Jodhpur Gam Road,Oct-Dec 2019,"4,670 - 7,480","6,075",1,,,
Jodhpur Gam Road,Jul-Sep 2019,"4,630 - 7,440","6,035",1,,,
Jodhpur Gam Road,Apr-Jun 2019,"4,590 - 7,400","5,995",1,,,
Jodhpur Gam Road,Jan-Mar 2019,"4,550 - 7,360","5,955",2,,,
Jodhpur Gam Road,Oct-Dec 2018,"4,470 - 7,290","5,880",2,,,
Jodhpur Gam Road,Jul-Sep 2018,"4,390 - 7,220","5,805",3,,,
,,,,,,,
Jodhpur Village,Oct-Dec 2024,"6,218 - 9,419","7,818",0.2,,,
Jodhpur Village,Jul-Sep 2024,"6,305 - 9,293","7,799",3,,,
Jodhpur Village,Apr-Jun 2024,"6,182 - 9,001","7,591",2,,,
Jodhpur Village,Jan-Mar 2024,"6,044 - 8,884","7,464",6,,,
Jodhpur Village,Oct-Dec 2023,"5,272 - 8,755","7,014",2,,,
Jodhpur Village,Jul-Sep 2023,"5,439 - 8,353","6,896",0.4,,,
Jodhpur Village,Apr-Jun 2023,"5,385 - 8,347","6,866",3,,,
Jodhpur Village,Jan-Mar 2023,"5,400 - 7,967","6,683",3,,,
Jodhpur Village,Oct-Dec 2022,"5,308 - 7,697","6,502",0.2,,,
Jodhpur Village,Jul-Sep 2022,"5,046 - 7,930","6,488",1,,,
Jodhpur Village,Apr-Jun 2022,"5,237 - 7,661","6,449",3,,,
Jodhpur Village,Jan-Mar 2022,"4,879 - 7,642","6,260",1,,,
Jodhpur Village,Oct-Dec 2021,"5,030 - 7,333","6,181",1,,,
Jodhpur Village,Jul-Sep 2021,"5,156 - 7,312","6,234",0.8,,,
Jodhpur Village,Apr-Jun 2021,"5,100 - 7,290","6,195",0.5,,,
Jodhpur Village,Jan-Mar 2021,"5,070 - 7,250","6,160",0.5,,,
Jodhpur Village,Oct-Dec 2020,"5,137 - 7,303","6,220",,,,
Jodhpur Village,Jul-Sep 2020,"5,110 - 7,280","6,195",-0.5,,,
Jodhpur Village,Apr-Jun 2020,"5,080 - 7,250","6,165",,,,
Jodhpur Village,Jan-Mar 2020,"5,050 - 7,220","6,140",0.5,,,
Jodhpur Village,Oct-Dec 2019,"5,131 - 7,312","6,222",2,,,
Jodhpur Village,Jul-Sep 2019,"4,765 - 7,479","6,122",1,,,
Jodhpur Village,Apr-Jun 2019,"4,700 - 7,400","6,050",1,,,
Jodhpur Village,Jan-Mar 2019,"4,650 - 7,350","6,000",1,,,
Jodhpur Village,Oct-Dec 2018,"4,600 - 7,280","5,940",2,,,
Jodhpur Village,Jul-Sep 2018,"4,500 - 7,200","5,850",2,,,
,,,,,,,
Jodhpur Village Road,Oct-Dec 2024,"6,178 - 9,276","7,727",1,,,
Jodhpur Village Road,Jul-Sep 2024,"6,362 - 9,187","7,775",3,,,
Jodhpur Village Road,Apr-Jun 2024,"6,179 - 8,855","7,517",2,,,
Jodhpur Village Road,Jan-Mar 2024,"6,045 - 8,700","7,373",3,,,
Jodhpur Village Road,Oct-Dec 2023,"5,879 - 8,560","7,220",1,,,
Jodhpur Village Road,Jul-Sep 2023,"5,735 - 8,480","7,108",2,,,
Jodhpur Village Road,Apr-Jun 2023,"5,624 - 8,390","6,986",1,,,
Jodhpur Village Road,Jan-Mar 2023,"5,510 - 8,250","6,880",2,,,
Jodhpur Village Road,Oct-Dec 2022,"5,420 - 8,100","6,760",1,,,
Jodhpur Village Road,Jul-Sep 2022,"5,315 - 8,050","6,683",1.5,,,
Jodhpur Village Road,Apr-Jun 2022,"5,240 - 7,950","6,595",2,,,
Jodhpur Village Road,Jan-Mar 2022,"5,100 - 7,820","6,460",1,,,
Jodhpur Village Road,Oct-Dec 2021,"5,050 - 7,780","6,415",0.8,,,
Jodhpur Village Road,Jul-Sep 2021,"5,010 - 7,725","6,368",0.5,,,
Jodhpur Village Road,Apr-Jun 2021,"4,975 - 7,680","6,328",0.3,,,
Jodhpur Village Road,Jan-Mar 2021,"4,940 - 7,640","6,290",0.5,,,
Jodhpur Village Road,Oct-Dec 2020,"4,900 - 7,600","6,250",-0.2,,,
Jodhpur Village Road,Jul-Sep 2020,"4,880 - 7,580","6,230",-0.5,,,
Jodhpur Village Road,Apr-Jun 2020,"4,850 - 7,550","6,200",,,,
Jodhpur Village Road,Jan-Mar 2020,"4,800 - 7,520","6,160",0.5,,,
Jodhpur Village Road,Oct-Dec 2019,"4,750 - 7,490","6,120",1,,,
Jodhpur Village Road,Jul-Sep 2019,"4,700 - 7,460","6,080",0.8,,,
Jodhpur Village Road,Apr-Jun 2019,"4,650 - 7,430","6,040",0.5,,,
Jodhpur Village Road,Jan-Mar 2019,"4,620 - 7,400","6,010",0.3,,,
Jodhpur Village Road,Oct-Dec 2018,"4,600 - 7,380","5,980",0.5,,,
Jodhpur Village Road,Jul-Sep 2018,"4,580 - 7,350","5,950",1,,,
,,,,,,,
Judges Bunglow Road,Oct-Dec 2024,"6,408 - 9,954","8,181",1,,,
Judges Bunglow Road,Jul-Sep 2024,"6,431 - 9,782","8,106",2,,,
Judges Bunglow Road,Apr-Jun 2024,"6,231 - 9,604","7,917",3,,,
Judges Bunglow Road,Jan-Mar 2024,"6,013 - 9,423","7,718",1,,,
Judges Bunglow Road,Oct-Dec 2023,"5,886 - 9,409","7,648",3,,,
Judges Bunglow Road,Jul-Sep 2023,"5,733 - 9,102","7,417",2,,,
Judges Bunglow Road,Apr-Jun 2023,"5,634 - 8,865","7,250",1.5,,,
Judges Bunglow Road,Jan-Mar 2023,"5,542 - 8,750","7,143",2,,,
Judges Bunglow Road,Oct-Dec 2022,"5,410 - 8,640","7,025",1,,,
Judges Bunglow Road,Jul-Sep 2022,"5,320 - 8,530","6,935",1.5,,,
Judges Bunglow Road,Apr-Jun 2022,"5,270 - 8,470","6,840",2,,,
Judges Bunglow Road,Jan-Mar 2022,"5,190 - 8,390","6,710",1.5,,,
Judges Bunglow Road,Oct-Dec 2021,"5,080 - 8,280","6,610",1,,,
Judges Bunglow Road,Jul-Sep 2021,"5,030 - 8,200","6,540",0.5,,,
Judges Bunglow Road,Apr-Jun 2021,"4,980 - 8,150","6,490",0.3,,,
Judges Bunglow Road,Jan-Mar 2021,"4,950 - 8,110","6,450",0.5,,,
Judges Bunglow Road,Oct-Dec 2020,"4,920 - 8,080","6,420",-0.2,,,
Judges Bunglow Road,Jul-Sep 2020,"4,900 - 8,050","6,400",-0.5,,,
Judges Bunglow Road,Apr-Jun 2020,"4,880 - 8,030","6,380",,,,
Judges Bunglow Road,Jan-Mar 2020,"4,850 - 8,000","6,350",0.5,,,
Judges Bunglow Road,Oct-Dec 2019,"4,820 - 7,970","6,320",1,,,
Judges Bunglow Road,Jul-Sep 2019,"4,790 - 7,940","6,290",0.8,,,
Judges Bunglow Road,Apr-Jun 2019,"4,760 - 7,910","6,260",0.5,,,
Judges Bunglow Road,Jan-Mar 2019,"4,740 - 7,890","6,240",0.3,,,
Judges Bunglow Road,Oct-Dec 2018,"4,720 - 7,870","6,220",0.5,,,
Judges Bunglow Road,Jul-Sep 2018,"4,700 - 7,850","6,200",1,,,
,,,,,,,
Kathwada Road,Oct-Dec 2024,"2,638 - 4,375","3,507",2,,,
Kathwada Road,Jul-Sep 2024,"2,714 - 4,449","3,581",3,,,
Kathwada Road,Apr-Jun 2024,"2,641 - 4,339","3,490",2,,,
Kathwada Road,Jan-Mar 2024,"2,560 - 4,210","3,385",1.5,,,
Kathwada Road,Oct-Dec 2023,"2,500 - 4,150","3,325",2,,,
Kathwada Road,Jul-Sep 2023,"2,470 - 3,908","3,189",2,,,
Kathwada Road,Apr-Jun 2023,"2,416 - 3,819","3,118",1.5,,,
Kathwada Road,Jan-Mar 2023,"2,350 - 3,760","3,055",1,,,
Kathwada Road,Oct-Dec 2022,"2,320 - 3,730","3,025",1.2,,,
Kathwada Road,Jul-Sep 2022,"2,290 - 3,690","2,990",1.5,,,
Kathwada Road,Apr-Jun 2022,"2,250 - 3,660","2,955",1.2,,,
Kathwada Road,Jan-Mar 2022,"2,220 - 3,620","2,920",1,,,
Kathwada Road,Oct-Dec 2021,"2,190 - 3,580","2,885",0.8,,,
Kathwada Road,Jul-Sep 2021,"2,160 - 3,550","2,860",0.5,,,
Kathwada Road,Apr-Jun 2021,"2,140 - 3,530","2,840",0.3,,,
Kathwada Road,Jan-Mar 2021,"2,120 - 3,510","2,820",0.5,,,
Kathwada Road,Oct-Dec 2020,"2,100 - 3,480","2,790",-0.2,,,
Kathwada Road,Jul-Sep 2020,"2,090 - 3,470","2,780",-0.5,,,
Kathwada Road,Apr-Jun 2020,"2,080 - 3,460","2,770",,,,
Kathwada Road,Jan-Mar 2020,"2,070 - 3,450","2,760",0.5,,,
Kathwada Road,Oct-Dec 2019,"2,060 - 3,440","2,750",1,,,
Kathwada Road,Jul-Sep 2019,"2,050 - 3,430","2,740",0.8,,,
Kathwada Road,Apr-Jun 2019,"2,040 - 3,420","2,730",0.5,,,
Kathwada Road,Jan-Mar 2019,"2,030 - 3,410","2,720",0.3,,,
Kathwada Road,Oct-Dec 2018,"2,020 - 3,400","2,710",0.5,,,
Kathwada Road,Jul-Sep 2018,"2,010 - 3,390","2,700",1,,,
,,,,,,,
Khodiyar,Oct-Dec 2024,"3,938 - 5,396","4,667",2,,,
Khodiyar,Jul-Sep 2024,"3,898 - 5,298","4,598",1,,,
Khodiyar,Apr-Jun 2024,"3,768 - 5,359","4,563",6,,,
Khodiyar,Jan-Mar 2024,"3,774 - 4,852","4,313",0.3,,,
Khodiyar,Oct-Dec 2023,"3,535 - 5,114","4,324",5,,,
Khodiyar,Jul-Sep 2023,"3,444 - 4,759","4,102",1,,,
Khodiyar,Apr-Jun 2023,"3,640 - 4,516","4,078",1,,,
Khodiyar,Jan-Mar 2023,"3,632 - 4,409","4,020",1,,,
Khodiyar,Oct-Dec 2022,"3,522 - 4,613","4,067",5,,,
Khodiyar,Jul-Sep 2022,"3,436 - 4,312","3,874",1,,,
Khodiyar,Apr-Jun 2022,"3,365 - 4,330","3,848",0.5,,,
Khodiyar,Jan-Mar 2022,"3,434 - 4,226","3,830",0.5,,,
Khodiyar,Oct-Dec 2021,"3,380 - 4,195","3,788",0.8,,,
Khodiyar,Jul-Sep 2021,"3,350 - 4,150","3,750",0.5,,,
Khodiyar,Apr-Jun 2021,"3,320 - 4,120","3,730",0.3,,,
Khodiyar,Jan-Mar 2021,"3,300 - 4,100","3,710",0.5,,,
Khodiyar,Oct-Dec 2020,"3,280 - 4,080","3,690",-0.2,,,
Khodiyar,Jul-Sep 2020,"3,270 - 4,070","3,680",-0.5,,,
Khodiyar,Apr-Jun 2020,"3,260 - 4,060","3,670",,,,
Khodiyar,Jan-Mar 2020,"3,250 - 4,050","3,660",0.5,,,
Khodiyar,Oct-Dec 2019,"3,240 - 4,040","3,650",1,,,
Khodiyar,Jul-Sep 2019,"3,230 - 4,030","3,640",0.8,,,
Khodiyar,Apr-Jun 2019,"3,220 - 4,020","3,630",0.5,,,
Khodiyar,Jan-Mar 2019,"3,210 - 4,010","3,620",0.3,,,
Khodiyar,Oct-Dec 2018,"3,200 - 4,000","3,610",0.5,,,
Khodiyar,Jul-Sep 2018,"3,190 - 3,990","3,600",1,,,
,,,,,,,
Khokhra,Oct-Dec 2024,"3,060 - 4,981","4,021",4,,,
Khokhra,Jul-Sep 2024,"3,075 - 5,258","4,167",2,,,
Khokhra,Apr-Jun 2024,"2,979 - 5,155","4,067",2,,,
Khokhra,Jan-Mar 2024,"2,975 - 5,027","4,001",3,,,
Khokhra,Oct-Dec 2023,"2,975 - 4,828","3,901",2,,,
Khokhra,Jul-Sep 2023,"2,842 - 4,839","3,840",1,,,
Khokhra,Apr-Jun 2023,"2,902 - 4,856","3,879",1,,,
Khokhra,Jan-Mar 2023,"3,051 - 4,765","3,908",3,,,
Khokhra,Oct-Dec 2022,"3,030 - 4,989","4,010",3,,,
Khokhra,Jul-Sep 2022,"3,019 - 4,787","3,903",3,,,
Khokhra,Apr-Jun 2022,"3,193 - 4,847","4,020",3,,,
Khokhra,Jan-Mar 2022,"3,080 - 4,705","3,893",2,,,
Khokhra,Oct-Dec 2021,"2,966 - 4,653","3,810",2,,,
Khokhra,Jul-Sep 2021,"3,079 - 4,534","3,807",5,,,
Khokhra,Apr-Jun 2021,"3,166 - 4,843","4,004",3,,,
Khokhra,Jan-Mar 2021,"3,100 - 4,700","3,900",1,,,
Khokhra,Oct-Dec 2020,"3,445 - 5,109","4,277",3,,,
Khokhra,Jul-Sep 2020,"3,302 - 4,996","4,149",2,,,
Khokhra,Apr-Jun 2020,"3,250 - 4,950","4,100",1,,,
Khokhra,Jan-Mar 2020,"3,303 - 4,945","4,124",1,,,
Khokhra,Oct-Dec 2019,"3,232 - 5,084","4,158",2,,,
Khokhra,Jul-Sep 2019,"3,150 - 5,000","4,075",1,,,
Khokhra,Apr-Jun 2019,"3,100 - 4,950","4,050",1,,,
Khokhra,Jan-Mar 2019,"3,050 - 4,900","4,000",1,,,
Khokhra,Oct-Dec 2018,"3,000 - 4,850","3,950",1,,,
Khokhra,Jul-Sep 2018,"2,946 - 5,186","4,066",2,,,
,,,,,,,
Koteshwar,Oct-Dec 2024,"4,523 - 5,946","5,235",4,,,
Koteshwar,Jul-Sep 2024,"4,223 - 5,854","5,039",3,,,
Koteshwar,Apr-Jun 2024,"4,308 - 5,905","5,106",1,,,
Koteshwar,Jan-Mar 2024,"4,309 - 5,783","5,046",1,,,
Koteshwar,Oct-Dec 2023,"4,291 - 5,696","4,994",5,,,
Koteshwar,Jul-Sep 2023,"4,125 - 5,347","4,736",4,,,
Koteshwar,Apr-Jun 2023,"3,932 - 5,432","4,682",3,,,
Koteshwar,Jan-Mar 2023,"3,869 - 5,613","4,741",9,,,
Koteshwar,Oct-Dec 2022,"3,628 - 5,063","4,346",3,,,
Koteshwar,Jul-Sep 2022,"3,566 - 5,358","4,462",2.6,,,
Koteshwar,Apr-Jun 2022,"3,498 - 5,245","4,350",3.4,,,
Koteshwar,Jan-Mar 2022,"3,567 - 5,409","4,488",3.1,,,
Koteshwar,Oct-Dec 2021,"3,400 - 5,230","4,354",2.9,,,
Koteshwar,Jul-Sep 2021,"3,315 - 5,148","4,230",2.5,,,
Koteshwar,Apr-Jun 2021,"3,210 - 5,000","4,130",3,,,
Koteshwar,Jan-Mar 2021,"3,090 - 4,800","4,010",2.8,,,
Koteshwar,Oct-Dec 2020,"2,990 - 4,700","3,900",2.5,,,
Koteshwar,Jul-Sep 2020,"2,880 - 4,650","3,805",2.8,,,
Koteshwar,Apr-Jun 2020,"2,800 - 4,500","3,700",2.5,,,
Koteshwar,Jan-Mar 2020,"2,740 - 4,420","3,610",3,,,
Koteshwar,Oct-Dec 2019,"2,665 - 4,350","3,510",2.6,,,
Koteshwar,Jul-Sep 2019,"2,580 - 4,280","3,420",2.9,,,
Koteshwar,Apr-Jun 2019,"2,520 - 4,200","3,320",3.2,,,
Koteshwar,Jan-Mar 2019,"2,440 - 4,100","3,220",3,,,
Koteshwar,Oct-Dec 2018,"2,360 - 4,000","3,130",2.5,,,
Koteshwar,Jul-Sep 2018,"2,300 - 3,900","3,055",-,,,
,,,,,,,
Koteshwar Mandir Road,Oct-Dec 2024,"4,542 - 5,954","5,248",4,,,
Koteshwar Mandir Road,Jul-Sep 2024,"4,239 - 5,868","5,053",3,,,
Koteshwar Mandir Road,Apr-Jun 2024,"4,302 - 5,921","5,010",1.5,,,
Koteshwar Mandir Road,Jan-Mar 2024,"4,312 - 5,771","5,041",1,,,
Koteshwar Mandir Road,Oct-Dec 2023,"4,296 - 5,684","4,990",5,,,
Koteshwar Mandir Road,Jul-Sep 2023,"4,120 - 5,421","4,752",3.4,,,
Koteshwar Mandir Road,Apr-Jun 2023,"3,986 - 5,365","4,598",2.5,,,
Koteshwar Mandir Road,Jan-Mar 2023,"3,890 - 5,212","4,488",3,,,
Koteshwar Mandir Road,Oct-Dec 2022,"3,780 - 5,035","4,358",2.8,,,
Koteshwar Mandir Road,Jul-Sep 2022,"3,670 - 4,920","4,238",2.5,,,
Koteshwar Mandir Road,Apr-Jun 2022,"3,600 - 4,805","4,135",3,,,
Koteshwar Mandir Road,Jan-Mar 2022,"3,540 - 4,700","4,015",2.8,,,
Koteshwar Mandir Road,Oct-Dec 2021,"3,450 - 4,615","3,905",2.5,,,
Koteshwar Mandir Road,Jul-Sep 2021,"3,370 - 4,530","3,810",2.7,,,
Koteshwar Mandir Road,Apr-Jun 2021,"3,290 - 4,445","3,710",3.1,,,
Koteshwar Mandir Road,Jan-Mar 2021,"3,190 - 4,330","3,600",2.9,,,
Koteshwar Mandir Road,Oct-Dec 2020,"3,100 - 4,210","3,495",2.7,,,
Koteshwar Mandir Road,Jul-Sep 2020,"3,020 - 4,120","3,405",2.6,,,
Koteshwar Mandir Road,Apr-Jun 2020,"2,950 - 4,025","3,320",2.8,,,
Koteshwar Mandir Road,Jan-Mar 2020,"2,870 - 3,940","3,230",2.9,,,
Koteshwar Mandir Road,Oct-Dec 2019,"2,800 - 3,860","3,140",2.6,,,
Koteshwar Mandir Road,Jul-Sep 2019,"2,720 - 3,780","3,060",2.7,,,
Koteshwar Mandir Road,Apr-Jun 2019,"2,650 - 3,700","2,980",2.8,,,
Koteshwar Mandir Road,Jan-Mar 2019,"2,580 - 3,620","2,900",3,,,
Koteshwar Mandir Road,Oct-Dec 2018,"2,500 - 3,540","2,815",2.7,,,
Koteshwar Mandir Road,Jul-Sep 2018,"2,420 - 3,460","2,740",-,,,
,,,,,,,
Makarba,Oct-Dec 2024,"4,631-6,115","5,373",2,,,
Makarba,Jul-Sep 2024,"4,532-5,991","5,262",1,,,
Makarba,Apr-Jun 2024,"4,407-6,223","5,315",1,,,
Makarba,Jan-Mar 2024,"4,458-6,250","5,354",5,,,
Makarba,Oct-Dec 2023,"4,288-5,932","5,110",1,,,
Makarba,Jul-Sep 2023,"4,236-5,913","5,074",0.2,,,
Makarba,Apr-Jun 2023,"4,250-5,915","5,082",3,,,
Makarba,Jan-Mar 2023,"4,113-5,760","4,936",1,,,
Makarba,Oct-Dec 2022,"4,078-5,912","4,995",3,,,
Makarba,Jul-Sep 2022,"4,026-5,638","4,832",3,,,
Makarba,Apr-Jun 2022,"3,922-5,439","4,681",1,,,
Makarba,Jan-Mar 2022,"3,764-5,464","4,614",1,,,
Makarba,Oct-Dec 2021,"3,712-5,382","4,547",2,,,
Makarba,Jul-Sep 2021,"3,721-5,555","4,638",1,,,
Makarba,Apr-Jun 2021,"3,739-5,591","4,665",1,,,
Makarba,Jan-Mar 2021,"3,695-5,532","4,614",0.5,,,
Makarba,Oct-Dec 2020,"3,712-5,559","4,635",6,,,
Makarba,Jul-Sep 2020,"3,698-5,044","4,371",1,,,
Makarba,Apr-Jun 2020,"3,636-4,984","4,310",4,,,
Makarba,Jan-Mar 2020,"3,704-4,623","4,163",-,,,
Makarba,Oct-Dec 2019,"3,541-4,788","4,165",2,,,
Makarba,Jul-Sep 2019,"3,655-4,881","4,268",1,,,
Makarba,Apr-Jun 2019,"3,590-4,820","4,205",5,,,
Makarba,Jan-Mar 2019,"3,429-4,573","4,001",3,,,
Makarba,Oct-Dec 2018,"3,258-4,487","3,873",3,,,
Makarba,Jul-Sep 2018,"3,319-4,630","3,975",3,,,
,,,,,,,
Makarba Road,Oct-Dec 2024,"3,968 - 5,949","4,958",2,,,
Makarba Road,Jul-Sep 2024,"3,876 - 5,895","4,885",4,,,
Makarba Road,Apr-Jun 2024,"3,782 - 5,615","4,698",2,,,
Makarba Road,Jan-Mar 2024,"3,700 - 5,630","4,605",3,,,
Makarba Road,Oct-Dec 2023,"3,682 - 5,358","4,470",2,,,
Makarba Road,Jul-Sep 2023,"3,577 - 5,315","4,390",2,,,
Makarba Road,Apr-Jun 2023,"3,591 - 5,141","4,325",2.5,,,
Makarba Road,Jan-Mar 2023,"3,500 - 5,000","4,220",2,,,
Makarba Road,Oct-Dec 2022,"3,470 - 4,950","4,137",1.5,,,
Makarba Road,Jul-Sep 2022,"3,430 - 4,900","4,075",1.8,,,
Makarba Road,Apr-Jun 2022,"3,350 - 4,820","4,000",2,,,
Makarba Road,Jan-Mar 2022,"3,250 - 4,750","3,920",2.3,,,
Makarba Road,Oct-Dec 2021,"3,190 - 4,690","3,830",2,,,
Makarba Road,Jul-Sep 2021,"3,120 - 4,610","3,755",2.5,,,
Makarba Road,Apr-Jun 2021,"3,050 - 4,530","3,665",2.7,,,
Makarba Road,Jan-Mar 2021,"2,970 - 4,440","3,570",2.9,,,
Makarba Road,Oct-Dec 2020,"2,890 - 4,350","3,470",3.1,,,
Makarba Road,Jul-Sep 2020,"2,800 - 4,260","3,365",3.3,,,
Makarba Road,Apr-Jun 2020,"2,720 - 4,170","3,260",3,,,
Makarba Road,Jan-Mar 2020,"2,640 - 4,080","3,165",3.2,,,
Makarba Road,Oct-Dec 2019,"2,560 - 3,990","3,065",3,,,
Makarba Road,Jul-Sep 2019,"2,480 - 3,900","2,975",3.1,,,
Makarba Road,Apr-Jun 2019,"2,400 - 3,810","2,885",3.3,,,
Makarba Road,Jan-Mar 2019,"2,320 - 3,720","2,795",3.4,,,
Makarba Road,Oct-Dec 2018,"2,250 - 3,630","2,705",3.2,,,
Makarba Road,Jul-Sep 2018,"2,180 - 3,550","2,620",-,,,
,,,,,,,
Maninagar,Oct-Dec 2024,"3,809-6,386","5,097",0.5,,,
Maninagar,Jul-Sep 2024,"3,768-6,475","5,122",4,,,
Maninagar,Apr-Jun 2024,"3,617-6,256","4,936",2,,,
Maninagar,Jan-Mar 2024,"3,763-6,312","5,038",3,,,
Maninagar,Oct-Dec 2023,"3,658-6,088","4,873",0.4,,,
Maninagar,Jul-Sep 2023,"3,657-6,052","4,855",4,,,
Maninagar,Apr-Jun 2023,"3,530-5,801","4,665",4,,,
Maninagar,Jan-Mar 2023,"3,386-5,608","4,497",1,,,
Maninagar,Oct-Dec 2022,"3,340-5,756","4,548",1,,,
Maninagar,Jul-Sep 2022,"3,309-5,663","4,486",3,,,
Maninagar,Apr-Jun 2022,"3,439-5,765","4,602",5,,,
Maninagar,Jan-Mar 2022,"3,284-5,515","4,400",,,,
Maninagar,Oct-Dec 2021,"3,258-5,539","4,399",0.3,,,
Maninagar,Jul-Sep 2021,"3,288-5,536","4,412",2,,,
Maninagar,Apr-Jun 2021,"3,341-5,698","4,520",1,,,
Maninagar,Jan-Mar 2021,"3,345-5,633","4,489",1,,,
Maninagar,Oct-Dec 2020,"3,389-5,668","4,529",1,,,
Maninagar,Jul-Sep 2020,"3,502-5,680","4,591",4,,,
Maninagar,Apr-Jun 2020,"3,308-5,515","4,411",4,,,
Maninagar,Jan-Mar 2020,"3,553-5,659","4,606",6,,,
Maninagar,Oct-Dec 2019,"3,405-5,316","4,361",4,,,
Maninagar,Jul-Sep 2019,"3,428-5,647","4,538",11,,,
Maninagar,Apr-Jun 2019,"3,170-5,040","4,105",3,,,
Maninagar,Jan-Mar 2019,"3,237-5,230","4,234",0.3,,,
Maninagar,Oct-Dec 2018,"3,135-5,304","4,220",1,,,
Maninagar,Jul-Sep 2018,"3,218-5,113","4,166",2,,,
,,,,,,,
Maninagar Road,Oct-Dec 2024,"3,356 - 5,825","4,590",2,,,
Maninagar Road,Jul-Sep 2024,"3,406 - 5,565","4,485",2,,,
Maninagar Road,Apr-Jun 2024,"3,410 - 5,629","4,519",1.8,,,
Maninagar Road,Jan-Mar 2024,"3,320 - 5,500","4,440",2.1,,,
Maninagar Road,Oct-Dec 2023,"3,280 - 5,420","4,350",1.9,,,
Maninagar Road,Jul-Sep 2023,"3,240 - 5,370","4,270",1.5,,,
Maninagar Road,Apr-Jun 2023,"3,195 - 5,280","4,205",2,,,
Maninagar Road,Jan-Mar 2023,"3,130 - 5,190","4,120",1.7,,,
Maninagar Road,Oct-Dec 2022,"3,085 - 5,100","4,050",2.2,,,
Maninagar Road,Jul-Sep 2022,"3,020 - 5,030","3,960",1.8,,,
Maninagar Road,Apr-Jun 2022,"2,970 - 4,940","3,885",2.4,,,
Maninagar Road,Jan-Mar 2022,"2,900 - 4,850","3,795",2.5,,,
Maninagar Road,Oct-Dec 2021,"2,850 - 4,750","3,705",2.3,,,
Maninagar Road,Jul-Sep 2021,"2,790 - 4,670","3,625",2.6,,,
Maninagar Road,Apr-Jun 2021,"2,730 - 4,590","3,535",2.8,,,
Maninagar Road,Jan-Mar 2021,"2,670 - 4,510","3,440",2.9,,,
Maninagar Road,Oct-Dec 2020,"2,600 - 4,420","3,340",3.1,,,
Maninagar Road,Jul-Sep 2020,"2,520 - 4,330","3,240",3.3,,,
Maninagar Road,Apr-Jun 2020,"2,440 - 4,240","3,135",3,,,
Maninagar Road,Jan-Mar 2020,"2,350 - 4,150","3,040",3.2,,,
Maninagar Road,Oct-Dec 2019,"2,280 - 4,060","2,950",3,,,
Maninagar Road,Jul-Sep 2019,"2,200 - 3,970","2,860",3.1,,,
Maninagar Road,Apr-Jun 2019,"2,120 - 3,880","2,770",3.3,,,
Maninagar Road,Jan-Mar 2019,"2,050 - 3,790","2,680",3.4,,,
Maninagar Road,Oct-Dec 2018,"1,980 - 3,700","2,590",3.2,,,
Maninagar Road,Jul-Sep 2018,"1,910 - 3,620","2,505",-,,,
,,,,,,,
Memnagar,Oct-Dec 2024,"4,887-7,235","6,061",1,,,
Memnagar,Jul-Sep 2024,"4,808-7,137","5,973",3,,,
Memnagar,Apr-Jun 2024,"4,606-7,015","5,811",1,,,
Memnagar,Jan-Mar 2024,"4,647-6,882","5,764",1,,,
Memnagar,Oct-Dec 2023,"4,695-6,896","5,795",1,,,
Memnagar,Jul-Sep 2023,"4,600-7,061","5,831",3,,,
Memnagar,Apr-Jun 2023,"4,445-6,890","5,667",2,,,
Memnagar,Jan-Mar 2023,"4,527-6,980","5,754",,,,
Memnagar,Oct-Dec 2022,"4,665-6,833","5,749",1,,,
Memnagar,Jul-Sep 2022,"4,667-6,722","5,695",1,,,
Memnagar,Apr-Jun 2022,"4,557-6,676","5,617",3,,,
Memnagar,Jan-Mar 2022,"4,347-6,605","5,476",1,,,
Memnagar,Oct-Dec 2021,"4,288-6,536","5,412",1,,,
Memnagar,Jul-Sep 2021,"4,266-6,457","5,362",1,,,
Memnagar,Apr-Jun 2021,"4,209-6,449","5,329",1,,,
Memnagar,Jan-Mar 2021,"4,279-6,434","5,357",0.2,,,
Memnagar,Oct-Dec 2020,"4,190-6,549","5,370",2,,,
Memnagar,Jul-Sep 2020,"4,488-6,439","5,463",1,,,
Memnagar,Apr-Jun 2020,"4,478-6,513","5,495",1,,,
Memnagar,Jan-Mar 2020,"4,680-6,451","5,566",0.5,,,
Memnagar,Oct-Dec 2019,"4,632-6,448","5,540",2,,,
Memnagar,Jul-Sep 2019,"4,422-6,450","5,436",,,,
Memnagar,Apr-Jun 2019,"4,494-6,379","5,436",2,,,
Memnagar,Jan-Mar 2019,"4,231-6,394","5,313",1,,,
Memnagar,Oct-Dec 2018,"4,348-6,425","5,386",4,,,
Memnagar,Jul-Sep 2018,"4,245-6,123","5,184",2,,,
,,,,,,,
Motera,Oct-Dec 2024,"4,127-6,018","5,072",2,,,
Motera,Jul-Sep 2024,"4,122-5,792","4,957",1,,,
Motera,Apr-Jun 2024,"4,157-5,829","4,993",0.1,,,
Motera,Jan-Mar 2024,"4,167-5,831","4,999",1,,,
Motera,Oct-Dec 2023,"4,132-5,742","4,937",1,,,
Motera,Jul-Sep 2023,"3,983-5,755","4,869",1,,,
Motera,Apr-Jun 2023,"3,871-5,752","4,812",2,,,
Motera,Jan-Mar 2023,"3,723-5,699","4,711",4,,,
Motera,Oct-Dec 2022,"3,696-5,337","4,517",1,,,
Motera,Jul-Sep 2022,"3,547-5,386","4,466",3,,,
Motera,Apr-Jun 2022,"3,498-5,152","4,325",1,,,
Motera,Jan-Mar 2022,"3,448-5,099","4,273",1,,,
Motera,Oct-Dec 2021,"3,440-4,991","4,216",2,,,
Motera,Jul-Sep 2021,"3,545-5,078","4,312",1,,,
Motera,Apr-Jun 2021,"3,540-5,009","4,274",2,,,
Motera,Jan-Mar 2021,"3,387-4,957","4,172",2,,,
Motera,Oct-Dec 2020,"3,438-4,720","4,079",0.1,,,
Motera,Jul-Sep 2020,"3,272-4,898","4,085",2,,,
Motera,Apr-Jun 2020,"3,189-4,812","4,000",1,,,
Motera,Jan-Mar 2020,"3,180-4,775","3,977",3,,,
Motera,Oct-Dec 2019,"3,199-4,532","3,866",2,,,
Motera,Jul-Sep 2019,"3,080-4,479","3,780",3,,,
Motera,Apr-Jun 2019,"2,972-4,353","3,663",1,,,
Motera,Jan-Mar 2019,"3,044-4,336","3,690",1,,,
Motera,Oct-Dec 2018,"3,017-4,271","3,644",1,,,
Motera,Jul-Sep 2018,"2,953-4,291","3,622",2,,,
,,,,,,,
Motera Koteshwar Road,Oct-Dec 2024,"4,112 - 6,011","5,062",2,,,
Motera Koteshwar Road,Jul-Sep 2024,"4,126 - 5,786","4,956",2,,,
Motera Koteshwar Road,Apr-Jun 2024,"4,144 - 5,821","4,983",1.5,,,
Motera Koteshwar Road,Jan-Mar 2024,"4,170 - 5,825","4,997",2,,,
Motera Koteshwar Road,Oct-Dec 2023,"4,124 - 5,785","4,954",2,,,
Motera Koteshwar Road,Jul-Sep 2023,"3,972 - 5,736","4,854",2,,,
Motera Koteshwar Road,Apr-Jun 2023,"3,876 - 5,742","4,809",1.8,,,
Motera Koteshwar Road,Jan-Mar 2023,"3,821 - 5,610","4,723",2.1,,,
Motera Koteshwar Road,Oct-Dec 2022,"3,720 - 5,525","4,626",2.3,,,
Motera Koteshwar Road,Jul-Sep 2022,"3,624 - 5,435","4,523",1.7,,,
Motera Koteshwar Road,Apr-Jun 2022,"3,580 - 5,410","4,448",2.4,,,
Motera Koteshwar Road,Jan-Mar 2022,"3,495 - 5,310","4,345",2.6,,,
Motera Koteshwar Road,Oct-Dec 2021,"3,420 - 5,205","4,237",2.8,,,
Motera Koteshwar Road,Jul-Sep 2021,"3,335 - 5,120","4,120",2.5,,,
Motera Koteshwar Road,Apr-Jun 2021,"3,260 - 5,010","4,020",3.1,,,
Motera Koteshwar Road,Jan-Mar 2021,"3,170 - 4,860","3,900",3,,,
Motera Koteshwar Road,Oct-Dec 2020,"3,090 - 4,750","3,785",2.9,,,
Motera Koteshwar Road,Jul-Sep 2020,"3,000 - 4,600","3,680",3.2,,,
Motera Koteshwar Road,Apr-Jun 2020,"2,900 - 4,510","3,570",3.3,,,
Motera Koteshwar Road,Jan-Mar 2020,"2,810 - 4,420","3,460",3.5,,,
Motera Koteshwar Road,Oct-Dec 2019,"2,720 - 4,320","3,340",3.1,,,
Motera Koteshwar Road,Jul-Sep 2019,"2,640 - 4,230","3,240",3.2,,,
Motera Koteshwar Road,Apr-Jun 2019,"2,550 - 4,120","3,130",3.3,,,
Motera Koteshwar Road,Jan-Mar 2019,"2,470 - 4,010","3,030",3.4,,,
Motera Koteshwar Road,Oct-Dec 2018,"2,400 - 3,900","2,920",3.2,,,
Motera Koteshwar Road,Jul-Sep 2018,"2,320 - 3,800","2,830",-,,,
,,,,,,,
Motera Road,Oct-Dec 2024,"4,121 - 6,110","5,116",2,,,
Motera Road,Jul-Sep 2024,"4,124 - 5,889","5,007",2,,,
Motera Road,Apr-Jun 2024,"4,192 - 5,938","5,065",1.6,,,
Motera Road,Jan-Mar 2024,"4,179 - 5,901","5,040",2,,,
Motera Road,Oct-Dec 2023,"4,130 - 5,775","4,953",2.1,,,
Motera Road,Jul-Sep 2023,"4,025 - 5,680","4,850",1.9,,,
Motera Road,Apr-Jun 2023,"3,978 - 5,620","4,760",1.8,,,
Motera Road,Jan-Mar 2023,"3,910 - 5,545","4,675",2,,,
Motera Road,Oct-Dec 2022,"3,850 - 5,460","4,585",2.3,,,
Motera Road,Jul-Sep 2022,"3,760 - 5,380","4,480",1.8,,,
Motera Road,Apr-Jun 2022,"3,720 - 5,350","4,420",2.4,,,
Motera Road,Jan-Mar 2022,"3,600 - 5,230","4,315",2.7,,,
Motera Road,Oct-Dec 2021,"3,480 - 5,110","4,200",2.9,,,
Motera Road,Jul-Sep 2021,"3,395 - 5,020","4,100",2.6,,,
Motera Road,Apr-Jun 2021,"3,310 - 4,900","3,990",3,,,
Motera Road,Jan-Mar 2021,"3,220 - 4,760","3,880",3.2,,,
Motera Road,Oct-Dec 2020,"3,120 - 4,640","3,760",3.1,,,
Motera Road,Jul-Sep 2020,"3,025 - 4,500","3,650",3.3,,,
Motera Road,Apr-Jun 2020,"2,930 - 4,420","3,550",3.4,,,
Motera Road,Jan-Mar 2020,"2,850 - 4,320","3,440",3.6,,,
Motera Road,Oct-Dec 2019,"2,780 - 4,200","3,330",3.2,,,
Motera Road,Jul-Sep 2019,"2,700 - 4,110","3,230",3.3,,,
Motera Road,Apr-Jun 2019,"2,620 - 4,000","3,120",3.4,,,
Motera Road,Jan-Mar 2019,"2,540 - 3,890","3,020",3.5,,,
Motera Road,Oct-Dec 2018,"2,460 - 3,780","2,920",3.3,,,
Motera Road,Jul-Sep 2018,"2,380 - 3,680","2,830",-,,,
,,,,,,,
Motera Stadium Road,Oct-Dec 2024,4113 - 6129,"5,121",3,,,
Motera Stadium Road,Jul-Sep 2024,4122 - 5823,"4,972",-0.16,,,
Motera Stadium Road,Apr-Jun 2024,4153 - 5850,4980,-0.64,,,
Motera Stadium Road,Jan-Mar 2024,4153 - 5872,"5,012",2,,,
Motera Stadium Road,Oct-Dec 2023,4122 - 5735,"4,928",2.86,,,
Motera Stadium Road,Jul-Sep 2023,4015 - 5680,4791,2.59,,,
Motera Stadium Road,Apr-Jun 2023,3950 - 5630,4670,2.41,,,
Motera Stadium Road,Jan-Mar 2023,3860 - 5570,4560,2.82,,,
Motera Stadium Road,Oct-Dec 2022,3750 - 5490,4435,2.9,,,
Motera Stadium Road,Jul-Sep 2022,3660 - 5400,4310,2.86,,,
Motera Stadium Road,Apr-Jun 2022,3580 - 5310,4190,2.82,,,
Motera Stadium Road,Jan-Mar 2022,3500 - 5230,4075,2.9,,,
Motera Stadium Road,Oct-Dec 2021,3420 - 5140,3960,2.86,,,
Motera Stadium Road,Jul-Sep 2021,3340 - 5050,3850,2.94,,,
Motera Stadium Road,Apr-Jun 2021,3260 - 4960,3740,3.03,,,
Motera Stadium Road,Jan-Mar 2021,3180 - 4870,3630,3.12,,,
Motera Stadium Road,Oct-Dec 2020,3100 - 4780,3520,3.07,,,
Motera Stadium Road,Jul-Sep 2020,3020 - 4690,3415,3.17,,,
Motera Stadium Road,Apr-Jun 2020,2940 - 4600,3310,3.28,,,
Motera Stadium Road,Jan-Mar 2020,2860 - 4510,3205,3.39,,,
Motera Stadium Road,Oct-Dec 2019,2780 - 4420,3100,3.16,,,
Motera Stadium Road,Jul-Sep 2019,2700 - 4330,3005,3.26,,,
Motera Stadium Road,Apr-Jun 2019,2620 - 4240,2910,3.37,,,
Motera Stadium Road,Jan-Mar 2019,2540 - 4150,2815,3.49,,,
Motera Stadium Road,Oct-Dec 2018,2460 - 4060,2720,3.42,,,
Motera Stadium Road,Jul-Sep 2018,2380 - 3970,2630,,,,
,,,,,,,
Naranpura,Oct-Dec 2024,"5,192-7,586","6,389",2,,,
Naranpura,Jul-Sep 2024,"5,313-7,751","6,532",3,,,
Naranpura,Apr-Jun 2024,"5,200-7,538","6,369",1,,,
Naranpura,Jan-Mar 2024,"5,098-7,537","6,317",2,,,
Naranpura,Oct-Dec 2023,"4,971-7,416","6,193",2,,,
Naranpura,Jul-Sep 2023,"4,748-7,358","6,053",0.5,,,
Naranpura,Apr-Jun 2023,"4,842-7,319","6,081",2,,,
Naranpura,Jan-Mar 2023,"4,803-7,109","5,956",0.4,,,
Naranpura,Oct-Dec 2022,"4,722-7,139","5,930",4,,,
Naranpura,Jul-Sep 2022,"4,439-6,971","5,705",2,,,
Naranpura,Apr-Jun 2022,"4,398-6,829","5,614",0.1,,,
Naranpura,Jan-Mar 2022,"4,406-6,808","5,607",1,,,
Naranpura,Oct-Dec 2021,"4,345-6,765","5,555",2,,,
Naranpura,Jul-Sep 2021,"4,169-6,724","5,446",1,,,
Naranpura,Apr-Jun 2021,"4,162-6,638","5,400",2,,,
Naranpura,Jan-Mar 2021,"4,326-6,654","5,490",4,,,
Naranpura,Oct-Dec 2020,"4,165-6,432","5,299",1,,,
Naranpura,Jul-Sep 2020,"4,119-6,565","5,342",4,,,
Naranpura,Apr-Jun 2020,"4,316-6,764","5,540",1,,,
Naranpura,Jan-Mar 2020,"4,342-6,629","5,485",2,,,
Naranpura,Oct-Dec 2019,"4,377-6,764","5,570",4,,,
Naranpura,Jul-Sep 2019,"4,200-6,525","5,363",1,,,
Naranpura,Apr-Jun 2019,"4,128-6,725","5,426",5,,,
Naranpura,Jan-Mar 2019,"3,793-6,576","5,185",1,,,
Naranpura,Oct-Dec 2018,"4,053-6,414","5,234",1,,,
Naranpura,Jul-Sep 2018,"3,674-5,884","4,779",8,,,
,,,,,,,
Naroda,Oct-Dec 2024,"2,374-3,996","3,185",3,,,
Naroda,Jul-Sep 2024,"2,511-4,063","3,287",1,,,
Naroda,Apr-Jun 2024,"2,560-4,093","3,327",1,,,
Naroda,Jan-Mar 2024,"2,498-4,060","3,279",2,,,
Naroda,Oct-Dec 2023,"2,416-4,037","3,226",8,,,
Naroda,Jul-Sep 2023,"2,343-3,642","2,992",3,,,
Naroda,Apr-Jun 2023,"2,283-3,543","2,913",2,,,
Naroda,Jan-Mar 2023,"2,240-3,485","2,863",3,,,
Naroda,Oct-Dec 2022,"2,156-3,405","2,780",2,,,
Naroda,Jul-Sep 2022,"2,151-3,282","2,716",2,,,
Naroda,Apr-Jun 2022,"2,161-3,402","2,782",3,,,
Naroda,Jan-Mar 2022,"2,098-3,278","2,688",0.4,,,
Naroda,Oct-Dec 2021,"2,119-3,235","2,677",0.5,,,
Naroda,Jul-Sep 2021,"2,047-3,281","2,664",4,,,
Naroda,Apr-Jun 2021,"1,980-3,162","2,571",2,,,
Naroda,Jan-Mar 2021,"2,048-3,199","2,623",2,,,
Naroda,Oct-Dec 2020,"2,015-3,149","2,582",1,,,
Naroda,Jul-Sep 2020,"2,016-3,085","2,550",2,,,
Naroda,Apr-Jun 2020,"1,935-3,050","2,493",2,,,
Naroda,Jan-Mar 2020,"1,892-3,012","2,452",1,,,
Naroda,Oct-Dec 2019,"1,975-2,973","2,474",1,,,
Naroda,Jul-Sep 2019,"1,912-2,977","2,444",4,,,
Naroda,Apr-Jun 2019,"1,847-2,862","2,355",3,,,
Naroda,Jan-Mar 2019,"1,761-2,816","2,289",0.3,,,
Naroda,Oct-Dec 2018,"1,860-2,729","2,295",2,,,
Naroda,Jul-Sep 2018,"1,738-2,757","2,247",1,,,
,,,,,,,
Naroda Dehgam Road,Oct-Dec 2024,2457 - 4200,"3,329",2,,,
Naroda Dehgam Road,Jul-Sep 2024,2584 - 4198,"3,391",2.23,,,
Naroda Dehgam Road,Apr-Jun 2024,2545 - 4150,3317,1.68,,,
Naroda Dehgam Road,Jan-Mar 2024,2528 - 4106,"3,262",1.36,,,
Naroda Dehgam Road,Oct-Dec 2023,2500 - 4060,3218,1.65,,,
Naroda Dehgam Road,Jul-Sep 2023,2460 - 4005,3166,1.83,,,
Naroda Dehgam Road,Apr-Jun 2023,2405 - 3950,3109,2.04,,,
Naroda Dehgam Road,Jan-Mar 2023,2350 - 3900,3047,2.1,,,
Naroda Dehgam Road,Oct-Dec 2022,2300 - 3850,2984,2.15,,,
Naroda Dehgam Road,Jul-Sep 2022,2250 - 3800,2922,2.29,,,
Naroda Dehgam Road,Apr-Jun 2022,2200 - 3750,2857,2.39,,,
Naroda Dehgam Road,Jan-Mar 2022,2150 - 3700,2791,2.5,,,
Naroda Dehgam Road,Oct-Dec 2021,2100 - 3650,2724,2.7,,,
Naroda Dehgam Road,Jul-Sep 2021,2040 - 3600,2652,2.85,,,
Naroda Dehgam Road,Apr-Jun 2021,1980 - 3550,2578,3.02,,,
Naroda Dehgam Road,Jan-Mar 2021,1920 - 3500,2503,3.21,,,
Naroda Dehgam Road,Oct-Dec 2020,1860 - 3450,2425,3.41,,,
Naroda Dehgam Road,Jul-Sep 2020,1800 - 3400,2346,3.62,,,
Naroda Dehgam Road,Apr-Jun 2020,1740 - 3350,2266,3.85,,,
Naroda Dehgam Road,Jan-Mar 2020,1680 - 3300,2182,4.09,,,
Naroda Dehgam Road,Oct-Dec 2019,1620 - 3250,2097,4.35,,,
Naroda Dehgam Road,Jul-Sep 2019,1560 - 3200,2010,4.63,,,
Naroda Dehgam Road,Apr-Jun 2019,1500 - 3150,1921,4.92,,,
Naroda Dehgam Road,Jan-Mar 2019,1440 - 3100,1830,5.23,,,
Naroda Dehgam Road,Oct-Dec 2018,1380 - 3050,1738,5.55,,,
Naroda Dehgam Road,Jul-Sep 2018,1320 - 3000,1645,,,,
,,,,,,,
Naroda Road,Oct-Dec 2024,2411 - 4217,"3,314",0.2,,,
Naroda Road,Jul-Sep 2024,2480 - 4134,"3,307",0.3,,,
Naroda Road,Apr-Jun 2024,2511 - 4085,"3,298",0.5,,,
Naroda Road,Jan-Mar 2024,2516 - 4050,"3,283",4,,,
Naroda Road,Oct-Dec 2023,2344 - 3950,"3,147",2,,,
Naroda Road,Jul-Sep 2023,2387 - 3791,"3,089",5,,,
Naroda Road,Apr-Jun 2023,2285 - 3578,"2,932",3,,,
Naroda Road,Jan-Mar 2023,2230 - 3450,2845,3.1,,,
Naroda Road,Oct-Dec 2022,2180 - 3350,2760,3.25,,,
Naroda Road,Jul-Sep 2022,2130 - 3250,2673,3.4,,,
Naroda Road,Apr-Jun 2022,2080 - 3150,2585,3.6,,,
Naroda Road,Jan-Mar 2022,2025 - 3050,2496,3.85,,,
Naroda Road,Oct-Dec 2021,1970 - 2950,2405,4,,,
Naroda Road,Jul-Sep 2021,1915 - 2850,2313,4.2,,,
Naroda Road,Apr-Jun 2021,1860 - 2750,2220,4.35,,,
Naroda Road,Jan-Mar 2021,1805 - 2650,2125,4.5,,,
Naroda Road,Oct-Dec 2020,1750 - 2550,2029,4.7,,,
Naroda Road,Jul-Sep 2020,1690 - 2450,1932,4.85,,,
Naroda Road,Apr-Jun 2020,1630 - 2350,1835,5,,,
Naroda Road,Jan-Mar 2020,1570 - 2250,1737,5.2,,,
Naroda Road,Oct-Dec 2019,1510 - 2150,1638,5.4,,,
Naroda Road,Jul-Sep 2019,1450 - 2050,1538,5.65,,,
Naroda Road,Apr-Jun 2019,1390 - 1950,1437,5.85,,,
Naroda Road,Jan-Mar 2019,1330 - 1850,1335,6.1,,,
Naroda Road,Oct-Dec 2018,1270 - 1750,1232,6.35,,,
Naroda Road,Jul-Sep 2018,1210 - 1650,1128,,,,
,,,,,,,
Narol Road,Oct-Dec 2024,"2,250-3,550","2,900",3,,,
Narol Road,Jul-Sep 2024,"2,200-3,450","2,820",3,,,
Narol Road,Apr-Jun 2024,"2,150-3,350","2,740",2.5,,,
Narol Road,Jan-Mar 2024,"2,100-3,250","2,675",2,,,
Narol Road,Oct-Dec 2023,"2,050-3,150","2,625",2,,,
Narol Road,Jul-Sep 2023,"2,000-3,050","2,575",2,,,
Narol Road,Apr-Jun 2023,"1,950-2,950","2,525",1.5,,,
Narol Road,Jan-Mar 2023,"1,925-2,875","2,485",1.5,,,
Narol Road,Oct-Dec 2022,"1,900-2,800","2,450",1.2,,,
Narol Road,Jul-Sep 2022,"1,875-2,750","2,420",1,,,
Narol Road,Apr-Jun 2022,"1,850-2,700","2,395",1,,,
Narol Road,Jan-Mar 2022,"1,825-2,650","2,370",0.8,,,
Narol Road,Oct-Dec 2021,"1,800-2,600","2,350",0.8,,,
Narol Road,Jul-Sep 2021,"1,775-2,550","2,330",0.5,,,
Narol Road,Apr-Jun 2021,"1,750-2,500","2,315",0.5,,,
Narol Road,Jan-Mar 2021,"1,725-2,450","2,300",0.3,,,
Narol Road,Oct-Dec 2020,"1,700-2,400","2,290",0.2,,,
Narol Road,Jul-Sep 2020,"1,675-2,350","2,285",0.2,,,
Narol Road,Apr-Jun 2020,"1,650-2,300","2,280",0.1,,,
Narol Road,Jan-Mar 2020,"1,625-2,250","2,275",0.1,,,
Narol Road,Oct-Dec 2019,"1,600-2,200","2,270",,,,
Narol Road,Jul-Sep 2019,"1,600-2,200","2,270",,,,
Narol Road,Apr-Jun 2019,"1,600-2,200","2,270",,,,
Narol Road,Jan-Mar 2019,"1,600-2,200","2,270",,,,
Narol Road,Oct-Dec 2018,"1,600-2,200","2,270",,,,
Narol Road,Jul-Sep 2018,"1,600-2,200","2,270",,,,
,,,,,,,
Narol Vatva Road,Oct-Dec 2024,"2,048-3,124","2,586",0.1,,,
Narol Vatva Road,Jul-Sep 2024,"2,000-3,166","2,583",4,,,
Narol Vatva Road,Apr-Jun 2024,"1,945-3,009","2,477",3,,,
Narol Vatva Road,Jan-Mar 2024,"1,976-3,108","2,542",-,,,
Narol Vatva Road,Oct-Dec 2023,"1,900-2,950","2,450",2,,,
Narol Vatva Road,Jul-Sep 2023,"1,864-2,928","2,396",3,,,
Narol Vatva Road,Apr-Jun 2023,"1,820-2,850","2,325",2,,,
Narol Vatva Road,Jan-Mar 2023,"1,780-2,780","2,280",1.5,,,
Narol Vatva Road,Oct-Dec 2022,"1,750-2,720","2,245",2,,,
Narol Vatva Road,Jul-Sep 2022,"1,720-2,670","2,200",1.5,,,
Narol Vatva Road,Apr-Jun 2022,"1,690-2,630","2,167",1.8,,,
Narol Vatva Road,Jan-Mar 2022,"1,650-2,600","2,128",1.2,,,
Narol Vatva Road,Oct-Dec 2021,"1,620-2,560","2,103",1.5,,,
Narol Vatva Road,Jul-Sep 2021,"1,600-2,530","2,072",1.3,,,
Narol Vatva Road,Apr-Jun 2021,"1,580-2,500","2,045",1.2,,,
Narol Vatva Road,Jan-Mar 2021,"1,550-2,480","2,021",1,,,
Narol Vatva Road,Oct-Dec 2020,"1,530-2,450","2,000",1.2,,,
Narol Vatva Road,Jul-Sep 2020,"1,500-2,400","1,976",1.5,,,
Narol Vatva Road,Apr-Jun 2020,"1,470-2,360","1,947",1.8,,,
Narol Vatva Road,Jan-Mar 2020,"1,440-2,320","1,915",2,,,
Narol Vatva Road,Oct-Dec 2019,"1,410-2,280","1,882",1.5,,,
Narol Vatva Road,Jul-Sep 2019,"1,380-2,240","1,850",1.3,,,
Narol Vatva Road,Apr-Jun 2019,"1,350-2,200","1,825",1.5,,,
Narol Vatva Road,Jan-Mar 2019,"1,320-2,160","1,800",1.8,,,
Narol Vatva Road,Oct-Dec 2018,"1,300-2,120","1,770",1.6,,,
Narol Vatva Road,Jul-Sep 2018,"1,280-2,100","1,742",-,,,
,,,,,,,
Narolgam,Oct-Dec 2024,"2,098-3,076","2,587",2,,,
Narolgam,Jul-Sep 2024,"2,010-3,077","2,543",3,,,
Narolgam,Apr-Jun 2024,"1,983-2,934","2,459",2,,,
Narolgam,Jan-Mar 2024,"1,987-3,019","2,503",5,,,
Narolgam,Oct-Dec 2023,"1,873-2,905","2,389",4,,,
Narolgam,Jul-Sep 2023,"1,850-2,757","2,304",1,,,
Narolgam,Apr-Jun 2023,"1,878-2,758","2,318",1,,,
Narolgam,Jan-Mar 2023,"1,804-2,858","2,331",0.2,,,
Narolgam,Oct-Dec 2022,"1,826-2,828","2,327",3,,,
Narolgam,Jul-Sep 2022,"1,785-2,731","2,258",0.5,,,
Narolgam,Apr-Jun 2022,"1,819-2,674","2,247",0.4,,,
Narolgam,Jan-Mar 2022,"1,833-2,677","2,255",2,,,
Narolgam,Oct-Dec 2021,"1,817-2,620","2,218",1,,,
Narolgam,Jul-Sep 2021,"1,802-2,677","2,240",,,,
Narolgam,Apr-Jun 2021,"1,819-2,657","2,238",,,,
Narolgam,Jan-Mar 2021,"1,781-2,695","2,238",3,,,
Narolgam,Oct-Dec 2020,"1,731-2,594","2,163",1,,,
Narolgam,Jul-Sep 2020,"1,745-2,630","2,187",1,,,
Narolgam,Apr-Jun 2020,"1,770-2,569","2,170",3,,,
Narolgam,Jan-Mar 2020,"1,658-2,556","2,107",1,,,
Narolgam,Oct-Dec 2019,"1,716-2,530","2,123",2,,,
Narolgam,Jul-Sep 2019,"1,741-2,418","2,080",2,,,
Narolgam,Apr-Jun 2019,"1,758-2,508","2,133",1,,,
Narolgam,Jan-Mar 2019,"1,680-2,523","2,102",2,,,
Narolgam,Oct-Dec 2018,"1,638-2,466","2,052",1,,,
Narolgam,Jul-Sep 2018,"1,656-2,483","2,069",4,,,
,,,,,,,
Nava Naroda,Oct-Dec 2024,"2,599-4,355","3,477",1,,,
Nava Naroda,Jul-Sep 2024,"2,624-4,366","3,495",2,,,
Nava Naroda,Apr-Jun 2024,"2,581-4,294","3,438",5,,,
Nava Naroda,Jan-Mar 2024,"2,528-4,021","3,274",4,,,
Nava Naroda,Oct-Dec 2023,"2,391-3,912","3,152",3,,,
Nava Naroda,Jul-Sep 2023,"2,405-3,733","3,069",-,,,
Nava Naroda,Apr-Jun 2023,"2,307-3,825","3,066",2,,,
Nava Naroda,Jan-Mar 2023,"2,441-3,819","3,130",8,,,
Nava Naroda,Oct-Dec 2022,"2,197-3,613","2,905",6,,,
Nava Naroda,Jul-Sep 2022,"2,121-3,369","2,745",0.1,,,
Nava Naroda,Apr-Jun 2022,"2,212-3,285","2,748",3,,,
Nava Naroda,Jan-Mar 2022,"2,079-3,273","2,676",1,,,
Nava Naroda,Oct-Dec 2021,"2,060-3,253","2,656",1,,,
Nava Naroda,Jul-Sep 2021,"2,009-3,229","2,619",,,,
Nava Naroda,Apr-Jun 2021,"1,956-3,308","2,632",2,,,
Nava Naroda,Jan-Mar 2021,"1,926-3,216","2,571",1,,,
Nava Naroda,Oct-Dec 2020,"2,003-3,084","2,543",1,,,
Nava Naroda,Jul-Sep 2020,"1,971-3,045","2,508",2,,,
Nava Naroda,Apr-Jun 2020,"2,095-3,005","2,550",4,,,
Nava Naroda,Jan-Mar 2020,"1,972-2,912","2,442",3,,,
Nava Naroda,Oct-Dec 2019,"2,047-2,972","2,510",4,,,
Nava Naroda,Jul-Sep 2019,"1,957-2,875","2,416",2,,,
Nava Naroda,Apr-Jun 2019,"1,941-2,994","2,467",7,,,
Nava Naroda,Jan-Mar 2019,"1,776-2,829","2,302",1,,,
Nava Naroda,Oct-Dec 2018,"1,835-2,736","2,286",2,,,
Nava Naroda,Jul-Sep 2018,"1,764-2,703","2,234",3,,,
,,,,,,,
Nava Vadaj,Oct-Dec 2024,"4,332-7,012","5,672",-,,,
Nava Vadaj,Jul-Sep 2024,"4,170-6,310","5,240",5,,,
Nava Vadaj,Apr-Jun 2024,"4,141-6,138","5,140",5,,,
Nava Vadaj,Jan-Mar 2024,"3,955-5,875","4,915",0.2,,,
Nava Vadaj,Oct-Dec 2023,"4,077-5,772","4,925",-,,,
Nava Vadaj,Jul-Sep 2023,"3,950-5,600","4,775",3,,,
Nava Vadaj,Apr-Jun 2023,"3,810-5,450","4,630",3,,,
Nava Vadaj,Jan-Mar 2023,"3,650-5,350","4,500",2,,,
Nava Vadaj,Oct-Dec 2022,"3,522-5,299","4,411",2,,,
Nava Vadaj,Jul-Sep 2022,"3,524-5,480","4,502",1,,,
Nava Vadaj,Apr-Jun 2022,"3,697-5,429","4,563",6,,,
Nava Vadaj,Jan-Mar 2022,"3,381-5,233","4,307",-,,,
Nava Vadaj,Oct-Dec 2021,"3,354-5,260","4,307",2,,,
Nava Vadaj,Jul-Sep 2021,"3,284-5,147","4,215",4,,,
Nava Vadaj,Apr-Jun 2021,"3,271-4,801","4,036",4,,,
Nava Vadaj,Jan-Mar 2021,"3,445-4,936","4,191",-,,,
Nava Vadaj,Oct-Dec 2020,"3,410-5,010","4,210",2,,,
Nava Vadaj,Jul-Sep 2020,"3,381-5,086","4,234",-,,,
Nava Vadaj,Apr-Jun 2020,"3,330-5,000","4,180",2,,,
Nava Vadaj,Jan-Mar 2020,"3,300-4,950","4,125",1.5,,,
Nava Vadaj,Oct-Dec 2019,"3,280-4,900","4,080",1.8,,,
Nava Vadaj,Jul-Sep 2019,"3,240-4,850","4,020",1.5,,,
Nava Vadaj,Apr-Jun 2019,"3,200-4,800","3,970",1.3,,,
Nava Vadaj,Jan-Mar 2019,"3,160-4,750","3,920",1.5,,,
Nava Vadaj,Oct-Dec 2018,"3,120-4,700","3,870",1.6,,,
Nava Vadaj,Jul-Sep 2018,"3,080-4,650","3,820",-,,,
,,,,,,,
Navrangpura,Oct-Dec 2024,"5,313-7,930","6,622",2,,,
Navrangpura,Jul-Sep 2024,"5,505-7,946","6,726",3,,,
Navrangpura,Apr-Jun 2024,"5,317-7,702","6,509",0.3,,,
Navrangpura,Jan-Mar 2024,"5,300-7,752","6,526",1,,,
Navrangpura,Oct-Dec 2023,"5,272-7,706","6,489",2,,,
Navrangpura,Jul-Sep 2023,"5,113-7,591","6,352",0.3,,,
Navrangpura,Apr-Jun 2023,"5,153-7,517","6,335",2,,,
Navrangpura,Jan-Mar 2023,"5,048-7,410","6,229",5,,,
Navrangpura,Oct-Dec 2022,"5,295-7,770","6,533",1,,,
Navrangpura,Jul-Sep 2022,"5,296-7,685","6,490",1,,,
Navrangpura,Apr-Jun 2022,"5,480-7,591","6,536",1,,,
Navrangpura,Jan-Mar 2022,"5,368-7,600","6,484",3,,,
Navrangpura,Oct-Dec 2021,"5,260-7,391","6,325",1,,,
Navrangpura,Jul-Sep 2021,"5,325-7,475","6,400",2,,,
Navrangpura,Apr-Jun 2021,"5,087-7,519","6,303",1,,,
Navrangpura,Jan-Mar 2021,"5,060-7,438","6,249",3,,,
Navrangpura,Oct-Dec 2020,"5,165-7,659","6,412",3,,,
Navrangpura,Jul-Sep 2020,"4,945-7,562","6,254",3,,,
Navrangpura,Apr-Jun 2020,"4,746-7,405","6,075",1,,,
Navrangpura,Jan-Mar 2020,"4,839-7,406","6,123",0.2,,,
Navrangpura,Oct-Dec 2019,"4,991-7,228","6,109",2,,,
Navrangpura,Jul-Sep 2019,"5,038-7,425","6,232",1,,,
Navrangpura,Apr-Jun 2019,"5,095-7,473","6,284",2,,,
Navrangpura,Jan-Mar 2019,"5,056-7,317","6,187",0.3,,,
Navrangpura,Oct-Dec 2018,"4,961-7,456","6,208",3,,,
Navrangpura,Jul-Sep 2018,"4,834-7,269","6,052",2,,,
,,,,,,,
Nehru Nagar Ambawadi,Oct-Dec 2024,"6,590-8,938","7,764",0.1,,,
Nehru Nagar Ambawadi,Jul-Sep 2024,"6,666-8,843","7,755",3,,,
Nehru Nagar Ambawadi,Apr-Jun 2024,"6,443-8,651","7,547",2,,,
Nehru Nagar Ambawadi,Jan-Mar 2024,"6,382-8,362","7,372",0.2,,,
Nehru Nagar Ambawadi,Oct-Dec 2023,"6,654-8,065","7,360",2,,,
Nehru Nagar Ambawadi,Jul-Sep 2023,"6,376-8,018","7,197",4,,,
Nehru Nagar Ambawadi,Apr-Jun 2023,"5,896-8,005","6,950",0.1,,,
Nehru Nagar Ambawadi,Jan-Mar 2023,"5,800-8,117","6,958",2,,,
Nehru Nagar Ambawadi,Oct-Dec 2022,"5,875-7,751","6,813",1,,,
Nehru Nagar Ambawadi,Jul-Sep 2022,"5,893-7,915","6,904",-,,,
Nehru Nagar Ambawadi,Apr-Jun 2022,"5,954-7,867","6,910",3,,,
Nehru Nagar Ambawadi,Jan-Mar 2022,"5,695-7,702","6,698",4,,,
Nehru Nagar Ambawadi,Oct-Dec 2021,"5,680-7,219","6,449",3,,,
Nehru Nagar Ambawadi,Jul-Sep 2021,"5,542-6,949","6,246",1,,,
Nehru Nagar Ambawadi,Apr-Jun 2021,"5,562-6,855","6,209",1,,,
Nehru Nagar Ambawadi,Jan-Mar 2021,"5,483-7,023","6,253",,,,
Nehru Nagar Ambawadi,Oct-Dec 2020,"5,552-6,893","6,222",0.3,,,
Nehru Nagar Ambawadi,Jul-Sep 2020,"5,747-6,729","6,238",1,,,
Nehru Nagar Ambawadi,Apr-Jun 2020,"5,604-6,992","6,298",1,,,
Nehru Nagar Ambawadi,Jan-Mar 2020,"5,571-6,883","6,227",1,,,
Nehru Nagar Ambawadi,Oct-Dec 2019,"5,604-6,783","6,193",1,,,
Nehru Nagar Ambawadi,Jul-Sep 2019,"5,650-6,614","6,132",0.2,,,
Nehru Nagar Ambawadi,Apr-Jun 2019,"5,611-6,623","6,117",1,,,
Nehru Nagar Ambawadi,Jan-Mar 2019,"5,436-6,701","6,068",0.2,,,
Nehru Nagar Ambawadi,Oct-Dec 2018,"5,423-6,740","6,082",,,,
Nehru Nagar Ambawadi,Jul-Sep 2018,"5,354-6,749","6,052",1,,,
,,,,,,,
New CG Road,Oct-Dec 2024,"3,751-5,316","4,533",0.3,,,
New CG Road,Jul-Sep 2024,"3,704-5,385","4,545",2,,,
New CG Road,Apr-Jun 2024,"3,587-5,334","4,460",3,,,
New CG Road,Jan-Mar 2024,"3,460-5,195","4,327",1,,,
New CG Road,Oct-Dec 2023,"3,499-5,073","4,286",4,,,
New CG Road,Jul-Sep 2023,"3,339-4,899","4,119",1,,,
New CG Road,Apr-Jun 2023,"3,309-4,870","4,090",2,,,
New CG Road,Jan-Mar 2023,"3,314-4,999","4,156",,,,
New CG Road,Oct-Dec 2022,"3,508-4,810","4,159",1,,,
New CG Road,Jul-Sep 2022,"3,415-4,809","4,112",1,,,
New CG Road,Apr-Jun 2022,"3,338-4,779","4,058",4,,,
New CG Road,Jan-Mar 2022,"3,373-4,421","3,897",1,,,
New CG Road,Oct-Dec 2021,"3,249-4,467","3,858",4,,,
New CG Road,Jul-Sep 2021,"3,112-4,335","3,724",,,,
New CG Road,Apr-Jun 2021,"3,149-4,296","3,723",1,,,
New CG Road,Jan-Mar 2021,"3,099-4,396","3,747",2,,,
New CG Road,Oct-Dec 2020,"3,051-4,317","3,684",3,,,
New CG Road,Jul-Sep 2020,"3,154-4,026","3,590",1,,,
New CG Road,Apr-Jun 2020,"3,103-3,987","3,545",0.3,,,
New CG Road,Jan-Mar 2020,"3,089-3,981","3,535",2,,,
New CG Road,Oct-Dec 2019,"3,046-4,133","3,590",1,,,
New CG Road,Jul-Sep 2019,"3,159-3,927","3,543",1,,,
New CG Road,Apr-Jun 2019,"3,090-3,927","3,508",0.4,,,
New CG Road,Jan-Mar 2019,"2,969-4,019","3,494",2,,,
New CG Road,Oct-Dec 2018,"2,906-3,935","3,420",1,,,
New CG Road,Jul-Sep 2018,"2,889-4,023","3,456",4,,,
,,,,,,,
New Maninagar,Oct-Dec 2024,"2,537-3,867","3,202",2,,,
New Maninagar,Jul-Sep 2024,"2,557-4,000","3,278",4,,,
New Maninagar,Apr-Jun 2024,"2,430-3,850","3,140",1,,,
New Maninagar,Jan-Mar 2024,"2,407-3,928","3,167",,,,
New Maninagar,Oct-Dec 2023,"2,434-3,899","3,166",-,,,
New Maninagar,Jul-Sep 2023,"2,567-3,758","3,163",6,,,
New Maninagar,Apr-Jun 2023,"2,404-3,563","2,984",2,,,
New Maninagar,Jan-Mar 2023,"2,396-3,669","3,032",1,,,
New Maninagar,Oct-Dec 2022,"2,352-3,783","3,067",3,,,
New Maninagar,Jul-Sep 2022,"2,378-3,595","2,986",6,,,
New Maninagar,Apr-Jun 2022,"2,245-3,376","2,811",2,,,
New Maninagar,Jan-Mar 2022,"2,270-3,482","2,876",2,,,
New Maninagar,Oct-Dec 2021,"2,274-3,353","2,813",4,,,
New Maninagar,Jul-Sep 2021,"2,370-3,498","2,934",0.3,,,
New Maninagar,Apr-Jun 2021,"2,366-3,520","2,943",1,,,
New Maninagar,Jan-Mar 2021,"2,376-3,446","2,911",3,,,
New Maninagar,Oct-Dec 2020,"2,450-3,566","3,008",2,,,
New Maninagar,Jul-Sep 2020,"2,384-3,523","2,954",2,,,
New Maninagar,Apr-Jun 2020,"2,329-3,483","2,906",2,,,
New Maninagar,Jan-Mar 2020,"2,324-3,365","2,845",1,,,
New Maninagar,Oct-Dec 2019,"2,414-3,325","2,869",1,,,
New Maninagar,Jul-Sep 2019,"2,207-3,588","2,897",6,,,
New Maninagar,Apr-Jun 2019,"2,141-3,329","2,735",3,,,
New Maninagar,Jan-Mar 2019,"1,890-3,415","2,653",,,,
New Maninagar,Oct-Dec 2018,-,-,,,,
New Maninagar,Jul-Sep 2018,-,-,,,,
,,,,,,,
New Ranip,Oct-Dec 2024,"3,812-5,418","4,615",0.5,,,
New Ranip,Jul-Sep 2024,"3,813-5,376","4,594",1,,,
New Ranip,Apr-Jun 2024,"3,746-5,563","4,655",6,,,
New Ranip,Jan-Mar 2024,"3,522-5,271","4,396",2,,,
New Ranip,Oct-Dec 2023,"3,561-5,066","4,313",2,,,
New Ranip,Jul-Sep 2023,"3,544-4,936","4,240",1,,,
New Ranip,Apr-Jun 2023,"3,497-4,859","4,178",2,,,
New Ranip,Jan-Mar 2023,"3,432-5,067","4,250",5,,,
New Ranip,Oct-Dec 2022,"3,344-4,747","4,045",1,,,
New Ranip,Jul-Sep 2022,"3,389-4,619","4,004",1,,,
New Ranip,Apr-Jun 2022,"3,307-4,629","3,968",2,,,
New Ranip,Jan-Mar 2022,"3,238-4,574","3,906",1,,,
New Ranip,Oct-Dec 2021,"3,171-4,531","3,851",0.2,,,
New Ranip,Jul-Sep 2021,"3,267-4,418","3,842",1,,,
New Ranip,Apr-Jun 2021,"3,246-4,352","3,799",2,,,
New Ranip,Jan-Mar 2021,"3,187-4,289","3,738",2,,,
New Ranip,Oct-Dec 2020,"3,035-4,277","3,656",2,,,
New Ranip,Jul-Sep 2020,"2,956-4,206","3,581",0.4,,,
New Ranip,Apr-Jun 2020,"2,997-4,135","3,566",2,,,
New Ranip,Jan-Mar 2020,"2,884-4,114","3,499",2,,,
New Ranip,Oct-Dec 2019,"2,820-4,064","3,442",0.5,,,
New Ranip,Jul-Sep 2019,"2,798-4,119","3,458",3,,,
New Ranip,Apr-Jun 2019,"2,764-3,965","3,364",3,,,
New Ranip,Jan-Mar 2019,"2,710-3,813","3,261",1,,,
New Ranip,Oct-Dec 2018,"2,737-3,715","3,226",,,,
New Ranip,Jul-Sep 2018,"2,682-3,774","3,228",7,,,
,,,,,,,
New Vatva Road,Oct-Dec 2024,"2,114-3,701","2,908",4,,,
New Vatva Road,Jul-Sep 2024,"2,102-3,464","2,783",0.2,,,
New Vatva Road,Apr-Jun 2024,"2,033-3,522","2,778",5,,,
New Vatva Road,Jan-Mar 2024,"2,030-3,260","2,645",5,,,
New Vatva Road,Oct-Dec 2023,"2,098-3,483","2,791",7,,,
New Vatva Road,Jul-Sep 2023,"1,995-3,223","2,609",3,,,
New Vatva Road,Apr-Jun 2023,"1,898-3,171","2,534",12,,,
New Vatva Road,Jan-Mar 2023,"1,820-2,690","2,255",4,,,
New Vatva Road,Oct-Dec 2022,"1,742-2,610","2,176",-,,,
New Vatva Road,Jul-Sep 2022,"1,690-2,540","2,115",3,,,
New Vatva Road,Apr-Jun 2022,"1,620-2,460","2,040",2,,,
New Vatva Road,Jan-Mar 2022,"1,590-2,400","2,000",1.5,,,
New Vatva Road,Oct-Dec 2021,"1,560-2,350","1,970",1.8,,,
New Vatva Road,Jul-Sep 2021,"1,520-2,290","1,925",2,,,
New Vatva Road,Apr-Jun 2021,"1,500-2,250","1,880",3,,,
New Vatva Road,Jan-Mar 2021,"1,460-2,200","1,825",2.5,,,
New Vatva Road,Oct-Dec 2020,"1,420-2,160","1,780",1.5,,,
New Vatva Road,Jul-Sep 2020,"1,400-2,120","1,750",1.8,,,
New Vatva Road,Apr-Jun 2020,"1,370-2,080","1,725",1.3,,,
New Vatva Road,Jan-Mar 2020,"1,340-2,050","1,700",1.5,,,
New Vatva Road,Oct-Dec 2019,"1,320-2,010","1,660",1.2,,,
New Vatva Road,Jul-Sep 2019,"1,290-1,980","1,635",1.8,,,
New Vatva Road,Apr-Jun 2019,"1,260-1,950","1,610",1.5,,,
New Vatva Road,Jan-Mar 2019,"1,230-1,920","1,580",1.7,,,
New Vatva Road,Oct-Dec 2018,"1,200-1,890","1,550",1.6,,,
New Vatva Road,Jul-Sep 2018,"1,170-1,860","1,520",-,,,
,,,,,,,
Nikol,Oct-Dec 2024,"3,110-4,684","3,897",3,,,
Nikol,Jul-Sep 2024,"3,051-4,541","3,796",4,,,
Nikol,Apr-Jun 2024,"2,949-4,382","3,665",3,,,
Nikol,Jan-Mar 2024,"2,915-4,647","3,781",2,,,
Nikol,Oct-Dec 2023,"2,959-4,483","3,721",5,,,
Nikol,Jul-Sep 2023,"2,757-4,359","3,558",4,,,
Nikol,Apr-Jun 2023,"2,703-4,148","3,426",5,,,
Nikol,Jan-Mar 2023,"2,545-4,010","3,277",1,,,
Nikol,Oct-Dec 2022,"2,507-3,963","3,235",2,,,
Nikol,Jul-Sep 2022,"2,484-3,869","3,176",0.5,,,
Nikol,Apr-Jun 2022,"2,448-3,934","3,191",2,,,
Nikol,Jan-Mar 2022,"2,458-3,771","3,115",1,,,
Nikol,Oct-Dec 2021,"2,445-3,748","3,097",1,,,
Nikol,Jul-Sep 2021,"2,415-3,744","3,080",1,,,
Nikol,Apr-Jun 2021,"2,372-3,700","3,036",1,,,
Nikol,Jan-Mar 2021,"2,333-3,706","3,019",1,,,
Nikol,Oct-Dec 2020,"2,344-3,610","2,977",3,,,
Nikol,Jul-Sep 2020,"2,312-3,495","2,903",0.4,,,
Nikol,Apr-Jun 2020,"2,276-3,556","2,916",1,,,
Nikol,Jan-Mar 2020,"2,248-3,535","2,891",4,,,
Nikol,Oct-Dec 2019,"2,212-3,367","2,790",8,,,
Nikol,Jul-Sep 2019,"2,116-3,074","2,595",4,,,
Nikol,Apr-Jun 2019,"2,147-3,262","2,705",2,,,
Nikol,Jan-Mar 2019,"2,125-3,172","2,649",3,,,
Nikol,Oct-Dec 2018,"2,011-3,138","2,574",2,,,
Nikol,Jul-Sep 2018,"1,963-3,092","2,528",,,,
,,,,,,,
Nikol Gam Road,Oct-Dec 2024,"3,114-4,683","3,899",3,,,
Nikol Gam Road,Jul-Sep 2024,"3,055-4,541","3,798",-,,,
Nikol Gam Road,Apr-Jun 2024,"3,010-4,500","3,750",1.5,,,
Nikol Gam Road,Jan-Mar 2024,"2,919-4,647","3,783",-,,,
Nikol Gam Road,Oct-Dec 2023,"2,890-4,530","3,710",3,,,
Nikol Gam Road,Jul-Sep 2023,"2,800-4,400","3,600",2,,,
Nikol Gam Road,Apr-Jun 2023,"2,750-4,320","3,535",1.8,,,
Nikol Gam Road,Jan-Mar 2023,"2,700-4,200","3,450",1.5,,,
Nikol Gam Road,Oct-Dec 2022,"2,660-4,150","3,410",2,,,
Nikol Gam Road,Jul-Sep 2022,"2,600-4,100","3,350",1.8,,,
Nikol Gam Road,Apr-Jun 2022,"2,550-4,050","3,300",1.5,,,
Nikol Gam Road,Jan-Mar 2022,"2,520-4,000","3,250",1.6,,,
Nikol Gam Road,Oct-Dec 2021,"2,480-3,960","3,200",1.5,,,
Nikol Gam Road,Jul-Sep 2021,"2,450-3,900","3,150",1.8,,,
Nikol Gam Road,Apr-Jun 2021,"2,420-3,850","3,100",2,,,
Nikol Gam Road,Jan-Mar 2021,"2,400-3,800","3,050",1.5,,,
Nikol Gam Road,Oct-Dec 2020,"2,350-3,750","3,000",1.8,,,
Nikol Gam Road,Jul-Sep 2020,"2,300-3,700","2,950",2,,,
Nikol Gam Road,Apr-Jun 2020,"2,250-3,650","2,900",1.5,,,
Nikol Gam Road,Jan-Mar 2020,"2,200-3,600","2,850",1.6,,,
Nikol Gam Road,Oct-Dec 2019,"2,180-3,550","2,800",1.8,,,
Nikol Gam Road,Jul-Sep 2019,"2,140-3,500","2,750",2,,,
Nikol Gam Road,Apr-Jun 2019,"2,100-3,450","2,700",1.7,,,
Nikol Gam Road,Jan-Mar 2019,"2,070-3,400","2,650",1.5,,,
Nikol Gam Road,Oct-Dec 2018,"2,040-3,350","2,600",1.8,,,
Nikol Gam Road,Jul-Sep 2018,"2,000-3,300","2,550",-,,,
,,,,,,,
Nikol Naroda Road,Oct-Dec 2024,"2,906-4,482","3,694",3,,,
Nikol Naroda Road,Jul-Sep 2024,"2,905-4,286","3,595",6,,,
Nikol Naroda Road,Apr-Jun 2024,"3,027-4,612","3,819",3,,,
Nikol Naroda Road,Jan-Mar 2024,"3,052-4,818","3,935",-,,,
Nikol Naroda Road,Oct-Dec 2023,"2,950-4,700","3,825",3,,,
Nikol Naroda Road,Jul-Sep 2023,"2,860-4,500","3,720",3,,,
Nikol Naroda Road,Apr-Jun 2023,"2,711-4,175","3,443",2,,,
Nikol Naroda Road,Jan-Mar 2023,"2,650-4,100","3,375",2,,,
Nikol Naroda Road,Oct-Dec 2022,"2,600-4,050","3,320",2.5,,,
Nikol Naroda Road,Jul-Sep 2022,"2,500-3,950","3,225",2,,,
Nikol Naroda Road,Apr-Jun 2022,"2,450-3,850","3,150",2,,,
Nikol Naroda Road,Jan-Mar 2022,"2,385-3,469","2,927",-,,,
Nikol Naroda Road,Oct-Dec 2021,"2,350-3,420","2,885",2,,,
Nikol Naroda Road,Jul-Sep 2021,"2,301-3,486","2,893",-,,,
Nikol Naroda Road,Apr-Jun 2021,"2,270-3,350","2,810",2,,,
Nikol Naroda Road,Jan-Mar 2021,"2,250-3,320","2,785",2,,,
Nikol Naroda Road,Oct-Dec 2020,"2,220-3,290","2,755",2,,,
Nikol Naroda Road,Jul-Sep 2020,"2,180-3,250","2,715",2,,,
Nikol Naroda Road,Apr-Jun 2020,"2,150-3,200","2,675",2,,,
Nikol Naroda Road,Jan-Mar 2020,"2,120-3,150","2,635",2,,,
Nikol Naroda Road,Oct-Dec 2019,"2,100-3,120","2,610",1.5,,,
Nikol Naroda Road,Jul-Sep 2019,"2,080-3,090","2,585",1.5,,,
Nikol Naroda Road,Apr-Jun 2019,"2,280-3,159","2,719",-,,,
Nikol Naroda Road,Jan-Mar 2019,"2,050-3,000","2,525",1.8,,,
Nikol Naroda Road,Oct-Dec 2018,"2,020-2,950","2,485",1.5,,,
Nikol Naroda Road,Jul-Sep 2018,"2,000-2,900","2,450",-,,,
,,,,,,,
North Bopal Road,Oct-Dec 2024,"3,960-6,091","5,026",2,,,
North Bopal Road,Jul-Sep 2024,"3,864-5,947","4,905",0.3,,,
North Bopal Road,Apr-Jun 2024,"3,842-5,942","4,892",0.3,,,
North Bopal Road,Jan-Mar 2024,"3,857-5,958","4,908",1,,,
North Bopal Road,Oct-Dec 2023,"3,840-5,905","4,872",1,,,
North Bopal Road,Jul-Sep 2023,"3,818-5,859","4,838",2,,,
North Bopal Road,Apr-Jun 2023,"3,736-5,712","4,724",3,,,
North Bopal Road,Jan-Mar 2023,"3,700-5,680","4,690",2,,,
North Bopal Road,Oct-Dec 2022,"4,182-5,617","4,900",5,,,
North Bopal Road,Jul-Sep 2022,"3,839-5,523","4,681",3,,,
North Bopal Road,Apr-Jun 2022,"3,710-5,475","4,544",2,,,
North Bopal Road,Jan-Mar 2022,"3,522-5,532","4,527",7,,,
North Bopal Road,Oct-Dec 2021,"3,364-5,067","4,215",2,,,
North Bopal Road,Jul-Sep 2021,"3,475-5,096","4,285",1,,,
North Bopal Road,Apr-Jun 2021,"3,459-5,066","4,262",1.5,,,
North Bopal Road,Jan-Mar 2021,"3,420-5,020","4,220",2,,,
North Bopal Road,Oct-Dec 2020,"3,851-5,394","4,622",-,,,
North Bopal Road,Jul-Sep 2020,"3,680-5,250","4,465",1.5,,,
North Bopal Road,Apr-Jun 2020,"3,640-5,200","4,420",1.5,,,
North Bopal Road,Jan-Mar 2020,"3,736-5,069","4,403",-,,,
North Bopal Road,Oct-Dec 2019,"3,620-4,950","4,285",1.5,,,
North Bopal Road,Jul-Sep 2019,"3,550-4,880","4,215",1.5,,,
North Bopal Road,Apr-Jun 2019,"3,500-4,820","4,160",1.5,,,
North Bopal Road,Jan-Mar 2019,"3,450-4,780","4,115",1.5,,,
North Bopal Road,Oct-Dec 2018,"3,400-4,750","4,075",1.5,,,
North Bopal Road,Jul-Sep 2018,"3,350-4,720","4,035",-,,,
,,,,,,,
NR Vandematram Cross Road,Oct-Dec 2024,"4,233-6,102","5,168",0.3,,,
NR Vandematram Cross Road,Jul-Sep 2024,"4,187-6,112","5,150",2,,,
NR Vandematram Cross Road,Apr-Jun 2024,"4,158-5,919","5,038",1.8,,,
NR Vandematram Cross Road,Jan-Mar 2024,"4,120-5,820","4,950",1.5,,,
NR Vandematram Cross Road,Oct-Dec 2023,"4,060-5,730","4,875",1.5,,,
NR Vandematram Cross Road,Jul-Sep 2023,"4,010-5,645","4,800",1.8,,,
NR Vandematram Cross Road,Apr-Jun 2023,"3,950-5,580","4,715",2,,,
NR Vandematram Cross Road,Jan-Mar 2023,"3,870-5,470","4,620",1.5,,,
NR Vandematram Cross Road,Oct-Dec 2022,"3,800-5,390","4,550",1.5,,,
NR Vandematram Cross Road,Jul-Sep 2022,"3,730-5,310","4,480",2,,,
NR Vandematram Cross Road,Apr-Jun 2022,"3,660-5,230","4,390",1.8,,,
NR Vandematram Cross Road,Jan-Mar 2022,"3,600-5,150","4,310",1.5,,,
NR Vandematram Cross Road,Oct-Dec 2021,"3,550-5,070","4,245",2,,,
NR Vandematram Cross Road,Jul-Sep 2021,"3,500-5,000","4,165",1.5,,,
NR Vandematram Cross Road,Apr-Jun 2021,"3,450-4,920","4,100",2,,,
NR Vandematram Cross Road,Jan-Mar 2021,"3,400-4,850","4,020",1.8,,,
NR Vandematram Cross Road,Oct-Dec 2020,"3,350-4,780","3,950",1.5,,,
NR Vandematram Cross Road,Jul-Sep 2020,"3,310-4,720","3,890",1.8,,,
NR Vandematram Cross Road,Apr-Jun 2020,"3,270-4,660","3,820",1.5,,,
NR Vandematram Cross Road,Jan-Mar 2020,"3,230-4,610","3,760",1.8,,,
NR Vandematram Cross Road,Oct-Dec 2019,"3,180-4,550","3,690",1.5,,,
NR Vandematram Cross Road,Jul-Sep 2019,"3,140-4,500","3,630",1.8,,,
NR Vandematram Cross Road,Apr-Jun 2019,"3,100-4,450","3,570",2,,,
NR Vandematram Cross Road,Jan-Mar 2019,"3,060-4,400","3,510",1.5,,,
NR Vandematram Cross Road,Oct-Dec 2018,"3,020-4,350","3,460",1.8,,,
NR Vandematram Cross Road,Jul-Sep 2018,"2,980-4,300","3,400",-,,,
,,,,,,,
Nyay Marg,Oct-Dec 2024,"6,218-9,402","7,810",0.4,,,
Nyay Marg,Jul-Sep 2024,"6,184-9,373","7,779",0.5,,,
Nyay Marg,Apr-Jun 2024,"6,150-9,330","7,740",0.5,,,
Nyay Marg,Jan-Mar 2024,"6,120-9,290","7,700",0.6,,,
Nyay Marg,Oct-Dec 2023,"6,083-9,240","7,654",0.6,,,
Nyay Marg,Jul-Sep 2023,"6,046-9,180","7,608",0.7,,,
Nyay Marg,Apr-Jun 2023,"6,004-9,120","7,554",0.8,,,
Nyay Marg,Jan-Mar 2023,"5,955-9,050","7,493",0.9,,,
Nyay Marg,Oct-Dec 2022,"5,903-8,970","7,426",1,,,
Nyay Marg,Jul-Sep 2022,"5,844-8,880","7,352",1.1,,,
Nyay Marg,Apr-Jun 2022,"5,780-8,790","7,270",1.2,,,
Nyay Marg,Jan-Mar 2022,"5,710-8,690","7,180",1.3,,,
Nyay Marg,Oct-Dec 2021,"5,640-8,590","7,090",1.4,,,
Nyay Marg,Jul-Sep 2021,"5,560-8,480","6,990",1.5,,,
Nyay Marg,Apr-Jun 2021,"5,480-8,370","6,880",1.5,,,
Nyay Marg,Jan-Mar 2021,"5,400-8,250","6,770",1.6,,,
Nyay Marg,Oct-Dec 2020,"5,320-8,130","6,660",1.8,,,
Nyay Marg,Jul-Sep 2020,"5,230-8,000","6,540",2,,,
Nyay Marg,Apr-Jun 2020,"5,130-7,860","6,400",2.1,,,
Nyay Marg,Jan-Mar 2020,"5,020-7,720","6,250",2.2,,,
Nyay Marg,Oct-Dec 2019,"4,910-7,570","6,100",2.4,,,
Nyay Marg,Jul-Sep 2019,"4,790-7,410","5,940",2.5,,,
Nyay Marg,Apr-Jun 2019,"4,660-7,240","5,770",2.6,,,
Nyay Marg,Jan-Mar 2019,"4,520-7,060","5,590",2.8,,,
Nyay Marg,Oct-Dec 2018,"4,370-6,870","5,400",3,,,
Nyay Marg,Jul-Sep 2018,"4,220-6,670","5,200",-,,,
,,,,,,,
Ognaj,Oct-Dec 2024,"3,810-5,639","4,724",8,,,
Ognaj,Jul-Sep 2024,"3,696-5,072","4,384",1,,,
Ognaj,Apr-Jun 2024,"3,642-5,174","4,408",1,,,
Ognaj,Jan-Mar 2024,"3,708-5,217","4,463",1,,,
Ognaj,Oct-Dec 2023,"3,650-5,150","4,420",4,,,
Ognaj,Jul-Sep 2023,"3,510-4,950","4,250",4,,,
Ognaj,Apr-Jun 2023,"3,400-4,760","4,090",5,,,
Ognaj,Jan-Mar 2023,"3,250-4,600","3,900",6,,,
Ognaj,Oct-Dec 2022,"3,050-4,450","3,680",6,,,
Ognaj,Jul-Sep 2022,"2,950-4,300","3,470",5,,,
Ognaj,Apr-Jun 2022,"2,810-4,100","3,300",4,,,
Ognaj,Jan-Mar 2022,"2,700-3,950","3,170",4,,,
Ognaj,Oct-Dec 2021,"2,600-3,800","3,050",4,,,
Ognaj,Jul-Sep 2021,"2,500-3,700","2,930",3,,,
Ognaj,Apr-Jun 2021,"2,430-3,600","2,840",3,,,
Ognaj,Jan-Mar 2021,"2,350-3,500","2,760",3,,,
Ognaj,Oct-Dec 2020,"2,290-3,400","2,680",2,,,
Ognaj,Jul-Sep 2020,"2,240-3,320","2,630",2,,,
Ognaj,Apr-Jun 2020,"2,180-3,250","2,570",2,,,
Ognaj,Jan-Mar 2020,"2,120-3,180","2,510",2,,,
Ognaj,Oct-Dec 2019,"2,080-3,100","2,460",2,,,
Ognaj,Jul-Sep 2019,"2,040-3,050","2,410",2,,,
Ognaj,Apr-Jun 2019,"2,000-3,000","2,360",2,,,
Ognaj,Jan-Mar 2019,"1,960-2,950","2,310",2,,,
Ognaj,Oct-Dec 2018,"1,920-2,900","2,260",2,,,
Ognaj,Jul-Sep 2018,"1,880-2,850","2,210",-,,,
,,,,,,,
Ognaj Gota Road,Oct-Dec 2024,"3,801-5,580","4,691",7,,,
Ognaj Gota Road,Jul-Sep 2024,"3,700-5,103","4,401",0.2,,,
Ognaj Gota Road,Apr-Jun 2024,"3,640-5,146","4,393",0.5,,,
Ognaj Gota Road,Jan-Mar 2024,"3,610-5,120","4,371",1,,,
Ognaj Gota Road,Oct-Dec 2023,"3,570-5,080","4,328",1,,,
Ognaj Gota Road,Jul-Sep 2023,"3,530-5,030","4,280",1.5,,,
Ognaj Gota Road,Apr-Jun 2023,"3,480-4,950","4,217",2,,,
Ognaj Gota Road,Jan-Mar 2023,"3,430-4,870","4,137",2.5,,,
Ognaj Gota Road,Oct-Dec 2022,"3,360-4,780","4,070",3,,,
Ognaj Gota Road,Jul-Sep 2022,"3,290-4,690","3,950",3.5,,,
Ognaj Gota Road,Apr-Jun 2022,"3,210-4,600","3,820",3.5,,,
Ognaj Gota Road,Jan-Mar 2022,"3,150-4,520","3,690",4,,,
Ognaj Gota Road,Oct-Dec 2021,"3,060-4,400","3,550",4,,,
Ognaj Gota Road,Jul-Sep 2021,"2,970-4,290","3,415",4,,,
Ognaj Gota Road,Apr-Jun 2021,"2,860-4,170","3,280",4.5,,,
Ognaj Gota Road,Jan-Mar 2021,"2,750-4,050","3,140",5,,,
Ognaj Gota Road,Oct-Dec 2020,"2,630-3,900","2,990",4,,,
Ognaj Gota Road,Jul-Sep 2020,"2,520-3,750","2,870",3,,,
Ognaj Gota Road,Apr-Jun 2020,"2,440-3,620","2,780",3,,,
Ognaj Gota Road,Jan-Mar 2020,"2,360-3,500","2,700",3,,,
Ognaj Gota Road,Oct-Dec 2019,"2,290-3,400","2,620",2.5,,,
Ognaj Gota Road,Jul-Sep 2019,"2,230-3,320","2,555",2.5,,,
Ognaj Gota Road,Apr-Jun 2019,"2,180-3,250","2,495",2,,,
Ognaj Gota Road,Jan-Mar 2019,"2,140-3,200","2,445",2,,,
Ognaj Gota Road,Oct-Dec 2018,"2,100-3,150","2,395",2,,,
Ognaj Gota Road,Jul-Sep 2018,"2,060-3,100","2,345",-,,,
,,,,,,,
Paldi,Oct-Dec 2024,"5,150-7,666","6,408",1,,,
Paldi,Jul-Sep 2024,"5,178-7,490","6,334",,,,
Paldi,Apr-Jun 2024,"5,208-7,459","6,333",4,,,
Paldi,Jan-Mar 2024,"4,984-7,175","6,079",1,,,
Paldi,Oct-Dec 2023,"4,846-7,153","6,000",0.2,,,
Paldi,Jul-Sep 2023,"4,859-7,167","6,013",1,,,
Paldi,Apr-Jun 2023,"4,771-7,082","5,926",0.3,,,
Paldi,Jan-Mar 2023,"4,772-7,116","5,944",3,,,
Paldi,Oct-Dec 2022,"4,659-6,891","5,775",3,,,
Paldi,Jul-Sep 2022,"4,629-6,541","5,585",1,,,
Paldi,Apr-Jun 2022,"4,614-6,694","5,654",2,,,
Paldi,Jan-Mar 2022,"4,680-6,861","5,770",2,,,
Paldi,Oct-Dec 2021,"4,753-6,991","5,872",3,,,
Paldi,Jul-Sep 2021,"4,594-6,805","5,699",3,,,
Paldi,Apr-Jun 2021,"4,720-7,028","5,874",3,,,
Paldi,Jan-Mar 2021,"4,566-6,850","5,708",0.1,,,
Paldi,Oct-Dec 2020,"4,518-6,887","5,702",1,,,
Paldi,Jul-Sep 2020,"4,504-6,734","5,619",1,,,
Paldi,Apr-Jun 2020,"4,398-6,675","5,536",1,,,
Paldi,Jan-Mar 2020,"4,503-6,626","5,565",0.3,,,
Paldi,Oct-Dec 2019,"4,524-6,643","5,583",2,,,
Paldi,Jul-Sep 2019,"4,485-6,446","5,465",2,,,
Paldi,Apr-Jun 2019,"4,271-6,435","5,353",1,,,
Paldi,Jan-Mar 2019,"4,353-6,440","5,397",1,,,
Paldi,Oct-Dec 2018,"4,404-6,477","5,441",1,,,
Paldi,Jul-Sep 2018,"4,386-6,363","5,374",1,,,
,,,,,,,
Paldi Road,Oct-Dec 2024,"5,131-7,817","6,474",0.3,,,
Paldi Road,Jul-Sep 2024,"5,206-7,700","6,455",-,,,
Paldi Road,Apr-Jun 2024,"5,191-7,723","6,457",3,,,
Paldi Road,Jan-Mar 2024,"5,021-7,554","6,287",2.5,,,
Paldi Road,Oct-Dec 2023,"4,900-7,400","6,135",2.5,,,
Paldi Road,Jul-Sep 2023,"4,790-7,260","5,985",2,,,
Paldi Road,Apr-Jun 2023,"4,700-7,150","5,850",2.5,,,
Paldi Road,Jan-Mar 2023,"4,580-7,000","5,710",3,,,
Paldi Road,Oct-Dec 2022,"4,450-6,800","5,540",3,,,
Paldi Road,Jul-Sep 2022,"4,320-6,650","5,375",2.5,,,
Paldi Road,Apr-Jun 2022,"4,220-6,500","5,250",2.5,,,
Paldi Road,Jan-Mar 2022,"4,120-6,370","5,150",3,,,
Paldi Road,Oct-Dec 2021,"4,000-6,200","5,000",3,,,
Paldi Road,Jul-Sep 2021,"3,890-6,050","4,870",2.5,,,
Paldi Road,Apr-Jun 2021,"3,780-5,900","4,740",2.5,,,
Paldi Road,Jan-Mar 2021,"3,650-5,750","4,600",3,,,
Paldi Road,Oct-Dec 2020,"3,540-5,600","4,460",3,,,
Paldi Road,Jul-Sep 2020,"3,420-5,450","4,300",2.5,,,
Paldi Road,Apr-Jun 2020,"3,310-5,300","4,180",2,,,
Paldi Road,Jan-Mar 2020,"3,250-5,200","4,100",2,,,
Paldi Road,Oct-Dec 2019,"3,190-5,100","4,020",1.5,,,
Paldi Road,Jul-Sep 2019,"3,140-5,000","3,960",1.5,,,
Paldi Road,Apr-Jun 2019,"3,080-4,900","3,900",1.5,,,
Paldi Road,Jan-Mar 2019,"3,020-4,800","3,840",1.5,,,
Paldi Road,Oct-Dec 2018,"2,970-4,700","3,780",1.5,,,
Paldi Road,Jul-Sep 2018,"2,920-4,600","3,720",-,,,
,,,,,,,
Prahlad Nagar,Oct-Dec 2024,"5,563-9,177","7,370",1,,,
Prahlad Nagar,Jul-Sep 2024,"5,545-9,043","7,294",3,,,
Prahlad Nagar,Apr-Jun 2024,"5,505-8,640","7,072",1,,,
Prahlad Nagar,Jan-Mar 2024,"5,389-8,605","6,997",1,,,
Prahlad Nagar,Oct-Dec 2023,"5,353-8,477","6,915",0.3,,,
Prahlad Nagar,Jul-Sep 2023,"5,337-8,445","6,891",3,,,
Prahlad Nagar,Apr-Jun 2023,"5,217-8,210","6,713",,,,
Prahlad Nagar,Jan-Mar 2023,"5,233-8,190","6,712",1,,,
Prahlad Nagar,Oct-Dec 2022,"5,196-8,136","6,666",1,,,
Prahlad Nagar,Jul-Sep 2022,"5,107-8,141","6,624",2,,,
Prahlad Nagar,Apr-Jun 2022,"4,944-8,015","6,480",3,,,
Prahlad Nagar,Jan-Mar 2022,"4,685-7,939","6,312",5,,,
Prahlad Nagar,Oct-Dec 2021,"4,458-7,526","5,992",3,,,
Prahlad Nagar,Jul-Sep 2021,"4,368-7,219","5,793",1,,,
Prahlad Nagar,Apr-Jun 2021,"4,466-7,246","5,856",0.2,,,
Prahlad Nagar,Jan-Mar 2021,"4,422-7,310","5,866",1,,,
Prahlad Nagar,Oct-Dec 2020,"4,529-7,329","5,929",1,,,
Prahlad Nagar,Jul-Sep 2020,"4,591-7,095","5,843",3,,,
Prahlad Nagar,Apr-Jun 2020,"4,585-6,806","5,696",0.1,,,
Prahlad Nagar,Jan-Mar 2020,"4,591-6,814","5,703",0.5,,,
Prahlad Nagar,Oct-Dec 2019,"4,666-6,794","5,730",1,,,
Prahlad Nagar,Jul-Sep 2019,"4,713-6,910","5,812",1,,,
Prahlad Nagar,Apr-Jun 2019,"4,602-6,958","5,780",1,,,
Prahlad Nagar,Jan-Mar 2019,"4,499-6,904","5,701",1,,,
Prahlad Nagar,Oct-Dec 2018,"4,495-6,741","5,618",0.4,,,
Prahlad Nagar,Jul-Sep 2018,"4,482-6,799","5,640",,,,
,,,,,,,
Prematirth Derasar Road,Oct-Dec 2024,"5,129-8,743","6,936",0.2,,,
Prematirth Derasar Road,Jul-Sep 2024,"5,133-8,709","6,921",4,,,
Prematirth Derasar Road,Apr-Jun 2024,"4,887-8,367","6,627",1,,,
Prematirth Derasar Road,Jan-Mar 2024,"4,772-8,313","6,542",4,,,
Prematirth Derasar Road,Oct-Dec 2023,"4,536-7,987","6,261",3.5,,,
Prematirth Derasar Road,Jul-Sep 2023,"4,385-7,710","6,050",3,,,
Prematirth Derasar Road,Apr-Jun 2023,"4,260-7,500","5,870",3,,,
Prematirth Derasar Road,Jan-Mar 2023,"4,135-7,280","5,700",3.2,,,
Prematirth Derasar Road,Oct-Dec 2022,"4,010-7,050","5,520",3,,,
Prematirth Derasar Road,Jul-Sep 2022,"3,890-6,830","5,360",3,,,
Prematirth Derasar Road,Apr-Jun 2022,"3,780-6,600","5,180",3,,,
Prematirth Derasar Road,Jan-Mar 2022,"3,670-6,400","5,020",3.2,,,
Prematirth Derasar Road,Oct-Dec 2021,"3,560-6,200","4,860",3,,,
Prematirth Derasar Road,Jul-Sep 2021,"3,470-6,000","4,720",2.5,,,
Prematirth Derasar Road,Apr-Jun 2021,"3,390-5,850","4,620",2.5,,,
Prematirth Derasar Road,Jan-Mar 2021,"3,320-5,700","4,510",2.5,,,
Prematirth Derasar Road,Oct-Dec 2020,"3,240-5,550","4,400",2.5,,,
Prematirth Derasar Road,Jul-Sep 2020,"3,160-5,400","4,290",2.5,,,
Prematirth Derasar Road,Apr-Jun 2020,"3,080-5,250","4,170",2.2,,,
Prematirth Derasar Road,Jan-Mar 2020,"3,010-5,100","4,080",2,,,
Prematirth Derasar Road,Oct-Dec 2019,"2,950-4,980","4,000",1.8,,,
Prematirth Derasar Road,Jul-Sep 2019,"2,900-4,870","3,920",1.8,,,
Prematirth Derasar Road,Apr-Jun 2019,"2,850-4,760","3,840",1.8,,,
Prematirth Derasar Road,Jan-Mar 2019,"2,800-4,650","3,760",1.8,,,
Prematirth Derasar Road,Oct-Dec 2018,"2,750-4,550","3,680",1.8,,,
Prematirth Derasar Road,Jul-Sep 2018,"2,700-4,450","3,600",-,,,
,,,,,,,
Rajpath Rangoli Road,Oct-Dec 2024,"6,909-10,153","8,531",0.3,,,
Rajpath Rangoli Road,Jul-Sep 2024,"6,909-10,210","8,560",2,,,
Rajpath Rangoli Road,Apr-Jun 2024,"6,697-10,057","8,377",1,,,
Rajpath Rangoli Road,Jan-Mar 2024,"6,512-10,010","8,261",1,,,
Rajpath Rangoli Road,Oct-Dec 2023,"6,547-10,127","8,337",1.5,,,
Rajpath Rangoli Road,Jul-Sep 2023,"6,450-9,980","8,210",2,,,
Rajpath Rangoli Road,Apr-Jun 2023,"6,315-9,800","8,045",2.5,,,
Rajpath Rangoli Road,Jan-Mar 2023,"6,165-9,630","7,850",2.5,,,
Rajpath Rangoli Road,Oct-Dec 2022,"6,020-9,450","7,660",2.5,,,
Rajpath Rangoli Road,Jul-Sep 2022,"5,880-9,270","7,475",2.5,,,
Rajpath Rangoli Road,Apr-Jun 2022,"5,740-9,100","7,300",2.5,,,
Rajpath Rangoli Road,Jan-Mar 2022,"5,600-8,950","7,075",2.5,,,
Rajpath Rangoli Road,Oct-Dec 2021,"5,470-8,780","6,900",2.5,,,
Rajpath Rangoli Road,Jul-Sep 2021,"5,340-8,600","6,725",2.5,,,
Rajpath Rangoli Road,Apr-Jun 2021,"5,220-8,450","6,550",2.5,,,
Rajpath Rangoli Road,Jan-Mar 2021,"5,100-8,300","6,390",2.5,,,
Rajpath Rangoli Road,Oct-Dec 2020,"4,980-8,150","6,240",2.5,,,
Rajpath Rangoli Road,Jul-Sep 2020,"4,870-8,000","6,100",2.5,,,
Rajpath Rangoli Road,Apr-Jun 2020,"4,760-7,860","5,960",2.2,,,
Rajpath Rangoli Road,Jan-Mar 2020,"4,660-7,730","5,830",2,,,
Rajpath Rangoli Road,Oct-Dec 2019,"4,570-7,600","5,720",1.8,,,
Rajpath Rangoli Road,Jul-Sep 2019,"4,490-7,480","5,630",1.8,,,
Rajpath Rangoli Road,Apr-Jun 2019,"4,420-7,350","5,530",1.8,,,
Rajpath Rangoli Road,Jan-Mar 2019,"4,350-7,220","5,440",1.8,,,
Rajpath Rangoli Road,Oct-Dec 2018,"4,280-7,100","5,350",1.8,,,
Rajpath Rangoli Road,Jul-Sep 2018,"4,210-6,980","5,260",-,,,
,,,,,,,
Ramdev Nagar,Oct-Dec 2024,"6,181-8,956","7,569",1,,,
Ramdev Nagar,Jul-Sep 2024,"6,265-8,952","7,609",1.5,,,
Ramdev Nagar,Apr-Jun 2024,"6,090-8,880","7,495",1.2,,,
Ramdev Nagar,Jan-Mar 2024,"6,018-8,770","7,405",1.8,,,
Ramdev Nagar,Oct-Dec 2023,"5,910-8,610","7,270",2.2,,,
Ramdev Nagar,Jul-Sep 2023,"5,740-8,400","7,070",2.5,,,
Ramdev Nagar,Apr-Jun 2023,"5,600-8,200","6,900",2.7,,,
Ramdev Nagar,Jan-Mar 2023,"5,460-8,000","6,720",2.8,,,
Ramdev Nagar,Oct-Dec 2022,"5,320-7,800","6,540",2.8,,,
Ramdev Nagar,Jul-Sep 2022,"5,180-7,600","6,360",2.9,,,
Ramdev Nagar,Apr-Jun 2022,"5,040-7,400","6,180",3,,,
Ramdev Nagar,Jan-Mar 2022,"4,900-7,200","6,000",3.5,,,
Ramdev Nagar,Oct-Dec 2021,"4,700-7,000","5,800",3.5,,,
Ramdev Nagar,Jul-Sep 2021,"4,580-6,900","5,740",3.8,,,
Ramdev Nagar,Apr-Jun 2021,"4,450-6,750","5,600",3.2,,,
Ramdev Nagar,Jan-Mar 2021,"4,341-7,255","5,798",4,,,
Ramdev Nagar,Oct-Dec 2020,"4,200-6,500","5,350",3.8,,,
Ramdev Nagar,Jul-Sep 2020,"4,050-6,350","5,200",3.5,,,
Ramdev Nagar,Apr-Jun 2020,"3,900-6,200","5,050",3.2,,,
Ramdev Nagar,Jan-Mar 2020,"3,770-6,050","4,910",3,,,
Ramdev Nagar,Oct-Dec 2019,"3,660-5,900","4,780",3,,,
Ramdev Nagar,Jul-Sep 2019,"3,550-5,750","4,650",2.8,,,
Ramdev Nagar,Apr-Jun 2019,"4,463-6,669","5,566",3,,,
Ramdev Nagar,Jan-Mar 2019,"4,389-7,047","5,718",3.7,,,
Ramdev Nagar,Oct-Dec 2018,"4,215-6,750","5,480",4.1,,,
Ramdev Nagar,Jul-Sep 2018,"4,595-6,431","5,513",4,,,
,,,,,,,
Ramdevnagar Road,Oct-Dec 2024,"6,259-8,839","7,549",0.5,,,
Ramdevnagar Road,Jul-Sep 2024,"6,215-8,809","7,512",1,,,
Ramdevnagar Road,Apr-Jun 2024,"6,461-8,738","7,600",1.2,,,
Ramdevnagar Road,Jan-Mar 2024,"6,380-8,660","7,520",1.5,,,
Ramdevnagar Road,Oct-Dec 2023,"6,280-8,540","7,420",2,,,
Ramdevnagar Road,Jul-Sep 2023,"6,100-8,300","7,200",2.5,,,
Ramdevnagar Road,Apr-Jun 2023,"5,950-8,100","7,020",2.7,,,
Ramdevnagar Road,Jan-Mar 2023,"5,800-7,900","6,850",2.8,,,
Ramdevnagar Road,Oct-Dec 2022,"5,660-7,700","6,680",2.8,,,
Ramdevnagar Road,Jul-Sep 2022,"5,500-7,500","6,500",2.9,,,
Ramdevnagar Road,Apr-Jun 2022,"5,360-7,300","6,330",3,,,
Ramdevnagar Road,Jan-Mar 2022,"5,200-7,100","6,150",3.5,,,
Ramdevnagar Road,Oct-Dec 2021,"5,030-6,850","5,940",3.5,,,
Ramdevnagar Road,Jul-Sep 2021,"4,900-6,750","5,825",3.8,,,
Ramdevnagar Road,Apr-Jun 2021,"4,750-6,600","5,675",3.2,,,
Ramdevnagar Road,Jan-Mar 2021,"4,590-6,450","5,520",4,,,
Ramdevnagar Road,Oct-Dec 2020,"4,400-6,200","5,300",3.8,,,
Ramdevnagar Road,Jul-Sep 2020,"4,250-6,050","5,150",3.5,,,
Ramdevnagar Road,Apr-Jun 2020,"4,100-5,900","5,000",3.2,,,
Ramdevnagar Road,Jan-Mar 2020,"3,970-5,750","4,860",3,,,
Ramdevnagar Road,Oct-Dec 2019,"3,850-5,600","4,720",3,,,
Ramdevnagar Road,Jul-Sep 2019,"3,740-5,450","4,590",2.8,,,
Ramdevnagar Road,Apr-Jun 2019,"3,620-5,300","4,460",3,,,
Ramdevnagar Road,Jan-Mar 2019,"3,500-5,150","4,325",3.7,,,
Ramdevnagar Road,Oct-Dec 2018,"3,390-5,000","4,195",4.1,,,
Ramdevnagar Road,Jul-Sep 2018,"3,250-4,850","4,050",4,,,
,,,,,,,
Rampura Road,Oct-Dec 2024,"4,024-6,355","5,190",0.5,,,
Rampura Road,Jul-Sep 2024,"4,000-6,300","5,165",1,,,
Rampura Road,Apr-Jun 2024,"3,970-6,240","5,105",0.8,,,
Rampura Road,Jan-Mar 2024,"3,950-6,190","5,065",2,,,
Rampura Road,Oct-Dec 2023,"3,860-6,060","4,965",1.5,,,
Rampura Road,Jul-Sep 2023,"3,800-5,990","4,890",2,,,
Rampura Road,Apr-Jun 2023,"3,720-5,850","4,785",1.7,,,
Rampura Road,Jan-Mar 2023,"3,660-5,760","4,705",2.1,,,
Rampura Road,Oct-Dec 2022,"3,580-5,650","4,620",1.9,,,
Rampura Road,Jul-Sep 2022,"3,520-5,570","4,545",2.3,,,
Rampura Road,Apr-Jun 2022,"3,450-5,450","4,450",2.5,,,
Rampura Road,Jan-Mar 2022,"3,370-5,310","4,340",2.8,,,
Rampura Road,Oct-Dec 2021,"3,280-5,200","4,240",2.7,,,
Rampura Road,Jul-Sep 2021,"3,220-5,120","4,170",3,,,
Rampura Road,Apr-Jun 2021,"3,150-5,000","4,075",2.5,,,
Rampura Road,Jan-Mar 2021,"3,070-4,880","3,975",2.9,,,
Rampura Road,Oct-Dec 2020,"2,990-4,770","3,880",2.8,,,
Rampura Road,Jul-Sep 2020,"2,920-4,670","3,795",3.2,,,
Rampura Road,Apr-Jun 2020,"2,850-4,550","3,700",3.1,,,
Rampura Road,Jan-Mar 2020,"2,760-4,450","3,605",3.4,,,
Rampura Road,Oct-Dec 2019,"2,690-4,340","3,515",3,,,
Rampura Road,Jul-Sep 2019,"2,620-4,250","3,435",3.2,,,
Rampura Road,Apr-Jun 2019,"2,540-4,150","3,345",3.5,,,
Rampura Road,Jan-Mar 2019,"2,460-4,050","3,255",3.8,,,
Rampura Road,Oct-Dec 2018,"2,370-3,940","3,155",4,,,
Rampura Road,Jul-Sep 2018,"2,280-3,820","3,050",4.2,,,
,,,,,,,
Ranip,Oct-Dec 2024,"3,480-4,990","4,235",6,,,
Ranip,Jul-Sep 2024,"3,636-5,335","4,486",4,,,
Ranip,Apr-Jun 2024,"3,633-5,034","4,333",1,,,
Ranip,Jan-Mar 2024,"3,329-5,239","4,284",3,,,
Ranip,Oct-Dec 2023,"3,445-5,368","4,407",1,,,
Ranip,Jul-Sep 2023,"3,451-5,271","4,361",2,,,
Ranip,Apr-Jun 2023,"3,349-5,169","4,259",3,,,
Ranip,Jan-Mar 2023,"3,410-4,880","4,145",1,,,
Ranip,Oct-Dec 2022,"3,280-4,920","4,100",3,,,
Ranip,Jul-Sep 2022,"3,118-4,824","3,971",1,,,
Ranip,Apr-Jun 2022,"3,199-4,815","4,007",5,,,
Ranip,Jan-Mar 2022,"3,080-4,582","3,831",4,,,
Ranip,Oct-Dec 2021,"3,139-4,854","3,996",2,,,
Ranip,Jul-Sep 2021,"3,048-4,807","3,927",3,,,
Ranip,Apr-Jun 2021,"2,927-4,709","3,818",7,,,
Ranip,Jan-Mar 2021,"2,872-4,256","3,564",1,,,
Ranip,Oct-Dec 2020,"2,774-4,319","3,546",5,,,
Ranip,Jul-Sep 2020,"2,722-4,015","3,368",3,,,
Ranip,Apr-Jun 2020,"2,709-3,853","3,281",0.2,,,
Ranip,Jan-Mar 2020,"2,694-3,852","3,273",1,,,
Ranip,Oct-Dec 2019,"2,660-3,846","3,253",2,,,
Ranip,Jul-Sep 2019,"2,671-3,712","3,192",4,,,
Ranip,Apr-Jun 2019,"2,529-3,613","3,071",3,,,
Ranip,Jan-Mar 2019,"2,323-3,615","2,969",1,,,
Ranip,Oct-Dec 2018,"2,298-3,606","2,952",6,,,
Ranip,Jul-Sep 2018,"2,356-3,943","3,150",2,,,
,,,,,,,
Sanand,Oct-Dec 2024,"2,892-4,614","3,753",6,,,
Sanand,Jul-Sep 2024,"2,627-4,481","3,554",3,,,
Sanand,Apr-Jun 2024,"2,660-4,230","3,445",3,,,
Sanand,Jan-Mar 2024,"2,747-4,323","3,535",7,,,
Sanand,Oct-Dec 2023,"2,898-4,691","3,794",4,,,
Sanand,Jul-Sep 2023,"2,760-4,512","3,636",5,,,
Sanand,Apr-Jun 2023,"2,711-4,245","3,478",2,,,
Sanand,Jan-Mar 2023,"2,576-4,238","3,407",1,,,
Sanand,Oct-Dec 2022,"2,646-4,096","3,371",0.1,,,
Sanand,Jul-Sep 2022,"2,601-4,131","3,366",3,,,
Sanand,Apr-Jun 2022,"2,596-4,381","3,488",15,,,
Sanand,Jan-Mar 2022,"2,318-3,741","3,029",22,,,
Sanand,Oct-Dec 2021,"1,837-3,135","2,486",4,,,
Sanand,Jul-Sep 2021,"1,770-3,007","2,388",7,,,
Sanand,Apr-Jun 2021,"1,686-2,775","2,230",5,,,
Sanand,Jan-Mar 2021,"1,712-2,539","2,125",0.2,,,
Sanand,Oct-Dec 2020,"1,748-2,494","2,121",2,,,
Sanand,Jul-Sep 2020,"1,722-2,629","2,175",1,,,
Sanand,Apr-Jun 2020,"1,805-2,574","2,190",2,,,
Sanand,Jan-Mar 2020,"1,819-2,636","2,227",3,,,
Sanand,Oct-Dec 2019,"1,785-2,542","2,164",2,,,
Sanand,Jul-Sep 2019,"1,750-2,500","2,130",1.5,,,
Sanand,Apr-Jun 2019,"1,720-2,460","2,100",1.8,,,
Sanand,Jan-Mar 2019,"1,690-2,420","2,065",2,,,
Sanand,Oct-Dec 2018,"1,650-2,380","2,025",1.7,,,
Sanand,Jul-Sep 2018,"1,620-2,340","1,990",2,,,
,,,,,,,
Sanand Nalsarovar Road,Oct-Dec 2024,"2,892-4,614","3,753",6,,,
Sanand Nalsarovar Road,Jul-Sep 2024,"2,627-4,481","3,554",3,,,
Sanand Nalsarovar Road,Apr-Jun 2024,"2,660-4,230","3,445",3,,,
Sanand Nalsarovar Road,Jan-Mar 2024,"2,754-4,321","3,537",7,,,
Sanand Nalsarovar Road,Oct-Dec 2023,"2,898-4,691","3,794",4,,,
Sanand Nalsarovar Road,Jul-Sep 2023,"2,765-4,509","3,637",5,,,
Sanand Nalsarovar Road,Apr-Jun 2023,"2,715-4,280","3,498",2,,,
Sanand Nalsarovar Road,Jan-Mar 2023,"2,580-4,210","3,395",1,,,
Sanand Nalsarovar Road,Oct-Dec 2022,"2,648-4,100","3,374",0.1,,,
Sanand Nalsarovar Road,Jul-Sep 2022,"2,610-4,125","3,365",3,,,
Sanand Nalsarovar Road,Apr-Jun 2022,"2,599-4,375","3,487",15,,,
Sanand Nalsarovar Road,Jan-Mar 2022,"2,320-3,745","3,030",22,,,
Sanand Nalsarovar Road,Oct-Dec 2021,"1,840-3,140","2,490",4,,,
Sanand Nalsarovar Road,Jul-Sep 2021,"1,775-3,015","2,395",7,,,
Sanand Nalsarovar Road,Apr-Jun 2021,"1,690-2,780","2,235",5,,,
Sanand Nalsarovar Road,Jan-Mar 2021,"1,715-2,540","2,130",0.2,,,
Sanand Nalsarovar Road,Oct-Dec 2020,"1,750-2,500","2,125",2,,,
Sanand Nalsarovar Road,Jul-Sep 2020,"1,725-2,630","2,175",1,,,
Sanand Nalsarovar Road,Apr-Jun 2020,"1,810-2,580","2,195",2,,,
Sanand Nalsarovar Road,Jan-Mar 2020,"1,825-2,640","2,230",3,,,
Sanand Nalsarovar Road,Oct-Dec 2019,"1,790-2,550","2,170",2,,,
Sanand Nalsarovar Road,Jul-Sep 2019,"1,755-2,505","2,135",1.5,,,
Sanand Nalsarovar Road,Apr-Jun 2019,"1,725-2,465","2,105",1.8,,,
Sanand Nalsarovar Road,Jan-Mar 2019,"1,695-2,425","2,070",2,,,
Sanand Nalsarovar Road,Oct-Dec 2018,"1,655-2,385","2,030",1.7,,,
Sanand Nalsarovar Road,Jul-Sep 2018,"1,625-2,345","1,995",2,,,
,,,,,,,
Sanand Sarkhej Road,Oct-Dec 2024,"3,786-5,887","4,836",0.4,,,
Sanand Sarkhej Road,Jul-Sep 2024,"3,751-5,882","4,817",-,,,
Sanand Sarkhej Road,Apr-Jun 2024,"3,733-5,895","4,814",1,,,
Sanand Sarkhej Road,Jan-Mar 2024,"3,657-5,911","4,784",2,,,
Sanand Sarkhej Road,Oct-Dec 2023,"3,584-5,793","4,688",1,,,
Sanand Sarkhej Road,Jul-Sep 2023,"3,530-5,738","4,634",1,,,
Sanand Sarkhej Road,Apr-Jun 2023,"3,483-5,720","4,602",7,,,
Sanand Sarkhej Road,Jan-Mar 2023,"3,261-5,328","4,295",2,,,
Sanand Sarkhej Road,Oct-Dec 2022,"3,131-5,296","4,214",0.3,,,
Sanand Sarkhej Road,Jul-Sep 2022,"3,134-5,271","4,202",2,,,
Sanand Sarkhej Road,Apr-Jun 2022,"3,117-5,143","4,130",17,,,
Sanand Sarkhej Road,Jan-Mar 2022,"2,672-4,393","3,532",13,,,
Sanand Sarkhej Road,Oct-Dec 2021,"2,985-5,102","4,043",1,,,
Sanand Sarkhej Road,Jul-Sep 2021,"2,957-5,064","4,011",6,,,
Sanand Sarkhej Road,Apr-Jun 2021,"3,306-5,253","4,280",1,,,
Sanand Sarkhej Road,Jan-Mar 2021,"3,229-5,280","4,254",1,,,
Sanand Sarkhej Road,Oct-Dec 2020,"3,397-5,237","4,317",8,,,
Sanand Sarkhej Road,Jul-Sep 2020,"2,965-5,011","3,988",1,,,
Sanand Sarkhej Road,Apr-Jun 2020,"3,174-4,885","4,030",2,,,
Sanand Sarkhej Road,Jan-Mar 2020,"3,511-4,715","4,113",2,,,
Sanand Sarkhej Road,Oct-Dec 2019,"3,234-4,839","4,037",2,,,
Sanand Sarkhej Road,Jul-Sep 2019,"3,373-4,848","4,110",1,,,
Sanand Sarkhej Road,Apr-Jun 2019,"3,335-4,806","4,070",5,,,
Sanand Sarkhej Road,Jan-Mar 2019,"3,152-4,619","3,885",7,,,
Sanand Sarkhej Road,Oct-Dec 2018,"2,807-4,438","3,623",4,,,
Sanand Sarkhej Road,Jul-Sep 2018,"3,006-4,531","3,768",0.2,,,
,,,,,,,
Sanand Viramgam Highway,Oct-Dec 2024,"2,873-4,586","3,730",11,,,
Sanand Viramgam Highway,Jul-Sep 2024,"2,520-4,230","3,375",8,,,
Sanand Viramgam Highway,Apr-Jun 2024,"2,477-4,015","3,246",7,,,
Sanand Viramgam Highway,Jan-Mar 2024,"2,727-4,197","3,462",8,,,
Sanand Viramgam Highway,Oct-Dec 2023,"2,892-4,613","3,753",4,,,
Sanand Viramgam Highway,Jul-Sep 2023,"2,780-4,430","3,605",5,,,
Sanand Viramgam Highway,Apr-Jun 2023,"2,645-4,215","3,430",2,,,
Sanand Viramgam Highway,Jan-Mar 2023,"2,600-4,190","3,395",1,,,
Sanand Viramgam Highway,Oct-Dec 2022,"2,635-4,050","3,342",0.1,,,
Sanand Viramgam Highway,Jul-Sep 2022,"2,605-4,090","3,348",3,,,
Sanand Viramgam Highway,Apr-Jun 2022,"2,598-4,365","3,482",15,,,
Sanand Viramgam Highway,Jan-Mar 2022,"2,320-3,740","3,030",22,,,
Sanand Viramgam Highway,Oct-Dec 2021,"1,835-3,130","2,482",4,,,
Sanand Viramgam Highway,Jul-Sep 2021,"1,765-3,010","2,388",7,,,
Sanand Viramgam Highway,Apr-Jun 2021,"1,685-2,775","2,230",5,,,
Sanand Viramgam Highway,Jan-Mar 2021,"1,710-2,535","2,125",0.2,,,
Sanand Viramgam Highway,Oct-Dec 2020,"1,745-2,495","2,120",2,,,
Sanand Viramgam Highway,Jul-Sep 2020,"1,720-2,625","2,170",1,,,
Sanand Viramgam Highway,Apr-Jun 2020,"1,805-2,570","2,190",2,,,
Sanand Viramgam Highway,Jan-Mar 2020,"1,820-2,635","2,230",3,,,
Sanand Viramgam Highway,Oct-Dec 2019,"1,785-2,540","2,165",2,,,
Sanand Viramgam Highway,Jul-Sep 2019,"1,755-2,500","2,130",1.5,,,
Sanand Viramgam Highway,Apr-Jun 2019,"1,720-2,460","2,100",1.8,,,
Sanand Viramgam Highway,Jan-Mar 2019,"1,690-2,420","2,055",2,,,
Sanand Viramgam Highway,Oct-Dec 2018,"1,650-2,380","2,015",1.7,,,
Sanand Viramgam Highway,Jul-Sep 2018,"1,620-2,340","1,980",2,,,
,,,,,,,
Sanathal,Oct-Dec 2024,"3,762-5,468","4,615",8,,,
Sanathal,Jul-Sep 2024,"3,484-5,185","4,275",6,,,
Sanathal,Apr-Jun 2024,"3,300-5,050","4,035",3,,,
Sanathal,Jan-Mar 2024,"3,250-5,000","3,915",2,,,
Sanathal,Oct-Dec 2023,"3,150-4,950","3,840",5,,,
Sanathal,Jul-Sep 2023,"3,020-4,780","3,650",4,,,
Sanathal,Apr-Jun 2023,"2,900-4,600","3,500",3,,,
Sanathal,Jan-Mar 2023,"2,750-4,400","3,350",3,,,
Sanathal,Oct-Dec 2022,"2,600-4,250","3,250",2,,,
Sanathal,Jul-Sep 2022,"2,540-4,100","3,150",3,,,
Sanathal,Apr-Jun 2022,"2,500-4,000","3,060",4,,,
Sanathal,Jan-Mar 2022,"2,400-3,850","2,945",6,,,
Sanathal,Oct-Dec 2021,"2,250-3,620","2,780",5,,,
Sanathal,Jul-Sep 2021,"2,150-3,500","2,650",4,,,
Sanathal,Apr-Jun 2021,"2,050-3,350","2,550",3,,,
Sanathal,Jan-Mar 2021,"1,990-3,230","2,470",3,,,
Sanathal,Oct-Dec 2020,"1,920-3,150","2,400",2,,,
Sanathal,Jul-Sep 2020,"1,880-3,080","2,350",1.5,,,
Sanathal,Apr-Jun 2020,"1,850-3,020","2,315",2,,,
Sanathal,Jan-Mar 2020,"1,820-2,980","2,270",2.5,,,
Sanathal,Oct-Dec 2019,"1,780-2,920","2,215",2,,,
Sanathal,Jul-Sep 2019,"1,750-2,850","2,170",1.8,,,
Sanathal,Apr-Jun 2019,"1,720-2,800","2,125",2,,,
Sanathal,Jan-Mar 2019,"1,690-2,750","2,080",2,,,
Sanathal,Oct-Dec 2018,"1,660-2,710","2,045",1.7,,,
Sanathal,Jul-Sep 2018,"1,630-2,680","2,000",2,,,
,,,,,,,
Sardar Patel Ring Road,Oct-Dec 2024,"3,833-6,334","5,083",3,,,
Sardar Patel Ring Road,Jul-Sep 2024,"3,704-6,176","4,940",0.3,,,
Sardar Patel Ring Road,Apr-Jun 2024,"3,702-6,146","4,924",1,,,
Sardar Patel Ring Road,Jan-Mar 2024,"3,668-6,100","4,884",-,,,
Sardar Patel Ring Road,Oct-Dec 2023,"3,688-6,073","4,880",1,,,
Sardar Patel Ring Road,Jul-Sep 2023,"3,644-6,062","4,853",3,,,
Sardar Patel Ring Road,Apr-Jun 2023,"3,519-5,941","4,730",6,,,
Sardar Patel Ring Road,Jan-Mar 2023,"3,996-6,045","5,021",3,,,
Sardar Patel Ring Road,Oct-Dec 2022,"3,789-5,969","4,879",6,,,
Sardar Patel Ring Road,Jul-Sep 2022,"3,638-5,586","4,612",3,,,
Sardar Patel Ring Road,Apr-Jun 2022,"3,600-5,387","4,494",4,,,
Sardar Patel Ring Road,Jan-Mar 2022,"3,411-5,210","4,310",4,,,
Sardar Patel Ring Road,Oct-Dec 2021,"3,317-4,994","4,156",1,,,
Sardar Patel Ring Road,Jul-Sep 2021,"3,191-5,035","4,113",3,,,
Sardar Patel Ring Road,Apr-Jun 2021,"3,087-4,880","3,984",4,,,
Sardar Patel Ring Road,Jan-Mar 2021,"3,023-4,667","3,845",3,,,
Sardar Patel Ring Road,Oct-Dec 2020,"2,941-4,502","3,722",1,,,
Sardar Patel Ring Road,Jul-Sep 2020,"2,921-4,419","3,670",2,,,
Sardar Patel Ring Road,Apr-Jun 2020,"2,863-4,314","3,588",0.2,,,
Sardar Patel Ring Road,Jan-Mar 2020,"2,859-4,305","3,582",3,,,
Sardar Patel Ring Road,Oct-Dec 2019,"2,931-4,429","3,680",1,,,
Sardar Patel Ring Road,Jul-Sep 2019,"2,979-4,422","3,701",2,,,
Sardar Patel Ring Road,Apr-Jun 2019,"2,953-4,312","3,632",2,,,
Sardar Patel Ring Road,Jan-Mar 2019,"2,992-4,427","3,710",5,,,
Sardar Patel Ring Road,Oct-Dec 2018,"2,899-4,147","3,523",2,,,
Sardar Patel Ring Road,Jul-Sep 2018,"2,894-4,012","3,453",2,,,
,,,,,,,
Sarkhej,Oct-Dec 2024,"3,679-5,911","4,795",2,,,
Sarkhej,Jul-Sep 2024,"3,716-5,775","4,705",4,,,
Sarkhej,Apr-Jun 2024,"3,563-5,616","4,520",8,,,
Sarkhej,Jan-Mar 2024,"3,050-5,277","4,180",2,,,
Sarkhej,Oct-Dec 2023,"3,222-5,210","4,100",6,,,
Sarkhej,Jul-Sep 2023,"3,060-5,000","3,870",3.5,,,
Sarkhej,Apr-Jun 2023,"2,900-4,800","3,740",2.5,,,
Sarkhej,Jan-Mar 2023,"2,750-4,600","3,650",2,,,
Sarkhej,Oct-Dec 2022,"2,700-4,550","3,580",1.5,,,
Sarkhej,Jul-Sep 2022,"2,650-4,500","3,530",3.2,,,
Sarkhej,Apr-Jun 2022,"2,600-4,450","3,420",5,,,
Sarkhej,Jan-Mar 2022,"2,500-4,300","3,260",7,,,
Sarkhej,Oct-Dec 2021,"2,350-4,050","3,050",4.5,,,
Sarkhej,Jul-Sep 2021,"2,250-3,900","2,920",3.8,,,
Sarkhej,Apr-Jun 2021,"2,150-3,750","2,810",3.2,,,
Sarkhej,Jan-Mar 2021,"2,090-3,620","2,720",3,,,
Sarkhej,Oct-Dec 2020,"2,020-3,500","2,640",2.2,,,
Sarkhej,Jul-Sep 2020,"1,980-3,450","2,580",1.8,,,
Sarkhej,Apr-Jun 2020,"1,950-3,400","2,530",2.5,,,
Sarkhej,Jan-Mar 2020,"1,920-3,360","2,470",2.8,,,
Sarkhej,Oct-Dec 2019,"1,880-3,300","2,400",2.1,,,
Sarkhej,Jul-Sep 2019,"1,850-3,250","2,350",1.9,,,
Sarkhej,Apr-Jun 2019,"1,820-3,200","2,310",2.3,,,
Sarkhej,Jan-Mar 2019,"1,790-3,150","2,260",2.5,,,
Sarkhej,Oct-Dec 2018,"1,760-3,120","2,210",2,,,
Sarkhej,Jul-Sep 2018,"1,730-3,100","2,170",2.3,,,
,,,,,,,
Sarkhej Ahmedabad Main Road,Oct-Dec 2024,"4,518-6,096","5,307",3,,,
Sarkhej Ahmedabad Main Road,Jul-Sep 2024,"4,410-5,990","5,154",4,,,
Sarkhej Ahmedabad Main Road,Apr-Jun 2024,"4,245-5,890","4,950",6,,,
Sarkhej Ahmedabad Main Road,Jan-Mar 2024,"4,000-5,600","4,670",2.5,,,
Sarkhej Ahmedabad Main Road,Oct-Dec 2023,"3,900-5,500","4,556",5,,,
Sarkhej Ahmedabad Main Road,Jul-Sep 2023,"3,700-5,300","4,340",3,,,
Sarkhej Ahmedabad Main Road,Apr-Jun 2023,"3,600-5,150","4,215",2.5,,,
Sarkhej Ahmedabad Main Road,Jan-Mar 2023,"3,500-5,000","4,110",2,,,
Sarkhej Ahmedabad Main Road,Oct-Dec 2022,"3,430-4,950","4,020",1.8,,,
Sarkhej Ahmedabad Main Road,Jul-Sep 2022,"3,380-4,900","3,950",2.5,,,
Sarkhej Ahmedabad Main Road,Apr-Jun 2022,"3,250-4,700","3,855",4,,,
Sarkhej Ahmedabad Main Road,Jan-Mar 2022,"3,100-4,500","3,710",6,,,
Sarkhej Ahmedabad Main Road,Oct-Dec 2021,"2,900-4,250","3,500",5,,,
Sarkhej Ahmedabad Main Road,Jul-Sep 2021,"2,750-4,000","3,330",3.8,,,
Sarkhej Ahmedabad Main Road,Apr-Jun 2021,"2,650-3,850","3,210",3.5,,,
Sarkhej Ahmedabad Main Road,Jan-Mar 2021,"2,580-3,720","3,105",3.2,,,
Sarkhej Ahmedabad Main Road,Oct-Dec 2020,"2,500-3,600","3,010",2.8,,,
Sarkhej Ahmedabad Main Road,Jul-Sep 2020,"2,450-3,500","2,930",2.5,,,
Sarkhej Ahmedabad Main Road,Apr-Jun 2020,"2,400-3,420","2,855",3,,,
Sarkhej Ahmedabad Main Road,Jan-Mar 2020,"2,350-3,350","2,775",2.5,,,
Sarkhej Ahmedabad Main Road,Oct-Dec 2019,"2,300-3,300","2,710",2,,,
Sarkhej Ahmedabad Main Road,Jul-Sep 2019,"2,250-3,250","2,655",2.2,,,
Sarkhej Ahmedabad Main Road,Apr-Jun 2019,"2,200-3,200","2,600",2.5,,,
Sarkhej Ahmedabad Main Road,Jan-Mar 2019,"2,150-3,150","2,540",2.8,,,
Sarkhej Ahmedabad Main Road,Oct-Dec 2018,"2,100-3,100","2,470",2.3,,,
Sarkhej Ahmedabad Main Road,Jul-Sep 2018,"2,050-3,050","2,415",2.5,,,
,,,,,,,
Sarkhej Gandhinagar Highway,Oct-Dec 2024,"4,474-7,584","6,029",0.1,,,
Sarkhej Gandhinagar Highway,Jul-Sep 2024,"4,442-7,631","6,037",3.7,,,
Sarkhej Gandhinagar Highway,Apr-Jun 2024,"4,323-7,323","5,823",2.3,,,
Sarkhej Gandhinagar Highway,Jan-Mar 2024,"4,240-7,142","5,691",0.5,,,
Sarkhej Gandhinagar Highway,Oct-Dec 2023,"4,226-7,097","5,662",1,,,
Sarkhej Gandhinagar Highway,Jul-Sep 2023,"4,141-7,094","5,617",2,,,
Sarkhej Gandhinagar Highway,Apr-Jun 2023,"4,032-7,003","5,518",2.8,,,
Sarkhej Gandhinagar Highway,Jan-Mar 2023,"3,900-6,900","5,370",3.2,,,
Sarkhej Gandhinagar Highway,Oct-Dec 2022,"3,800-6,750","5,200",3.5,,,
Sarkhej Gandhinagar Highway,Jul-Sep 2022,"3,680-6,500","5,010",3.7,,,
Sarkhej Gandhinagar Highway,Apr-Jun 2022,"3,550-6,350","4,830",3.2,,,
Sarkhej Gandhinagar Highway,Jan-Mar 2022,"3,450-6,100","4,680",3,,,
Sarkhej Gandhinagar Highway,Oct-Dec 2021,"3,400-6,000","4,550",3.2,,,
Sarkhej Gandhinagar Highway,Jul-Sep 2021,"3,350-5,900","4,410",3.5,,,
Sarkhej Gandhinagar Highway,Apr-Jun 2021,"3,250-5,750","4,260",3.8,,,
Sarkhej Gandhinagar Highway,Jan-Mar 2021,"3,200-5,600","4,100",4,,,
Sarkhej Gandhinagar Highway,Oct-Dec 2020,"3,100-5,450","3,940",4.2,,,
Sarkhej Gandhinagar Highway,Jul-Sep 2020,"3,050-5,300","3,780",4.5,,,
Sarkhej Gandhinagar Highway,Apr-Jun 2020,"2,950-5,100","3,620",4.8,,,
Sarkhej Gandhinagar Highway,Jan-Mar 2020,"2,850-4,900","3,450",4.5,,,
Sarkhej Gandhinagar Highway,Oct-Dec 2019,"2,750-4,750","3,300",4.2,,,
Sarkhej Gandhinagar Highway,Jul-Sep 2019,"2,650-4,600","3,170",4,,,
Sarkhej Gandhinagar Highway,Apr-Jun 2019,"2,550-4,450","3,050",3.8,,,
Sarkhej Gandhinagar Highway,Jan-Mar 2019,"2,480-4,300","2,920",3.5,,,
Sarkhej Gandhinagar Highway,Oct-Dec 2018,"2,400-4,150","2,820",3.2,,,
Sarkhej Gandhinagar Highway,Jul-Sep 2018,"2,300-4,000","2,700",3,,,
,,,,,,,
Sarkhej Okef,Oct-Dec 2024,"3,775-5,886","4,831",1,,,
Sarkhej Okef,Jul-Sep 2024,"3,765-5,774","4,769",4,,,
Sarkhej Okef,Apr-Jun 2024,"3,514-5,635","4,574",9,,,
Sarkhej Okef,Jan-Mar 2024,"3,090-5,290","4,190",-,,,
Sarkhej Okef,Oct-Dec 2023,"3,178-5,211","4,194",2,,,
Sarkhej Okef,Jul-Sep 2023,"3,146-5,087","4,117",3.8,,,
Sarkhej Okef,Apr-Jun 2023,"3,030-4,900","3,965",3.5,,,
Sarkhej Okef,Jan-Mar 2023,"2,920-4,750","3,830",3.7,,,
Sarkhej Okef,Oct-Dec 2022,"2,850-4,600","3,700",3.2,,,
Sarkhej Okef,Jul-Sep 2022,"2,780-4,450","3,580",3.4,,,
Sarkhej Okef,Apr-Jun 2022,"2,710-4,320","3,450",3.1,,,
Sarkhej Okef,Jan-Mar 2022,"2,630-4,200","3,340",3,,,
Sarkhej Okef,Oct-Dec 2021,"2,550-4,100","3,240",3.2,,,
Sarkhej Okef,Jul-Sep 2021,"2,470-4,000","3,140",3.3,,,
Sarkhej Okef,Apr-Jun 2021,"2,400-3,900","3,030",3.5,,,
Sarkhej Okef,Jan-Mar 2021,"2,330-3,800","2,920",3.7,,,
Sarkhej Okef,Oct-Dec 2020,"2,250-3,700","2,810",3.8,,,
Sarkhej Okef,Jul-Sep 2020,"2,180-3,600","2,710",4,,,
Sarkhej Okef,Apr-Jun 2020,"2,120-3,500","2,620",4.1,,,
Sarkhej Okef,Jan-Mar 2020,"2,050-3,400","2,520",4.3,,,
Sarkhej Okef,Oct-Dec 2019,"2,000-3,300","2,420",4.1,,,
Sarkhej Okef,Jul-Sep 2019,"1,950-3,200","2,330",4,,,
Sarkhej Okef,Apr-Jun 2019,"1,900-3,100","2,240",3.8,,,
Sarkhej Okef,Jan-Mar 2019,"1,850-3,000","2,150",3.7,,,
Sarkhej Okef,Oct-Dec 2018,"1,800-2,900","2,070",3.5,,,
Sarkhej Okef,Jul-Sep 2018,"1,750-2,800","2,000",3.3,,,
,,,,,,,
Satellite,Oct-Dec 2024,"6,085-9,664","7,875",1,,,
Satellite,Jul-Sep 2024,"6,148-9,372","7,760",3,,,
Satellite,Apr-Jun 2024,"5,967-9,126","7,546",4,,,
Satellite,Jan-Mar 2024,"5,605-8,840","7,223",3,,,
Satellite,Oct-Dec 2023,"5,490-8,508","6,999",0.5,,,
Satellite,Jul-Sep 2023,"5,429-8,501","6,965",2,,,
Satellite,Apr-Jun 2023,"5,482-8,687","7,084",2,,,
Satellite,Jan-Mar 2023,"5,459-8,399","6,929",3,,,
Satellite,Oct-Dec 2022,"5,203-8,257","6,730",3,,,
Satellite,Jul-Sep 2022,"5,057-8,061","6,559",0.4,,,
Satellite,Apr-Jun 2022,"5,072-7,993","6,533",2,,,
Satellite,Jan-Mar 2022,"5,001-7,796","6,399",1,,,
Satellite,Oct-Dec 2021,"5,006-7,862","6,434",2,,,
Satellite,Jul-Sep 2021,"4,875-7,766","6,320",3,,,
Satellite,Apr-Jun 2021,"4,706-7,531","6,118",1,,,
Satellite,Jan-Mar 2021,"4,810-7,507","6,158",2,,,
Satellite,Oct-Dec 2020,"4,709-7,334","6,021",0.2,,,
Satellite,Jul-Sep 2020,"4,690-7,375","6,032",0.3,,,
Satellite,Apr-Jun 2020,"4,741-7,360","6,051",2,,,
Satellite,Jan-Mar 2020,"4,777-7,513","6,145",1,,,
Satellite,Oct-Dec 2019,"4,709-7,417","6,063",0.2,,,
Satellite,Jul-Sep 2019,"4,803-7,351","6,077",1,,,
Satellite,Apr-Jun 2019,"4,733-7,265","5,999",3,,,
Satellite,Jan-Mar 2019,"4,586-7,064","5,825",1,,,
Satellite,Oct-Dec 2018,"4,623-7,129","5,876",2,,,
Satellite,Jul-Sep 2018,"4,562-6,987","5,774",0.2,,,
,,,,,,,
Satellite Road,Oct-Dec 2024,"6,120-9,441","7,780",0.2,,,
Satellite Road,Jul-Sep 2024,"6,200-9,326","7,763",3,,,
Satellite Road,Apr-Jun 2024,"6,057-9,083","7,570",3,,,
Satellite Road,Jan-Mar 2024,"5,744-8,909","7,326",4,,,
Satellite Road,Oct-Dec 2023,"5,440-8,588","7,014",1,,,
Satellite Road,Jul-Sep 2023,"5,384-8,480","6,932",0.1,,,
Satellite Road,Apr-Jun 2023,"5,443-8,438","6,940",-,,,
Satellite Road,Jan-Mar 2023,"5,320-8,390","6,855",2.1,,,
Satellite Road,Oct-Dec 2022,"5,180-8,250","6,715",2.2,,,
Satellite Road,Jul-Sep 2022,"5,090-8,100","6,595",2.3,,,
Satellite Road,Apr-Jun 2022,"4,950-7,950","6,450",2.5,,,
Satellite Road,Jan-Mar 2022,"4,850-7,800","6,325",2.3,,,
Satellite Road,Oct-Dec 2021,"4,740-7,600","6,180",2.2,,,
Satellite Road,Jul-Sep 2021,"4,600-7,450","6,025",2.4,,,
Satellite Road,Apr-Jun 2021,"4,500-7,300","5,910",2.6,,,
Satellite Road,Jan-Mar 2021,"4,350-7,150","5,785",2.7,,,
Satellite Road,Oct-Dec 2020,"4,220-7,000","5,670",2.8,,,
Satellite Road,Jul-Sep 2020,"4,100-6,850","5,540",2.9,,,
Satellite Road,Apr-Jun 2020,"4,000-6,700","5,420",3.1,,,
Satellite Road,Jan-Mar 2020,"4,000-6,500","5,260",3.5,,,
Satellite Road,Oct-Dec 2019,"3,900-6,400","5,085",3.8,,,
Satellite Road,Jul-Sep 2019,"3,800-6,250","4,900",4,,,
Satellite Road,Apr-Jun 2019,"4,490-7,333","5,912",3,,,
Satellite Road,Jan-Mar 2019,"4,659-6,871","5,765",-,,,
Satellite Road,Oct-Dec 2018,"4,900-7,600","6,250",5.5,,,
Satellite Road,Jul-Sep 2018,"4,827-7,408","6,118",6,,,
,,,,,,,
Satya Marg,Oct-Dec 2024,"6,675-10,075","8,375",-0.27,,,
Satya Marg,Jul-Sep 2024,"6,673-10,123","8,398",0.57,,,
Satya Marg,Apr-Jun 2024,"6,600-10,050","8,350",0.85,,,
Satya Marg,Jan-Mar 2024,"6,550-9,980","8,280",1.53,,,
Satya Marg,Oct-Dec 2023,"6,480-9,850","8,155",1.81,,,
Satya Marg,Jul-Sep 2023,"6,400-9,730","8,010",2.1,,,
Satya Marg,Apr-Jun 2023,"6,250-9,550","7,845",2.35,,,
Satya Marg,Jan-Mar 2023,"6,100-9,370","7,665",3.02,,,
Satya Marg,Oct-Dec 2022,"5,950-9,150","7,440",3.77,,,
Satya Marg,Jul-Sep 2022,"5,770-8,900","7,170",3.91,,,
Satya Marg,Apr-Jun 2022,"5,600-8,650","6,900",3.45,,,
Satya Marg,Jan-Mar 2022,"5,450-8,400","6,670",4.71,,,
Satya Marg,Oct-Dec 2021,"5,250-8,150","6,370",4.43,,,
Satya Marg,Jul-Sep 2021,"5,050-7,900","6,100",4.81,,,
Satya Marg,Apr-Jun 2021,"4,850-7,650","5,820",4.86,,,
Satya Marg,Jan-Mar 2021,"4,650-7,400","5,550",4.23,,,
Satya Marg,Oct-Dec 2020,"4,500-7,150","5,325",4.41,,,
Satya Marg,Jul-Sep 2020,"4,350-6,900","5,100",4.62,,,
Satya Marg,Apr-Jun 2020,"4,200-6,650","4,875",5.98,,,
Satya Marg,Jan-Mar 2020,"4,000-6,400","4,600",6.98,,,
Satya Marg,Oct-Dec 2019,"3,850-6,100","4,300",7.5,,,
Satya Marg,Jul-Sep 2019,"3,700-5,800","4,000",6.67,,,
Satya Marg,Apr-Jun 2019,"3,500-5,500","3,750",7.14,,,
Satya Marg,Jan-Mar 2019,"3,300-5,200","3,500",9.38,,,
Satya Marg,Oct-Dec 2018,"3,150-4,900","3,200",7.56,,,
Satya Marg,Jul-Sep 2018,"3,000-4,600","2,975",-,,,
,,,,,,,
Science City,Oct-Dec 2024,"5,069-7,658","6,364",1,,,
Science City,Jul-Sep 2024,"5,093-7,699","6,396",2,,,
Science City,Apr-Jun 2024,"4,977-7,555","6,266",1,,,
Science City,Jan-Mar 2024,"4,868-7,487","6,177",1,,,
Science City,Oct-Dec 2023,"4,931-7,341","6,136",1,,,
Science City,Jul-Sep 2023,"4,862-7,553","6,208",4,,,
Science City,Apr-Jun 2023,"5,158-7,733","6,446",1,,,
Science City,Jan-Mar 2023,"5,010-7,720","6,365",2,,,
Science City,Oct-Dec 2022,"5,148-7,841","6,495",3,,,
Science City,Jul-Sep 2022,"4,979-7,655","6,317",3,,,
Science City,Apr-Jun 2022,"4,861-7,432","6,147",3,,,
Science City,Jan-Mar 2022,"4,746-7,192","5,969",3,,,
Science City,Oct-Dec 2021,"4,867-7,454","6,160",1,,,
Science City,Jul-Sep 2021,"4,697-7,467","6,082",2,,,
Science City,Apr-Jun 2021,"4,844-7,064","5,954",2,,,
Science City,Jan-Mar 2021,"4,757-6,945","5,851",1,,,
Science City,Oct-Dec 2020,"4,855-6,983","5,919",2,,,
Science City,Jul-Sep 2020,"4,635-6,914","5,775",1,,,
Science City,Apr-Jun 2020,"4,516-6,977","5,746",1,,,
Science City,Jan-Mar 2020,"4,619-7,012","5,815",2,,,
Science City,Oct-Dec 2019,"4,545-6,864","5,705",0.2,,,
Science City,Jul-Sep 2019,"4,458-6,973","5,716",2,,,
Science City,Apr-Jun 2019,"4,694-6,999","5,847",8,,,
Science City,Jan-Mar 2019,"4,422-6,451","5,437",0.3,,,
Science City,Oct-Dec 2018,"4,469-6,369","5,419",6,,,
Science City,Jul-Sep 2018,"4,174-6,058","5,116",2,,,
,,,,,,,
Science City Road,Oct-Dec 2024,"5,164-7,880","6,522",1,,,
Science City Road,Jul-Sep 2024,"5,188-7,991","6,589",3,,,
Science City Road,Apr-Jun 2024,"5,067-7,691","6,379",1,,,
Science City Road,Jan-Mar 2024,"4,969-7,674","6,322",1,,,
Science City Road,Oct-Dec 2023,"4,983-7,542","6,262",-,,,
Science City Road,Jul-Sep 2023,"4,911-7,625","6,268",2,,,
Science City Road,Apr-Jun 2023,"5,042-7,710","6,376",-,,,
Science City Road,Jan-Mar 2023,"5,033-7,726","6,379",2,,,
Science City Road,Oct-Dec 2022,"5,137-7,840","6,488",2,,,
Science City Road,Jul-Sep 2022,"4,985-7,786","6,386",3,,,
Science City Road,Apr-Jun 2022,"4,903-7,459","6,181",3,,,
Science City Road,Jan-Mar 2022,"4,769-7,212","5,991",,,,
Science City Road,Oct-Dec 2021,"4,923-7,449","6,186",2,,,
Science City Road,Jul-Sep 2021,"4,749-7,411","6,080",1,,,
Science City Road,Apr-Jun 2021,"4,857-7,144","6,001",2,,,
Science City Road,Jan-Mar 2021,"4,802-7,020","5,911",1,,,
Science City Road,Oct-Dec 2020,"4,885-7,017","5,951",3,,,
Science City Road,Jul-Sep 2020,"4,686-6,915","5,800",1,,,
Science City Road,Apr-Jun 2020,"4,573-6,953","5,763",0.3,,,
Science City Road,Jan-Mar 2020,"4,654-6,907","5,781",1,,,
Science City Road,Oct-Dec 2019,"4,594-6,834","5,714",0.4,,,
Science City Road,Jul-Sep 2019,"4,507-6,965","5,736",2,,,
Science City Road,Apr-Jun 2019,"4,682-6,971","5,827",8,,,
Science City Road,Jan-Mar 2019,"4,380-6,417","5,398",0.1,,,
Science City Road,Oct-Dec 2018,"4,434-6,374","5,404",6,,,
Science City Road,Jul-Sep 2018,"4,147-6,058","5,102",2,,,
,,,,,,,
Sector 7 South Bopal,Oct-Dec 2024,"3,820-5,787","4,803",4,,,
Sector 7 South Bopal,Jul-Sep 2024,"3,749-5,465","4,607",3,,,
Sector 7 South Bopal,Apr-Jun 2024,"3,861-5,621","4,741",1,,,
Sector 7 South Bopal,Jan-Mar 2024,"3,819-5,738","4,778",-,,,
Sector 7 South Bopal,Oct-Dec 2023,"3,720-5,600","4,730",2.25,,,
Sector 7 South Bopal,Jul-Sep 2023,"3,640-5,480","4,625",2.66,,,
Sector 7 South Bopal,Apr-Jun 2023,"3,530-5,300","4,510",3.45,,,
Sector 7 South Bopal,Jan-Mar 2023,"3,400-5,120","4,360",3.8,,,
Sector 7 South Bopal,Oct-Dec 2022,"3,280-4,960","4,200",4.25,,,
Sector 7 South Bopal,Jul-Sep 2022,"3,180-4,750","4,030",3.87,,,
Sector 7 South Bopal,Apr-Jun 2022,"3,070-4,590","3,880",3.75,,,
Sector 7 South Bopal,Jan-Mar 2022,"2,960-4,420","3,740",3.32,,,
Sector 7 South Bopal,Oct-Dec 2021,"2,850-4,250","3,620",4.02,,,
Sector 7 South Bopal,Jul-Sep 2021,"2,720-4,080","3,480",4.2,,,
Sector 7 South Bopal,Apr-Jun 2021,"2,600-3,920","3,340",4.7,,,
Sector 7 South Bopal,Jan-Mar 2021,"2,470-3,750","3,190",5.1,,,
Sector 7 South Bopal,Oct-Dec 2020,"2,350-3,600","3,035",5.5,,,
Sector 7 South Bopal,Jul-Sep 2020,"2,200-3,420","2,875",5.88,,,
Sector 7 South Bopal,Apr-Jun 2020,"2,100-3,250","2,715",6,,,
Sector 7 South Bopal,Jan-Mar 2020,"1,980-3,100","2,560",6.25,,,
Sector 7 South Bopal,Oct-Dec 2019,"1,850-2,960","2,410",6.64,,,
Sector 7 South Bopal,Jul-Sep 2019,"1,750-2,800","2,260",7.6,,,
Sector 7 South Bopal,Apr-Jun 2019,"1,600-2,650","2,100",7.9,,,
Sector 7 South Bopal,Jan-Mar 2019,"1,450-2,500","1,945",8.5,,,
Sector 7 South Bopal,Oct-Dec 2018,"1,320-2,350","1,790",9.3,,,
Sector 7 South Bopal,Jul-Sep 2018,"1,200-2,150","1,630",-,,,
,,,,,,,
Shahibag,Oct-Dec 2024,"4,971-8,340","6,655",1,,,
Shahibag,Jul-Sep 2024,"4,824-8,555","6,689",13,,,
Shahibag,Apr-Jun 2024,"5,904-9,521","7,713",9,,,
Shahibag,Jan-Mar 2024,"5,079-9,125","7,102",6,,,
Shahibag,Oct-Dec 2023,"4,914-8,450","6,682",1,,,
Shahibag,Jul-Sep 2023,"6,054-8,811","7,433",15,,,
Shahibag,Apr-Jun 2023,"4,714-8,193","6,454",2,,,
Shahibag,Jan-Mar 2023,"4,617-7,999","6,308",-,,,
Shahibag,Oct-Dec 2022,"4,711-7,906","6,309",1,,,
Shahibag,Jul-Sep 2022,"4,746-7,943","6,344",3,,,
Shahibag,Apr-Jun 2022,"4,965-8,168","6,567",4,,,
Shahibag,Jan-Mar 2022,"5,019-7,600","6,310",4,,,
Shahibag,Oct-Dec 2021,"4,569-7,622","6,095",2,,,
Shahibag,Jul-Sep 2021,"4,787-7,697","6,242",8,,,
Shahibag,Apr-Jun 2021,"5,410-8,129","6,769",2,,,
Shahibag,Jan-Mar 2021,"5,171-8,057","6,614",-,,,
Shahibag,Oct-Dec 2020,"5,091-8,131","6,611",6,,,
Shahibag,Jul-Sep 2020,"5,590-8,442","7,016",0.3,,,
Shahibag,Apr-Jun 2020,"5,785-8,199","6,992",0.3,,,
Shahibag,Jan-Mar 2020,"5,941-7,998","6,969",3,,,
Shahibag,Oct-Dec 2019,"5,843-8,484","7,164",3,,,
Shahibag,Jul-Sep 2019,"5,552-8,314","6,933",4,,,
Shahibag,Apr-Jun 2019,"5,977-8,498","7,238",3,,,
Shahibag,Jan-Mar 2019,"6,018-8,853","7,436",1,,,
Shahibag,Oct-Dec 2018,"5,799-9,182","7,491",23,,,
Shahibag,Jul-Sep 2018,"4,742-7,443","6,093",1,,,
,,,,,,,
Shantigram,Oct-Dec 2024,"5,171-7,116","6,143",1,,,
Shantigram,Jul-Sep 2024,"5,246-7,156","6,201",4,,,
Shantigram,Apr-Jun 2024,"4,974-6,957","5,965",1,,,
Shantigram,Jan-Mar 2024,"4,928-6,902","5,915",1,,,
Shantigram,Oct-Dec 2023,"4,840-6,844","5,842",4,,,
Shantigram,Jul-Sep 2023,"4,839-6,365","5,602",0.2,,,
Shantigram,Apr-Jun 2023,"4,750-6,429","5,589",0.2,,,
Shantigram,Jan-Mar 2023,"4,749-6,411","5,580",1,,,
Shantigram,Oct-Dec 2022,"4,639-6,393","5,516",3,,,
Shantigram,Jul-Sep 2022,"4,480-6,222","5,351",4,,,
Shantigram,Apr-Jun 2022,"4,415-5,900","5,158",3,,,
Shantigram,Jan-Mar 2022,"4,375-5,644","5,010",2.5,,,
Shantigram,Oct-Dec 2021,"4,250-5,500","4,890",2.8,,,
Shantigram,Jul-Sep 2021,"4,140-5,350","4,757",3.5,,,
Shantigram,Apr-Jun 2021,"4,000-5,200","4,595",4,,,
Shantigram,Jan-Mar 2021,"3,850-5,000","4,415",4.3,,,
Shantigram,Oct-Dec 2020,"3,750-4,900","4,235",4.7,,,
Shantigram,Jul-Sep 2020,"3,600-4,750","4,045",5.2,,,
Shantigram,Apr-Jun 2020,"3,450-4,600","3,845",5.5,,,
Shantigram,Jan-Mar 2020,"3,300-4,450","3,645",5.8,,,
Shantigram,Oct-Dec 2019,"3,200-4,300","3,445",6.1,,,
Shantigram,Jul-Sep 2019,"3,050-4,150","3,245",6.4,,,
Shantigram,Apr-Jun 2019,"2,900-4,000","3,050",6.9,,,
Shantigram,Jan-Mar 2019,"2,750-3,850","2,850",7.3,,,
Shantigram,Oct-Dec 2018,"2,600-3,700","2,655",7.8,,,
Shantigram,Jul-Sep 2018,"2,450-3,500","2,460",-,,,
,,,,,,,
Shantigram Road,Oct-Dec 2024,"3,938-5,396","4,667",1,,,
Shantigram Road,Jul-Sep 2024,"3,913-5,315","4,614",2,,,
Shantigram Road,Apr-Jun 2024,"3,815-5,616","4,715",3,,,
Shantigram Road,Jan-Mar 2024,"3,720-5,454","4,587",5,,,
Shantigram Road,Oct-Dec 2023,"3,562-5,161","4,362",4.5,,,
Shantigram Road,Jul-Sep 2023,"3,410-4,940","4,175",4.2,,,
Shantigram Road,Apr-Jun 2023,"3,270-4,750","4,010",4.8,,,
Shantigram Road,Jan-Mar 2023,"3,125-4,580","3,825",5.2,,,
Shantigram Road,Oct-Dec 2022,"2,950-4,410","3,635",5.7,,,
Shantigram Road,Jul-Sep 2022,"2,810-4,260","3,440",6.1,,,
Shantigram Road,Apr-Jun 2022,"2,650-4,100","3,245",6.5,,,
Shantigram Road,Jan-Mar 2022,"2,500-3,900","3,050",7,,,
Shantigram Road,Oct-Dec 2021,"2,350-3,750","2,850",7.4,,,
Shantigram Road,Jul-Sep 2021,"2,200-3,600","2,655",7.8,,,
Shantigram Road,Apr-Jun 2021,"2,050-3,400","2,460",8.2,,,
Shantigram Road,Jan-Mar 2021,"1,900-3,200","2,275",8.5,,,
Shantigram Road,Oct-Dec 2020,"1,750-3,000","2,095",8.9,,,
Shantigram Road,Jul-Sep 2020,"1,600-2,850","1,920",9.3,,,
Shantigram Road,Apr-Jun 2020,"1,450-2,700","1,750",9.7,,,
Shantigram Road,Jan-Mar 2020,"1,300-2,550","1,580",10.1,,,
Shantigram Road,Oct-Dec 2019,"1,150-2,400","1,435",10.5,,,
Shantigram Road,Jul-Sep 2019,"1,000-2,250","1,295",11,,,
Shantigram Road,Apr-Jun 2019,"900-2,100","1,160",11.5,,,
Shantigram Road,Jan-Mar 2019,"800-1,950","1,040",12,,,
Shantigram Road,Oct-Dec 2018,"700-1,800",925,12.5,,,
Shantigram Road,Jul-Sep 2018,"600-1,650",820,-,,,
,,,,,,,
Shantipura Circle,Oct-Dec 2024,"3,904-4,929","4,417",1,,,
Shantipura Circle,Jul-Sep 2024,"3,833-4,875","4,354",1,,,
Shantipura Circle,Apr-Jun 2024,"3,820-4,796","4,308",2,,,
Shantipura Circle,Jan-Mar 2024,"3,636-4,805","4,220",2,,,
Shantipura Circle,Oct-Dec 2023,"3,519-4,718","4,118",1,,,
Shantipura Circle,Jul-Sep 2023,"3,469-4,702","4,085",0.8,,,
Shantipura Circle,Apr-Jun 2023,"3,425-4,650","4,052",0.9,,,
Shantipura Circle,Jan-Mar 2023,"3,380-4,600","4,015",1,,,
Shantipura Circle,Oct-Dec 2022,"3,320-4,540","3,975",1.2,,,
Shantipura Circle,Jul-Sep 2022,"3,250-4,460","3,928",1.5,,,
Shantipura Circle,Apr-Jun 2022,"3,180-4,375","3,870",1.8,,,
Shantipura Circle,Jan-Mar 2022,"3,100-4,290","3,800",2,,,
Shantipura Circle,Oct-Dec 2021,"3,000-4,200","3,725",2.2,,,
Shantipura Circle,Jul-Sep 2021,"2,900-4,100","3,645",2.4,,,
Shantipura Circle,Apr-Jun 2021,"2,800-4,000","3,565",2.6,,,
Shantipura Circle,Jan-Mar 2021,"2,700-3,900","3,480",2.8,,,
Shantipura Circle,Oct-Dec 2020,"2,600-3,800","3,390",3,,,
Shantipura Circle,Jul-Sep 2020,"2,500-3,700","3,295",3.2,,,
Shantipura Circle,Apr-Jun 2020,"2,400-3,600","3,195",3.4,,,
Shantipura Circle,Jan-Mar 2020,"2,300-3,500","3,090",3.6,,,
Shantipura Circle,Oct-Dec 2019,"2,200-3,400","2,980",3.8,,,
Shantipura Circle,Jul-Sep 2019,"2,100-3,300","2,865",4,,,
Shantipura Circle,Apr-Jun 2019,"2,000-3,200","2,750",4.2,,,
Shantipura Circle,Jan-Mar 2019,"1,900-3,100","2,635",4.4,,,
Shantipura Circle,Oct-Dec 2018,"1,800-3,000","2,520",4.5,,,
Shantipura Circle,Jul-Sep 2018,"1,700-2,900","2,410",-,,,
,,,,,,,
Shela,Oct-Dec 2024,"3,777-5,852","4,814",1,,,
Shela,Jul-Sep 2024,"3,743-5,834","4,788",0.5,,,
Shela,Apr-Jun 2024,"3,752-5,869","4,811",-,,,
Shela,Jan-Mar 2024,"3,712-5,913","4,813",1,,,
Shela,Oct-Dec 2023,"3,643-5,853","4,748",1,,,
Shela,Jul-Sep 2023,"3,577-5,810","4,694",1,,,
Shela,Apr-Jun 2023,"3,532-5,776","4,654",4,,,
Shela,Jan-Mar 2023,"3,456-5,464","4,460",2,,,
Shela,Oct-Dec 2022,"3,400-5,329","4,365",1,,,
Shela,Jul-Sep 2022,"3,400-5,234","4,317",2,,,
Shela,Apr-Jun 2022,"3,397-5,082","4,240",2,,,
Shela,Jan-Mar 2022,"3,306-5,034","4,170",3,,,
Shela,Oct-Dec 2021,"3,183-4,945","4,064",5,,,
Shela,Jul-Sep 2021,"3,101-4,674","3,888",1,,,
Shela,Apr-Jun 2021,"3,040-4,624","3,832",1,,,
Shela,Jan-Mar 2021,"2,966-4,587","3,777",3,,,
Shela,Oct-Dec 2020,"2,957-4,403","3,680",1,,,
Shela,Jul-Sep 2020,"2,896-4,401","3,649",-,,,
Shela,Apr-Jun 2020,"2,875-4,424","3,650",1,,,
Shela,Jan-Mar 2020,"2,878-4,384","3,631",1,,,
Shela,Oct-Dec 2019,"2,913-4,412","3,662",1,,,
Shela,Jul-Sep 2019,"3,052-4,361","3,707",2,,,
Shela,Apr-Jun 2019,"3,049-4,226","3,637",3,,,
Shela,Jan-Mar 2019,"2,948-4,087","3,517",3,,,
Shela,Oct-Dec 2018,"2,856-3,995","3,425",2,,,
Shela,Jul-Sep 2018,"2,835-3,862","3,349",2,,,
,,,,,,,
Shilaj,Oct-Dec 2024,"4,236-6,773","5,505",1,,,
Shilaj,Jul-Sep 2024,"4,285-6,833","5,559",2,,,
Shilaj,Apr-Jun 2024,"4,250-6,597","5,424",0.1,,,
Shilaj,Jan-Mar 2024,"4,160-6,701","5,430",3,,,
Shilaj,Oct-Dec 2023,"4,079-6,513","5,296",3,,,
Shilaj,Jul-Sep 2023,"3,979-6,307","5,143",1,,,
Shilaj,Apr-Jun 2023,"3,883-6,253","5,068",6,,,
Shilaj,Jan-Mar 2023,"3,844-5,725","4,785",2,,,
Shilaj,Oct-Dec 2022,"3,849-5,540","4,694",0.1,,,
Shilaj,Jul-Sep 2022,"3,792-5,605","4,699",4,,,
Shilaj,Apr-Jun 2022,"3,724-5,300","4,512",2,,,
Shilaj,Jan-Mar 2022,"3,764-5,461","4,613",1,,,
Shilaj,Oct-Dec 2021,"3,687-5,484","4,586",3,,,
Shilaj,Jul-Sep 2021,"3,609-5,259","4,434",1,,,
Shilaj,Apr-Jun 2021,"3,614-5,330","4,472",6,,,
Shilaj,Jan-Mar 2021,"3,566-4,890","4,228",1,,,
Shilaj,Oct-Dec 2020,"3,461-4,894","4,177",0.2,,,
Shilaj,Jul-Sep 2020,"3,420-4,916","4,168",4,,,
Shilaj,Apr-Jun 2020,"3,279-4,717","3,998",1,,,
Shilaj,Jan-Mar 2020,"3,278-4,795","4,036",2,,,
Shilaj,Oct-Dec 2019,"3,237-4,654","3,945",1,,,
Shilaj,Jul-Sep 2019,"3,201-4,583","3,892",2,,,
Shilaj,Apr-Jun 2019,"3,137-4,779","3,958",2,,,
Shilaj,Jan-Mar 2019,"3,103-4,641","3,872",4,,,
Shilaj,Oct-Dec 2018,"3,188-4,842","4,015",-,,,
Shilaj,Jul-Sep 2018,"3,188-4,845","4,017",6,,,
,,,,,,,
Shilaj Ambli ,Oct-Dec 2024,"4,485-6,394","5,440",3,,,
Shilaj Ambli ,Jul-Sep 2024,"4,335-6,828","5,581",7,,,
Shilaj Ambli ,Apr-Jun 2024,"4,409-7,619","6,014",5,,,
Shilaj Ambli ,Jan-Mar 2024,"4,561-8,042","6,301",4.8,,,
Shilaj Ambli ,Oct-Dec 2023,"4,350-7,682","6,015",5,,,
Shilaj Ambli ,Jul-Sep 2023,"4,250-7,390","5,728",4.8,,,
Shilaj Ambli ,Apr-Jun 2023,"4,100-7,120","5,466",4.6,,,
Shilaj Ambli ,Jan-Mar 2023,"4,050-6,890","5,225",4.5,,,
Shilaj Ambli ,Oct-Dec 2022,"3,980-6,720","5,000",4.3,,,
Shilaj Ambli ,Jul-Sep 2022,"3,850-6,530","4,790",4.1,,,
Shilaj Ambli ,Apr-Jun 2022,"3,750-6,320","4,600",4,,,
Shilaj Ambli ,Jan-Mar 2022,"3,640-6,100","4,425",3.8,,,
Shilaj Ambli ,Oct-Dec 2021,"3,520-5,910","4,260",3.6,,,
Shilaj Ambli ,Jul-Sep 2021,"3,400-5,720","4,110",3.4,,,
Shilaj Ambli ,Apr-Jun 2021,"3,250-5,500","3,975",3.2,,,
Shilaj Ambli ,Jan-Mar 2021,"3,100-5,280","3,850",3,,,
Shilaj Ambli ,Oct-Dec 2020,"2,950-5,080","3,740",2.8,,,
Shilaj Ambli ,Jul-Sep 2020,"2,850-4,900","3,640",2.6,,,
Shilaj Ambli ,Apr-Jun 2020,"2,750-4,750","3,550",2.4,,,
Shilaj Ambli ,Jan-Mar 2020,"2,650-4,600","3,470",2.2,,,
Shilaj Ambli ,Oct-Dec 2019,"2,550-4,500","3,400",2,,,
Shilaj Ambli ,Jul-Sep 2019,"2,450-4,400","3,335",1.8,,,
Shilaj Ambli ,Apr-Jun 2019,"2,350-4,300","3,270",1.6,,,
Shilaj Ambli ,Jan-Mar 2019,"2,250-4,200","3,210",1.4,,,
Shilaj Ambli ,Oct-Dec 2018,"2,150-4,100","3,150",1.2,,,
Shilaj Ambli ,Jul-Sep 2018,"2,050-4,000","3,100",-,,,
,,,,,,,
Shivranjani Cross Road,Oct-Dec 2024,"6,105-8,673","7,389",3,,,
Shivranjani Cross Road,Jul-Sep 2024,"5,873-8,483","7,178",1,,,
Shivranjani Cross Road,Apr-Jun 2024,"5,955-8,286","7,120",1,,,
Shivranjani Cross Road,Jan-Mar 2024,"5,843-8,215","7,029",1,,,
Shivranjani Cross Road,Oct-Dec 2023,"6,009-8,145","7,077",0.2,,,
Shivranjani Cross Road,Jul-Sep 2023,"5,977-8,212","7,094",2,,,
Shivranjani Cross Road,Apr-Jun 2023,"5,818-8,138","6,978",2,,,
Shivranjani Cross Road,Jan-Mar 2023,"5,700-8,010","6,850",1.8,,,
Shivranjani Cross Road,Oct-Dec 2022,"5,590-7,920","6,730",1.6,,,
Shivranjani Cross Road,Jul-Sep 2022,"5,470-7,800","6,625",1.5,,,
Shivranjani Cross Road,Apr-Jun 2022,"5,360-7,650","6,525",1.4,,,
Shivranjani Cross Road,Jan-Mar 2022,"5,250-7,500","6,435",1.3,,,
Shivranjani Cross Road,Oct-Dec 2021,"5,150-7,350","6,350",1.2,,,
Shivranjani Cross Road,Jul-Sep 2021,"5,050-7,200","6,275",1.1,,,
Shivranjani Cross Road,Apr-Jun 2021,"4,950-7,050","6,200",1,,,
Shivranjani Cross Road,Jan-Mar 2021,"4,850-6,900","6,140",0.9,,,
Shivranjani Cross Road,Oct-Dec 2020,"4,750-6,800","6,085",0.8,,,
Shivranjani Cross Road,Jul-Sep 2020,"4,650-6,700","6,037",0.7,,,
Shivranjani Cross Road,Apr-Jun 2020,"4,550-6,600","5,995",0.6,,,
Shivranjani Cross Road,Jan-Mar 2020,"4,450-6,500","5,960",0.5,,,
Shivranjani Cross Road,Oct-Dec 2019,"4,350-6,400","5,930",0.4,,,
Shivranjani Cross Road,Jul-Sep 2019,"4,250-6,300","5,905",0.3,,,
Shivranjani Cross Road,Apr-Jun 2019,"4,150-6,200","5,890",0.2,,,
Shivranjani Cross Road,Jan-Mar 2019,"4,050-6,100","5,880",0.1,,,
Shivranjani Cross Road,Oct-Dec 2018,"4,000-6,000","5,875",-,,,
Shivranjani Cross Road,Jul-Sep 2018,"3,950-5,950","5,870",-,,,
,,,,,,,
Shyamal Cross Road,Oct-Dec 2024,"5,236-7,877","6,557",1,,,
Shyamal Cross Road,Jul-Sep 2024,"5,283-7,759","6,521",2,,,
Shyamal Cross Road,Apr-Jun 2024,"4,928-8,354","6,641",4,,,
Shyamal Cross Road,Jan-Mar 2024,"5,157-8,643","6,900",2,,,
Shyamal Cross Road,Oct-Dec 2023,"5,145-8,336","6,740",1,,,
Shyamal Cross Road,Jul-Sep 2023,"5,334-8,236","6,785",13,,,
Shyamal Cross Road,Apr-Jun 2023,"4,882-7,177","6,030",,,,
Shyamal Cross Road,Jan-Mar 2023,"4,986-7,070","6,028",1.8,,,
Shyamal Cross Road,Oct-Dec 2022,"4,900-7,000","5,920",1.5,,,
Shyamal Cross Road,Jul-Sep 2022,"4,820-6,880","5,830",1.3,,,
Shyamal Cross Road,Apr-Jun 2022,"4,750-6,750","5,755",1.2,,,
Shyamal Cross Road,Jan-Mar 2022,"4,700-6,650","5,690",1.1,,,
Shyamal Cross Road,Oct-Dec 2021,"4,650-6,580","5,630",1,,,
Shyamal Cross Road,Jul-Sep 2021,"4,878-7,151","6,015",-,,,
Shyamal Cross Road,Apr-Jun 2021,"4,600-6,480","5,570",1,,,
Shyamal Cross Road,Jan-Mar 2021,"4,941-6,659","5,800",1,,,
Shyamal Cross Road,Oct-Dec 2020,"4,915-6,522","5,719",3,,,
Shyamal Cross Road,Jul-Sep 2020,"4,897-6,171","5,534",2,,,
Shyamal Cross Road,Apr-Jun 2020,"4,846-6,442","5,644",2,,,
Shyamal Cross Road,Jan-Mar 2020,"4,971-6,602","5,786",1,,,
Shyamal Cross Road,Oct-Dec 2019,"5,157-6,574","5,866",2,,,
Shyamal Cross Road,Jul-Sep 2019,"4,976-6,531","5,754",1,,,
Shyamal Cross Road,Apr-Jun 2019,"4,849-6,767","5,808",4,,,
Shyamal Cross Road,Jan-Mar 2019,"4,715-6,420","5,568",1,,,
Shyamal Cross Road,Oct-Dec 2018,"4,560-6,481","5,521",2,,,
Shyamal Cross Road,Jul-Sep 2018,"4,587-6,239","5,413",2,,,
,,,,,,,
Sindhu Bhavan Marg,Oct-Dec 2024,"6,272-9,841","8,057",0.3,,,
Sindhu Bhavan Marg,Jul-Sep 2024,"6,197-9,860","8,029",0.3,,,
Sindhu Bhavan Marg,Apr-Jun 2024,"6,190-9,915","8,052",2,,,
Sindhu Bhavan Marg,Jan-Mar 2024,"6,001-9,828","7,914",2,,,
Sindhu Bhavan Marg,Oct-Dec 2023,"5,978-9,539","7,759",3,,,
Sindhu Bhavan Marg,Jul-Sep 2023,"5,802-9,241","7,521",3,,,
Sindhu Bhavan Marg,Apr-Jun 2023,"5,540-9,024","7,282",4,,,
Sindhu Bhavan Marg,Jan-Mar 2023,"5,044-8,972","7,008",6,,,
Sindhu Bhavan Marg,Oct-Dec 2022,"4,590-8,670","6,630",1,,,
Sindhu Bhavan Marg,Jul-Sep 2022,"4,661-8,684","6,673",3,,,
Sindhu Bhavan Marg,Apr-Jun 2022,"4,402-8,560","6,481",5,,,
Sindhu Bhavan Marg,Jan-Mar 2022,"4,866-8,775","6,821",8,,,
Sindhu Bhavan Marg,Oct-Dec 2021,"5,995-8,836","7,416",1,,,
Sindhu Bhavan Marg,Jul-Sep 2021,"6,114-8,872","7,493",1,,,
Sindhu Bhavan Marg,Apr-Jun 2021,"6,423-8,784","7,603",1,,,
Sindhu Bhavan Marg,Jan-Mar 2021,"5,419-8,423","6,921",-,,,
Sindhu Bhavan Marg,Oct-Dec 2020,"5,562-8,267","6,915",0.4,,,
Sindhu Bhavan Marg,Jul-Sep 2020,"5,631-8,141","6,886",9,,,
Sindhu Bhavan Marg,Apr-Jun 2020,"4,700-7,984","6,342",3,,,
Sindhu Bhavan Marg,Jan-Mar 2020,"4,400-7,940","6,170",4,,,
Sindhu Bhavan Marg,Oct-Dec 2019,"4,015-7,844","5,930",3,,,
Sindhu Bhavan Marg,Jul-Sep 2019,"4,502-7,766","6,134",3.5,,,
Sindhu Bhavan Marg,Apr-Jun 2019,"4,390-7,520","5,955",3.2,,,
Sindhu Bhavan Marg,Jan-Mar 2019,"4,275-7,300","5,780",3,,,
Sindhu Bhavan Marg,Oct-Dec 2018,"4,180-7,200","5,650",2.8,,,
Sindhu Bhavan Marg,Jul-Sep 2018,"4,050-7,000","5,525",2.5,,,
,,,,,,,
Sola,Oct-Dec 2024,"5,142-7,871","6,506",1,,,
Sola,Jul-Sep 2024,"5,173-7,994","6,584",3,,,
Sola,Apr-Jun 2024,"5,036-7,706","6,371",1,,,
Sola,Jan-Mar 2024,"4,935-7,649","6,292",1,,,
Sola,Oct-Dec 2023,"4,958-7,446","6,202",0.2,,,
Sola,Jul-Sep 2023,"4,892-7,541","6,217",2,,,
Sola,Apr-Jun 2023,"5,022-7,704","6,363",2,,,
Sola,Jan-Mar 2023,"4,902-7,540","6,221",3,,,
Sola,Oct-Dec 2022,"5,033-7,776","6,405",3,,,
Sola,Jul-Sep 2022,"4,817-7,585","6,201",3,,,
Sola,Apr-Jun 2022,"4,687-7,359","6,023",3,,,
Sola,Jan-Mar 2022,"4,548-7,109","5,829",8,,,
Sola,Oct-Dec 2021,"4,181-6,659","5,420",2,,,
Sola,Jul-Sep 2021,"4,231-6,395","5,313",2,,,
Sola,Apr-Jun 2021,"4,356-6,519","5,437",3,,,
Sola,Jan-Mar 2021,"4,361-6,821","5,591",1,,,
Sola,Oct-Dec 2020,"4,430-6,845","5,638",2,,,
Sola,Jul-Sep 2020,"4,505-6,990","5,748",3,,,
Sola,Apr-Jun 2020,"4,692-7,218","5,955",4,,,
Sola,Jan-Mar 2020,"4,320-7,139","5,729",8,,,
Sola,Oct-Dec 2019,"4,150-6,467","5,308",8,,,
Sola,Jul-Sep 2019,"4,598-6,999","5,798",7,,,
Sola,Apr-Jun 2019,"4,408-6,473","5,441",-,,,
Sola,Jan-Mar 2019,-,-,-,,,
Sola,Oct-Dec 2018,"3,739-5,679","4,709",1,,,
Sola,Jul-Sep 2018,"3,686-5,603","4,644",1,,,
,,,,,,,
Sola Road,Oct-Dec 2024,"5,042-7,657","6,349",0.3,,,
Sola Road,Jul-Sep 2024,"5,012-7,641","6,327",3,,,
Sola Road,Apr-Jun 2024,"4,829-7,451","6,140",1,,,
Sola Road,Jan-Mar 2024,"4,759-7,401","6,080",1,,,
Sola Road,Oct-Dec 2023,"4,808-7,282","6,045",0.5,,,
Sola Road,Jul-Sep 2023,"4,727-7,303","6,015",1,,,
Sola Road,Apr-Jun 2023,"4,536-7,372","5,954",1.8,,,
Sola Road,Jan-Mar 2023,"4,430-7,285","5,848",2,,,
Sola Road,Oct-Dec 2022,"4,310-7,190","5,737",3,,,
Sola Road,Jul-Sep 2022,"4,180-7,100","5,570",2.5,,,
Sola Road,Apr-Jun 2022,"4,050-7,020","5,435",2.8,,,
Sola Road,Jan-Mar 2022,"3,930-6,920","5,290",2.5,,,
Sola Road,Oct-Dec 2021,"3,850-6,810","5,160",2,,,
Sola Road,Jul-Sep 2021,"3,775-6,700","5,050",1.8,,,
Sola Road,Apr-Jun 2021,"3,680-6,590","4,960",1.5,,,
Sola Road,Jan-Mar 2021,"3,610-6,480","4,890",1.5,,,
Sola Road,Oct-Dec 2020,"3,570-6,420","4,810",1.2,,,
Sola Road,Jul-Sep 2020,"3,520-6,380","4,752",1,,,
Sola Road,Apr-Jun 2020,"3,500-6,350","4,700",1,,,
Sola Road,Jan-Mar 2020,"3,470-6,300","4,654",1,,,
Sola Road,Oct-Dec 2019,"3,440-6,250","4,610",1,,,
Sola Road,Jul-Sep 2019,"3,400-6,210","4,565",1.2,,,
Sola Road,Apr-Jun 2019,"3,360-6,150","4,510",1.5,,,
Sola Road,Jan-Mar 2019,"3,320-6,100","4,440",1.8,,,
Sola Road,Oct-Dec 2018,"3,280-6,050","4,360",2,,,
Sola Road,Jul-Sep 2018,"3,220-6,000","4,275",2,,,
,,,,,,,
South Bopal,Oct-Dec 2024,"3,928-5,900","4,914",2,,,
South Bopal,Jul-Sep 2024,"3,813-5,812","4,813",1,,,
South Bopal,Apr-Jun 2024,"3,786-5,750","4,768",-,,,
South Bopal,Jan-Mar 2024,"3,781-5,760","4,771",0.2,,,
South Bopal,Oct-Dec 2023,"3,786-5,739","4,763",0.1,,,
South Bopal,Jul-Sep 2023,"3,789-5,749","4,769",2,,,
South Bopal,Apr-Jun 2023,"3,683-5,677","4,680",1,,,
South Bopal,Jan-Mar 2023,"3,646-5,626","4,636",1,,,
South Bopal,Oct-Dec 2022,"3,642-5,532","4,587",0.4,,,
South Bopal,Jul-Sep 2022,"3,615-5,596","4,605",3,,,
South Bopal,Apr-Jun 2022,"3,547-5,363","4,455",2,,,
South Bopal,Jan-Mar 2022,"3,435-5,284","4,359",0.3,,,
South Bopal,Oct-Dec 2021,"3,455-5,285","4,370",,,,
South Bopal,Jul-Sep 2021,"3,412-5,326","4,369",2,,,
South Bopal,Apr-Jun 2021,"3,300-5,244","4,272",2,,,
South Bopal,Jan-Mar 2021,"3,221-5,187","4,204",1,,,
South Bopal,Oct-Dec 2020,"3,183-5,115","4,149",2,,,
South Bopal,Jul-Sep 2020,"3,106-5,008","4,057",0.2,,,
South Bopal,Apr-Jun 2020,"3,114-4,986","4,050",1,,,
South Bopal,Jan-Mar 2020,"3,138-5,073","4,105",0.1,,,
South Bopal,Oct-Dec 2019,"3,185-5,036","4,110",1,,,
South Bopal,Jul-Sep 2019,"3,227-5,034","4,131",1,,,
South Bopal,Apr-Jun 2019,"3,223-4,949","4,086",2,,,
South Bopal,Jan-Mar 2019,"3,142-4,888","4,015",3,,,
South Bopal,Oct-Dec 2018,"3,006-4,771","3,889",1,,,
South Bopal,Jul-Sep 2018,"3,076-4,771","3,924",2,,,
,,,,,,,
Thaltej,Oct-Dec 2024,"6,276-9,786","8,031",0.1,,,
Thaltej,Jul-Sep 2024,"6,233-9,851","8,042",1,,,
Thaltej,Apr-Jun 2024,"6,263-9,939","8,101",2,,,
Thaltej,Jan-Mar 2024,"6,091-9,871","7,981",1,,,
Thaltej,Oct-Dec 2023,"6,092-9,664","7,878",5,,,
Thaltej,Jul-Sep 2023,"5,849-9,192","7,520",3,,,
Thaltej,Apr-Jun 2023,"5,662-8,978","7,320",1,,,
Thaltej,Jan-Mar 2023,"5,652-8,883","7,267",4,,,
Thaltej,Oct-Dec 2022,"5,823-9,301","7,562",2,,,
Thaltej,Jul-Sep 2022,"5,726-9,041","7,384",3,,,
Thaltej,Apr-Jun 2022,"5,592-8,697","7,145",2,,,
Thaltej,Jan-Mar 2022,"5,480-8,506","6,993",1,,,
Thaltej,Oct-Dec 2021,"5,465-8,343","6,904",2,,,
Thaltej,Jul-Sep 2021,"5,329-8,267","6,798",3,,,
Thaltej,Apr-Jun 2021,"5,099-8,128","6,614",3,,,
Thaltej,Jan-Mar 2021,"4,968-7,881","6,424",2,,,
Thaltej,Oct-Dec 2020,"4,993-7,586","6,290",1,,,
Thaltej,Jul-Sep 2020,"4,898-7,517","6,207",2,,,
Thaltej,Apr-Jun 2020,"4,774-7,421","6,097",0.4,,,
Thaltej,Jan-Mar 2020,"4,748-7,492","6,120",0.2,,,
Thaltej,Oct-Dec 2019,"4,768-7,450","6,109",1,,,
Thaltej,Jul-Sep 2019,"4,660-7,491","6,075",2,,,
Thaltej,Apr-Jun 2019,"4,558-7,297","5,928",1,,,
Thaltej,Jan-Mar 2019,"4,513-7,225","5,869",0.3,,,
Thaltej,Oct-Dec 2018,"4,538-7,159","5,849",2,,,
Thaltej,Jul-Sep 2018,"4,341-7,176","5,758",1,,,
,,,,,,,
Thaltej Shilaj Road,Oct-Dec 2024,"4,809-8,597","6,703",1,,,
Thaltej Shilaj Road,Jul-Sep 2024,"4,860-8,649","6,754",1,,,
Thaltej Shilaj Road,Apr-Jun 2024,"4,806-8,573","6,690",1,,,
Thaltej Shilaj Road,Jan-Mar 2024,"4,751-8,481","6,616",1,,,
Thaltej Shilaj Road,Oct-Dec 2023,"4,645-8,422","6,534",2,,,
Thaltej Shilaj Road,Jul-Sep 2023,"4,590-8,198","6,394",2,,,
Thaltej Shilaj Road,Apr-Jun 2023,"4,564-8,009","6,287",13,,,
Thaltej Shilaj Road,Jan-Mar 2023,"5,569-8,838","7,203",5,,,
Thaltej Shilaj Road,Oct-Dec 2022,"5,840-9,295","7,568",2,,,
Thaltej Shilaj Road,Jul-Sep 2022,"5,744-9,031","7,387",4,,,
Thaltej Shilaj Road,Apr-Jun 2022,"5,575-8,647","7,111",2,,,
Thaltej Shilaj Road,Jan-Mar 2022,"5,451-8,433","6,942",1,,,
Thaltej Shilaj Road,Oct-Dec 2021,"5,386-8,301","6,844",1,,,
Thaltej Shilaj Road,Jul-Sep 2021,"5,270-8,227","6,748",2,,,
Thaltej Shilaj Road,Apr-Jun 2021,"5,093-8,158","6,625",3,,,
Thaltej Shilaj Road,Jan-Mar 2021,"4,954-7,905","6,430",3,,,
Thaltej Shilaj Road,Oct-Dec 2020,"4,981-7,522","6,251",1,,,
Thaltej Shilaj Road,Jul-Sep 2020,"4,869-7,493","6,181",2,,,
Thaltej Shilaj Road,Apr-Jun 2020,"4,743-7,390","6,067",1,,,
Thaltej Shilaj Road,Jan-Mar 2020,"4,740-7,477","6,108",0.5,,,
Thaltej Shilaj Road,Oct-Dec 2019,"4,733-7,425","6,079",1,,,
Thaltej Shilaj Road,Jul-Sep 2019,"4,600-7,466","6,033",2,,,
Thaltej Shilaj Road,Apr-Jun 2019,"4,532-7,305","5,919",1,,,
Thaltej Shilaj Road,Jan-Mar 2019,"4,482-7,237","5,860",1,,,
Thaltej Shilaj Road,Oct-Dec 2018,"4,477-7,128","5,803",2,,,
Thaltej Shilaj Road,Jul-Sep 2018,"4,274-7,070","5,672",1,,,
,,,,,,,
Tragad,Oct-Dec 2024,"3,746-5,231","4,489",1,,,
Tragad,Jul-Sep 2024,"3,692-5,172","4,432",1,,,
Tragad,Apr-Jun 2024,"3,646-5,158","4,402",1,,,
Tragad,Jan-Mar 2024,"3,610-5,093","4,352",4,,,
Tragad,Oct-Dec 2023,"3,503-4,829","4,166",1,,,
Tragad,Jul-Sep 2023,"3,573-4,688","4,130",1,,,
Tragad,Apr-Jun 2023,"3,487-4,653","4,070",2,,,
Tragad,Jan-Mar 2023,"3,480-4,497","3,988",1,,,
Tragad,Oct-Dec 2022,"3,434-4,475","3,955",0.2,,,
Tragad,Jul-Sep 2022,"3,336-4,562","3,949",2,,,
Tragad,Apr-Jun 2022,"3,210-4,509","3,860",4,,,
Tragad,Jan-Mar 2022,"3,034-4,411","3,722",6,,,
Tragad,Oct-Dec 2021,"2,917-4,090","3,503",3,,,
Tragad,Jul-Sep 2021,"3,006-4,221","3,614",3,,,
Tragad,Apr-Jun 2021,"2,915-4,109","3,512",4,,,
Tragad,Jan-Mar 2021,"2,849-3,886","3,367",3,,,
Tragad,Oct-Dec 2020,"2,794-3,730","3,262",3,,,
Tragad,Jul-Sep 2020,"2,760-3,949","3,354",3,,,
Tragad,Apr-Jun 2020,"2,684-3,844","3,264",-,,,
Tragad,Jan-Mar 2020,"2,650-3,847","3,248",2,,,
Tragad,Oct-Dec 2019,"2,676-3,710","3,193",4,,,
Tragad,Jul-Sep 2019,"2,496-3,625","3,061",,,,
Tragad,Apr-Jun 2019,-,-,-,,,
Tragad,Jan-Mar 2019,"2,395-3,662","3,029",6,,,
Tragad,Oct-Dec 2018,"2,356-3,337","2,847",2,,,
Tragad,Jul-Sep 2018,"2,462-3,329","2,896",-,,,
,,,,,,,
Tragad Road,Oct-Dec 2024,"3,744-5,284","4,514",0.3,,,
Tragad Road,Jul-Sep 2024,"3,689-5,310","4,499",1,,,
Tragad Road,Apr-Jun 2024,"3,600-5,292","4,446",1.5,,,
Tragad Road,Jan-Mar 2024,"3,545-5,250","4,380",1.5,,,
Tragad Road,Oct-Dec 2023,"3,500-5,200","4,315",1.8,,,
Tragad Road,Jul-Sep 2023,"3,440-5,150","4,240",2,,,
Tragad Road,Apr-Jun 2023,"3,390-5,080","4,160",2.5,,,
Tragad Road,Jan-Mar 2023,"3,320-5,000","4,060",2.8,,,
Tragad Road,Oct-Dec 2022,"3,250-4,920","3,950",3,,,
Tragad Road,Jul-Sep 2022,"3,160-4,850","3,830",3.2,,,
Tragad Road,Apr-Jun 2022,"3,080-4,780","3,710",3.5,,,
Tragad Road,Jan-Mar 2022,"3,000-4,700","3,580",3.8,,,
Tragad Road,Oct-Dec 2021,"2,900-4,620","3,450",3.5,,,
Tragad Road,Jul-Sep 2021,"2,810-4,550","3,330",3.2,,,
Tragad Road,Apr-Jun 2021,"2,720-4,480","3,220",3,,,
Tragad Road,Jan-Mar 2021,"2,640-4,400","3,120",2.8,,,
Tragad Road,Oct-Dec 2020,"2,570-4,320","3,030",2.5,,,
Tragad Road,Jul-Sep 2020,"2,510-4,250","2,950",2.3,,,
Tragad Road,Apr-Jun 2020,"2,450-4,180","2,880",2,,,
Tragad Road,Jan-Mar 2020,"2,400-4,120","2,820",2,,,
Tragad Road,Oct-Dec 2019,"2,350-4,050","2,760",2,,,
Tragad Road,Jul-Sep 2019,"2,300-4,000","2,710",2.2,,,
Tragad Road,Apr-Jun 2019,"2,250-3,950","2,650",2.5,,,
Tragad Road,Jan-Mar 2019,"2,200-3,900","2,590",2.5,,,
Tragad Road,Oct-Dec 2018,"2,150-3,850","2,530",2.8,,,
Tragad Road,Jul-Sep 2018,"2,100-3,800","2,460",2.9,,,
,,,,,,,
Ullaria Road,Oct-Dec 2024,"3,771-5,853","4,812",1,,,
Ullaria Road,Jul-Sep 2024,"3,738-5,835","4,787",0.5,,,
Ullaria Road,Apr-Jun 2024,"3,749-5,868","4,809",0.3,,,
Ullaria Road,Jan-Mar 2024,"3,701-5,915","4,808",2,,,
Ullaria Road,Oct-Dec 2023,"3,614-5,824","4,719",2,,,
Ullaria Road,Jul-Sep 2023,"3,544-5,752","4,648",2,,,
Ullaria Road,Apr-Jun 2023,"3,500-5,577","4,538",11,,,
Ullaria Road,Jan-Mar 2023,"3,225-4,936","4,081",1,,,
Ullaria Road,Oct-Dec 2022,"3,214-4,846","4,030",0.4,,,
Ullaria Road,Jul-Sep 2022,"3,157-4,872","4,014",3,,,
Ullaria Road,Apr-Jun 2022,"3,280-4,976","4,128",3,,,
Ullaria Road,Jan-Mar 2022,"3,266-4,767","4,016",5,,,
Ullaria Road,Oct-Dec 2021,"3,105-4,568","3,836",0.5,,,
Ullaria Road,Jul-Sep 2021,"3,065-4,572","3,818",0.5,,,
Ullaria Road,Apr-Jun 2021,"3,020-4,500","3,760",2,,,
Ullaria Road,Jan-Mar 2021,"2,960-4,450","3,680",2.5,,,
Ullaria Road,Oct-Dec 2020,"2,900-4,380","3,590",2.8,,,
Ullaria Road,Jul-Sep 2020,"2,830-4,300","3,500",3,,,
Ullaria Road,Apr-Jun 2020,"2,750-4,200","3,400",2.5,,,
Ullaria Road,Jan-Mar 2020,"2,700-4,150","3,320",2.8,,,
Ullaria Road,Oct-Dec 2019,"2,650-4,100","3,240",2.5,,,
Ullaria Road,Jul-Sep 2019,"2,600-4,020","3,160",2.8,,,
Ullaria Road,Apr-Jun 2019,"2,550-3,980","3,080",3,,,
Ullaria Road,Jan-Mar 2019,"2,500-3,920","3,000",3.2,,,
Ullaria Road,Oct-Dec 2018,"2,450-3,860","2,910",3.3,,,
Ullaria Road,Jul-Sep 2018,"2,400-3,800","2,820",3.5,,,
,,,,,,,
Umiya Dham Road,Oct-Dec 2024,"3,923-5,380","4,651",1,,,
Umiya Dham Road,Jul-Sep 2024,"3,887-5,282","4,585",1.5,,,
Umiya Dham Road,Apr-Jun 2024,"3,823-5,225","4,516",2,,,
Umiya Dham Road,Jan-Mar 2024,"3,750-5,120","4,425",2,,,
Umiya Dham Road,Oct-Dec 2023,"3,675-5,025","4,340",2.2,,,
Umiya Dham Road,Jul-Sep 2023,"3,600-4,930","4,250",2.5,,,
Umiya Dham Road,Apr-Jun 2023,"3,520-4,850","4,185",2.8,,,
Umiya Dham Road,Jan-Mar 2023,"3,450-4,750","4,070",3,,,
Umiya Dham Road,Oct-Dec 2022,"3,350-4,630","3,950",2.5,,,
Umiya Dham Road,Jul-Sep 2022,"3,275-4,550","3,850",2.8,,,
Umiya Dham Road,Apr-Jun 2022,"3,200-4,470","3,745",3,,,
Umiya Dham Road,Jan-Mar 2022,"3,100-4,390","3,640",3.5,,,
Umiya Dham Road,Oct-Dec 2021,"3,025-4,300","3,520",2.8,,,
Umiya Dham Road,Jul-Sep 2021,"2,950-4,220","3,420",3,,,
Umiya Dham Road,Apr-Jun 2021,"2,875-4,150","3,320",3.2,,,
Umiya Dham Road,Jan-Mar 2021,"2,800-4,070","3,220",3.5,,,
Umiya Dham Road,Oct-Dec 2020,"2,730-3,990","3,120",3.8,,,
Umiya Dham Road,Jul-Sep 2020,"2,660-3,910","3,005",4,,,
Umiya Dham Road,Apr-Jun 2020,"2,600-3,850","2,900",3.5,,,
Umiya Dham Road,Jan-Mar 2020,"2,520-3,770","2,800",3.8,,,
Umiya Dham Road,Oct-Dec 2019,"2,450-3,690","2,695",4,,,
Umiya Dham Road,Jul-Sep 2019,"2,375-3,610","2,590",3.8,,,
Umiya Dham Road,Apr-Jun 2019,"2,300-3,550","2,500",4.2,,,
Umiya Dham Road,Jan-Mar 2019,"2,220-3,460","2,400",4.5,,,
Umiya Dham Road,Oct-Dec 2018,"2,140-3,370","2,300",4.8,,,
Umiya Dham Road,Jul-Sep 2018,"2,050-3,280","2,190",5,,,
,,,,,,,
University Road,Oct-Dec 2024,"5,302-8,026","6,664",1,,,
University Road,Jul-Sep 2024,"5,493-8,031","6,762",3,,,
University Road,Apr-Jun 2024,"5,343-7,813","6,578",3.8,,,
University Road,Jan-Mar 2024,"5,150-7,620","6,340",3.5,,,
University Road,Oct-Dec 2023,"5,020-7,480","6,130",3.5,,,
University Road,Jul-Sep 2023,"4,880-7,310","5,920",3.7,,,
University Road,Apr-Jun 2023,"5,155-7,518","6,337",3.8,,,
University Road,Jan-Mar 2023,"4,700-7,100","5,710",3.5,,,
University Road,Oct-Dec 2022,"4,550-6,950","5,520",3.2,,,
University Road,Jul-Sep 2022,"4,410-6,800","5,350",3.5,,,
University Road,Apr-Jun 2022,"4,270-6,670","5,190",3.8,,,
University Road,Jan-Mar 2022,"4,100-6,500","5,000",3.8,,,
University Road,Oct-Dec 2021,"3,950-6,320","4,820",3.5,,,
University Road,Jul-Sep 2021,"3,820-6,150","4,650",3.5,,,
University Road,Apr-Jun 2021,"3,700-5,990","4,500",3.7,,,
University Road,Jan-Mar 2021,"3,550-5,820","4,330",3.8,,,
University Road,Oct-Dec 2020,"3,450-5,670","4,180",3.8,,,
University Road,Jul-Sep 2020,"3,350-5,520","4,030",4,,,
University Road,Apr-Jun 2020,"3,220-5,390","3,900",3.5,,,
University Road,Jan-Mar 2020,"3,100-5,250","3,760",3.8,,,
University Road,Oct-Dec 2019,"3,000-5,110","3,620",3.8,,,
University Road,Jul-Sep 2019,"2,900-4,980","3,490",3.8,,,
University Road,Apr-Jun 2019,"2,800-4,860","3,350",4,,,
University Road,Jan-Mar 2019,"2,650-4,720","3,180",4.2,,,
University Road,Oct-Dec 2018,"2,500-4,600","3,020",4.5,,,
University Road,Jul-Sep 2018,"2,350-4,450","2,870",5,,,
,,,,,,,
Vaishnodevi Circle,Oct-Dec 2024,"4,134-6,363","5,248",0.2,,,
Vaishnodevi Circle,Jul-Sep 2024,"4,104-6,371","5,238",2,,,
Vaishnodevi Circle,Apr-Jun 2024,"4,048-6,263","5,156",2,,,
Vaishnodevi Circle,Jan-Mar 2024,"4,013-6,080","5,047",1,,,
Vaishnodevi Circle,Oct-Dec 2023,"4,038-6,126","5,082",2,,,
Vaishnodevi Circle,Jul-Sep 2023,"3,952-5,998","4,975",4,,,
Vaishnodevi Circle,Apr-Jun 2023,"3,829-5,777","4,803",1,,,
Vaishnodevi Circle,Jan-Mar 2023,"3,888-5,812","4,850",2,,,
Vaishnodevi Circle,Oct-Dec 2022,"3,831-5,706","4,769",1,,,
Vaishnodevi Circle,Jul-Sep 2022,"3,817-5,639","4,728",3,,,
Vaishnodevi Circle,Apr-Jun 2022,"3,770-5,429","4,600",3,,,
Vaishnodevi Circle,Jan-Mar 2022,"3,711-5,250","4,480",2,,,
Vaishnodevi Circle,Oct-Dec 2021,"3,658-5,148","4,403",3,,,
Vaishnodevi Circle,Jul-Sep 2021,"3,580-4,984","4,282",1,,,
Vaishnodevi Circle,Apr-Jun 2021,"3,483-4,980","4,232",3,,,
Vaishnodevi Circle,Jan-Mar 2021,"3,447-4,801","4,124",0.1,,,
Vaishnodevi Circle,Oct-Dec 2020,"3,457-4,800","4,129",0.5,,,
Vaishnodevi Circle,Jul-Sep 2020,"3,463-4,833","4,148",1,,,
Vaishnodevi Circle,Apr-Jun 2020,"3,502-4,835","4,169",1,,,
Vaishnodevi Circle,Jan-Mar 2020,"3,534-4,861","4,197",0.2,,,
Vaishnodevi Circle,Oct-Dec 2019,"3,526-4,885","4,206",2,,,
Vaishnodevi Circle,Jul-Sep 2019,"3,465-4,810","4,137",2,,,
Vaishnodevi Circle,Apr-Jun 2019,"3,397-4,695","4,046",1,,,
Vaishnodevi Circle,Jan-Mar 2019,"3,337-4,707","4,022",1,,,
Vaishnodevi Circle,Oct-Dec 2018,"3,298-4,657","3,977",2,,,
Vaishnodevi Circle,Jul-Sep 2018,"3,170-4,596","3,883",3,,,
,,,,,,,
Vandematram Arcade,Oct-Dec 2024,"4,204-5,626","4,915",0.4,,,
Vandematram Arcade,Jul-Sep 2024,"4,073-5,716","4,895",1,,,
Vandematram Arcade,Apr-Jun 2024,"3,917-5,774","4,845",2,,,
Vandematram Arcade,Jan-Mar 2024,"3,810-5,663","4,755",2.5,,,
Vandematram Arcade,Oct-Dec 2023,"3,710-5,520","4,640",2.8,,,
Vandematram Arcade,Jul-Sep 2023,"3,590-5,410","4,515",3,,,
Vandematram Arcade,Apr-Jun 2023,"3,480-5,270","4,385",3.5,,,
Vandematram Arcade,Jan-Mar 2023,"3,350-5,120","4,230",3.8,,,
Vandematram Arcade,Oct-Dec 2022,"3,220-4,980","4,080",3.5,,,
Vandematram Arcade,Jul-Sep 2022,"3,110-4,830","3,940",3.8,,,
Vandematram Arcade,Apr-Jun 2022,"3,000-4,690","3,800",3.9,,,
Vandematram Arcade,Jan-Mar 2022,"2,890-4,530","3,650",4,,,
Vandematram Arcade,Oct-Dec 2021,"2,780-4,380","3,510",4,,,
Vandematram Arcade,Jul-Sep 2021,"2,670-4,220","3,360",4.2,,,
Vandematram Arcade,Apr-Jun 2021,"2,550-4,070","3,210",4.5,,,
Vandematram Arcade,Jan-Mar 2021,"2,440-3,910","3,060",4.7,,,
Vandematram Arcade,Oct-Dec 2020,"2,340-3,750","2,920",4.5,,,
Vandematram Arcade,Jul-Sep 2020,"2,240-3,600","2,790",4.8,,,
Vandematram Arcade,Apr-Jun 2020,"2,140-3,470","2,660",5,,,
Vandematram Arcade,Jan-Mar 2020,"2,040-3,330","2,530",5.2,,,
Vandematram Arcade,Oct-Dec 2019,"1,940-3,190","2,400",5.5,,,
Vandematram Arcade,Jul-Sep 2019,"1,850-3,050","2,270",5.8,,,
Vandematram Arcade,Apr-Jun 2019,"1,750-2,920","2,140",6,,,
Vandematram Arcade,Jan-Mar 2019,"1,660-2,780","2,010",6.2,,,
Vandematram Arcade,Oct-Dec 2018,"1,570-2,650","1,890",6.5,,,
Vandematram Arcade,Jul-Sep 2018,"1,480-2,520","1,770",7,,,
,,,,,,,
Vasna,Oct-Dec 2024,"4,099-6,341","5,220",2,,,
Vasna,Jul-Sep 2024,"3,903-6,319","5,111",,,,
Vasna,Apr-Jun 2024,"3,926-6,302","5,114",5,,,
Vasna,Jan-Mar 2024,"3,803-5,940","4,872",0.3,,,
Vasna,Oct-Dec 2023,"3,931-5,838","4,885",3,,,
Vasna,Jul-Sep 2023,"3,837-5,684","4,761",1,,,
Vasna,Apr-Jun 2023,"3,895-5,704","4,800",2,,,
Vasna,Jan-Mar 2023,"3,831-6,011","4,921",5,,,
Vasna,Oct-Dec 2022,"3,676-5,712","4,694",,,,
Vasna,Jul-Sep 2022,"3,597-5,792","4,695",2,,,
Vasna,Apr-Jun 2022,"3,570-6,010","4,790",9,,,
Vasna,Jan-Mar 2022,"3,477-5,283","4,380",1,,,
Vasna,Oct-Dec 2021,"3,382-5,278","4,330",2,,,
Vasna,Jul-Sep 2021,"3,388-5,417","4,403",3,,,
Vasna,Apr-Jun 2021,"3,289-5,288","4,289",1,,,
Vasna,Jan-Mar 2021,"3,317-5,312","4,315",1,,,
Vasna,Oct-Dec 2020,"3,642-5,958","4,800",5,,,
Vasna,Jul-Sep 2020,"3,517-5,631","4,574",2,,,
Vasna,Apr-Jun 2020,"3,539-5,444","4,492",2,,,
Vasna,Jan-Mar 2020,"3,515-5,305","4,410",2,,,
Vasna,Oct-Dec 2019,"3,513-5,148","4,331",3,,,
Vasna,Jul-Sep 2019,"3,451-5,450","4,451",9,,,
Vasna,Apr-Jun 2019,"3,385-4,809","4,097",8,,,
Vasna,Jan-Mar 2019,"3,024-4,571","3,798",2,,,
Vasna,Oct-Dec 2018,"3,154-4,618","3,886",11,,,
Vasna,Jul-Sep 2018,"3,272-5,430","4,351",1,,,
,,,,,,,
Vastral,Oct-Dec 2024,"2,698-4,164","3,431",1,,,
Vastral,Jul-Sep 2024,"2,610-4,175","3,393",1,,,
Vastral,Apr-Jun 2024,"2,663-4,077","3,370",2,,,
Vastral,Jan-Mar 2024,"2,687-4,160","3,424",5,,,
Vastral,Oct-Dec 2023,"2,497-4,023","3,260",5,,,
Vastral,Jul-Sep 2023,"2,350-3,840","3,095",0.3,,,
Vastral,Apr-Jun 2023,"2,369-3,842","3,105",1,,,
Vastral,Jan-Mar 2023,"2,369-3,762","3,066",4,,,
Vastral,Oct-Dec 2022,"2,340-3,568","2,954",0.4,,,
Vastral,Jul-Sep 2022,"2,363-3,522","2,942",2,,,
Vastral,Apr-Jun 2022,"2,362-3,380","2,871",2,,,
Vastral,Jan-Mar 2022,"2,298-3,358","2,828",0.4,,,
Vastral,Oct-Dec 2021,"2,299-3,377","2,838",1,,,
Vastral,Jul-Sep 2021,"2,266-3,345","2,805",1,,,
Vastral,Apr-Jun 2021,"2,210-3,322","2,766",1,,,
Vastral,Jan-Mar 2021,"2,232-3,223","2,728",1,,,
Vastral,Oct-Dec 2020,"2,181-3,230","2,705",3,,,
Vastral,Jul-Sep 2020,"2,140-3,126","2,633",1,,,
Vastral,Apr-Jun 2020,"2,139-3,083","2,611",0.2,,,
Vastral,Jan-Mar 2020,"2,152-3,080","2,616",1,,,
Vastral,Oct-Dec 2019,"2,076-3,094","2,585",1,,,
Vastral,Jul-Sep 2019,"2,133-3,106","2,620",2,,,
Vastral,Apr-Jun 2019,"2,077-3,052","2,565",9,,,
Vastral,Jan-Mar 2019,"1,861-2,834","2,348",3,,,
Vastral,Oct-Dec 2018,"1,974-2,879","2,426",1,,,
Vastral,Jul-Sep 2018,"1,947-2,954","2,451",4,,,
,,,,,,,
Vastral Road,Oct-Dec 2024,"2,701 - 4,220","3,461",0.1,,,
Vastral Road,Jul-Sep 2024,"2,637 - 4,275","3,456",2,,,
Vastral Road,Apr-Jun 2024,"2,681 - 4,111","3,396",2,,,
Vastral Road,Jan-Mar 2024,"2,723 - 4,201","3,462",1.9,,,
Vastral Road,Oct-Dec 2023,"2,650 - 4,150","3,397",2,,,
Vastral Road,Jul-Sep 2023,"2,580 - 4,080","3,330",2.1,,,
Vastral Road,Apr-Jun 2023,"2,530 - 4,020","3,260",2.2,,,
Vastral Road,Jan-Mar 2023,"2,460 - 3,950","3,190",2.3,,,
Vastral Road,Oct-Dec 2022,"2,400 - 3,900","3,120",2.4,,,
Vastral Road,Jul-Sep 2022,"2,350 - 3,850","3,050",2.5,,,
Vastral Road,Apr-Jun 2022,"2,290 - 3,800","2,980",2.6,,,
Vastral Road,Jan-Mar 2022,"2,240 - 3,750","2,910",2.7,,,
Vastral Road,Oct-Dec 2021,"2,190 - 3,700","2,840",2.8,,,
Vastral Road,Jul-Sep 2021,"2,140 - 3,650","2,770",2.9,,,
Vastral Road,Apr-Jun 2021,"2,090 - 3,600","2,700",3,,,
Vastral Road,Jan-Mar 2021,"2,040 - 3,550","2,620",3.2,,,
Vastral Road,Oct-Dec 2020,"1,990 - 3,500","2,540",3.3,,,
Vastral Road,Jul-Sep 2020,"1,940 - 3,450","2,460",3.4,,,
Vastral Road,Apr-Jun 2020,"1,900 - 3,400","2,380",3.5,,,
Vastral Road,Jan-Mar 2020,"1,860 - 3,350","2,300",3.6,,,
Vastral Road,Oct-Dec 2019,"1,820 - 3,300","2,220",3.7,,,
Vastral Road,Jul-Sep 2019,"1,780 - 3,250","2,140",3.8,,,
Vastral Road,Apr-Jun 2019,"1,740 - 3,200","2,060",3.9,,,
Vastral Road,Jan-Mar 2019,"1,700 - 3,150","1,980",4,,,
Vastral Road,Oct-Dec 2018,"1,660 - 3,100","1,900",4.1,,,
Vastral Road,Jul-Sep 2018,"1,620 - 3,050","1,820",4.2,,,
,,,,,,,
Vastrapur,Oct-Dec 2024,"6,131-9,464","7,798",0.5,,,
Vastrapur,Jul-Sep 2024,"6,121-9,398","7,760",2,,,
Vastrapur,Apr-Jun 2024,"5,935-9,277","7,606",0.4,,,
Vastrapur,Jan-Mar 2024,"5,885-9,260","7,573",4,,,
Vastrapur,Oct-Dec 2023,"5,751-8,812","7,282",2,,,
Vastrapur,Jul-Sep 2023,"5,736-8,569","7,153",5,,,
Vastrapur,Apr-Jun 2023,"5,412-8,167","6,789",0.5,,,
Vastrapur,Jan-Mar 2023,"5,527-8,115","6,821",1,,,
Vastrapur,Oct-Dec 2022,"5,510-7,935","6,723",2,,,
Vastrapur,Jul-Sep 2022,"5,329-7,912","6,621",1,,,
Vastrapur,Apr-Jun 2022,"5,293-7,828","6,561",3,,,
Vastrapur,Jan-Mar 2022,"5,069-7,724","6,396",6,,,
Vastrapur,Oct-Dec 2021,"4,831-7,194","6,012",0.5,,,
Vastrapur,Jul-Sep 2021,"4,859-7,109","5,984",0.3,,,
Vastrapur,Apr-Jun 2021,"4,988-7,017","6,003",1,,,
Vastrapur,Jan-Mar 2021,"4,917-6,954","5,936",1,,,
Vastrapur,Oct-Dec 2020,"4,890-6,865","5,877",0.3,,,
Vastrapur,Jul-Sep 2020,"4,858-6,866","5,862",1,,,
Vastrapur,Apr-Jun 2020,"4,805-6,844","5,824",0.3,,,
Vastrapur,Jan-Mar 2020,"4,782-6,905","5,844",0.2,,,
Vastrapur,Oct-Dec 2019,"4,808-6,908","5,858",2,,,
Vastrapur,Jul-Sep 2019,"4,779-6,725","5,752",2,,,
Vastrapur,Apr-Jun 2019,"4,705-6,549","5,627",2,,,
Vastrapur,Jan-Mar 2019,"4,590-6,451","5,520",3,,,
Vastrapur,Oct-Dec 2018,"4,732-6,606","5,669",2,,,
Vastrapur,Jul-Sep 2018,"4,616-6,516","5,566",2,,,
,,,,,,,
Vatva,Oct-Dec 2024,"2,003-3,379","2,691",3,,,
Vatva,Jul-Sep 2024,"2,014-3,216","2,615",3,,,
Vatva,Apr-Jun 2024,"1,888-3,213","2,551",1,,,
Vatva,Jan-Mar 2024,"1,975-3,164","2,569",4,,,
Vatva,Oct-Dec 2023,"2,012-3,338","2,675",7,,,
Vatva,Jul-Sep 2023,"1,900-3,115","2,508",7,,,
Vatva,Apr-Jun 2023,"1,783-2,889","2,336",5,,,
Vatva,Jan-Mar 2023,"1,795-2,666","2,230",3,,,
Vatva,Oct-Dec 2022,"1,731-2,603","2,167",1,,,
Vatva,Jul-Sep 2022,"1,701-2,591","2,146",4,,,
Vatva,Apr-Jun 2022,"1,771-2,716","2,243",3,,,
Vatva,Jan-Mar 2022,"1,673-2,700","2,186",0.1,,,
Vatva,Oct-Dec 2021,"1,657-2,721","2,189",4,,,
Vatva,Jul-Sep 2021,"1,607-2,617","2,112",1,,,
Vatva,Apr-Jun 2021,"1,554-2,691","2,123",2,,,
Vatva,Jan-Mar 2021,"1,555-2,619","2,087",4,,,
Vatva,Oct-Dec 2020,"1,562-2,466","2,014",4,,,
Vatva,Jul-Sep 2020,"1,585-2,593","2,089",1,,,
Vatva,Apr-Jun 2020,"1,666-2,474","2,070",6,,,
Vatva,Jan-Mar 2020,"1,558-2,348","1,953",11,,,
Vatva,Oct-Dec 2019,"1,743-2,638","2,191",6,,,
Vatva,Jul-Sep 2019,"1,582-2,564","2,073",4,,,
Vatva,Apr-Jun 2019,"1,590-2,399","1,994",1,,,
Vatva,Jan-Mar 2019,"1,525-2,408","1,966",2,,,
Vatva,Oct-Dec 2018,"1,614-2,413","2,014",0.4,,,
Vatva,Jul-Sep 2018,"1,658-2,354","2,006",2,,,
,,,,,,,
Vejalpur,Oct-Dec 2024,"3,774-5,789","4,781",0.2,,,
Vejalpur,Jul-Sep 2024,"3,790-5,790","4,790",3,,,
Vejalpur,Apr-Jun 2024,"3,733-5,589","4,661",2,,,
Vejalpur,Jan-Mar 2024,"3,642-5,529","4,585",2,,,
Vejalpur,Oct-Dec 2023,"3,660-5,303","4,481",2,,,
Vejalpur,Jul-Sep 2023,"3,538-5,249","4,393",1,,,
Vejalpur,Apr-Jun 2023,"3,556-5,106","4,331",2,,,
Vejalpur,Jan-Mar 2023,"3,539-4,922","4,231",1,,,
Vejalpur,Oct-Dec 2022,"3,419-4,973","4,196",2,,,
Vejalpur,Jul-Sep 2022,"3,433-4,790","4,111",2,,,
Vejalpur,Apr-Jun 2022,"3,407-4,656","4,032",1,,,
Vejalpur,Jan-Mar 2022,"3,429-4,698","4,064",1,,,
Vejalpur,Oct-Dec 2021,"3,367-4,683","4,025",4,,,
Vejalpur,Jul-Sep 2021,"3,317-4,766","4,041",1,,,
Vejalpur,Apr-Jun 2021,"3,360-4,765","4,062",1,,,
Vejalpur,Jan-Mar 2021,"3,308-4,698","4,003",0.1,,,
Vejalpur,Oct-Dec 2020,"3,293-4,703","3,998",0.5,,,
Vejalpur,Jul-Sep 2020,"3,268-4,690","3,979",1,,,
Vejalpur,Apr-Jun 2020,"3,280-4,733","4,006",3,,,
Vejalpur,Jan-Mar 2020,"3,250-4,567","3,908",2,,,
Vejalpur,Oct-Dec 2019,"3,283-4,348","3,816",1,,,
Vejalpur,Jul-Sep 2019,"3,277-4,454","3,865",3,,,
Vejalpur,Apr-Jun 2019,"3,043-4,427","3,735",3,,,
Vejalpur,Jan-Mar 2019,"2,950-4,288","3,619",3,,,
Vejalpur,Oct-Dec 2018,"3,174-4,322","3,748",3,,,
Vejalpur,Jul-Sep 2018,"3,034-4,275","3,655",1,,,
,,,,,,,
Vejalpur Road,Oct-Dec 2024,"3,781 - 5,889","4,835",1,,,
Vejalpur Road,Jul-Sep 2024,"3,710 - 5,846","4,778",4,,,
Vejalpur Road,Apr-Jun 2024,"3,622 - 5,568","4,595",1,,,
Vejalpur Road,Jan-Mar 2024,"3,552 - 5,533","4,542",2,,,
Vejalpur Road,Oct-Dec 2023,"3,537 - 5,334","4,436",2.3,,,
Vejalpur Road,Jul-Sep 2023,"3,470 - 5,230","4,338",2.5,,,
Vejalpur Road,Apr-Jun 2023,"3,400 - 5,150","4,232",2.6,,,
Vejalpur Road,Jan-Mar 2023,"3,330 - 5,070","4,125",2.7,,,
Vejalpur Road,Oct-Dec 2022,"3,260 - 4,990","4,018",2.8,,,
Vejalpur Road,Jul-Sep 2022,"3,200 - 4,920","3,912",2.9,,,
Vejalpur Road,Apr-Jun 2022,"3,140 - 4,850","3,805",3,,,
Vejalpur Road,Jan-Mar 2022,"3,080 - 4,780","3,700",3.1,,,
Vejalpur Road,Oct-Dec 2021,"3,020 - 4,710","3,595",3.2,,,
Vejalpur Road,Jul-Sep 2021,"2,960 - 4,640","3,490",3.3,,,
Vejalpur Road,Apr-Jun 2021,"2,900 - 4,570","3,385",3.4,,,
Vejalpur Road,Jan-Mar 2021,"2,840 - 4,500","3,280",3.5,,,
Vejalpur Road,Oct-Dec 2020,"2,780 - 4,430","3,175",3.6,,,
Vejalpur Road,Jul-Sep 2020,"2,720 - 4,360","3,070",3.7,,,
Vejalpur Road,Apr-Jun 2020,"2,660 - 4,290","2,965",3.8,,,
Vejalpur Road,Jan-Mar 2020,"2,600 - 4,220","2,860",3.9,,,
Vejalpur Road,Oct-Dec 2019,"2,540 - 4,150","2,755",4,,,
Vejalpur Road,Jul-Sep 2019,"2,480 - 4,080","2,650",4.1,,,
Vejalpur Road,Apr-Jun 2019,"2,420 - 4,010","2,545",4.2,,,
Vejalpur Road,Jan-Mar 2019,"2,360 - 3,940","2,440",4.3,,,
Vejalpur Road,Oct-Dec 2018,"2,300 - 3,870","2,335",4.4,,,
Vejalpur Road,Jul-Sep 2018,"2,240 - 3,800","2,230",4.5,,,
,,,,,,,
Vijay Cross Road,Oct-Dec 2024,"5,328 - 7,947","6,637",1,,,
Vijay Cross Road,Jul-Sep 2024,"5,519 - 7,957","6,738",3,,,
Vijay Cross Road,Apr-Jun 2024,"5,324 - 7,715","6,520",2,,,
Vijay Cross Road,Jan-Mar 2024,"5,220 - 7,570","6,390",2.5,,,
Vijay Cross Road,Oct-Dec 2023,"5,090 - 7,400","6,235",2.7,,,
Vijay Cross Road,Jul-Sep 2023,"4,960 - 7,250","6,070",2.8,,,
Vijay Cross Road,Apr-Jun 2023,"4,830 - 7,100","5,910",3,,,
Vijay Cross Road,Jan-Mar 2023,"4,700 - 6,950","5,740",3.2,,,
Vijay Cross Road,Oct-Dec 2022,"4,570 - 6,800","5,565",3.3,,,
Vijay Cross Road,Jul-Sep 2022,"4,440 - 6,650","5,390",3.4,,,
Vijay Cross Road,Apr-Jun 2022,"4,310 - 6,500","5,215",3.5,,,
Vijay Cross Road,Jan-Mar 2022,"4,180 - 6,350","5,040",3.6,,,
Vijay Cross Road,Oct-Dec 2021,"4,050 - 6,200","4,865",3.7,,,
Vijay Cross Road,Jul-Sep 2021,"3,920 - 6,050","4,690",3.8,,,
Vijay Cross Road,Apr-Jun 2021,"3,790 - 5,900","4,515",3.9,,,
Vijay Cross Road,Jan-Mar 2021,"3,660 - 5,750","4,340",4,,,
Vijay Cross Road,Oct-Dec 2020,"3,530 - 5,600","4,165",4.1,,,
Vijay Cross Road,Jul-Sep 2020,"3,400 - 5,450","3,990",4.2,,,
Vijay Cross Road,Apr-Jun 2020,"3,270 - 5,300","3,815",4.3,,,
Vijay Cross Road,Jan-Mar 2020,"3,140 - 5,150","3,640",4.4,,,
Vijay Cross Road,Oct-Dec 2019,"3,010 - 5,000","3,465",4.5,,,
Vijay Cross Road,Jul-Sep 2019,"2,880 - 4,850","3,290",4.6,,,
Vijay Cross Road,Apr-Jun 2019,"2,750 - 4,700","3,115",4.7,,,
Vijay Cross Road,Jan-Mar 2019,"2,620 - 4,550","2,940",4.8,,,
Vijay Cross Road,Oct-Dec 2018,"2,490 - 4,400","2,765",4.9,,,
Vijay Cross Road,Jul-Sep 2018,"2,360 - 4,250","2,590",5,,,
,,,,,,,
Zalod Ahmedabad Highway,Oct-Dec 2024,"2,716 - 4,663","3,689",6,,,
Zalod Ahmedabad Highway,Jul-Sep 2024,"2,597 - 4,374","3,485",2,,,
Zalod Ahmedabad Highway,Apr-Jun 2024,"2,766 - 4,342","3,554",2.5,,,
Zalod Ahmedabad Highway,Jan-Mar 2024,"2,640 - 4,250","3,470",3,,,
Zalod Ahmedabad Highway,Oct-Dec 2023,"2,565 - 4,100","3,370",3.5,,,
Zalod Ahmedabad Highway,Jul-Sep 2023,"2,490 - 3,980","3,260",3.8,,,
Zalod Ahmedabad Highway,Apr-Jun 2023,"2,420 - 3,850","3,140",4,,,
Zalod Ahmedabad Highway,Jan-Mar 2023,"2,350 - 3,750","3,020",4.2,,,
Zalod Ahmedabad Highway,Oct-Dec 2022,"2,280 - 3,600","2,900",4.5,,,
Zalod Ahmedabad Highway,Jul-Sep 2022,"2,210 - 3,470","2,770",4.7,,,
Zalod Ahmedabad Highway,Apr-Jun 2022,"2,140 - 3,350","2,640",5,,,
Zalod Ahmedabad Highway,Jan-Mar 2022,"2,070 - 3,200","2,510",5.2,,,
Zalod Ahmedabad Highway,Oct-Dec 2021,"2,000 - 3,070","2,380",5.5,,,
Zalod Ahmedabad Highway,Jul-Sep 2021,"1,930 - 2,950","2,250",5.8,,,
Zalod Ahmedabad Highway,Apr-Jun 2021,"1,860 - 2,850","2,120",6,,,
Zalod Ahmedabad Highway,Jan-Mar 2021,"1,790 - 2,750","1,990",6.2,,,
Zalod Ahmedabad Highway,Oct-Dec 2020,"1,720 - 2,650","1,860",6.5,,,
Zalod Ahmedabad Highway,Jul-Sep 2020,"1,650 - 2,550","1,730",6.8,,,
Zalod Ahmedabad Highway,Apr-Jun 2020,"1,580 - 2,450","1,600",7,,,
Zalod Ahmedabad Highway,Jan-Mar 2020,"1,510 - 2,350","1,470",7.2,,,
Zalod Ahmedabad Highway,Oct-Dec 2019,"1,440 - 2,250","1,340",7.5,,,
Zalod Ahmedabad Highway,Jul-Sep 2019,"1,370 - 2,150","1,210",7.8,,,
Zalod Ahmedabad Highway,Apr-Jun 2019,"1,300 - 2,050","1,080",8,,,
Zalod Ahmedabad Highway,Jan-Mar 2019,"1,230 - 1,950",950,8.2,,,
Zalod Ahmedabad Highway,Oct-Dec 2018,"1,160 - 1,850",820,8.5,,,
Zalod Ahmedabad Highway,Jul-Sep 2018,"1,090 - 1,750",690,9,,,
,,,,,,,
Zundal,Oct-Dec 2024,"3,361 - 4,518","3,939",1,,,
Zundal,Jul-Sep 2024,"3,347 - 4,610","3,978",1,,,
Zundal,Apr-Jun 2024,"3,320 - 4,552","3,936",0.3,,,
Zundal,Jan-Mar 2024,"3,276 - 4,617","3,947",0.3,,,
Zundal,Oct-Dec 2023,"3,359 - 4,535","3,947",2,,,
Zundal,Jul-Sep 2023,"3,323 - 4,430","3,877",1,,,
Zundal,Apr-Jun 2023,"3,307 - 4,392","3,850",0.4,,,
Zundal,Jan-Mar 2023,"3,229 - 4,442","3,835",3,,,
Zundal,Oct-Dec 2022,"3,192 - 4,242","3,717",0.5,,,
Zundal,Jul-Sep 2022,"3,188 - 4,279","3,734",0.4,,,
Zundal,Apr-Jun 2022,"3,188 - 4,253","3,720",1,,,
Zundal,Jan-Mar 2022,"3,130 - 4,216","3,673",1,,,
Zundal,Oct-Dec 2021,"3,014 - 4,289","3,651",3,,,
Zundal,Jul-Sep 2021,"2,963 - 4,129","3,546",3,,,
Zundal,Apr-Jun 2021,"2,959 - 3,947","3,453",2,,,
Zundal,Jan-Mar 2021,"2,844 - 4,169","3,507",5,,,
Zundal,Oct-Dec 2020,"2,799 - 3,907","3,353",1,,,
Zundal,Jul-Sep 2020,"2,817 - 3,970","3,393",1,,,
Zundal,Apr-Jun 2020,"2,796 - 4,090","3,443",1.5,,,
Zundal,Jan-Mar 2020,"2,750 - 4,050","3,392",1.2,,,
Zundal,Oct-Dec 2019,"2,710 - 3,980","3,352",1.3,,,
Zundal,Jul-Sep 2019,"2,680 - 3,920","3,309",1.5,,,
Zundal,Apr-Jun 2019,"2,630 - 3,860","3,260",1.8,,,
Zundal,Jan-Mar 2019,"2,590 - 3,800","3,200",2,,,
Zundal,Oct-Dec 2018,"2,550 - 3,750","3,140",2.5,,,
Zundal,Jul-Sep 2018,"2,500 - 3,700","3,065",3,,,
