,Locality,Economic  Factor,Sentiment Score,Sentiment,Risk,location,Year,Quarter Period,Average Price,max_price,min_price
0,Alaknanda,"Balanced demand and supply, with stable property rates.",0.1779,Positive,Moderate,Alaknanda,2024.0,Jan-Mar,13229.95,15720.6534,10739.09347
1,Alaknanda,"Balanced demand and supply, with stable property rates.",0.1779,Positive,Moderate,Alaknanda,2024.0,Apr-Jun,13334.58,15844.9813,10824.02435
2,Alaknanda,"Balanced demand and supply, with stable property rates.",0.1779,Positive,Moderate,Alaknanda,2024.0,Jul-Sep,13516.78,16061.48273,10971.92082
3,Alaknanda,"Balanced demand and supply, with stable property rates.",0.1779,Positive,Moderate,Alaknanda,2024.0,Oct-Dec,13687.13,16263.90324,11110.19833
4,Alaknanda,"Balanced demand and supply, with stable property rates.",0.1779,Positive,Moderate,Alaknanda,2025.0,Jan-Mar,14681.17,17445.08369,11917.08637
5,Alaknanda,"Balanced demand and supply, with stable property rates.",0.1779,Positive,Moderate,Alaknanda,2025.0,Apr-Jun,14671.27,17433.3199,11909.05029
6,Alaknanda,"Balanced demand and supply, with stable property rates.",0.1779,Positive,Moderate,Alaknanda,2025.0,Jul-Sep,15755.62,18721.81233,12789.2453
7,Alaknanda,"Balanced demand and supply, with stable property rates.",0.1779,Positive,Moderate,Alaknanda,2025.0,Oct-Dec,15799.63,18774.10777,12824.96936
8,Alaknanda,"Balanced demand and supply, with stable property rates.",0.1779,Positive,Moderate,Alaknanda,2026.0,Jan-Mar,12713.98,15107.5456,10320.26724
9,Alaknanda,"Balanced demand and supply, with stable property rates.",0.1779,Positive,Moderate,Alaknanda,2026.0,Apr-Jun,12548.31,14910.68615,10185.78861
10,Alaknanda,"Balanced demand and supply, with stable property rates.",0.1779,Positive,Moderate,Alaknanda,2026.0,Jul-Sep,12322.78,14642.69731,10002.72006
11,Alaknanda,"Balanced demand and supply, with stable property rates.",0.1779,Positive,Moderate,Alaknanda,2026.0,Oct-Dec,12282.17,14594.44197,9969.755866
12,Alaknanda,"Balanced demand and supply, with stable property rates.",0.1779,Positive,Moderate,Alaknanda,2027.0,Jan-Mar,12777.1,15182.54873,10371.50338
13,Alaknanda,"Balanced demand and supply, with stable property rates.",0.1779,Positive,Moderate,Alaknanda,2027.0,Apr-Jun,12558.81,14923.16291,10194.31173
14,Alaknanda,"Balanced demand and supply, with stable property rates.",0.1779,Positive,Moderate,Alaknanda,2027.0,Jul-Sep,12500.77,14854.19615,10147.19915
15,Alaknanda,"Balanced demand and supply, with stable property rates.",0.1779,Positive,Moderate,Alaknanda,2027.0,Oct-Dec,12275.45,14586.45685,9964.301068
16,Alaknanda,"Balanced demand and supply, with stable property rates.",0.1779,Positive,Moderate,Alaknanda,2028.0,Jan-Mar,12740.69,15139.28409,10341.94844
17,Alaknanda,"Balanced demand and supply, with stable property rates.",0.1779,Positive,Moderate,Alaknanda,2028.0,Apr-Jun,12716.03,15109.98154,10321.93128
18,Alaknanda,"Balanced demand and supply, with stable property rates.",0.1779,Positive,Moderate,Alaknanda,2028.0,Jul-Sep,13058.75,15517.22286,10600.12599
19,Alaknanda,"Balanced demand and supply, with stable property rates.",0.1779,Positive,Moderate,Alaknanda,2028.0,Oct-Dec,13009.32,15458.48704,10560.00238
20,Alaknanda,"Balanced demand and supply, with stable property rates.",0.1779,Positive,Moderate,Alaknanda,2029.0,Jan-Mar,13331.98,15841.89182,10821.91386
21,Alaknanda,"Balanced demand and supply, with stable property rates.",0.1779,Positive,Moderate,Alaknanda,2029.0,Apr-Jun,13557.26,16109.58359,11004.77948
22,Alaknanda,"Balanced demand and supply, with stable property rates.",0.1779,Positive,Moderate,Alaknanda,2029.0,Jul-Sep,13476.66,16013.80964,10939.35437
23,Alaknanda,"Balanced demand and supply, with stable property rates.",0.1779,Positive,Moderate,Alaknanda,2029.0,Oct-Dec,13431.82,15960.52795,10902.95658
24,Alaknanda,"Balanced demand and supply, with stable property rates.",0.1779,Positive,Moderate,Alaknanda,2030.0,Jan-Mar,13229.95,15720.6534,10739.09347
25,Alaknanda,"Balanced demand and supply, with stable property rates.",0.1779,Positive,Moderate,Alaknanda,2030.0,Apr-Jun,13334.58,15844.9813,10824.02435
26,Alaknanda,"Balanced demand and supply, with stable property rates.",0.1779,Positive,Moderate,Alaknanda,2030.0,Jul-Sep,13516.78,16061.48273,10971.92082
27,Alaknanda,"Balanced demand and supply, with stable property rates.",0.1779,Positive,Moderate,Alaknanda,2030.0,Oct-Dec,13687.13,16263.90324,11110.19833
28,Alaknanda Don Bosco Road,Residential area with 0.5 real estate activity.,0.0,Negative,Moderate,Alaknanda Don Bosco Road,2024.0,Jan-Mar,13214.47,15533.30383,10768.04405
29,Alaknanda Don Bosco Road,Residential area with 0.5 real estate activity.,0.0,Negative,Moderate,Alaknanda Don Bosco Road,2024.0,Apr-Jun,13251.03,15576.27926,10797.83561
30,Alaknanda Don Bosco Road,Residential area with 0.5 real estate activity.,0.0,Negative,Moderate,Alaknanda Don Bosco Road,2024.0,Jul-Sep,13552.47,15930.61501,11043.46931
31,Alaknanda Don Bosco Road,Residential area with 0.5 real estate activity.,0.0,Negative,Moderate,Alaknanda Don Bosco Road,2024.0,Oct-Dec,13544.04,15920.70574,11036.59998
32,Alaknanda Don Bosco Road,Residential area with 0.5 real estate activity.,0.0,Negative,Moderate,Alaknanda Don Bosco Road,2025.0,Jan-Mar,14779.54,17373.00742,12043.36895
33,Alaknanda Don Bosco Road,Residential area with 0.5 real estate activity.,0.0,Negative,Moderate,Alaknanda Don Bosco Road,2025.0,Apr-Jun,14784.64,17379.00235,12047.52478
34,Alaknanda Don Bosco Road,Residential area with 0.5 real estate activity.,0.0,Negative,Moderate,Alaknanda Don Bosco Road,2025.0,Jul-Sep,15791.71,18562.78984,12868.15354
35,Alaknanda Don Bosco Road,Residential area with 0.5 real estate activity.,0.0,Negative,Moderate,Alaknanda Don Bosco Road,2025.0,Oct-Dec,15824.32,18601.12214,12894.72637
36,Alaknanda Don Bosco Road,Residential area with 0.5 real estate activity.,0.0,Negative,Moderate,Alaknanda Don Bosco Road,2026.0,Jan-Mar,10641.2,12508.48447,8671.169584
37,Alaknanda Don Bosco Road,Residential area with 0.5 real estate activity.,0.0,Negative,Moderate,Alaknanda Don Bosco Road,2026.0,Apr-Jun,10641.2,12508.48447,8671.169584
38,Alaknanda Don Bosco Road,Residential area with 0.5 real estate activity.,0.0,Negative,Moderate,Alaknanda Don Bosco Road,2026.0,Jul-Sep,10723.6,12605.34376,8738.314677
39,Alaknanda Don Bosco Road,Residential area with 0.5 real estate activity.,0.0,Negative,Moderate,Alaknanda Don Bosco Road,2026.0,Oct-Dec,10827.6,12727.59335,8823.060913
40,Alaknanda Don Bosco Road,Residential area with 0.5 real estate activity.,0.0,Negative,Moderate,Alaknanda Don Bosco Road,2027.0,Jan-Mar,11381.3,13378.4549,9274.253128
41,Alaknanda Don Bosco Road,Residential area with 0.5 real estate activity.,0.0,Negative,Moderate,Alaknanda Don Bosco Road,2027.0,Apr-Jun,11385.5,13383.3919,9277.675572
42,Alaknanda Don Bosco Road,Residential area with 0.5 real estate activity.,0.0,Negative,Moderate,Alaknanda Don Bosco Road,2027.0,Jul-Sep,11409.2,13411.2507,9296.987935
43,Alaknanda Don Bosco Road,Residential area with 0.5 real estate activity.,0.0,Negative,Moderate,Alaknanda Don Bosco Road,2027.0,Oct-Dec,11513.3,13533.61784,9381.815657
44,Alaknanda Don Bosco Road,Residential area with 0.5 real estate activity.,0.0,Negative,Moderate,Alaknanda Don Bosco Road,2028.0,Jan-Mar,11616.9,13655.39725,9466.235945
45,Alaknanda Don Bosco Road,Residential area with 0.5 real estate activity.,0.0,Negative,Moderate,Alaknanda Don Bosco Road,2028.0,Apr-Jun,11642.1,13685.01926,9486.770609
46,Alaknanda Don Bosco Road,Residential area with 0.5 real estate activity.,0.0,Negative,Moderate,Alaknanda Don Bosco Road,2028.0,Jul-Sep,11795.7,13865.57251,9611.93428
47,Alaknanda Don Bosco Road,Residential area with 0.5 real estate activity.,0.0,Negative,Moderate,Alaknanda Don Bosco Road,2028.0,Oct-Dec,11917.8,14009.09824,9711.429619
48,Alaknanda Don Bosco Road,Residential area with 0.5 real estate activity.,0.0,Negative,Moderate,Alaknanda Don Bosco Road,2029.0,Jan-Mar,12319.82,14481.66345,10039.02271
49,Alaknanda Don Bosco Road,Residential area with 0.5 real estate activity.,0.0,Negative,Moderate,Alaknanda Don Bosco Road,2029.0,Apr-Jun,12507.73,14702.54731,10192.14449
50,Alaknanda Don Bosco Road,Residential area with 0.5 real estate activity.,0.0,Negative,Moderate,Alaknanda Don Bosco Road,2029.0,Jul-Sep,12771.53,15012.63811,10407.10657
51,Alaknanda Don Bosco Road,Residential area with 0.5 real estate activity.,0.0,Negative,Moderate,Alaknanda Don Bosco Road,2029.0,Oct-Dec,12879.53,15139.58961,10495.11228
52,Alaknanda Don Bosco Road,Residential area with 0.5 real estate activity.,0.0,Negative,Moderate,Alaknanda Don Bosco Road,2030.0,Jan-Mar,13214.47,15533.30383,10768.04405
53,Alaknanda Don Bosco Road,Residential area with 0.5 real estate activity.,0.0,Negative,Moderate,Alaknanda Don Bosco Road,2030.0,Apr-Jun,13251.03,15576.27926,10797.83561
54,Alaknanda Don Bosco Road,Residential area with 0.5 real estate activity.,0.0,Negative,Moderate,Alaknanda Don Bosco Road,2030.0,Jul-Sep,13552.47,15930.61501,11043.46931
55,Alaknanda Don Bosco Road,Residential area with 0.5 real estate activity.,0.0,Negative,Moderate,Alaknanda Don Bosco Road,2030.0,Oct-Dec,13544.04,15920.70574,11036.59998
56,Asaf Ali Road,0.75 commercial demand but limited residential development.,-0.3818,Neutral,Moderate,Asaf Ali Road,2024.0,Jan-Mar,9512.96,11684.95251,7721.183596
57,Asaf Ali Road,0.75 commercial demand but limited residential development.,-0.3818,Neutral,Moderate,Asaf Ali Road,2024.0,Apr-Jun,9500.0,11669.03349,7710.664626
58,Asaf Ali Road,0.75 commercial demand but limited residential development.,-0.3818,Neutral,Moderate,Asaf Ali Road,2024.0,Jul-Sep,9642.36,11843.89703,7826.210965
59,Asaf Ali Road,0.75 commercial demand but limited residential development.,-0.3818,Neutral,Moderate,Asaf Ali Road,2024.0,Oct-Dec,9744.58,11969.45583,7909.177716
60,Asaf Ali Road,0.75 commercial demand but limited residential development.,-0.3818,Neutral,Moderate,Asaf Ali Road,2025.0,Jan-Mar,10439.34,12822.84296,8473.078911
61,Asaf Ali Road,0.75 commercial demand but limited residential development.,-0.3818,Neutral,Moderate,Asaf Ali Road,2025.0,Apr-Jun,10581.04,12996.8958,8588.089561
62,Asaf Ali Road,0.75 commercial demand but limited residential development.,-0.3818,Neutral,Moderate,Asaf Ali Road,2025.0,Jul-Sep,11146.94,13692.0017,9047.401679
63,Asaf Ali Road,0.75 commercial demand but limited residential development.,-0.3818,Neutral,Moderate,Asaf Ali Road,2025.0,Oct-Dec,11681.32,14348.39098,9481.130622
64,Asaf Ali Road,0.75 commercial demand but limited residential development.,-0.3818,Neutral,Moderate,Asaf Ali Road,2026.0,Jan-Mar,7212.9,8859.744386,5854.342409
65,Asaf Ali Road,0.75 commercial demand but limited residential development.,-0.3818,Neutral,Moderate,Asaf Ali Road,2026.0,Apr-Jun,7227.9,8878.169176,5866.517142
66,Asaf Ali Road,0.75 commercial demand but limited residential development.,-0.3818,Neutral,Moderate,Asaf Ali Road,2026.0,Jul-Sep,7211.4,8857.901908,5853.124935
67,Asaf Ali Road,0.75 commercial demand but limited residential development.,-0.3818,Neutral,Moderate,Asaf Ali Road,2026.0,Oct-Dec,7342.58,9019.032835,5959.597039
68,Asaf Ali Road,0.75 commercial demand but limited residential development.,-0.3818,Neutral,Moderate,Asaf Ali Road,2027.0,Jan-Mar,7554.6,9279.461096,6131.68284
69,Asaf Ali Road,0.75 commercial demand but limited residential development.,-0.3818,Neutral,Moderate,Asaf Ali Road,2027.0,Apr-Jun,7577.2,9307.221113,6150.026106
70,Asaf Ali Road,0.75 commercial demand but limited residential development.,-0.3818,Neutral,Moderate,Asaf Ali Road,2027.0,Jul-Sep,7687.1,9442.213406,6239.226321
71,Asaf Ali Road,0.75 commercial demand but limited residential development.,-0.3818,Neutral,Moderate,Asaf Ali Road,2027.0,Oct-Dec,7713.1,9474.149708,6260.329192
72,Asaf Ali Road,0.75 commercial demand but limited residential development.,-0.3818,Neutral,Moderate,Asaf Ali Road,2028.0,Jan-Mar,7893.18,9695.34545,6406.490928
73,Asaf Ali Road,0.75 commercial demand but limited residential development.,-0.3818,Neutral,Moderate,Asaf Ali Road,2028.0,Apr-Jun,7974.78,9795.576306,6472.721479
74,Asaf Ali Road,0.75 commercial demand but limited residential development.,-0.3818,Neutral,Moderate,Asaf Ali Road,2028.0,Jul-Sep,8025.68,9858.097759,6514.034408
75,Asaf Ali Road,0.75 commercial demand but limited residential development.,-0.3818,Neutral,Moderate,Asaf Ali Road,2028.0,Oct-Dec,8165.58,10029.93963,6627.58409
76,Asaf Ali Road,0.75 commercial demand but limited residential development.,-0.3818,Neutral,Moderate,Asaf Ali Road,2029.0,Jan-Mar,8731.6,10725.19293,7086.993605
77,Asaf Ali Road,0.75 commercial demand but limited residential development.,-0.3818,Neutral,Moderate,Asaf Ali Road,2029.0,Apr-Jun,8714.3,10703.94301,7072.952079
78,Asaf Ali Road,0.75 commercial demand but limited residential development.,-0.3818,Neutral,Moderate,Asaf Ali Road,2029.0,Jul-Sep,8799.26,10808.30101,7141.90977
79,Asaf Ali Road,0.75 commercial demand but limited residential development.,-0.3818,Neutral,Moderate,Asaf Ali Road,2029.0,Oct-Dec,9033.42,11095.92427,7331.965478
80,Asaf Ali Road,0.75 commercial demand but limited residential development.,-0.3818,Neutral,Moderate,Asaf Ali Road,2030.0,Jan-Mar,9512.96,11684.95251,7721.183596
81,Asaf Ali Road,0.75 commercial demand but limited residential development.,-0.3818,Neutral,Moderate,Asaf Ali Road,2030.0,Apr-Jun,9500.0,11669.03349,7710.664626
82,Asaf Ali Road,0.75 commercial demand but limited residential development.,-0.3818,Neutral,Moderate,Asaf Ali Road,2030.0,Jul-Sep,9642.36,11843.89703,7826.210965
83,Asaf Ali Road,0.75 commercial demand but limited residential development.,-0.3818,Neutral,Moderate,Asaf Ali Road,2030.0,Oct-Dec,9744.58,11969.45583,7909.177716
84,Chattarpur,Growing residential area but infrastructure challenges exist.,0.2023,Positive,Moderate,Chattarpur,2024.0,Jan-Mar,4748.3,5942.484712,3554.074132
85,Chattarpur,Growing residential area but infrastructure challenges exist.,0.2023,Positive,Moderate,Chattarpur,2024.0,Apr-Jun,4635.96,5801.891504,3469.988314
86,Chattarpur,Growing residential area but infrastructure challenges exist.,0.2023,Positive,Moderate,Chattarpur,2024.0,Jul-Sep,4653.97,5824.43097,3483.468691
87,Chattarpur,Growing residential area but infrastructure challenges exist.,0.2023,Positive,Moderate,Chattarpur,2024.0,Oct-Dec,4777.17,5978.61544,3575.683154
88,Chattarpur,Growing residential area but infrastructure challenges exist.,0.2023,Positive,Moderate,Chattarpur,2025.0,Jan-Mar,4834.12,6049.888212,3618.309888
89,Chattarpur,Growing residential area but infrastructure challenges exist.,0.2023,Positive,Moderate,Chattarpur,2025.0,Apr-Jun,4781.19,5983.646459,3578.6921
90,Chattarpur,Growing residential area but infrastructure challenges exist.,0.2023,Positive,Moderate,Chattarpur,2025.0,Jul-Sep,4688.59,5867.757807,3509.381554
91,Chattarpur,Growing residential area but infrastructure challenges exist.,0.2023,Positive,Moderate,Chattarpur,2025.0,Oct-Dec,4775.61,5976.663104,3574.515503
92,Chattarpur,Growing residential area but infrastructure challenges exist.,0.2023,Positive,Moderate,Chattarpur,2026.0,Jan-Mar,4230.76,5294.784791,3166.698539
93,Chattarpur,Growing residential area but infrastructure challenges exist.,0.2023,Positive,Moderate,Chattarpur,2026.0,Apr-Jun,4198.04,5253.835798,3142.207815
94,Chattarpur,Growing residential area but infrastructure challenges exist.,0.2023,Positive,Moderate,Chattarpur,2026.0,Jul-Sep,4260.72,5332.27965,3189.12342
95,Chattarpur,Growing residential area but infrastructure challenges exist.,0.2023,Positive,Moderate,Chattarpur,2026.0,Oct-Dec,4223.58,5285.79904,3161.324352
96,Chattarpur,Growing residential area but infrastructure challenges exist.,0.2023,Positive,Moderate,Chattarpur,2027.0,Jan-Mar,4375.77,5476.264417,3275.237656
97,Chattarpur,Growing residential area but infrastructure challenges exist.,0.2023,Positive,Moderate,Chattarpur,2027.0,Apr-Jun,4289.57,5368.385348,3210.717472
98,Chattarpur,Growing residential area but infrastructure challenges exist.,0.2023,Positive,Moderate,Chattarpur,2027.0,Jul-Sep,4287.92,5366.320377,3209.482457
99,Chattarpur,Growing residential area but infrastructure challenges exist.,0.2023,Positive,Moderate,Chattarpur,2027.0,Oct-Dec,4106.45,5139.211159,3073.653248
100,Chattarpur,Growing residential area but infrastructure challenges exist.,0.2023,Positive,Moderate,Chattarpur,2028.0,Jan-Mar,4279.96,5356.358459,3203.524445
101,Chattarpur,Growing residential area but infrastructure challenges exist.,0.2023,Positive,Moderate,Chattarpur,2028.0,Apr-Jun,4208.93,5267.464604,3150.358915
102,Chattarpur,Growing residential area but infrastructure challenges exist.,0.2023,Positive,Moderate,Chattarpur,2028.0,Jul-Sep,4218.3,5279.191134,3157.372304
103,Chattarpur,Growing residential area but infrastructure challenges exist.,0.2023,Positive,Moderate,Chattarpur,2028.0,Oct-Dec,4360.97,5457.742256,3264.159945
104,Chattarpur,Growing residential area but infrastructure challenges exist.,0.2023,Positive,Moderate,Chattarpur,2029.0,Jan-Mar,4567.16,5715.788488,3418.491926
105,Chattarpur,Growing residential area but infrastructure challenges exist.,0.2023,Positive,Moderate,Chattarpur,2029.0,Apr-Jun,4589.71,5744.009753,3435.370466
106,Chattarpur,Growing residential area but infrastructure challenges exist.,0.2023,Positive,Moderate,Chattarpur,2029.0,Jul-Sep,4787.6,5991.668557,3583.489947
107,Chattarpur,Growing residential area but infrastructure challenges exist.,0.2023,Positive,Moderate,Chattarpur,2029.0,Oct-Dec,4881.38,6109.033975,3653.683715
108,Chattarpur,Growing residential area but infrastructure challenges exist.,0.2023,Positive,Moderate,Chattarpur,2030.0,Jan-Mar,4748.3,5942.484712,3554.074132
109,Chattarpur,Growing residential area but infrastructure challenges exist.,0.2023,Positive,Moderate,Chattarpur,2030.0,Apr-Jun,4635.96,5801.891504,3469.988314
110,Chattarpur,Growing residential area but infrastructure challenges exist.,0.2023,Positive,Moderate,Chattarpur,2030.0,Jul-Sep,4653.97,5824.43097,3483.468691
111,Chattarpur,Growing residential area but infrastructure challenges exist.,0.2023,Positive,Moderate,Chattarpur,2030.0,Oct-Dec,4777.17,5978.61544,3575.683154
112,Chattarpur Enclave,Increasing demand but slightly 0.25er connectivity.,-0.0644,Negative,Low,Chattarpur Enclave,2024.0,Jan-Mar,4917.89,6088.352513,3757.555775
113,Chattarpur Enclave,Increasing demand but slightly 0.25er connectivity.,-0.0644,Negative,Low,Chattarpur Enclave,2024.0,Apr-Jun,4939.49,6115.093333,3774.05944
114,Chattarpur Enclave,Increasing demand but slightly 0.25er connectivity.,-0.0644,Negative,Low,Chattarpur Enclave,2024.0,Jul-Sep,4893.24,6057.835789,3738.721733
115,Chattarpur Enclave,Increasing demand but slightly 0.25er connectivity.,-0.0644,Negative,Low,Chattarpur Enclave,2024.0,Oct-Dec,5041.41,6241.270391,3851.932284
116,Chattarpur Enclave,Increasing demand but slightly 0.25er connectivity.,-0.0644,Negative,Low,Chattarpur Enclave,2025.0,Jan-Mar,4918.63,6089.268633,3758.121179
117,Chattarpur Enclave,Increasing demand but slightly 0.25er connectivity.,-0.0644,Negative,Low,Chattarpur Enclave,2025.0,Apr-Jun,4942.88,6119.290156,3776.649598
118,Chattarpur Enclave,Increasing demand but slightly 0.25er connectivity.,-0.0644,Negative,Low,Chattarpur Enclave,2025.0,Jul-Sep,4626.44,5727.537135,3534.870919
119,Chattarpur Enclave,Increasing demand but slightly 0.25er connectivity.,-0.0644,Negative,Low,Chattarpur Enclave,2025.0,Oct-Dec,4867.78,6026.316285,3719.268803
120,Chattarpur Enclave,Increasing demand but slightly 0.25er connectivity.,-0.0644,Negative,Low,Chattarpur Enclave,2026.0,Jan-Mar,4616.99,5715.838026,3527.650566
121,Chattarpur Enclave,Increasing demand but slightly 0.25er connectivity.,-0.0644,Negative,Low,Chattarpur Enclave,2026.0,Apr-Jun,4623.95,5724.454512,3532.968413
122,Chattarpur Enclave,Increasing demand but slightly 0.25er connectivity.,-0.0644,Negative,Low,Chattarpur Enclave,2026.0,Jul-Sep,4619.26,5718.648288,3529.384978
123,Chattarpur Enclave,Increasing demand but slightly 0.25er connectivity.,-0.0644,Negative,Low,Chattarpur Enclave,2026.0,Oct-Dec,4556.98,5641.545588,3481.799413
124,Chattarpur Enclave,Increasing demand but slightly 0.25er connectivity.,-0.0644,Negative,Low,Chattarpur Enclave,2027.0,Jan-Mar,4704.64,5824.348809,3594.620295
125,Chattarpur Enclave,Increasing demand but slightly 0.25er connectivity.,-0.0644,Negative,Low,Chattarpur Enclave,2027.0,Apr-Jun,4713.0,5834.698497,3601.007824
126,Chattarpur Enclave,Increasing demand but slightly 0.25er connectivity.,-0.0644,Negative,Low,Chattarpur Enclave,2027.0,Jul-Sep,4695.01,5812.42686,3587.262412
127,Chattarpur Enclave,Increasing demand but slightly 0.25er connectivity.,-0.0644,Negative,Low,Chattarpur Enclave,2027.0,Oct-Dec,4621.34,5721.22333,3530.97422
128,Chattarpur Enclave,Increasing demand but slightly 0.25er connectivity.,-0.0644,Negative,Low,Chattarpur Enclave,2028.0,Jan-Mar,4849.19,6003.301847,3705.064955
129,Chattarpur Enclave,Increasing demand but slightly 0.25er connectivity.,-0.0644,Negative,Low,Chattarpur Enclave,2028.0,Apr-Jun,4868.09,6026.700065,3719.505661
130,Chattarpur Enclave,Increasing demand but slightly 0.25er connectivity.,-0.0644,Negative,Low,Chattarpur Enclave,2028.0,Jul-Sep,4884.97,6047.597521,3732.402969
131,Chattarpur Enclave,Increasing demand but slightly 0.25er connectivity.,-0.0644,Negative,Low,Chattarpur Enclave,2028.0,Oct-Dec,4912.0,6081.060687,3753.055471
132,Chattarpur Enclave,Increasing demand but slightly 0.25er connectivity.,-0.0644,Negative,Low,Chattarpur Enclave,2029.0,Jan-Mar,4860.8,6017.675038,3713.935674
133,Chattarpur Enclave,Increasing demand but slightly 0.25er connectivity.,-0.0644,Negative,Low,Chattarpur Enclave,2029.0,Apr-Jun,4936.84,6111.812631,3772.034684
134,Chattarpur Enclave,Increasing demand but slightly 0.25er connectivity.,-0.0644,Negative,Low,Chattarpur Enclave,2029.0,Jul-Sep,5057.05,6260.632725,3863.88216
135,Chattarpur Enclave,Increasing demand but slightly 0.25er connectivity.,-0.0644,Negative,Low,Chattarpur Enclave,2029.0,Oct-Dec,5091.56,6303.356138,3890.249819
136,Chattarpur Enclave,Increasing demand but slightly 0.25er connectivity.,-0.0644,Negative,Low,Chattarpur Enclave,2030.0,Jan-Mar,4917.89,6088.352513,3757.555775
137,Chattarpur Enclave,Increasing demand but slightly 0.25er connectivity.,-0.0644,Negative,Low,Chattarpur Enclave,2030.0,Apr-Jun,4939.49,6115.093333,3774.05944
138,Chattarpur Enclave,Increasing demand but slightly 0.25er connectivity.,-0.0644,Negative,Low,Chattarpur Enclave,2030.0,Jul-Sep,4893.24,6057.835789,3738.721733
139,Chattarpur Enclave,Increasing demand but slightly 0.25er connectivity.,-0.0644,Negative,Low,Chattarpur Enclave,2030.0,Oct-Dec,5041.41,6241.270391,3851.932284
140,Dashrathpuri Metro Road,"Well-connected, but limited new developments.",-0.3291,Neutral,Moderate,Dashrathpuri Metro Road,2024.0,Jan-Mar,4852.56,6546.39396,3641.683608
141,Dashrathpuri Metro Road,"Well-connected, but limited new developments.",-0.3291,Neutral,Moderate,Dashrathpuri Metro Road,2024.0,Apr-Jun,4888.98,6595.526721,3669.015597
142,Dashrathpuri Metro Road,"Well-connected, but limited new developments.",-0.3291,Neutral,Moderate,Dashrathpuri Metro Road,2024.0,Jul-Sep,4903.76,6615.465826,3680.107491
143,Dashrathpuri Metro Road,"Well-connected, but limited new developments.",-0.3291,Neutral,Moderate,Dashrathpuri Metro Road,2024.0,Oct-Dec,5025.73,6780.010658,3771.641887
144,Dashrathpuri Metro Road,"Well-connected, but limited new developments.",-0.3291,Neutral,Moderate,Dashrathpuri Metro Road,2025.0,Jan-Mar,5061.58,6828.374454,3798.546111
145,Dashrathpuri Metro Road,"Well-connected, but limited new developments.",-0.3291,Neutral,Moderate,Dashrathpuri Metro Road,2025.0,Apr-Jun,5120.81,6908.27927,3842.99624
146,Dashrathpuri Metro Road,"Well-connected, but limited new developments.",-0.3291,Neutral,Moderate,Dashrathpuri Metro Road,2025.0,Jul-Sep,5095.5,6874.134565,3824.001933
147,Dashrathpuri Metro Road,"Well-connected, but limited new developments.",-0.3291,Neutral,Moderate,Dashrathpuri Metro Road,2025.0,Oct-Dec,5244.33,7074.915145,3935.693859
148,Dashrathpuri Metro Road,"Well-connected, but limited new developments.",-0.3291,Neutral,Moderate,Dashrathpuri Metro Road,2026.0,Jan-Mar,4067.14,5486.815358,3052.252227
149,Dashrathpuri Metro Road,"Well-connected, but limited new developments.",-0.3291,Neutral,Moderate,Dashrathpuri Metro Road,2026.0,Apr-Jun,4076.0,5498.768028,3058.90136
150,Dashrathpuri Metro Road,"Well-connected, but limited new developments.",-0.3291,Neutral,Moderate,Dashrathpuri Metro Road,2026.0,Jul-Sep,4083.4,5508.751071,3064.454812
151,Dashrathpuri Metro Road,"Well-connected, but limited new developments.",-0.3291,Neutral,Moderate,Dashrathpuri Metro Road,2026.0,Oct-Dec,4126.5,5566.895551,3096.799917
152,Dashrathpuri Metro Road,"Well-connected, but limited new developments.",-0.3291,Neutral,Moderate,Dashrathpuri Metro Road,2027.0,Jan-Mar,4218.64,5691.197928,3165.947898
153,Dashrathpuri Metro Road,"Well-connected, but limited new developments.",-0.3291,Neutral,Moderate,Dashrathpuri Metro Road,2027.0,Apr-Jun,4233.3,5710.975145,3176.949737
154,Dashrathpuri Metro Road,"Well-connected, but limited new developments.",-0.3291,Neutral,Moderate,Dashrathpuri Metro Road,2027.0,Jul-Sep,4265.6,5754.549779,3201.189804
155,Dashrathpuri Metro Road,"Well-connected, but limited new developments.",-0.3291,Neutral,Moderate,Dashrathpuri Metro Road,2027.0,Oct-Dec,4289.46,5786.738348,3219.095934
156,Dashrathpuri Metro Road,"Well-connected, but limited new developments.",-0.3291,Neutral,Moderate,Dashrathpuri Metro Road,2028.0,Jan-Mar,4402.6,5939.370981,3304.003712
157,Dashrathpuri Metro Road,"Well-connected, but limited new developments.",-0.3291,Neutral,Moderate,Dashrathpuri Metro Road,2028.0,Apr-Jun,4418.8,5961.225751,3316.161268
158,Dashrathpuri Metro Road,"Well-connected, but limited new developments.",-0.3291,Neutral,Moderate,Dashrathpuri Metro Road,2028.0,Jul-Sep,4472.5,6033.670266,3356.461318
159,Dashrathpuri Metro Road,"Well-connected, but limited new developments.",-0.3291,Neutral,Moderate,Dashrathpuri Metro Road,2028.0,Oct-Dec,4511.8,6086.688319,3385.954651
160,Dashrathpuri Metro Road,"Well-connected, but limited new developments.",-0.3291,Neutral,Moderate,Dashrathpuri Metro Road,2029.0,Jan-Mar,4639.2,6258.558546,3481.56408
161,Dashrathpuri Metro Road,"Well-connected, but limited new developments.",-0.3291,Neutral,Moderate,Dashrathpuri Metro Road,2029.0,Apr-Jun,4682.66,6317.188688,3514.179353
162,Dashrathpuri Metro Road,"Well-connected, but limited new developments.",-0.3291,Neutral,Moderate,Dashrathpuri Metro Road,2029.0,Jul-Sep,4751.84,6410.51665,3566.096624
163,Dashrathpuri Metro Road,"Well-connected, but limited new developments.",-0.3291,Neutral,Moderate,Dashrathpuri Metro Road,2029.0,Oct-Dec,4830.2,6516.228982,3624.903177
164,Dashrathpuri Metro Road,"Well-connected, but limited new developments.",-0.3291,Neutral,Moderate,Dashrathpuri Metro Road,2030.0,Jan-Mar,4852.56,6546.39396,3641.683608
165,Dashrathpuri Metro Road,"Well-connected, but limited new developments.",-0.3291,Neutral,Moderate,Dashrathpuri Metro Road,2030.0,Apr-Jun,4888.98,6595.526721,3669.015597
166,Dashrathpuri Metro Road,"Well-connected, but limited new developments.",-0.3291,Neutral,Moderate,Dashrathpuri Metro Road,2030.0,Jul-Sep,4903.76,6615.465826,3680.107491
167,Dashrathpuri Metro Road,"Well-connected, but limited new developments.",-0.3291,Neutral,Moderate,Dashrathpuri Metro Road,2030.0,Oct-Dec,5025.73,6780.010658,3771.641887
168,Dilshad Garden,Overcrowded with 0.75 rental competition.,0.0,Negative,Moderate,Dilshad Garden,2024.0,Jan-Mar,7897.46,9967.084684,5827.639751
169,Dilshad Garden,Overcrowded with 0.75 rental competition.,0.0,Negative,Moderate,Dilshad Garden,2024.0,Apr-Jun,7972.28,10061.51217,5882.850415
170,Dilshad Garden,Overcrowded with 0.75 rental competition.,0.0,Negative,Moderate,Dilshad Garden,2024.0,Jul-Sep,7797.35,9840.739651,5753.767264
171,Dilshad Garden,Overcrowded with 0.75 rental competition.,0.0,Negative,Moderate,Dilshad Garden,2024.0,Oct-Dec,7923.55,10000.01188,5846.891906
172,Dilshad Garden,Overcrowded with 0.75 rental competition.,0.0,Negative,Moderate,Dilshad Garden,2025.0,Jan-Mar,8124.54,10253.67374,5995.205074
173,Dilshad Garden,Overcrowded with 0.75 rental competition.,0.0,Negative,Moderate,Dilshad Garden,2025.0,Apr-Jun,8188.06,10333.83992,6042.077319
174,Dilshad Garden,Overcrowded with 0.75 rental competition.,0.0,Negative,Moderate,Dilshad Garden,2025.0,Jul-Sep,8135.11,10267.01373,6003.004816
175,Dilshad Garden,Overcrowded with 0.75 rental competition.,0.0,Negative,Moderate,Dilshad Garden,2025.0,Oct-Dec,8072.62,10188.14748,5956.892622
176,Dilshad Garden,Overcrowded with 0.75 rental competition.,0.0,Negative,Moderate,Dilshad Garden,2026.0,Jan-Mar,7303.74,9217.773194,5389.525943
177,Dilshad Garden,Overcrowded with 0.75 rental competition.,0.0,Negative,Moderate,Dilshad Garden,2026.0,Apr-Jun,8223.79,10378.9334,6068.442956
178,Dilshad Garden,Overcrowded with 0.75 rental competition.,0.0,Negative,Moderate,Dilshad Garden,2026.0,Jul-Sep,7806.51,9852.300139,5760.526548
179,Dilshad Garden,Overcrowded with 0.75 rental competition.,0.0,Negative,Moderate,Dilshad Garden,2026.0,Oct-Dec,7708.61,9728.744263,5688.284849
180,Dilshad Garden,Overcrowded with 0.75 rental competition.,0.0,Negative,Moderate,Dilshad Garden,2027.0,Jan-Mar,7288.73,9198.829643,5378.449867
181,Dilshad Garden,Overcrowded with 0.75 rental competition.,0.0,Negative,Moderate,Dilshad Garden,2027.0,Apr-Jun,7764.88,9799.760495,5729.807223
182,Dilshad Garden,Overcrowded with 0.75 rental competition.,0.0,Negative,Moderate,Dilshad Garden,2027.0,Jul-Sep,7686.61,9700.978897,5672.050759
183,Dilshad Garden,Overcrowded with 0.75 rental competition.,0.0,Negative,Moderate,Dilshad Garden,2027.0,Oct-Dec,7539.56,9515.392671,5563.540627
184,Dilshad Garden,Overcrowded with 0.75 rental competition.,0.0,Negative,Moderate,Dilshad Garden,2028.0,Jan-Mar,7223.18,9116.101474,5330.079658
185,Dilshad Garden,Overcrowded with 0.75 rental competition.,0.0,Negative,Moderate,Dilshad Garden,2028.0,Apr-Jun,7405.22,9345.847253,5464.409372
186,Dilshad Garden,Overcrowded with 0.75 rental competition.,0.0,Negative,Moderate,Dilshad Garden,2028.0,Jul-Sep,7289.91,9200.318876,5379.320604
187,Dilshad Garden,Overcrowded with 0.75 rental competition.,0.0,Negative,Moderate,Dilshad Garden,2028.0,Oct-Dec,7267.29,9171.771032,5362.629008
188,Dilshad Garden,Overcrowded with 0.75 rental competition.,0.0,Negative,Moderate,Dilshad Garden,2029.0,Jan-Mar,8160.33,10298.84294,6021.614986
189,Dilshad Garden,Overcrowded with 0.75 rental competition.,0.0,Negative,Moderate,Dilshad Garden,2029.0,Apr-Jun,8320.59,10501.10101,6139.872951
190,Dilshad Garden,Overcrowded with 0.75 rental competition.,0.0,Negative,Moderate,Dilshad Garden,2029.0,Jul-Sep,8151.48,10287.67369,6015.084455
191,Dilshad Garden,Overcrowded with 0.75 rental competition.,0.0,Negative,Moderate,Dilshad Garden,2029.0,Oct-Dec,8365.76,10558.10835,6173.204489
192,Dilshad Garden,Overcrowded with 0.75 rental competition.,0.0,Negative,Moderate,Dilshad Garden,2030.0,Jan-Mar,7897.46,9967.084684,5827.639751
193,Dilshad Garden,Overcrowded with 0.75 rental competition.,0.0,Negative,Moderate,Dilshad Garden,2030.0,Apr-Jun,7972.28,10061.51217,5882.850415
194,Dilshad Garden,Overcrowded with 0.75 rental competition.,0.0,Negative,Moderate,Dilshad Garden,2030.0,Jul-Sep,7797.35,9840.739651,5753.767264
195,Dilshad Garden,Overcrowded with 0.75 rental competition.,0.0,Negative,Moderate,Dilshad Garden,2030.0,Oct-Dec,7923.55,10000.01188,5846.891906
196,Dwarka,Well-planned locality with 0.75 supply meeting demand.,-0.128,Neutral,High,Dwarka,2024.0,Jan-Mar,10387.79,12138.83121,8636.990452
197,Dwarka,Well-planned locality with 0.75 supply meeting demand.,-0.128,Neutral,High,Dwarka,2024.0,Apr-Jun,10387.79,12138.83121,8636.990452
198,Dwarka,Well-planned locality with 0.75 supply meeting demand.,-0.128,Neutral,High,Dwarka,2024.0,Jul-Sep,10840.22,12667.5261,9013.166096
199,Dwarka,Well-planned locality with 0.75 supply meeting demand.,-0.128,Neutral,High,Dwarka,2024.0,Oct-Dec,11107.38,12979.72052,9235.297884
200,Dwarka,Well-planned locality with 0.75 supply meeting demand.,-0.128,Neutral,High,Dwarka,2025.0,Jan-Mar,12790.77,14946.87495,10634.96262
201,Dwarka,Well-planned locality with 0.75 supply meeting demand.,-0.128,Neutral,High,Dwarka,2025.0,Apr-Jun,12791.2,14947.37743,10635.32015
202,Dwarka,Well-planned locality with 0.75 supply meeting demand.,-0.128,Neutral,High,Dwarka,2025.0,Jul-Sep,12863.84,15032.26216,10695.71711
203,Dwarka,Well-planned locality with 0.75 supply meeting demand.,-0.128,Neutral,High,Dwarka,2025.0,Oct-Dec,13156.22,15373.92785,10938.81822
204,Dwarka,Well-planned locality with 0.75 supply meeting demand.,-0.128,Neutral,High,Dwarka,2026.0,Jan-Mar,8799.65,10282.98282,7316.521901
205,Dwarka,Well-planned locality with 0.75 supply meeting demand.,-0.128,Neutral,High,Dwarka,2026.0,Apr-Jun,8814.56,10300.40616,7328.91891
206,Dwarka,Well-planned locality with 0.75 supply meeting demand.,-0.128,Neutral,High,Dwarka,2026.0,Jul-Sep,8833.67,10322.73748,7344.808034
207,Dwarka,Well-planned locality with 0.75 supply meeting demand.,-0.128,Neutral,High,Dwarka,2026.0,Oct-Dec,8938.07,10444.7359,7431.612042
208,Dwarka,Well-planned locality with 0.75 supply meeting demand.,-0.128,Neutral,High,Dwarka,2027.0,Jan-Mar,8906.38,10407.704,7405.263201
209,Dwarka,Well-planned locality with 0.75 supply meeting demand.,-0.128,Neutral,High,Dwarka,2027.0,Apr-Jun,8884.36,10381.97215,7386.954539
210,Dwarka,Well-planned locality with 0.75 supply meeting demand.,-0.128,Neutral,High,Dwarka,2027.0,Jul-Sep,8903.32,10404.12819,7402.718945
211,Dwarka,Well-planned locality with 0.75 supply meeting demand.,-0.128,Neutral,High,Dwarka,2027.0,Oct-Dec,8980.37,10494.16629,7466.782631
212,Dwarka,Well-planned locality with 0.75 supply meeting demand.,-0.128,Neutral,High,Dwarka,2028.0,Jan-Mar,9075.24,10605.02827,7545.662863
213,Dwarka,Well-planned locality with 0.75 supply meeting demand.,-0.128,Neutral,High,Dwarka,2028.0,Apr-Jun,9072.24,10601.52257,7543.168495
214,Dwarka,Well-planned locality with 0.75 supply meeting demand.,-0.128,Neutral,High,Dwarka,2028.0,Jul-Sep,9182.1,10729.90136,7634.512253
215,Dwarka,Well-planned locality with 0.75 supply meeting demand.,-0.128,Neutral,High,Dwarka,2028.0,Oct-Dec,9280.76,10845.19221,7716.543703
216,Dwarka,Well-planned locality with 0.75 supply meeting demand.,-0.128,Neutral,High,Dwarka,2029.0,Jan-Mar,9638.49,11263.22377,8013.980462
217,Dwarka,Well-planned locality with 0.75 supply meeting demand.,-0.128,Neutral,High,Dwarka,2029.0,Apr-Jun,9638.49,11263.22377,8013.980462
218,Dwarka,Well-planned locality with 0.75 supply meeting demand.,-0.128,Neutral,High,Dwarka,2029.0,Jul-Sep,9939.95,11615.50006,8264.631192
219,Dwarka,Well-planned locality with 0.75 supply meeting demand.,-0.128,Neutral,High,Dwarka,2029.0,Oct-Dec,10169.82,11884.11861,8455.757985
220,Dwarka,Well-planned locality with 0.75 supply meeting demand.,-0.128,Neutral,High,Dwarka,2030.0,Jan-Mar,10387.79,12138.83121,8636.990452
221,Dwarka,Well-planned locality with 0.75 supply meeting demand.,-0.128,Neutral,High,Dwarka,2030.0,Apr-Jun,10387.79,12138.83121,8636.990452
222,Dwarka,Well-planned locality with 0.75 supply meeting demand.,-0.128,Neutral,High,Dwarka,2030.0,Jul-Sep,10840.22,12667.5261,9013.166096
223,Dwarka,Well-planned locality with 0.75 supply meeting demand.,-0.128,Neutral,High,Dwarka,2030.0,Oct-Dec,11107.38,12979.72052,9235.297884
224,Dwarka Mor,Affordable housing demand but inconsistent infrastructure.,-0.0644,Negative,Moderate,Dwarka Mor,2024.0,Jan-Mar,4682.61,5785.579028,3579.565799
225,Dwarka Mor,Affordable housing demand but inconsistent infrastructure.,-0.0644,Negative,Moderate,Dwarka Mor,2024.0,Apr-Jun,4660.24,5757.939869,3562.465317
226,Dwarka Mor,Affordable housing demand but inconsistent infrastructure.,-0.0644,Negative,Moderate,Dwarka Mor,2024.0,Jul-Sep,4614.85,5701.858446,3527.767469
227,Dwarka Mor,Affordable housing demand but inconsistent infrastructure.,-0.0644,Negative,Moderate,Dwarka Mor,2024.0,Oct-Dec,4735.38,5850.778779,3619.905201
228,Dwarka Mor,Affordable housing demand but inconsistent infrastructure.,-0.0644,Negative,Moderate,Dwarka Mor,2025.0,Jan-Mar,5406.87,6680.435415,4133.217785
229,Dwarka Mor,Affordable housing demand but inconsistent infrastructure.,-0.0644,Negative,Moderate,Dwarka Mor,2025.0,Apr-Jun,5406.12,6679.508756,4132.644456
230,Dwarka Mor,Affordable housing demand but inconsistent infrastructure.,-0.0644,Negative,Moderate,Dwarka Mor,2025.0,Jul-Sep,5404.2,6677.136508,4131.176735
231,Dwarka Mor,Affordable housing demand but inconsistent infrastructure.,-0.0644,Negative,Moderate,Dwarka Mor,2025.0,Oct-Dec,5955.32,7358.070499,4552.473897
232,Dwarka Mor,Affordable housing demand but inconsistent infrastructure.,-0.0644,Negative,Moderate,Dwarka Mor,2026.0,Jan-Mar,4547.32,5618.42204,3476.14496
233,Dwarka Mor,Affordable housing demand but inconsistent infrastructure.,-0.0644,Negative,Moderate,Dwarka Mor,2026.0,Apr-Jun,4504.76,5565.837211,3443.610471
234,Dwarka Mor,Affordable housing demand but inconsistent infrastructure.,-0.0644,Negative,Moderate,Dwarka Mor,2026.0,Jul-Sep,4468.41,5520.925122,3415.823144
235,Dwarka Mor,Affordable housing demand but inconsistent infrastructure.,-0.0644,Negative,Moderate,Dwarka Mor,2026.0,Oct-Dec,4581.09,5660.146421,3501.960037
236,Dwarka Mor,Affordable housing demand but inconsistent infrastructure.,-0.0644,Negative,Moderate,Dwarka Mor,2027.0,Jan-Mar,4844.52,5985.626246,3703.335983
237,Dwarka Mor,Affordable housing demand but inconsistent infrastructure.,-0.0644,Negative,Moderate,Dwarka Mor,2027.0,Apr-Jun,4821.92,5957.702911,3686.05968
238,Dwarka Mor,Affordable housing demand but inconsistent infrastructure.,-0.0644,Negative,Moderate,Dwarka Mor,2027.0,Jul-Sep,4869.29,6016.230715,3722.271116
239,Dwarka Mor,Affordable housing demand but inconsistent infrastructure.,-0.0644,Negative,Moderate,Dwarka Mor,2027.0,Oct-Dec,4799.75,5930.310861,3669.112086
240,Dwarka Mor,Affordable housing demand but inconsistent infrastructure.,-0.0644,Negative,Moderate,Dwarka Mor,2028.0,Jan-Mar,4442.82,5489.307506,3396.261171
241,Dwarka Mor,Affordable housing demand but inconsistent infrastructure.,-0.0644,Negative,Moderate,Dwarka Mor,2028.0,Apr-Jun,4390.31,5424.428997,3356.120523
242,Dwarka Mor,Affordable housing demand but inconsistent infrastructure.,-0.0644,Negative,Moderate,Dwarka Mor,2028.0,Jul-Sep,4425.66,5468.10554,3383.143413
243,Dwarka Mor,Affordable housing demand but inconsistent infrastructure.,-0.0644,Negative,Moderate,Dwarka Mor,2028.0,Oct-Dec,4564.97,5640.229423,3489.637293
244,Dwarka Mor,Affordable housing demand but inconsistent infrastructure.,-0.0644,Negative,Moderate,Dwarka Mor,2029.0,Jan-Mar,4559.42,5633.372144,3485.394662
245,Dwarka Mor,Affordable housing demand but inconsistent infrastructure.,-0.0644,Negative,Moderate,Dwarka Mor,2029.0,Apr-Jun,4553.75,5626.366599,3481.060297
246,Dwarka Mor,Affordable housing demand but inconsistent infrastructure.,-0.0644,Negative,Moderate,Dwarka Mor,2029.0,Jul-Sep,4493.89,5552.406829,3435.301029
247,Dwarka Mor,Affordable housing demand but inconsistent infrastructure.,-0.0644,Negative,Moderate,Dwarka Mor,2029.0,Oct-Dec,4732.33,5847.010364,3617.573665
248,Dwarka Mor,Affordable housing demand but inconsistent infrastructure.,-0.0644,Negative,Moderate,Dwarka Mor,2030.0,Jan-Mar,4682.61,5785.579028,3579.565799
249,Dwarka Mor,Affordable housing demand but inconsistent infrastructure.,-0.0644,Negative,Moderate,Dwarka Mor,2030.0,Apr-Jun,4660.24,5757.939869,3562.465317
250,Dwarka Mor,Affordable housing demand but inconsistent infrastructure.,-0.0644,Negative,Moderate,Dwarka Mor,2030.0,Jul-Sep,4614.85,5701.858446,3527.767469
251,Dwarka Mor,Affordable housing demand but inconsistent infrastructure.,-0.0644,Negative,Moderate,Dwarka Mor,2030.0,Oct-Dec,4735.38,5850.778779,3619.905201
252,Dwarka Road,Commercial potential but limited residential projects.,-0.3291,Neutral,Moderate,Dwarka Road,2024.0,Jan-Mar,3771.29,4661.670083,3079.050095
253,Dwarka Road,Commercial potential but limited residential projects.,-0.3291,Neutral,Moderate,Dwarka Road,2024.0,Apr-Jun,3870.89,4784.785076,3160.367997
254,Dwarka Road,Commercial potential but limited residential projects.,-0.3291,Neutral,Moderate,Dwarka Road,2024.0,Jul-Sep,3924.51,4851.064452,3204.145767
255,Dwarka Road,Commercial potential but limited residential projects.,-0.3291,Neutral,Moderate,Dwarka Road,2024.0,Oct-Dec,4176.15,5162.115222,3409.595935
256,Dwarka Road,Commercial potential but limited residential projects.,-0.3291,Neutral,Moderate,Dwarka Road,2025.0,Jan-Mar,4816.0,5953.030162,3931.998138
257,Dwarka Road,Commercial potential but limited residential projects.,-0.3291,Neutral,Moderate,Dwarka Road,2025.0,Apr-Jun,4838.4,5980.718674,3950.286502
258,Dwarka Road,Commercial potential but limited residential projects.,-0.3291,Neutral,Moderate,Dwarka Road,2025.0,Jul-Sep,4984.08,6160.792892,4069.226179
259,Dwarka Road,Commercial potential but limited residential projects.,-0.3291,Neutral,Moderate,Dwarka Road,2025.0,Oct-Dec,5364.62,6631.176218,4379.916082
260,Dwarka Road,Commercial potential but limited residential projects.,-0.3291,Neutral,Moderate,Dwarka Road,2026.0,Jan-Mar,2412.25,2981.768482,1969.468959
261,Dwarka Road,Commercial potential but limited residential projects.,-0.3291,Neutral,Moderate,Dwarka Road,2026.0,Apr-Jun,2416.1,2986.527445,1972.612272
262,Dwarka Road,Commercial potential but limited residential projects.,-0.3291,Neutral,Moderate,Dwarka Road,2026.0,Jul-Sep,2434.2,3008.900752,1987.389923
263,Dwarka Road,Commercial potential but limited residential projects.,-0.3291,Neutral,Moderate,Dwarka Road,2026.0,Oct-Dec,2475.6,3060.075056,2021.190737
264,Dwarka Road,Commercial potential but limited residential projects.,-0.3291,Neutral,Moderate,Dwarka Road,2027.0,Jan-Mar,2572.55,3179.914399,2100.34506
265,Dwarka Road,Commercial potential but limited residential projects.,-0.3291,Neutral,Moderate,Dwarka Road,2027.0,Apr-Jun,2599.0,3212.609093,2121.940025
266,Dwarka Road,Commercial potential but limited residential projects.,-0.3291,Neutral,Moderate,Dwarka Road,2027.0,Jul-Sep,2613.7,3230.779679,2133.941764
267,Dwarka Road,Commercial potential but limited residential projects.,-0.3291,Neutral,Moderate,Dwarka Road,2027.0,Oct-Dec,2669.0,3299.135694,2179.091161
268,Dwarka Road,Commercial potential but limited residential projects.,-0.3291,Neutral,Moderate,Dwarka Road,2028.0,Jan-Mar,2810.15,3473.610405,2294.332344
269,Dwarka Road,Commercial potential but limited residential projects.,-0.3291,Neutral,Moderate,Dwarka Road,2028.0,Apr-Jun,2847.65,3519.963941,2324.949024
270,Dwarka Road,Commercial potential but limited residential projects.,-0.3291,Neutral,Moderate,Dwarka Road,2028.0,Jul-Sep,2869.3,3546.725383,2342.625054
271,Dwarka Road,Commercial potential but limited residential projects.,-0.3291,Neutral,Moderate,Dwarka Road,2028.0,Oct-Dec,2964.0,3663.783513,2419.942376
272,Dwarka Road,Commercial potential but limited residential projects.,-0.3291,Neutral,Moderate,Dwarka Road,2029.0,Jan-Mar,3241.9,4007.29412,2646.832385
273,Dwarka Road,Commercial potential but limited residential projects.,-0.3291,Neutral,Moderate,Dwarka Road,2029.0,Apr-Jun,3327.35,4112.918378,2716.597592
274,Dwarka Road,Commercial potential but limited residential projects.,-0.3291,Neutral,Moderate,Dwarka Road,2029.0,Jul-Sep,3457.58,4273.894939,2822.923198
275,Dwarka Road,Commercial potential but limited residential projects.,-0.3291,Neutral,Moderate,Dwarka Road,2029.0,Oct-Dec,3618.51,4472.819595,2954.313659
276,Dwarka Road,Commercial potential but limited residential projects.,-0.3291,Neutral,Moderate,Dwarka Road,2030.0,Jan-Mar,3771.29,4661.670083,3079.050095
277,Dwarka Road,Commercial potential but limited residential projects.,-0.3291,Neutral,Moderate,Dwarka Road,2030.0,Apr-Jun,3870.89,4784.785076,3160.367997
278,Dwarka Road,Commercial potential but limited residential projects.,-0.3291,Neutral,Moderate,Dwarka Road,2030.0,Jul-Sep,3924.51,4851.064452,3204.145767
279,Dwarka Road,Commercial potential but limited residential projects.,-0.3291,Neutral,Moderate,Dwarka Road,2030.0,Oct-Dec,4176.15,5162.115222,3409.595935
280,Dwarka Sector 3,Stable residential market with good amenities.,0.6249,Positive,Moderate,Dwarka Sector 3,2024.0,Jan-Mar,9752.3,11291.97642,8212.784007
281,Dwarka Sector 3,Stable residential market with good amenities.,0.6249,Positive,Moderate,Dwarka Sector 3,2024.0,Apr-Jun,9889.87,11451.26573,8328.636954
282,Dwarka Sector 3,Stable residential market with good amenities.,0.6249,Positive,Moderate,Dwarka Sector 3,2024.0,Jul-Sep,10203.08,11813.92479,8592.403049
283,Dwarka Sector 3,Stable residential market with good amenities.,0.6249,Positive,Moderate,Dwarka Sector 3,2024.0,Oct-Dec,10488.81,12144.76535,8833.027186
284,Dwarka Sector 3,Stable residential market with good amenities.,0.6249,Positive,Moderate,Dwarka Sector 3,2025.0,Jan-Mar,11268.78,13047.87568,9489.869689
285,Dwarka Sector 3,Stable residential market with good amenities.,0.6249,Positive,Moderate,Dwarka Sector 3,2025.0,Apr-Jun,11773.88,13632.72,9915.233675
286,Dwarka Sector 3,Stable residential market with good amenities.,0.6249,Positive,Moderate,Dwarka Sector 3,2025.0,Jul-Sep,12385.91,14341.37625,10430.64749
287,Dwarka Sector 3,Stable residential market with good amenities.,0.6249,Positive,Moderate,Dwarka Sector 3,2025.0,Oct-Dec,13450.29,15573.79874,11327.00251
288,Dwarka Sector 3,Stable residential market with good amenities.,0.6249,Positive,Moderate,Dwarka Sector 3,2026.0,Jan-Mar,8243.79,9545.305443,6942.410167
289,Dwarka Sector 3,Stable residential market with good amenities.,0.6249,Positive,Moderate,Dwarka Sector 3,2026.0,Apr-Jun,8282.51,9590.13849,6975.017757
290,Dwarka Sector 3,Stable residential market with good amenities.,0.6249,Positive,Moderate,Dwarka Sector 3,2026.0,Jul-Sep,8263.02,9567.571442,6958.604484
291,Dwarka Sector 3,Stable residential market with good amenities.,0.6249,Positive,Moderate,Dwarka Sector 3,2026.0,Oct-Dec,8371.3,9692.946503,7049.791204
292,Dwarka Sector 3,Stable residential market with good amenities.,0.6249,Positive,Moderate,Dwarka Sector 3,2027.0,Jan-Mar,8408.51,9736.031154,7081.127165
293,Dwarka Sector 3,Stable residential market with good amenities.,0.6249,Positive,Moderate,Dwarka Sector 3,2027.0,Apr-Jun,8398.37,9724.290268,7072.587884
294,Dwarka Sector 3,Stable residential market with good amenities.,0.6249,Positive,Moderate,Dwarka Sector 3,2027.0,Jul-Sep,8361.29,9681.356142,7041.361401
295,Dwarka Sector 3,Stable residential market with good amenities.,0.6249,Positive,Moderate,Dwarka Sector 3,2027.0,Oct-Dec,8456.25,9791.308264,7121.330841
296,Dwarka Sector 3,Stable residential market with good amenities.,0.6249,Positive,Moderate,Dwarka Sector 3,2028.0,Jan-Mar,8688.3,10059.99392,7316.749002
297,Dwarka Sector 3,Stable residential market with good amenities.,0.6249,Positive,Moderate,Dwarka Sector 3,2028.0,Apr-Jun,8694.08,10066.68646,7321.61656
298,Dwarka Sector 3,Stable residential market with good amenities.,0.6249,Positive,Moderate,Dwarka Sector 3,2028.0,Jul-Sep,8649.11,10014.61667,7283.745607
299,Dwarka Sector 3,Stable residential market with good amenities.,0.6249,Positive,Moderate,Dwarka Sector 3,2028.0,Oct-Dec,8769.59,10154.11785,7385.206413
300,Dwarka Sector 3,Stable residential market with good amenities.,0.6249,Positive,Moderate,Dwarka Sector 3,2029.0,Jan-Mar,9130.52,10572.03086,7689.15934
301,Dwarka Sector 3,Stable residential market with good amenities.,0.6249,Positive,Moderate,Dwarka Sector 3,2029.0,Apr-Jun,9266.81,10729.83809,7803.934351
302,Dwarka Sector 3,Stable residential market with good amenities.,0.6249,Positive,Moderate,Dwarka Sector 3,2029.0,Jul-Sep,9382.05,10863.27198,7900.982353
303,Dwarka Sector 3,Stable residential market with good amenities.,0.6249,Positive,Moderate,Dwarka Sector 3,2029.0,Oct-Dec,9523.41,11026.94966,8020.027003
304,Dwarka Sector 3,Stable residential market with good amenities.,0.6249,Positive,Moderate,Dwarka Sector 3,2030.0,Jan-Mar,9752.3,11291.97642,8212.784007
305,Dwarka Sector 3,Stable residential market with good amenities.,0.6249,Positive,Moderate,Dwarka Sector 3,2030.0,Apr-Jun,9889.87,11451.26573,8328.636954
306,Dwarka Sector 3,Stable residential market with good amenities.,0.6249,Positive,Moderate,Dwarka Sector 3,2030.0,Jul-Sep,10203.08,11813.92479,8592.403049
307,Dwarka Sector 3,Stable residential market with good amenities.,0.6249,Positive,Moderate,Dwarka Sector 3,2030.0,Oct-Dec,10488.81,12144.76535,8833.027186
308,Dwarka Sector 9,0.75 livability and steady property appreciation.,0.5106,Positive,Moderate,Dwarka Sector 9,2024.0,Jan-Mar,10182.6,11784.42435,8580.815168
309,Dwarka Sector 9,0.75 livability and steady property appreciation.,0.5106,Positive,Moderate,Dwarka Sector 9,2024.0,Apr-Jun,10362.77,11992.93688,8732.643332
310,Dwarka Sector 9,0.75 livability and steady property appreciation.,0.5106,Positive,Moderate,Dwarka Sector 9,2024.0,Jul-Sep,10754.85,12446.69497,9063.046767
311,Dwarka Sector 9,0.75 livability and steady property appreciation.,0.5106,Positive,Moderate,Dwarka Sector 9,2024.0,Oct-Dec,11265.8,13038.02249,9493.621228
312,Dwarka Sector 9,0.75 livability and steady property appreciation.,0.5106,Positive,Moderate,Dwarka Sector 9,2025.0,Jan-Mar,11820.56,13680.05176,9961.11411
313,Dwarka Sector 9,0.75 livability and steady property appreciation.,0.5106,Positive,Moderate,Dwarka Sector 9,2025.0,Apr-Jun,12297.5,14232.01917,10363.02855
314,Dwarka Sector 9,0.75 livability and steady property appreciation.,0.5106,Positive,Moderate,Dwarka Sector 9,2025.0,Jul-Sep,12900.62,14930.01595,10871.27411
315,Dwarka Sector 9,0.75 livability and steady property appreciation.,0.5106,Positive,Moderate,Dwarka Sector 9,2025.0,Oct-Dec,13804.35,15975.91168,11632.84189
316,Dwarka Sector 9,0.75 livability and steady property appreciation.,0.5106,Positive,Moderate,Dwarka Sector 9,2026.0,Jan-Mar,8631.26,9989.043123,7273.510373
317,Dwarka Sector 9,0.75 livability and steady property appreciation.,0.5106,Positive,Moderate,Dwarka Sector 9,2026.0,Apr-Jun,8684.42,10050.56572,7318.307982
318,Dwarka Sector 9,0.75 livability and steady property appreciation.,0.5106,Positive,Moderate,Dwarka Sector 9,2026.0,Jul-Sep,8647.56,10007.90728,7287.246284
319,Dwarka Sector 9,0.75 livability and steady property appreciation.,0.5106,Positive,Moderate,Dwarka Sector 9,2026.0,Oct-Dec,8657.57,10019.49195,7295.68165
320,Dwarka Sector 9,0.75 livability and steady property appreciation.,0.5106,Positive,Moderate,Dwarka Sector 9,2027.0,Jan-Mar,8944.98,10352.1144,7537.880312
321,Dwarka Sector 9,0.75 livability and steady property appreciation.,0.5106,Positive,Moderate,Dwarka Sector 9,2027.0,Apr-Jun,8953.54,10362.02098,7545.093772
322,Dwarka Sector 9,0.75 livability and steady property appreciation.,0.5106,Positive,Moderate,Dwarka Sector 9,2027.0,Jul-Sep,8942.04,10348.71191,7535.402791
323,Dwarka Sector 9,0.75 livability and steady property appreciation.,0.5106,Positive,Moderate,Dwarka Sector 9,2027.0,Oct-Dec,8955.76,10364.5902,7546.964552
324,Dwarka Sector 9,0.75 livability and steady property appreciation.,0.5106,Positive,Moderate,Dwarka Sector 9,2028.0,Jan-Mar,9037.5,10459.18872,7615.846354
325,Dwarka Sector 9,0.75 livability and steady property appreciation.,0.5106,Positive,Moderate,Dwarka Sector 9,2028.0,Apr-Jun,9073.92,10501.33795,7646.537266
326,Dwarka Sector 9,0.75 livability and steady property appreciation.,0.5106,Positive,Moderate,Dwarka Sector 9,2028.0,Jul-Sep,9063.41,10489.17462,7637.680553
327,Dwarka Sector 9,0.75 livability and steady property appreciation.,0.5106,Positive,Moderate,Dwarka Sector 9,2028.0,Oct-Dec,9062.18,10487.75113,7636.64404
328,Dwarka Sector 9,0.75 livability and steady property appreciation.,0.5106,Positive,Moderate,Dwarka Sector 9,2029.0,Jan-Mar,9314.41,10779.65942,7849.196729
329,Dwarka Sector 9,0.75 livability and steady property appreciation.,0.5106,Positive,Moderate,Dwarka Sector 9,2029.0,Apr-Jun,9487.2,10979.63101,7994.805812
330,Dwarka Sector 9,0.75 livability and steady property appreciation.,0.5106,Positive,Moderate,Dwarka Sector 9,2029.0,Jul-Sep,9648.44,11166.23566,8130.681781
331,Dwarka Sector 9,0.75 livability and steady property appreciation.,0.5106,Positive,Moderate,Dwarka Sector 9,2029.0,Oct-Dec,9835.87,11383.15027,8288.627903
332,Dwarka Sector 9,0.75 livability and steady property appreciation.,0.5106,Positive,Moderate,Dwarka Sector 9,2030.0,Jan-Mar,10182.6,11784.42435,8580.815168
333,Dwarka Sector 9,0.75 livability and steady property appreciation.,0.5106,Positive,Moderate,Dwarka Sector 9,2030.0,Apr-Jun,10362.77,11992.93688,8732.643332
334,Dwarka Sector 9,0.75 livability and steady property appreciation.,0.5106,Positive,Moderate,Dwarka Sector 9,2030.0,Jul-Sep,10754.85,12446.69497,9063.046767
335,Dwarka Sector 9,0.75 livability and steady property appreciation.,0.5106,Positive,Moderate,Dwarka Sector 9,2030.0,Oct-Dec,11265.8,13038.02249,9493.621228
336,GT Karnal Road,Industrial influence affects residential demand.,-0.128,Neutral,Moderate,GT Karnal Road,2024.0,Jan-Mar,7212.96,8562.720275,5212.665723
337,GT Karnal Road,Industrial influence affects residential demand.,-0.128,Neutral,Moderate,GT Karnal Road,2024.0,Apr-Jun,7224.6,8576.538467,5221.077724
338,GT Karnal Road,Industrial influence affects residential demand.,-0.128,Neutral,Moderate,GT Karnal Road,2024.0,Jul-Sep,7228.83,8581.560026,5224.134663
339,GT Karnal Road,Industrial influence affects residential demand.,-0.128,Neutral,Moderate,GT Karnal Road,2024.0,Oct-Dec,7398.98,8783.550174,5347.098754
340,GT Karnal Road,Industrial influence affects residential demand.,-0.128,Neutral,Moderate,GT Karnal Road,2025.0,Jan-Mar,7348.8,8723.979997,5310.834645
341,GT Karnal Road,Industrial influence affects residential demand.,-0.128,Neutral,Moderate,GT Karnal Road,2025.0,Apr-Jun,7391.05,8774.136234,5341.367897
342,GT Karnal Road,Industrial influence affects residential demand.,-0.128,Neutral,Moderate,GT Karnal Road,2025.0,Jul-Sep,7094.07,8421.582405,5126.746235
343,GT Karnal Road,Industrial influence affects residential demand.,-0.128,Neutral,Moderate,GT Karnal Road,2025.0,Oct-Dec,6925.58,8221.562893,5004.981793
344,GT Karnal Road,Industrial influence affects residential demand.,-0.128,Neutral,Moderate,GT Karnal Road,2026.0,Jan-Mar,5489.6,6516.86814,3967.227012
345,GT Karnal Road,Industrial influence affects residential demand.,-0.128,Neutral,Moderate,GT Karnal Road,2026.0,Apr-Jun,5505.7,6535.980931,3978.862169
346,GT Karnal Road,Industrial influence affects residential demand.,-0.128,Neutral,Moderate,GT Karnal Road,2026.0,Jul-Sep,5526.8,6561.029371,3994.110728
347,GT Karnal Road,Industrial influence affects residential demand.,-0.128,Neutral,Moderate,GT Karnal Road,2026.0,Oct-Dec,5577.6,6621.335569,4030.822899
348,GT Karnal Road,Industrial influence affects residential demand.,-0.128,Neutral,Moderate,GT Karnal Road,2027.0,Jan-Mar,5674.5,6736.368453,4100.850642
349,GT Karnal Road,Industrial influence affects residential demand.,-0.128,Neutral,Moderate,GT Karnal Road,2027.0,Apr-Jun,5700.7,6767.471256,4119.784871
350,GT Karnal Road,Industrial influence affects residential demand.,-0.128,Neutral,Moderate,GT Karnal Road,2027.0,Jul-Sep,5701.4,6768.302247,4120.290748
351,GT Karnal Road,Industrial influence affects residential demand.,-0.128,Neutral,Moderate,GT Karnal Road,2027.0,Oct-Dec,5716.9,6786.70276,4131.492296
352,GT Karnal Road,Industrial influence affects residential demand.,-0.128,Neutral,Moderate,GT Karnal Road,2028.0,Jan-Mar,6055.3,7188.427508,4376.047386
353,GT Karnal Road,Industrial influence affects residential demand.,-0.128,Neutral,Moderate,GT Karnal Road,2028.0,Apr-Jun,6071.3,7207.421586,4387.610274
354,GT Karnal Road,Industrial influence affects residential demand.,-0.128,Neutral,Moderate,GT Karnal Road,2028.0,Jul-Sep,6088.0,7227.246655,4399.679039
355,GT Karnal Road,Industrial influence affects residential demand.,-0.128,Neutral,Moderate,GT Karnal Road,2028.0,Oct-Dec,6115.7,7260.130153,4419.697289
356,GT Karnal Road,Industrial influence affects residential demand.,-0.128,Neutral,Moderate,GT Karnal Road,2029.0,Jan-Mar,6436.07,7640.450949,4651.222449
357,GT Karnal Road,Industrial influence affects residential demand.,-0.128,Neutral,Moderate,GT Karnal Road,2029.0,Apr-Jun,6514.87,7733.996783,4708.169675
358,GT Karnal Road,Industrial influence affects residential demand.,-0.128,Neutral,Moderate,GT Karnal Road,2029.0,Jul-Sep,6620.84,7859.796936,4784.75213
359,GT Karnal Road,Industrial influence affects residential demand.,-0.128,Neutral,Moderate,GT Karnal Road,2029.0,Oct-Dec,6756.25,8020.546191,4882.6103
360,GT Karnal Road,Industrial influence affects residential demand.,-0.128,Neutral,Moderate,GT Karnal Road,2030.0,Jan-Mar,7212.96,8562.720275,5212.665723
361,GT Karnal Road,Industrial influence affects residential demand.,-0.128,Neutral,Moderate,GT Karnal Road,2030.0,Apr-Jun,7224.6,8576.538467,5221.077724
362,GT Karnal Road,Industrial influence affects residential demand.,-0.128,Neutral,Moderate,GT Karnal Road,2030.0,Jul-Sep,7228.83,8581.560026,5224.134663
363,GT Karnal Road,Industrial influence affects residential demand.,-0.128,Neutral,Moderate,GT Karnal Road,2030.0,Oct-Dec,7398.98,8783.550174,5347.098754
364,Indraprastha,Central location with excellent infrastructure.,0.5719,Positive,Moderate,Indraprastha,2024.0,Jan-Mar,9991.34,11710.87717,8056.497619
365,Indraprastha,Central location with excellent infrastructure.,0.5719,Positive,Moderate,Indraprastha,2024.0,Apr-Jun,10095.01,11832.38907,8140.091723
366,Indraprastha,Central location with excellent infrastructure.,0.5719,Positive,Moderate,Indraprastha,2024.0,Jul-Sep,10419.22,12212.3965,8401.517827
367,Indraprastha,Central location with excellent infrastructure.,0.5719,Positive,Moderate,Indraprastha,2024.0,Oct-Dec,10695.22,12535.89686,8624.069892
368,Indraprastha,Central location with excellent infrastructure.,0.5719,Positive,Moderate,Indraprastha,2025.0,Jan-Mar,10700.86,12542.50752,8628.617695
369,Indraprastha,Central location with excellent infrastructure.,0.5719,Positive,Moderate,Indraprastha,2025.0,Apr-Jun,10935.33,12817.33046,8817.682124
370,Indraprastha,Central location with excellent infrastructure.,0.5719,Positive,Moderate,Indraprastha,2025.0,Jul-Sep,11494.09,13472.25459,9268.237166
371,Indraprastha,Central location with excellent infrastructure.,0.5719,Positive,Moderate,Indraprastha,2025.0,Oct-Dec,12135.36,14223.88893,9785.323986
372,Indraprastha,Central location with excellent infrastructure.,0.5719,Positive,Moderate,Indraprastha,2026.0,Jan-Mar,7820.5,9166.429622,6306.044998
373,Indraprastha,Central location with excellent infrastructure.,0.5719,Positive,Moderate,Indraprastha,2026.0,Apr-Jun,7826.8,9173.813869,6311.124991
374,Indraprastha,Central location with excellent infrastructure.,0.5719,Positive,Moderate,Indraprastha,2026.0,Jul-Sep,7993.4,9369.086188,6445.462578
375,Indraprastha,Central location with excellent infrastructure.,0.5719,Positive,Moderate,Indraprastha,2026.0,Oct-Dec,8048.5,9433.66905,6489.892356
376,Indraprastha,Central location with excellent infrastructure.,0.5719,Positive,Moderate,Indraprastha,2027.0,Jan-Mar,8299.6,9727.984053,6692.366354
377,Indraprastha,Central location with excellent infrastructure.,0.5719,Positive,Moderate,Indraprastha,2027.0,Apr-Jun,8346.8,9783.307303,6730.425982
378,Indraprastha,Central location with excellent infrastructure.,0.5719,Positive,Moderate,Indraprastha,2027.0,Jul-Sep,8469.6,9927.241522,6829.445524
379,Indraprastha,Central location with excellent infrastructure.,0.5719,Positive,Moderate,Indraprastha,2027.0,Oct-Dec,8538.1,10007.53056,6884.680366
380,Indraprastha,Central location with excellent infrastructure.,0.5719,Positive,Moderate,Indraprastha,2028.0,Jan-Mar,8805.6,10321.06805,7100.378472
381,Indraprastha,Central location with excellent infrastructure.,0.5719,Positive,Moderate,Indraprastha,2028.0,Apr-Jun,8881.3,10409.79623,7161.41902
382,Indraprastha,Central location with excellent infrastructure.,0.5719,Positive,Moderate,Indraprastha,2028.0,Jul-Sep,8993.2,10540.95453,7251.649368
383,Indraprastha,Central location with excellent infrastructure.,0.5719,Positive,Moderate,Indraprastha,2028.0,Oct-Dec,9174.7,10753.69118,7398.00154
384,Indraprastha,Central location with excellent infrastructure.,0.5719,Positive,Moderate,Indraprastha,2029.0,Jan-Mar,9484.86,11117.23057,7648.098454
385,Indraprastha,Central location with excellent infrastructure.,0.5719,Positive,Moderate,Indraprastha,2029.0,Apr-Jun,9567.32,11213.88216,7714.589915
386,Indraprastha,Central location with excellent infrastructure.,0.5719,Positive,Moderate,Indraprastha,2029.0,Jul-Sep,9788.82,11473.50292,7893.196011
387,Indraprastha,Central location with excellent infrastructure.,0.5719,Positive,Moderate,Indraprastha,2029.0,Oct-Dec,10043.07,11771.51005,8098.210005
388,Indraprastha,Central location with excellent infrastructure.,0.5719,Positive,Moderate,Indraprastha,2030.0,Jan-Mar,9991.34,11710.87717,8056.497619
389,Indraprastha,Central location with excellent infrastructure.,0.5719,Positive,Moderate,Indraprastha,2030.0,Apr-Jun,10095.01,11832.38907,8140.091723
390,Indraprastha,Central location with excellent infrastructure.,0.5719,Positive,Moderate,Indraprastha,2030.0,Jul-Sep,10419.22,12212.3965,8401.517827
391,Indraprastha,Central location with excellent infrastructure.,0.5719,Positive,Moderate,Indraprastha,2030.0,Oct-Dec,10695.22,12535.89686,8624.069892
392,IP Extension,Growing area but faces traffic congestion issues.,0.09,Negative,Moderate,IP Extension,2024.0,Jan-Mar,11212.39,13510.72142,8913.938966
393,IP Extension,Growing area but faces traffic congestion issues.,0.09,Negative,Moderate,IP Extension,2024.0,Apr-Jun,11201.82,13497.98476,8905.535732
394,IP Extension,Growing area but faces traffic congestion issues.,0.09,Negative,Moderate,IP Extension,2024.0,Jul-Sep,11298.92,13614.98846,8982.731002
395,IP Extension,Growing area but faces traffic congestion issues.,0.09,Negative,Moderate,IP Extension,2024.0,Oct-Dec,11529.29,13892.58002,9165.876979
396,IP Extension,Growing area but faces traffic congestion issues.,0.09,Negative,Moderate,IP Extension,2025.0,Jan-Mar,11657.37,14046.91404,9267.701594
397,IP Extension,Growing area but faces traffic congestion issues.,0.09,Negative,Moderate,IP Extension,2025.0,Apr-Jun,11794.45,14212.09289,9376.681282
398,IP Extension,Growing area but faces traffic congestion issues.,0.09,Negative,Moderate,IP Extension,2025.0,Jul-Sep,12401.38,14943.43225,9859.195445
399,IP Extension,Growing area but faces traffic congestion issues.,0.09,Negative,Moderate,IP Extension,2025.0,Oct-Dec,12960.47,15617.12531,10303.67643
400,IP Extension,Growing area but faces traffic congestion issues.,0.09,Negative,Moderate,IP Extension,2026.0,Jan-Mar,10454.28,12597.21297,8311.235504
401,IP Extension,Growing area but faces traffic congestion issues.,0.09,Negative,Moderate,IP Extension,2026.0,Apr-Jun,10458.82,12602.68358,8314.84484
402,IP Extension,Growing area but faces traffic congestion issues.,0.09,Negative,Moderate,IP Extension,2026.0,Jul-Sep,10455.31,12598.4541,8312.054362
403,IP Extension,Growing area but faces traffic congestion issues.,0.09,Negative,Moderate,IP Extension,2026.0,Oct-Dec,10486.12,12635.57957,8336.548556
404,IP Extension,Growing area but faces traffic congestion issues.,0.09,Negative,Moderate,IP Extension,2027.0,Jan-Mar,10412.69,12547.09779,8278.171124
405,IP Extension,Growing area but faces traffic congestion issues.,0.09,Negative,Moderate,IP Extension,2027.0,Apr-Jun,10413.35,12547.89308,8278.695829
406,IP Extension,Growing area but faces traffic congestion issues.,0.09,Negative,Moderate,IP Extension,2027.0,Jul-Sep,10370.81,12496.63317,8244.876192
407,IP Extension,Growing area but faces traffic congestion issues.,0.09,Negative,Moderate,IP Extension,2027.0,Oct-Dec,10350.69,12472.38894,8228.880632
408,IP Extension,Growing area but faces traffic congestion issues.,0.09,Negative,Moderate,IP Extension,2028.0,Jan-Mar,10470.22,12616.42037,8323.90793
409,IP Extension,Growing area but faces traffic congestion issues.,0.09,Negative,Moderate,IP Extension,2028.0,Apr-Jun,10477.41,12625.08419,8329.624037
410,IP Extension,Growing area but faces traffic congestion issues.,0.09,Negative,Moderate,IP Extension,2028.0,Jul-Sep,10547.87,12709.98718,8385.640296
411,IP Extension,Growing area but faces traffic congestion issues.,0.09,Negative,Moderate,IP Extension,2028.0,Oct-Dec,10530.63,12689.2133,8371.934359
412,IP Extension,Growing area but faces traffic congestion issues.,0.09,Negative,Moderate,IP Extension,2029.0,Jan-Mar,10878.88,13108.84807,8648.795871
413,IP Extension,Growing area but faces traffic congestion issues.,0.09,Negative,Moderate,IP Extension,2029.0,Apr-Jun,10790.12,13001.89392,8578.230967
414,IP Extension,Growing area but faces traffic congestion issues.,0.09,Negative,Moderate,IP Extension,2029.0,Jul-Sep,10841.46,13063.75767,8619.046674
415,IP Extension,Growing area but faces traffic congestion issues.,0.09,Negative,Moderate,IP Extension,2029.0,Oct-Dec,10932.83,13173.85682,8691.686549
416,IP Extension,Growing area but faces traffic congestion issues.,0.09,Negative,Moderate,IP Extension,2030.0,Jan-Mar,11212.39,13510.72142,8913.938966
417,IP Extension,Growing area but faces traffic congestion issues.,0.09,Negative,Moderate,IP Extension,2030.0,Apr-Jun,11201.82,13497.98476,8905.535732
418,IP Extension,Growing area but faces traffic congestion issues.,0.09,Negative,Moderate,IP Extension,2030.0,Jul-Sep,11298.92,13614.98846,8982.731002
419,IP Extension,Growing area but faces traffic congestion issues.,0.09,Negative,Moderate,IP Extension,2030.0,Oct-Dec,11529.29,13892.58002,9165.876979
420,Jamia Nagar,0.75 population density and rental pressure.,-0.296,Neutral,Moderate,Jamia Nagar,2024.0,Jan-Mar,4730.25,5939.602959,3521.172117
421,Jamia Nagar,0.75 population density and rental pressure.,-0.296,Neutral,Moderate,Jamia Nagar,2024.0,Apr-Jun,4426.95,5558.760175,3295.397263
422,Jamia Nagar,0.75 population density and rental pressure.,-0.296,Neutral,Moderate,Jamia Nagar,2024.0,Jul-Sep,4835.9,6072.263823,3599.817397
423,Jamia Nagar,0.75 population density and rental pressure.,-0.296,Neutral,Moderate,Jamia Nagar,2024.0,Oct-Dec,4986.46,6261.316542,3711.893434
424,Jamia Nagar,0.75 population density and rental pressure.,-0.296,Neutral,Moderate,Jamia Nagar,2025.0,Jan-Mar,5731.02,7196.233466,4266.139808
425,Jamia Nagar,0.75 population density and rental pressure.,-0.296,Neutral,Moderate,Jamia Nagar,2025.0,Apr-Jun,5844.47,7338.688506,4350.591365
426,Jamia Nagar,0.75 population density and rental pressure.,-0.296,Neutral,Moderate,Jamia Nagar,2025.0,Jul-Sep,6265.32,7867.134551,4663.869793
427,Jamia Nagar,0.75 population density and rental pressure.,-0.296,Neutral,Moderate,Jamia Nagar,2025.0,Oct-Dec,6675.8,8382.559365,4969.42885
428,Jamia Nagar,0.75 population density and rental pressure.,-0.296,Neutral,Moderate,Jamia Nagar,2026.0,Jan-Mar,4469.72,5612.46491,3327.235016
429,Jamia Nagar,0.75 population density and rental pressure.,-0.296,Neutral,Moderate,Jamia Nagar,2026.0,Apr-Jun,4283.85,5379.074708,3188.874409
430,Jamia Nagar,0.75 population density and rental pressure.,-0.296,Neutral,Moderate,Jamia Nagar,2026.0,Jul-Sep,4331.32,5438.681061,3224.210816
431,Jamia Nagar,0.75 population density and rental pressure.,-0.296,Neutral,Moderate,Jamia Nagar,2026.0,Oct-Dec,4341.99,5452.078992,3232.153506
432,Jamia Nagar,0.75 population density and rental pressure.,-0.296,Neutral,Moderate,Jamia Nagar,2027.0,Jan-Mar,4391.5,5514.246899,3269.008478
433,Jamia Nagar,0.75 population density and rental pressure.,-0.296,Neutral,Moderate,Jamia Nagar,2027.0,Apr-Jun,4325.53,5431.410769,3219.900772
434,Jamia Nagar,0.75 population density and rental pressure.,-0.296,Neutral,Moderate,Jamia Nagar,2027.0,Jul-Sep,4367.38,5483.960292,3251.053682
435,Jamia Nagar,0.75 population density and rental pressure.,-0.296,Neutral,Moderate,Jamia Nagar,2027.0,Oct-Dec,4380.87,5500.899195,3261.095564
436,Jamia Nagar,0.75 population density and rental pressure.,-0.296,Neutral,Moderate,Jamia Nagar,2028.0,Jan-Mar,4444.04,5580.219467,3308.118965
437,Jamia Nagar,0.75 population density and rental pressure.,-0.296,Neutral,Moderate,Jamia Nagar,2028.0,Apr-Jun,4527.85,5685.456637,3370.506669
438,Jamia Nagar,0.75 population density and rental pressure.,-0.296,Neutral,Moderate,Jamia Nagar,2028.0,Jul-Sep,4509.16,5661.988284,3356.593936
439,Jamia Nagar,0.75 population density and rental pressure.,-0.296,Neutral,Moderate,Jamia Nagar,2028.0,Oct-Dec,4498.8,5648.979608,3348.882008
440,Jamia Nagar,0.75 population density and rental pressure.,-0.296,Neutral,Moderate,Jamia Nagar,2029.0,Jan-Mar,4421.4,5551.791242,3291.265874
441,Jamia Nagar,0.75 population density and rental pressure.,-0.296,Neutral,Moderate,Jamia Nagar,2029.0,Apr-Jun,4367.91,5484.625794,3251.448211
442,Jamia Nagar,0.75 population density and rental pressure.,-0.296,Neutral,Moderate,Jamia Nagar,2029.0,Jul-Sep,4744.46,5957.44594,3531.749963
443,Jamia Nagar,0.75 population density and rental pressure.,-0.296,Neutral,Moderate,Jamia Nagar,2029.0,Oct-Dec,4766.55,5985.183549,3548.193638
444,Jamia Nagar,0.75 population density and rental pressure.,-0.296,Neutral,Moderate,Jamia Nagar,2030.0,Jan-Mar,4730.25,5939.602959,3521.172117
445,Jamia Nagar,0.75 population density and rental pressure.,-0.296,Neutral,Moderate,Jamia Nagar,2030.0,Apr-Jun,4426.95,5558.760175,3295.397263
446,Jamia Nagar,0.75 population density and rental pressure.,-0.296,Neutral,Moderate,Jamia Nagar,2030.0,Jul-Sep,4835.9,6072.263823,3599.817397
447,Jamia Nagar,0.75 population density and rental pressure.,-0.296,Neutral,Moderate,Jamia Nagar,2030.0,Oct-Dec,4986.46,6261.316542,3711.893434
448,Janakpuri,Well-developed with steady real estate market.,0.0,Negative,Moderate,Janakpuri,2024.0,Jan-Mar,10803.2,13412.56162,8193.569726
449,Janakpuri,Well-developed with steady real estate market.,0.0,Negative,Moderate,Janakpuri,2024.0,Apr-Jun,11074.15,13748.9558,8399.068812
450,Janakpuri,Well-developed with steady real estate market.,0.0,Negative,Moderate,Janakpuri,2024.0,Jul-Sep,11879.1,14748.33019,9009.574398
451,Janakpuri,Well-developed with steady real estate market.,0.0,Negative,Moderate,Janakpuri,2024.0,Oct-Dec,11999.65,14897.99736,9101.004236
452,Janakpuri,Well-developed with steady real estate market.,0.0,Negative,Moderate,Janakpuri,2025.0,Jan-Mar,12300.59,15271.6252,9329.248911
453,Janakpuri,Well-developed with steady real estate market.,0.0,Negative,Moderate,Janakpuri,2025.0,Apr-Jun,12518.24,15541.84551,9494.32319
454,Janakpuri,Well-developed with steady real estate market.,0.0,Negative,Moderate,Janakpuri,2025.0,Jul-Sep,12924.03,16045.6484,9802.090209
455,Janakpuri,Well-developed with steady real estate market.,0.0,Negative,Moderate,Janakpuri,2025.0,Oct-Dec,13704.79,17014.99004,10394.24915
456,Janakpuri,Well-developed with steady real estate market.,0.0,Negative,Moderate,Janakpuri,2026.0,Jan-Mar,10022.05,12442.73578,7601.114992
457,Janakpuri,Well-developed with steady real estate market.,0.0,Negative,Moderate,Janakpuri,2026.0,Apr-Jun,9981.31,12392.1556,7570.216181
458,Janakpuri,Well-developed with steady real estate market.,0.0,Negative,Moderate,Janakpuri,2026.0,Jul-Sep,9601.73,11920.89337,7282.327852
459,Janakpuri,Well-developed with steady real estate market.,0.0,Negative,Moderate,Janakpuri,2026.0,Oct-Dec,9634.01,11960.97015,7306.810267
460,Janakpuri,Well-developed with steady real estate market.,0.0,Negative,Moderate,Janakpuri,2027.0,Jan-Mar,10053.9,12482.2787,7625.271278
461,Janakpuri,Well-developed with steady real estate market.,0.0,Negative,Moderate,Janakpuri,2027.0,Apr-Jun,10012.36,12430.7053,7593.765716
462,Janakpuri,Well-developed with steady real estate market.,0.0,Negative,Moderate,Janakpuri,2027.0,Jul-Sep,10017.3,12436.83848,7597.512406
463,Janakpuri,Well-developed with steady real estate market.,0.0,Negative,Moderate,Janakpuri,2027.0,Oct-Dec,9928.38,12326.4411,7530.071997
464,Janakpuri,Well-developed with steady real estate market.,0.0,Negative,Moderate,Janakpuri,2028.0,Jan-Mar,9953.52,12357.65332,7549.139157
465,Janakpuri,Well-developed with steady real estate market.,0.0,Negative,Moderate,Janakpuri,2028.0,Apr-Jun,9793.53,12159.01998,7427.796479
466,Janakpuri,Well-developed with steady real estate market.,0.0,Negative,Moderate,Janakpuri,2028.0,Jul-Sep,9810.06,12179.54257,7440.333478
467,Janakpuri,Well-developed with steady real estate market.,0.0,Negative,Moderate,Janakpuri,2028.0,Oct-Dec,9788.9,12153.27166,7424.284906
468,Janakpuri,Well-developed with steady real estate market.,0.0,Negative,Moderate,Janakpuri,2029.0,Jan-Mar,10544.24,13091.05346,7997.164326
469,Janakpuri,Well-developed with steady real estate market.,0.0,Negative,Moderate,Janakpuri,2029.0,Apr-Jun,10709.1,13295.73308,8122.200603
470,Janakpuri,Well-developed with steady real estate market.,0.0,Negative,Moderate,Janakpuri,2029.0,Jul-Sep,10614.72,13178.55692,8050.619117
471,Janakpuri,Well-developed with steady real estate market.,0.0,Negative,Moderate,Janakpuri,2029.0,Oct-Dec,11080.39,13756.70298,8403.801472
472,Janakpuri,Well-developed with steady real estate market.,0.0,Negative,Moderate,Janakpuri,2030.0,Jan-Mar,10803.2,13412.56162,8193.569726
473,Janakpuri,Well-developed with steady real estate market.,0.0,Negative,Moderate,Janakpuri,2030.0,Apr-Jun,11074.15,13748.9558,8399.068812
474,Janakpuri,Well-developed with steady real estate market.,0.0,Negative,Moderate,Janakpuri,2030.0,Jul-Sep,11879.1,14748.33019,9009.574398
475,Janakpuri,Well-developed with steady real estate market.,0.0,Negative,Moderate,Janakpuri,2030.0,Oct-Dec,11999.65,14897.99736,9101.004236
476,Jasola,Proximity to business hubs keeps demand stable.,0.1779,Positive,Moderate,Jasola,2024.0,Jan-Mar,10314.29,12626.03264,7990.920119
477,Jasola,Proximity to business hubs keeps demand stable.,0.1779,Positive,Moderate,Jasola,2024.0,Apr-Jun,10529.89,12889.95508,8157.954629
478,Jasola,Proximity to business hubs keeps demand stable.,0.1779,Positive,Moderate,Jasola,2024.0,Jul-Sep,11612.42,14215.11262,8996.636764
479,Jasola,Proximity to business hubs keeps demand stable.,0.1779,Positive,Moderate,Jasola,2024.0,Oct-Dec,11869.83,14530.21594,9196.063263
480,Jasola,Proximity to business hubs keeps demand stable.,0.1779,Positive,Moderate,Jasola,2025.0,Jan-Mar,12281.43,15034.06788,9514.947328
481,Jasola,Proximity to business hubs keeps demand stable.,0.1779,Positive,Moderate,Jasola,2025.0,Apr-Jun,12442.14,15230.79783,9639.456216
482,Jasola,Proximity to business hubs keeps demand stable.,0.1779,Positive,Moderate,Jasola,2025.0,Jul-Sep,12896.78,15787.33632,9991.685203
483,Jasola,Proximity to business hubs keeps demand stable.,0.1779,Positive,Moderate,Jasola,2025.0,Oct-Dec,13632.06,16687.41469,10561.33796
484,Jasola,Proximity to business hubs keeps demand stable.,0.1779,Positive,Moderate,Jasola,2026.0,Jan-Mar,9332.11,11423.71655,7229.983407
485,Jasola,Proximity to business hubs keeps demand stable.,0.1779,Positive,Moderate,Jasola,2026.0,Apr-Jun,9390.42,11495.09558,7275.158649
486,Jasola,Proximity to business hubs keeps demand stable.,0.1779,Positive,Moderate,Jasola,2026.0,Jul-Sep,9515.95,11648.76063,7372.412091
487,Jasola,Proximity to business hubs keeps demand stable.,0.1779,Positive,Moderate,Jasola,2026.0,Oct-Dec,9463.24,11584.23673,7331.575407
488,Jasola,Proximity to business hubs keeps demand stable.,0.1779,Positive,Moderate,Jasola,2027.0,Jan-Mar,9610.13,11764.0492,7445.377352
489,Jasola,Proximity to business hubs keeps demand stable.,0.1779,Positive,Moderate,Jasola,2027.0,Apr-Jun,9584.5,11732.67475,7425.520698
490,Jasola,Proximity to business hubs keeps demand stable.,0.1779,Positive,Moderate,Jasola,2027.0,Jul-Sep,9703.92,11878.86036,7518.040463
491,Jasola,Proximity to business hubs keeps demand stable.,0.1779,Positive,Moderate,Jasola,2027.0,Oct-Dec,9819.98,12020.9329,7607.957092
492,Jasola,Proximity to business hubs keeps demand stable.,0.1779,Positive,Moderate,Jasola,2028.0,Jan-Mar,9948.99,12178.85792,7707.906638
493,Jasola,Proximity to business hubs keeps demand stable.,0.1779,Positive,Moderate,Jasola,2028.0,Apr-Jun,9583.09,11730.94872,7424.428311
494,Jasola,Proximity to business hubs keeps demand stable.,0.1779,Positive,Moderate,Jasola,2028.0,Jul-Sep,9450.31,11568.40873,7321.557985
495,Jasola,Proximity to business hubs keeps demand stable.,0.1779,Positive,Moderate,Jasola,2028.0,Oct-Dec,9474.51,11598.03268,7340.306757
496,Jasola,Proximity to business hubs keeps demand stable.,0.1779,Positive,Moderate,Jasola,2029.0,Jan-Mar,9333.28,11425.14879,7230.889856
497,Jasola,Proximity to business hubs keeps demand stable.,0.1779,Positive,Moderate,Jasola,2029.0,Apr-Jun,9541.93,11680.56353,7392.539905
498,Jasola,Proximity to business hubs keeps demand stable.,0.1779,Positive,Moderate,Jasola,2029.0,Jul-Sep,9737.09,11919.46475,7543.738675
499,Jasola,Proximity to business hubs keeps demand stable.,0.1779,Positive,Moderate,Jasola,2029.0,Oct-Dec,10756.94,13167.89382,8333.859943
500,Jasola,Proximity to business hubs keeps demand stable.,0.1779,Positive,Moderate,Jasola,2030.0,Jan-Mar,10314.29,12626.03264,7990.920119
501,Jasola,Proximity to business hubs keeps demand stable.,0.1779,Positive,Moderate,Jasola,2030.0,Apr-Jun,10529.89,12889.95508,8157.954629
502,Jasola,Proximity to business hubs keeps demand stable.,0.1779,Positive,Moderate,Jasola,2030.0,Jul-Sep,11612.42,14215.11262,8996.636764
503,Jasola,Proximity to business hubs keeps demand stable.,0.1779,Positive,Moderate,Jasola,2030.0,Oct-Dec,11869.83,14530.21594,9196.063263
504,Jasola Vihar,Mixed residential and commercial development.,0.0,Negative,High,Jasola Vihar,2024.0,Jan-Mar,11321.34,13603.26593,9064.52434
505,Jasola Vihar,Mixed residential and commercial development.,0.0,Negative,High,Jasola Vihar,2024.0,Apr-Jun,11489.96,13805.87293,9199.531335
506,Jasola Vihar,Mixed residential and commercial development.,0.0,Negative,High,Jasola Vihar,2024.0,Jul-Sep,12116.03,14558.13341,9700.79945
507,Jasola Vihar,Mixed residential and commercial development.,0.0,Negative,High,Jasola Vihar,2024.0,Oct-Dec,12377.68,14872.52151,9910.291682
508,Jasola Vihar,Mixed residential and commercial development.,0.0,Negative,High,Jasola Vihar,2025.0,Jan-Mar,12899.14,15499.08683,10327.80294
509,Jasola Vihar,Mixed residential and commercial development.,0.0,Negative,High,Jasola Vihar,2025.0,Apr-Jun,13004.74,15625.97153,10412.35245
510,Jasola Vihar,Mixed residential and commercial development.,0.0,Negative,High,Jasola Vihar,2025.0,Jul-Sep,13048.47,15678.51574,10447.36523
511,Jasola Vihar,Mixed residential and commercial development.,0.0,Negative,High,Jasola Vihar,2025.0,Oct-Dec,13669.02,16424.14361,10944.21371
512,Jasola Vihar,Mixed residential and commercial development.,0.0,Negative,High,Jasola Vihar,2026.0,Jan-Mar,9440.23,11342.99996,7558.398088
513,Jasola Vihar,Mixed residential and commercial development.,0.0,Negative,High,Jasola Vihar,2026.0,Apr-Jun,9611.84,11549.19962,7695.799051
514,Jasola Vihar,Mixed residential and commercial development.,0.0,Negative,High,Jasola Vihar,2026.0,Jul-Sep,9857.86,11844.80733,7892.776996
515,Jasola Vihar,Mixed residential and commercial development.,0.0,Negative,High,Jasola Vihar,2026.0,Oct-Dec,9526.26,11446.37014,7627.278718
516,Jasola Vihar,Mixed residential and commercial development.,0.0,Negative,High,Jasola Vihar,2027.0,Jan-Mar,9585.71,11517.80286,7674.877851
517,Jasola Vihar,Mixed residential and commercial development.,0.0,Negative,High,Jasola Vihar,2027.0,Apr-Jun,9560.69,11487.73984,7654.845382
518,Jasola Vihar,Mixed residential and commercial development.,0.0,Negative,High,Jasola Vihar,2027.0,Jul-Sep,9702.64,11658.30124,7768.498821
519,Jasola Vihar,Mixed residential and commercial development.,0.0,Negative,High,Jasola Vihar,2027.0,Oct-Dec,9781.22,11752.7198,7831.414547
520,Jasola Vihar,Mixed residential and commercial development.,0.0,Negative,High,Jasola Vihar,2028.0,Jan-Mar,10016.0,12034.82199,8019.393092
521,Jasola Vihar,Mixed residential and commercial development.,0.0,Negative,High,Jasola Vihar,2028.0,Apr-Jun,9834.39,11816.60673,7873.985546
522,Jasola Vihar,Mixed residential and commercial development.,0.0,Negative,High,Jasola Vihar,2028.0,Jul-Sep,9776.7,11747.28875,7827.795572
523,Jasola Vihar,Mixed residential and commercial development.,0.0,Negative,High,Jasola Vihar,2028.0,Oct-Dec,9899.49,11894.82826,7926.108399
524,Jasola Vihar,Mixed residential and commercial development.,0.0,Negative,High,Jasola Vihar,2029.0,Jan-Mar,10094.08,12128.63977,8081.908489
525,Jasola Vihar,Mixed residential and commercial development.,0.0,Negative,High,Jasola Vihar,2029.0,Apr-Jun,10205.29,12262.26522,8170.949694
526,Jasola Vihar,Mixed residential and commercial development.,0.0,Negative,High,Jasola Vihar,2029.0,Jul-Sep,10668.92,12819.34435,8542.158881
527,Jasola Vihar,Mixed residential and commercial development.,0.0,Negative,High,Jasola Vihar,2029.0,Oct-Dec,11150.2,13397.631,8927.499686
528,Jasola Vihar,Mixed residential and commercial development.,0.0,Negative,High,Jasola Vihar,2030.0,Jan-Mar,11321.34,13603.26593,9064.52434
529,Jasola Vihar,Mixed residential and commercial development.,0.0,Negative,High,Jasola Vihar,2030.0,Apr-Jun,11489.96,13805.87293,9199.531335
530,Jasola Vihar,Mixed residential and commercial development.,0.0,Negative,High,Jasola Vihar,2030.0,Jul-Sep,12116.03,14558.13341,9700.79945
531,Jasola Vihar,Mixed residential and commercial development.,0.0,Negative,High,Jasola Vihar,2030.0,Oct-Dec,12377.68,14872.52151,9910.291682
532,Kakrola,Developing area with growing demand but limited facilities.,-0.3071,Neutral,Moderate,Kakrola,2024.0,Jan-Mar,10773.0,12559.42626,8986.615267
533,Kakrola,Developing area with growing demand but limited facilities.,-0.3071,Neutral,Moderate,Kakrola,2024.0,Apr-Jun,10779.37,12566.85256,8991.92899
534,Kakrola,Developing area with growing demand but limited facilities.,-0.3071,Neutral,Moderate,Kakrola,2024.0,Jul-Sep,11182.38,13036.69145,9328.111652
535,Kakrola,Developing area with growing demand but limited facilities.,-0.3071,Neutral,Moderate,Kakrola,2024.0,Oct-Dec,11662.81,13596.78847,9728.876488
536,Kakrola,Developing area with growing demand but limited facilities.,-0.3071,Neutral,Moderate,Kakrola,2025.0,Jan-Mar,12663.4,14763.30071,10563.54811
537,Kakrola,Developing area with growing demand but limited facilities.,-0.3071,Neutral,Moderate,Kakrola,2025.0,Apr-Jun,12563.49,14646.82319,10480.20524
538,Kakrola,Developing area with growing demand but limited facilities.,-0.3071,Neutral,Moderate,Kakrola,2025.0,Jul-Sep,13009.67,15166.99072,10852.39943
539,Kakrola,Developing area with growing demand but limited facilities.,-0.3071,Neutral,Moderate,Kakrola,2025.0,Oct-Dec,13779.7,16064.71048,11494.74263
540,Kakrola,Developing area with growing demand but limited facilities.,-0.3071,Neutral,Moderate,Kakrola,2026.0,Jan-Mar,8869.03,10339.73158,7398.362611
541,Kakrola,Developing area with growing demand but limited facilities.,-0.3071,Neutral,Moderate,Kakrola,2026.0,Apr-Jun,8873.48,10344.9195,7402.074709
542,Kakrola,Developing area with growing demand but limited facilities.,-0.3071,Neutral,Moderate,Kakrola,2026.0,Jul-Sep,8904.94,10381.59633,7428.317995
543,Kakrola,Developing area with growing demand but limited facilities.,-0.3071,Neutral,Moderate,Kakrola,2026.0,Oct-Dec,8930.65,10411.56968,7449.764749
544,Kakrola,Developing area with growing demand but limited facilities.,-0.3071,Neutral,Moderate,Kakrola,2027.0,Jan-Mar,9060.67,10563.15017,7558.224761
545,Kakrola,Developing area with growing demand but limited facilities.,-0.3071,Neutral,Moderate,Kakrola,2027.0,Apr-Jun,9056.85,10558.69672,7555.038196
546,Kakrola,Developing area with growing demand but limited facilities.,-0.3071,Neutral,Moderate,Kakrola,2027.0,Jul-Sep,9087.38,10594.28934,7580.505694
547,Kakrola,Developing area with growing demand but limited facilities.,-0.3071,Neutral,Moderate,Kakrola,2027.0,Oct-Dec,9085.88,10592.5406,7579.254425
548,Kakrola,Developing area with growing demand but limited facilities.,-0.3071,Neutral,Moderate,Kakrola,2028.0,Jan-Mar,9200.96,10726.70367,7675.251797
549,Kakrola,Developing area with growing demand but limited facilities.,-0.3071,Neutral,Moderate,Kakrola,2028.0,Apr-Jun,9283.04,10822.39454,7743.721247
550,Kakrola,Developing area with growing demand but limited facilities.,-0.3071,Neutral,Moderate,Kakrola,2028.0,Jul-Sep,9340.52,10889.40612,7791.669882
551,Kakrola,Developing area with growing demand but limited facilities.,-0.3071,Neutral,Moderate,Kakrola,2028.0,Oct-Dec,9345.13,10894.78057,7795.515449
552,Kakrola,Developing area with growing demand but limited facilities.,-0.3071,Neutral,Moderate,Kakrola,2029.0,Jan-Mar,9770.35,11390.51243,8150.225237
553,Kakrola,Developing area with growing demand but limited facilities.,-0.3071,Neutral,Moderate,Kakrola,2029.0,Apr-Jun,9958.35,11609.68741,8307.050974
554,Kakrola,Developing area with growing demand but limited facilities.,-0.3071,Neutral,Moderate,Kakrola,2029.0,Jul-Sep,10384.99,12107.07473,8662.945297
555,Kakrola,Developing area with growing demand but limited facilities.,-0.3071,Neutral,Moderate,Kakrola,2029.0,Oct-Dec,10556.08,12306.53563,8805.66506
556,Kakrola,Developing area with growing demand but limited facilities.,-0.3071,Neutral,Moderate,Kakrola,2030.0,Jan-Mar,10773.0,12559.42626,8986.615267
557,Kakrola,Developing area with growing demand but limited facilities.,-0.3071,Neutral,Moderate,Kakrola,2030.0,Apr-Jun,10779.37,12566.85256,8991.92899
558,Kakrola,Developing area with growing demand but limited facilities.,-0.3071,Neutral,Moderate,Kakrola,2030.0,Jul-Sep,11182.38,13036.69145,9328.111652
559,Kakrola,Developing area with growing demand but limited facilities.,-0.3071,Neutral,Moderate,Kakrola,2030.0,Oct-Dec,11662.81,13596.78847,9728.876488
560,Kalkaji,Established locality with 0.5 price fluctuations.,0.0,Negative,Moderate,Kalkaji,2024.0,Jan-Mar,11224.85,14121.56543,8328.280853
561,Kalkaji,Established locality with 0.5 price fluctuations.,0.0,Negative,Moderate,Kalkaji,2024.0,Apr-Jun,11384.34,14322.21385,8446.614507
562,Kalkaji,Established locality with 0.5 price fluctuations.,0.0,Negative,Moderate,Kalkaji,2024.0,Jul-Sep,11434.09,14384.80247,8483.526534
563,Kalkaji,Established locality with 0.5 price fluctuations.,0.0,Negative,Moderate,Kalkaji,2024.0,Oct-Dec,12807.9,16113.14163,9502.825279
564,Kalkaji,Established locality with 0.5 price fluctuations.,0.0,Negative,Moderate,Kalkaji,2025.0,Jan-Mar,13074.98,16449.14503,9700.985366
565,Kalkaji,Established locality with 0.5 price fluctuations.,0.0,Negative,Moderate,Kalkaji,2025.0,Apr-Jun,12929.34,16265.92077,9592.927724
566,Kalkaji,Established locality with 0.5 price fluctuations.,0.0,Negative,Moderate,Kalkaji,2025.0,Jul-Sep,13032.15,16395.2622,9669.207635
567,Kalkaji,Established locality with 0.5 price fluctuations.,0.0,Negative,Moderate,Kalkaji,2025.0,Oct-Dec,13752.26,17301.20575,10203.49347
568,Kalkaji,Established locality with 0.5 price fluctuations.,0.0,Negative,Moderate,Kalkaji,2026.0,Jan-Mar,11759.34,14793.98738,8724.84587
569,Kalkaji,Established locality with 0.5 price fluctuations.,0.0,Negative,Moderate,Kalkaji,2026.0,Apr-Jun,11755.33,14788.94255,8721.87065
570,Kalkaji,Established locality with 0.5 price fluctuations.,0.0,Negative,Moderate,Kalkaji,2026.0,Jul-Sep,11849.84,14907.84205,8791.992373
571,Kalkaji,Established locality with 0.5 price fluctuations.,0.0,Negative,Moderate,Kalkaji,2026.0,Oct-Dec,11894.0,14963.3981,8824.756898
572,Kalkaji,Established locality with 0.5 price fluctuations.,0.0,Negative,Moderate,Kalkaji,2027.0,Jan-Mar,12139.9,15272.75573,9007.202477
573,Kalkaji,Established locality with 0.5 price fluctuations.,0.0,Negative,Moderate,Kalkaji,2027.0,Apr-Jun,12004.83,15102.8292,8906.98725
574,Kalkaji,Established locality with 0.5 price fluctuations.,0.0,Negative,Moderate,Kalkaji,2027.0,Jul-Sep,11451.48,14406.68019,8496.42905
575,Kalkaji,Established locality with 0.5 price fluctuations.,0.0,Negative,Moderate,Kalkaji,2027.0,Oct-Dec,11422.33,14370.00766,8474.801199
576,Kalkaji,Established locality with 0.5 price fluctuations.,0.0,Negative,Moderate,Kalkaji,2028.0,Jan-Mar,11598.58,14591.74121,8605.56994
577,Kalkaji,Established locality with 0.5 price fluctuations.,0.0,Negative,Moderate,Kalkaji,2028.0,Apr-Jun,11597.78,14590.73476,8604.976379
578,Kalkaji,Established locality with 0.5 price fluctuations.,0.0,Negative,Moderate,Kalkaji,2028.0,Jul-Sep,11387.76,14326.51643,8449.151977
579,Kalkaji,Established locality with 0.5 price fluctuations.,0.0,Negative,Moderate,Kalkaji,2028.0,Oct-Dec,11458.44,14415.4363,8501.593024
580,Kalkaji,Established locality with 0.5 price fluctuations.,0.0,Negative,Moderate,Kalkaji,2029.0,Jan-Mar,10537.93,13257.37698,7818.620351
581,Kalkaji,Established locality with 0.5 price fluctuations.,0.0,Negative,Moderate,Kalkaji,2029.0,Apr-Jun,10586.87,13318.94657,7854.931399
582,Kalkaji,Established locality with 0.5 price fluctuations.,0.0,Negative,Moderate,Kalkaji,2029.0,Jul-Sep,10872.93,13678.82799,8067.173703
583,Kalkaji,Established locality with 0.5 price fluctuations.,0.0,Negative,Moderate,Kalkaji,2029.0,Oct-Dec,11137.11,14011.18301,8263.182134
584,Kalkaji,Established locality with 0.5 price fluctuations.,0.0,Negative,Moderate,Kalkaji,2030.0,Jan-Mar,11224.85,14121.56543,8328.280853
585,Kalkaji,Established locality with 0.5 price fluctuations.,0.0,Negative,Moderate,Kalkaji,2030.0,Apr-Jun,11384.34,14322.21385,8446.614507
586,Kalkaji,Established locality with 0.5 price fluctuations.,0.0,Negative,Moderate,Kalkaji,2030.0,Jul-Sep,11434.09,14384.80247,8483.526534
587,Kalkaji,Established locality with 0.5 price fluctuations.,0.0,Negative,Moderate,Kalkaji,2030.0,Oct-Dec,12807.9,16113.14163,9502.825279
588,Kirti Nagar,Primarily a furniture and industrial hub affecting demand.,-0.128,Neutral,Moderate,Kirti Nagar,2024.0,Jan-Mar,19169.24,23689.24593,14773.07621
589,Kirti Nagar,Primarily a furniture and industrial hub affecting demand.,-0.128,Neutral,Moderate,Kirti Nagar,2024.0,Apr-Jun,19488.1,24083.29144,15018.81068
590,Kirti Nagar,Primarily a furniture and industrial hub affecting demand.,-0.128,Neutral,Moderate,Kirti Nagar,2024.0,Jul-Sep,19333.81,23892.62067,14899.90467
591,Kirti Nagar,Primarily a furniture and industrial hub affecting demand.,-0.128,Neutral,Moderate,Kirti Nagar,2024.0,Oct-Dec,19496.83,24094.07993,15025.53859
592,Kirti Nagar,Primarily a furniture and industrial hub affecting demand.,-0.128,Neutral,Moderate,Kirti Nagar,2025.0,Jan-Mar,22237.36,27480.81249,17137.57113
593,Kirti Nagar,Primarily a furniture and industrial hub affecting demand.,-0.128,Neutral,Moderate,Kirti Nagar,2025.0,Apr-Jun,22959.51,28373.24166,17694.10738
594,Kirti Nagar,Primarily a furniture and industrial hub affecting demand.,-0.128,Neutral,Moderate,Kirti Nagar,2025.0,Jul-Sep,21936.67,27109.22137,16905.83965
595,Kirti Nagar,Primarily a furniture and industrial hub affecting demand.,-0.128,Neutral,Moderate,Kirti Nagar,2025.0,Oct-Dec,15058.67,18609.42516,11605.20081
596,Kirti Nagar,Primarily a furniture and industrial hub affecting demand.,-0.128,Neutral,Moderate,Kirti Nagar,2026.0,Jan-Mar,12103.48,14957.4169,9327.737167
597,Kirti Nagar,Primarily a furniture and industrial hub affecting demand.,-0.128,Neutral,Moderate,Kirti Nagar,2026.0,Apr-Jun,12480.62,15423.48453,9618.386038
598,Kirti Nagar,Primarily a furniture and industrial hub affecting demand.,-0.128,Neutral,Moderate,Kirti Nagar,2026.0,Jul-Sep,12116.16,14973.08678,9337.509209
599,Kirti Nagar,Primarily a furniture and industrial hub affecting demand.,-0.128,Neutral,Moderate,Kirti Nagar,2026.0,Oct-Dec,12670.02,15657.54405,9764.350126
600,Kirti Nagar,Primarily a furniture and industrial hub affecting demand.,-0.128,Neutral,Moderate,Kirti Nagar,2027.0,Jan-Mar,12005.62,14836.48203,9252.31982
601,Kirti Nagar,Primarily a furniture and industrial hub affecting demand.,-0.128,Neutral,Moderate,Kirti Nagar,2027.0,Apr-Jun,12012.42,14844.88543,9257.560347
602,Kirti Nagar,Primarily a furniture and industrial hub affecting demand.,-0.128,Neutral,Moderate,Kirti Nagar,2027.0,Jul-Sep,11853.53,14648.53001,9135.10927
603,Kirti Nagar,Primarily a furniture and industrial hub affecting demand.,-0.128,Neutral,Moderate,Kirti Nagar,2027.0,Oct-Dec,12815.91,15837.83415,9876.782549
604,Kirti Nagar,Primarily a furniture and industrial hub affecting demand.,-0.128,Neutral,Moderate,Kirti Nagar,2028.0,Jan-Mar,14074.89,17393.67501,10847.03528
605,Kirti Nagar,Primarily a furniture and industrial hub affecting demand.,-0.128,Neutral,Moderate,Kirti Nagar,2028.0,Apr-Jun,13779.87,17029.09084,10619.67348
606,Kirti Nagar,Primarily a furniture and industrial hub affecting demand.,-0.128,Neutral,Moderate,Kirti Nagar,2028.0,Jul-Sep,13944.94,17233.08348,10746.88727
607,Kirti Nagar,Primarily a furniture and industrial hub affecting demand.,-0.128,Neutral,Moderate,Kirti Nagar,2028.0,Oct-Dec,15406.95,19039.82775,11873.60826
608,Kirti Nagar,Primarily a furniture and industrial hub affecting demand.,-0.128,Neutral,Moderate,Kirti Nagar,2029.0,Jan-Mar,17273.69,21346.73522,13312.2408
609,Kirti Nagar,Primarily a furniture and industrial hub affecting demand.,-0.128,Neutral,Moderate,Kirti Nagar,2029.0,Apr-Jun,17850.04,22058.98552,13756.41399
610,Kirti Nagar,Primarily a furniture and industrial hub affecting demand.,-0.128,Neutral,Moderate,Kirti Nagar,2029.0,Jul-Sep,18321.19,22641.23021,14119.51314
611,Kirti Nagar,Primarily a furniture and industrial hub affecting demand.,-0.128,Neutral,Moderate,Kirti Nagar,2029.0,Oct-Dec,18121.45,22394.39257,13965.58037
612,Kirti Nagar,Primarily a furniture and industrial hub affecting demand.,-0.128,Neutral,Moderate,Kirti Nagar,2030.0,Jan-Mar,19169.24,23689.24593,14773.07621
613,Kirti Nagar,Primarily a furniture and industrial hub affecting demand.,-0.128,Neutral,Moderate,Kirti Nagar,2030.0,Apr-Jun,19488.1,24083.29144,15018.81068
614,Kirti Nagar,Primarily a furniture and industrial hub affecting demand.,-0.128,Neutral,Moderate,Kirti Nagar,2030.0,Jul-Sep,19333.81,23892.62067,14899.90467
615,Kirti Nagar,Primarily a furniture and industrial hub affecting demand.,-0.128,Neutral,Moderate,Kirti Nagar,2030.0,Oct-Dec,19496.83,24094.07993,15025.53859
616,Loni Road,0.75 congestion and infrastructure limitations.,0.0,Negative,Moderate,Loni Road,2024.0,Jan-Mar,5512.52,7656.429666,4091.392773
617,Loni Road,0.75 congestion and infrastructure limitations.,0.0,Negative,Moderate,Loni Road,2024.0,Apr-Jun,6055.29,8410.291843,4494.236709
618,Loni Road,0.75 congestion and infrastructure limitations.,0.0,Negative,Moderate,Loni Road,2024.0,Jul-Sep,5970.38,8292.358948,4431.216501
619,Loni Road,0.75 congestion and infrastructure limitations.,0.0,Negative,Moderate,Loni Road,2024.0,Oct-Dec,6176.4,8578.503514,4584.124561
620,Loni Road,0.75 congestion and infrastructure limitations.,0.0,Negative,Moderate,Loni Road,2025.0,Jan-Mar,5786.29,8036.67332,4294.584888
621,Loni Road,0.75 congestion and infrastructure limitations.,0.0,Negative,Moderate,Loni Road,2025.0,Apr-Jun,6487.25,9010.24819,4814.837455
622,Loni Road,0.75 congestion and infrastructure limitations.,0.0,Negative,Moderate,Loni Road,2025.0,Jul-Sep,6266.83,8704.103228,4651.241714
623,Loni Road,0.75 congestion and infrastructure limitations.,0.0,Negative,Moderate,Loni Road,2025.0,Oct-Dec,6188.07,8594.712169,4592.786036
624,Loni Road,0.75 congestion and infrastructure limitations.,0.0,Negative,Moderate,Loni Road,2026.0,Jan-Mar,4340.44,6028.508482,3221.474906
625,Loni Road,0.75 congestion and infrastructure limitations.,0.0,Negative,Moderate,Loni Road,2026.0,Apr-Jun,4353.46,6046.592175,3231.138351
626,Loni Road,0.75 congestion and infrastructure limitations.,0.0,Negative,Moderate,Loni Road,2026.0,Jul-Sep,4376.08,6078.009464,3247.926917
627,Loni Road,0.75 congestion and infrastructure limitations.,0.0,Negative,Moderate,Loni Road,2026.0,Oct-Dec,4384.36,6089.509693,3254.072333
628,Loni Road,0.75 congestion and infrastructure limitations.,0.0,Negative,Moderate,Loni Road,2027.0,Jan-Mar,4473.84,6213.789936,3320.484396
629,Loni Road,0.75 congestion and infrastructure limitations.,0.0,Negative,Moderate,Loni Road,2027.0,Apr-Jun,4483.76,6227.567987,3327.847021
630,Loni Road,0.75 congestion and infrastructure limitations.,0.0,Negative,Moderate,Loni Road,2027.0,Jul-Sep,4499.72,6249.735093,3339.692534
631,Loni Road,0.75 congestion and infrastructure limitations.,0.0,Negative,Moderate,Loni Road,2027.0,Oct-Dec,4519.29,6276.916188,3354.21739
632,Loni Road,0.75 congestion and infrastructure limitations.,0.0,Negative,Moderate,Loni Road,2028.0,Jan-Mar,4605.5,6396.654675,3418.202458
633,Loni Road,0.75 congestion and infrastructure limitations.,0.0,Negative,Moderate,Loni Road,2028.0,Apr-Jun,4619.98,6416.766185,3428.949516
634,Loni Road,0.75 congestion and infrastructure limitations.,0.0,Negative,Moderate,Loni Road,2028.0,Jul-Sep,4698.08,6525.240559,3486.915342
635,Loni Road,0.75 congestion and infrastructure limitations.,0.0,Negative,Moderate,Loni Road,2028.0,Oct-Dec,4737.95,6580.616657,3516.506859
636,Loni Road,0.75 congestion and infrastructure limitations.,0.0,Negative,Moderate,Loni Road,2029.0,Jan-Mar,4958.93,6887.539413,3680.518232
637,Loni Road,0.75 congestion and infrastructure limitations.,0.0,Negative,Moderate,Loni Road,2029.0,Apr-Jun,5038.18,6997.611041,3739.337588
638,Loni Road,0.75 congestion and infrastructure limitations.,0.0,Negative,Moderate,Loni Road,2029.0,Jul-Sep,5113.7,7102.502011,3795.388538
639,Loni Road,0.75 congestion and infrastructure limitations.,0.0,Negative,Moderate,Loni Road,2029.0,Oct-Dec,5240.89,7279.158293,3889.788966
640,Loni Road,0.75 congestion and infrastructure limitations.,0.0,Negative,Moderate,Loni Road,2030.0,Jan-Mar,5512.52,7656.429666,4091.392773
641,Loni Road,0.75 congestion and infrastructure limitations.,0.0,Negative,Moderate,Loni Road,2030.0,Apr-Jun,6055.29,8410.291843,4494.236709
642,Loni Road,0.75 congestion and infrastructure limitations.,0.0,Negative,Moderate,Loni Road,2030.0,Jul-Sep,5970.38,8292.358948,4431.216501
643,Loni Road,0.75 congestion and infrastructure limitations.,0.0,Negative,Moderate,Loni Road,2030.0,Oct-Dec,6176.4,8578.503514,4584.124561
644,Mahavir Enclave,Affordable housing with 0.5 investment potential.,0.0,Negative,Moderate,Mahavir Enclave,2024.0,Jan-Mar,5029.43,6135.213485,3923.797909
645,Mahavir Enclave,Affordable housing with 0.5 investment potential.,0.0,Negative,Moderate,Mahavir Enclave,2024.0,Apr-Jun,5133.92,6262.676927,4005.317613
646,Mahavir Enclave,Affordable housing with 0.5 investment potential.,0.0,Negative,Moderate,Mahavir Enclave,2024.0,Jul-Sep,5191.65,6333.099594,4050.356683
647,Mahavir Enclave,Affordable housing with 0.5 investment potential.,0.0,Negative,Moderate,Mahavir Enclave,2024.0,Oct-Dec,5316.24,6485.082274,4147.557754
648,Mahavir Enclave,Affordable housing with 0.5 investment potential.,0.0,Negative,Moderate,Mahavir Enclave,2025.0,Jan-Mar,5248.1,6401.960837,4094.39714
649,Mahavir Enclave,Affordable housing with 0.5 investment potential.,0.0,Negative,Moderate,Mahavir Enclave,2025.0,Apr-Jun,5338.04,6511.675278,4164.565406
650,Mahavir Enclave,Affordable housing with 0.5 investment potential.,0.0,Negative,Moderate,Mahavir Enclave,2025.0,Jul-Sep,5241.25,6393.604778,4089.052992
651,Mahavir Enclave,Affordable housing with 0.5 investment potential.,0.0,Negative,Moderate,Mahavir Enclave,2025.0,Oct-Dec,5306.08,6472.68847,4139.631252
652,Mahavir Enclave,Affordable housing with 0.5 investment potential.,0.0,Negative,Moderate,Mahavir Enclave,2026.0,Jan-Mar,5156.36,6290.050643,4022.824572
653,Mahavir Enclave,Affordable housing with 0.5 investment potential.,0.0,Negative,Moderate,Mahavir Enclave,2026.0,Apr-Jun,5101.98,6223.714516,3980.399062
654,Mahavir Enclave,Affordable housing with 0.5 investment potential.,0.0,Negative,Moderate,Mahavir Enclave,2026.0,Jul-Sep,5137.97,6267.61737,4008.477291
655,Mahavir Enclave,Affordable housing with 0.5 investment potential.,0.0,Negative,Moderate,Mahavir Enclave,2026.0,Oct-Dec,5132.85,6261.371674,4004.482833
656,Mahavir Enclave,Affordable housing with 0.5 investment potential.,0.0,Negative,Moderate,Mahavir Enclave,2027.0,Jan-Mar,5020.87,6124.771462,3917.119675
657,Mahavir Enclave,Affordable housing with 0.5 investment potential.,0.0,Negative,Moderate,Mahavir Enclave,2027.0,Apr-Jun,5026.49,6131.627089,3921.504216
658,Mahavir Enclave,Affordable housing with 0.5 investment potential.,0.0,Negative,Moderate,Mahavir Enclave,2027.0,Jul-Sep,4984.92,6080.917402,3889.072653
659,Mahavir Enclave,Affordable housing with 0.5 investment potential.,0.0,Negative,Moderate,Mahavir Enclave,2027.0,Oct-Dec,5026.13,6131.187939,3921.223356
660,Mahavir Enclave,Affordable housing with 0.5 investment potential.,0.0,Negative,Moderate,Mahavir Enclave,2028.0,Jan-Mar,5168.76,6305.176939,4032.498649
661,Mahavir Enclave,Affordable housing with 0.5 investment potential.,0.0,Negative,Moderate,Mahavir Enclave,2028.0,Apr-Jun,5220.01,6367.694897,4072.482234
662,Mahavir Enclave,Affordable housing with 0.5 investment potential.,0.0,Negative,Moderate,Mahavir Enclave,2028.0,Jul-Sep,5155.38,6288.855178,4022.060008
663,Mahavir Enclave,Affordable housing with 0.5 investment potential.,0.0,Negative,Moderate,Mahavir Enclave,2028.0,Oct-Dec,5150.85,6283.3292,4018.525849
664,Mahavir Enclave,Affordable housing with 0.5 investment potential.,0.0,Negative,Moderate,Mahavir Enclave,2029.0,Jan-Mar,5012.15,6114.13426,3910.316614
665,Mahavir Enclave,Affordable housing with 0.5 investment potential.,0.0,Negative,Moderate,Mahavir Enclave,2029.0,Apr-Jun,5075.51,6191.424753,3959.748028
666,Mahavir Enclave,Affordable housing with 0.5 investment potential.,0.0,Negative,Moderate,Mahavir Enclave,2029.0,Jul-Sep,5083.83,6201.57401,3966.239022
667,Mahavir Enclave,Affordable housing with 0.5 investment potential.,0.0,Negative,Moderate,Mahavir Enclave,2029.0,Oct-Dec,5070.44,6185.24005,3955.792579
668,Mahavir Enclave,Affordable housing with 0.5 investment potential.,0.0,Negative,Moderate,Mahavir Enclave,2030.0,Jan-Mar,5029.43,6135.213485,3923.797909
669,Mahavir Enclave,Affordable housing with 0.5 investment potential.,0.0,Negative,Moderate,Mahavir Enclave,2030.0,Apr-Jun,5133.92,6262.676927,4005.317613
670,Mahavir Enclave,Affordable housing with 0.5 investment potential.,0.0,Negative,Moderate,Mahavir Enclave,2030.0,Jul-Sep,5191.65,6333.099594,4050.356683
671,Mahavir Enclave,Affordable housing with 0.5 investment potential.,0.0,Negative,Moderate,Mahavir Enclave,2030.0,Oct-Dec,5316.24,6485.082274,4147.557754
672,Main Chhatarpur Road,Upcoming residential locality with mixed development.,0.0,Negative,Moderate,Main Chhatarpur Road,2024.0,Jan-Mar,3967.15,5792.001073,2989.964343
673,Main Chhatarpur Road,Upcoming residential locality with mixed development.,0.0,Negative,Moderate,Main Chhatarpur Road,2024.0,Apr-Jun,4005.45,5847.918707,3018.830313
674,Main Chhatarpur Road,Upcoming residential locality with mixed development.,0.0,Negative,Moderate,Main Chhatarpur Road,2024.0,Jul-Sep,4106.7,5995.742739,3095.140483
675,Main Chhatarpur Road,Upcoming residential locality with mixed development.,0.0,Negative,Moderate,Main Chhatarpur Road,2024.0,Oct-Dec,4148.85,6057.281336,3126.908124
676,Main Chhatarpur Road,Upcoming residential locality with mixed development.,0.0,Negative,Moderate,Main Chhatarpur Road,2025.0,Jan-Mar,4344.95,6343.585461,3274.704907
677,Main Chhatarpur Road,Upcoming residential locality with mixed development.,0.0,Negative,Moderate,Main Chhatarpur Road,2025.0,Apr-Jun,4426.95,6463.304677,3336.506723
678,Main Chhatarpur Road,Upcoming residential locality with mixed development.,0.0,Negative,Moderate,Main Chhatarpur Road,2025.0,Jul-Sep,4589.0,6699.896128,3458.640679
679,Main Chhatarpur Road,Upcoming residential locality with mixed development.,0.0,Negative,Moderate,Main Chhatarpur Road,2025.0,Oct-Dec,4718.2,6888.526893,3556.016224
680,Main Chhatarpur Road,Upcoming residential locality with mixed development.,0.0,Negative,Moderate,Main Chhatarpur Road,2026.0,Jan-Mar,2381.4,3476.821233,1794.815191
681,Main Chhatarpur Road,Upcoming residential locality with mixed development.,0.0,Negative,Moderate,Main Chhatarpur Road,2026.0,Apr-Jun,2402.6,3507.773031,1810.793222
682,Main Chhatarpur Road,Upcoming residential locality with mixed development.,0.0,Negative,Moderate,Main Chhatarpur Road,2026.0,Jul-Sep,2426.7,3542.9588,1828.956926
683,Main Chhatarpur Road,Upcoming residential locality with mixed development.,0.0,Negative,Moderate,Main Chhatarpur Road,2026.0,Oct-Dec,2423.6,3538.43283,1826.620516
684,Main Chhatarpur Road,Upcoming residential locality with mixed development.,0.0,Negative,Moderate,Main Chhatarpur Road,2027.0,Jan-Mar,2612.2,3813.787027,1968.764694
685,Main Chhatarpur Road,Upcoming residential locality with mixed development.,0.0,Negative,Moderate,Main Chhatarpur Road,2027.0,Apr-Jun,2648.9,3867.368676,1996.424775
686,Main Chhatarpur Road,Upcoming residential locality with mixed development.,0.0,Negative,Moderate,Main Chhatarpur Road,2027.0,Jul-Sep,2706.7,3951.756123,2039.987519
687,Main Chhatarpur Road,Upcoming residential locality with mixed development.,0.0,Negative,Moderate,Main Chhatarpur Road,2027.0,Oct-Dec,2741.5,4002.563791,2066.215607
688,Main Chhatarpur Road,Upcoming residential locality with mixed development.,0.0,Negative,Moderate,Main Chhatarpur Road,2028.0,Jan-Mar,2851.0,4162.432744,2148.743642
689,Main Chhatarpur Road,Upcoming residential locality with mixed development.,0.0,Negative,Moderate,Main Chhatarpur Road,2028.0,Apr-Jun,2891.0,4220.832361,2178.89087
690,Main Chhatarpur Road,Upcoming residential locality with mixed development.,0.0,Negative,Moderate,Main Chhatarpur Road,2028.0,Jul-Sep,2952.5,4310.621773,2225.242232
691,Main Chhatarpur Road,Upcoming residential locality with mixed development.,0.0,Negative,Moderate,Main Chhatarpur Road,2028.0,Oct-Dec,2960.1,4321.717701,2230.970206
692,Main Chhatarpur Road,Upcoming residential locality with mixed development.,0.0,Negative,Moderate,Main Chhatarpur Road,2029.0,Jan-Mar,3282.8,4792.856616,2474.182964
693,Main Chhatarpur Road,Upcoming residential locality with mixed development.,0.0,Negative,Moderate,Main Chhatarpur Road,2029.0,Apr-Jun,3344.7,4883.230024,2520.835798
694,Main Chhatarpur Road,Upcoming residential locality with mixed development.,0.0,Negative,Moderate,Main Chhatarpur Road,2029.0,Jul-Sep,3449.9,5036.821018,2600.123007
695,Main Chhatarpur Road,Upcoming residential locality with mixed development.,0.0,Negative,Moderate,Main Chhatarpur Road,2029.0,Oct-Dec,3522.2,5142.378327,2654.61412
696,Main Chhatarpur Road,Upcoming residential locality with mixed development.,0.0,Negative,Moderate,Main Chhatarpur Road,2030.0,Jan-Mar,3967.15,5792.001073,2989.964343
697,Main Chhatarpur Road,Upcoming residential locality with mixed development.,0.0,Negative,Moderate,Main Chhatarpur Road,2030.0,Apr-Jun,4005.45,5847.918707,3018.830313
698,Main Chhatarpur Road,Upcoming residential locality with mixed development.,0.0,Negative,Moderate,Main Chhatarpur Road,2030.0,Jul-Sep,4106.7,5995.742739,3095.140483
699,Main Chhatarpur Road,Upcoming residential locality with mixed development.,0.0,Negative,Moderate,Main Chhatarpur Road,2030.0,Oct-Dec,4148.85,6057.281336,3126.908124
700,Main Rajapuri Road,0.5 infrastructure and increasing demand.,-0.128,Neutral,Moderate,Main Rajapuri Road,2024.0,Jan-Mar,4323.4,5953.700464,3683.964981
701,Main Rajapuri Road,0.5 infrastructure and increasing demand.,-0.128,Neutral,Moderate,Main Rajapuri Road,2024.0,Apr-Jun,4362.2,6007.131463,3717.026423
702,Main Rajapuri Road,0.5 infrastructure and increasing demand.,-0.128,Neutral,Moderate,Main Rajapuri Road,2024.0,Jul-Sep,4465.55,6149.453465,3805.090859
703,Main Rajapuri Road,0.5 infrastructure and increasing demand.,-0.128,Neutral,Moderate,Main Rajapuri Road,2024.0,Oct-Dec,4488.25,6180.713353,3824.433507
704,Main Rajapuri Road,0.5 infrastructure and increasing demand.,-0.128,Neutral,Moderate,Main Rajapuri Road,2025.0,Jan-Mar,4803.64,6615.033006,4093.177023
705,Main Rajapuri Road,0.5 infrastructure and increasing demand.,-0.128,Neutral,Moderate,Main Rajapuri Road,2025.0,Apr-Jun,4913.96,6766.953308,4187.180588
706,Main Rajapuri Road,0.5 infrastructure and increasing demand.,-0.128,Neutral,Moderate,Main Rajapuri Road,2025.0,Jul-Sep,4918.38,6773.040036,4190.946866
707,Main Rajapuri Road,0.5 infrastructure and increasing demand.,-0.128,Neutral,Moderate,Main Rajapuri Road,2025.0,Oct-Dec,4936.7,6798.26828,4206.557321
708,Main Rajapuri Road,0.5 infrastructure and increasing demand.,-0.128,Neutral,Moderate,Main Rajapuri Road,2026.0,Jan-Mar,2704.8,3724.7465,2304.757478
709,Main Rajapuri Road,0.5 infrastructure and increasing demand.,-0.128,Neutral,Moderate,Main Rajapuri Road,2026.0,Apr-Jun,2749.0,3785.613771,2342.420255
710,Main Rajapuri Road,0.5 infrastructure and increasing demand.,-0.128,Neutral,Moderate,Main Rajapuri Road,2026.0,Jul-Sep,2814.3,3875.53759,2398.062322
711,Main Rajapuri Road,0.5 infrastructure and increasing demand.,-0.128,Neutral,Moderate,Main Rajapuri Road,2026.0,Oct-Dec,2828.5,3895.092234,2410.162129
712,Main Rajapuri Road,0.5 infrastructure and increasing demand.,-0.128,Neutral,Moderate,Main Rajapuri Road,2027.0,Jan-Mar,2982.7,4107.439139,2541.5558
713,Main Rajapuri Road,0.5 infrastructure and increasing demand.,-0.128,Neutral,Moderate,Main Rajapuri Road,2027.0,Apr-Jun,3024.4,4164.863692,2577.08833
714,Main Rajapuri Road,0.5 infrastructure and increasing demand.,-0.128,Neutral,Moderate,Main Rajapuri Road,2027.0,Jul-Sep,3111.9,4285.358855,2651.646996
715,Main Rajapuri Road,0.5 infrastructure and increasing demand.,-0.128,Neutral,Moderate,Main Rajapuri Road,2027.0,Oct-Dec,3181.5,4381.204151,2710.953089
716,Main Rajapuri Road,0.5 infrastructure and increasing demand.,-0.128,Neutral,Moderate,Main Rajapuri Road,2028.0,Jan-Mar,3293.3,4535.162543,2806.217762
717,Main Rajapuri Road,0.5 infrastructure and increasing demand.,-0.128,Neutral,Moderate,Main Rajapuri Road,2028.0,Apr-Jun,3365.8,4635.001393,2867.994942
718,Main Rajapuri Road,0.5 infrastructure and increasing demand.,-0.128,Neutral,Moderate,Main Rajapuri Road,2028.0,Jul-Sep,3443.3,4741.725681,2934.032617
719,Main Rajapuri Road,0.5 infrastructure and increasing demand.,-0.128,Neutral,Moderate,Main Rajapuri Road,2028.0,Oct-Dec,3546.1,4883.290285,3021.628398
720,Main Rajapuri Road,0.5 infrastructure and increasing demand.,-0.128,Neutral,Moderate,Main Rajapuri Road,2029.0,Jan-Mar,3672.2,5056.941029,3129.078087
721,Main Rajapuri Road,0.5 infrastructure and increasing demand.,-0.128,Neutral,Moderate,Main Rajapuri Road,2029.0,Apr-Jun,3790.1,5219.299655,3229.540564
722,Main Rajapuri Road,0.5 infrastructure and increasing demand.,-0.128,Neutral,Moderate,Main Rajapuri Road,2029.0,Jul-Sep,3909.3,5383.448495,3331.110769
723,Main Rajapuri Road,0.5 infrastructure and increasing demand.,-0.128,Neutral,Moderate,Main Rajapuri Road,2029.0,Oct-Dec,4022.1,5538.783975,3427.227541
724,Main Rajapuri Road,0.5 infrastructure and increasing demand.,-0.128,Neutral,Moderate,Main Rajapuri Road,2030.0,Jan-Mar,4323.4,5953.700464,3683.964981
725,Main Rajapuri Road,0.5 infrastructure and increasing demand.,-0.128,Neutral,Moderate,Main Rajapuri Road,2030.0,Apr-Jun,4362.2,6007.131463,3717.026423
726,Main Rajapuri Road,0.5 infrastructure and increasing demand.,-0.128,Neutral,Moderate,Main Rajapuri Road,2030.0,Jul-Sep,4465.55,6149.453465,3805.090859
727,Main Rajapuri Road,0.5 infrastructure and increasing demand.,-0.128,Neutral,Moderate,Main Rajapuri Road,2030.0,Oct-Dec,4488.25,6180.713353,3824.433507
728,Mandi Road,Developing but still faces connectivity issues.,0.0,Negative,Moderate,Mandi Road,2024.0,Jan-Mar,4334.3,5672.211601,3165.77041
729,Mandi Road,Developing but still faces connectivity issues.,0.0,Negative,Moderate,Mandi Road,2024.0,Apr-Jun,4368.9,5717.491928,3191.042231
730,Mandi Road,Developing but still faces connectivity issues.,0.0,Negative,Moderate,Mandi Road,2024.0,Jul-Sep,4464.15,5842.143695,3260.61278
731,Mandi Road,Developing but still faces connectivity issues.,0.0,Negative,Moderate,Mandi Road,2024.0,Oct-Dec,4493.25,5880.226283,3281.867405
732,Mandi Road,Developing but still faces connectivity issues.,0.0,Negative,Moderate,Mandi Road,2025.0,Jan-Mar,4754.14,6221.6478,3472.421322
733,Mandi Road,Developing but still faces connectivity issues.,0.0,Negative,Moderate,Mandi Road,2025.0,Apr-Jun,4801.34,6283.417495,3506.896177
734,Mandi Road,Developing but still faces connectivity issues.,0.0,Negative,Moderate,Mandi Road,2025.0,Jul-Sep,4804.55,6287.618358,3509.240759
735,Mandi Road,Developing but still faces connectivity issues.,0.0,Negative,Moderate,Mandi Road,2025.0,Oct-Dec,4849.93,6347.006255,3542.386287
736,Mandi Road,Developing but still faces connectivity issues.,0.0,Negative,Moderate,Mandi Road,2026.0,Jan-Mar,2640.6,3455.700333,1928.692832
737,Mandi Road,Developing but still faces connectivity issues.,0.0,Negative,Moderate,Mandi Road,2026.0,Apr-Jun,2695.8,3527.939468,1969.010883
738,Mandi Road,Developing but still faces connectivity issues.,0.0,Negative,Moderate,Mandi Road,2026.0,Jul-Sep,2767.2,3621.379218,2021.161405
739,Mandi Road,Developing but still faces connectivity issues.,0.0,Negative,Moderate,Mandi Road,2026.0,Oct-Dec,2809.6,3676.867248,2052.130342
740,Mandi Road,Developing but still faces connectivity issues.,0.0,Negative,Moderate,Mandi Road,2027.0,Jan-Mar,2986.7,3908.634471,2181.484088
741,Mandi Road,Developing but still faces connectivity issues.,0.0,Negative,Moderate,Mandi Road,2027.0,Apr-Jun,3031.7,3967.52507,2214.352064
742,Mandi Road,Developing but still faces connectivity issues.,0.0,Negative,Moderate,Mandi Road,2027.0,Jul-Sep,3115.8,4077.585056,2275.778659
743,Mandi Road,Developing but still faces connectivity issues.,0.0,Negative,Moderate,Mandi Road,2027.0,Oct-Dec,3197.2,4184.111605,2335.233176
744,Mandi Road,Developing but still faces connectivity issues.,0.0,Negative,Moderate,Mandi Road,2028.0,Jan-Mar,3312.8,4335.39501,2419.667354
745,Mandi Road,Developing but still faces connectivity issues.,0.0,Negative,Moderate,Mandi Road,2028.0,Apr-Jun,3389.4,4435.639896,2475.615953
746,Mandi Road,Developing but still faces connectivity issues.,0.0,Negative,Moderate,Mandi Road,2028.0,Jul-Sep,3484.4,4559.964493,2545.003903
747,Mandi Road,Developing but still faces connectivity issues.,0.0,Negative,Moderate,Mandi Road,2028.0,Oct-Dec,3594.4,4703.91929,2625.347844
748,Mandi Road,Developing but still faces connectivity issues.,0.0,Negative,Moderate,Mandi Road,2029.0,Jan-Mar,3724.2,4873.78595,2720.153695
749,Mandi Road,Developing but still faces connectivity issues.,0.0,Negative,Moderate,Mandi Road,2029.0,Apr-Jun,3832.7,5015.777727,2799.402037
750,Mandi Road,Developing but still faces connectivity issues.,0.0,Negative,Moderate,Mandi Road,2029.0,Jul-Sep,3959.6,5181.849216,2892.089729
751,Mandi Road,Developing but still faces connectivity issues.,0.0,Negative,Moderate,Mandi Road,2029.0,Oct-Dec,4064.4,5318.998877,2968.635593
752,Mandi Road,Developing but still faces connectivity issues.,0.0,Negative,Moderate,Mandi Road,2030.0,Jan-Mar,4334.3,5672.211601,3165.77041
753,Mandi Road,Developing but still faces connectivity issues.,0.0,Negative,Moderate,Mandi Road,2030.0,Apr-Jun,4368.9,5717.491928,3191.042231
754,Mandi Road,Developing but still faces connectivity issues.,0.0,Negative,Moderate,Mandi Road,2030.0,Jul-Sep,4464.15,5842.143695,3260.61278
755,Mandi Road,Developing but still faces connectivity issues.,0.0,Negative,Moderate,Mandi Road,2030.0,Oct-Dec,4493.25,5880.226283,3281.867405
756,Mayur Vihar,Balanced demand with slightly 0.75er property rates.,-0.128,Neutral,High,Mayur Vihar,2024.0,Jan-Mar,10677.57,13321.493,8035.616586
757,Mayur Vihar,Balanced demand with slightly 0.75er property rates.,-0.128,Neutral,High,Mayur Vihar,2024.0,Apr-Jun,10878.5,13572.17622,8186.830434
758,Mayur Vihar,Balanced demand with slightly 0.75er property rates.,-0.128,Neutral,High,Mayur Vihar,2024.0,Jul-Sep,11017.98,13746.19351,8291.798868
759,Mayur Vihar,Balanced demand with slightly 0.75er property rates.,-0.128,Neutral,High,Mayur Vihar,2024.0,Oct-Dec,11048.46,13784.22081,8314.737195
760,Mayur Vihar,Balanced demand with slightly 0.75er property rates.,-0.128,Neutral,High,Mayur Vihar,2025.0,Jan-Mar,11537.03,14393.76791,8682.420216
761,Mayur Vihar,Balanced demand with slightly 0.75er property rates.,-0.128,Neutral,High,Mayur Vihar,2025.0,Apr-Jun,12047.74,15030.9372,9066.765132
762,Mayur Vihar,Balanced demand with slightly 0.75er property rates.,-0.128,Neutral,High,Mayur Vihar,2025.0,Jul-Sep,12079.3,15070.31192,9090.516235
763,Mayur Vihar,Balanced demand with slightly 0.75er property rates.,-0.128,Neutral,High,Mayur Vihar,2025.0,Oct-Dec,12471.98,15560.22525,9386.035339
764,Mayur Vihar,Balanced demand with slightly 0.75er property rates.,-0.128,Neutral,High,Mayur Vihar,2026.0,Jan-Mar,10104.93,12607.05894,7604.665023
765,Mayur Vihar,Balanced demand with slightly 0.75er property rates.,-0.128,Neutral,High,Mayur Vihar,2026.0,Apr-Jun,9879.09,12325.29764,7434.704662
766,Mayur Vihar,Balanced demand with slightly 0.75er property rates.,-0.128,Neutral,High,Mayur Vihar,2026.0,Jul-Sep,9952.37,12416.72284,7489.852976
767,Mayur Vihar,Balanced demand with slightly 0.75er property rates.,-0.128,Neutral,High,Mayur Vihar,2026.0,Oct-Dec,10341.87,12902.66876,7782.978909
768,Mayur Vihar,Balanced demand with slightly 0.75er property rates.,-0.128,Neutral,High,Mayur Vihar,2027.0,Jan-Mar,10200.44,12726.21861,7676.542964
769,Mayur Vihar,Balanced demand with slightly 0.75er property rates.,-0.128,Neutral,High,Mayur Vihar,2027.0,Apr-Jun,9979.51,12450.5831,7510.277721
770,Mayur Vihar,Balanced demand with slightly 0.75er property rates.,-0.128,Neutral,High,Mayur Vihar,2027.0,Jul-Sep,9966.68,12434.57621,7500.62225
771,Mayur Vihar,Balanced demand with slightly 0.75er property rates.,-0.128,Neutral,High,Mayur Vihar,2027.0,Oct-Dec,10178.86,12699.29509,7660.302508
772,Mayur Vihar,Balanced demand with slightly 0.75er property rates.,-0.128,Neutral,High,Mayur Vihar,2028.0,Jan-Mar,10214.87,12744.22169,7687.402546
773,Mayur Vihar,Balanced demand with slightly 0.75er property rates.,-0.128,Neutral,High,Mayur Vihar,2028.0,Apr-Jun,10237.59,12772.5675,7704.500931
774,Mayur Vihar,Balanced demand with slightly 0.75er property rates.,-0.128,Neutral,High,Mayur Vihar,2028.0,Jul-Sep,10148.87,12661.87913,7637.73294
775,Mayur Vihar,Balanced demand with slightly 0.75er property rates.,-0.128,Neutral,High,Mayur Vihar,2028.0,Oct-Dec,10306.66,12858.74024,7756.480926
776,Mayur Vihar,Balanced demand with slightly 0.75er property rates.,-0.128,Neutral,High,Mayur Vihar,2029.0,Jan-Mar,10502.33,13102.86101,7903.736257
777,Mayur Vihar,Balanced demand with slightly 0.75er property rates.,-0.128,Neutral,High,Mayur Vihar,2029.0,Apr-Jun,10658.25,13297.38909,8021.076938
778,Mayur Vihar,Balanced demand with slightly 0.75er property rates.,-0.128,Neutral,High,Mayur Vihar,2029.0,Jul-Sep,10776.41,13444.80724,8110.000584
779,Mayur Vihar,Balanced demand with slightly 0.75er property rates.,-0.128,Neutral,High,Mayur Vihar,2029.0,Oct-Dec,10839.89,13524.00582,8157.773714
780,Mayur Vihar,Balanced demand with slightly 0.75er property rates.,-0.128,Neutral,High,Mayur Vihar,2030.0,Jan-Mar,10677.57,13321.493,8035.616586
781,Mayur Vihar,Balanced demand with slightly 0.75er property rates.,-0.128,Neutral,High,Mayur Vihar,2030.0,Apr-Jun,10878.5,13572.17622,8186.830434
782,Mayur Vihar,Balanced demand with slightly 0.75er property rates.,-0.128,Neutral,High,Mayur Vihar,2030.0,Jul-Sep,11017.98,13746.19351,8291.798868
783,Mayur Vihar,Balanced demand with slightly 0.75er property rates.,-0.128,Neutral,High,Mayur Vihar,2030.0,Oct-Dec,11048.46,13784.22081,8314.737195
784,Mayur Vihar 1,Good location but traffic congestion issues.,0.2382,Positive,Moderate,Mayur Vihar 1,2024.0,Jan-Mar,11968.73,14895.92212,9041.6572
785,Mayur Vihar 1,Good location but traffic congestion issues.,0.2382,Positive,Moderate,Mayur Vihar 1,2024.0,Apr-Jun,11976.99,14906.20227,9047.897135
786,Mayur Vihar 1,Good location but traffic congestion issues.,0.2382,Positive,Moderate,Mayur Vihar 1,2024.0,Jul-Sep,12249.0,15244.73775,9253.384365
787,Mayur Vihar 1,Good location but traffic congestion issues.,0.2382,Positive,Moderate,Mayur Vihar 1,2024.0,Oct-Dec,12270.44,15271.42133,9269.580998
788,Mayur Vihar 1,Good location but traffic congestion issues.,0.2382,Positive,Moderate,Mayur Vihar 1,2025.0,Jan-Mar,12271.01,15272.13074,9270.011599
789,Mayur Vihar 1,Good location but traffic congestion issues.,0.2382,Positive,Moderate,Mayur Vihar 1,2025.0,Apr-Jun,12551.89,15621.70555,9482.199581
790,Mayur Vihar 1,Good location but traffic congestion issues.,0.2382,Positive,Moderate,Mayur Vihar 1,2025.0,Jul-Sep,12681.79,15783.37519,9580.331235
791,Mayur Vihar 1,Good location but traffic congestion issues.,0.2382,Positive,Moderate,Mayur Vihar 1,2025.0,Oct-Dec,13175.5,16397.83184,9953.29951
792,Mayur Vihar 1,Good location but traffic congestion issues.,0.2382,Positive,Moderate,Mayur Vihar 1,2026.0,Jan-Mar,10789.08,13427.76514,8150.502423
793,Mayur Vihar 1,Good location but traffic congestion issues.,0.2382,Positive,Moderate,Mayur Vihar 1,2026.0,Apr-Jun,10741.54,13368.59828,8114.588806
794,Mayur Vihar 1,Good location but traffic congestion issues.,0.2382,Positive,Moderate,Mayur Vihar 1,2026.0,Jul-Sep,10934.18,13608.35224,8260.116765
795,Mayur Vihar 1,Good location but traffic congestion issues.,0.2382,Positive,Moderate,Mayur Vihar 1,2026.0,Oct-Dec,11056.97,13761.17299,8352.87724
796,Mayur Vihar 1,Good location but traffic congestion issues.,0.2382,Positive,Moderate,Mayur Vihar 1,2027.0,Jan-Mar,11117.96,13837.07931,8398.951525
797,Mayur Vihar 1,Good location but traffic congestion issues.,0.2382,Positive,Moderate,Mayur Vihar 1,2027.0,Apr-Jun,11025.59,13722.11839,8329.171534
798,Mayur Vihar 1,Good location but traffic congestion issues.,0.2382,Positive,Moderate,Mayur Vihar 1,2027.0,Jul-Sep,10801.43,13443.13558,8159.832107
799,Mayur Vihar 1,Good location but traffic congestion issues.,0.2382,Positive,Moderate,Mayur Vihar 1,2027.0,Oct-Dec,10968.73,13651.35214,8286.217216
800,Mayur Vihar 1,Good location but traffic congestion issues.,0.2382,Positive,Moderate,Mayur Vihar 1,2028.0,Jan-Mar,11051.85,13754.80079,8349.009388
801,Mayur Vihar 1,Good location but traffic congestion issues.,0.2382,Positive,Moderate,Mayur Vihar 1,2028.0,Apr-Jun,11163.59,13893.86904,8433.422252
802,Mayur Vihar 1,Good location but traffic congestion issues.,0.2382,Positive,Moderate,Mayur Vihar 1,2028.0,Jul-Sep,11015.73,13709.84693,8321.722895
803,Mayur Vihar 1,Good location but traffic congestion issues.,0.2382,Positive,Moderate,Mayur Vihar 1,2028.0,Oct-Dec,11247.18,13997.90265,8496.56948
804,Mayur Vihar 1,Good location but traffic congestion issues.,0.2382,Positive,Moderate,Mayur Vihar 1,2029.0,Jan-Mar,11622.04,14464.44215,8779.753712
805,Mayur Vihar 1,Good location but traffic congestion issues.,0.2382,Positive,Moderate,Mayur Vihar 1,2029.0,Apr-Jun,11603.88,14441.84076,8766.034922
806,Mayur Vihar 1,Good location but traffic congestion issues.,0.2382,Positive,Moderate,Mayur Vihar 1,2029.0,Jul-Sep,11813.15,14702.29192,8924.125848
807,Mayur Vihar 1,Good location but traffic congestion issues.,0.2382,Positive,Moderate,Mayur Vihar 1,2029.0,Oct-Dec,11973.48,14901.83383,9045.24554
808,Mayur Vihar 1,Good location but traffic congestion issues.,0.2382,Positive,Moderate,Mayur Vihar 1,2030.0,Jan-Mar,11968.73,14895.92212,9041.6572
809,Mayur Vihar 1,Good location but traffic congestion issues.,0.2382,Positive,Moderate,Mayur Vihar 1,2030.0,Apr-Jun,11976.99,14906.20227,9047.897135
810,Mayur Vihar 1,Good location but traffic congestion issues.,0.2382,Positive,Moderate,Mayur Vihar 1,2030.0,Jul-Sep,12249.0,15244.73775,9253.384365
811,Mayur Vihar 1,Good location but traffic congestion issues.,0.2382,Positive,Moderate,Mayur Vihar 1,2030.0,Oct-Dec,12270.44,15271.42133,9269.580998
812,Mehrauli,Older locality with infrastructure constraints.,0.0,Negative,Moderate,Mehrauli,2024.0,Jan-Mar,4323.14,5446.021565,3200.296748
813,Mehrauli,Older locality with infrastructure constraints.,0.0,Negative,Moderate,Mehrauli,2024.0,Apr-Jun,4366.8,5501.021704,3232.616996
814,Mehrauli,Older locality with infrastructure constraints.,0.0,Negative,Moderate,Mehrauli,2024.0,Jul-Sep,4312.01,5432.000686,3192.057528
815,Mehrauli,Older locality with infrastructure constraints.,0.0,Negative,Moderate,Mehrauli,2024.0,Oct-Dec,4380.84,5518.708418,3243.010406
816,Mehrauli,Older locality with infrastructure constraints.,0.0,Negative,Moderate,Mehrauli,2025.0,Jan-Mar,4683.5,5899.980569,3467.060937
817,Mehrauli,Older locality with infrastructure constraints.,0.0,Negative,Moderate,Mehrauli,2025.0,Apr-Jun,4782.0,6024.064713,3539.977667
818,Mehrauli,Older locality with infrastructure constraints.,0.0,Negative,Moderate,Mehrauli,2025.0,Jul-Sep,4532.31,5709.520857,3355.13931
819,Mehrauli,Older locality with infrastructure constraints.,0.0,Negative,Moderate,Mehrauli,2025.0,Oct-Dec,4425.24,5574.640763,3275.878455
820,Mehrauli,Older locality with infrastructure constraints.,0.0,Negative,Moderate,Mehrauli,2026.0,Jan-Mar,4318.18,5439.773267,3196.625002
821,Mehrauli,Older locality with infrastructure constraints.,0.0,Negative,Moderate,Mehrauli,2026.0,Apr-Jun,4307.87,5426.785373,3188.992805
822,Mehrauli,Older locality with infrastructure constraints.,0.0,Negative,Moderate,Mehrauli,2026.0,Jul-Sep,4166.72,5248.973425,3084.503502
823,Mehrauli,Older locality with infrastructure constraints.,0.0,Negative,Moderate,Mehrauli,2026.0,Oct-Dec,4291.66,5406.365028,3176.993006
824,Mehrauli,Older locality with infrastructure constraints.,0.0,Negative,Moderate,Mehrauli,2027.0,Jan-Mar,4248.79,5352.360082,3145.257572
825,Mehrauli,Older locality with infrastructure constraints.,0.0,Negative,Moderate,Mehrauli,2027.0,Apr-Jun,4239.3,5340.405173,3138.232397
826,Mehrauli,Older locality with infrastructure constraints.,0.0,Negative,Moderate,Mehrauli,2027.0,Jul-Sep,4203.68,5295.533323,3111.863931
827,Mehrauli,Older locality with infrastructure constraints.,0.0,Negative,Moderate,Mehrauli,2027.0,Oct-Dec,4284.26,5397.042971,3171.514998
828,Mehrauli,Older locality with infrastructure constraints.,0.0,Negative,Moderate,Mehrauli,2028.0,Jan-Mar,4245.44,5348.139961,3142.777663
829,Mehrauli,Older locality with infrastructure constraints.,0.0,Negative,Moderate,Mehrauli,2028.0,Apr-Jun,4208.34,5301.4037,3115.313596
830,Mehrauli,Older locality with infrastructure constraints.,0.0,Negative,Moderate,Mehrauli,2028.0,Jul-Sep,4136.38,5210.75299,3062.043668
831,Mehrauli,Older locality with infrastructure constraints.,0.0,Negative,Moderate,Mehrauli,2028.0,Oct-Dec,4088.12,5149.958058,3026.318172
832,Mehrauli,Older locality with infrastructure constraints.,0.0,Negative,Moderate,Mehrauli,2029.0,Jan-Mar,4244.59,5347.069184,3142.148433
833,Mehrauli,Older locality with infrastructure constraints.,0.0,Negative,Moderate,Mehrauli,2029.0,Apr-Jun,4314.74,5435.43977,3194.078469
834,Mehrauli,Older locality with infrastructure constraints.,0.0,Negative,Moderate,Mehrauli,2029.0,Jul-Sep,4268.78,5377.542234,3160.055597
835,Mehrauli,Older locality with infrastructure constraints.,0.0,Negative,Moderate,Mehrauli,2029.0,Oct-Dec,4341.77,5469.490474,3214.088004
836,Mehrauli,Older locality with infrastructure constraints.,0.0,Negative,Moderate,Mehrauli,2030.0,Jan-Mar,4323.14,5446.021565,3200.296748
837,Mehrauli,Older locality with infrastructure constraints.,0.0,Negative,Moderate,Mehrauli,2030.0,Apr-Jun,4366.8,5501.021704,3232.616996
838,Mehrauli,Older locality with infrastructure constraints.,0.0,Negative,Moderate,Mehrauli,2030.0,Jul-Sep,4312.01,5432.000686,3192.057528
839,Mehrauli,Older locality with infrastructure constraints.,0.0,Negative,Moderate,Mehrauli,2030.0,Oct-Dec,4380.84,5518.708418,3243.010406
840,Mehrauli Badarpur Road,Connectivity issues affect long-term investment prospects.,0.296,Positive,Moderate,Mehrauli Badarpur Road,2024.0,Jan-Mar,4860.94,6201.092179,3517.768421
841,Mehrauli Badarpur Road,Connectivity issues affect long-term investment prospects.,0.296,Positive,Moderate,Mehrauli Badarpur Road,2024.0,Apr-Jun,4917.81,6273.641133,3558.924142
842,Mehrauli Badarpur Road,Connectivity issues affect long-term investment prospects.,0.296,Positive,Moderate,Mehrauli Badarpur Road,2024.0,Jul-Sep,4956.7,6323.253035,3587.068084
843,Mehrauli Badarpur Road,Connectivity issues affect long-term investment prospects.,0.296,Positive,Moderate,Mehrauli Badarpur Road,2024.0,Oct-Dec,4969.41,6339.467158,3596.266065
844,Mehrauli Badarpur Road,Connectivity issues affect long-term investment prospects.,0.296,Positive,Moderate,Mehrauli Badarpur Road,2025.0,Jan-Mar,4881.63,6227.486374,3532.741374
845,Mehrauli Badarpur Road,Connectivity issues affect long-term investment prospects.,0.296,Positive,Moderate,Mehrauli Badarpur Road,2025.0,Apr-Jun,4948.68,6313.021935,3581.264165
846,Mehrauli Badarpur Road,Connectivity issues affect long-term investment prospects.,0.296,Positive,Moderate,Mehrauli Badarpur Road,2025.0,Jul-Sep,4952.69,6318.137485,3584.166124
847,Mehrauli Badarpur Road,Connectivity issues affect long-term investment prospects.,0.296,Positive,Moderate,Mehrauli Badarpur Road,2025.0,Oct-Dec,4864.94,6206.194972,3520.663144
848,Mehrauli Badarpur Road,Connectivity issues affect long-term investment prospects.,0.296,Positive,Moderate,Mehrauli Badarpur Road,2026.0,Jan-Mar,4035.57,5148.169195,2920.464088
849,Mehrauli Badarpur Road,Connectivity issues affect long-term investment prospects.,0.296,Positive,Moderate,Mehrauli Badarpur Road,2026.0,Apr-Jun,4001.37,5104.540318,2895.714209
850,Mehrauli Badarpur Road,Connectivity issues affect long-term investment prospects.,0.296,Positive,Moderate,Mehrauli Badarpur Road,2026.0,Jul-Sep,3980.46,5077.86547,2880.582045
851,Mehrauli Badarpur Road,Connectivity issues affect long-term investment prospects.,0.296,Positive,Moderate,Mehrauli Badarpur Road,2026.0,Oct-Dec,4040.71,5154.726284,2924.183807
852,Mehrauli Badarpur Road,Connectivity issues affect long-term investment prospects.,0.296,Positive,Moderate,Mehrauli Badarpur Road,2027.0,Jan-Mar,4140.38,5281.875118,2996.313062
853,Mehrauli Badarpur Road,Connectivity issues affect long-term investment prospects.,0.296,Positive,Moderate,Mehrauli Badarpur Road,2027.0,Apr-Jun,4125.93,5263.44128,2985.855876
854,Mehrauli Badarpur Road,Connectivity issues affect long-term investment prospects.,0.296,Positive,Moderate,Mehrauli Badarpur Road,2027.0,Jul-Sep,4157.34,5303.510959,3008.586686
855,Mehrauli Badarpur Road,Connectivity issues affect long-term investment prospects.,0.296,Positive,Moderate,Mehrauli Badarpur Road,2027.0,Oct-Dec,4216.94,5379.542569,3051.718055
856,Mehrauli Badarpur Road,Connectivity issues affect long-term investment prospects.,0.296,Positive,Moderate,Mehrauli Badarpur Road,2028.0,Jan-Mar,4298.17,5483.16753,3110.502638
857,Mehrauli Badarpur Road,Connectivity issues affect long-term investment prospects.,0.296,Positive,Moderate,Mehrauli Badarpur Road,2028.0,Apr-Jun,4309.82,5498.029413,3118.933518
858,Mehrauli Badarpur Road,Connectivity issues affect long-term investment prospects.,0.296,Positive,Moderate,Mehrauli Badarpur Road,2028.0,Jul-Sep,4300.28,5485.859253,3112.029604
859,Mehrauli Badarpur Road,Connectivity issues affect long-term investment prospects.,0.296,Positive,Moderate,Mehrauli Badarpur Road,2028.0,Oct-Dec,4391.12,5601.743673,3177.768758
860,Mehrauli Badarpur Road,Connectivity issues affect long-term investment prospects.,0.296,Positive,Moderate,Mehrauli Badarpur Road,2029.0,Jan-Mar,4609.51,5880.343393,3335.813385
861,Mehrauli Badarpur Road,Connectivity issues affect long-term investment prospects.,0.296,Positive,Moderate,Mehrauli Badarpur Road,2029.0,Apr-Jun,4653.12,5935.976589,3367.373099
862,Mehrauli Badarpur Road,Connectivity issues affect long-term investment prospects.,0.296,Positive,Moderate,Mehrauli Badarpur Road,2029.0,Jul-Sep,4711.48,6010.426334,3409.607105
863,Mehrauli Badarpur Road,Connectivity issues affect long-term investment prospects.,0.296,Positive,Moderate,Mehrauli Badarpur Road,2029.0,Oct-Dec,4737.36,6043.441402,3428.335961
864,Mehrauli Badarpur Road,Connectivity issues affect long-term investment prospects.,0.296,Positive,Moderate,Mehrauli Badarpur Road,2030.0,Jan-Mar,4860.94,6201.092179,3517.768421
865,Mehrauli Badarpur Road,Connectivity issues affect long-term investment prospects.,0.296,Positive,Moderate,Mehrauli Badarpur Road,2030.0,Apr-Jun,4917.81,6273.641133,3558.924142
866,Mehrauli Badarpur Road,Connectivity issues affect long-term investment prospects.,0.296,Positive,Moderate,Mehrauli Badarpur Road,2030.0,Jul-Sep,4956.7,6323.253035,3587.068084
867,Mehrauli Badarpur Road,Connectivity issues affect long-term investment prospects.,0.296,Positive,Moderate,Mehrauli Badarpur Road,2030.0,Oct-Dec,4969.41,6339.467158,3596.266065
868,Moti Nagar,Industrial and commercial impact on real estate.,0.0,Negative,Moderate,Moti Nagar,2024.0,Jan-Mar,19670.3,24244.96299,15095.35543
869,Moti Nagar,Industrial and commercial impact on real estate.,0.0,Negative,Moderate,Moti Nagar,2024.0,Apr-Jun,19675.08,24250.85466,15099.02369
870,Moti Nagar,Industrial and commercial impact on real estate.,0.0,Negative,Moderate,Moti Nagar,2024.0,Jul-Sep,19557.79,24106.28688,15009.01316
871,Moti Nagar,Industrial and commercial impact on real estate.,0.0,Negative,Moderate,Moti Nagar,2024.0,Oct-Dec,19837.85,24451.4796,15223.93643
872,Moti Nagar,Industrial and commercial impact on real estate.,0.0,Negative,Moderate,Moti Nagar,2025.0,Jan-Mar,20854.09,25704.0635,16003.81798
873,Moti Nagar,Industrial and commercial impact on real estate.,0.0,Negative,Moderate,Moti Nagar,2025.0,Apr-Jun,21079.6,25982.01969,16176.87856
874,Moti Nagar,Industrial and commercial impact on real estate.,0.0,Negative,Moderate,Moti Nagar,2025.0,Jul-Sep,21416.81,26397.65361,16435.65981
875,Moti Nagar,Industrial and commercial impact on real estate.,0.0,Negative,Moderate,Moti Nagar,2025.0,Oct-Dec,22272.71,27452.60772,17092.49345
876,Moti Nagar,Industrial and commercial impact on real estate.,0.0,Negative,Moderate,Moti Nagar,2026.0,Jan-Mar,12098.6,14912.33531,9284.691501
877,Moti Nagar,Industrial and commercial impact on real estate.,0.0,Negative,Moderate,Moti Nagar,2026.0,Apr-Jun,12353.78,15226.86176,9480.521397
878,Moti Nagar,Industrial and commercial impact on real estate.,0.0,Negative,Moderate,Moti Nagar,2026.0,Jul-Sep,11950.99,14730.39609,9171.412831
879,Moti Nagar,Industrial and commercial impact on real estate.,0.0,Negative,Moderate,Moti Nagar,2026.0,Oct-Dec,12481.99,15384.88918,9578.912144
880,Moti Nagar,Industrial and commercial impact on real estate.,0.0,Negative,Moderate,Moti Nagar,2027.0,Jan-Mar,12029.26,14826.86911,9231.47869
881,Moti Nagar,Industrial and commercial impact on real estate.,0.0,Negative,Moderate,Moti Nagar,2027.0,Apr-Jun,12060.88,14865.84288,9255.744469
882,Moti Nagar,Industrial and commercial impact on real estate.,0.0,Negative,Moderate,Moti Nagar,2027.0,Jul-Sep,11838.94,14592.28696,9085.423569
883,Moti Nagar,Industrial and commercial impact on real estate.,0.0,Negative,Moderate,Moti Nagar,2027.0,Oct-Dec,12751.11,15716.59761,9785.439856
884,Moti Nagar,Industrial and commercial impact on real estate.,0.0,Negative,Moderate,Moti Nagar,2028.0,Jan-Mar,13767.56,16969.44036,10565.48256
885,Moti Nagar,Industrial and commercial impact on real estate.,0.0,Negative,Moderate,Moti Nagar,2028.0,Apr-Jun,13733.98,16928.05076,10539.71264
886,Moti Nagar,Industrial and commercial impact on real estate.,0.0,Negative,Moderate,Moti Nagar,2028.0,Jul-Sep,14158.0,17450.68383,10865.11351
887,Moti Nagar,Industrial and commercial impact on real estate.,0.0,Negative,Moderate,Moti Nagar,2028.0,Oct-Dec,15599.15,19226.99778,11971.07892
888,Moti Nagar,Industrial and commercial impact on real estate.,0.0,Negative,Moderate,Moti Nagar,2029.0,Jan-Mar,19079.78,23517.10752,14642.17936
889,Moti Nagar,Industrial and commercial impact on real estate.,0.0,Negative,Moderate,Moti Nagar,2029.0,Apr-Jun,19079.05,23516.20774,14641.61914
890,Moti Nagar,Industrial and commercial impact on real estate.,0.0,Negative,Moderate,Moti Nagar,2029.0,Jul-Sep,19009.65,23430.66759,14588.36029
891,Moti Nagar,Industrial and commercial impact on real estate.,0.0,Negative,Moderate,Moti Nagar,2029.0,Oct-Dec,19089.24,23528.7676,14649.43914
892,Moti Nagar,Industrial and commercial impact on real estate.,0.0,Negative,Moderate,Moti Nagar,2030.0,Jan-Mar,19670.3,24244.96299,15095.35543
893,Moti Nagar,Industrial and commercial impact on real estate.,0.0,Negative,Moderate,Moti Nagar,2030.0,Apr-Jun,19675.08,24250.85466,15099.02369
894,Moti Nagar,Industrial and commercial impact on real estate.,0.0,Negative,Moderate,Moti Nagar,2030.0,Jul-Sep,19557.79,24106.28688,15009.01316
895,Moti Nagar,Industrial and commercial impact on real estate.,0.0,Negative,Moderate,Moti Nagar,2030.0,Oct-Dec,19837.85,24451.4796,15223.93643
896,Munirka,Proximity to business areas but rental saturation.,0.0,Negative,Moderate,Munirka,2024.0,Jan-Mar,13288.52,15430.04971,11146.95085
897,Munirka,Proximity to business areas but rental saturation.,0.0,Negative,Moderate,Munirka,2024.0,Apr-Jun,13391.51,15549.6372,11233.34305
898,Munirka,Proximity to business areas but rental saturation.,0.0,Negative,Moderate,Munirka,2024.0,Jul-Sep,13571.01,15758.06477,11383.91495
899,Munirka,Proximity to business areas but rental saturation.,0.0,Negative,Moderate,Munirka,2024.0,Oct-Dec,13803.21,16027.68528,11578.69375
900,Munirka,Proximity to business areas but rental saturation.,0.0,Negative,Moderate,Munirka,2025.0,Jan-Mar,14196.33,16484.15908,11908.45879
901,Munirka,Proximity to business areas but rental saturation.,0.0,Negative,Moderate,Munirka,2025.0,Apr-Jun,14525.61,16866.50465,12184.67224
902,Munirka,Proximity to business areas but rental saturation.,0.0,Negative,Moderate,Munirka,2025.0,Jul-Sep,14978.93,17392.88006,12564.93548
903,Munirka,Proximity to business areas but rental saturation.,0.0,Negative,Moderate,Munirka,2025.0,Oct-Dec,15092.75,17525.04288,12660.41233
904,Munirka,Proximity to business areas but rental saturation.,0.0,Negative,Moderate,Munirka,2026.0,Jan-Mar,11978.67,13909.10903,10048.19541
905,Munirka,Proximity to business areas but rental saturation.,0.0,Negative,Moderate,Munirka,2026.0,Apr-Jun,12104.49,14055.20573,10153.73835
906,Munirka,Proximity to business areas but rental saturation.,0.0,Negative,Moderate,Munirka,2026.0,Jul-Sep,11753.45,13647.59339,9859.271722
907,Munirka,Proximity to business areas but rental saturation.,0.0,Negative,Moderate,Munirka,2026.0,Oct-Dec,12082.62,14029.81124,10135.3929
908,Munirka,Proximity to business areas but rental saturation.,0.0,Negative,Moderate,Munirka,2027.0,Jan-Mar,12128.56,14083.15476,10173.92924
909,Munirka,Proximity to business areas but rental saturation.,0.0,Negative,Moderate,Munirka,2027.0,Apr-Jun,12145.93,14103.32405,10188.4999
910,Munirka,Proximity to business areas but rental saturation.,0.0,Negative,Moderate,Munirka,2027.0,Jul-Sep,11957.75,13884.81764,10030.64687
911,Munirka,Proximity to business areas but rental saturation.,0.0,Negative,Moderate,Munirka,2027.0,Oct-Dec,12477.94,14488.83957,10467.00339
912,Munirka,Proximity to business areas but rental saturation.,0.0,Negative,Moderate,Munirka,2028.0,Jan-Mar,13159.11,15279.78446,11038.39648
913,Munirka,Proximity to business areas but rental saturation.,0.0,Negative,Moderate,Munirka,2028.0,Apr-Jun,13154.72,15274.68699,11034.71397
914,Munirka,Proximity to business areas but rental saturation.,0.0,Negative,Moderate,Munirka,2028.0,Jul-Sep,13262.15,15399.43002,11124.83062
915,Munirka,Proximity to business areas but rental saturation.,0.0,Negative,Moderate,Munirka,2028.0,Oct-Dec,13686.4,15892.05061,11480.70877
916,Munirka,Proximity to business areas but rental saturation.,0.0,Negative,Moderate,Munirka,2029.0,Jan-Mar,13022.47,15121.12406,10923.77729
917,Munirka,Proximity to business areas but rental saturation.,0.0,Negative,Moderate,Munirka,2029.0,Apr-Jun,13006.93,15103.07969,10910.74171
918,Munirka,Proximity to business areas but rental saturation.,0.0,Negative,Moderate,Munirka,2029.0,Jul-Sep,13126.31,15241.69853,11010.88251
919,Munirka,Proximity to business areas but rental saturation.,0.0,Negative,Moderate,Munirka,2029.0,Oct-Dec,13393.92,15552.43559,11235.36465
920,Munirka,Proximity to business areas but rental saturation.,0.0,Negative,Moderate,Munirka,2030.0,Jan-Mar,13288.52,15430.04971,11146.95085
921,Munirka,Proximity to business areas but rental saturation.,0.0,Negative,Moderate,Munirka,2030.0,Apr-Jun,13391.51,15549.6372,11233.34305
922,Munirka,Proximity to business areas but rental saturation.,0.0,Negative,Moderate,Munirka,2030.0,Jul-Sep,13571.01,15758.06477,11383.91495
923,Munirka,Proximity to business areas but rental saturation.,0.0,Negative,Moderate,Munirka,2030.0,Oct-Dec,13803.21,16027.68528,11578.69375
924,Narwana Road,Mixed residential and commercial growth.,0.3818,Positive,Moderate,Narwana Road,2024.0,Jan-Mar,10370.39,12860.17473,8052.792937
925,Narwana Road,Mixed residential and commercial growth.,0.3818,Positive,Moderate,Narwana Road,2024.0,Apr-Jun,10424.33,12927.06497,8094.67831
926,Narwana Road,Mixed residential and commercial growth.,0.3818,Positive,Moderate,Narwana Road,2024.0,Jul-Sep,10669.88,13231.56807,8285.352267
927,Narwana Road,Mixed residential and commercial growth.,0.3818,Positive,Moderate,Narwana Road,2024.0,Oct-Dec,10865.17,13473.74445,8436.998438
928,Narwana Road,Mixed residential and commercial growth.,0.3818,Positive,Moderate,Narwana Road,2025.0,Jan-Mar,11480.61,14236.94293,8914.898583
929,Narwana Road,Mixed residential and commercial growth.,0.3818,Positive,Moderate,Narwana Road,2025.0,Apr-Jun,11449.93,14198.8971,8891.075016
930,Narwana Road,Mixed residential and commercial growth.,0.3818,Positive,Moderate,Narwana Road,2025.0,Jul-Sep,12059.78,14955.1635,9364.634426
931,Narwana Road,Mixed residential and commercial growth.,0.3818,Positive,Moderate,Narwana Road,2025.0,Oct-Dec,12408.59,15387.71788,9635.491617
932,Narwana Road,Mixed residential and commercial growth.,0.3818,Positive,Moderate,Narwana Road,2026.0,Jan-Mar,8647.7,10723.8911,6715.093403
933,Narwana Road,Mixed residential and commercial growth.,0.3818,Positive,Moderate,Narwana Road,2026.0,Apr-Jun,8688.7,10774.73462,6746.930635
934,Narwana Road,Mixed residential and commercial growth.,0.3818,Positive,Moderate,Narwana Road,2026.0,Jul-Sep,8738.5,10836.4909,6785.601224
935,Narwana Road,Mixed residential and commercial growth.,0.3818,Positive,Moderate,Narwana Road,2026.0,Oct-Dec,8854.0,10979.72083,6875.289036
936,Narwana Road,Mixed residential and commercial growth.,0.3818,Positive,Moderate,Narwana Road,2027.0,Jan-Mar,8991.0,11149.6126,6981.671981
937,Narwana Road,Mixed residential and commercial growth.,0.3818,Positive,Moderate,Narwana Road,2027.0,Apr-Jun,9011.3,11174.78635,6997.435293
938,Narwana Road,Mixed residential and commercial growth.,0.3818,Positive,Moderate,Narwana Road,2027.0,Jul-Sep,9080.2,11260.22827,7050.937373
939,Narwana Road,Mixed residential and commercial growth.,0.3818,Positive,Moderate,Narwana Road,2027.0,Oct-Dec,9210.7,11422.05948,7152.272952
940,Narwana Road,Mixed residential and commercial growth.,0.3818,Positive,Moderate,Narwana Road,2028.0,Jan-Mar,9317.1,11554.00462,7234.894452
941,Narwana Road,Mixed residential and commercial growth.,0.3818,Positive,Moderate,Narwana Road,2028.0,Apr-Jun,9319.0,11556.36079,7236.369835
942,Narwana Road,Mixed residential and commercial growth.,0.3818,Positive,Moderate,Narwana Road,2028.0,Jul-Sep,9380.0,11632.00603,7283.737424
943,Narwana Road,Mixed residential and commercial growth.,0.3818,Positive,Moderate,Narwana Road,2028.0,Oct-Dec,9436.0,11701.45084,7327.222424
944,Narwana Road,Mixed residential and commercial growth.,0.3818,Positive,Moderate,Narwana Road,2029.0,Jan-Mar,9765.42,12109.95995,7583.022934
945,Narwana Road,Mixed residential and commercial growth.,0.3818,Positive,Moderate,Narwana Road,2029.0,Apr-Jun,9800.92,12153.983,7610.589317
946,Narwana Road,Mixed residential and commercial growth.,0.3818,Positive,Moderate,Narwana Road,2029.0,Jul-Sep,9939.07,12325.30087,7717.865258
947,Narwana Road,Mixed residential and commercial growth.,0.3818,Positive,Moderate,Narwana Road,2029.0,Oct-Dec,10082.51,12503.17879,7829.248978
948,Narwana Road,Mixed residential and commercial growth.,0.3818,Positive,Moderate,Narwana Road,2030.0,Jan-Mar,10370.39,12860.17473,8052.792937
949,Narwana Road,Mixed residential and commercial growth.,0.3818,Positive,Moderate,Narwana Road,2030.0,Apr-Jun,10424.33,12927.06497,8094.67831
950,Narwana Road,Mixed residential and commercial growth.,0.3818,Positive,Moderate,Narwana Road,2030.0,Jul-Sep,10669.88,13231.56807,8285.352267
951,Narwana Road,Mixed residential and commercial growth.,0.3818,Positive,Moderate,Narwana Road,2030.0,Oct-Dec,10865.17,13473.74445,8436.998438
952,Nawada,Increasing demand but 0.25er-end developments.,-0.0644,Negative,High,Nawada,2024.0,Jan-Mar,4969.58,6185.325867,3751.066449
953,Nawada,Increasing demand but 0.25er-end developments.,-0.0644,Negative,High,Nawada,2024.0,Apr-Jun,5053.11,6289.290441,3814.115355
954,Nawada,Increasing demand but 0.25er-end developments.,-0.0644,Negative,High,Nawada,2024.0,Jul-Sep,5188.35,6457.615223,3916.195254
955,Nawada,Increasing demand but 0.25er-end developments.,-0.0644,Negative,High,Nawada,2024.0,Oct-Dec,5285.11,6578.046352,3989.230237
956,Nawada,Increasing demand but 0.25er-end developments.,-0.0644,Negative,High,Nawada,2025.0,Jan-Mar,5744.3,7149.571468,4335.829387
957,Nawada,Increasing demand but 0.25er-end developments.,-0.0644,Negative,High,Nawada,2025.0,Apr-Jun,5709.02,7105.660656,4309.199848
958,Nawada,Increasing demand but 0.25er-end developments.,-0.0644,Negative,High,Nawada,2025.0,Jul-Sep,5903.92,7348.240514,4456.311445
959,Nawada,Increasing demand but 0.25er-end developments.,-0.0644,Negative,High,Nawada,2025.0,Oct-Dec,6150.08,7654.620493,4642.114373
960,Nawada,Increasing demand but 0.25er-end developments.,-0.0644,Negative,High,Nawada,2026.0,Jan-Mar,4158.98,5176.42267,3139.221089
961,Nawada,Increasing demand but 0.25er-end developments.,-0.0644,Negative,High,Nawada,2026.0,Apr-Jun,4200.61,5228.236931,3170.643643
962,Nawada,Increasing demand but 0.25er-end developments.,-0.0644,Negative,High,Nawada,2026.0,Jul-Sep,4216.32,5247.790187,3182.501638
963,Nawada,Increasing demand but 0.25er-end developments.,-0.0644,Negative,High,Nawada,2026.0,Oct-Dec,4499.33,5600.03506,3396.11915
964,Nawada,Increasing demand but 0.25er-end developments.,-0.0644,Negative,High,Nawada,2027.0,Jan-Mar,4431.91,5516.121596,3345.230162
965,Nawada,Increasing demand but 0.25er-end developments.,-0.0644,Negative,High,Nawada,2027.0,Apr-Jun,4473.44,5567.811394,3376.577235
966,Nawada,Increasing demand but 0.25er-end developments.,-0.0644,Negative,High,Nawada,2027.0,Jul-Sep,4292.58,5342.706247,3240.063108
967,Nawada,Increasing demand but 0.25er-end developments.,-0.0644,Negative,High,Nawada,2027.0,Oct-Dec,4788.99,5960.556772,3614.756119
968,Nawada,Increasing demand but 0.25er-end developments.,-0.0644,Negative,High,Nawada,2028.0,Jan-Mar,4751.46,5913.845525,3586.428268
969,Nawada,Increasing demand but 0.25er-end developments.,-0.0644,Negative,High,Nawada,2028.0,Apr-Jun,4731.46,5888.952774,3571.332157
970,Nawada,Increasing demand but 0.25er-end developments.,-0.0644,Negative,High,Nawada,2028.0,Jul-Sep,4732.34,5890.048055,3571.996386
971,Nawada,Increasing demand but 0.25er-end developments.,-0.0644,Negative,High,Nawada,2028.0,Oct-Dec,4639.13,5774.035389,3501.640963
972,Nawada,Increasing demand but 0.25er-end developments.,-0.0644,Negative,High,Nawada,2029.0,Jan-Mar,4878.53,6072.001618,3682.341406
973,Nawada,Increasing demand but 0.25er-end developments.,-0.0644,Negative,High,Nawada,2029.0,Apr-Jun,4844.58,6029.746173,3656.715758
974,Nawada,Increasing demand but 0.25er-end developments.,-0.0644,Negative,High,Nawada,2029.0,Jul-Sep,4831.59,6013.578332,3646.910835
975,Nawada,Increasing demand but 0.25er-end developments.,-0.0644,Negative,High,Nawada,2029.0,Oct-Dec,5003.89,6228.029381,3776.963827
976,Nawada,Increasing demand but 0.25er-end developments.,-0.0644,Negative,High,Nawada,2030.0,Jan-Mar,4969.58,6185.325867,3751.066449
977,Nawada,Increasing demand but 0.25er-end developments.,-0.0644,Negative,High,Nawada,2030.0,Apr-Jun,5053.11,6289.290441,3814.115355
978,Nawada,Increasing demand but 0.25er-end developments.,-0.0644,Negative,High,Nawada,2030.0,Jul-Sep,5188.35,6457.615223,3916.195254
979,Nawada,Increasing demand but 0.25er-end developments.,-0.0644,Negative,High,Nawada,2030.0,Oct-Dec,5285.11,6578.046352,3989.230237
980,New Rohtak Road,0.5 investment potential due to traffic issues.,0.0,Negative,High,New Rohtak Road,2024.0,Jan-Mar,18444.99,21841.07431,15079.13154
981,New Rohtak Road,0.5 investment potential due to traffic issues.,0.0,Negative,High,New Rohtak Road,2024.0,Apr-Jun,18722.73,22169.95169,15306.18929
982,New Rohtak Road,0.5 investment potential due to traffic issues.,0.0,Negative,High,New Rohtak Road,2024.0,Jul-Sep,18806.9,22269.61904,15374.99988
983,New Rohtak Road,0.5 investment potential due to traffic issues.,0.0,Negative,High,New Rohtak Road,2024.0,Oct-Dec,18869.35,22343.56731,15426.05394
984,New Rohtak Road,0.5 investment potential due to traffic issues.,0.0,Negative,High,New Rohtak Road,2025.0,Jan-Mar,19446.47,23026.94642,15897.86056
985,New Rohtak Road,0.5 investment potential due to traffic issues.,0.0,Negative,High,New Rohtak Road,2025.0,Apr-Jun,19982.51,23661.68189,16336.0835
986,New Rohtak Road,0.5 investment potential due to traffic issues.,0.0,Negative,High,New Rohtak Road,2025.0,Jul-Sep,20423.86,24184.29308,16696.89555
987,New Rohtak Road,0.5 investment potential due to traffic issues.,0.0,Negative,High,New Rohtak Road,2025.0,Oct-Dec,20089.88,23788.82081,16423.86053
988,New Rohtak Road,0.5 investment potential due to traffic issues.,0.0,Negative,High,New Rohtak Road,2026.0,Jan-Mar,14029.2,16612.25079,11469.13889
989,New Rohtak Road,0.5 investment potential due to traffic issues.,0.0,Negative,High,New Rohtak Road,2026.0,Apr-Jun,14297.75,16930.24611,11688.68365
990,New Rohtak Road,0.5 investment potential due to traffic issues.,0.0,Negative,High,New Rohtak Road,2026.0,Jul-Sep,14346.5,16987.97194,11728.5377
991,New Rohtak Road,0.5 investment potential due to traffic issues.,0.0,Negative,High,New Rohtak Road,2026.0,Oct-Dec,14623.79,17316.31647,11955.22757
992,New Rohtak Road,0.5 investment potential due to traffic issues.,0.0,Negative,High,New Rohtak Road,2027.0,Jan-Mar,14489.6,17157.41946,11845.52469
993,New Rohtak Road,0.5 investment potential due to traffic issues.,0.0,Negative,High,New Rohtak Road,2027.0,Apr-Jun,14490.15,17158.07072,11845.97432
994,New Rohtak Road,0.5 investment potential due to traffic issues.,0.0,Negative,High,New Rohtak Road,2027.0,Jul-Sep,14633.72,17328.07478,11963.34554
995,New Rohtak Road,0.5 investment potential due to traffic issues.,0.0,Negative,High,New Rohtak Road,2027.0,Oct-Dec,15024.6,17790.92345,12282.8974
996,New Rohtak Road,0.5 investment potential due to traffic issues.,0.0,Negative,High,New Rohtak Road,2028.0,Jan-Mar,14381.64,17029.58191,11757.26532
997,New Rohtak Road,0.5 investment potential due to traffic issues.,0.0,Negative,High,New Rohtak Road,2028.0,Apr-Jun,14272.49,16900.33525,11668.03311
998,New Rohtak Road,0.5 investment potential due to traffic issues.,0.0,Negative,High,New Rohtak Road,2028.0,Jul-Sep,14438.42,17096.81622,11803.68406
999,New Rohtak Road,0.5 investment potential due to traffic issues.,0.0,Negative,High,New Rohtak Road,2028.0,Oct-Dec,14459.59,17121.88403,11820.99094
1000,New Rohtak Road,0.5 investment potential due to traffic issues.,0.0,Negative,High,New Rohtak Road,2029.0,Jan-Mar,16532.9,19576.93105,13515.96145
1001,New Rohtak Road,0.5 investment potential due to traffic issues.,0.0,Negative,High,New Rohtak Road,2029.0,Apr-Jun,16621.74,19682.12824,13588.58985
1002,New Rohtak Road,0.5 investment potential due to traffic issues.,0.0,Negative,High,New Rohtak Road,2029.0,Jul-Sep,16688.24,19760.87219,13642.95487
1003,New Rohtak Road,0.5 investment potential due to traffic issues.,0.0,Negative,High,New Rohtak Road,2029.0,Oct-Dec,16794.05,19886.16389,13729.45656
1004,New Rohtak Road,0.5 investment potential due to traffic issues.,0.0,Negative,High,New Rohtak Road,2030.0,Jan-Mar,18444.99,21841.07431,15079.13154
1005,New Rohtak Road,0.5 investment potential due to traffic issues.,0.0,Negative,High,New Rohtak Road,2030.0,Apr-Jun,18722.73,22169.95169,15306.18929
1006,New Rohtak Road,0.5 investment potential due to traffic issues.,0.0,Negative,High,New Rohtak Road,2030.0,Jul-Sep,18806.9,22269.61904,15374.99988
1007,New Rohtak Road,0.5 investment potential due to traffic issues.,0.0,Negative,High,New Rohtak Road,2030.0,Oct-Dec,18869.35,22343.56731,15426.05394
1008,Okhla Estate Marg,0.75 commercial dominance affecting housing affordability.,0.2023,Positive,Moderate,Okhla Estate Marg,2024.0,Jan-Mar,11983.36,14968.28795,8554.964543
1009,Okhla Estate Marg,0.75 commercial dominance affecting housing affordability.,0.2023,Positive,Moderate,Okhla Estate Marg,2024.0,Apr-Jun,12042.4,15042.03419,8597.113415
1010,Okhla Estate Marg,0.75 commercial dominance affecting housing affordability.,0.2023,Positive,Moderate,Okhla Estate Marg,2024.0,Jul-Sep,12376.6,15459.47986,8835.700017
1011,Okhla Estate Marg,0.75 commercial dominance affecting housing affordability.,0.2023,Positive,Moderate,Okhla Estate Marg,2024.0,Oct-Dec,12629.35,15775.18721,9016.139167
1012,Okhla Estate Marg,0.75 commercial dominance affecting housing affordability.,0.2023,Positive,Moderate,Okhla Estate Marg,2025.0,Jan-Mar,12948.08,16173.30947,9243.68168
1013,Okhla Estate Marg,0.75 commercial dominance affecting housing affordability.,0.2023,Positive,Moderate,Okhla Estate Marg,2025.0,Apr-Jun,13177.02,16459.276,9407.122783
1014,Okhla Estate Marg,0.75 commercial dominance affecting housing affordability.,0.2023,Positive,Moderate,Okhla Estate Marg,2025.0,Jul-Sep,13967.85,17447.09337,9971.699214
1015,Okhla Estate Marg,0.75 commercial dominance affecting housing affordability.,0.2023,Positive,Moderate,Okhla Estate Marg,2025.0,Oct-Dec,14128.59,17647.872,10086.45209
1016,Okhla Estate Marg,0.75 commercial dominance affecting housing affordability.,0.2023,Positive,Moderate,Okhla Estate Marg,2026.0,Jan-Mar,8932.2,11157.11633,6376.730257
1017,Okhla Estate Marg,0.75 commercial dominance affecting housing affordability.,0.2023,Positive,Moderate,Okhla Estate Marg,2026.0,Apr-Jun,9094.3,11359.59373,6492.45404
1018,Okhla Estate Marg,0.75 commercial dominance affecting housing affordability.,0.2023,Positive,Moderate,Okhla Estate Marg,2026.0,Jul-Sep,9255.39,11560.80954,6607.45678
1019,Okhla Estate Marg,0.75 commercial dominance affecting housing affordability.,0.2023,Positive,Moderate,Okhla Estate Marg,2026.0,Oct-Dec,9373.09,11707.82736,6691.483241
1020,Okhla Estate Marg,0.75 commercial dominance affecting housing affordability.,0.2023,Positive,Moderate,Okhla Estate Marg,2027.0,Jan-Mar,9807.5,12250.44429,7001.610129
1021,Okhla Estate Marg,0.75 commercial dominance affecting housing affordability.,0.2023,Positive,Moderate,Okhla Estate Marg,2027.0,Apr-Jun,9802.3,12243.94902,6997.89783
1022,Okhla Estate Marg,0.75 commercial dominance affecting housing affordability.,0.2023,Positive,Moderate,Okhla Estate Marg,2027.0,Jul-Sep,9868.4,12326.51383,7045.086862
1023,Okhla Estate Marg,0.75 commercial dominance affecting housing affordability.,0.2023,Positive,Moderate,Okhla Estate Marg,2027.0,Oct-Dec,9952.87,12432.02441,7105.390304
1024,Okhla Estate Marg,0.75 commercial dominance affecting housing affordability.,0.2023,Positive,Moderate,Okhla Estate Marg,2028.0,Jan-Mar,10158.94,12689.42427,7252.50443
1025,Okhla Estate Marg,0.75 commercial dominance affecting housing affordability.,0.2023,Positive,Moderate,Okhla Estate Marg,2028.0,Apr-Jun,10154.54,12683.92827,7249.363254
1026,Okhla Estate Marg,0.75 commercial dominance affecting housing affordability.,0.2023,Positive,Moderate,Okhla Estate Marg,2028.0,Jul-Sep,10313.82,12882.88323,7363.073829
1027,Okhla Estate Marg,0.75 commercial dominance affecting housing affordability.,0.2023,Positive,Moderate,Okhla Estate Marg,2028.0,Oct-Dec,10374.12,12958.20332,7406.12222
1028,Okhla Estate Marg,0.75 commercial dominance affecting housing affordability.,0.2023,Positive,Moderate,Okhla Estate Marg,2029.0,Jan-Mar,11050.8,13803.43714,7889.206547
1029,Okhla Estate Marg,0.75 commercial dominance affecting housing affordability.,0.2023,Positive,Moderate,Okhla Estate Marg,2029.0,Apr-Jun,11157.5,13936.71498,7965.380067
1030,Okhla Estate Marg,0.75 commercial dominance affecting housing affordability.,0.2023,Positive,Moderate,Okhla Estate Marg,2029.0,Jul-Sep,11260.2,14064.99646,8038.697973
1031,Okhla Estate Marg,0.75 commercial dominance affecting housing affordability.,0.2023,Positive,Moderate,Okhla Estate Marg,2029.0,Oct-Dec,11806.6,14747.49891,8428.774932
1032,Okhla Estate Marg,0.75 commercial dominance affecting housing affordability.,0.2023,Positive,Moderate,Okhla Estate Marg,2030.0,Jan-Mar,11983.36,14968.28795,8554.964543
1033,Okhla Estate Marg,0.75 commercial dominance affecting housing affordability.,0.2023,Positive,Moderate,Okhla Estate Marg,2030.0,Apr-Jun,12042.4,15042.03419,8597.113415
1034,Okhla Estate Marg,0.75 commercial dominance affecting housing affordability.,0.2023,Positive,Moderate,Okhla Estate Marg,2030.0,Jul-Sep,12376.6,15459.47986,8835.700017
1035,Okhla Estate Marg,0.75 commercial dominance affecting housing affordability.,0.2023,Positive,Moderate,Okhla Estate Marg,2030.0,Oct-Dec,12629.35,15775.18721,9016.139167
1036,Pandav Nagar,Affordable housing but infrastructure issues.,0.0,Negative,Moderate,Pandav Nagar,2024.0,Jan-Mar,22836.72,28314.06584,20230.85692
1037,Pandav Nagar,Affordable housing but infrastructure issues.,0.0,Negative,Moderate,Pandav Nagar,2024.0,Apr-Jun,23097.7,28637.64141,20462.0569
1038,Pandav Nagar,Affordable housing but infrastructure issues.,0.0,Negative,Moderate,Pandav Nagar,2024.0,Jul-Sep,23664.0,29339.76744,20963.73727
1039,Pandav Nagar,Affordable housing but infrastructure issues.,0.0,Negative,Moderate,Pandav Nagar,2024.0,Oct-Dec,23542.18,29188.72914,20855.81797
1040,Pandav Nagar,Affordable housing but infrastructure issues.,0.0,Negative,Moderate,Pandav Nagar,2025.0,Jan-Mar,24021.33,29782.80239,21280.29289
1041,Pandav Nagar,Affordable housing but infrastructure issues.,0.0,Negative,Moderate,Pandav Nagar,2025.0,Apr-Jun,25225.85,31276.22433,22347.36696
1042,Pandav Nagar,Affordable housing but infrastructure issues.,0.0,Negative,Moderate,Pandav Nagar,2025.0,Jul-Sep,26284.11,32588.30607,23284.87054
1043,Pandav Nagar,Affordable housing but infrastructure issues.,0.0,Negative,Moderate,Pandav Nagar,2025.0,Oct-Dec,26797.92,33225.35246,23740.05047
1044,Pandav Nagar,Affordable housing but infrastructure issues.,0.0,Negative,Moderate,Pandav Nagar,2026.0,Jan-Mar,16557.5,20528.78632,14668.14908
1045,Pandav Nagar,Affordable housing but infrastructure issues.,0.0,Negative,Moderate,Pandav Nagar,2026.0,Apr-Jun,16658.5,20654.01098,14757.62413
1046,Pandav Nagar,Affordable housing but infrastructure issues.,0.0,Negative,Moderate,Pandav Nagar,2026.0,Jul-Sep,16586.0,20564.12199,14693.39699
1047,Pandav Nagar,Affordable housing but infrastructure issues.,0.0,Negative,Moderate,Pandav Nagar,2026.0,Oct-Dec,16631.4,20620.4111,14733.61647
1048,Pandav Nagar,Affordable housing but infrastructure issues.,0.0,Negative,Moderate,Pandav Nagar,2027.0,Jan-Mar,18096.0,22436.29275,16031.09321
1049,Pandav Nagar,Affordable housing but infrastructure issues.,0.0,Negative,Moderate,Pandav Nagar,2027.0,Apr-Jun,18081.0,22417.69503,16017.80483
1050,Pandav Nagar,Affordable housing but infrastructure issues.,0.0,Negative,Moderate,Pandav Nagar,2027.0,Jul-Sep,18240.5,22615.45081,16159.10453
1051,Pandav Nagar,Affordable housing but infrastructure issues.,0.0,Negative,Moderate,Pandav Nagar,2027.0,Oct-Dec,18579.1,23035.26341,16459.06741
1052,Pandav Nagar,Affordable housing but infrastructure issues.,0.0,Negative,Moderate,Pandav Nagar,2028.0,Jan-Mar,19345.0,23984.86313,17137.57173
1053,Pandav Nagar,Affordable housing but infrastructure issues.,0.0,Negative,Moderate,Pandav Nagar,2028.0,Apr-Jun,19299.0,23927.83012,17096.82072
1054,Pandav Nagar,Affordable housing but infrastructure issues.,0.0,Negative,Moderate,Pandav Nagar,2028.0,Jul-Sep,19672.6,24391.0374,17427.7898
1055,Pandav Nagar,Affordable housing but infrastructure issues.,0.0,Negative,Moderate,Pandav Nagar,2028.0,Oct-Dec,20003.9,24801.7991,17721.28567
1056,Pandav Nagar,Affordable housing but infrastructure issues.,0.0,Negative,Moderate,Pandav Nagar,2029.0,Jan-Mar,20803.3,25792.93374,18429.46736
1057,Pandav Nagar,Affordable housing but infrastructure issues.,0.0,Negative,Moderate,Pandav Nagar,2029.0,Apr-Jun,21048.3,26096.69655,18646.51079
1058,Pandav Nagar,Affordable housing but infrastructure issues.,0.0,Negative,Moderate,Pandav Nagar,2029.0,Jul-Sep,21228.9,26320.61313,18806.5028
1059,Pandav Nagar,Affordable housing but infrastructure issues.,0.0,Negative,Moderate,Pandav Nagar,2029.0,Oct-Dec,21905.89,27159.97795,19406.24251
1060,Pandav Nagar,Affordable housing but infrastructure issues.,0.0,Negative,Moderate,Pandav Nagar,2030.0,Jan-Mar,22836.72,28314.06584,20230.85692
1061,Pandav Nagar,Affordable housing but infrastructure issues.,0.0,Negative,Moderate,Pandav Nagar,2030.0,Apr-Jun,23097.7,28637.64141,20462.0569
1062,Pandav Nagar,Affordable housing but infrastructure issues.,0.0,Negative,Moderate,Pandav Nagar,2030.0,Jul-Sep,23664.0,29339.76744,20963.73727
1063,Pandav Nagar,Affordable housing but infrastructure issues.,0.0,Negative,Moderate,Pandav Nagar,2030.0,Oct-Dec,23542.18,29188.72914,20855.81797
1064,Pankha Road,0.5 demand with occasional price variations.,-0.128,Neutral,Moderate,Pankha Road,2024.0,Jan-Mar,10794.3,13646.70366,7550.026175
1065,Pankha Road,0.5 demand with occasional price variations.,-0.128,Neutral,Moderate,Pankha Road,2024.0,Apr-Jun,10807.51,13663.40441,7559.265852
1066,Pankha Road,0.5 demand with occasional price variations.,-0.128,Neutral,Moderate,Pankha Road,2024.0,Jul-Sep,11154.88,14102.56725,7802.232287
1067,Pankha Road,0.5 demand with occasional price variations.,-0.128,Neutral,Moderate,Pankha Road,2024.0,Oct-Dec,11492.99,14530.02313,8038.721856
1068,Pankha Road,0.5 demand with occasional price variations.,-0.128,Neutral,Moderate,Pankha Road,2025.0,Jan-Mar,11968.92,15131.71807,8371.609024
1069,Pankha Road,0.5 demand with occasional price variations.,-0.128,Neutral,Moderate,Pankha Road,2025.0,Apr-Jun,12288.96,15536.32893,8595.45961
1070,Pankha Road,0.5 demand with occasional price variations.,-0.128,Neutral,Moderate,Pankha Road,2025.0,Jul-Sep,13020.69,16461.41926,9107.264975
1071,Pankha Road,0.5 demand with occasional price variations.,-0.128,Neutral,Moderate,Pankha Road,2025.0,Oct-Dec,13536.72,17113.81066,9468.199913
1072,Pankha Road,0.5 demand with occasional price variations.,-0.128,Neutral,Moderate,Pankha Road,2026.0,Jan-Mar,8216.26,10387.41423,5746.827313
1073,Pankha Road,0.5 demand with occasional price variations.,-0.128,Neutral,Moderate,Pankha Road,2026.0,Apr-Jun,8213.2,10383.54562,5744.687009
1074,Pankha Road,0.5 demand with occasional price variations.,-0.128,Neutral,Moderate,Pankha Road,2026.0,Jul-Sep,8195.07,10360.62475,5732.006059
1075,Pankha Road,0.5 demand with occasional price variations.,-0.128,Neutral,Moderate,Pankha Road,2026.0,Oct-Dec,8351.8,10558.7708,5841.630176
1076,Pankha Road,0.5 demand with occasional price variations.,-0.128,Neutral,Moderate,Pankha Road,2027.0,Jan-Mar,8622.26,10900.7001,6030.802246
1077,Pankha Road,0.5 demand with occasional price variations.,-0.128,Neutral,Moderate,Pankha Road,2027.0,Apr-Jun,8650.19,10936.01063,6050.337763
1078,Pankha Road,0.5 demand with occasional price variations.,-0.128,Neutral,Moderate,Pankha Road,2027.0,Jul-Sep,8699.87,10998.81861,6085.086223
1079,Pankha Road,0.5 demand with occasional price variations.,-0.128,Neutral,Moderate,Pankha Road,2027.0,Oct-Dec,8859.03,11200.03679,6196.409993
1080,Pankha Road,0.5 demand with occasional price variations.,-0.128,Neutral,Moderate,Pankha Road,2028.0,Jan-Mar,9034.63,11422.03925,6319.232649
1081,Pankha Road,0.5 demand with occasional price variations.,-0.128,Neutral,Moderate,Pankha Road,2028.0,Apr-Jun,9116.33,11525.32855,6376.377358
1082,Pankha Road,0.5 demand with occasional price variations.,-0.128,Neutral,Moderate,Pankha Road,2028.0,Jul-Sep,9157.02,11576.77092,6404.837802
1083,Pankha Road,0.5 demand with occasional price variations.,-0.128,Neutral,Moderate,Pankha Road,2028.0,Oct-Dec,9429.74,11921.55743,6595.590619
1084,Pankha Road,0.5 demand with occasional price variations.,-0.128,Neutral,Moderate,Pankha Road,2029.0,Jan-Mar,10062.41,12721.41106,7038.108899
1085,Pankha Road,0.5 demand with occasional price variations.,-0.128,Neutral,Moderate,Pankha Road,2029.0,Apr-Jun,10136.96,12815.66096,7090.252572
1086,Pankha Road,0.5 demand with occasional price variations.,-0.128,Neutral,Moderate,Pankha Road,2029.0,Jul-Sep,10286.43,13004.62855,7194.798713
1087,Pankha Road,0.5 demand with occasional price variations.,-0.128,Neutral,Moderate,Pankha Road,2029.0,Oct-Dec,10941.76,13833.1301,7653.16643
1088,Pankha Road,0.5 demand with occasional price variations.,-0.128,Neutral,Moderate,Pankha Road,2030.0,Jan-Mar,10794.3,13646.70366,7550.026175
1089,Pankha Road,0.5 demand with occasional price variations.,-0.128,Neutral,Moderate,Pankha Road,2030.0,Apr-Jun,10807.51,13663.40441,7559.265852
1090,Pankha Road,0.5 demand with occasional price variations.,-0.128,Neutral,Moderate,Pankha Road,2030.0,Jul-Sep,11154.88,14102.56725,7802.232287
1091,Pankha Road,0.5 demand with occasional price variations.,-0.128,Neutral,Moderate,Pankha Road,2030.0,Oct-Dec,11492.99,14530.02313,8038.721856
1092,Paschim Vihar,Established residential area with stable prices.,0.296,Positive,Moderate,Paschim Vihar,2024.0,Jan-Mar,10054.94,12598.72087,7511.31331
1093,Paschim Vihar,Established residential area with stable prices.,0.296,Positive,Moderate,Paschim Vihar,2024.0,Apr-Jun,10297.47,12902.60809,7692.489808
1094,Paschim Vihar,Established residential area with stable prices.,0.296,Positive,Moderate,Paschim Vihar,2024.0,Jul-Sep,10797.66,13529.34024,8066.145325
1095,Paschim Vihar,Established residential area with stable prices.,0.296,Positive,Moderate,Paschim Vihar,2024.0,Oct-Dec,11214.06,14051.08452,8377.207436
1096,Paschim Vihar,Established residential area with stable prices.,0.296,Positive,Moderate,Paschim Vihar,2025.0,Jan-Mar,11095.39,13902.39241,8288.557723
1097,Paschim Vihar,Established residential area with stable prices.,0.296,Positive,Moderate,Paschim Vihar,2025.0,Apr-Jun,11209.51,14045.38342,8373.808463
1098,Paschim Vihar,Established residential area with stable prices.,0.296,Positive,Moderate,Paschim Vihar,2025.0,Jul-Sep,11485.49,14391.1831,8579.973019
1099,Paschim Vihar,Established residential area with stable prices.,0.296,Positive,Moderate,Paschim Vihar,2025.0,Oct-Dec,12027.6,15070.44051,8984.943915
1100,Paschim Vihar,Established residential area with stable prices.,0.296,Positive,Moderate,Paschim Vihar,2026.0,Jan-Mar,9608.28,12039.06117,7177.646157
1101,Paschim Vihar,Established residential area with stable prices.,0.296,Positive,Moderate,Paschim Vihar,2026.0,Apr-Jun,9543.26,11957.59188,7129.074451
1102,Paschim Vihar,Established residential area with stable prices.,0.296,Positive,Moderate,Paschim Vihar,2026.0,Jul-Sep,9740.63,12204.89416,7276.515202
1103,Paschim Vihar,Established residential area with stable prices.,0.296,Positive,Moderate,Paschim Vihar,2026.0,Oct-Dec,10055.36,12599.24712,7511.627062
1104,Paschim Vihar,Established residential area with stable prices.,0.296,Positive,Moderate,Paschim Vihar,2027.0,Jan-Mar,9647.64,12088.37879,7207.049146
1105,Paschim Vihar,Established residential area with stable prices.,0.296,Positive,Moderate,Paschim Vihar,2027.0,Apr-Jun,9599.82,12028.46089,7171.326307
1106,Paschim Vihar,Established residential area with stable prices.,0.296,Positive,Moderate,Paschim Vihar,2027.0,Jul-Sep,9639.96,12078.75584,7201.311978
1107,Paschim Vihar,Established residential area with stable prices.,0.296,Positive,Moderate,Paschim Vihar,2027.0,Oct-Dec,9723.35,12183.24252,7263.606573
1108,Paschim Vihar,Established residential area with stable prices.,0.296,Positive,Moderate,Paschim Vihar,2028.0,Jan-Mar,9383.44,11757.33931,7009.68457
1109,Paschim Vihar,Established residential area with stable prices.,0.296,Positive,Moderate,Paschim Vihar,2028.0,Apr-Jun,9342.25,11705.72873,6978.914521
1110,Paschim Vihar,Established residential area with stable prices.,0.296,Positive,Moderate,Paschim Vihar,2028.0,Jul-Sep,9424.32,11808.56147,7040.22304
1111,Paschim Vihar,Established residential area with stable prices.,0.296,Positive,Moderate,Paschim Vihar,2028.0,Oct-Dec,9751.23,12218.17583,7284.43369
1112,Paschim Vihar,Established residential area with stable prices.,0.296,Positive,Moderate,Paschim Vihar,2029.0,Jan-Mar,9894.11,12397.20278,7391.168932
1113,Paschim Vihar,Established residential area with stable prices.,0.296,Positive,Moderate,Paschim Vihar,2029.0,Apr-Jun,9993.32,12521.51174,7465.281496
1114,Paschim Vihar,Established residential area with stable prices.,0.296,Positive,Moderate,Paschim Vihar,2029.0,Jul-Sep,10304.76,12911.74237,7697.935636
1115,Paschim Vihar,Established residential area with stable prices.,0.296,Positive,Moderate,Paschim Vihar,2029.0,Oct-Dec,10850.23,13595.20983,8105.416543
1116,Paschim Vihar,Established residential area with stable prices.,0.296,Positive,Moderate,Paschim Vihar,2030.0,Jan-Mar,10054.94,12598.72087,7511.31331
1117,Paschim Vihar,Established residential area with stable prices.,0.296,Positive,Moderate,Paschim Vihar,2030.0,Apr-Jun,10297.47,12902.60809,7692.489808
1118,Paschim Vihar,Established residential area with stable prices.,0.296,Positive,Moderate,Paschim Vihar,2030.0,Jul-Sep,10797.66,13529.34024,8066.145325
1119,Paschim Vihar,Established residential area with stable prices.,0.296,Positive,Moderate,Paschim Vihar,2030.0,Oct-Dec,11214.06,14051.08452,8377.207436
1120,Patel Road,Mix of commercial and residential impacting demand.,-0.128,Neutral,High,Patel Road,2024.0,Jan-Mar,18716.12,24249.78107,13431.40292
1121,Patel Road,Mix of commercial and residential impacting demand.,-0.128,Neutral,High,Patel Road,2024.0,Apr-Jun,18831.3,24399.01551,13514.06049
1122,Patel Road,Mix of commercial and residential impacting demand.,-0.128,Neutral,High,Patel Road,2024.0,Jul-Sep,19166.49,24833.30874,13754.60564
1123,Patel Road,Mix of commercial and residential impacting demand.,-0.128,Neutral,High,Patel Road,2024.0,Oct-Dec,19495.68,25259.82799,13990.84496
1124,Patel Road,Mix of commercial and residential impacting demand.,-0.128,Neutral,High,Patel Road,2025.0,Jan-Mar,20221.01,26199.61111,14511.36949
1125,Patel Road,Mix of commercial and residential impacting demand.,-0.128,Neutral,High,Patel Road,2025.0,Apr-Jun,21047.95,27271.04653,15104.81323
1126,Patel Road,Mix of commercial and residential impacting demand.,-0.128,Neutral,High,Patel Road,2025.0,Jul-Sep,20998.67,27207.19627,15069.44802
1127,Patel Road,Mix of commercial and residential impacting demand.,-0.128,Neutral,High,Patel Road,2025.0,Oct-Dec,21736.58,28163.27883,15599.00043
1128,Patel Road,Mix of commercial and residential impacting demand.,-0.128,Neutral,High,Patel Road,2026.0,Jan-Mar,15686.0,20323.7672,11256.87301
1129,Patel Road,Mix of commercial and residential impacting demand.,-0.128,Neutral,High,Patel Road,2026.0,Apr-Jun,15727.0,20376.88938,11286.29618
1130,Patel Road,Mix of commercial and residential impacting demand.,-0.128,Neutral,High,Patel Road,2026.0,Jul-Sep,15836.0,20518.11663,11364.51875
1131,Patel Road,Mix of commercial and residential impacting demand.,-0.128,Neutral,High,Patel Road,2026.0,Oct-Dec,15947.5,20662.58303,11444.53541
1132,Patel Road,Mix of commercial and residential impacting demand.,-0.128,Neutral,High,Patel Road,2027.0,Jan-Mar,16354.5,21189.91781,11736.61416
1133,Patel Road,Mix of commercial and residential impacting demand.,-0.128,Neutral,High,Patel Road,2027.0,Apr-Jun,16347.5,21180.84817,11731.59069
1134,Patel Road,Mix of commercial and residential impacting demand.,-0.128,Neutral,High,Patel Road,2027.0,Jul-Sep,16540.0,21430.26326,11869.73605
1135,Patel Road,Mix of commercial and residential impacting demand.,-0.128,Neutral,High,Patel Road,2027.0,Oct-Dec,16679.5,21611.00823,11969.84658
1136,Patel Road,Mix of commercial and residential impacting demand.,-0.128,Neutral,High,Patel Road,2028.0,Jan-Mar,17011.0,22040.52046,12207.74365
1137,Patel Road,Mix of commercial and residential impacting demand.,-0.128,Neutral,High,Patel Road,2028.0,Apr-Jun,17072.5,22120.20372,12251.8784
1138,Patel Road,Mix of commercial and residential impacting demand.,-0.128,Neutral,High,Patel Road,2028.0,Jul-Sep,17306.0,22422.74099,12419.44692
1139,Patel Road,Mix of commercial and residential impacting demand.,-0.128,Neutral,High,Patel Road,2028.0,Oct-Dec,17478.5,22646.24283,12543.23951
1140,Patel Road,Mix of commercial and residential impacting demand.,-0.128,Neutral,High,Patel Road,2029.0,Jan-Mar,17565.69,22759.21167,12605.81039
1141,Patel Road,Mix of commercial and residential impacting demand.,-0.128,Neutral,High,Patel Road,2029.0,Apr-Jun,17658.58,22879.5658,12672.4718
1142,Patel Road,Mix of commercial and residential impacting demand.,-0.128,Neutral,High,Patel Road,2029.0,Jul-Sep,17753.5,23002.55011,12740.59002
1143,Patel Road,Mix of commercial and residential impacting demand.,-0.128,Neutral,High,Patel Road,2029.0,Oct-Dec,18294.86,23703.97014,13129.09064
1144,Patel Road,Mix of commercial and residential impacting demand.,-0.128,Neutral,High,Patel Road,2030.0,Jan-Mar,18716.12,24249.78107,13431.40292
1145,Patel Road,Mix of commercial and residential impacting demand.,-0.128,Neutral,High,Patel Road,2030.0,Apr-Jun,18831.3,24399.01551,13514.06049
1146,Patel Road,Mix of commercial and residential impacting demand.,-0.128,Neutral,High,Patel Road,2030.0,Jul-Sep,19166.49,24833.30874,13754.60564
1147,Patel Road,Mix of commercial and residential impacting demand.,-0.128,Neutral,High,Patel Road,2030.0,Oct-Dec,19495.68,25259.82799,13990.84496
1148,Patparganj,Balanced market but occasional supply shortages.,-0.2263,Neutral,Moderate,Patparganj,2024.0,Jan-Mar,10879.53,13193.21642,8565.574748
1149,Patparganj,Balanced market but occasional supply shortages.,-0.2263,Neutral,Moderate,Patparganj,2024.0,Apr-Jun,10890.94,13207.05292,8574.557967
1150,Patparganj,Balanced market but occasional supply shortages.,-0.2263,Neutral,Moderate,Patparganj,2024.0,Jul-Sep,11322.72,13730.65706,8914.503155
1151,Patparganj,Balanced market but occasional supply shortages.,-0.2263,Neutral,Moderate,Patparganj,2024.0,Oct-Dec,11544.19,13999.2258,9088.868944
1152,Patparganj,Balanced market but occasional supply shortages.,-0.2263,Neutral,Moderate,Patparganj,2025.0,Jan-Mar,12738.92,15448.03209,10029.49314
1153,Patparganj,Balanced market but occasional supply shortages.,-0.2263,Neutral,Moderate,Patparganj,2025.0,Apr-Jun,13257.77,16077.2229,10437.9895
1154,Patparganj,Balanced market but occasional supply shortages.,-0.2263,Neutral,Moderate,Patparganj,2025.0,Jul-Sep,12774.51,15491.1908,10057.51354
1155,Patparganj,Balanced market but occasional supply shortages.,-0.2263,Neutral,Moderate,Patparganj,2025.0,Oct-Dec,13330.12,16164.95915,10494.95146
1156,Patparganj,Balanced market but occasional supply shortages.,-0.2263,Neutral,Moderate,Patparganj,2026.0,Jan-Mar,10627.77,12887.91608,8367.361305
1157,Patparganj,Balanced market but occasional supply shortages.,-0.2263,Neutral,Moderate,Patparganj,2026.0,Apr-Jun,10552.47,12796.60247,8308.076779
1158,Patparganj,Balanced market but occasional supply shortages.,-0.2263,Neutral,Moderate,Patparganj,2026.0,Jul-Sep,10686.31,12958.90545,8413.450497
1159,Patparganj,Balanced market but occasional supply shortages.,-0.2263,Neutral,Moderate,Patparganj,2026.0,Oct-Dec,10577.91,12827.45265,8328.105973
1160,Patparganj,Balanced market but occasional supply shortages.,-0.2263,Neutral,Moderate,Patparganj,2027.0,Jan-Mar,10445.37,12666.72614,8223.75576
1161,Patparganj,Balanced market but occasional supply shortages.,-0.2263,Neutral,Moderate,Patparganj,2027.0,Apr-Jun,10459.69,12684.09149,8235.030055
1162,Patparganj,Balanced market but occasional supply shortages.,-0.2263,Neutral,Moderate,Patparganj,2027.0,Jul-Sep,10385.86,12594.56049,8176.902876
1163,Patparganj,Balanced market but occasional supply shortages.,-0.2263,Neutral,Moderate,Patparganj,2027.0,Oct-Dec,10394.84,12605.45021,8183.97293
1164,Patparganj,Balanced market but occasional supply shortages.,-0.2263,Neutral,Moderate,Patparganj,2028.0,Jan-Mar,10621.93,12880.83412,8362.763408
1165,Patparganj,Balanced market but occasional supply shortages.,-0.2263,Neutral,Moderate,Patparganj,2028.0,Apr-Jun,10625.12,12884.70252,8365.27493
1166,Patparganj,Balanced market but occasional supply shortages.,-0.2263,Neutral,Moderate,Patparganj,2028.0,Jul-Sep,10725.88,13006.89057,8444.604397
1167,Patparganj,Balanced market but occasional supply shortages.,-0.2263,Neutral,Moderate,Patparganj,2028.0,Oct-Dec,10686.71,12959.39051,8413.765421
1168,Patparganj,Balanced market but occasional supply shortages.,-0.2263,Neutral,Moderate,Patparganj,2029.0,Jan-Mar,11073.4,13428.31563,8718.210751
1169,Patparganj,Balanced market but occasional supply shortages.,-0.2263,Neutral,Moderate,Patparganj,2029.0,Apr-Jun,10950.6,13279.40046,8621.528948
1170,Patparganj,Balanced market but occasional supply shortages.,-0.2263,Neutral,Moderate,Patparganj,2029.0,Jul-Sep,10865.76,13176.51803,8554.733474
1171,Patparganj,Balanced market but occasional supply shortages.,-0.2263,Neutral,Moderate,Patparganj,2029.0,Oct-Dec,11134.43,13502.32452,8766.260347
1172,Patparganj,Balanced market but occasional supply shortages.,-0.2263,Neutral,Moderate,Patparganj,2030.0,Jan-Mar,10879.53,13193.21642,8565.574748
1173,Patparganj,Balanced market but occasional supply shortages.,-0.2263,Neutral,Moderate,Patparganj,2030.0,Apr-Jun,10890.94,13207.05292,8574.557967
1174,Patparganj,Balanced market but occasional supply shortages.,-0.2263,Neutral,Moderate,Patparganj,2030.0,Jul-Sep,11322.72,13730.65706,8914.503155
1175,Patparganj,Balanced market but occasional supply shortages.,-0.2263,Neutral,Moderate,Patparganj,2030.0,Oct-Dec,11544.19,13999.2258,9088.868944
1176,Pitam Pura,0.75-end locality with strong real estate stability.,0.5106,Positive,Moderate,Pitam Pura,2024.0,Jan-Mar,10800.36,13635.80952,7965.023787
1177,Pitam Pura,0.75-end locality with strong real estate stability.,0.5106,Positive,Moderate,Pitam Pura,2024.0,Apr-Jun,10716.51,13529.94614,7903.186288
1178,Pitam Pura,0.75-end locality with strong real estate stability.,0.5106,Positive,Moderate,Pitam Pura,2024.0,Jul-Sep,11273.16,14232.73506,8313.703205
1179,Pitam Pura,0.75-end locality with strong real estate stability.,0.5106,Positive,Moderate,Pitam Pura,2024.0,Oct-Dec,11644.12,14701.08425,8587.277903
1180,Pitam Pura,0.75-end locality with strong real estate stability.,0.5106,Positive,Moderate,Pitam Pura,2025.0,Jan-Mar,12373.68,15622.17773,9125.312075
1181,Pitam Pura,0.75-end locality with strong real estate stability.,0.5106,Positive,Moderate,Pitam Pura,2025.0,Apr-Jun,12702.57,16037.41217,9367.86109
1182,Pitam Pura,0.75-end locality with strong real estate stability.,0.5106,Positive,Moderate,Pitam Pura,2025.0,Jul-Sep,12161.39,15354.15463,8968.752952
1183,Pitam Pura,0.75-end locality with strong real estate stability.,0.5106,Positive,Moderate,Pitam Pura,2025.0,Oct-Dec,12646.54,15966.67245,9326.540219
1184,Pitam Pura,0.75-end locality with strong real estate stability.,0.5106,Positive,Moderate,Pitam Pura,2026.0,Jan-Mar,10919.13,13785.76055,8052.614003
1185,Pitam Pura,0.75-end locality with strong real estate stability.,0.5106,Positive,Moderate,Pitam Pura,2026.0,Apr-Jun,10669.02,13469.98845,7868.163476
1186,Pitam Pura,0.75-end locality with strong real estate stability.,0.5106,Positive,Moderate,Pitam Pura,2026.0,Jul-Sep,10977.93,13859.99748,8095.977688
1187,Pitam Pura,0.75-end locality with strong real estate stability.,0.5106,Positive,Moderate,Pitam Pura,2026.0,Oct-Dec,10638.69,13431.69583,7845.79578
1188,Pitam Pura,0.75-end locality with strong real estate stability.,0.5106,Positive,Moderate,Pitam Pura,2027.0,Jan-Mar,10594.06,13375.34899,7812.882154
1189,Pitam Pura,0.75-end locality with strong real estate stability.,0.5106,Positive,Moderate,Pitam Pura,2027.0,Apr-Jun,10643.86,13438.22312,7849.608539
1190,Pitam Pura,0.75-end locality with strong real estate stability.,0.5106,Positive,Moderate,Pitam Pura,2027.0,Jul-Sep,10294.61,12997.28352,7592.04448
1191,Pitam Pura,0.75-end locality with strong real estate stability.,0.5106,Positive,Moderate,Pitam Pura,2027.0,Oct-Dec,10308.67,13015.03473,7602.413416
1192,Pitam Pura,0.75-end locality with strong real estate stability.,0.5106,Positive,Moderate,Pitam Pura,2028.0,Jan-Mar,10973.22,13854.05095,8092.504168
1193,Pitam Pura,0.75-end locality with strong real estate stability.,0.5106,Positive,Moderate,Pitam Pura,2028.0,Apr-Jun,10943.42,13816.42747,8070.527335
1194,Pitam Pura,0.75-end locality with strong real estate stability.,0.5106,Positive,Moderate,Pitam Pura,2028.0,Jul-Sep,11126.53,14047.60986,8205.566862
1195,Pitam Pura,0.75-end locality with strong real estate stability.,0.5106,Positive,Moderate,Pitam Pura,2028.0,Oct-Dec,10780.66,13610.93762,7950.495477
1196,Pitam Pura,0.75-end locality with strong real estate stability.,0.5106,Positive,Moderate,Pitam Pura,2029.0,Jan-Mar,11006.01,13895.4494,8116.686059
1197,Pitam Pura,0.75-end locality with strong real estate stability.,0.5106,Positive,Moderate,Pitam Pura,2029.0,Apr-Jun,10674.59,13477.02076,7872.271226
1198,Pitam Pura,0.75-end locality with strong real estate stability.,0.5106,Positive,Moderate,Pitam Pura,2029.0,Jul-Sep,10689.76,13496.17338,7883.458762
1199,Pitam Pura,0.75-end locality with strong real estate stability.,0.5106,Positive,Moderate,Pitam Pura,2029.0,Oct-Dec,11078.29,13986.70528,8169.990941
1200,Pitam Pura,0.75-end locality with strong real estate stability.,0.5106,Positive,Moderate,Pitam Pura,2030.0,Jan-Mar,10800.36,13635.80952,7965.023787
1201,Pitam Pura,0.75-end locality with strong real estate stability.,0.5106,Positive,Moderate,Pitam Pura,2030.0,Apr-Jun,10716.51,13529.94614,7903.186288
1202,Pitam Pura,0.75-end locality with strong real estate stability.,0.5106,Positive,Moderate,Pitam Pura,2030.0,Jul-Sep,11273.16,14232.73506,8313.703205
1203,Pitam Pura,0.75-end locality with strong real estate stability.,0.5106,Positive,Moderate,Pitam Pura,2030.0,Oct-Dec,11644.12,14701.08425,8587.277903
1204,Rajpur Road,Scenic location but lesser housing supply.,0.0,Negative,Moderate,Rajpur Road,2024.0,Jan-Mar,13848.36,16019.33696,11822.40866
1205,Rajpur Road,Scenic location but lesser housing supply.,0.0,Negative,Moderate,Rajpur Road,2024.0,Apr-Jun,13837.48,16006.75132,11813.12035
1206,Rajpur Road,Scenic location but lesser housing supply.,0.0,Negative,Moderate,Rajpur Road,2024.0,Jul-Sep,14359.35,16610.43373,12258.64317
1207,Rajpur Road,Scenic location but lesser housing supply.,0.0,Negative,Moderate,Rajpur Road,2024.0,Oct-Dec,14521.94,16798.51261,12397.447
1208,Rajpur Road,Scenic location but lesser housing supply.,0.0,Negative,Moderate,Rajpur Road,2025.0,Jan-Mar,14404.57,16662.74277,12297.24769
1209,Rajpur Road,Scenic location but lesser housing supply.,0.0,Negative,Moderate,Rajpur Road,2025.0,Apr-Jun,15090.53,17456.23922,12882.8549
1210,Rajpur Road,Scenic location but lesser housing supply.,0.0,Negative,Moderate,Rajpur Road,2025.0,Jul-Sep,14986.54,17335.94693,12794.07816
1211,Rajpur Road,Scenic location but lesser housing supply.,0.0,Negative,Moderate,Rajpur Road,2025.0,Oct-Dec,15442.97,17863.93046,13183.73455
1212,Rajpur Road,Scenic location but lesser housing supply.,0.0,Negative,Moderate,Rajpur Road,2026.0,Jan-Mar,11107.81,12849.15696,9482.78851
1213,Rajpur Road,Scenic location but lesser housing supply.,0.0,Negative,Moderate,Rajpur Road,2026.0,Apr-Jun,11191.04,12945.43474,9553.842343
1214,Rajpur Road,Scenic location but lesser housing supply.,0.0,Negative,Moderate,Rajpur Road,2026.0,Jul-Sep,11278.14,13046.18922,9628.200014
1215,Rajpur Road,Scenic location but lesser housing supply.,0.0,Negative,Moderate,Rajpur Road,2026.0,Oct-Dec,11557.2,13368.99684,9866.43482
1216,Rajpur Road,Scenic location but lesser housing supply.,0.0,Negative,Moderate,Rajpur Road,2027.0,Jan-Mar,11614.95,13435.80018,9915.736261
1217,Rajpur Road,Scenic location but lesser housing supply.,0.0,Negative,Moderate,Rajpur Road,2027.0,Apr-Jun,11703.9,13538.69467,9991.673285
1218,Rajpur Road,Scenic location but lesser housing supply.,0.0,Negative,Moderate,Rajpur Road,2027.0,Jul-Sep,11800.5,13650.43844,10074.14115
1219,Rajpur Road,Scenic location but lesser housing supply.,0.0,Negative,Moderate,Rajpur Road,2027.0,Oct-Dec,12023.72,13908.65215,10264.70509
1220,Rajpur Road,Scenic location but lesser housing supply.,0.0,Negative,Moderate,Rajpur Road,2028.0,Jan-Mar,11959.86,13834.78096,10210.18752
1221,Rajpur Road,Scenic location but lesser housing supply.,0.0,Negative,Moderate,Rajpur Road,2028.0,Apr-Jun,12199.99,14112.55561,10415.1876
1222,Rajpur Road,Scenic location but lesser housing supply.,0.0,Negative,Moderate,Rajpur Road,2028.0,Jul-Sep,12197.78,14109.99916,10413.30091
1223,Rajpur Road,Scenic location but lesser housing supply.,0.0,Negative,Moderate,Rajpur Road,2028.0,Oct-Dec,12540.09,14505.97234,10705.53254
1224,Rajpur Road,Scenic location but lesser housing supply.,0.0,Negative,Moderate,Rajpur Road,2029.0,Jan-Mar,13034.31,15077.67013,11127.45042
1225,Rajpur Road,Scenic location but lesser housing supply.,0.0,Negative,Moderate,Rajpur Road,2029.0,Apr-Jun,13030.02,15072.70759,11123.78803
1226,Rajpur Road,Scenic location but lesser housing supply.,0.0,Negative,Moderate,Rajpur Road,2029.0,Jul-Sep,13459.05,15568.99568,11490.05292
1227,Rajpur Road,Scenic location but lesser housing supply.,0.0,Negative,Moderate,Rajpur Road,2029.0,Oct-Dec,13651.12,15791.17607,11654.02396
1228,Rajpur Road,Scenic location but lesser housing supply.,0.0,Negative,Moderate,Rajpur Road,2030.0,Jan-Mar,13848.36,16019.33696,11822.40866
1229,Rajpur Road,Scenic location but lesser housing supply.,0.0,Negative,Moderate,Rajpur Road,2030.0,Apr-Jun,13837.48,16006.75132,11813.12035
1230,Rajpur Road,Scenic location but lesser housing supply.,0.0,Negative,Moderate,Rajpur Road,2030.0,Jul-Sep,14359.35,16610.43373,12258.64317
1231,Rajpur Road,Scenic location but lesser housing supply.,0.0,Negative,Moderate,Rajpur Road,2030.0,Oct-Dec,14521.94,16798.51261,12397.447
1232,Rohini,Expanding residential hub with steady growth.,0.3818,Positive,High,Rohini,2024.0,Jan-Mar,12172.46,15402.33536,8942.347324
1233,Rohini,Expanding residential hub with steady growth.,0.3818,Positive,High,Rohini,2024.0,Apr-Jun,12024.84,15215.54544,8833.900115
1234,Rohini,Expanding residential hub with steady growth.,0.3818,Positive,High,Rohini,2024.0,Jul-Sep,12430.79,15729.21138,9132.126266
1235,Rohini,Expanding residential hub with steady growth.,0.3818,Positive,High,Rohini,2024.0,Oct-Dec,12362.2,15642.42151,9081.73747
1236,Rohini,Expanding residential hub with steady growth.,0.3818,Positive,High,Rohini,2025.0,Jan-Mar,12728.07,16105.3725,9350.519345
1237,Rohini,Expanding residential hub with steady growth.,0.3818,Positive,High,Rohini,2025.0,Apr-Jun,13202.49,16705.67646,9699.046136
1238,Rohini,Expanding residential hub with steady growth.,0.3818,Positive,High,Rohini,2025.0,Jul-Sep,13383.61,16934.85536,9832.103705
1239,Rohini,Expanding residential hub with steady growth.,0.3818,Positive,High,Rohini,2025.0,Oct-Dec,13614.34,17226.80792,10001.60665
1240,Rohini,Expanding residential hub with steady growth.,0.3818,Positive,High,Rohini,2026.0,Jan-Mar,11320.51,14324.32651,8316.472784
1241,Rohini,Expanding residential hub with steady growth.,0.3818,Positive,High,Rohini,2026.0,Apr-Jun,11431.68,14464.99467,8398.142451
1242,Rohini,Expanding residential hub with steady growth.,0.3818,Positive,High,Rohini,2026.0,Jul-Sep,11440.16,14475.72478,8404.372178
1243,Rohini,Expanding residential hub with steady growth.,0.3818,Positive,High,Rohini,2026.0,Oct-Dec,11674.86,14772.70075,8576.791633
1244,Rohini,Expanding residential hub with steady growth.,0.3818,Positive,High,Rohini,2027.0,Jan-Mar,11613.32,14694.83155,8531.582032
1245,Rohini,Expanding residential hub with steady growth.,0.3818,Positive,High,Rohini,2027.0,Apr-Jun,11407.51,14434.41134,8380.386259
1246,Rohini,Expanding residential hub with steady growth.,0.3818,Positive,High,Rohini,2027.0,Jul-Sep,11334.98,14342.63602,8327.102991
1247,Rohini,Expanding residential hub with steady growth.,0.3818,Positive,High,Rohini,2027.0,Oct-Dec,11482.16,14528.86918,8435.226959
1248,Rohini,Expanding residential hub with steady growth.,0.3818,Positive,High,Rohini,2028.0,Jan-Mar,11206.99,14180.68479,8233.076719
1249,Rohini,Expanding residential hub with steady growth.,0.3818,Positive,High,Rohini,2028.0,Apr-Jun,11506.65,14559.85743,8453.218235
1250,Rohini,Expanding residential hub with steady growth.,0.3818,Positive,High,Rohini,2028.0,Jul-Sep,11580.12,14652.82217,8507.192063
1251,Rohini,Expanding residential hub with steady growth.,0.3818,Positive,High,Rohini,2028.0,Oct-Dec,11578.13,14650.30413,8505.730134
1252,Rohini,Expanding residential hub with steady growth.,0.3818,Positive,High,Rohini,2029.0,Jan-Mar,11727.04,14838.72634,8615.125025
1253,Rohini,Expanding residential hub with steady growth.,0.3818,Positive,High,Rohini,2029.0,Apr-Jun,11688.6,14790.08656,8586.885554
1254,Rohini,Expanding residential hub with steady growth.,0.3818,Positive,High,Rohini,2029.0,Jul-Sep,12118.4,15333.93092,8902.632813
1255,Rohini,Expanding residential hub with steady growth.,0.3818,Positive,High,Rohini,2029.0,Oct-Dec,12382.62,15668.25981,9096.738771
1256,Rohini,Expanding residential hub with steady growth.,0.3818,Positive,High,Rohini,2030.0,Jan-Mar,12172.46,15402.33536,8942.347324
1257,Rohini,Expanding residential hub with steady growth.,0.3818,Positive,High,Rohini,2030.0,Apr-Jun,12024.84,15215.54544,8833.900115
1258,Rohini,Expanding residential hub with steady growth.,0.3818,Positive,High,Rohini,2030.0,Jul-Sep,12430.79,15729.21138,9132.126266
1259,Rohini,Expanding residential hub with steady growth.,0.3818,Positive,High,Rohini,2030.0,Oct-Dec,12362.2,15642.42151,9081.73747
1260,Saharanpur Delhi Road,Development potential but still evolving.,0.0,Negative,Moderate,Saharanpur Delhi Road,2024.0,Jan-Mar,5805.87,7617.855994,3920.843197
1261,Saharanpur Delhi Road,Development potential but still evolving.,0.0,Negative,Moderate,Saharanpur Delhi Road,2024.0,Apr-Jun,5743.45,7535.954992,3878.689474
1262,Saharanpur Delhi Road,Development potential but still evolving.,0.0,Negative,Moderate,Saharanpur Delhi Road,2024.0,Jul-Sep,6276.56,8235.446233,4238.711438
1263,Saharanpur Delhi Road,Development potential but still evolving.,0.0,Negative,Moderate,Saharanpur Delhi Road,2024.0,Oct-Dec,6487.42,8512.114693,4381.110251
1264,Saharanpur Delhi Road,Development potential but still evolving.,0.0,Negative,Moderate,Saharanpur Delhi Road,2025.0,Jan-Mar,7404.38,9715.253798,5000.355321
1265,Saharanpur Delhi Road,Development potential but still evolving.,0.0,Negative,Moderate,Saharanpur Delhi Road,2025.0,Apr-Jun,7698.02,10100.53752,5198.657453
1266,Saharanpur Delhi Road,Development potential but still evolving.,0.0,Negative,Moderate,Saharanpur Delhi Road,2025.0,Jul-Sep,7916.81,10387.6109,5346.411585
1267,Saharanpur Delhi Road,Development potential but still evolving.,0.0,Negative,Moderate,Saharanpur Delhi Road,2025.0,Oct-Dec,9408.08,12344.29958,6353.501966
1268,Saharanpur Delhi Road,Development potential but still evolving.,0.0,Negative,Moderate,Saharanpur Delhi Road,2026.0,Jan-Mar,3956.4,5191.1747,2671.851768
1269,Saharanpur Delhi Road,Development potential but still evolving.,0.0,Negative,Moderate,Saharanpur Delhi Road,2026.0,Apr-Jun,3973.0,5212.955486,2683.062146
1270,Saharanpur Delhi Road,Development potential but still evolving.,0.0,Negative,Moderate,Saharanpur Delhi Road,2026.0,Jul-Sep,4028.5,5285.776787,2720.542626
1271,Saharanpur Delhi Road,Development potential but still evolving.,0.0,Negative,Moderate,Saharanpur Delhi Road,2026.0,Oct-Dec,4015.7,5268.981964,2711.898479
1272,Saharanpur Delhi Road,Development potential but still evolving.,0.0,Negative,Moderate,Saharanpur Delhi Road,2027.0,Jan-Mar,4330.8,5682.423261,2924.693063
1273,Saharanpur Delhi Road,Development potential but still evolving.,0.0,Negative,Moderate,Saharanpur Delhi Road,2027.0,Apr-Jun,4339.8,5694.232121,2930.770979
1274,Saharanpur Delhi Road,Development potential but still evolving.,0.0,Negative,Moderate,Saharanpur Delhi Road,2027.0,Jul-Sep,4443.9,5830.821264,3001.072205
1275,Saharanpur Delhi Road,Development potential but still evolving.,0.0,Negative,Moderate,Saharanpur Delhi Road,2027.0,Oct-Dec,4421.1,5800.905486,2985.674818
1276,Saharanpur Delhi Road,Development potential but still evolving.,0.0,Negative,Moderate,Saharanpur Delhi Road,2028.0,Jan-Mar,4528.9,5942.349383,3058.474742
1277,Saharanpur Delhi Road,Development potential but still evolving.,0.0,Negative,Moderate,Saharanpur Delhi Road,2028.0,Apr-Jun,4582.7,6012.940122,3094.807172
1278,Saharanpur Delhi Road,Development potential but still evolving.,0.0,Negative,Moderate,Saharanpur Delhi Road,2028.0,Jul-Sep,4688.9,6152.284666,3166.526578
1279,Saharanpur Delhi Road,Development potential but still evolving.,0.0,Negative,Moderate,Saharanpur Delhi Road,2028.0,Oct-Dec,4666.1,6122.368888,3151.129192
1280,Saharanpur Delhi Road,Development potential but still evolving.,0.0,Negative,Moderate,Saharanpur Delhi Road,2029.0,Jan-Mar,5049.3,6625.16389,3409.913338
1281,Saharanpur Delhi Road,Development potential but still evolving.,0.0,Negative,Moderate,Saharanpur Delhi Road,2029.0,Apr-Jun,5090.6,6679.353434,3437.804218
1282,Saharanpur Delhi Road,Development potential but still evolving.,0.0,Negative,Moderate,Saharanpur Delhi Road,2029.0,Jul-Sep,5366.1,7040.835749,3623.855973
1283,Saharanpur Delhi Road,Development potential but still evolving.,0.0,Negative,Moderate,Saharanpur Delhi Road,2029.0,Oct-Dec,5594.52,7340.544607,3778.113475
1284,Saharanpur Delhi Road,Development potential but still evolving.,0.0,Negative,Moderate,Saharanpur Delhi Road,2030.0,Jan-Mar,5805.87,7617.855994,3920.843197
1285,Saharanpur Delhi Road,Development potential but still evolving.,0.0,Negative,Moderate,Saharanpur Delhi Road,2030.0,Apr-Jun,5743.45,7535.954992,3878.689474
1286,Saharanpur Delhi Road,Development potential but still evolving.,0.0,Negative,Moderate,Saharanpur Delhi Road,2030.0,Jul-Sep,6276.56,8235.446233,4238.711438
1287,Saharanpur Delhi Road,Development potential but still evolving.,0.0,Negative,Moderate,Saharanpur Delhi Road,2030.0,Oct-Dec,6487.42,8512.114693,4381.110251
1288,Saket,Premium residential and commercial balance.,0.0,Negative,Moderate,Saket,2024.0,Jan-Mar,13526.26,16447.74756,10604.77244
1289,Saket,Premium residential and commercial balance.,0.0,Negative,Moderate,Saket,2024.0,Apr-Jun,13482.91,16395.03455,10570.78545
1290,Saket,Premium residential and commercial balance.,0.0,Negative,Moderate,Saket,2024.0,Jul-Sep,13741.17,16709.07519,10773.26481
1291,Saket,Premium residential and commercial balance.,0.0,Negative,Moderate,Saket,2024.0,Oct-Dec,13646.15,16593.53216,10698.76784
1292,Saket,Premium residential and commercial balance.,0.0,Negative,Moderate,Saket,2025.0,Jan-Mar,11664.5,14183.87281,9145.127192
1293,Saket,Premium residential and commercial balance.,0.0,Negative,Moderate,Saket,2025.0,Apr-Jun,14127.18,17178.45808,11075.90192
1294,Saket,Premium residential and commercial balance.,0.0,Negative,Moderate,Saket,2025.0,Jul-Sep,14857.44,18066.44427,11648.43573
1295,Saket,Premium residential and commercial balance.,0.0,Negative,Moderate,Saket,2025.0,Oct-Dec,14326.77,17421.15679,11232.38321
1296,Saket,Premium residential and commercial balance.,0.0,Negative,Moderate,Saket,2026.0,Jan-Mar,13079.13,15904.04358,10254.21642
1297,Saket,Premium residential and commercial balance.,0.0,Negative,Moderate,Saket,2026.0,Apr-Jun,13189.59,16038.36143,10340.81857
1298,Saket,Premium residential and commercial balance.,0.0,Negative,Moderate,Saket,2026.0,Jul-Sep,13501.22,16417.29926,10585.14074
1299,Saket,Premium residential and commercial balance.,0.0,Negative,Moderate,Saket,2026.0,Oct-Dec,13204.49,16056.47963,10352.50037
1300,Saket,Premium residential and commercial balance.,0.0,Negative,Moderate,Saket,2027.0,Jan-Mar,13188.88,16037.49808,10340.26192
1301,Saket,Premium residential and commercial balance.,0.0,Negative,Moderate,Saket,2027.0,Apr-Jun,13248.48,16109.97087,10386.98913
1302,Saket,Premium residential and commercial balance.,0.0,Negative,Moderate,Saket,2027.0,Jul-Sep,13529.47,16451.65088,10607.28912
1303,Saket,Premium residential and commercial balance.,0.0,Negative,Moderate,Saket,2027.0,Oct-Dec,12956.09,15754.42862,10157.75138
1304,Saket,Premium residential and commercial balance.,0.0,Negative,Moderate,Saket,2028.0,Jan-Mar,13907.47,16911.29372,10903.64628
1305,Saket,Premium residential and commercial balance.,0.0,Negative,Moderate,Saket,2028.0,Apr-Jun,13640.4,16586.54024,10694.25976
1306,Saket,Premium residential and commercial balance.,0.0,Negative,Moderate,Saket,2028.0,Jul-Sep,13611.91,16551.89679,10671.92321
1307,Saket,Premium residential and commercial balance.,0.0,Negative,Moderate,Saket,2028.0,Oct-Dec,13407.97,16303.90853,10512.03147
1308,Saket,Premium residential and commercial balance.,0.0,Negative,Moderate,Saket,2029.0,Jan-Mar,13562.72,16492.08242,10633.35758
1309,Saket,Premium residential and commercial balance.,0.0,Negative,Moderate,Saket,2029.0,Apr-Jun,13636.04,16581.23854,10690.84146
1310,Saket,Premium residential and commercial balance.,0.0,Negative,Moderate,Saket,2029.0,Jul-Sep,14108.15,17155.31786,11060.98214
1311,Saket,Premium residential and commercial balance.,0.0,Negative,Moderate,Saket,2029.0,Oct-Dec,13906.25,16909.81021,10902.68979
1312,Saket,Premium residential and commercial balance.,0.0,Negative,Moderate,Saket,2030.0,Jan-Mar,13526.26,16447.74756,10604.77244
1313,Saket,Premium residential and commercial balance.,0.0,Negative,Moderate,Saket,2030.0,Apr-Jun,13482.91,16395.03455,10570.78545
1314,Saket,Premium residential and commercial balance.,0.0,Negative,Moderate,Saket,2030.0,Jul-Sep,13741.17,16709.07519,10773.26481
1315,Saket,Premium residential and commercial balance.,0.0,Negative,Moderate,Saket,2030.0,Oct-Dec,13646.15,16593.53216,10698.76784
1316,Sarita Vihar,Proximity to Noida but mixed investment sentiments.,0.0,Negative,Moderate,Sarita Vihar,2024.0,Jan-Mar,10220.62,12120.19133,8321.16651
1317,Sarita Vihar,Proximity to Noida but mixed investment sentiments.,0.0,Negative,Moderate,Sarita Vihar,2024.0,Apr-Jun,10272.21,12181.36968,8363.168755
1318,Sarita Vihar,Proximity to Noida but mixed investment sentiments.,0.0,Negative,Moderate,Sarita Vihar,2024.0,Jul-Sep,10514.65,12468.86879,8560.552437
1319,Sarita Vihar,Proximity to Noida but mixed investment sentiments.,0.0,Negative,Moderate,Sarita Vihar,2024.0,Oct-Dec,11371.13,13484.53139,9257.859713
1320,Sarita Vihar,Proximity to Noida but mixed investment sentiments.,0.0,Negative,Moderate,Sarita Vihar,2025.0,Jan-Mar,11262.47,13355.6762,9169.393656
1321,Sarita Vihar,Proximity to Noida but mixed investment sentiments.,0.0,Negative,Moderate,Sarita Vihar,2025.0,Apr-Jun,11845.51,14047.07812,9644.078452
1322,Sarita Vihar,Proximity to Noida but mixed investment sentiments.,0.0,Negative,Moderate,Sarita Vihar,2025.0,Jul-Sep,11831.81,14030.83189,9632.924532
1323,Sarita Vihar,Proximity to Noida but mixed investment sentiments.,0.0,Negative,Moderate,Sarita Vihar,2025.0,Oct-Dec,12078.51,14323.38275,9833.776513
1324,Sarita Vihar,Proximity to Noida but mixed investment sentiments.,0.0,Negative,Moderate,Sarita Vihar,2026.0,Jan-Mar,9776.62,11593.67093,7959.681793
1325,Sarita Vihar,Proximity to Noida but mixed investment sentiments.,0.0,Negative,Moderate,Sarita Vihar,2026.0,Apr-Jun,9728.61,11536.73795,7920.594223
1326,Sarita Vihar,Proximity to Noida but mixed investment sentiments.,0.0,Negative,Moderate,Sarita Vihar,2026.0,Jul-Sep,9721.63,11528.46067,7914.911422
1327,Sarita Vihar,Proximity to Noida but mixed investment sentiments.,0.0,Negative,Moderate,Sarita Vihar,2026.0,Oct-Dec,9720.68,11527.3341,7914.137975
1328,Sarita Vihar,Proximity to Noida but mixed investment sentiments.,0.0,Negative,Moderate,Sarita Vihar,2027.0,Jan-Mar,9710.32,11515.04863,7905.703332
1329,Sarita Vihar,Proximity to Noida but mixed investment sentiments.,0.0,Negative,Moderate,Sarita Vihar,2027.0,Apr-Jun,9693.7,11495.33969,7892.17208
1330,Sarita Vihar,Proximity to Noida but mixed investment sentiments.,0.0,Negative,Moderate,Sarita Vihar,2027.0,Jul-Sep,9709.02,11513.50701,7904.644931
1331,Sarita Vihar,Proximity to Noida but mixed investment sentiments.,0.0,Negative,Moderate,Sarita Vihar,2027.0,Oct-Dec,9676.88,11475.39358,7878.477997
1332,Sarita Vihar,Proximity to Noida but mixed investment sentiments.,0.0,Negative,Moderate,Sarita Vihar,2028.0,Jan-Mar,9678.0,11476.72174,7879.38985
1333,Sarita Vihar,Proximity to Noida but mixed investment sentiments.,0.0,Negative,Moderate,Sarita Vihar,2028.0,Apr-Jun,9739.8,11550.00768,7929.704615
1334,Sarita Vihar,Proximity to Noida but mixed investment sentiments.,0.0,Negative,Moderate,Sarita Vihar,2028.0,Jul-Sep,9793.5,11613.68819,7973.424726
1335,Sarita Vihar,Proximity to Noida but mixed investment sentiments.,0.0,Negative,Moderate,Sarita Vihar,2028.0,Oct-Dec,9774.0,11590.56398,7957.548708
1336,Sarita Vihar,Proximity to Noida but mixed investment sentiments.,0.0,Negative,Moderate,Sarita Vihar,2029.0,Jan-Mar,9928.66,11773.96859,8083.465884
1337,Sarita Vihar,Proximity to Noida but mixed investment sentiments.,0.0,Negative,Moderate,Sarita Vihar,2029.0,Apr-Jun,10017.17,11878.92877,8155.526723
1338,Sarita Vihar,Proximity to Noida but mixed investment sentiments.,0.0,Negative,Moderate,Sarita Vihar,2029.0,Jul-Sep,10143.21,12028.39416,8258.14279
1339,Sarita Vihar,Proximity to Noida but mixed investment sentiments.,0.0,Negative,Moderate,Sarita Vihar,2029.0,Oct-Dec,10076.24,11948.97733,8203.618845
1340,Sarita Vihar,Proximity to Noida but mixed investment sentiments.,0.0,Negative,Moderate,Sarita Vihar,2030.0,Jan-Mar,10220.62,12120.19133,8321.16651
1341,Sarita Vihar,Proximity to Noida but mixed investment sentiments.,0.0,Negative,Moderate,Sarita Vihar,2030.0,Apr-Jun,10272.21,12181.36968,8363.168755
1342,Sarita Vihar,Proximity to Noida but mixed investment sentiments.,0.0,Negative,Moderate,Sarita Vihar,2030.0,Jul-Sep,10514.65,12468.86879,8560.552437
1343,Sarita Vihar,Proximity to Noida but mixed investment sentiments.,0.0,Negative,Moderate,Sarita Vihar,2030.0,Oct-Dec,11371.13,13484.53139,9257.859713
1344,Sector 10 Dwarka,Well-planned sector with ample facilities.,0.0,Negative,Moderate,Sector 10 Dwarka,2024.0,Jan-Mar,10362.39,11918.67082,8806.070146
1345,Sector 10 Dwarka,Well-planned sector with ample facilities.,0.0,Negative,Moderate,Sector 10 Dwarka,2024.0,Apr-Jun,10546.22,12130.10942,8962.290851
1346,Sector 10 Dwarka,Well-planned sector with ample facilities.,0.0,Negative,Moderate,Sector 10 Dwarka,2024.0,Jul-Sep,10947.04,12591.12678,9302.911986
1347,Sector 10 Dwarka,Well-planned sector with ample facilities.,0.0,Negative,Moderate,Sector 10 Dwarka,2024.0,Oct-Dec,11620.09,13365.25914,9874.877093
1348,Sector 10 Dwarka,Well-planned sector with ample facilities.,0.0,Negative,Moderate,Sector 10 Dwarka,2025.0,Jan-Mar,12043.73,13852.52373,10234.89091
1349,Sector 10 Dwarka,Well-planned sector with ample facilities.,0.0,Negative,Moderate,Sector 10 Dwarka,2025.0,Apr-Jun,12772.14,14690.33035,10853.90154
1350,Sector 10 Dwarka,Well-planned sector with ample facilities.,0.0,Negative,Moderate,Sector 10 Dwarka,2025.0,Jul-Sep,13205.65,15188.94727,11222.30298
1351,Sector 10 Dwarka,Well-planned sector with ample facilities.,0.0,Negative,Moderate,Sector 10 Dwarka,2025.0,Oct-Dec,13931.38,16023.6714,11839.03612
1352,Sector 10 Dwarka,Well-planned sector with ample facilities.,0.0,Negative,Moderate,Sector 10 Dwarka,2026.0,Jan-Mar,8945.75,10289.27202,7602.194282
1353,Sector 10 Dwarka,Well-planned sector with ample facilities.,0.0,Negative,Moderate,Sector 10 Dwarka,2026.0,Apr-Jun,8921.88,10261.81709,7581.9093
1354,Sector 10 Dwarka,Well-planned sector with ample facilities.,0.0,Negative,Moderate,Sector 10 Dwarka,2026.0,Jul-Sep,9019.79,10374.43176,7665.114268
1355,Sector 10 Dwarka,Well-planned sector with ample facilities.,0.0,Negative,Moderate,Sector 10 Dwarka,2026.0,Oct-Dec,9069.4,10431.49246,7707.273378
1356,Sector 10 Dwarka,Well-planned sector with ample facilities.,0.0,Negative,Moderate,Sector 10 Dwarka,2027.0,Jan-Mar,9085.89,10450.45902,7721.286757
1357,Sector 10 Dwarka,Well-planned sector with ample facilities.,0.0,Negative,Moderate,Sector 10 Dwarka,2027.0,Apr-Jun,9065.51,10427.01824,7703.967614
1358,Sector 10 Dwarka,Well-planned sector with ample facilities.,0.0,Negative,Moderate,Sector 10 Dwarka,2027.0,Jul-Sep,9040.27,10397.98756,7682.518392
1359,Sector 10 Dwarka,Well-planned sector with ample facilities.,0.0,Negative,Moderate,Sector 10 Dwarka,2027.0,Oct-Dec,9074.75,10437.64595,7711.819866
1360,Sector 10 Dwarka,Well-planned sector with ample facilities.,0.0,Negative,Moderate,Sector 10 Dwarka,2028.0,Jan-Mar,9201.53,10583.46647,7819.558869
1361,Sector 10 Dwarka,Well-planned sector with ample facilities.,0.0,Negative,Moderate,Sector 10 Dwarka,2028.0,Apr-Jun,9333.76,10735.5555,7931.929341
1362,Sector 10 Dwarka,Well-planned sector with ample facilities.,0.0,Negative,Moderate,Sector 10 Dwarka,2028.0,Jul-Sep,9484.59,10909.03798,8060.106293
1363,Sector 10 Dwarka,Well-planned sector with ample facilities.,0.0,Negative,Moderate,Sector 10 Dwarka,2028.0,Oct-Dec,9615.97,11060.14935,8171.754425
1364,Sector 10 Dwarka,Well-planned sector with ample facilities.,0.0,Negative,Moderate,Sector 10 Dwarka,2029.0,Jan-Mar,9927.78,11418.7887,8436.733907
1365,Sector 10 Dwarka,Well-planned sector with ample facilities.,0.0,Negative,Moderate,Sector 10 Dwarka,2029.0,Apr-Jun,10006.58,11509.42332,8503.698992
1366,Sector 10 Dwarka,Well-planned sector with ample facilities.,0.0,Negative,Moderate,Sector 10 Dwarka,2029.0,Jul-Sep,10138.57,11661.2363,8615.86551
1367,Sector 10 Dwarka,Well-planned sector with ample facilities.,0.0,Negative,Moderate,Sector 10 Dwarka,2029.0,Oct-Dec,10092.31,11608.02872,8576.553266
1368,Sector 10 Dwarka,Well-planned sector with ample facilities.,0.0,Negative,Moderate,Sector 10 Dwarka,2030.0,Jan-Mar,10362.39,11918.67082,8806.070146
1369,Sector 10 Dwarka,Well-planned sector with ample facilities.,0.0,Negative,Moderate,Sector 10 Dwarka,2030.0,Apr-Jun,10546.22,12130.10942,8962.290851
1370,Sector 10 Dwarka,Well-planned sector with ample facilities.,0.0,Negative,Moderate,Sector 10 Dwarka,2030.0,Jul-Sep,10947.04,12591.12678,9302.911986
1371,Sector 10 Dwarka,Well-planned sector with ample facilities.,0.0,Negative,Moderate,Sector 10 Dwarka,2030.0,Oct-Dec,11620.09,13365.25914,9874.877093
1372,Sector 11 Dwarka,0.75-end residential options with strong demand.,0.4215,Positive,Moderate,Sector 11 Dwarka,2024.0,Jan-Mar,10361.8,12134.05627,8589.66101
1373,Sector 11 Dwarka,0.75-end residential options with strong demand.,0.4215,Positive,Moderate,Sector 11 Dwarka,2024.0,Apr-Jun,10551.97,12356.75247,8747.306963
1374,Sector 11 Dwarka,0.75-end residential options with strong demand.,0.4215,Positive,Moderate,Sector 11 Dwarka,2024.0,Jul-Sep,11037.42,12925.23262,9149.732307
1375,Sector 11 Dwarka,0.75-end residential options with strong demand.,0.4215,Positive,Moderate,Sector 11 Dwarka,2024.0,Oct-Dec,11621.54,13609.25904,9633.9525
1376,Sector 11 Dwarka,0.75-end residential options with strong demand.,0.4215,Positive,Moderate,Sector 11 Dwarka,2025.0,Jan-Mar,12188.91,14273.67058,10104.28738
1377,Sector 11 Dwarka,0.75-end residential options with strong demand.,0.4215,Positive,Moderate,Sector 11 Dwarka,2025.0,Apr-Jun,12887.56,15091.81592,10683.44995
1378,Sector 11 Dwarka,0.75-end residential options with strong demand.,0.4215,Positive,Moderate,Sector 11 Dwarka,2025.0,Jul-Sep,13428.42,15725.18326,11131.80873
1379,Sector 11 Dwarka,0.75-end residential options with strong demand.,0.4215,Positive,Moderate,Sector 11 Dwarka,2025.0,Oct-Dec,14018.35,16416.01341,11620.84526
1380,Sector 11 Dwarka,0.75-end residential options with strong demand.,0.4215,Positive,Moderate,Sector 11 Dwarka,2026.0,Jan-Mar,9070.88,10622.34055,7519.522116
1381,Sector 11 Dwarka,0.75-end residential options with strong demand.,0.4215,Positive,Moderate,Sector 11 Dwarka,2026.0,Apr-Jun,9064.18,10614.4946,7513.967991
1382,Sector 11 Dwarka,0.75-end residential options with strong demand.,0.4215,Positive,Moderate,Sector 11 Dwarka,2026.0,Jul-Sep,9116.78,10676.09117,7557.572015
1383,Sector 11 Dwarka,0.75-end residential options with strong demand.,0.4215,Positive,Moderate,Sector 11 Dwarka,2026.0,Oct-Dec,9144.94,10709.06759,7580.915917
1384,Sector 11 Dwarka,0.75-end residential options with strong demand.,0.4215,Positive,Moderate,Sector 11 Dwarka,2027.0,Jan-Mar,9224.88,10802.68033,7647.184085
1385,Sector 11 Dwarka,0.75-end residential options with strong demand.,0.4215,Positive,Moderate,Sector 11 Dwarka,2027.0,Apr-Jun,9213.63,10789.50615,7637.85813
1386,Sector 11 Dwarka,0.75-end residential options with strong demand.,0.4215,Positive,Moderate,Sector 11 Dwarka,2027.0,Jul-Sep,9189.34,10761.06165,7617.722355
1387,Sector 11 Dwarka,0.75-end residential options with strong demand.,0.4215,Positive,Moderate,Sector 11 Dwarka,2027.0,Oct-Dec,9184.09,10754.91371,7613.370243
1388,Sector 11 Dwarka,0.75-end residential options with strong demand.,0.4215,Positive,Moderate,Sector 11 Dwarka,2028.0,Jan-Mar,9224.24,10801.93086,7646.653542
1389,Sector 11 Dwarka,0.75-end residential options with strong demand.,0.4215,Positive,Moderate,Sector 11 Dwarka,2028.0,Apr-Jun,9377.23,10981.08789,7773.478248
1390,Sector 11 Dwarka,0.75-end residential options with strong demand.,0.4215,Positive,Moderate,Sector 11 Dwarka,2028.0,Jul-Sep,9472.18,11092.2779,7852.189313
1391,Sector 11 Dwarka,0.75-end residential options with strong demand.,0.4215,Positive,Moderate,Sector 11 Dwarka,2028.0,Oct-Dec,9533.75,11164.37868,7903.229232
1392,Sector 11 Dwarka,0.75-end residential options with strong demand.,0.4215,Positive,Moderate,Sector 11 Dwarka,2029.0,Jan-Mar,9707.14,11367.42487,8046.965004
1393,Sector 11 Dwarka,0.75-end residential options with strong demand.,0.4215,Positive,Moderate,Sector 11 Dwarka,2029.0,Apr-Jun,9840.24,11523.28996,8157.30142
1394,Sector 11 Dwarka,0.75-end residential options with strong demand.,0.4215,Positive,Moderate,Sector 11 Dwarka,2029.0,Jul-Sep,9944.2,11645.03101,8243.481539
1395,Sector 11 Dwarka,0.75-end residential options with strong demand.,0.4215,Positive,Moderate,Sector 11 Dwarka,2029.0,Oct-Dec,10078.13,11801.86807,8354.506004
1396,Sector 11 Dwarka,0.75-end residential options with strong demand.,0.4215,Positive,Moderate,Sector 11 Dwarka,2030.0,Jan-Mar,10361.8,12134.05627,8589.66101
1397,Sector 11 Dwarka,0.75-end residential options with strong demand.,0.4215,Positive,Moderate,Sector 11 Dwarka,2030.0,Apr-Jun,10551.97,12356.75247,8747.306963
1398,Sector 11 Dwarka,0.75-end residential options with strong demand.,0.4215,Positive,Moderate,Sector 11 Dwarka,2030.0,Jul-Sep,11037.42,12925.23262,9149.732307
1399,Sector 11 Dwarka,0.75-end residential options with strong demand.,0.4215,Positive,Moderate,Sector 11 Dwarka,2030.0,Oct-Dec,11621.54,13609.25904,9633.9525
1400,Sector 12 Dwarka,Established community with robust infrastructure.,0.34,Positive,Moderate,Sector 12 Dwarka,2024.0,Jan-Mar,10329.97,12127.63277,8532.108703
1401,Sector 12 Dwarka,Established community with robust infrastructure.,0.34,Positive,Moderate,Sector 12 Dwarka,2024.0,Apr-Jun,10535.76,12369.23518,8702.082347
1402,Sector 12 Dwarka,Established community with robust infrastructure.,0.34,Positive,Moderate,Sector 12 Dwarka,2024.0,Jul-Sep,10948.31,12853.57878,9042.830815
1403,Sector 12 Dwarka,Established community with robust infrastructure.,0.34,Positive,Moderate,Sector 12 Dwarka,2024.0,Oct-Dec,11437.85,13428.31049,9447.169694
1404,Sector 12 Dwarka,Established community with robust infrastructure.,0.34,Positive,Moderate,Sector 12 Dwarka,2025.0,Jan-Mar,11958.2,14039.21388,9876.956302
1405,Sector 12 Dwarka,Established community with robust infrastructure.,0.34,Positive,Moderate,Sector 12 Dwarka,2025.0,Apr-Jun,12706.42,14917.64213,10494.95368
1406,Sector 12 Dwarka,Established community with robust infrastructure.,0.34,Positive,Moderate,Sector 12 Dwarka,2025.0,Jul-Sep,13201.66,15499.06578,10904.00051
1407,Sector 12 Dwarka,Established community with robust infrastructure.,0.34,Positive,Moderate,Sector 12 Dwarka,2025.0,Oct-Dec,13992.16,16427.13175,11556.91934
1408,Sector 12 Dwarka,Established community with robust infrastructure.,0.34,Positive,Moderate,Sector 12 Dwarka,2026.0,Jan-Mar,8779.21,10307.00331,7251.247975
1409,Sector 12 Dwarka,Established community with robust infrastructure.,0.34,Positive,Moderate,Sector 12 Dwarka,2026.0,Apr-Jun,8795.26,10325.84639,7264.504581
1410,Sector 12 Dwarka,Established community with robust infrastructure.,0.34,Positive,Moderate,Sector 12 Dwarka,2026.0,Jul-Sep,8767.94,10293.77205,7241.939442
1411,Sector 12 Dwarka,Established community with robust infrastructure.,0.34,Positive,Moderate,Sector 12 Dwarka,2026.0,Oct-Dec,8772.26,10298.84384,7245.507575
1412,Sector 12 Dwarka,Established community with robust infrastructure.,0.34,Positive,Moderate,Sector 12 Dwarka,2027.0,Jan-Mar,8976.54,10538.67346,7414.234025
1413,Sector 12 Dwarka,Established community with robust infrastructure.,0.34,Positive,Moderate,Sector 12 Dwarka,2027.0,Apr-Jun,8978.52,10540.99803,7415.86942
1414,Sector 12 Dwarka,Established community with robust infrastructure.,0.34,Positive,Moderate,Sector 12 Dwarka,2027.0,Jul-Sep,8991.34,10556.04902,7426.458186
1415,Sector 12 Dwarka,Established community with robust infrastructure.,0.34,Positive,Moderate,Sector 12 Dwarka,2027.0,Oct-Dec,9002.95,10569.67944,7436.047544
1416,Sector 12 Dwarka,Established community with robust infrastructure.,0.34,Positive,Moderate,Sector 12 Dwarka,2028.0,Jan-Mar,9207.38,10809.68516,7604.897887
1417,Sector 12 Dwarka,Established community with robust infrastructure.,0.34,Positive,Moderate,Sector 12 Dwarka,2028.0,Apr-Jun,9283.74,10899.33364,7667.967946
1418,Sector 12 Dwarka,Established community with robust infrastructure.,0.34,Positive,Moderate,Sector 12 Dwarka,2028.0,Jul-Sep,9302.34,10921.17048,7683.330742
1419,Sector 12 Dwarka,Established community with robust infrastructure.,0.34,Positive,Moderate,Sector 12 Dwarka,2028.0,Oct-Dec,9410.14,11047.73027,7772.368883
1420,Sector 12 Dwarka,Established community with robust infrastructure.,0.34,Positive,Moderate,Sector 12 Dwarka,2029.0,Jan-Mar,9614.71,11287.90036,7941.33486
1421,Sector 12 Dwarka,Established community with robust infrastructure.,0.34,Positive,Moderate,Sector 12 Dwarka,2029.0,Apr-Jun,9727.75,11420.61204,8034.701014
1422,Sector 12 Dwarka,Established community with robust infrastructure.,0.34,Positive,Moderate,Sector 12 Dwarka,2029.0,Jul-Sep,9897.51,11619.91435,8174.915436
1423,Sector 12 Dwarka,Established community with robust infrastructure.,0.34,Positive,Moderate,Sector 12 Dwarka,2029.0,Oct-Dec,10095.39,11852.23022,8338.355763
1424,Sector 12 Dwarka,Established community with robust infrastructure.,0.34,Positive,Moderate,Sector 12 Dwarka,2030.0,Jan-Mar,10329.97,12127.63277,8532.108703
1425,Sector 12 Dwarka,Established community with robust infrastructure.,0.34,Positive,Moderate,Sector 12 Dwarka,2030.0,Apr-Jun,10535.76,12369.23518,8702.082347
1426,Sector 12 Dwarka,Established community with robust infrastructure.,0.34,Positive,Moderate,Sector 12 Dwarka,2030.0,Jul-Sep,10948.31,12853.57878,9042.830815
1427,Sector 12 Dwarka,Established community with robust infrastructure.,0.34,Positive,Moderate,Sector 12 Dwarka,2030.0,Oct-Dec,11437.85,13428.31049,9447.169694
1428,Sector 13 Dwarka,Steady real estate demand and good connectivity.,0.34,Positive,High,Sector 13 Dwarka,2024.0,Jan-Mar,9947.03,11465.39711,8428.743894
1429,Sector 13 Dwarka,Steady real estate demand and good connectivity.,0.34,Positive,High,Sector 13 Dwarka,2024.0,Apr-Jun,10059.0,11594.4588,8523.623114
1430,Sector 13 Dwarka,Steady real estate demand and good connectivity.,0.34,Positive,High,Sector 13 Dwarka,2024.0,Jul-Sep,10574.97,12189.18918,8960.836935
1431,Sector 13 Dwarka,Steady real estate demand and good connectivity.,0.34,Positive,High,Sector 13 Dwarka,2024.0,Oct-Dec,11343.16,13074.63976,9611.772618
1432,Sector 13 Dwarka,Steady real estate demand and good connectivity.,0.34,Positive,High,Sector 13 Dwarka,2025.0,Jan-Mar,11356.79,13090.35031,9623.322174
1433,Sector 13 Dwarka,Steady real estate demand and good connectivity.,0.34,Positive,High,Sector 13 Dwarka,2025.0,Apr-Jun,12039.47,13877.23819,10201.79986
1434,Sector 13 Dwarka,Steady real estate demand and good connectivity.,0.34,Positive,High,Sector 13 Dwarka,2025.0,Jul-Sep,12724.56,14666.90394,10782.31969
1435,Sector 13 Dwarka,Steady real estate demand and good connectivity.,0.34,Positive,High,Sector 13 Dwarka,2025.0,Oct-Dec,13820.14,15929.71905,11710.6735
1436,Sector 13 Dwarka,Steady real estate demand and good connectivity.,0.34,Positive,High,Sector 13 Dwarka,2026.0,Jan-Mar,8616.01,9931.2032,7300.886966
1437,Sector 13 Dwarka,Steady real estate demand and good connectivity.,0.34,Positive,High,Sector 13 Dwarka,2026.0,Apr-Jun,8544.8,9849.12333,7240.546256
1438,Sector 13 Dwarka,Steady real estate demand and good connectivity.,0.34,Positive,High,Sector 13 Dwarka,2026.0,Jul-Sep,8565.88,9873.421093,7258.408665
1439,Sector 13 Dwarka,Steady real estate demand and good connectivity.,0.34,Positive,High,Sector 13 Dwarka,2026.0,Oct-Dec,8387.11,9667.362697,7106.925605
1440,Sector 13 Dwarka,Steady real estate demand and good connectivity.,0.34,Positive,High,Sector 13 Dwarka,2027.0,Jan-Mar,8454.07,9744.543825,7163.665022
1441,Sector 13 Dwarka,Steady real estate demand and good connectivity.,0.34,Positive,High,Sector 13 Dwarka,2027.0,Apr-Jun,8544.02,9848.224267,7239.885313
1442,Sector 13 Dwarka,Steady real estate demand and good connectivity.,0.34,Positive,High,Sector 13 Dwarka,2027.0,Jul-Sep,8594.74,9906.686435,7282.863557
1443,Sector 13 Dwarka,Steady real estate demand and good connectivity.,0.34,Positive,High,Sector 13 Dwarka,2027.0,Oct-Dec,8509.66,9808.619376,7210.769924
1444,Sector 13 Dwarka,Steady real estate demand and good connectivity.,0.34,Positive,High,Sector 13 Dwarka,2028.0,Jan-Mar,8578.24,9887.667788,7268.88207
1445,Sector 13 Dwarka,Steady real estate demand and good connectivity.,0.34,Positive,High,Sector 13 Dwarka,2028.0,Apr-Jun,8591.34,9902.767441,7279.982524
1446,Sector 13 Dwarka,Steady real estate demand and good connectivity.,0.34,Positive,High,Sector 13 Dwarka,2028.0,Jul-Sep,8665.33,9988.051665,7342.678903
1447,Sector 13 Dwarka,Steady real estate demand and good connectivity.,0.34,Positive,High,Sector 13 Dwarka,2028.0,Oct-Dec,8731.56,10064.39136,7398.799745
1448,Sector 13 Dwarka,Steady real estate demand and good connectivity.,0.34,Positive,High,Sector 13 Dwarka,2029.0,Jan-Mar,9045.37,10426.10297,7664.710688
1449,Sector 13 Dwarka,Steady real estate demand and good connectivity.,0.34,Positive,High,Sector 13 Dwarka,2029.0,Apr-Jun,9212.64,10618.90595,7806.449075
1450,Sector 13 Dwarka,Steady real estate demand and good connectivity.,0.34,Positive,High,Sector 13 Dwarka,2029.0,Jul-Sep,9357.26,10785.60151,7928.994693
1451,Sector 13 Dwarka,Steady real estate demand and good connectivity.,0.34,Positive,High,Sector 13 Dwarka,2029.0,Oct-Dec,9557.91,11016.87978,8099.018053
1452,Sector 13 Dwarka,Steady real estate demand and good connectivity.,0.34,Positive,High,Sector 13 Dwarka,2030.0,Jan-Mar,9947.03,11465.39711,8428.743894
1453,Sector 13 Dwarka,Steady real estate demand and good connectivity.,0.34,Positive,High,Sector 13 Dwarka,2030.0,Apr-Jun,10059.0,11594.4588,8523.623114
1454,Sector 13 Dwarka,Steady real estate demand and good connectivity.,0.34,Positive,High,Sector 13 Dwarka,2030.0,Jul-Sep,10574.97,12189.18918,8960.836935
1455,Sector 13 Dwarka,Steady real estate demand and good connectivity.,0.34,Positive,High,Sector 13 Dwarka,2030.0,Oct-Dec,11343.16,13074.63976,9611.772618
1456,Sector 13 Rohini,Growing but not fully developed yet.,0.09,Negative,Moderate,Sector 13 Rohini,2024.0,Jan-Mar,14578.56,17840.43686,11316.60148
1457,Sector 13 Rohini,Growing but not fully developed yet.,0.09,Negative,Moderate,Sector 13 Rohini,2024.0,Apr-Jun,14728.25,18023.61922,11432.79829
1458,Sector 13 Rohini,Growing but not fully developed yet.,0.09,Negative,Moderate,Sector 13 Rohini,2024.0,Jul-Sep,14692.3,17979.62559,11404.89211
1459,Sector 13 Rohini,Growing but not fully developed yet.,0.09,Negative,Moderate,Sector 13 Rohini,2024.0,Oct-Dec,14691.06,17978.10815,11403.92956
1460,Sector 13 Rohini,Growing but not fully developed yet.,0.09,Negative,Moderate,Sector 13 Rohini,2025.0,Jan-Mar,13085.01,16012.71283,10157.23388
1461,Sector 13 Rohini,Growing but not fully developed yet.,0.09,Negative,Moderate,Sector 13 Rohini,2025.0,Apr-Jun,13680.97,16742.01577,10619.8476
1462,Sector 13 Rohini,Growing but not fully developed yet.,0.09,Negative,Moderate,Sector 13 Rohini,2025.0,Jul-Sep,14191.79,17367.12909,11016.37142
1463,Sector 13 Rohini,Growing but not fully developed yet.,0.09,Negative,Moderate,Sector 13 Rohini,2025.0,Oct-Dec,14772.09,18077.26819,11466.82907
1464,Sector 13 Rohini,Growing but not fully developed yet.,0.09,Negative,Moderate,Sector 13 Rohini,2026.0,Jan-Mar,12742.27,15593.28654,9891.182092
1465,Sector 13 Rohini,Growing but not fully developed yet.,0.09,Negative,Moderate,Sector 13 Rohini,2026.0,Apr-Jun,12738.68,15588.89329,9888.395355
1466,Sector 13 Rohini,Growing but not fully developed yet.,0.09,Negative,Moderate,Sector 13 Rohini,2026.0,Jul-Sep,12960.02,15859.75697,10060.21044
1467,Sector 13 Rohini,Growing but not fully developed yet.,0.09,Negative,Moderate,Sector 13 Rohini,2026.0,Oct-Dec,13095.93,16026.07612,10165.71053
1468,Sector 13 Rohini,Growing but not fully developed yet.,0.09,Negative,Moderate,Sector 13 Rohini,2027.0,Jan-Mar,13037.17,15954.16888,10120.0981
1469,Sector 13 Rohini,Growing but not fully developed yet.,0.09,Negative,Moderate,Sector 13 Rohini,2027.0,Apr-Jun,12970.2,15872.21469,10068.11266
1470,Sector 13 Rohini,Growing but not fully developed yet.,0.09,Negative,Moderate,Sector 13 Rohini,2027.0,Jul-Sep,13138.13,16077.71815,10198.46826
1471,Sector 13 Rohini,Growing but not fully developed yet.,0.09,Negative,Moderate,Sector 13 Rohini,2027.0,Oct-Dec,13294.56,16269.14855,10319.89699
1472,Sector 13 Rohini,Growing but not fully developed yet.,0.09,Negative,Moderate,Sector 13 Rohini,2028.0,Jan-Mar,13400.11,16398.31481,10401.83013
1473,Sector 13 Rohini,Growing but not fully developed yet.,0.09,Negative,Moderate,Sector 13 Rohini,2028.0,Apr-Jun,13673.11,16732.39714,10613.74628
1474,Sector 13 Rohini,Growing but not fully developed yet.,0.09,Negative,Moderate,Sector 13 Rohini,2028.0,Jul-Sep,13711.23,16779.04629,10643.33691
1475,Sector 13 Rohini,Growing but not fully developed yet.,0.09,Negative,Moderate,Sector 13 Rohini,2028.0,Oct-Dec,13707.46,16774.43277,10640.41045
1476,Sector 13 Rohini,Growing but not fully developed yet.,0.09,Negative,Moderate,Sector 13 Rohini,2029.0,Jan-Mar,13358.78,16347.73744,10369.74774
1477,Sector 13 Rohini,Growing but not fully developed yet.,0.09,Negative,Moderate,Sector 13 Rohini,2029.0,Apr-Jun,13314.97,16294.12518,10335.74024
1478,Sector 13 Rohini,Growing but not fully developed yet.,0.09,Negative,Moderate,Sector 13 Rohini,2029.0,Jul-Sep,13652.33,16706.96772,10597.61581
1479,Sector 13 Rohini,Growing but not fully developed yet.,0.09,Negative,Moderate,Sector 13 Rohini,2029.0,Oct-Dec,13797.2,16884.25163,10710.07109
1480,Sector 13 Rohini,Growing but not fully developed yet.,0.09,Negative,Moderate,Sector 13 Rohini,2030.0,Jan-Mar,14578.56,17840.43686,11316.60148
1481,Sector 13 Rohini,Growing but not fully developed yet.,0.09,Negative,Moderate,Sector 13 Rohini,2030.0,Apr-Jun,14728.25,18023.61922,11432.79829
1482,Sector 13 Rohini,Growing but not fully developed yet.,0.09,Negative,Moderate,Sector 13 Rohini,2030.0,Jul-Sep,14692.3,17979.62559,11404.89211
1483,Sector 13 Rohini,Growing but not fully developed yet.,0.09,Negative,Moderate,Sector 13 Rohini,2030.0,Oct-Dec,14691.06,17978.10815,11403.92956
1484,Sector 14 Rohini,Demand increasing but still evolving.,-0.0644,Negative,Moderate,Sector 14 Rohini,2024.0,Jan-Mar,14984.83,18689.46132,11276.40104
1485,Sector 14 Rohini,Demand increasing but still evolving.,-0.0644,Negative,Moderate,Sector 14 Rohini,2024.0,Apr-Jun,15248.86,19018.76626,11475.0892
1486,Sector 14 Rohini,Demand increasing but still evolving.,-0.0644,Negative,Moderate,Sector 14 Rohini,2024.0,Jul-Sep,15309.16,19093.97395,11520.46622
1487,Sector 14 Rohini,Demand increasing but still evolving.,-0.0644,Negative,Moderate,Sector 14 Rohini,2024.0,Oct-Dec,15533.98,19374.37518,11689.64802
1488,Sector 14 Rohini,Demand increasing but still evolving.,-0.0644,Negative,Moderate,Sector 14 Rohini,2025.0,Jan-Mar,15186.61,18941.12647,11428.24476
1489,Sector 14 Rohini,Demand increasing but still evolving.,-0.0644,Negative,Moderate,Sector 14 Rohini,2025.0,Apr-Jun,16303.41,20334.02785,12268.66034
1490,Sector 14 Rohini,Demand increasing but still evolving.,-0.0644,Negative,Moderate,Sector 14 Rohini,2025.0,Jul-Sep,15815.75,19725.80589,11901.68589
1491,Sector 14 Rohini,Demand increasing but still evolving.,-0.0644,Negative,Moderate,Sector 14 Rohini,2025.0,Oct-Dec,15326.74,19115.90017,11533.69554
1492,Sector 14 Rohini,Demand increasing but still evolving.,-0.0644,Negative,Moderate,Sector 14 Rohini,2026.0,Jan-Mar,13937.75,17383.5165,10488.45123
1493,Sector 14 Rohini,Demand increasing but still evolving.,-0.0644,Negative,Moderate,Sector 14 Rohini,2026.0,Apr-Jun,13385.07,16694.19994,10072.54786
1494,Sector 14 Rohini,Demand increasing but still evolving.,-0.0644,Negative,Moderate,Sector 14 Rohini,2026.0,Jul-Sep,13289.6,16575.12732,10000.70467
1495,Sector 14 Rohini,Demand increasing but still evolving.,-0.0644,Negative,Moderate,Sector 14 Rohini,2026.0,Oct-Dec,13568.47,16922.94109,10210.56023
1496,Sector 14 Rohini,Demand increasing but still evolving.,-0.0644,Negative,Moderate,Sector 14 Rohini,2027.0,Jan-Mar,13702.31,17089.86974,10311.27766
1497,Sector 14 Rohini,Demand increasing but still evolving.,-0.0644,Negative,Moderate,Sector 14 Rohini,2027.0,Apr-Jun,13605.33,16968.91382,10238.29816
1498,Sector 14 Rohini,Demand increasing but still evolving.,-0.0644,Negative,Moderate,Sector 14 Rohini,2027.0,Jul-Sep,13872.9,17302.63393,10439.65024
1499,Sector 14 Rohini,Demand increasing but still evolving.,-0.0644,Negative,Moderate,Sector 14 Rohini,2027.0,Oct-Dec,13807.7,17221.31483,10390.58586
1500,Sector 14 Rohini,Demand increasing but still evolving.,-0.0644,Negative,Moderate,Sector 14 Rohini,2028.0,Jan-Mar,14268.5,17796.03632,10737.34759
1501,Sector 14 Rohini,Demand increasing but still evolving.,-0.0644,Negative,Moderate,Sector 14 Rohini,2028.0,Apr-Jun,14414.12,17977.65729,10846.92972
1502,Sector 14 Rohini,Demand increasing but still evolving.,-0.0644,Negative,Moderate,Sector 14 Rohini,2028.0,Jul-Sep,14485.06,18066.13546,10900.31356
1503,Sector 14 Rohini,Demand increasing but still evolving.,-0.0644,Negative,Moderate,Sector 14 Rohini,2028.0,Oct-Dec,14404.48,17965.63403,10839.67541
1504,Sector 14 Rohini,Demand increasing but still evolving.,-0.0644,Negative,Moderate,Sector 14 Rohini,2029.0,Jan-Mar,14105.16,17592.31451,10614.43079
1505,Sector 14 Rohini,Demand increasing but still evolving.,-0.0644,Negative,Moderate,Sector 14 Rohini,2029.0,Apr-Jun,14000.04,17461.20617,10535.32577
1506,Sector 14 Rohini,Demand increasing but still evolving.,-0.0644,Negative,Moderate,Sector 14 Rohini,2029.0,Jul-Sep,14237.94,17757.92111,10714.35055
1507,Sector 14 Rohini,Demand increasing but still evolving.,-0.0644,Negative,Moderate,Sector 14 Rohini,2029.0,Oct-Dec,14382.98,17938.81869,10823.49621
1508,Sector 14 Rohini,Demand increasing but still evolving.,-0.0644,Negative,Moderate,Sector 14 Rohini,2030.0,Jan-Mar,14984.83,18689.46132,11276.40104
1509,Sector 14 Rohini,Demand increasing but still evolving.,-0.0644,Negative,Moderate,Sector 14 Rohini,2030.0,Apr-Jun,15248.86,19018.76626,11475.0892
1510,Sector 14 Rohini,Demand increasing but still evolving.,-0.0644,Negative,Moderate,Sector 14 Rohini,2030.0,Jul-Sep,15309.16,19093.97395,11520.46622
1511,Sector 14 Rohini,Demand increasing but still evolving.,-0.0644,Negative,Moderate,Sector 14 Rohini,2030.0,Oct-Dec,15533.98,19374.37518,11689.64802
1512,Sector 18 Dwarka,New developments with good future prospects.,0.6249,Positive,Moderate,Sector 18 Dwarka,2024.0,Jan-Mar,10465.93,12108.14125,8823.639948
1513,Sector 18 Dwarka,New developments with good future prospects.,0.6249,Positive,Moderate,Sector 18 Dwarka,2024.0,Apr-Jun,10723.55,12406.18446,9040.834801
1514,Sector 18 Dwarka,New developments with good future prospects.,0.6249,Positive,Moderate,Sector 18 Dwarka,2024.0,Jul-Sep,11250.36,13015.65633,9484.978968
1515,Sector 18 Dwarka,New developments with good future prospects.,0.6249,Positive,Moderate,Sector 18 Dwarka,2024.0,Oct-Dec,11720.72,13559.82061,9881.531141
1516,Sector 18 Dwarka,New developments with good future prospects.,0.6249,Positive,Moderate,Sector 18 Dwarka,2025.0,Jan-Mar,13303.7,15391.18633,11216.1135
1517,Sector 18 Dwarka,New developments with good future prospects.,0.6249,Positive,Moderate,Sector 18 Dwarka,2025.0,Apr-Jun,13914.01,16097.2602,11730.65504
1518,Sector 18 Dwarka,New developments with good future prospects.,0.6249,Positive,Moderate,Sector 18 Dwarka,2025.0,Jul-Sep,14275.02,16514.91636,12035.01617
1519,Sector 18 Dwarka,New developments with good future prospects.,0.6249,Positive,Moderate,Sector 18 Dwarka,2025.0,Oct-Dec,14708.05,17015.89318,12400.09608
1520,Sector 18 Dwarka,New developments with good future prospects.,0.6249,Positive,Moderate,Sector 18 Dwarka,2026.0,Jan-Mar,8847.93,10236.26054,7459.532847
1521,Sector 18 Dwarka,New developments with good future prospects.,0.6249,Positive,Moderate,Sector 18 Dwarka,2026.0,Apr-Jun,8826.45,10211.4101,7441.42344
1522,Sector 18 Dwarka,New developments with good future prospects.,0.6249,Positive,Moderate,Sector 18 Dwarka,2026.0,Jul-Sep,8909.42,10307.39894,7511.373975
1523,Sector 18 Dwarka,New developments with good future prospects.,0.6249,Positive,Moderate,Sector 18 Dwarka,2026.0,Oct-Dec,9012.12,10426.21362,7597.958524
1524,Sector 18 Dwarka,New developments with good future prospects.,0.6249,Positive,Moderate,Sector 18 Dwarka,2027.0,Jan-Mar,9108.63,10537.86703,7679.324393
1525,Sector 18 Dwarka,New developments with good future prospects.,0.6249,Positive,Moderate,Sector 18 Dwarka,2027.0,Apr-Jun,9106.57,10535.48379,7677.587643
1526,Sector 18 Dwarka,New developments with good future prospects.,0.6249,Positive,Moderate,Sector 18 Dwarka,2027.0,Jul-Sep,9078.73,10503.27541,7654.116233
1527,Sector 18 Dwarka,New developments with good future prospects.,0.6249,Positive,Moderate,Sector 18 Dwarka,2027.0,Oct-Dec,9099.56,10527.37385,7671.677637
1528,Sector 18 Dwarka,New developments with good future prospects.,0.6249,Positive,Moderate,Sector 18 Dwarka,2028.0,Jan-Mar,9193.31,10635.83418,7750.716599
1529,Sector 18 Dwarka,New developments with good future prospects.,0.6249,Positive,Moderate,Sector 18 Dwarka,2028.0,Apr-Jun,9304.59,10764.57515,7844.534793
1530,Sector 18 Dwarka,New developments with good future prospects.,0.6249,Positive,Moderate,Sector 18 Dwarka,2028.0,Jul-Sep,9323.5,10786.45232,7860.477479
1531,Sector 18 Dwarka,New developments with good future prospects.,0.6249,Positive,Moderate,Sector 18 Dwarka,2028.0,Oct-Dec,9475.87,10962.73073,7988.937923
1532,Sector 18 Dwarka,New developments with good future prospects.,0.6249,Positive,Moderate,Sector 18 Dwarka,2029.0,Jan-Mar,9786.75,11322.39098,8251.035337
1533,Sector 18 Dwarka,New developments with good future prospects.,0.6249,Positive,Moderate,Sector 18 Dwarka,2029.0,Apr-Jun,9968.03,11532.11566,8403.86929
1534,Sector 18 Dwarka,New developments with good future prospects.,0.6249,Positive,Moderate,Sector 18 Dwarka,2029.0,Jul-Sep,10314.34,11932.76523,8695.837108
1535,Sector 18 Dwarka,New developments with good future prospects.,0.6249,Positive,Moderate,Sector 18 Dwarka,2029.0,Oct-Dec,10467.83,12110.33938,8825.241805
1536,Sector 18 Dwarka,New developments with good future prospects.,0.6249,Positive,Moderate,Sector 18 Dwarka,2030.0,Jan-Mar,10465.93,12108.14125,8823.639948
1537,Sector 18 Dwarka,New developments with good future prospects.,0.6249,Positive,Moderate,Sector 18 Dwarka,2030.0,Apr-Jun,10723.55,12406.18446,9040.834801
1538,Sector 18 Dwarka,New developments with good future prospects.,0.6249,Positive,Moderate,Sector 18 Dwarka,2030.0,Jul-Sep,11250.36,13015.65633,9484.978968
1539,Sector 18 Dwarka,New developments with good future prospects.,0.6249,Positive,Moderate,Sector 18 Dwarka,2030.0,Oct-Dec,11720.72,13559.82061,9881.531141
1540,Sector 19 Dwarka,Upcoming projects make it a 0.25-risk area.,0.0,Negative,Moderate,,,,,,
1541,Sector 2 Dwarka,Well-connected and established sector.,0.0,Negative,Moderate,Sector 2 Dwarka,2024.0,Jan-Mar,10489.51,12198.18456,8781.03857
1542,Sector 2 Dwarka,Well-connected and established sector.,0.0,Negative,Moderate,Sector 2 Dwarka,2024.0,Apr-Jun,10707.09,12451.20696,8963.180383
1543,Sector 2 Dwarka,Well-connected and established sector.,0.0,Negative,Moderate,Sector 2 Dwarka,2024.0,Jul-Sep,10920.8,12699.72897,9142.08252
1544,Sector 2 Dwarka,Well-connected and established sector.,0.0,Negative,Moderate,Sector 2 Dwarka,2024.0,Oct-Dec,11196.98,13020.89693,9373.2799
1545,Sector 2 Dwarka,Well-connected and established sector.,0.0,Negative,Moderate,Sector 2 Dwarka,2025.0,Jan-Mar,11859.1,13790.87208,9927.557579
1546,Sector 2 Dwarka,Well-connected and established sector.,0.0,Negative,Moderate,Sector 2 Dwarka,2025.0,Apr-Jun,12730.75,14804.50833,10657.23821
1547,Sector 2 Dwarka,Well-connected and established sector.,0.0,Negative,Moderate,Sector 2 Dwarka,2025.0,Jul-Sep,13167.21,15312.06489,11022.6101
1548,Sector 2 Dwarka,Well-connected and established sector.,0.0,Negative,Moderate,Sector 2 Dwarka,2025.0,Oct-Dec,13160.61,15304.38979,11017.08507
1549,Sector 2 Dwarka,Well-connected and established sector.,0.0,Negative,Moderate,Sector 2 Dwarka,2026.0,Jan-Mar,8941.84,10398.40895,7485.444213
1550,Sector 2 Dwarka,Well-connected and established sector.,0.0,Negative,Moderate,Sector 2 Dwarka,2026.0,Apr-Jun,8993.77,10458.79802,7528.916151
1551,Sector 2 Dwarka,Well-connected and established sector.,0.0,Negative,Moderate,Sector 2 Dwarka,2026.0,Jul-Sep,9038.35,10510.63982,7566.235216
1552,Sector 2 Dwarka,Well-connected and established sector.,0.0,Negative,Moderate,Sector 2 Dwarka,2026.0,Oct-Dec,9024.38,10494.39419,7554.540569
1553,Sector 2 Dwarka,Well-connected and established sector.,0.0,Negative,Moderate,Sector 2 Dwarka,2027.0,Jan-Mar,9133.79,10621.62639,7646.130494
1554,Sector 2 Dwarka,Well-connected and established sector.,0.0,Negative,Moderate,Sector 2 Dwarka,2027.0,Apr-Jun,9106.24,10589.58867,7623.06768
1555,Sector 2 Dwarka,Well-connected and established sector.,0.0,Negative,Moderate,Sector 2 Dwarka,2027.0,Jul-Sep,9079.21,10558.15565,7600.440172
1556,Sector 2 Dwarka,Well-connected and established sector.,0.0,Negative,Moderate,Sector 2 Dwarka,2027.0,Oct-Dec,9057.62,10533.04878,7582.366628
1557,Sector 2 Dwarka,Well-connected and established sector.,0.0,Negative,Moderate,Sector 2 Dwarka,2028.0,Jan-Mar,8933.98,10389.26861,7478.864405
1558,Sector 2 Dwarka,Well-connected and established sector.,0.0,Negative,Moderate,Sector 2 Dwarka,2028.0,Apr-Jun,9039.31,10511.75619,7567.038856
1559,Sector 2 Dwarka,Well-connected and established sector.,0.0,Negative,Moderate,Sector 2 Dwarka,2028.0,Jul-Sep,9201.84,10700.7613,7703.096899
1560,Sector 2 Dwarka,Well-connected and established sector.,0.0,Negative,Moderate,Sector 2 Dwarka,2028.0,Oct-Dec,9251.46,10758.46408,7744.635077
1561,Sector 2 Dwarka,Well-connected and established sector.,0.0,Negative,Moderate,Sector 2 Dwarka,2029.0,Jan-Mar,9427.8,10963.52875,7892.253826
1562,Sector 2 Dwarka,Well-connected and established sector.,0.0,Negative,Moderate,Sector 2 Dwarka,2029.0,Apr-Jun,9823.11,11423.23224,8223.177992
1563,Sector 2 Dwarka,Well-connected and established sector.,0.0,Negative,Moderate,Sector 2 Dwarka,2029.0,Jul-Sep,10083.46,11725.9916,8441.123673
1564,Sector 2 Dwarka,Well-connected and established sector.,0.0,Negative,Moderate,Sector 2 Dwarka,2029.0,Oct-Dec,10151.67,11805.31257,8498.224018
1565,Sector 2 Dwarka,Well-connected and established sector.,0.0,Negative,Moderate,Sector 2 Dwarka,2030.0,Jan-Mar,10489.51,12198.18456,8781.03857
1566,Sector 2 Dwarka,Well-connected and established sector.,0.0,Negative,Moderate,Sector 2 Dwarka,2030.0,Apr-Jun,10707.09,12451.20696,8963.180383
1567,Sector 2 Dwarka,Well-connected and established sector.,0.0,Negative,Moderate,Sector 2 Dwarka,2030.0,Jul-Sep,10920.8,12699.72897,9142.08252
1568,Sector 2 Dwarka,Well-connected and established sector.,0.0,Negative,Moderate,Sector 2 Dwarka,2030.0,Oct-Dec,11196.98,13020.89693,9373.2799
1569,Sector 22 Dwarka,Growing but with good infrastructure support.,0.8294,Positive,Moderate,Sector 22 Dwarka,2024.0,Jan-Mar,10501.53,12311.9276,8691.132398
1570,Sector 22 Dwarka,Growing but with good infrastructure support.,0.8294,Positive,Moderate,Sector 22 Dwarka,2024.0,Apr-Jun,10783.02,12641.9447,8924.095296
1571,Sector 22 Dwarka,Growing but with good infrastructure support.,0.8294,Positive,Moderate,Sector 22 Dwarka,2024.0,Jul-Sep,11053.11,12958.59652,9147.623482
1572,Sector 22 Dwarka,Growing but with good infrastructure support.,0.8294,Positive,Moderate,Sector 22 Dwarka,2024.0,Oct-Dec,11186.31,13114.75936,9257.860641
1573,Sector 22 Dwarka,Growing but with good infrastructure support.,0.8294,Positive,Moderate,Sector 22 Dwarka,2025.0,Jan-Mar,11837.45,13878.15179,9796.748208
1574,Sector 22 Dwarka,Growing but with good infrastructure support.,0.8294,Positive,Moderate,Sector 22 Dwarka,2025.0,Apr-Jun,12722.44,14915.70849,10529.17151
1575,Sector 22 Dwarka,Growing but with good infrastructure support.,0.8294,Positive,Moderate,Sector 22 Dwarka,2025.0,Jul-Sep,13364.11,15667.99836,11060.22164
1576,Sector 22 Dwarka,Growing but with good infrastructure support.,0.8294,Positive,Moderate,Sector 22 Dwarka,2025.0,Oct-Dec,13754.51,16125.70086,11383.31914
1577,Sector 22 Dwarka,Growing but with good infrastructure support.,0.8294,Positive,Moderate,Sector 22 Dwarka,2026.0,Jan-Mar,9160.19,10739.34904,7581.030962
1578,Sector 22 Dwarka,Growing but with good infrastructure support.,0.8294,Positive,Moderate,Sector 22 Dwarka,2026.0,Apr-Jun,9154.74,10732.95949,7576.520508
1579,Sector 22 Dwarka,Growing but with good infrastructure support.,0.8294,Positive,Moderate,Sector 22 Dwarka,2026.0,Jul-Sep,9201.55,10787.83924,7615.260759
1580,Sector 22 Dwarka,Growing but with good infrastructure support.,0.8294,Positive,Moderate,Sector 22 Dwarka,2026.0,Oct-Dec,9152.36,10730.1692,7574.550805
1581,Sector 22 Dwarka,Growing but with good infrastructure support.,0.8294,Positive,Moderate,Sector 22 Dwarka,2027.0,Jan-Mar,9072.8,10636.89355,7508.706448
1582,Sector 22 Dwarka,Growing but with good infrastructure support.,0.8294,Positive,Moderate,Sector 22 Dwarka,2027.0,Apr-Jun,9069.67,10633.22396,7506.11604
1583,Sector 22 Dwarka,Growing but with good infrastructure support.,0.8294,Positive,Moderate,Sector 22 Dwarka,2027.0,Jul-Sep,9248.68,10843.09416,7654.265844
1584,Sector 22 Dwarka,Growing but with good infrastructure support.,0.8294,Positive,Moderate,Sector 22 Dwarka,2027.0,Oct-Dec,9270.18,10868.30062,7672.059379
1585,Sector 22 Dwarka,Growing but with good infrastructure support.,0.8294,Positive,Moderate,Sector 22 Dwarka,2028.0,Jan-Mar,9275.22,10874.20948,7676.230515
1586,Sector 22 Dwarka,Growing but with good infrastructure support.,0.8294,Positive,Moderate,Sector 22 Dwarka,2028.0,Apr-Jun,9343.29,10954.01432,7732.565676
1587,Sector 22 Dwarka,Growing but with good infrastructure support.,0.8294,Positive,Moderate,Sector 22 Dwarka,2028.0,Jul-Sep,9433.75,11060.06906,7807.430942
1588,Sector 22 Dwarka,Growing but with good infrastructure support.,0.8294,Positive,Moderate,Sector 22 Dwarka,2028.0,Oct-Dec,9374.25,10990.31163,7758.188367
1589,Sector 22 Dwarka,Growing but with good infrastructure support.,0.8294,Positive,Moderate,Sector 22 Dwarka,2029.0,Jan-Mar,9516.49,11157.07291,7875.907087
1590,Sector 22 Dwarka,Growing but with good infrastructure support.,0.8294,Positive,Moderate,Sector 22 Dwarka,2029.0,Apr-Jun,9828.56,11522.94181,8134.178186
1591,Sector 22 Dwarka,Growing but with good infrastructure support.,0.8294,Positive,Moderate,Sector 22 Dwarka,2029.0,Jul-Sep,10081.46,11819.44018,8343.479819
1592,Sector 22 Dwarka,Growing but with good infrastructure support.,0.8294,Positive,Moderate,Sector 22 Dwarka,2029.0,Oct-Dec,10232.28,11996.2606,8468.299401
1593,Sector 22 Dwarka,Growing but with good infrastructure support.,0.8294,Positive,Moderate,Sector 22 Dwarka,2030.0,Jan-Mar,10501.53,12311.9276,8691.132398
1594,Sector 22 Dwarka,Growing but with good infrastructure support.,0.8294,Positive,Moderate,Sector 22 Dwarka,2030.0,Apr-Jun,10783.02,12641.9447,8924.095296
1595,Sector 22 Dwarka,Growing but with good infrastructure support.,0.8294,Positive,Moderate,Sector 22 Dwarka,2030.0,Jul-Sep,11053.11,12958.59652,9147.623482
1596,Sector 22 Dwarka,Growing but with good infrastructure support.,0.8294,Positive,Moderate,Sector 22 Dwarka,2030.0,Oct-Dec,11186.31,13114.75936,9257.860641
1597,Sector 23 Dwarka,0.75 supply but balanced by growing demand.,0.0772,Negative,Moderate,Sector 23 Dwarka,2024.0,Jan-Mar,10032.34,11830.06529,8234.733974
1598,Sector 23 Dwarka,0.75 supply but balanced by growing demand.,0.0772,Negative,Moderate,Sector 23 Dwarka,2024.0,Apr-Jun,10320.66,12170.05023,8471.39247
1599,Sector 23 Dwarka,0.75 supply but balanced by growing demand.,0.0772,Negative,Moderate,Sector 23 Dwarka,2024.0,Jul-Sep,10469.14,12345.1368,8593.267656
1600,Sector 23 Dwarka,0.75 supply but balanced by growing demand.,0.0772,Negative,Moderate,Sector 23 Dwarka,2024.0,Oct-Dec,11005.33,12977.40831,9033.382526
1601,Sector 23 Dwarka,0.75 supply but balanced by growing demand.,0.0772,Negative,Moderate,Sector 23 Dwarka,2025.0,Jan-Mar,11533.11,13599.7628,9466.594308
1602,Sector 23 Dwarka,0.75 supply but balanced by growing demand.,0.0772,Negative,Moderate,Sector 23 Dwarka,2025.0,Apr-Jun,12624.12,14886.27418,10362.1159
1603,Sector 23 Dwarka,0.75 supply but balanced by growing demand.,0.0772,Negative,Moderate,Sector 23 Dwarka,2025.0,Jul-Sep,13408.9,15811.68127,11006.27813
1604,Sector 23 Dwarka,0.75 supply but balanced by growing demand.,0.0772,Negative,Moderate,Sector 23 Dwarka,2025.0,Oct-Dec,13780.14,16249.44489,11310.99893
1605,Sector 23 Dwarka,0.75 supply but balanced by growing demand.,0.0772,Negative,Moderate,Sector 23 Dwarka,2026.0,Jan-Mar,8815.42,10395.08172,7235.863076
1606,Sector 23 Dwarka,0.75 supply but balanced by growing demand.,0.0772,Negative,Moderate,Sector 23 Dwarka,2026.0,Apr-Jun,8881.83,10473.39193,7290.373657
1607,Sector 23 Dwarka,0.75 supply but balanced by growing demand.,0.0772,Negative,Moderate,Sector 23 Dwarka,2026.0,Jul-Sep,8760.25,10330.02565,7190.578499
1608,Sector 23 Dwarka,0.75 supply but balanced by growing demand.,0.0772,Negative,Moderate,Sector 23 Dwarka,2026.0,Oct-Dec,8814.06,10393.47802,7234.746762
1609,Sector 23 Dwarka,0.75 supply but balanced by growing demand.,0.0772,Negative,Moderate,Sector 23 Dwarka,2027.0,Jan-Mar,8923.92,10523.02417,7324.921923
1610,Sector 23 Dwarka,0.75 supply but balanced by growing demand.,0.0772,Negative,Moderate,Sector 23 Dwarka,2027.0,Apr-Jun,8918.09,10516.14947,7320.136549
1611,Sector 23 Dwarka,0.75 supply but balanced by growing demand.,0.0772,Negative,Moderate,Sector 23 Dwarka,2027.0,Jul-Sep,8874.31,10464.5244,7284.201099
1612,Sector 23 Dwarka,0.75 supply but balanced by growing demand.,0.0772,Negative,Moderate,Sector 23 Dwarka,2027.0,Oct-Dec,8853.39,10439.85568,7267.029568
1613,Sector 23 Dwarka,0.75 supply but balanced by growing demand.,0.0772,Negative,Moderate,Sector 23 Dwarka,2028.0,Jan-Mar,8898.11,10492.5892,7303.736588
1614,Sector 23 Dwarka,0.75 supply but balanced by growing demand.,0.0772,Negative,Moderate,Sector 23 Dwarka,2028.0,Apr-Jun,8871.96,10461.7533,7282.272175
1615,Sector 23 Dwarka,0.75 supply but balanced by growing demand.,0.0772,Negative,Moderate,Sector 23 Dwarka,2028.0,Jul-Sep,8919.21,10517.47017,7321.055866
1616,Sector 23 Dwarka,0.75 supply but balanced by growing demand.,0.0772,Negative,Moderate,Sector 23 Dwarka,2028.0,Oct-Dec,9140.9,10778.88547,7503.023201
1617,Sector 23 Dwarka,0.75 supply but balanced by growing demand.,0.0772,Negative,Moderate,Sector 23 Dwarka,2029.0,Jan-Mar,9445.98,11138.63368,7753.438622
1618,Sector 23 Dwarka,0.75 supply but balanced by growing demand.,0.0772,Negative,Moderate,Sector 23 Dwarka,2029.0,Apr-Jun,9557.99,11270.71509,7845.378543
1619,Sector 23 Dwarka,0.75 supply but balanced by growing demand.,0.0772,Negative,Moderate,Sector 23 Dwarka,2029.0,Jul-Sep,9546.91,11257.64963,7836.28387
1620,Sector 23 Dwarka,0.75 supply but balanced by growing demand.,0.0772,Negative,Moderate,Sector 23 Dwarka,2029.0,Oct-Dec,9757.14,11505.55138,8008.844621
1621,Sector 23 Dwarka,0.75 supply but balanced by growing demand.,0.0772,Negative,Moderate,Sector 23 Dwarka,2030.0,Jan-Mar,10032.34,11830.06529,8234.733974
1622,Sector 23 Dwarka,0.75 supply but balanced by growing demand.,0.0772,Negative,Moderate,Sector 23 Dwarka,2030.0,Apr-Jun,10320.66,12170.05023,8471.39247
1623,Sector 23 Dwarka,0.75 supply but balanced by growing demand.,0.0772,Negative,Moderate,Sector 23 Dwarka,2030.0,Jul-Sep,10469.14,12345.1368,8593.267656
1624,Sector 23 Dwarka,0.75 supply but balanced by growing demand.,0.0772,Negative,Moderate,Sector 23 Dwarka,2030.0,Oct-Dec,11005.33,12977.40831,9033.382526
1625,Sector 4 Dwarka,0.75 livability index with planned development.,0.0,Negative,Moderate,Sector 4 Dwarka,2024.0,Jan-Mar,10074.19,11479.71886,8668.583662
1626,Sector 4 Dwarka,0.75 livability index with planned development.,0.0,Negative,Moderate,Sector 4 Dwarka,2024.0,Apr-Jun,10345.89,11789.32585,8902.374586
1627,Sector 4 Dwarka,0.75 livability index with planned development.,0.0,Negative,Moderate,Sector 4 Dwarka,2024.0,Jul-Sep,10864.53,12380.32536,9348.651083
1628,Sector 4 Dwarka,0.75 livability index with planned development.,0.0,Negative,Moderate,Sector 4 Dwarka,2024.0,Oct-Dec,11124.92,12677.0444,9572.71004
1629,Sector 4 Dwarka,0.75 livability index with planned development.,0.0,Negative,Moderate,Sector 4 Dwarka,2025.0,Jan-Mar,11519.4,13126.56139,9912.150023
1630,Sector 4 Dwarka,0.75 livability index with planned development.,0.0,Negative,Moderate,Sector 4 Dwarka,2025.0,Apr-Jun,12610.13,14369.46764,10850.69538
1631,Sector 4 Dwarka,0.75 livability index with planned development.,0.0,Negative,Moderate,Sector 4 Dwarka,2025.0,Jul-Sep,13396.41,15265.4477,11527.26928
1632,Sector 4 Dwarka,0.75 livability index with planned development.,0.0,Negative,Moderate,Sector 4 Dwarka,2025.0,Oct-Dec,13946.58,15892.37621,12000.67653
1633,Sector 4 Dwarka,0.75 livability index with planned development.,0.0,Negative,Moderate,Sector 4 Dwarka,2026.0,Jan-Mar,8832.21,10064.46054,7599.891536
1634,Sector 4 Dwarka,0.75 livability index with planned development.,0.0,Negative,Moderate,Sector 4 Dwarka,2026.0,Apr-Jun,8888.67,10128.79772,7648.473926
1635,Sector 4 Dwarka,0.75 livability index with planned development.,0.0,Negative,Moderate,Sector 4 Dwarka,2026.0,Jul-Sep,8805.91,10034.49122,7577.261056
1636,Sector 4 Dwarka,0.75 livability index with planned development.,0.0,Negative,Moderate,Sector 4 Dwarka,2026.0,Oct-Dec,8853.43,10088.64111,7618.150805
1637,Sector 4 Dwarka,0.75 livability index with planned development.,0.0,Negative,Moderate,Sector 4 Dwarka,2027.0,Jan-Mar,9055.85,10319.3023,7792.328054
1638,Sector 4 Dwarka,0.75 livability index with planned development.,0.0,Negative,Moderate,Sector 4 Dwarka,2027.0,Apr-Jun,9045.38,10307.37155,7783.318886
1639,Sector 4 Dwarka,0.75 livability index with planned development.,0.0,Negative,Moderate,Sector 4 Dwarka,2027.0,Jul-Sep,9063.87,10328.44123,7799.22906
1640,Sector 4 Dwarka,0.75 livability index with planned development.,0.0,Negative,Moderate,Sector 4 Dwarka,2027.0,Oct-Dec,9016.13,10274.04065,7758.150007
1641,Sector 4 Dwarka,0.75 livability index with planned development.,0.0,Negative,Moderate,Sector 4 Dwarka,2028.0,Jan-Mar,9034.87,10295.39522,7774.275299
1642,Sector 4 Dwarka,0.75 livability index with planned development.,0.0,Negative,Moderate,Sector 4 Dwarka,2028.0,Apr-Jun,8997.79,10253.1419,7742.368904
1643,Sector 4 Dwarka,0.75 livability index with planned development.,0.0,Negative,Moderate,Sector 4 Dwarka,2028.0,Jul-Sep,9046.73,10308.9099,7784.480527
1644,Sector 4 Dwarka,0.75 livability index with planned development.,0.0,Negative,Moderate,Sector 4 Dwarka,2028.0,Oct-Dec,9270.38,10563.76306,7976.92565
1645,Sector 4 Dwarka,0.75 livability index with planned development.,0.0,Negative,Moderate,Sector 4 Dwarka,2029.0,Jan-Mar,9454.52,10773.59386,8135.373425
1646,Sector 4 Dwarka,0.75 livability index with planned development.,0.0,Negative,Moderate,Sector 4 Dwarka,2029.0,Apr-Jun,9683.22,11034.20159,8332.163945
1647,Sector 4 Dwarka,0.75 livability index with planned development.,0.0,Negative,Moderate,Sector 4 Dwarka,2029.0,Jul-Sep,9728.14,11085.38873,8370.81646
1648,Sector 4 Dwarka,0.75 livability index with planned development.,0.0,Negative,Moderate,Sector 4 Dwarka,2029.0,Oct-Dec,9863.3,11239.40595,8487.118194
1649,Sector 4 Dwarka,0.75 livability index with planned development.,0.0,Negative,Moderate,Sector 4 Dwarka,2030.0,Jan-Mar,10074.19,11479.71886,8668.583662
1650,Sector 4 Dwarka,0.75 livability index with planned development.,0.0,Negative,Moderate,Sector 4 Dwarka,2030.0,Apr-Jun,10345.89,11789.32585,8902.374586
1651,Sector 4 Dwarka,0.75 livability index with planned development.,0.0,Negative,Moderate,Sector 4 Dwarka,2030.0,Jul-Sep,10864.53,12380.32536,9348.651083
1652,Sector 4 Dwarka,0.75 livability index with planned development.,0.0,Negative,Moderate,Sector 4 Dwarka,2030.0,Oct-Dec,11124.92,12677.0444,9572.71004
1653,Sector 5 Dwarka,Well-developed with a good demand-supply balance.,0.4404,Positive,Moderate,Sector 5 Dwarka,2024.0,Jan-Mar,10255.04,11758.59326,8751.4071
1654,Sector 5 Dwarka,Well-developed with a good demand-supply balance.,0.4404,Positive,Moderate,Sector 5 Dwarka,2024.0,Apr-Jun,10425.02,11953.49505,8896.463987
1655,Sector 5 Dwarka,Well-developed with a good demand-supply balance.,0.4404,Positive,Moderate,Sector 5 Dwarka,2024.0,Jul-Sep,10924.48,12526.18389,9322.691265
1656,Sector 5 Dwarka,Well-developed with a good demand-supply balance.,0.4404,Positive,Moderate,Sector 5 Dwarka,2024.0,Oct-Dec,11339.94,13002.55699,9677.234943
1657,Sector 5 Dwarka,Well-developed with a good demand-supply balance.,0.4404,Positive,Moderate,Sector 5 Dwarka,2025.0,Jan-Mar,11796.38,13525.91841,10066.74998
1658,Sector 5 Dwarka,Well-developed with a good demand-supply balance.,0.4404,Positive,Moderate,Sector 5 Dwarka,2025.0,Apr-Jun,12403.18,14221.68502,10584.57866
1659,Sector 5 Dwarka,Well-developed with a good demand-supply balance.,0.4404,Positive,Moderate,Sector 5 Dwarka,2025.0,Jul-Sep,13271.03,15216.77574,11325.1812
1660,Sector 5 Dwarka,Well-developed with a good demand-supply balance.,0.4404,Positive,Moderate,Sector 5 Dwarka,2025.0,Oct-Dec,13935.75,15978.95435,11892.43743
1661,Sector 5 Dwarka,Well-developed with a good demand-supply balance.,0.4404,Positive,Moderate,Sector 5 Dwarka,2026.0,Jan-Mar,8718.89,9997.219041,7440.493245
1662,Sector 5 Dwarka,Well-developed with a good demand-supply balance.,0.4404,Positive,Moderate,Sector 5 Dwarka,2026.0,Apr-Jun,8696.14,9971.133527,7421.078936
1663,Sector 5 Dwarka,Well-developed with a good demand-supply balance.,0.4404,Positive,Moderate,Sector 5 Dwarka,2026.0,Jul-Sep,8703.89,9980.019801,7427.692602
1664,Sector 5 Dwarka,Well-developed with a good demand-supply balance.,0.4404,Positive,Moderate,Sector 5 Dwarka,2026.0,Oct-Dec,8714.07,9991.692352,7436.379972
1665,Sector 5 Dwarka,Well-developed with a good demand-supply balance.,0.4404,Positive,Moderate,Sector 5 Dwarka,2027.0,Jan-Mar,8697.78,9973.013977,7422.478473
1666,Sector 5 Dwarka,Well-developed with a good demand-supply balance.,0.4404,Positive,Moderate,Sector 5 Dwarka,2027.0,Apr-Jun,8681.13,9953.92282,7408.26976
1667,Sector 5 Dwarka,Well-developed with a good demand-supply balance.,0.4404,Positive,Moderate,Sector 5 Dwarka,2027.0,Jul-Sep,8902.99,10208.31105,7597.599804
1668,Sector 5 Dwarka,Well-developed with a good demand-supply balance.,0.4404,Positive,Moderate,Sector 5 Dwarka,2027.0,Oct-Dec,8958.6,10272.07437,7645.056055
1669,Sector 5 Dwarka,Well-developed with a good demand-supply balance.,0.4404,Positive,Moderate,Sector 5 Dwarka,2028.0,Jan-Mar,9127.99,10466.29966,7789.60945
1670,Sector 5 Dwarka,Well-developed with a good demand-supply balance.,0.4404,Positive,Moderate,Sector 5 Dwarka,2028.0,Apr-Jun,9179.83,10525.74023,7833.848472
1671,Sector 5 Dwarka,Well-developed with a good demand-supply balance.,0.4404,Positive,Moderate,Sector 5 Dwarka,2028.0,Jul-Sep,9242.42,10597.50693,7887.261289
1672,Sector 5 Dwarka,Well-developed with a good demand-supply balance.,0.4404,Positive,Moderate,Sector 5 Dwarka,2028.0,Oct-Dec,9394.19,10771.52885,8016.778195
1673,Sector 5 Dwarka,Well-developed with a good demand-supply balance.,0.4404,Positive,Moderate,Sector 5 Dwarka,2029.0,Jan-Mar,9500.81,10893.78105,8107.765166
1674,Sector 5 Dwarka,Well-developed with a good demand-supply balance.,0.4404,Positive,Moderate,Sector 5 Dwarka,2029.0,Apr-Jun,9707.46,11130.72925,8284.115358
1675,Sector 5 Dwarka,Well-developed with a good demand-supply balance.,0.4404,Positive,Moderate,Sector 5 Dwarka,2029.0,Jul-Sep,9779.42,11213.23974,8345.52431
1676,Sector 5 Dwarka,Well-developed with a good demand-supply balance.,0.4404,Positive,Moderate,Sector 5 Dwarka,2029.0,Oct-Dec,9945.01,11403.10789,8486.834875
1677,Sector 5 Dwarka,Well-developed with a good demand-supply balance.,0.4404,Positive,Moderate,Sector 5 Dwarka,2030.0,Jan-Mar,10255.04,11758.59326,8751.4071
1678,Sector 5 Dwarka,Well-developed with a good demand-supply balance.,0.4404,Positive,Moderate,Sector 5 Dwarka,2030.0,Apr-Jun,10425.02,11953.49505,8896.463987
1679,Sector 5 Dwarka,Well-developed with a good demand-supply balance.,0.4404,Positive,Moderate,Sector 5 Dwarka,2030.0,Jul-Sep,10924.48,12526.18389,9322.691265
1680,Sector 5 Dwarka,Well-developed with a good demand-supply balance.,0.4404,Positive,Moderate,Sector 5 Dwarka,2030.0,Oct-Dec,11339.94,13002.55699,9677.234943
1681,Sector 6 Dwarka,Affordable luxury segment with rising demand.,-0.128,Neutral,Low,Sector 6 Dwarka,2024.0,Jan-Mar,10368.59,12023.17064,8714.048678
1682,Sector 6 Dwarka,Affordable luxury segment with rising demand.,-0.128,Neutral,Low,Sector 6 Dwarka,2024.0,Apr-Jun,10489.57,12163.45617,8815.723603
1683,Sector 6 Dwarka,Affordable luxury segment with rising demand.,-0.128,Neutral,Low,Sector 6 Dwarka,2024.0,Jul-Sep,11039.47,12801.10715,9277.874712
1684,Sector 6 Dwarka,Affordable luxury segment with rising demand.,-0.128,Neutral,Low,Sector 6 Dwarka,2024.0,Oct-Dec,11362.34,13175.49953,9549.223554
1685,Sector 6 Dwarka,Affordable luxury segment with rising demand.,-0.128,Neutral,Low,Sector 6 Dwarka,2025.0,Jan-Mar,11891.52,13789.12408,9993.961005
1686,Sector 6 Dwarka,Affordable luxury segment with rising demand.,-0.128,Neutral,Low,Sector 6 Dwarka,2025.0,Apr-Jun,12304.04,14267.47248,10340.65418
1687,Sector 6 Dwarka,Affordable luxury segment with rising demand.,-0.128,Neutral,Low,Sector 6 Dwarka,2025.0,Jul-Sep,13432.66,15576.19342,11289.17752
1688,Sector 6 Dwarka,Affordable luxury segment with rising demand.,-0.128,Neutral,Low,Sector 6 Dwarka,2025.0,Oct-Dec,13866.03,16078.71897,11653.3936
1689,Sector 6 Dwarka,Affordable luxury segment with rising demand.,-0.128,Neutral,Low,Sector 6 Dwarka,2026.0,Jan-Mar,9043.83,10487.01041,7600.683878
1690,Sector 6 Dwarka,Affordable luxury segment with rising demand.,-0.128,Neutral,Low,Sector 6 Dwarka,2026.0,Apr-Jun,9041.69,10484.52892,7598.885363
1691,Sector 6 Dwarka,Affordable luxury segment with rising demand.,-0.128,Neutral,Low,Sector 6 Dwarka,2026.0,Jul-Sep,9055.12,10500.10203,7610.172305
1692,Sector 6 Dwarka,Affordable luxury segment with rising demand.,-0.128,Neutral,Low,Sector 6 Dwarka,2026.0,Oct-Dec,9113.46,10567.75171,7659.202849
1693,Sector 6 Dwarka,Affordable luxury segment with rising demand.,-0.128,Neutral,Low,Sector 6 Dwarka,2027.0,Jan-Mar,9058.84,10504.41565,7613.298696
1694,Sector 6 Dwarka,Affordable luxury segment with rising demand.,-0.128,Neutral,Low,Sector 6 Dwarka,2027.0,Apr-Jun,9020.1,10459.49367,7580.740533
1695,Sector 6 Dwarka,Affordable luxury segment with rising demand.,-0.128,Neutral,Low,Sector 6 Dwarka,2027.0,Jul-Sep,9078.93,10527.71154,7630.182885
1696,Sector 6 Dwarka,Affordable luxury segment with rising demand.,-0.128,Neutral,Low,Sector 6 Dwarka,2027.0,Oct-Dec,9112.69,10566.85883,7658.555719
1697,Sector 6 Dwarka,Affordable luxury segment with rising demand.,-0.128,Neutral,Low,Sector 6 Dwarka,2028.0,Jan-Mar,9198.72,10666.61718,7730.857701
1698,Sector 6 Dwarka,Affordable luxury segment with rising demand.,-0.128,Neutral,Low,Sector 6 Dwarka,2028.0,Apr-Jun,9253.06,10729.62855,7776.526534
1699,Sector 6 Dwarka,Affordable luxury segment with rising demand.,-0.128,Neutral,Low,Sector 6 Dwarka,2028.0,Jul-Sep,9278.58,10759.22094,7797.974245
1700,Sector 6 Dwarka,Affordable luxury segment with rising demand.,-0.128,Neutral,Low,Sector 6 Dwarka,2028.0,Oct-Dec,9425.99,10930.15407,7921.86167
1701,Sector 6 Dwarka,Affordable luxury segment with rising demand.,-0.128,Neutral,Low,Sector 6 Dwarka,2029.0,Jan-Mar,9549.73,11073.64003,8025.856175
1702,Sector 6 Dwarka,Affordable luxury segment with rising demand.,-0.128,Neutral,Low,Sector 6 Dwarka,2029.0,Apr-Jun,9812.17,11377.95922,8246.417981
1703,Sector 6 Dwarka,Affordable luxury segment with rising demand.,-0.128,Neutral,Low,Sector 6 Dwarka,2029.0,Jul-Sep,9987.03,11580.72273,8393.375142
1704,Sector 6 Dwarka,Affordable luxury segment with rising demand.,-0.128,Neutral,Low,Sector 6 Dwarka,2029.0,Oct-Dec,10145.52,11764.50396,8526.574505
1705,Sector 6 Dwarka,Affordable luxury segment with rising demand.,-0.128,Neutral,Low,Sector 6 Dwarka,2030.0,Jan-Mar,10368.59,12023.17064,8714.048678
1706,Sector 6 Dwarka,Affordable luxury segment with rising demand.,-0.128,Neutral,Low,Sector 6 Dwarka,2030.0,Apr-Jun,10489.57,12163.45617,8815.723603
1707,Sector 6 Dwarka,Affordable luxury segment with rising demand.,-0.128,Neutral,Low,Sector 6 Dwarka,2030.0,Jul-Sep,11039.47,12801.10715,9277.874712
1708,Sector 6 Dwarka,Affordable luxury segment with rising demand.,-0.128,Neutral,Low,Sector 6 Dwarka,2030.0,Oct-Dec,11362.34,13175.49953,9549.223554
1709,Sector 7 Dwarka,Strong residential growth and stable prices.,0.7964,Positive,Moderate,Sector 7 Dwarka,2024.0,Jan-Mar,10035.31,11519.2367,8551.383302
1710,Sector 7 Dwarka,Strong residential growth and stable prices.,0.7964,Positive,Moderate,Sector 7 Dwarka,2024.0,Apr-Jun,10385.31,11920.99139,8849.628613
1711,Sector 7 Dwarka,Strong residential growth and stable prices.,0.7964,Positive,Moderate,Sector 7 Dwarka,2024.0,Jul-Sep,10912.27,12525.87325,9298.666754
1712,Sector 7 Dwarka,Strong residential growth and stable prices.,0.7964,Positive,Moderate,Sector 7 Dwarka,2024.0,Oct-Dec,11227.06,12887.21141,9566.908587
1713,Sector 7 Dwarka,Strong residential growth and stable prices.,0.7964,Positive,Moderate,Sector 7 Dwarka,2025.0,Jan-Mar,11690.03,13418.64104,9961.418964
1714,Sector 7 Dwarka,Strong residential growth and stable prices.,0.7964,Positive,Moderate,Sector 7 Dwarka,2025.0,Apr-Jun,12176.27,13976.78161,10375.75839
1715,Sector 7 Dwarka,Strong residential growth and stable prices.,0.7964,Positive,Moderate,Sector 7 Dwarka,2025.0,Jul-Sep,13090.21,15025.86641,11154.55359
1716,Sector 7 Dwarka,Strong residential growth and stable prices.,0.7964,Positive,Moderate,Sector 7 Dwarka,2025.0,Oct-Dec,13586.76,15595.84152,11577.67848
1717,Sector 7 Dwarka,Strong residential growth and stable prices.,0.7964,Positive,Moderate,Sector 7 Dwarka,2026.0,Jan-Mar,8686.12,9970.541246,7401.698754
1718,Sector 7 Dwarka,Strong residential growth and stable prices.,0.7964,Positive,Moderate,Sector 7 Dwarka,2026.0,Apr-Jun,8739.58,10031.9064,7447.253595
1719,Sector 7 Dwarka,Strong residential growth and stable prices.,0.7964,Positive,Moderate,Sector 7 Dwarka,2026.0,Jul-Sep,8687.38,9971.987562,7402.772438
1720,Sector 7 Dwarka,Strong residential growth and stable prices.,0.7964,Positive,Moderate,Sector 7 Dwarka,2026.0,Oct-Dec,8707.9,9995.541866,7420.258134
1721,Sector 7 Dwarka,Strong residential growth and stable prices.,0.7964,Positive,Moderate,Sector 7 Dwarka,2027.0,Jan-Mar,8624.88,9900.245654,7349.514346
1722,Sector 7 Dwarka,Strong residential growth and stable prices.,0.7964,Positive,Moderate,Sector 7 Dwarka,2027.0,Apr-Jun,8635.67,9912.631177,7358.708823
1723,Sector 7 Dwarka,Strong residential growth and stable prices.,0.7964,Positive,Moderate,Sector 7 Dwarka,2027.0,Jul-Sep,8580.38,9849.165415,7311.594585
1724,Sector 7 Dwarka,Strong residential growth and stable prices.,0.7964,Positive,Moderate,Sector 7 Dwarka,2027.0,Oct-Dec,8689.97,9974.960547,7404.979453
1725,Sector 7 Dwarka,Strong residential growth and stable prices.,0.7964,Positive,Moderate,Sector 7 Dwarka,2028.0,Jan-Mar,8907.35,10224.48464,7590.215355
1726,Sector 7 Dwarka,Strong residential growth and stable prices.,0.7964,Positive,Moderate,Sector 7 Dwarka,2028.0,Apr-Jun,8938.47,10260.20638,7616.733624
1727,Sector 7 Dwarka,Strong residential growth and stable prices.,0.7964,Positive,Moderate,Sector 7 Dwarka,2028.0,Jul-Sep,9009.97,10342.27912,7677.66088
1728,Sector 7 Dwarka,Strong residential growth and stable prices.,0.7964,Positive,Moderate,Sector 7 Dwarka,2028.0,Oct-Dec,9152.17,10505.50631,7798.83369
1729,Sector 7 Dwarka,Strong residential growth and stable prices.,0.7964,Positive,Moderate,Sector 7 Dwarka,2029.0,Jan-Mar,9386.66,10774.67047,7998.649527
1730,Sector 7 Dwarka,Strong residential growth and stable prices.,0.7964,Positive,Moderate,Sector 7 Dwarka,2029.0,Apr-Jun,9604.48,11024.69963,8184.260366
1731,Sector 7 Dwarka,Strong residential growth and stable prices.,0.7964,Positive,Moderate,Sector 7 Dwarka,2029.0,Jul-Sep,9735.81,11175.44947,8296.170528
1732,Sector 7 Dwarka,Strong residential growth and stable prices.,0.7964,Positive,Moderate,Sector 7 Dwarka,2029.0,Oct-Dec,9803.51,11253.16031,8353.859693
1733,Sector 7 Dwarka,Strong residential growth and stable prices.,0.7964,Positive,Moderate,Sector 7 Dwarka,2030.0,Jan-Mar,10035.31,11519.2367,8551.383302
1734,Sector 7 Dwarka,Strong residential growth and stable prices.,0.7964,Positive,Moderate,Sector 7 Dwarka,2030.0,Apr-Jun,10385.31,11920.99139,8849.628613
1735,Sector 7 Dwarka,Strong residential growth and stable prices.,0.7964,Positive,Moderate,Sector 7 Dwarka,2030.0,Jul-Sep,10912.27,12525.87325,9298.666754
1736,Sector 7 Dwarka,Strong residential growth and stable prices.,0.7964,Positive,Moderate,Sector 7 Dwarka,2030.0,Oct-Dec,11227.06,12887.21141,9566.908587
1737,Sector 9 Rohini,"Developing, but still has supply constraints.",0.0,Negative,High,Sector 9 Rohini,2024.0,Jan-Mar,14693.56,18181.95886,11205.12223
1738,Sector 9 Rohini,"Developing, but still has supply constraints.",0.0,Negative,High,Sector 9 Rohini,2024.0,Apr-Jun,14805.89,18320.95713,11290.78366
1739,Sector 9 Rohini,"Developing, but still has supply constraints.",0.0,Negative,High,Sector 9 Rohini,2024.0,Jul-Sep,15159.43,18758.43108,11560.38877
1740,Sector 9 Rohini,"Developing, but still has supply constraints.",0.0,Negative,High,Sector 9 Rohini,2024.0,Oct-Dec,14887.09,18421.43482,11352.70575
1741,Sector 9 Rohini,"Developing, but still has supply constraints.",0.0,Negative,High,Sector 9 Rohini,2025.0,Jan-Mar,15902.9,19678.40833,12127.34955
1742,Sector 9 Rohini,"Developing, but still has supply constraints.",0.0,Negative,High,Sector 9 Rohini,2025.0,Apr-Jun,16001.98,19801.01092,12202.9067
1743,Sector 9 Rohini,"Developing, but still has supply constraints.",0.0,Negative,High,Sector 9 Rohini,2025.0,Jul-Sep,16447.93,20352.83393,12542.98251
1744,Sector 9 Rohini,"Developing, but still has supply constraints.",0.0,Negative,High,Sector 9 Rohini,2025.0,Oct-Dec,17115.9,21179.38672,13052.36795
1745,Sector 9 Rohini,"Developing, but still has supply constraints.",0.0,Negative,High,Sector 9 Rohini,2026.0,Jan-Mar,13905.64,17206.97873,10604.26444
1746,Sector 9 Rohini,"Developing, but still has supply constraints.",0.0,Negative,High,Sector 9 Rohini,2026.0,Apr-Jun,13911.47,17214.19283,10608.71033
1747,Sector 9 Rohini,"Developing, but still has supply constraints.",0.0,Negative,High,Sector 9 Rohini,2026.0,Jul-Sep,13658.36,16900.99197,10415.69186
1748,Sector 9 Rohini,"Developing, but still has supply constraints.",0.0,Negative,High,Sector 9 Rohini,2026.0,Oct-Dec,13760.45,17027.31916,10493.54439
1749,Sector 9 Rohini,"Developing, but still has supply constraints.",0.0,Negative,High,Sector 9 Rohini,2027.0,Jan-Mar,13887.53,17184.56923,10590.45399
1750,Sector 9 Rohini,"Developing, but still has supply constraints.",0.0,Negative,High,Sector 9 Rohini,2027.0,Apr-Jun,14054.18,17390.78362,10717.53916
1751,Sector 9 Rohini,"Developing, but still has supply constraints.",0.0,Negative,High,Sector 9 Rohini,2027.0,Jul-Sep,13814.0,17093.58247,10534.38094
1752,Sector 9 Rohini,"Developing, but still has supply constraints.",0.0,Negative,High,Sector 9 Rohini,2027.0,Oct-Dec,14032.11,17363.47398,10700.70886
1753,Sector 9 Rohini,"Developing, but still has supply constraints.",0.0,Negative,High,Sector 9 Rohini,2028.0,Jan-Mar,14637.54,18112.63915,11162.40209
1754,Sector 9 Rohini,"Developing, but still has supply constraints.",0.0,Negative,High,Sector 9 Rohini,2028.0,Apr-Jun,14600.62,18066.95397,11134.24736
1755,Sector 9 Rohini,"Developing, but still has supply constraints.",0.0,Negative,High,Sector 9 Rohini,2028.0,Jul-Sep,14702.66,18193.21929,11212.06177
1756,Sector 9 Rohini,"Developing, but still has supply constraints.",0.0,Negative,High,Sector 9 Rohini,2028.0,Oct-Dec,14815.67,18333.059,11298.24176
1757,Sector 9 Rohini,"Developing, but still has supply constraints.",0.0,Negative,High,Sector 9 Rohini,2029.0,Jan-Mar,14891.19,18426.50821,11355.83236
1758,Sector 9 Rohini,"Developing, but still has supply constraints.",0.0,Negative,High,Sector 9 Rohini,2029.0,Apr-Jun,14541.8,17994.16951,11089.39198
1759,Sector 9 Rohini,"Developing, but still has supply constraints.",0.0,Negative,High,Sector 9 Rohini,2029.0,Jul-Sep,14916.72,18458.09928,11375.30121
1760,Sector 9 Rohini,"Developing, but still has supply constraints.",0.0,Negative,High,Sector 9 Rohini,2029.0,Oct-Dec,14907.62,18446.83885,11368.36167
1761,Sector 9 Rohini,"Developing, but still has supply constraints.",0.0,Negative,High,Sector 9 Rohini,2030.0,Jan-Mar,14693.56,18181.95886,11205.12223
1762,Sector 9 Rohini,"Developing, but still has supply constraints.",0.0,Negative,High,Sector 9 Rohini,2030.0,Apr-Jun,14805.89,18320.95713,11290.78366
1763,Sector 9 Rohini,"Developing, but still has supply constraints.",0.0,Negative,High,Sector 9 Rohini,2030.0,Jul-Sep,15159.43,18758.43108,11560.38877
1764,Sector 9 Rohini,"Developing, but still has supply constraints.",0.0,Negative,High,Sector 9 Rohini,2030.0,Oct-Dec,14887.09,18421.43482,11352.70575
1765,Sector B Vasant Kunj,Premium real estate with stable demand.,0.1779,Positive,Moderate,Sector B Vasant Kunj,2024.0,Jan-Mar,15904.25,19119.14999,12689.23187
1766,Sector B Vasant Kunj,Premium real estate with stable demand.,0.1779,Positive,Moderate,Sector B Vasant Kunj,2024.0,Apr-Jun,15713.09,18889.34872,12536.71455
1767,Sector B Vasant Kunj,Premium real estate with stable demand.,0.1779,Positive,Moderate,Sector B Vasant Kunj,2024.0,Jul-Sep,15789.22,18980.86771,12597.45499
1768,Sector B Vasant Kunj,Premium real estate with stable demand.,0.1779,Positive,Moderate,Sector B Vasant Kunj,2024.0,Oct-Dec,15786.16,18977.18916,12595.01357
1769,Sector B Vasant Kunj,Premium real estate with stable demand.,0.1779,Positive,Moderate,Sector B Vasant Kunj,2025.0,Jan-Mar,16851.05,20257.33702,13444.63779
1770,Sector B Vasant Kunj,Premium real estate with stable demand.,0.1779,Positive,Moderate,Sector B Vasant Kunj,2025.0,Apr-Jun,17280.22,20773.25985,13787.05178
1771,Sector B Vasant Kunj,Premium real estate with stable demand.,0.1779,Positive,Moderate,Sector B Vasant Kunj,2025.0,Jul-Sep,18156.48,21826.64787,14486.17725
1772,Sector B Vasant Kunj,Premium real estate with stable demand.,0.1779,Positive,Moderate,Sector B Vasant Kunj,2025.0,Oct-Dec,19359.1,23272.3666,15445.68959
1773,Sector B Vasant Kunj,Premium real estate with stable demand.,0.1779,Positive,Moderate,Sector B Vasant Kunj,2026.0,Jan-Mar,14858.38,17861.86685,11854.78278
1774,Sector B Vasant Kunj,Premium real estate with stable demand.,0.1779,Positive,Moderate,Sector B Vasant Kunj,2026.0,Apr-Jun,14815.88,17810.77586,11820.87408
1775,Sector B Vasant Kunj,Premium real estate with stable demand.,0.1779,Positive,Moderate,Sector B Vasant Kunj,2026.0,Jul-Sep,14612.71,17566.53688,11658.77457
1776,Sector B Vasant Kunj,Premium real estate with stable demand.,0.1779,Positive,Moderate,Sector B Vasant Kunj,2026.0,Oct-Dec,14403.87,17315.48177,11492.15123
1777,Sector B Vasant Kunj,Premium real estate with stable demand.,0.1779,Positive,Moderate,Sector B Vasant Kunj,2027.0,Jan-Mar,14805.73,17798.57412,11812.77589
1778,Sector B Vasant Kunj,Premium real estate with stable demand.,0.1779,Positive,Moderate,Sector B Vasant Kunj,2027.0,Apr-Jun,14766.96,17751.96712,11781.84318
1779,Sector B Vasant Kunj,Premium real estate with stable demand.,0.1779,Positive,Moderate,Sector B Vasant Kunj,2027.0,Jul-Sep,14650.05,17611.42482,11688.56635
1780,Sector B Vasant Kunj,Premium real estate with stable demand.,0.1779,Positive,Moderate,Sector B Vasant Kunj,2027.0,Oct-Dec,14527.3,17463.86202,11590.63006
1781,Sector B Vasant Kunj,Premium real estate with stable demand.,0.1779,Positive,Moderate,Sector B Vasant Kunj,2028.0,Jan-Mar,14931.07,17949.25047,11912.77861
1782,Sector B Vasant Kunj,Premium real estate with stable demand.,0.1779,Positive,Moderate,Sector B Vasant Kunj,2028.0,Apr-Jun,14883.6,17892.18484,11874.9046
1783,Sector B Vasant Kunj,Premium real estate with stable demand.,0.1779,Positive,Moderate,Sector B Vasant Kunj,2028.0,Jul-Sep,14909.13,17922.8755,11895.27375
1784,Sector B Vasant Kunj,Premium real estate with stable demand.,0.1779,Positive,Moderate,Sector B Vasant Kunj,2028.0,Oct-Dec,15090.23,18140.58322,12039.76468
1785,Sector B Vasant Kunj,Premium real estate with stable demand.,0.1779,Positive,Moderate,Sector B Vasant Kunj,2029.0,Jan-Mar,15524.15,18662.21622,12385.96846
1786,Sector B Vasant Kunj,Premium real estate with stable demand.,0.1779,Positive,Moderate,Sector B Vasant Kunj,2029.0,Apr-Jun,15258.75,18343.16801,12174.21864
1787,Sector B Vasant Kunj,Premium real estate with stable demand.,0.1779,Positive,Moderate,Sector B Vasant Kunj,2029.0,Jul-Sep,15484.9,18615.03218,12354.65278
1788,Sector B Vasant Kunj,Premium real estate with stable demand.,0.1779,Positive,Moderate,Sector B Vasant Kunj,2029.0,Oct-Dec,15717.94,18895.17911,12540.58413
1789,Sector B Vasant Kunj,Premium real estate with stable demand.,0.1779,Positive,Moderate,Sector B Vasant Kunj,2030.0,Jan-Mar,15904.25,19119.14999,12689.23187
1790,Sector B Vasant Kunj,Premium real estate with stable demand.,0.1779,Positive,Moderate,Sector B Vasant Kunj,2030.0,Apr-Jun,15713.09,18889.34872,12536.71455
1791,Sector B Vasant Kunj,Premium real estate with stable demand.,0.1779,Positive,Moderate,Sector B Vasant Kunj,2030.0,Jul-Sep,15789.22,18980.86771,12597.45499
1792,Sector B Vasant Kunj,Premium real estate with stable demand.,0.1779,Positive,Moderate,Sector B Vasant Kunj,2030.0,Oct-Dec,15786.16,18977.18916,12595.01357
1793,Sector C Vasant Kunj,Luxury housing with strong investment potential.,0.5106,Positive,Moderate,Sector C Vasant Kunj,2024.0,Jan-Mar,16297.75,19784.29197,12811.28573
1794,Sector C Vasant Kunj,Luxury housing with strong investment potential.,0.5106,Positive,Moderate,Sector C Vasant Kunj,2024.0,Apr-Jun,16536.43,20074.03226,12998.90658
1795,Sector C Vasant Kunj,Luxury housing with strong investment potential.,0.5106,Positive,Moderate,Sector C Vasant Kunj,2024.0,Jul-Sep,16784.38,20375.02566,13193.81436
1796,Sector C Vasant Kunj,Luxury housing with strong investment potential.,0.5106,Positive,Moderate,Sector C Vasant Kunj,2024.0,Oct-Dec,16430.01,19944.84606,12915.25227
1797,Sector C Vasant Kunj,Luxury housing with strong investment potential.,0.5106,Positive,Moderate,Sector C Vasant Kunj,2025.0,Jan-Mar,16710.47,20285.30426,13135.71541
1798,Sector C Vasant Kunj,Luxury housing with strong investment potential.,0.5106,Positive,Moderate,Sector C Vasant Kunj,2025.0,Apr-Jun,17194.39,20872.7482,13516.11377
1799,Sector C Vasant Kunj,Luxury housing with strong investment potential.,0.5106,Positive,Moderate,Sector C Vasant Kunj,2025.0,Jul-Sep,18411.55,22350.29258,14472.8952
1800,Sector C Vasant Kunj,Luxury housing with strong investment potential.,0.5106,Positive,Moderate,Sector C Vasant Kunj,2025.0,Oct-Dec,19547.64,23729.42382,15365.94937
1801,Sector C Vasant Kunj,Luxury housing with strong investment potential.,0.5106,Positive,Moderate,Sector C Vasant Kunj,2026.0,Jan-Mar,15303.86,18577.78126,12030.0117
1802,Sector C Vasant Kunj,Luxury housing with strong investment potential.,0.5106,Positive,Moderate,Sector C Vasant Kunj,2026.0,Apr-Jun,15100.0,18330.30994,11869.76205
1803,Sector C Vasant Kunj,Luxury housing with strong investment potential.,0.5106,Positive,Moderate,Sector C Vasant Kunj,2026.0,Jul-Sep,15366.34,18653.62747,12079.12579
1804,Sector C Vasant Kunj,Luxury housing with strong investment potential.,0.5106,Positive,Moderate,Sector C Vasant Kunj,2026.0,Oct-Dec,15018.46,18231.32626,11805.66534
1805,Sector C Vasant Kunj,Luxury housing with strong investment potential.,0.5106,Positive,Moderate,Sector C Vasant Kunj,2027.0,Jan-Mar,15278.3,18546.75326,12009.91957
1806,Sector C Vasant Kunj,Luxury housing with strong investment potential.,0.5106,Positive,Moderate,Sector C Vasant Kunj,2027.0,Apr-Jun,15107.25,18339.11091,11875.46111
1807,Sector C Vasant Kunj,Luxury housing with strong investment potential.,0.5106,Positive,Moderate,Sector C Vasant Kunj,2027.0,Jul-Sep,15381.55,18672.09131,12091.08202
1808,Sector C Vasant Kunj,Luxury housing with strong investment potential.,0.5106,Positive,Moderate,Sector C Vasant Kunj,2027.0,Oct-Dec,15089.34,18317.36947,11861.38247
1809,Sector C Vasant Kunj,Luxury housing with strong investment potential.,0.5106,Positive,Moderate,Sector C Vasant Kunj,2028.0,Jan-Mar,15787.95,19165.43157,12410.5437
1810,Sector C Vasant Kunj,Luxury housing with strong investment potential.,0.5106,Positive,Moderate,Sector C Vasant Kunj,2028.0,Apr-Jun,15732.57,19098.20425,12367.01075
1811,Sector C Vasant Kunj,Luxury housing with strong investment potential.,0.5106,Positive,Moderate,Sector C Vasant Kunj,2028.0,Jul-Sep,15841.78,19230.77731,12452.85822
1812,Sector C Vasant Kunj,Luxury housing with strong investment potential.,0.5106,Positive,Moderate,Sector C Vasant Kunj,2028.0,Oct-Dec,15924.62,19331.33909,12517.97683
1813,Sector C Vasant Kunj,Luxury housing with strong investment potential.,0.5106,Positive,Moderate,Sector C Vasant Kunj,2029.0,Jan-Mar,16357.9,19857.30973,12858.56826
1814,Sector C Vasant Kunj,Luxury housing with strong investment potential.,0.5106,Positive,Moderate,Sector C Vasant Kunj,2029.0,Apr-Jun,16408.58,19918.83159,12898.40664
1815,Sector C Vasant Kunj,Luxury housing with strong investment potential.,0.5106,Positive,Moderate,Sector C Vasant Kunj,2029.0,Jul-Sep,16450.54,19969.768,12931.39043
1816,Sector C Vasant Kunj,Luxury housing with strong investment potential.,0.5106,Positive,Moderate,Sector C Vasant Kunj,2029.0,Oct-Dec,16599.08,20150.08484,13048.1543
1817,Sector C Vasant Kunj,Luxury housing with strong investment potential.,0.5106,Positive,Moderate,Sector C Vasant Kunj,2030.0,Jan-Mar,16297.75,19784.29197,12811.28573
1818,Sector C Vasant Kunj,Luxury housing with strong investment potential.,0.5106,Positive,Moderate,Sector C Vasant Kunj,2030.0,Apr-Jun,16536.43,20074.03226,12998.90658
1819,Sector C Vasant Kunj,Luxury housing with strong investment potential.,0.5106,Positive,Moderate,Sector C Vasant Kunj,2030.0,Jul-Sep,16784.38,20375.02566,13193.81436
1820,Sector C Vasant Kunj,Luxury housing with strong investment potential.,0.5106,Positive,Moderate,Sector C Vasant Kunj,2030.0,Oct-Dec,16430.01,19944.84606,12915.25227
1821,Sector D Vasant Kunj,0.75-end locality with 0.25 market fluctuations.,0.0,Negative,Moderate,Sector D Vasant Kunj,2024.0,Jan-Mar,14497.97,17401.37787,11594.44632
1822,Sector D Vasant Kunj,0.75-end locality with 0.25 market fluctuations.,0.0,Negative,Moderate,Sector D Vasant Kunj,2024.0,Apr-Jun,14705.57,17650.55249,11760.47005
1823,Sector D Vasant Kunj,0.75-end locality with 0.25 market fluctuations.,0.0,Negative,Moderate,Sector D Vasant Kunj,2024.0,Jul-Sep,14780.69,17740.71625,11820.54569
1824,Sector D Vasant Kunj,0.75-end locality with 0.25 market fluctuations.,0.0,Negative,Moderate,Sector D Vasant Kunj,2024.0,Oct-Dec,14800.67,17764.6975,11836.52427
1825,Sector D Vasant Kunj,0.75-end locality with 0.25 market fluctuations.,0.0,Negative,Moderate,Sector D Vasant Kunj,2025.0,Jan-Mar,16632.74,19963.66345,13301.68369
1826,Sector D Vasant Kunj,0.75-end locality with 0.25 market fluctuations.,0.0,Negative,Moderate,Sector D Vasant Kunj,2025.0,Apr-Jun,16798.15,20162.19897,13433.96686
1827,Sector D Vasant Kunj,0.75-end locality with 0.25 market fluctuations.,0.0,Negative,Moderate,Sector D Vasant Kunj,2025.0,Jul-Sep,17870.68,21449.51711,14291.70015
1828,Sector D Vasant Kunj,0.75-end locality with 0.25 market fluctuations.,0.0,Negative,Moderate,Sector D Vasant Kunj,2025.0,Oct-Dec,18333.42,22004.92684,14661.76672
1829,Sector D Vasant Kunj,0.75-end locality with 0.25 market fluctuations.,0.0,Negative,Moderate,Sector D Vasant Kunj,2026.0,Jan-Mar,13197.1,15839.99166,10554.10292
1830,Sector D Vasant Kunj,0.75-end locality with 0.25 market fluctuations.,0.0,Negative,Moderate,Sector D Vasant Kunj,2026.0,Apr-Jun,13138.88,15770.11235,10507.5427
1831,Sector D Vasant Kunj,0.75-end locality with 0.25 market fluctuations.,0.0,Negative,Moderate,Sector D Vasant Kunj,2026.0,Jul-Sep,13309.2,15974.54115,10643.75254
1832,Sector D Vasant Kunj,0.75-end locality with 0.25 market fluctuations.,0.0,Negative,Moderate,Sector D Vasant Kunj,2026.0,Oct-Dec,13271.81,15929.66332,10613.85067
1833,Sector D Vasant Kunj,0.75-end locality with 0.25 market fluctuations.,0.0,Negative,Moderate,Sector D Vasant Kunj,2027.0,Jan-Mar,13635.07,16365.67088,10904.36021
1834,Sector D Vasant Kunj,0.75-end locality with 0.25 market fluctuations.,0.0,Negative,Moderate,Sector D Vasant Kunj,2027.0,Apr-Jun,13664.53,16401.03063,10927.92022
1835,Sector D Vasant Kunj,0.75-end locality with 0.25 market fluctuations.,0.0,Negative,Moderate,Sector D Vasant Kunj,2027.0,Jul-Sep,13736.88,16487.86966,10985.78061
1836,Sector D Vasant Kunj,0.75-end locality with 0.25 market fluctuations.,0.0,Negative,Moderate,Sector D Vasant Kunj,2027.0,Oct-Dec,14028.63,16838.04641,11219.10154
1837,Sector D Vasant Kunj,0.75-end locality with 0.25 market fluctuations.,0.0,Negative,Moderate,Sector D Vasant Kunj,2028.0,Jan-Mar,13673.91,16412.28909,10935.42168
1838,Sector D Vasant Kunj,0.75-end locality with 0.25 market fluctuations.,0.0,Negative,Moderate,Sector D Vasant Kunj,2028.0,Apr-Jun,13703.89,16448.27298,10959.39756
1839,Sector D Vasant Kunj,0.75-end locality with 0.25 market fluctuations.,0.0,Negative,Moderate,Sector D Vasant Kunj,2028.0,Jul-Sep,13792.83,16555.02438,11030.52545
1840,Sector D Vasant Kunj,0.75-end locality with 0.25 market fluctuations.,0.0,Negative,Moderate,Sector D Vasant Kunj,2028.0,Oct-Dec,14094.32,16916.89169,11271.63573
1841,Sector D Vasant Kunj,0.75-end locality with 0.25 market fluctuations.,0.0,Negative,Moderate,Sector D Vasant Kunj,2029.0,Jan-Mar,14453.69,17348.23023,11559.03432
1842,Sector D Vasant Kunj,0.75-end locality with 0.25 market fluctuations.,0.0,Negative,Moderate,Sector D Vasant Kunj,2029.0,Apr-Jun,14629.89,17559.71658,11699.94656
1843,Sector D Vasant Kunj,0.75-end locality with 0.25 market fluctuations.,0.0,Negative,Moderate,Sector D Vasant Kunj,2029.0,Jul-Sep,14711.35,17657.49001,11765.09248
1844,Sector D Vasant Kunj,0.75-end locality with 0.25 market fluctuations.,0.0,Negative,Moderate,Sector D Vasant Kunj,2029.0,Oct-Dec,14777.36,17736.71937,11817.88259
1845,Sector D Vasant Kunj,0.75-end locality with 0.25 market fluctuations.,0.0,Negative,Moderate,Sector D Vasant Kunj,2030.0,Jan-Mar,14497.97,17401.37787,11594.44632
1846,Sector D Vasant Kunj,0.75-end locality with 0.25 market fluctuations.,0.0,Negative,Moderate,Sector D Vasant Kunj,2030.0,Apr-Jun,14705.57,17650.55249,11760.47005
1847,Sector D Vasant Kunj,0.75-end locality with 0.25 market fluctuations.,0.0,Negative,Moderate,Sector D Vasant Kunj,2030.0,Jul-Sep,14780.69,17740.71625,11820.54569
1848,Sector D Vasant Kunj,0.75-end locality with 0.25 market fluctuations.,0.0,Negative,Moderate,Sector D Vasant Kunj,2030.0,Oct-Dec,14800.67,17764.6975,11836.52427
1849,Shahdara,Congested and older infrastructure.,0.0,Negative,High,Shahdara,2024.0,Jan-Mar,5461.36,6920.150619,4002.681555
1850,Shahdara,Congested and older infrastructure.,0.0,Negative,High,Shahdara,2024.0,Apr-Jun,5485.25,6950.421907,4020.190759
1851,Shahdara,Congested and older infrastructure.,0.0,Negative,High,Shahdara,2024.0,Jul-Sep,5677.37,7193.859317,4160.997294
1852,Shahdara,Congested and older infrastructure.,0.0,Negative,High,Shahdara,2024.0,Oct-Dec,6068.35,7689.274468,4447.550174
1853,Shahdara,Congested and older infrastructure.,0.0,Negative,High,Shahdara,2025.0,Jan-Mar,5947.57,7536.232773,4359.029388
1854,Shahdara,Congested and older infrastructure.,0.0,Negative,High,Shahdara,2025.0,Apr-Jun,6119.03,7753.491666,4484.694017
1855,Shahdara,Congested and older infrastructure.,0.0,Negative,High,Shahdara,2025.0,Jul-Sep,5792.29,7339.47574,4245.223231
1856,Shahdara,Congested and older infrastructure.,0.0,Negative,High,Shahdara,2025.0,Oct-Dec,5988.75,7588.412414,4389.210593
1857,Shahdara,Congested and older infrastructure.,0.0,Negative,High,Shahdara,2026.0,Jan-Mar,5402.53,6845.606465,3959.564501
1858,Shahdara,Congested and older infrastructure.,0.0,Negative,High,Shahdara,2026.0,Apr-Jun,5169.06,6549.774005,3788.452166
1859,Shahdara,Congested and older infrastructure.,0.0,Negative,High,Shahdara,2026.0,Jul-Sep,5661.56,7173.826289,4149.409998
1860,Shahdara,Congested and older infrastructure.,0.0,Negative,High,Shahdara,2026.0,Oct-Dec,5677.53,7194.062055,4161.114559
1861,Shahdara,Congested and older infrastructure.,0.0,Negative,High,Shahdara,2027.0,Jan-Mar,5507.79,6978.982594,4036.710534
1862,Shahdara,Congested and older infrastructure.,0.0,Negative,High,Shahdara,2027.0,Apr-Jun,5246.26,6647.594992,3845.032764
1863,Shahdara,Congested and older infrastructure.,0.0,Negative,High,Shahdara,2027.0,Jul-Sep,5390.4,6830.236406,3950.674311
1864,Shahdara,Congested and older infrastructure.,0.0,Negative,High,Shahdara,2027.0,Oct-Dec,5543.36,7024.05374,4062.780118
1865,Shahdara,Congested and older infrastructure.,0.0,Negative,High,Shahdara,2028.0,Jan-Mar,5615.36,7115.285749,4115.549588
1866,Shahdara,Congested and older infrastructure.,0.0,Negative,High,Shahdara,2028.0,Apr-Jun,5532.95,7010.863113,4055.150532
1867,Shahdara,Congested and older infrastructure.,0.0,Negative,High,Shahdara,2028.0,Jul-Sep,5576.89,7066.53998,4087.354567
1868,Shahdara,Congested and older infrastructure.,0.0,Negative,High,Shahdara,2028.0,Oct-Dec,5665.12,7178.337205,4152.019155
1869,Shahdara,Congested and older infrastructure.,0.0,Negative,High,Shahdara,2029.0,Jan-Mar,5545.79,7027.132821,4064.561088
1870,Shahdara,Congested and older infrastructure.,0.0,Negative,High,Shahdara,2029.0,Apr-Jun,5513.29,6985.951706,4040.741535
1871,Shahdara,Congested and older infrastructure.,0.0,Negative,High,Shahdara,2029.0,Jul-Sep,5568.87,7056.377748,4081.476635
1872,Shahdara,Congested and older infrastructure.,0.0,Negative,High,Shahdara,2029.0,Oct-Dec,5727.65,7257.56967,4197.847974
1873,Shahdara,Congested and older infrastructure.,0.0,Negative,High,Shahdara,2030.0,Jan-Mar,5461.36,6920.150619,4002.681555
1874,Shahdara,Congested and older infrastructure.,0.0,Negative,High,Shahdara,2030.0,Apr-Jun,5485.25,6950.421907,4020.190759
1875,Shahdara,Congested and older infrastructure.,0.0,Negative,High,Shahdara,2030.0,Jul-Sep,5677.37,7193.859317,4160.997294
1876,Shahdara,Congested and older infrastructure.,0.0,Negative,High,Shahdara,2030.0,Oct-Dec,6068.35,7689.274468,4447.550174
1877,Sri Aurobindo Marg,Good location but premium pricing restricts demand.,-0.4118,Neutral,Moderate,Sri Aurobindo Marg,2024.0,Jan-Mar,4544.3,7361.238049,3529.952318
1878,Sri Aurobindo Marg,Good location but premium pricing restricts demand.,-0.4118,Neutral,Moderate,Sri Aurobindo Marg,2024.0,Apr-Jun,4798.0,7772.202574,3727.023133
1879,Sri Aurobindo Marg,Good location but premium pricing restricts demand.,-0.4118,Neutral,Moderate,Sri Aurobindo Marg,2024.0,Jul-Sep,5136.58,8320.662838,3990.027613
1880,Sri Aurobindo Marg,Good location but premium pricing restricts demand.,-0.4118,Neutral,Moderate,Sri Aurobindo Marg,2024.0,Oct-Dec,5849.4,9475.348424,4543.736789
1881,Sri Aurobindo Marg,Good location but premium pricing restricts demand.,-0.4118,Neutral,Moderate,Sri Aurobindo Marg,2025.0,Jan-Mar,7432.37,12039.57592,5773.367012
1882,Sri Aurobindo Marg,Good location but premium pricing restricts demand.,-0.4118,Neutral,Moderate,Sri Aurobindo Marg,2025.0,Apr-Jun,8188.83,13264.95323,6360.975165
1883,Sri Aurobindo Marg,Good location but premium pricing restricts demand.,-0.4118,Neutral,Moderate,Sri Aurobindo Marg,2025.0,Jul-Sep,6594.17,10681.7893,5122.264305
1884,Sri Aurobindo Marg,Good location but premium pricing restricts demand.,-0.4118,Neutral,Moderate,Sri Aurobindo Marg,2025.0,Oct-Dec,6599.11,10689.79152,5126.101632
1885,Sri Aurobindo Marg,Good location but premium pricing restricts demand.,-0.4118,Neutral,Moderate,Sri Aurobindo Marg,2026.0,Jan-Mar,2181.5,3533.776556,1694.560435
1886,Sri Aurobindo Marg,Good location but premium pricing restricts demand.,-0.4118,Neutral,Moderate,Sri Aurobindo Marg,2026.0,Apr-Jun,2164.7,3506.562508,1681.510416
1887,Sri Aurobindo Marg,Good location but premium pricing restricts demand.,-0.4118,Neutral,Moderate,Sri Aurobindo Marg,2026.0,Jul-Sep,2166.0,3508.668357,1682.520239
1888,Sri Aurobindo Marg,Good location but premium pricing restricts demand.,-0.4118,Neutral,Moderate,Sri Aurobindo Marg,2026.0,Oct-Dec,2256.89,3655.899597,1753.122392
1889,Sri Aurobindo Marg,Good location but premium pricing restricts demand.,-0.4118,Neutral,Moderate,Sri Aurobindo Marg,2027.0,Jan-Mar,2400.2,3888.045148,1864.443711
1890,Sri Aurobindo Marg,Good location but premium pricing restricts demand.,-0.4118,Neutral,Moderate,Sri Aurobindo Marg,2027.0,Apr-Jun,2383.4,3860.831099,1851.393692
1891,Sri Aurobindo Marg,Good location but premium pricing restricts demand.,-0.4118,Neutral,Moderate,Sri Aurobindo Marg,2027.0,Jul-Sep,2458.9,3983.132328,1910.041097
1892,Sri Aurobindo Marg,Good location but premium pricing restricts demand.,-0.4118,Neutral,Moderate,Sri Aurobindo Marg,2027.0,Oct-Dec,2518.29,4079.337228,1956.174466
1893,Sri Aurobindo Marg,Good location but premium pricing restricts demand.,-0.4118,Neutral,Moderate,Sri Aurobindo Marg,2028.0,Jan-Mar,2692.0,4360.727247,2091.110103
1894,Sri Aurobindo Marg,Good location but premium pricing restricts demand.,-0.4118,Neutral,Moderate,Sri Aurobindo Marg,2028.0,Apr-Jun,2694.2,4364.290991,2092.819034
1895,Sri Aurobindo Marg,Good location but premium pricing restricts demand.,-0.4118,Neutral,Moderate,Sri Aurobindo Marg,2028.0,Jul-Sep,2809.1,4550.415642,2182.071839
1896,Sri Aurobindo Marg,Good location but premium pricing restricts demand.,-0.4118,Neutral,Moderate,Sri Aurobindo Marg,2028.0,Oct-Dec,2913.99,4720.325256,2263.549008
1897,Sri Aurobindo Marg,Good location but premium pricing restricts demand.,-0.4118,Neutral,Moderate,Sri Aurobindo Marg,2029.0,Jan-Mar,3243.32,5253.801595,2519.368209
1898,Sri Aurobindo Marg,Good location but premium pricing restricts demand.,-0.4118,Neutral,Moderate,Sri Aurobindo Marg,2029.0,Apr-Jun,3438.08,5569.290168,2670.655209
1899,Sri Aurobindo Marg,Good location but premium pricing restricts demand.,-0.4118,Neutral,Moderate,Sri Aurobindo Marg,2029.0,Jul-Sep,3620.34,5864.530193,2812.232374
1900,Sri Aurobindo Marg,Good location but premium pricing restricts demand.,-0.4118,Neutral,Moderate,Sri Aurobindo Marg,2029.0,Oct-Dec,4038.26,6541.51204,3136.867119
1901,Sri Aurobindo Marg,Good location but premium pricing restricts demand.,-0.4118,Neutral,Moderate,Sri Aurobindo Marg,2030.0,Jan-Mar,4544.3,7361.238049,3529.952318
1902,Sri Aurobindo Marg,Good location but premium pricing restricts demand.,-0.4118,Neutral,Moderate,Sri Aurobindo Marg,2030.0,Apr-Jun,4798.0,7772.202574,3727.023133
1903,Sri Aurobindo Marg,Good location but premium pricing restricts demand.,-0.4118,Neutral,Moderate,Sri Aurobindo Marg,2030.0,Jul-Sep,5136.58,8320.662838,3990.027613
1904,Sri Aurobindo Marg,Good location but premium pricing restricts demand.,-0.4118,Neutral,Moderate,Sri Aurobindo Marg,2030.0,Oct-Dec,5849.4,9475.348424,4543.736789
1905,Uttam Nagar,Overcrowded with inconsistent development.,0.0,Negative,High,Uttam Nagar,2024.0,Jan-Mar,4445.41,5493.114329,3397.553289
1906,Uttam Nagar,Overcrowded with inconsistent development.,0.0,Negative,High,Uttam Nagar,2024.0,Apr-Jun,4529.54,5597.072278,3461.852456
1907,Uttam Nagar,Overcrowded with inconsistent development.,0.0,Negative,High,Uttam Nagar,2024.0,Jul-Sep,4576.96,5655.668332,3498.094777
1908,Uttam Nagar,Overcrowded with inconsistent development.,0.0,Negative,High,Uttam Nagar,2024.0,Oct-Dec,4839.61,5980.22028,3698.833825
1909,Uttam Nagar,Overcrowded with inconsistent development.,0.0,Negative,High,Uttam Nagar,2025.0,Jan-Mar,5029.75,6215.172908,3844.15468
1910,Uttam Nagar,Overcrowded with inconsistent development.,0.0,Negative,High,Uttam Nagar,2025.0,Apr-Jun,5005.5,6185.207612,3825.620806
1911,Uttam Nagar,Overcrowded with inconsistent development.,0.0,Negative,High,Uttam Nagar,2025.0,Jul-Sep,4939.36,6103.479587,3775.071099
1912,Uttam Nagar,Overcrowded with inconsistent development.,0.0,Negative,High,Uttam Nagar,2025.0,Oct-Dec,5137.53,6348.354743,3926.52915
1913,Uttam Nagar,Overcrowded with inconsistent development.,0.0,Negative,High,Uttam Nagar,2026.0,Jan-Mar,4397.24,5433.591514,3360.737755
1914,Uttam Nagar,Overcrowded with inconsistent development.,0.0,Negative,High,Uttam Nagar,2026.0,Apr-Jun,4376.23,5407.629829,3344.68016
1915,Uttam Nagar,Overcrowded with inconsistent development.,0.0,Negative,High,Uttam Nagar,2026.0,Jul-Sep,4375.85,5407.16027,3344.389732
1916,Uttam Nagar,Overcrowded with inconsistent development.,0.0,Negative,High,Uttam Nagar,2026.0,Oct-Dec,4342.59,5366.061477,3318.969665
1917,Uttam Nagar,Overcrowded with inconsistent development.,0.0,Negative,High,Uttam Nagar,2027.0,Jan-Mar,4417.65,5458.811789,3376.33678
1918,Uttam Nagar,Overcrowded with inconsistent development.,0.0,Negative,High,Uttam Nagar,2027.0,Apr-Jun,4382.85,5415.810046,3349.739716
1919,Uttam Nagar,Overcrowded with inconsistent development.,0.0,Negative,High,Uttam Nagar,2027.0,Jul-Sep,4377.1,5408.704873,3345.345087
1920,Uttam Nagar,Overcrowded with inconsistent development.,0.0,Negative,High,Uttam Nagar,2027.0,Oct-Dec,4301.51,5315.29965,3287.572901
1921,Uttam Nagar,Overcrowded with inconsistent development.,0.0,Negative,High,Uttam Nagar,2028.0,Jan-Mar,4411.75,5451.521263,3371.827508
1922,Uttam Nagar,Overcrowded with inconsistent development.,0.0,Negative,High,Uttam Nagar,2028.0,Apr-Jun,4374.83,5405.899874,3343.610163
1923,Uttam Nagar,Overcrowded with inconsistent development.,0.0,Negative,High,Uttam Nagar,2028.0,Jul-Sep,4370.78,5400.895361,3340.514815
1924,Uttam Nagar,Overcrowded with inconsistent development.,0.0,Negative,High,Uttam Nagar,2028.0,Oct-Dec,4352.27,5378.022882,3326.367929
1925,Uttam Nagar,Overcrowded with inconsistent development.,0.0,Negative,High,Uttam Nagar,2029.0,Jan-Mar,4369.65,5399.49904,3339.651175
1926,Uttam Nagar,Overcrowded with inconsistent development.,0.0,Negative,High,Uttam Nagar,2029.0,Apr-Jun,4424.83,5467.683988,3381.824336
1927,Uttam Nagar,Overcrowded with inconsistent development.,0.0,Negative,High,Uttam Nagar,2029.0,Jul-Sep,4349.87,5375.057244,3324.533648
1928,Uttam Nagar,Overcrowded with inconsistent development.,0.0,Negative,High,Uttam Nagar,2029.0,Oct-Dec,4379.58,5411.769365,3347.24051
1929,Uttam Nagar,Overcrowded with inconsistent development.,0.0,Negative,High,Uttam Nagar,2030.0,Jan-Mar,4445.41,5493.114329,3397.553289
1930,Uttam Nagar,Overcrowded with inconsistent development.,0.0,Negative,High,Uttam Nagar,2030.0,Apr-Jun,4529.54,5597.072278,3461.852456
1931,Uttam Nagar,Overcrowded with inconsistent development.,0.0,Negative,High,Uttam Nagar,2030.0,Jul-Sep,4576.96,5655.668332,3498.094777
1932,Uttam Nagar,Overcrowded with inconsistent development.,0.0,Negative,High,Uttam Nagar,2030.0,Oct-Dec,4839.61,5980.22028,3698.833825
1933,Uttam Nagar West,0.75 rental demand but infrastructure concerns.,-0.0644,Negative,High,Uttam Nagar West,2024.0,Jan-Mar,4228.91,5186.151939,3296.106006
1934,Uttam Nagar West,0.75 rental demand but infrastructure concerns.,-0.0644,Negative,High,Uttam Nagar West,2024.0,Apr-Jun,4269.41,5235.819384,3327.672601
1935,Uttam Nagar West,0.75 rental demand but infrastructure concerns.,-0.0644,Negative,High,Uttam Nagar West,2024.0,Jul-Sep,4353.43,5338.857871,3393.159648
1936,Uttam Nagar West,0.75 rental demand but infrastructure concerns.,-0.0644,Negative,High,Uttam Nagar West,2024.0,Oct-Dec,4696.87,5760.037802,3660.844382
1937,Uttam Nagar West,0.75 rental demand but infrastructure concerns.,-0.0644,Negative,High,Uttam Nagar West,2025.0,Jan-Mar,4926.4,6041.523446,3839.745141
1938,Uttam Nagar West,0.75 rental demand but infrastructure concerns.,-0.0644,Negative,High,Uttam Nagar West,2025.0,Apr-Jun,4780.44,5862.524428,3725.980688
1939,Uttam Nagar West,0.75 rental demand but infrastructure concerns.,-0.0644,Negative,High,Uttam Nagar West,2025.0,Jul-Sep,4799.72,5886.168584,3741.007947
1940,Uttam Nagar West,0.75 rental demand but infrastructure concerns.,-0.0644,Negative,High,Uttam Nagar West,2025.0,Oct-Dec,5032.14,6171.198399,3922.161236
1941,Uttam Nagar West,0.75 rental demand but infrastructure concerns.,-0.0644,Negative,High,Uttam Nagar West,2026.0,Jan-Mar,4169.88,5113.760106,3250.096718
1942,Uttam Nagar West,0.75 rental demand but infrastructure concerns.,-0.0644,Negative,High,Uttam Nagar West,2026.0,Apr-Jun,4166.2,5109.247113,3247.228444
1943,Uttam Nagar West,0.75 rental demand but infrastructure concerns.,-0.0644,Negative,High,Uttam Nagar West,2026.0,Jul-Sep,4112.95,5043.943621,3205.724216
1944,Uttam Nagar West,0.75 rental demand but infrastructure concerns.,-0.0644,Negative,High,Uttam Nagar West,2026.0,Oct-Dec,3867.69,4743.167387,3014.563147
1945,Uttam Nagar West,0.75 rental demand but infrastructure concerns.,-0.0644,Negative,High,Uttam Nagar West,2027.0,Jan-Mar,3819.96,4684.633384,2977.361329
1946,Uttam Nagar West,0.75 rental demand but infrastructure concerns.,-0.0644,Negative,High,Uttam Nagar West,2027.0,Apr-Jun,3830.7,4697.804454,2985.732322
1947,Uttam Nagar West,0.75 rental demand but infrastructure concerns.,-0.0644,Negative,High,Uttam Nagar West,2027.0,Jul-Sep,3921.75,4809.464228,3056.698707
1948,Uttam Nagar West,0.75 rental demand but infrastructure concerns.,-0.0644,Negative,High,Uttam Nagar West,2027.0,Oct-Dec,3882.43,4761.243884,3026.051829
1949,Uttam Nagar West,0.75 rental demand but infrastructure concerns.,-0.0644,Negative,High,Uttam Nagar West,2028.0,Jan-Mar,3960.81,4857.365719,3087.142935
1950,Uttam Nagar West,0.75 rental demand but infrastructure concerns.,-0.0644,Negative,High,Uttam Nagar West,2028.0,Apr-Jun,3955.67,4851.062246,3083.136705
1951,Uttam Nagar West,0.75 rental demand but infrastructure concerns.,-0.0644,Negative,High,Uttam Nagar West,2028.0,Jul-Sep,4126.25,5060.254165,3216.09053
1952,Uttam Nagar West,0.75 rental demand but infrastructure concerns.,-0.0644,Negative,High,Uttam Nagar West,2028.0,Oct-Dec,4015.21,4924.079521,3129.543498
1953,Uttam Nagar West,0.75 rental demand but infrastructure concerns.,-0.0644,Negative,High,Uttam Nagar West,2029.0,Jan-Mar,4387.04,5380.075718,3419.356026
1954,Uttam Nagar West,0.75 rental demand but infrastructure concerns.,-0.0644,Negative,High,Uttam Nagar West,2029.0,Apr-Jun,4442.12,5447.623443,3462.286596
1955,Uttam Nagar West,0.75 rental demand but infrastructure concerns.,-0.0644,Negative,High,Uttam Nagar West,2029.0,Jul-Sep,4342.51,5325.466056,3384.648359
1956,Uttam Nagar West,0.75 rental demand but infrastructure concerns.,-0.0644,Negative,High,Uttam Nagar West,2029.0,Oct-Dec,4256.38,5219.839957,3317.516731
1957,Uttam Nagar West,0.75 rental demand but infrastructure concerns.,-0.0644,Negative,High,Uttam Nagar West,2030.0,Jan-Mar,4228.91,5186.151939,3296.106006
1958,Uttam Nagar West,0.75 rental demand but infrastructure concerns.,-0.0644,Negative,High,Uttam Nagar West,2030.0,Apr-Jun,4269.41,5235.819384,3327.672601
1959,Uttam Nagar West,0.75 rental demand but infrastructure concerns.,-0.0644,Negative,High,Uttam Nagar West,2030.0,Jul-Sep,4353.43,5338.857871,3393.159648
1960,Uttam Nagar West,0.75 rental demand but infrastructure concerns.,-0.0644,Negative,High,Uttam Nagar West,2030.0,Oct-Dec,4696.87,5760.037802,3660.844382
1961,Vasant Kunj,Premium segment with stable investment returns.,0.296,Positive,Moderate,Vasant Kunj,2024.0,Jan-Mar,14986.74,18197.72321,11773.89551
1962,Vasant Kunj,Premium segment with stable investment returns.,0.296,Positive,Moderate,Vasant Kunj,2024.0,Apr-Jun,14875.94,18063.18376,11686.84872
1963,Vasant Kunj,Premium segment with stable investment returns.,0.296,Positive,Moderate,Vasant Kunj,2024.0,Jul-Sep,15078.98,18309.72609,11846.36118
1964,Vasant Kunj,Premium segment with stable investment returns.,0.296,Positive,Moderate,Vasant Kunj,2024.0,Oct-Dec,15350.45,18639.35988,12059.63367
1965,Vasant Kunj,Premium segment with stable investment returns.,0.296,Positive,Moderate,Vasant Kunj,2025.0,Jan-Mar,16838.89,20446.70551,13228.98318
1966,Vasant Kunj,Premium segment with stable investment returns.,0.296,Positive,Moderate,Vasant Kunj,2025.0,Apr-Jun,16811.57,20413.53207,13207.52002
1967,Vasant Kunj,Premium segment with stable investment returns.,0.296,Positive,Moderate,Vasant Kunj,2025.0,Jul-Sep,17198.86,20883.80087,13511.78312
1968,Vasant Kunj,Premium segment with stable investment returns.,0.296,Positive,Moderate,Vasant Kunj,2025.0,Oct-Dec,17138.15,20810.08345,13464.08808
1969,Vasant Kunj,Premium segment with stable investment returns.,0.296,Positive,Moderate,Vasant Kunj,2026.0,Jan-Mar,13676.02,16606.17496,10744.16654
1970,Vasant Kunj,Premium segment with stable investment returns.,0.296,Positive,Moderate,Vasant Kunj,2026.0,Apr-Jun,13620.09,16538.26168,10700.22677
1971,Vasant Kunj,Premium segment with stable investment returns.,0.296,Positive,Moderate,Vasant Kunj,2026.0,Jul-Sep,13597.5,16510.83166,10682.47959
1972,Vasant Kunj,Premium segment with stable investment returns.,0.296,Positive,Moderate,Vasant Kunj,2026.0,Oct-Dec,13459.16,16342.85163,10573.7968
1973,Vasant Kunj,Premium segment with stable investment returns.,0.296,Positive,Moderate,Vasant Kunj,2027.0,Jan-Mar,13439.43,16318.89438,10558.2965
1974,Vasant Kunj,Premium segment with stable investment returns.,0.296,Positive,Moderate,Vasant Kunj,2027.0,Apr-Jun,13434.53,16312.94454,10554.44696
1975,Vasant Kunj,Premium segment with stable investment returns.,0.296,Positive,Moderate,Vasant Kunj,2027.0,Jul-Sep,13496.16,16387.77907,10602.86478
1976,Vasant Kunj,Premium segment with stable investment returns.,0.296,Positive,Moderate,Vasant Kunj,2027.0,Oct-Dec,13453.87,16336.42823,10569.64087
1977,Vasant Kunj,Premium segment with stable investment returns.,0.296,Positive,Moderate,Vasant Kunj,2028.0,Jan-Mar,13651.32,16576.18287,10724.76171
1978,Vasant Kunj,Premium segment with stable investment returns.,0.296,Positive,Moderate,Vasant Kunj,2028.0,Apr-Jun,13639.38,16561.68466,10715.3814
1979,Vasant Kunj,Premium segment with stable investment returns.,0.296,Positive,Moderate,Vasant Kunj,2028.0,Jul-Sep,13872.46,16844.7032,10898.4939
1980,Vasant Kunj,Premium segment with stable investment returns.,0.296,Positive,Moderate,Vasant Kunj,2028.0,Oct-Dec,13918.84,16901.02035,10934.931
1981,Vasant Kunj,Premium segment with stable investment returns.,0.296,Positive,Moderate,Vasant Kunj,2029.0,Jan-Mar,14390.08,17473.22585,11305.14697
1982,Vasant Kunj,Premium segment with stable investment returns.,0.296,Positive,Moderate,Vasant Kunj,2029.0,Apr-Jun,14424.12,17514.55909,11331.88951
1983,Vasant Kunj,Premium segment with stable investment returns.,0.296,Positive,Moderate,Vasant Kunj,2029.0,Jul-Sep,14571.19,17693.13957,11447.43077
1984,Vasant Kunj,Premium segment with stable investment returns.,0.296,Positive,Moderate,Vasant Kunj,2029.0,Oct-Dec,14725.93,17881.03338,11568.99774
1985,Vasant Kunj,Premium segment with stable investment returns.,0.296,Positive,Moderate,Vasant Kunj,2030.0,Jan-Mar,14986.74,18197.72321,11773.89551
1986,Vasant Kunj,Premium segment with stable investment returns.,0.296,Positive,Moderate,Vasant Kunj,2030.0,Apr-Jun,14875.94,18063.18376,11686.84872
1987,Vasant Kunj,Premium segment with stable investment returns.,0.296,Positive,Moderate,Vasant Kunj,2030.0,Jul-Sep,15078.98,18309.72609,11846.36118
1988,Vasant Kunj,Premium segment with stable investment returns.,0.296,Positive,Moderate,Vasant Kunj,2030.0,Oct-Dec,15350.45,18639.35988,12059.63367
1989,Vasundhara Enclave,Mixed commercial and residential impact.,0.0,Negative,High,Vasundhara Enclave,2024.0,Jan-Mar,9143.5,10871.8463,7415.336524
1990,Vasundhara Enclave,Mixed commercial and residential impact.,0.0,Negative,High,Vasundhara Enclave,2024.0,Apr-Jun,9159.04,10890.32374,7427.939393
1991,Vasundhara Enclave,Mixed commercial and residential impact.,0.0,Negative,High,Vasundhara Enclave,2024.0,Jul-Sep,9442.99,11227.94727,7658.22154
1992,Vasundhara Enclave,Mixed commercial and residential impact.,0.0,Negative,High,Vasundhara Enclave,2024.0,Oct-Dec,9597.88,11412.11529,7783.836619
1993,Vasundhara Enclave,Mixed commercial and residential impact.,0.0,Negative,High,Vasundhara Enclave,2025.0,Jan-Mar,9636.15,11457.61926,7814.873413
1994,Vasundhara Enclave,Mixed commercial and residential impact.,0.0,Negative,High,Vasundhara Enclave,2025.0,Apr-Jun,9698.65,11531.93329,7865.560626
1995,Vasundhara Enclave,Mixed commercial and residential impact.,0.0,Negative,High,Vasundhara Enclave,2025.0,Jul-Sep,9846.6,11707.84948,7985.547397
1996,Vasundhara Enclave,Mixed commercial and residential impact.,0.0,Negative,High,Vasundhara Enclave,2025.0,Oct-Dec,9799.88,11652.29825,7947.657691
1997,Vasundhara Enclave,Mixed commercial and residential impact.,0.0,Negative,High,Vasundhara Enclave,2026.0,Jan-Mar,8748.23,10401.86055,7094.774369
1998,Vasundhara Enclave,Mixed commercial and residential impact.,0.0,Negative,High,Vasundhara Enclave,2026.0,Apr-Jun,8700.44,10345.03706,7056.016898
1999,Vasundhara Enclave,Mixed commercial and residential impact.,0.0,Negative,High,Vasundhara Enclave,2026.0,Jul-Sep,8622.39,10252.23369,6992.718707
2000,Vasundhara Enclave,Mixed commercial and residential impact.,0.0,Negative,High,Vasundhara Enclave,2026.0,Oct-Dec,8508.96,10117.36264,6900.727497
2001,Vasundhara Enclave,Mixed commercial and residential impact.,0.0,Negative,High,Vasundhara Enclave,2027.0,Jan-Mar,8667.66,10306.06084,7029.432469
2002,Vasundhara Enclave,Mixed commercial and residential impact.,0.0,Negative,High,Vasundhara Enclave,2027.0,Apr-Jun,8703.2,10348.31877,7058.255246
2003,Vasundhara Enclave,Mixed commercial and residential impact.,0.0,Negative,High,Vasundhara Enclave,2027.0,Jul-Sep,8768.36,10425.79561,7111.099707
2004,Vasundhara Enclave,Mixed commercial and residential impact.,0.0,Negative,High,Vasundhara Enclave,2027.0,Oct-Dec,8499.75,10106.41172,6893.25823
2005,Vasundhara Enclave,Mixed commercial and residential impact.,0.0,Negative,High,Vasundhara Enclave,2028.0,Jan-Mar,13438.63,15978.86146,10898.66724
2006,Vasundhara Enclave,Mixed commercial and residential impact.,0.0,Negative,High,Vasundhara Enclave,2028.0,Apr-Jun,13483.52,16032.23678,10935.07282
2007,Vasundhara Enclave,Mixed commercial and residential impact.,0.0,Negative,High,Vasundhara Enclave,2028.0,Jul-Sep,13362.8,15888.69773,10837.16945
2008,Vasundhara Enclave,Mixed commercial and residential impact.,0.0,Negative,High,Vasundhara Enclave,2028.0,Oct-Dec,9975.2,11860.75804,8089.841406
2009,Vasundhara Enclave,Mixed commercial and residential impact.,0.0,Negative,High,Vasundhara Enclave,2029.0,Jan-Mar,8946.04,10637.0615,7255.197371
2010,Vasundhara Enclave,Mixed commercial and residential impact.,0.0,Negative,High,Vasundhara Enclave,2029.0,Apr-Jun,8921.91,10608.37034,7235.628052
2011,Vasundhara Enclave,Mixed commercial and residential impact.,0.0,Negative,High,Vasundhara Enclave,2029.0,Jul-Sep,9028.61,10735.23926,7322.161262
2012,Vasundhara Enclave,Mixed commercial and residential impact.,0.0,Negative,High,Vasundhara Enclave,2029.0,Oct-Dec,9109.92,10831.91885,7388.103299
2013,Vasundhara Enclave,Mixed commercial and residential impact.,0.0,Negative,High,Vasundhara Enclave,2030.0,Jan-Mar,9143.5,10871.8463,7415.336524
2014,Vasundhara Enclave,Mixed commercial and residential impact.,0.0,Negative,High,Vasundhara Enclave,2030.0,Apr-Jun,9159.04,10890.32374,7427.939393
2015,Vasundhara Enclave,Mixed commercial and residential impact.,0.0,Negative,High,Vasundhara Enclave,2030.0,Jul-Sep,9442.99,11227.94727,7658.22154
2016,Vasundhara Enclave,Mixed commercial and residential impact.,0.0,Negative,High,Vasundhara Enclave,2030.0,Oct-Dec,9597.88,11412.11529,7783.836619
2017,Vikas Marg,Strong demand but inconsistent supply.,0.2263,Positive,Moderate,Vikas Marg,2024.0,Jan-Mar,6167.22,7753.751691,4578.437909
2018,Vikas Marg,Strong demand but inconsistent supply.,0.2263,Positive,Moderate,Vikas Marg,2024.0,Apr-Jun,6188.29,7780.241998,4594.079914
2019,Vikas Marg,Strong demand but inconsistent supply.,0.2263,Positive,Moderate,Vikas Marg,2024.0,Jul-Sep,6257.31,7867.017553,4645.319174
2020,Vikas Marg,Strong demand but inconsistent supply.,0.2263,Positive,Moderate,Vikas Marg,2024.0,Oct-Dec,6371.54,8010.633487,4730.121558
2021,Vikas Marg,Strong demand but inconsistent supply.,0.2263,Positive,Moderate,Vikas Marg,2025.0,Jan-Mar,6607.76,8307.621631,4905.487218
2022,Vikas Marg,Strong demand but inconsistent supply.,0.2263,Positive,Moderate,Vikas Marg,2025.0,Apr-Jun,6477.88,8144.329699,4809.066543
2023,Vikas Marg,Strong demand but inconsistent supply.,0.2263,Positive,Moderate,Vikas Marg,2025.0,Jul-Sep,6447.7,8106.385824,4786.66143
2024,Vikas Marg,Strong demand but inconsistent supply.,0.2263,Positive,Moderate,Vikas Marg,2025.0,Oct-Dec,6753.58,8490.954165,5013.741474
2025,Vikas Marg,Strong demand but inconsistent supply.,0.2263,Positive,Moderate,Vikas Marg,2026.0,Jan-Mar,4926.98,6194.457066,3657.705094
2026,Vikas Marg,Strong demand but inconsistent supply.,0.2263,Positive,Moderate,Vikas Marg,2026.0,Apr-Jun,4947.93,6220.796502,3673.258013
2027,Vikas Marg,Strong demand but inconsistent supply.,0.2263,Positive,Moderate,Vikas Marg,2026.0,Jul-Sep,4984.72,6267.050816,3700.570275
2028,Vikas Marg,Strong demand but inconsistent supply.,0.2263,Positive,Moderate,Vikas Marg,2026.0,Oct-Dec,5064.55,6367.417269,3759.834693
2029,Vikas Marg,Strong demand but inconsistent supply.,0.2263,Positive,Moderate,Vikas Marg,2027.0,Jan-Mar,5170.1,6500.120252,3838.193195
2030,Vikas Marg,Strong demand but inconsistent supply.,0.2263,Positive,Moderate,Vikas Marg,2027.0,Apr-Jun,5183.7,6517.218883,3848.2896
2031,Vikas Marg,Strong demand but inconsistent supply.,0.2263,Positive,Moderate,Vikas Marg,2027.0,Jul-Sep,5247.35,6597.242994,3895.542264
2032,Vikas Marg,Strong demand but inconsistent supply.,0.2263,Positive,Moderate,Vikas Marg,2027.0,Oct-Dec,5296.4,6658.911221,3931.956139
2033,Vikas Marg,Strong demand but inconsistent supply.,0.2263,Positive,Moderate,Vikas Marg,2028.0,Jan-Mar,5520.38,6940.510597,4098.235034
2034,Vikas Marg,Strong demand but inconsistent supply.,0.2263,Positive,Moderate,Vikas Marg,2028.0,Apr-Jun,5552.9,6981.396442,4122.377322
2035,Vikas Marg,Strong demand but inconsistent supply.,0.2263,Positive,Moderate,Vikas Marg,2028.0,Jul-Sep,5637.42,7087.659409,4185.123514
2036,Vikas Marg,Strong demand but inconsistent supply.,0.2263,Positive,Moderate,Vikas Marg,2028.0,Oct-Dec,5731.42,7205.841128,4254.907495
2037,Vikas Marg,Strong demand but inconsistent supply.,0.2263,Positive,Moderate,Vikas Marg,2029.0,Jan-Mar,5877.17,7389.085654,4363.109785
2038,Vikas Marg,Strong demand but inconsistent supply.,0.2263,Positive,Moderate,Vikas Marg,2029.0,Apr-Jun,5885.65,7399.747154,4369.405191
2039,Vikas Marg,Strong demand but inconsistent supply.,0.2263,Positive,Moderate,Vikas Marg,2029.0,Jul-Sep,5958.21,7490.973383,4423.272485
2040,Vikas Marg,Strong demand but inconsistent supply.,0.2263,Positive,Moderate,Vikas Marg,2029.0,Oct-Dec,6051.75,7608.576765,4492.71497
2041,Vikas Marg,Strong demand but inconsistent supply.,0.2263,Positive,Moderate,Vikas Marg,2030.0,Jan-Mar,6167.22,7753.751691,4578.437909
2042,Vikas Marg,Strong demand but inconsistent supply.,0.2263,Positive,Moderate,Vikas Marg,2030.0,Apr-Jun,6188.29,7780.241998,4594.079914
2043,Vikas Marg,Strong demand but inconsistent supply.,0.2263,Positive,Moderate,Vikas Marg,2030.0,Jul-Sep,6257.31,7867.017553,4645.319174
2044,Vikas Marg,Strong demand but inconsistent supply.,0.2263,Positive,Moderate,Vikas Marg,2030.0,Oct-Dec,6371.54,8010.633487,4730.121558
2045,Vikaspuri,Established locality with stable growth.,0.5859,Positive,Moderate,Vikaspuri,2024.0,Jan-Mar,9830.97,12002.95648,7659.103881
2046,Vikaspuri,Established locality with stable growth.,0.5859,Positive,Moderate,Vikaspuri,2024.0,Apr-Jun,9863.17,12042.27052,7684.19023
2047,Vikaspuri,Established locality with stable growth.,0.5859,Positive,Moderate,Vikaspuri,2024.0,Jul-Sep,9693.13,11834.66306,7551.715609
2048,Vikaspuri,Established locality with stable growth.,0.5859,Positive,Moderate,Vikaspuri,2024.0,Oct-Dec,9704.85,11848.9724,7560.846417
2049,Vikaspuri,Established locality with stable growth.,0.5859,Positive,Moderate,Vikaspuri,2025.0,Jan-Mar,10186.21,12436.68075,7935.863963
2050,Vikaspuri,Established locality with stable growth.,0.5859,Positive,Moderate,Vikaspuri,2025.0,Apr-Jun,10162.73,12408.01324,7917.571185
2051,Vikaspuri,Established locality with stable growth.,0.5859,Positive,Moderate,Vikaspuri,2025.0,Jul-Sep,10097.86,12328.81131,7867.032319
2052,Vikaspuri,Established locality with stable growth.,0.5859,Positive,Moderate,Vikaspuri,2025.0,Oct-Dec,10237.13,12498.85066,7975.534674
2053,Vikaspuri,Established locality with stable growth.,0.5859,Positive,Moderate,Vikaspuri,2026.0,Jan-Mar,9014.75,11006.40648,7023.203887
2054,Vikaspuri,Established locality with stable growth.,0.5859,Positive,Moderate,Vikaspuri,2026.0,Apr-Jun,8918.81,10889.27016,6948.459032
2055,Vikaspuri,Established locality with stable growth.,0.5859,Positive,Moderate,Vikaspuri,2026.0,Jul-Sep,8916.78,10886.79167,6946.877501
2056,Vikaspuri,Established locality with stable growth.,0.5859,Positive,Moderate,Vikaspuri,2026.0,Oct-Dec,9075.47,11080.54154,7070.509574
2057,Vikaspuri,Established locality with stable growth.,0.5859,Positive,Moderate,Vikaspuri,2027.0,Jan-Mar,9163.62,11188.16679,7139.185402
2058,Vikaspuri,Established locality with stable growth.,0.5859,Positive,Moderate,Vikaspuri,2027.0,Apr-Jun,8990.24,10976.48141,7004.108656
2059,Vikaspuri,Established locality with stable growth.,0.5859,Positive,Moderate,Vikaspuri,2027.0,Jul-Sep,9017.76,11010.08149,7025.548915
2060,Vikaspuri,Established locality with stable growth.,0.5859,Positive,Moderate,Vikaspuri,2027.0,Oct-Dec,9211.24,11246.30762,7176.285152
2061,Vikaspuri,Established locality with stable growth.,0.5859,Positive,Moderate,Vikaspuri,2028.0,Jan-Mar,9347.76,11412.98941,7282.645039
2062,Vikaspuri,Established locality with stable growth.,0.5859,Positive,Moderate,Vikaspuri,2028.0,Apr-Jun,9321.02,11380.34166,7261.812462
2063,Vikaspuri,Established locality with stable growth.,0.5859,Positive,Moderate,Vikaspuri,2028.0,Jul-Sep,9377.74,11449.59298,7306.001832
2064,Vikaspuri,Established locality with stable growth.,0.5859,Positive,Moderate,Vikaspuri,2028.0,Oct-Dec,9506.33,11606.59276,7406.183622
2065,Vikaspuri,Established locality with stable growth.,0.5859,Positive,Moderate,Vikaspuri,2029.0,Jan-Mar,9631.85,11759.84428,7503.973638
2066,Vikaspuri,Established locality with stable growth.,0.5859,Positive,Moderate,Vikaspuri,2029.0,Apr-Jun,9647.43,11778.86642,7516.111692
2067,Vikaspuri,Established locality with stable growth.,0.5859,Positive,Moderate,Vikaspuri,2029.0,Jul-Sep,9445.97,11532.89724,7359.158404
2068,Vikaspuri,Established locality with stable growth.,0.5859,Positive,Moderate,Vikaspuri,2029.0,Oct-Dec,9411.07,11490.28668,7331.968541
2069,Vikaspuri,Established locality with stable growth.,0.5859,Positive,Moderate,Vikaspuri,2030.0,Jan-Mar,9830.97,12002.95648,7659.103881
2070,Vikaspuri,Established locality with stable growth.,0.5859,Positive,Moderate,Vikaspuri,2030.0,Apr-Jun,9863.17,12042.27052,7684.19023
2071,Vikaspuri,Established locality with stable growth.,0.5859,Positive,Moderate,Vikaspuri,2030.0,Jul-Sep,9693.13,11834.66306,7551.715609
2072,Vikaspuri,Established locality with stable growth.,0.5859,Positive,Moderate,Vikaspuri,2030.0,Oct-Dec,9704.85,11848.9724,7560.846417
2073,Vipin Garden,Affordable housing but limited infrastructure.,-0.3291,Neutral,Low,Vipin Garden,2024.0,Jan-Mar,4643.32,6021.624051,3605.586953
2074,Vipin Garden,Affordable housing but limited infrastructure.,-0.3291,Neutral,Low,Vipin Garden,2024.0,Apr-Jun,4679.44,6068.465763,3633.634514
2075,Vipin Garden,Affordable housing but limited infrastructure.,-0.3291,Neutral,Low,Vipin Garden,2024.0,Jul-Sep,4775.32,6192.806389,3708.086345
2076,Vipin Garden,Affordable housing but limited infrastructure.,-0.3291,Neutral,Low,Vipin Garden,2024.0,Oct-Dec,4795.75,6219.300746,3723.950456
2077,Vipin Garden,Affordable housing but limited infrastructure.,-0.3291,Neutral,Low,Vipin Garden,2025.0,Jan-Mar,5320.29,6899.543047,4131.261298
2078,Vipin Garden,Affordable housing but limited infrastructure.,-0.3291,Neutral,Low,Vipin Garden,2025.0,Apr-Jun,5294.51,6866.110618,4111.242856
2079,Vipin Garden,Affordable housing but limited infrastructure.,-0.3291,Neutral,Low,Vipin Garden,2025.0,Jul-Sep,5278.45,6845.283433,4098.772097
2080,Vipin Garden,Affordable housing but limited infrastructure.,-0.3291,Neutral,Low,Vipin Garden,2025.0,Oct-Dec,5635.87,7308.798519,4376.312497
2081,Vipin Garden,Affordable housing but limited infrastructure.,-0.3291,Neutral,Low,Vipin Garden,2026.0,Jan-Mar,3720.65,4825.072475,2889.123967
2082,Vipin Garden,Affordable housing but limited infrastructure.,-0.3291,Neutral,Low,Vipin Garden,2026.0,Apr-Jun,3708.61,4809.458571,2879.77478
2083,Vipin Garden,Affordable housing but limited infrastructure.,-0.3291,Neutral,Low,Vipin Garden,2026.0,Jul-Sep,3698.42,4796.243813,2871.862137
2084,Vipin Garden,Affordable housing but limited infrastructure.,-0.3291,Neutral,Low,Vipin Garden,2026.0,Oct-Dec,3736.47,4845.588419,2901.408364
2085,Vipin Garden,Affordable housing but limited infrastructure.,-0.3291,Neutral,Low,Vipin Garden,2027.0,Jan-Mar,3861.68,5007.965241,2998.635249
2086,Vipin Garden,Affordable housing but limited infrastructure.,-0.3291,Neutral,Low,Vipin Garden,2027.0,Apr-Jun,3859.36,5004.956582,2996.833745
2087,Vipin Garden,Affordable housing but limited infrastructure.,-0.3291,Neutral,Low,Vipin Garden,2027.0,Jul-Sep,3889.94,5044.613824,3020.579437
2088,Vipin Garden,Affordable housing but limited infrastructure.,-0.3291,Neutral,Low,Vipin Garden,2027.0,Oct-Dec,3906.29,5065.817091,3033.275385
2089,Vipin Garden,Affordable housing but limited infrastructure.,-0.3291,Neutral,Low,Vipin Garden,2028.0,Jan-Mar,4085.88,5298.715849,3172.728914
2090,Vipin Garden,Affordable housing but limited infrastructure.,-0.3291,Neutral,Low,Vipin Garden,2028.0,Apr-Jun,4088.94,5302.684167,3175.105036
2091,Vipin Garden,Affordable housing but limited infrastructure.,-0.3291,Neutral,Low,Vipin Garden,2028.0,Jul-Sep,4080.17,5291.310916,3168.295039
2092,Vipin Garden,Affordable housing but limited infrastructure.,-0.3291,Neutral,Low,Vipin Garden,2028.0,Oct-Dec,4124.38,5348.644031,3202.62457
2093,Vipin Garden,Affordable housing but limited infrastructure.,-0.3291,Neutral,Low,Vipin Garden,2029.0,Jan-Mar,4289.81,5563.179593,3331.08271
2094,Vipin Garden,Affordable housing but limited infrastructure.,-0.3291,Neutral,Low,Vipin Garden,2029.0,Apr-Jun,4290.71,5564.346746,3331.781569
2095,Vipin Garden,Affordable housing but limited infrastructure.,-0.3291,Neutral,Low,Vipin Garden,2029.0,Jul-Sep,4323.59,5606.98671,3357.313236
2096,Vipin Garden,Affordable housing but limited infrastructure.,-0.3291,Neutral,Low,Vipin Garden,2029.0,Oct-Dec,4340.43,5628.825426,3370.389674
2097,Vipin Garden,Affordable housing but limited infrastructure.,-0.3291,Neutral,Low,Vipin Garden,2030.0,Jan-Mar,4643.32,6021.624051,3605.586953
2098,Vipin Garden,Affordable housing but limited infrastructure.,-0.3291,Neutral,Low,Vipin Garden,2030.0,Apr-Jun,4679.44,6068.465763,3633.634514
2099,Vipin Garden,Affordable housing but limited infrastructure.,-0.3291,Neutral,Low,Vipin Garden,2030.0,Jul-Sep,4775.32,6192.806389,3708.086345
2100,Vipin Garden,Affordable housing but limited infrastructure.,-0.3291,Neutral,Low,Vipin Garden,2030.0,Oct-Dec,4795.75,6219.300746,3723.950456
