Locality,Quarter,Price Range,Average Price,Q-o-Q,Growth Type,City,Type
Airport Road,Oct-Dec 2024,5609-8319,"6,964",3%,,Pune,Residential Multistorey Apartment
Airport Road,Jul-Sep 2024,5343-8193,"6,768",2%,,Pune,Residential Multistorey Apartment
Airport Road,Apr-Jun 2024,5294-7985,"6,640",0.40%,,Pune,Residential Multistorey Apartment
Airport Road,Jan-Mar 2024,5246-7983,"6,615",2%,,Pune,Residential Multistorey Apartment
Airport Road,Oct-Dec 2023,5103-7852,"6,477",2%,,Pune,Residential Multistorey Apartment
Airport Road,Jul-Sep 2023,5041-7664,"6,352",2%,,Pune,Residential Multistorey Apartment
Airport Road,Apr-Jun 2023,4934-7557,"6,245",11%,,Pune,Residential Multistorey Apartment
Airport Road,Jan-Mar 2023,5174-8856,"7,015",3%,,Pune,Residential Multistorey Apartment
Airport Road,Oct-Dec 2022,5381-9118,"7,250",4%,,Pune,Residential Multistorey Apartment
Airport Road,Jul-Sep 2022,5358-8554,"6,956",1%,,Pune,Residential Multistorey Apartment
Airport Road,Apr-Jun 2022,5394-8650,"7,022",3%,,Pune,Residential Multistorey Apartment
Airport Road,Jan-Mar 2022,5211-8452,"6,831",1%,,Pune,Residential Multistorey Apartment
Airport Road,Oct-Dec 2021,5222-8524,"6,873",1%,,Pune,Residential Multistorey Apartment
Airport Road,Jul-Sep 2021,5247-8364,"6,806",0.40%,,Pune,Residential Multistorey Apartment
Airport Road,Apr-Jun 2021,5205-8467,"6,836",1%,,Pune,Residential Multistorey Apartment
Airport Road,Jan-Mar 2021,5354-8414,"6,884",2%,,Pune,Residential Multistorey Apartment
Airport Road,Oct-Dec 2020,5563-8480,"7,022",1%,,Pune,Residential Multistorey Apartment
Airport Road,Jul-Sep 2020,5308-8582,"6,945",4%,,Pune,Residential Multistorey Apartment
Airport Road,Apr-Jun 2020,5452-9044,"7,248",1%,,Pune,Residential Multistorey Apartment
Airport Road,Jan-Mar 2020,5661-8966,"7,314",0.30%,,Pune,Residential Multistorey Apartment
Airport Road,Oct-Dec 2019,5721-8866,"7,293",4%,,Pune,Residential Multistorey Apartment
Airport Road,Jul-Sep 2019,5449-8549,"6,999",0.40%,,Pune,Residential Multistorey Apartment
Airport Road,Apr-Jun 2019,5449-8492,"6,970",3%,,Pune,Residential Multistorey Apartment
Airport Road,Jan-Mar 2019,5239-8316,"6,777",3%,,Pune,Residential Multistorey Apartment
Airport Road,Oct-Dec 2018,5058-8151,"6,605",4%,,Pune,Residential Multistorey Apartment
Airport Road,Jul-Sep 2018,5237-8475,"6,856",1%,,Pune,Residential Multistorey Apartment
,,,,,,Pune,Residential Multistorey Apartment
Akurdi,Oct-Dec 2024,6499-10230,"8,364",7%,,Pune,Residential Multistorey Apartment
Akurdi,Jul-Sep 2024,6206-9366,"7,786",2%,,Pune,Residential Multistorey Apartment
Akurdi,Apr-Jun 2024,6529-9435,"7,982",6%,,Pune,Residential Multistorey Apartment
Akurdi,Jan-Mar 2024,5995-9117,"7,556",2%,,Pune,Residential Multistorey Apartment
Akurdi,Oct-Dec 2023,5784-9080,"7,432",1%,,Pune,Residential Multistorey Apartment
Akurdi,Jul-Sep 2023,5866-8924,"7,395",1%,,Pune,Residential Multistorey Apartment
Akurdi,Apr-Jun 2023,5761-8943,"7,352",5%,,Pune,Residential Multistorey Apartment
Akurdi,Jan-Mar 2023,5907-8147,"7,027",1%,,Pune,Residential Multistorey Apartment
Akurdi,Oct-Dec 2022,5601-8608,"7,104",6%,,Pune,Residential Multistorey Apartment
Akurdi,Jul-Sep 2022,5111-8266,"6,689",3%,,Pune,Residential Multistorey Apartment
Akurdi,Apr-Jun 2022,4970-8000,"6,527",3%,,Pune,Residential Multistorey Apartment
Akurdi,Jan-Mar 2022,4850-7800,"6,364",3%,,Pune,Residential Multistorey Apartment
Akurdi,Oct-Dec 2021,4740-7600,"6,191",3%,,Pune,Residential Multistorey Apartment
Akurdi,Jul-Sep 2021,4600-7300,"5,978",3%,,Pune,Residential Multistorey Apartment
Akurdi,Apr-Jun 2021,4460-7100,"5,767",3%,,Pune,Residential Multistorey Apartment
Akurdi,Jan-Mar 2021,4320-6900,"5,558",3%,,Pune,Residential Multistorey Apartment
Akurdi,Oct-Dec 2020,4180-6700,"5,352",3%,,Pune,Residential Multistorey Apartment
Akurdi,Jul-Sep 2020,4040-6500,"5,149",3%,,Pune,Residential Multistorey Apartment
Akurdi,Apr-Jun 2020,3900-6300,"4,949",3%,,Pune,Residential Multistorey Apartment
Akurdi,Jan-Mar 2020,3760-6100,"4,752",3%,,Pune,Residential Multistorey Apartment
Akurdi,Oct-Dec 2019,3620-5900,"4,558",3%,,Pune,Residential Multistorey Apartment
Akurdi,Jul-Sep 2019,3480-5700,"4,368",3%,,Pune,Residential Multistorey Apartment
Akurdi,Apr-Jun 2019,3340-5500,"4,181",3%,,Pune,Residential Multistorey Apartment
Akurdi,Jan-Mar 2019,3200-5300,"3,997",3%,,Pune,Residential Multistorey Apartment
Akurdi,Oct-Dec 2018,3060-5100,"3,817",3%,,Pune,Residential Multistorey Apartment
Akurdi,Jul-Sep 2018,2920-4900,"3,641",3%,,Pune,Residential Multistorey Apartment
,,,,,,Pune,Residential Multistorey Apartment
Alandi,Oct-Dec 2024,3800-6305,"5,053",3%,,Pune,Residential Multistorey Apartment
Alandi,Jul-Sep 2024,3809-5969,"4,889",1%,,Pune,Residential Multistorey Apartment
Alandi,Apr-Jun 2024,3671-5978,"4,824",1%,,Pune,Residential Multistorey Apartment
Alandi,Jan-Mar 2024,3868-5843,"4,856",4%,,Pune,Residential Multistorey Apartment
Alandi,Oct-Dec 2023,3827-5534,"4,681",3%,,Pune,Residential Multistorey Apartment
Alandi,Jul-Sep 2023,3707-5347,"4,527",1%,,Pune,Residential Multistorey Apartment
Alandi,Apr-Jun 2023,3606-5514,"4,560",0.20%,,Pune,Residential Multistorey Apartment
Alandi,Jan-Mar 2023,3637-5498,"4,567",2%,,Pune,Residential Multistorey Apartment
Alandi,Oct-Dec 2022,3588-5341,"4,464",2%,,Pune,Residential Multistorey Apartment
Alandi,Jul-Sep 2022,3473-5303,"4,388",0.30%,,Pune,Residential Multistorey Apartment
Alandi,Apr-Jun 2022,3565-5237,"4,401",2%,,Pune,Residential Multistorey Apartment
Alandi,Jan-Mar 2022,3462-5137,"4,300",0.10%,,Pune,Residential Multistorey Apartment
Alandi,Oct-Dec 2021,3513-5099,"4,306",0.40%,,Pune,Residential Multistorey Apartment
Alandi,Jul-Sep 2021,3517-5130,"4,324",1%,,Pune,Residential Multistorey Apartment
Alandi,Apr-Jun 2021,3485-5247,"4,366",2%,,Pune,Residential Multistorey Apartment
Alandi,Jan-Mar 2021,3410-5132,"4,271",3%,,Pune,Residential Multistorey Apartment
Alandi,Oct-Dec 2020,3502-5321,"4,411",1%,,Pune,Residential Multistorey Apartment
Alandi,Jul-Sep 2020,3389-5308,"4,348",,,Pune,Residential Multistorey Apartment
Alandi,Apr-Jun 2020,3358-5343,"4,351",2%,,Pune,Residential Multistorey Apartment
Alandi,Jan-Mar 2020,3526-5315,"4,420",3%,,Pune,Residential Multistorey Apartment
Alandi,Oct-Dec 2019,3310-5291,"4,300",5%,,Pune,Residential Multistorey Apartment
Alandi,Jul-Sep 2019,3277-4933,"4,105",7%,,Pune,Residential Multistorey Apartment
Alandi,Apr-Jun 2019,3415-5384,"4,400",2%,,Pune,Residential Multistorey Apartment
Alandi,Jan-Mar 2019,3367-5219,"4,293",2%,,Pune,Residential Multistorey Apartment
Alandi,Oct-Dec 2018,3376-5036,"4,206",1%,,Pune,Residential Multistorey Apartment
Alandi,Jul-Sep 2018,3407-4926,"4,166",1%,,Pune,Residential Multistorey Apartment
,,,,,,Pune,Residential Multistorey Apartment
Alandi Markal Road,Oct-Dec 2024,3789-6279,"5,034",3%,,Pune,Residential Multistorey Apartment
Alandi Markal Road,Jul-Sep 2024,3803-5946,"4,874",3%,,Pune,Residential Multistorey Apartment
Alandi Markal Road,Apr-Jun 2024,3722-5824,"4,727",3%,,Pune,Residential Multistorey Apartment
Alandi Markal Road,Jan-Mar 2024,3643-5705,"4,585",3%,,Pune,Residential Multistorey Apartment
Alandi Markal Road,Oct-Dec 2023,3565-5589,"4,447",3%,,Pune,Residential Multistorey Apartment
Alandi Markal Road,Jul-Sep 2023,3488-5474,"4,312",3%,,Pune,Residential Multistorey Apartment
Alandi Markal Road,Apr-Jun 2023,3412-5360,"4,179",3%,,Pune,Residential Multistorey Apartment
Alandi Markal Road,Jan-Mar 2023,3337-5248,"4,048",3%,,Pune,Residential Multistorey Apartment
Alandi Markal Road,Oct-Dec 2022,3263-5137,"3,919",3%,,Pune,Residential Multistorey Apartment
Alandi Markal Road,Jul-Sep 2022,3190-5027,"3,792",3%,,Pune,Residential Multistorey Apartment
Alandi Markal Road,Apr-Jun 2022,3117-4917,"3,667",3%,,Pune,Residential Multistorey Apartment
Alandi Markal Road,Jan-Mar 2022,3045-4807,"3,543",3%,,Pune,Residential Multistorey Apartment
Alandi Markal Road,Oct-Dec 2021,2974-4698,"3,421",3%,,Pune,Residential Multistorey Apartment
Alandi Markal Road,Jul-Sep 2021,2904-4589,"3,300",3%,,Pune,Residential Multistorey Apartment
Alandi Markal Road,Apr-Jun 2021,2835-4480,"3,181",3%,,Pune,Residential Multistorey Apartment
Alandi Markal Road,Jan-Mar 2021,2767-4372,"3,063",3%,,Pune,Residential Multistorey Apartment
Alandi Markal Road,Oct-Dec 2020,2700-4265,"2,946",3%,,Pune,Residential Multistorey Apartment
Alandi Markal Road,Jul-Sep 2020,2634-4160,"2,831",3%,,Pune,Residential Multistorey Apartment
Alandi Markal Road,Apr-Jun 2020,2569-4056,"2,718",3%,,Pune,Residential Multistorey Apartment
Alandi Markal Road,Jan-Mar 2020,2504-3953,"2,607",3%,,Pune,Residential Multistorey Apartment
Alandi Markal Road,Oct-Dec 2019,2440-3850,"2,498",3%,,Pune,Residential Multistorey Apartment
Alandi Markal Road,Jul-Sep 2019,2377-3750,"2,391",3%,,Pune,Residential Multistorey Apartment
Alandi Markal Road,Apr-Jun 2019,2314-3651,"2,286",3%,,Pune,Residential Multistorey Apartment
Alandi Markal Road,Jan-Mar 2019,2252-3553,"2,182",3%,,Pune,Residential Multistorey Apartment
Alandi Markal Road,Oct-Dec 2018,2191-3456,"2,080",3%,,Pune,Residential Multistorey Apartment
Alandi Markal Road,Jul-Sep 2018,2130-3360,"1,999",3%,,Pune,Residential Multistorey Apartment
,,,,,,Pune,Residential Multistorey Apartment
Alandi Road,Oct-Dec 2024,5838-9231,"7,534",2%,,Pune,Residential Multistorey Apartment
Alandi Road,Jul-Sep 2024,5735-9090,"7,412",3%,,Pune,Residential Multistorey Apartment
Alandi Road,Apr-Jun 2024,5592-8806,"7,199",2%,,Pune,Residential Multistorey Apartment
Alandi Road,Jan-Mar 2024,5469-8680,"7,075",2%,,Pune,Residential Multistorey Apartment
Alandi Road,Oct-Dec 2023,5370-8523,"6,947",1%,,Pune,Residential Multistorey Apartment
Alandi Road,Jul-Sep 2023,5309-8405,"6,857",2%,,Pune,Residential Multistorey Apartment
Alandi Road,Apr-Jun 2023,5197-8207,"6,702",12%,,Pune,Residential Multistorey Apartment
Alandi Road,Jan-Mar 2023,4732-7208,"5,970",-,,Pune,Residential Multistorey Apartment
Alandi Road,Oct-Dec 2022,4590-7005,"5,853",-,,Pune,Residential Multistorey Apartment
Alandi Road,Jul-Sep 2022,3883-6361,"5,900",7%,,Pune,Residential Multistorey Apartment
Alandi Road,Apr-Jun 2022,3738-5870,"5,800",3%,,Pune,Residential Multistorey Apartment
Alandi Road,Jan-Mar 2022,3866-5992,"5,802",-,,Pune,Residential Multistorey Apartment
Alandi Road,Oct-Dec 2021,3740-5890,"5,800",-,,Pune,Residential Multistorey Apartment
Alandi Road,Jul-Sep 2021,4423-7093,"5,758",-,,Pune,Residential Multistorey Apartment
Alandi Road,Apr-Jun 2021,4293-6889,"5,585",-,,Pune,Residential Multistorey Apartment
Alandi Road,Jan-Mar 2021,4165-6683,"5,414",-,,Pune,Residential Multistorey Apartment
Alandi Road,Oct-Dec 2020,4040-6480,"5,247",,,Pune,Residential Multistorey Apartment
Alandi Road,Jul-Sep 2020,3916-6280,"5,083",,,Pune,Residential Multistorey Apartment
Alandi Road,Apr-Jun 2020,3794-6082,"4,922",,,Pune,Residential Multistorey Apartment
Alandi Road,Jan-Mar 2020,3673-5886,"4,762",,,Pune,Residential Multistorey Apartment
Alandi Road,Oct-Dec 2019,3554-5693,"4,605",,,Pune,Residential Multistorey Apartment
Alandi Road,Jul-Sep 2019,3437-5502,"4,750",,,Pune,Residential Multistorey Apartment
Alandi Road,Apr-Jun 2019,3322-5312,"4,800",,,Pune,Residential Multistorey Apartment
Alandi Road,Jan-Mar 2019,3210-5125,"4,700",,,Pune,Residential Multistorey Apartment
Alandi Road,Oct-Dec 2018,3751-5645,"4,698",,,Pune,Residential Multistorey Apartment
Alandi Road,Jul-Sep 2018,3620-5530,"4,543",,,Pune,Residential Multistorey Apartment
,,,,,,Pune,Residential Multistorey Apartment
Amanora Park Town,Oct-Dec 2024,9108-13623,"11,366",3%,,Pune,Residential Multistorey Apartment
Amanora Park Town,Jul-Sep 2024,8837-13254,"11,045",2%,,Pune,Residential Multistorey Apartment
Amanora Park Town,Apr-Jun 2024,8544-13164,"10,854",5%,,Pune,Residential Multistorey Apartment
Amanora Park Town,Jan-Mar 2024,8194-12499,"10,346",1%,,Pune,Residential Multistorey Apartment
Amanora Park Town,Oct-Dec 2023,8180-12744,"10,462",1%,,Pune,Residential Multistorey Apartment
Amanora Park Town,Jul-Sep 2023,8287-12836,"10,561",3%,,Pune,Residential Multistorey Apartment
Amanora Park Town,Apr-Jun 2023,7974-12500,"10,237",5%,,Pune,Residential Multistorey Apartment
Amanora Park Town,Jan-Mar 2023,7415-12048,"9,732",3%,,Pune,Residential Multistorey Apartment
Amanora Park Town,Oct-Dec 2022,7344-11615,"9,480",2%,,Pune,Residential Multistorey Apartment
Amanora Park Town,Jul-Sep 2022,7299-11364,"9,332",5%,,Pune,Residential Multistorey Apartment
Amanora Park Town,Apr-Jun 2022,6994-10730,"8,862",2%,,Pune,Residential Multistorey Apartment
Amanora Park Town,Jan-Mar 2022,6916-10472,"8,694",1%,,Pune,Residential Multistorey Apartment
Amanora Park Town,Oct-Dec 2021,6843-10298,"8,570",1%,,Pune,Residential Multistorey Apartment
Amanora Park Town,Jul-Sep 2021,6598-10319,"8,458",2%,,Pune,Residential Multistorey Apartment
Amanora Park Town,Apr-Jun 2021,6582-9967,"8,275",3%,,Pune,Residential Multistorey Apartment
Amanora Park Town,Jan-Mar 2021,6380-9614,"7,997",1%,,Pune,Residential Multistorey Apartment
Amanora Park Town,Oct-Dec 2020,6356-9496,"7,926",0.50%,,Pune,Residential Multistorey Apartment
Amanora Park Town,Jul-Sep 2020,6210-9570,"7,890",2%,,Pune,Residential Multistorey Apartment
Amanora Park Town,Apr-Jun 2020,6276-9775,"8,025",2%,,Pune,Residential Multistorey Apartment
Amanora Park Town,Jan-Mar 2020,6493-9834,"8,163",3%,,Pune,Residential Multistorey Apartment
Amanora Park Town,Oct-Dec 2019,6269-9545,"7,907",0.50%,,Pune,Residential Multistorey Apartment
Amanora Park Town,Jul-Sep 2019,6308-9579,"7,944",0.40%,,Pune,Residential Multistorey Apartment
Amanora Park Town,Apr-Jun 2019,6224-9602,"7,913",0.30%,,Pune,Residential Multistorey Apartment
Amanora Park Town,Jan-Mar 2019,6210-9666,"7,938",1%,,Pune,Residential Multistorey Apartment
Amanora Park Town,Oct-Dec 2018,6196-9474,"7,835",2%,,Pune,Residential Multistorey Apartment
Amanora Park Town,Jul-Sep 2018,6119-9263,"7,691",1%,,Pune,Residential Multistorey Apartment
,,,,,,Pune,Residential Multistorey Apartment
Ambegaon,Oct-Dec 2024,5196-8049,"6,622",2%,,Pune,Residential Multistorey Apartment
Ambegaon,Jul-Sep 2024,5043-7962,"6,502",1%,,Pune,Residential Multistorey Apartment
Ambegaon,Apr-Jun 2024,4875-8056,"6,465",8%,,Pune,Residential Multistorey Apartment
Ambegaon,Jan-Mar 2024,4510-7485,"6,200",3%,,Pune,Residential Multistorey Apartment
Ambegaon,Oct-Dec 2023,4709-7680,"6,194",4%,,Pune,Residential Multistorey Apartment
Ambegaon,Jul-Sep 2023,4527-7346,"5,937",1%,,Pune,Residential Multistorey Apartment
Ambegaon,Apr-Jun 2023,4424-7337,"5,880",3%,,Pune,Residential Multistorey Apartment
Ambegaon,Jan-Mar 2023,4295-7232,"5,708",3%,,Pune,Residential Multistorey Apartment
Ambegaon,Oct-Dec 2022,4167-7116,"5,542",3%,,Pune,Residential Multistorey Apartment
Ambegaon,Jul-Sep 2022,4029-6213,"5,250",2%,,Pune,Residential Multistorey Apartment
Ambegaon,Apr-Jun 2022,4121-6375,"5,248",0.10%,,Pune,Residential Multistorey Apartment
Ambegaon,Jan-Mar 2022,4375-6133,"5,254",0.30%,,Pune,Residential Multistorey Apartment
Ambegaon,Oct-Dec 2021,4506-6032,"5,269",1%,,Pune,Residential Multistorey Apartment
Ambegaon,Jul-Sep 2021,4186-6411,"5,299",3%,,Pune,Residential Multistorey Apartment
Ambegaon,Apr-Jun 2021,4080-6290,"5,234",3%,,Pune,Residential Multistorey Apartment
Ambegaon,Jan-Mar 2021,3975-6170,"5,169",3%,,Pune,Residential Multistorey Apartment
Ambegaon,Oct-Dec 2020,3870-6050,"5,104",3%,,Pune,Residential Multistorey Apartment
Ambegaon,Jul-Sep 2020,3767-5930,"5,039",3%,,Pune,Residential Multistorey Apartment
Ambegaon,Apr-Jun 2020,3664-5811,"4,975",3%,,Pune,Residential Multistorey Apartment
Ambegaon,Jan-Mar 2020,3563-5694,"4,912",3%,,Pune,Residential Multistorey Apartment
Ambegaon,Oct-Dec 2019,3463-5578,"4,850",3%,,Pune,Residential Multistorey Apartment
Ambegaon,Jul-Sep 2019,3364-5463,"4,788",3%,,Pune,Residential Multistorey Apartment
Ambegaon,Apr-Jun 2019,3267-5351,"4,727",3%,,Pune,Residential Multistorey Apartment
Ambegaon,Jan-Mar 2019,3172-5241,"4,667",3%,,Pune,Residential Multistorey Apartment
Ambegaon,Oct-Dec 2018,3078-5133,"4,608",-,,Pune,Residential Multistorey Apartment
Ambegaon,Jul-Sep 2018,2985-5026,"4,550",-,,Pune,Residential Multistorey Apartment
,,,,,,Pune,Residential Multistorey Apartment
Ambegaon BK,Oct-Dec 2024,5053-8354,"6,704",7%,,Pune,Residential Multistorey Apartment
Ambegaon BK,Jul-Sep 2024,4963-7587,"6,275",5%,,Pune,Residential Multistorey Apartment
Ambegaon BK,Apr-Jun 2024,4437-7526,"5,981",3%,,Pune,Residential Multistorey Apartment
Ambegaon BK,Jan-Mar 2024,4321-7333,"5,827",10%,,Pune,Residential Multistorey Apartment
Ambegaon BK,Oct-Dec 2023,3888-6754,"5,321",1%,,Pune,Residential Multistorey Apartment
Ambegaon BK,Jul-Sep 2023,3962-6767,"5,364",2%,,Pune,Residential Multistorey Apartment
Ambegaon BK,Apr-Jun 2023,4006-6940,"5,473",6%,,Pune,Residential Multistorey Apartment
Ambegaon BK,Jan-Mar 2023,3731-6553,"5,142",5%,,Pune,Residential Multistorey Apartment
Ambegaon BK,Oct-Dec 2022,4001-6877,"5,439",6%,,Pune,Residential Multistorey Apartment
Ambegaon BK,Jul-Sep 2022,3835-6465,"5,150",4%,,Pune,Residential Multistorey Apartment
Ambegaon BK,Apr-Jun 2022,4214-6471,"5,343",9%,,Pune,Residential Multistorey Apartment
Ambegaon BK,Jan-Mar 2022,4604-7194,"5,899",0.40%,,Pune,Residential Multistorey Apartment
Ambegaon BK,Oct-Dec 2021,4711-7034,"5,873",-,,Pune,Residential Multistorey Apartment
Ambegaon BK,Jul-Sep 2021,4600-6900,"5,750",-,,Pune,Residential Multistorey Apartment
Ambegaon BK,Apr-Jun 2021,4490-6780,"5,627",-,,Pune,Residential Multistorey Apartment
Ambegaon BK,Jan-Mar 2021,4380-6661,"5,504",-,,Pune,Residential Multistorey Apartment
Ambegaon BK,Oct-Dec 2020,4270-6542,"5,382",,,Pune,Residential Multistorey Apartment
Ambegaon BK,Jul-Sep 2020,4160-6424,"5,261",,,Pune,Residential Multistorey Apartment
Ambegaon BK,Apr-Jun 2020,4051-6307,"5,142",,,Pune,Residential Multistorey Apartment
Ambegaon BK,Jan-Mar 2020,3943-6190,"5,024",,,Pune,Residential Multistorey Apartment
Ambegaon BK,Oct-Dec 2019,3836-6074,"4,907",,,Pune,Residential Multistorey Apartment
Ambegaon BK,Jul-Sep 2019,3729-5959,"4,792",,,Pune,Residential Multistorey Apartment
Ambegaon BK,Apr-Jun 2019,3623-5844,"4,678",,,Pune,Residential Multistorey Apartment
Ambegaon BK,Jan-Mar 2019,3520-5731,"4,565",,,Pune,Residential Multistorey Apartment
Ambegaon BK,Oct-Dec 2018,3418-5620,"4,453",,,Pune,Residential Multistorey Apartment
Ambegaon BK,Jul-Sep 2018,3317-5509,"4,344",,,Pune,Residential Multistorey Apartment
,,,,,,Pune,Residential Multistorey Apartment
Anand Nagar,Oct-Dec 2024,7609-11023,"9,316",6%,,Pune,Residential Multistorey Apartment
Anand Nagar,Jul-Sep 2024,7043-10521,"8,782",3%,,Pune,Residential Multistorey Apartment
Anand Nagar,Apr-Jun 2024,6884-10218,"8,551",0.40%,,Pune,Residential Multistorey Apartment
Anand Nagar,Jan-Mar 2024,6833-10199,"8,516",0.20%,,Pune,Residential Multistorey Apartment
Anand Nagar,Oct-Dec 2023,6734-10270,"8,502",6%,,Pune,Residential Multistorey Apartment
Anand Nagar,Jul-Sep 2023,5987-9987,"7,987",5%,,Pune,Residential Multistorey Apartment
Anand Nagar,Apr-Jun 2023,5441-9790,"7,616",13%,,Pune,Residential Multistorey Apartment
Anand Nagar,Jan-Mar 2023,4809-8689,"6,749",9%,,Pune,Residential Multistorey Apartment
Anand Nagar,Oct-Dec 2022,5546-9262,"7,404",6%,,Pune,Residential Multistorey Apartment
Anand Nagar,Jul-Sep 2022,5074-8870,"6,972",1%,,Pune,Residential Multistorey Apartment
Anand Nagar,Apr-Jun 2022,4918-8886,"6,902",4%,,Pune,Residential Multistorey Apartment
Anand Nagar,Jan-Mar 2022,4681-8610,"6,645",6%,,Pune,Residential Multistorey Apartment
Anand Nagar,Oct-Dec 2021,4523-7992,"6,257",9%,,Pune,Residential Multistorey Apartment
Anand Nagar,Jul-Sep 2021,4199-7237,"5,718",4%,,Pune,Residential Multistorey Apartment
Anand Nagar,Apr-Jun 2021,4290-7655,"5,973",11%,,Pune,Residential Multistorey Apartment
Anand Nagar,Jan-Mar 2021,3853-6923,"5,388",10%,,Pune,Residential Multistorey Apartment
Anand Nagar,Oct-Dec 2020,4307-7609,"5,958",3%,,Pune,Residential Multistorey Apartment
Anand Nagar,Jul-Sep 2020,4668-7561,"6,115",2%,,Pune,Residential Multistorey Apartment
Anand Nagar,Apr-Jun 2020,4339-7638,"5,989",6%,,Pune,Residential Multistorey Apartment
Anand Nagar,Jan-Mar 2020,4485-8190,"6,338",5%,,Pune,Residential Multistorey Apartment
Anand Nagar,Oct-Dec 2019,4835-8484,"6,659",1%,,Pune,Residential Multistorey Apartment
Anand Nagar,Jul-Sep 2019,5124-8376,"6,750",4%,,Pune,Residential Multistorey Apartment
Anand Nagar,Apr-Jun 2019,4916-8121,"6,519",1%,,Pune,Residential Multistorey Apartment
Anand Nagar,Jan-Mar 2019,4839-8042,"6,441",5%,,Pune,Residential Multistorey Apartment
Anand Nagar,Oct-Dec 2018,4556-7668,"6,112",2%,,Pune,Residential Multistorey Apartment
Anand Nagar,Jul-Sep 2018,4468-7951,"6,210",12%,,Pune,Residential Multistorey Apartment
,,,,,,Pune,Residential Multistorey Apartment
Apte Road,Oct-Dec 2024,13177-19580,"16,378",2%,,Pune,Residential Multistorey Apartment
Apte Road,Jul-Sep 2024,13381-19946,"16,663",2%,,Pune,Residential Multistorey Apartment
Apte Road,Apr-Jun 2024,13359-19374,"16,367",3%,,Pune,Residential Multistorey Apartment
Apte Road,Jan-Mar 2024,12588-19193,"15,891",2%,,Pune,Residential Multistorey Apartment
Apte Road,Oct-Dec 2023,12335-18975,"15,655",1%,,Pune,Residential Multistorey Apartment
Apte Road,Jul-Sep 2023,12264-18763,"15,514",0.20%,,Pune,Residential Multistorey Apartment
Apte Road,Apr-Jun 2023,12184-18791,"15,487",2%,,Pune,Residential Multistorey Apartment
Apte Road,Jan-Mar 2023,12046-18197,"15,121",-,,Pune,Residential Multistorey Apartment
Apte Road,Oct-Dec 2022,11700-17800,"14,852",-,,Pune,Residential Multistorey Apartment
Apte Road,Jul-Sep 2022,11400-17400,"14,405",-,,Pune,Residential Multistorey Apartment
Apte Road,Apr-Jun 2022,11100-17000,"13,959",-,,Pune,Residential Multistorey Apartment
Apte Road,Jan-Mar 2022,10800-16600,"13,517",-,,Pune,Residential Multistorey Apartment
Apte Road,Oct-Dec 2021,10500-16200,"13,078",-,,Pune,Residential Multistorey Apartment
Apte Road,Jul-Sep 2021,10200-15800,"12,641",-,,Pune,Residential Multistorey Apartment
Apte Road,Apr-Jun 2021,9900-15400,"12,208",-,,Pune,Residential Multistorey Apartment
Apte Road,Jan-Mar 2021,9600-15000,"11,777",-,,Pune,Residential Multistorey Apartment
Apte Road,Oct-Dec 2020,9300-14600,"11,350",,,Pune,Residential Multistorey Apartment
Apte Road,Jul-Sep 2020,9000-14200,"10,927",,,Pune,Residential Multistorey Apartment
Apte Road,Apr-Jun 2020,8700-13800,"10,508",,,Pune,Residential Multistorey Apartment
Apte Road,Jan-Mar 2020,8400-13400,"10,091",,,Pune,Residential Multistorey Apartment
Apte Road,Oct-Dec 2019,8100-13000,"9,677",,,Pune,Residential Multistorey Apartment
Apte Road,Jul-Sep 2019,7800-12600,"9,267",,,Pune,Residential Multistorey Apartment
Apte Road,Apr-Jun 2019,7500-12200,"8,860",,,Pune,Residential Multistorey Apartment
Apte Road,Jan-Mar 2019,7200-11800,"8,455",,,Pune,Residential Multistorey Apartment
Apte Road,Oct-Dec 2018,6900-11400,"8,056",,,Pune,Residential Multistorey Apartment
Apte Road,Jul-Sep 2018,6600-11000,"7,671",,,Pune,Residential Multistorey Apartment
,,,,,,Pune,Residential Multistorey Apartment
Ashok Nagar Tathawade,Oct-Dec 2024,6745-8821,"7,783",5%,,Pune,Residential Multistorey Apartment
Ashok Nagar Tathawade,Jul-Sep 2024,6305-8540,"7,422",,,Pune,Residential Multistorey Apartment
Ashok Nagar Tathawade,Apr-Jun 2024,6203-8632,"7,418",1%,,Pune,Residential Multistorey Apartment
Ashok Nagar Tathawade,Jan-Mar 2024,6171-8789,"7,480",1%,,Pune,Residential Multistorey Apartment
Ashok Nagar Tathawade,Oct-Dec 2023,6501-8587,"7,544",,,Pune,Residential Multistorey Apartment
Ashok Nagar Tathawade,Jul-Sep 2023,6300-8450,"7,333",,,Pune,Residential Multistorey Apartment
Ashok Nagar Tathawade,Apr-Jun 2023,6200-8340,"7,227",,,Pune,Residential Multistorey Apartment
Ashok Nagar Tathawade,Jan-Mar 2023,6100-8230,"7,124",-,,Pune,Residential Multistorey Apartment
Ashok Nagar Tathawade,Oct-Dec 2022,6000-8110,"7,022",-,,Pune,Residential Multistorey Apartment
Ashok Nagar Tathawade,Jul-Sep 2022,5900-8000,"6,922",-,,Pune,Residential Multistorey Apartment
Ashok Nagar Tathawade,Apr-Jun 2022,5800-7890,"6,823",-,,Pune,Residential Multistorey Apartment
Ashok Nagar Tathawade,Jan-Mar 2022,5700-7780,"6,726",-,,Pune,Residential Multistorey Apartment
Ashok Nagar Tathawade,Oct-Dec 2021,5600-7670,"6,630",-,,Pune,Residential Multistorey Apartment
Ashok Nagar Tathawade,Jul-Sep 2021,5500-7560,"6,535",-,,Pune,Residential Multistorey Apartment
Ashok Nagar Tathawade,Apr-Jun 2021,5400-7450,"6,440",-,,Pune,Residential Multistorey Apartment
Ashok Nagar Tathawade,Jan-Mar 2021,5300-7340,"6,345",-,,Pune,Residential Multistorey Apartment
Ashok Nagar Tathawade,Oct-Dec 2020,5200-7230,"6,250",,,Pune,Residential Multistorey Apartment
Ashok Nagar Tathawade,Jul-Sep 2020,5100-7120,"6,156",,,Pune,Residential Multistorey Apartment
Ashok Nagar Tathawade,Apr-Jun 2020,5000-7010,"6,062",,,Pune,Residential Multistorey Apartment
Ashok Nagar Tathawade,Jan-Mar 2020,4900-6900,"5,968",,,Pune,Residential Multistorey Apartment
Ashok Nagar Tathawade,Oct-Dec 2019,4800-6790,"5,874",,,Pune,Residential Multistorey Apartment
Ashok Nagar Tathawade,Jul-Sep 2019,4700-6680,"5,781",,,Pune,Residential Multistorey Apartment
Ashok Nagar Tathawade,Apr-Jun 2019,4600-6570,"5,688",,,Pune,Residential Multistorey Apartment
Ashok Nagar Tathawade,Jan-Mar 2019,4500-6460,"5,595",,,Pune,Residential Multistorey Apartment
Ashok Nagar Tathawade,Oct-Dec 2018,4400-6350,"5,503",,,Pune,Residential Multistorey Apartment
Ashok Nagar Tathawade,Jul-Sep 2018,4300-6240,"5,413",,,Pune,Residential Multistorey Apartment
,,,,,,Pune,Residential Multistorey Apartment
Ashoka Nagar,Oct-Dec 2024,8068-11353,"9,711",1%,,Pune,Residential Multistorey Apartment
Ashoka Nagar,Jul-Sep 2024,7947-11357,"9,652",2%,,Pune,Residential Multistorey Apartment
Ashoka Nagar,Apr-Jun 2024,7946-11015,"9,481",5%,,Pune,Residential Multistorey Apartment
Ashoka Nagar,Jan-Mar 2024,7519-10511,"9,015",9%,,Pune,Residential Multistorey Apartment
Ashoka Nagar,Oct-Dec 2023,6946-9520,"8,233",2%,,Pune,Residential Multistorey Apartment
Ashoka Nagar,Jul-Sep 2023,6569-9536,"8,052",3%,,Pune,Residential Multistorey Apartment
Ashoka Nagar,Apr-Jun 2023,6391-9236,"7,814",2%,,Pune,Residential Multistorey Apartment
Ashoka Nagar,Jan-Mar 2023,6381-9003,"7,692",3%,,Pune,Residential Multistorey Apartment
Ashoka Nagar,Oct-Dec 2022,6524-9389,"7,957",7%,,Pune,Residential Multistorey Apartment
Ashoka Nagar,Jul-Sep 2022,6070-8762,"7,416",-,,Pune,Residential Multistorey Apartment
Ashoka Nagar,Apr-Jun 2022,6070-8763,7300,-,,Pune,Residential Multistorey Apartment
Ashoka Nagar,Jan-Mar 2022,5879-8615,"7,247",4%,,Pune,Residential Multistorey Apartment
Ashoka Nagar,Oct-Dec 2021,6035-9068,"7,552",9%,,Pune,Residential Multistorey Apartment
Ashoka Nagar,Jul-Sep 2021,5953-7894,"6,924",3%,,Pune,Residential Multistorey Apartment
Ashoka Nagar,Apr-Jun 2021,6081-8173,"7,127",1%,,Pune,Residential Multistorey Apartment
Ashoka Nagar,Jan-Mar 2021,6138-8313,"7,226",2%,,Pune,Residential Multistorey Apartment
Ashoka Nagar,Oct-Dec 2020,5905-8237,"7,071",,,Pune,Residential Multistorey Apartment
Ashoka Nagar,Jul-Sep 2020,5905-8238,"6,900",,,Pune,Residential Multistorey Apartment
Ashoka Nagar,Apr-Jun 2020,5905-8239,"6,800",,,Pune,Residential Multistorey Apartment
Ashoka Nagar,Jan-Mar 2020,5561-7976,"6,768",1%,,Pune,Residential Multistorey Apartment
Ashoka Nagar,Oct-Dec 2019,5669-7972,"6,821",2%,,Pune,Residential Multistorey Apartment
Ashoka Nagar,Jul-Sep 2019,5390-8045,"6,718",6%,,Pune,Residential Multistorey Apartment
Ashoka Nagar,Apr-Jun 2019,5922-8410,"7,166",,,Pune,Residential Multistorey Apartment
Ashoka Nagar,Jan-Mar 2019,5922-8411,"7,166",,,Pune,Residential Multistorey Apartment
Ashoka Nagar,Oct-Dec 2018,5922-8412,"7,166",,,Pune,Residential Multistorey Apartment
Ashoka Nagar,Jul-Sep 2018,5922-8413,"7,166",,,Pune,Residential Multistorey Apartment
,,,,,,Pune,Residential Multistorey Apartment
Aundh,Oct-Dec 2024,7868-12833,"10,350",2%,,Pune,Residential Multistorey Apartment
Aundh,Jul-Sep 2024,7737-12538,"10,137",1%,,Pune,Residential Multistorey Apartment
Aundh,Apr-Jun 2024,7693-12419,"10,056",3%,,Pune,Residential Multistorey Apartment
Aundh,Jan-Mar 2024,7508-11937,"10,070",2%,,Pune,Residential Multistorey Apartment
Aundh,Oct-Dec 2023,7379-11751,"10,080",,,Pune,Residential Multistorey Apartment
Aundh,Jul-Sep 2023,7408-11709,"10,100",2%,,Pune,Residential Multistorey Apartment
Aundh,Apr-Jun 2023,7245-11520,"10,070",6%,,Pune,Residential Multistorey Apartment
Aundh,Jan-Mar 2023,7684-12176,"10,060",1%,,Pune,Residential Multistorey Apartment
Aundh,Oct-Dec 2022,7701-12414,"10,058",2%,,Pune,Residential Multistorey Apartment
Aundh,Jul-Sep 2022,7416-12218,"9,817",1%,,Pune,Residential Multistorey Apartment
Aundh,Apr-Jun 2022,7583-11910,"9,747",-,,Pune,Residential Multistorey Apartment
Aundh,Jan-Mar 2022,7581-11919,"9,750",1%,,Pune,Residential Multistorey Apartment
Aundh,Oct-Dec 2021,7596-12090,"9,843",3%,,Pune,Residential Multistorey Apartment
Aundh,Jul-Sep 2021,7421-11686,"9,554",0.30%,,Pune,Residential Multistorey Apartment
Aundh,Apr-Jun 2021,7359-11683,"9,521",2%,,Pune,Residential Multistorey Apartment
Aundh,Jan-Mar 2021,7349-11372,"9,360",1%,,Pune,Residential Multistorey Apartment
Aundh,Oct-Dec 2020,7381-11246,"9,313",1%,,Pune,Residential Multistorey Apartment
Aundh,Jul-Sep 2020,7274-11113,"9,194",-,,Pune,Residential Multistorey Apartment
Aundh,Apr-Jun 2020,7258-11222,"9,240",0.40%,,Pune,Residential Multistorey Apartment
Aundh,Jan-Mar 2020,7230-11179,"9,205",0.10%,,Pune,Residential Multistorey Apartment
Aundh,Oct-Dec 2019,7224-11161,"9,192",1%,,Pune,Residential Multistorey Apartment
Aundh,Jul-Sep 2019,7166-11121,"9,143",1%,,Pune,Residential Multistorey Apartment
Aundh,Apr-Jun 2019,7211-11259,"9,235",0.40%,,Pune,Residential Multistorey Apartment
Aundh,Jan-Mar 2019,7210-11179,"9,195",1%,,Pune,Residential Multistorey Apartment
Aundh,Oct-Dec 2018,7272-11020,"9,146",1%,,Pune,Residential Multistorey Apartment
Aundh,Jul-Sep 2018,7300-11101,"9,200",0.20%,,Pune,Residential Multistorey Apartment
,,,,,,Pune,Residential Multistorey Apartment
Aundh Baner Link Road,Oct-Dec 2024,7897-12938,"10,418",2%,,Pune,Residential Multistorey Apartment
Aundh Baner Link Road,Jul-Sep 2024,7778-12584,"10,181",1%,,Pune,Residential Multistorey Apartment
Aundh Baner Link Road,Apr-Jun 2024,7737-12501,"10,119",4%,,Pune,Residential Multistorey Apartment
Aundh Baner Link Road,Jan-Mar 2024,7543-12009,"9,776",-,,Pune,Residential Multistorey Apartment
Aundh Baner Link Road,Oct-Dec 2023,7400-11800,"9,450",3%,,Pune,Residential Multistorey Apartment
Aundh Baner Link Road,Jul-Sep 2023,7250-11600,"9,175",3%,,Pune,Residential Multistorey Apartment
Aundh Baner Link Road,Apr-Jun 2023,7100-11400,"8,905",3%,,Pune,Residential Multistorey Apartment
Aundh Baner Link Road,Jan-Mar 2023,6950-11200,"8,630",3%,,Pune,Residential Multistorey Apartment
Aundh Baner Link Road,Oct-Dec 2022,6800-11000,"8,400",3%,,Pune,Residential Multistorey Apartment
Aundh Baner Link Road,Jul-Sep 2022,6650-10800,"8,160",3%,,Pune,Residential Multistorey Apartment
Aundh Baner Link Road,Apr-Jun 2022,6500-10600,"7,940",3%,,Pune,Residential Multistorey Apartment
Aundh Baner Link Road,Jan-Mar 2022,6350-10400,"7,725",3%,,Pune,Residential Multistorey Apartment
Aundh Baner Link Road,Oct-Dec 2021,6200-10200,"7,500",3%,,Pune,Residential Multistorey Apartment
Aundh Baner Link Road,Jul-Sep 2021,6050-10000,"7,275",3%,,Pune,Residential Multistorey Apartment
Aundh Baner Link Road,Apr-Jun 2021,5900-9800,"7,050",3%,,Pune,Residential Multistorey Apartment
Aundh Baner Link Road,Jan-Mar 2021,5750-9600,"6,825",3%,,Pune,Residential Multistorey Apartment
Aundh Baner Link Road,Oct-Dec 2020,5600-9400,"6,600",3%,,Pune,Residential Multistorey Apartment
Aundh Baner Link Road,Jul-Sep 2020,5450-9200,"6,375",3%,,Pune,Residential Multistorey Apartment
Aundh Baner Link Road,Apr-Jun 2020,5300-9000,"6,150",3%,,Pune,Residential Multistorey Apartment
Aundh Baner Link Road,Jan-Mar 2020,5150-8800,"5,925",3%,,Pune,Residential Multistorey Apartment
Aundh Baner Link Road,Oct-Dec 2019,5000-8600,"5,700",3%,,Pune,Residential Multistorey Apartment
Aundh Baner Link Road,Jul-Sep 2019,4850-8400,"5,475",3%,,Pune,Residential Multistorey Apartment
Aundh Baner Link Road,Apr-Jun 2019,4700-8200,"5,250",3%,,Pune,Residential Multistorey Apartment
Aundh Baner Link Road,Jan-Mar 2019,4550-8000,"5,025",3%,,Pune,Residential Multistorey Apartment
Aundh Baner Link Road,Oct-Dec 2018,4400-7800,"4,800",3%,,Pune,Residential Multistorey Apartment
Aundh Baner Link Road,Jul-Sep 2018,4250-7600,"4,575",3%,,Pune,Residential Multistorey Apartment
,,,,,,Pune,Residential Multistorey Apartment
Aundh Ravet BRTS Road,Oct-Dec 2024,6419-10808,"8,613",3%,,Pune,Residential Multistorey Apartment
Aundh Ravet BRTS Road,Jul-Sep 2024,6225-10506,"8,365",5%,,Pune,Residential Multistorey Apartment
Aundh Ravet BRTS Road,Apr-Jun 2024,5902-10091,"7,996",2%,,Pune,Residential Multistorey Apartment
Aundh Ravet BRTS Road,Jan-Mar 2024,5816-9926,"7,871",-,,Pune,Residential Multistorey Apartment
Aundh Ravet BRTS Road,Oct-Dec 2023,5840-9893,"7,866",-,,Pune,Residential Multistorey Apartment
Aundh Ravet BRTS Road,Jul-Sep 2023,5690-9650,"7,598",3%,,Pune,Residential Multistorey Apartment
Aundh Ravet BRTS Road,Apr-Jun 2023,5545-9400,"7,370",3%,,Pune,Residential Multistorey Apartment
Aundh Ravet BRTS Road,Jan-Mar 2023,5400-9200,"7,145",3%,,Pune,Residential Multistorey Apartment
Aundh Ravet BRTS Road,Oct-Dec 2022,5255-9000,"6,930",3%,,Pune,Residential Multistorey Apartment
Aundh Ravet BRTS Road,Jul-Sep 2022,5110-8800,"6,715",3%,,Pune,Residential Multistorey Apartment
Aundh Ravet BRTS Road,Apr-Jun 2022,4965-8600,"6,500",3%,,Pune,Residential Multistorey Apartment
Aundh Ravet BRTS Road,Jan-Mar 2022,4820-8400,"6,285",3%,,Pune,Residential Multistorey Apartment
Aundh Ravet BRTS Road,Oct-Dec 2021,4675-8200,"6,070",3%,,Pune,Residential Multistorey Apartment
Aundh Ravet BRTS Road,Jul-Sep 2021,4530-8000,"5,855",3%,,Pune,Residential Multistorey Apartment
Aundh Ravet BRTS Road,Apr-Jun 2021,4385-7800,"5,640",3%,,Pune,Residential Multistorey Apartment
Aundh Ravet BRTS Road,Jan-Mar 2021,4240-7600,"5,425",3%,,Pune,Residential Multistorey Apartment
Aundh Ravet BRTS Road,Oct-Dec 2020,4095-7400,"5,210",3%,,Pune,Residential Multistorey Apartment
Aundh Ravet BRTS Road,Jul-Sep 2020,3950-7200,"4,995",3%,,Pune,Residential Multistorey Apartment
Aundh Ravet BRTS Road,Apr-Jun 2020,3805-7000,"4,780",3%,,Pune,Residential Multistorey Apartment
Aundh Ravet BRTS Road,Jan-Mar 2020,3660-6800,"4,565",3%,,Pune,Residential Multistorey Apartment
Aundh Ravet BRTS Road,Oct-Dec 2019,3515-6600,"4,350",3%,,Pune,Residential Multistorey Apartment
Aundh Ravet BRTS Road,Jul-Sep 2019,3370-6400,"4,135",3%,,Pune,Residential Multistorey Apartment
Aundh Ravet BRTS Road,Apr-Jun 2019,3225-6200,"3,920",3%,,Pune,Residential Multistorey Apartment
Aundh Ravet BRTS Road,Jan-Mar 2019,3080-6000,"3,705",3%,,Pune,Residential Multistorey Apartment
Aundh Ravet BRTS Road,Oct-Dec 2018,2935-5800,"3,490",3%,,Pune,Residential Multistorey Apartment
Aundh Ravet BRTS Road,Jul-Sep 2018,2790-5600,"3,275",3%,,Pune,Residential Multistorey Apartment
,,,,,,Pune,Residential Multistorey Apartment
Aundh Road,Oct-Dec 2024,7664-12440,"10,052",2%,,Pune,Residential Multistorey Apartment
Aundh Road,Jul-Sep 2024,7540-12123,"9,831",1%,,Pune,Residential Multistorey Apartment
Aundh Road,Apr-Jun 2024,7463-12055,"9,759",3%,,Pune,Residential Multistorey Apartment
Aundh Road,Jan-Mar 2024,7292-11622,"9,457",2%,,Pune,Residential Multistorey Apartment
Aundh Road,Oct-Dec 2023,7144-11441,"9,292",35%,,Pune,Residential Multistorey Apartment
Aundh Road,Jul-Sep 2023,5236-8581,"6,908",1%,,Pune,Residential Multistorey Apartment
Aundh Road,Apr-Jun 2023,5508-8488,"6,998",3%,,Pune,Residential Multistorey Apartment
Aundh Road,Jan-Mar 2023,5400-8320,"6,750",3%,,Pune,Residential Multistorey Apartment
Aundh Road,Oct-Dec 2022,5300-8200,"6,550",3%,,Pune,Residential Multistorey Apartment
Aundh Road,Jul-Sep 2022,5200-8080,"6,350",3%,,Pune,Residential Multistorey Apartment
Aundh Road,Apr-Jun 2022,5100-7960,"6,150",3%,,Pune,Residential Multistorey Apartment
Aundh Road,Jan-Mar 2022,5000-7840,"5,950",3%,,Pune,Residential Multistorey Apartment
Aundh Road,Oct-Dec 2021,4900-7720,"5,750",3%,,Pune,Residential Multistorey Apartment
Aundh Road,Jul-Sep 2021,4800-7600,"5,550",3%,,Pune,Residential Multistorey Apartment
Aundh Road,Apr-Jun 2021,4700-7480,"5,350",3%,,Pune,Residential Multistorey Apartment
Aundh Road,Jan-Mar 2021,4600-7360,"5,150",3%,,Pune,Residential Multistorey Apartment
Aundh Road,Oct-Dec 2020,4500-7240,"4,950",3%,,Pune,Residential Multistorey Apartment
Aundh Road,Jul-Sep 2020,4400-7120,"4,750",3%,,Pune,Residential Multistorey Apartment
Aundh Road,Apr-Jun 2020,4300-7000,"4,550",3%,,Pune,Residential Multistorey Apartment
Aundh Road,Jan-Mar 2020,4200-6880,"4,350",3%,,Pune,Residential Multistorey Apartment
Aundh Road,Oct-Dec 2019,4100-6760,"4,150",3%,,Pune,Residential Multistorey Apartment
Aundh Road,Jul-Sep 2019,4000-6640,"3,950",3%,,Pune,Residential Multistorey Apartment
Aundh Road,Apr-Jun 2019,3900-6520,"3,750",3%,,Pune,Residential Multistorey Apartment
Aundh Road,Jan-Mar 2019,3800-6400,"3,550",3%,,Pune,Residential Multistorey Apartment
Aundh Road,Oct-Dec 2018,3700-6280,"3,350",3%,,Pune,Residential Multistorey Apartment
Aundh Road,Jul-Sep 2018,3600-6160,"3,150",3%,,Pune,Residential Multistorey Apartment
,,,,,,Pune,Residential Multistorey Apartment
Aundh Wakad Road,Oct-Dec 2024,7098-11490,"9,294",2%,,Pune,Residential Multistorey Apartment
Aundh Wakad Road,Jul-Sep 2024,7032-11229,"9,131",2%,,Pune,Residential Multistorey Apartment
Aundh Wakad Road,Apr-Jun 2024,6948-11024,"8,986",2%,,Pune,Residential Multistorey Apartment
Aundh Wakad Road,Jan-Mar 2024,6822-10783,"8,802",-,,Pune,Residential Multistorey Apartment
Aundh Wakad Road,Oct-Dec 2023,6720-10585,"8,625",-,,Pune,Residential Multistorey Apartment
Aundh Wakad Road,Jul-Sep 2023,6610-10388,"8,450",3%,,Pune,Residential Multistorey Apartment
Aundh Wakad Road,Apr-Jun 2023,6500-10200,"8,275",3%,,Pune,Residential Multistorey Apartment
Aundh Wakad Road,Jan-Mar 2023,6400-10015,"8,100",3%,,Pune,Residential Multistorey Apartment
Aundh Wakad Road,Oct-Dec 2022,6300-9880,"7,925",3%,,Pune,Residential Multistorey Apartment
Aundh Wakad Road,Jul-Sep 2022,6200-9750,"7,750",3%,,Pune,Residential Multistorey Apartment
Aundh Wakad Road,Apr-Jun 2022,6100-9625,"7,575",3%,,Pune,Residential Multistorey Apartment
Aundh Wakad Road,Jan-Mar 2022,6000-9500,"7,400",3%,,Pune,Residential Multistorey Apartment
Aundh Wakad Road,Oct-Dec 2021,5900-9375,"7,225",3%,,Pune,Residential Multistorey Apartment
Aundh Wakad Road,Jul-Sep 2021,5800-9250,"7,050",3%,,Pune,Residential Multistorey Apartment
Aundh Wakad Road,Apr-Jun 2021,5700-9125,"6,875",3%,,Pune,Residential Multistorey Apartment
Aundh Wakad Road,Jan-Mar 2021,5600-9000,"6,700",3%,,Pune,Residential Multistorey Apartment
Aundh Wakad Road,Oct-Dec 2020,5500-8875,"6,525",3%,,Pune,Residential Multistorey Apartment
Aundh Wakad Road,Jul-Sep 2020,5400-8750,"6,350",3%,,Pune,Residential Multistorey Apartment
Aundh Wakad Road,Apr-Jun 2020,5300-8625,"6,175",3%,,Pune,Residential Multistorey Apartment
Aundh Wakad Road,Jan-Mar 2020,5200-8500,"6,000",3%,,Pune,Residential Multistorey Apartment
Aundh Wakad Road,Oct-Dec 2019,5100-8375,"5,825",3%,,Pune,Residential Multistorey Apartment
Aundh Wakad Road,Jul-Sep 2019,5000-8250,"5,650",3%,,Pune,Residential Multistorey Apartment
Aundh Wakad Road,Apr-Jun 2019,4900-8125,"5,475",3%,,Pune,Residential Multistorey Apartment
Aundh Wakad Road,Jan-Mar 2019,4800-8000,"5,300",3%,,Pune,Residential Multistorey Apartment
Aundh Wakad Road,Oct-Dec 2018,4700-7875,"5,125",3%,,Pune,Residential Multistorey Apartment
Aundh Wakad Road,Jul-Sep 2018,4600-7750,"4,950",3%,,Pune,Residential Multistorey Apartment
,,,,,,Pune,Residential Multistorey Apartment
Awhalwadi Road,Oct-Dec 2024,4896-8426,"6,661",-,,Pune,Residential Multistorey Apartment
Awhalwadi Road,Jul-Sep 2024,4750-8270,"6,525",2%,,Pune,Residential Multistorey Apartment
Awhalwadi Road,Apr-Jun 2024,4650-8154,"6,402",4%,,Pune,Residential Multistorey Apartment
Awhalwadi Road,Jan-Mar 2024,4550-8030,"6,200",4%,,Pune,Residential Multistorey Apartment
Awhalwadi Road,Oct-Dec 2023,4491-7477,"5,984",3%,,Pune,Residential Multistorey Apartment
Awhalwadi Road,Jul-Sep 2023,4390-7350,"5,800",3%,,Pune,Residential Multistorey Apartment
Awhalwadi Road,Apr-Jun 2023,4290-7230,"5,620",3%,,Pune,Residential Multistorey Apartment
Awhalwadi Road,Jan-Mar 2023,4190-7110,"5,440",3%,,Pune,Residential Multistorey Apartment
Awhalwadi Road,Oct-Dec 2022,4090-6990,"5,260",3%,,Pune,Residential Multistorey Apartment
Awhalwadi Road,Jul-Sep 2022,3990-6870,"5,080",3%,,Pune,Residential Multistorey Apartment
Awhalwadi Road,Apr-Jun 2022,3890-6750,"4,900",3%,,Pune,Residential Multistorey Apartment
Awhalwadi Road,Jan-Mar 2022,3790-6630,"4,720",3%,,Pune,Residential Multistorey Apartment
Awhalwadi Road,Oct-Dec 2021,3690-6510,"4,540",3%,,Pune,Residential Multistorey Apartment
Awhalwadi Road,Jul-Sep 2021,3590-6390,"4,360",3%,,Pune,Residential Multistorey Apartment
Awhalwadi Road,Apr-Jun 2021,3490-6270,"4,180",3%,,Pune,Residential Multistorey Apartment
Awhalwadi Road,Jan-Mar 2021,3390-6150,"4,000",3%,,Pune,Residential Multistorey Apartment
Awhalwadi Road,Oct-Dec 2020,3290-6030,"3,820",3%,,Pune,Residential Multistorey Apartment
Awhalwadi Road,Jul-Sep 2020,3190-5910,"3,640",3%,,Pune,Residential Multistorey Apartment
Awhalwadi Road,Apr-Jun 2020,3090-5790,"3,460",3%,,Pune,Residential Multistorey Apartment
Awhalwadi Road,Jan-Mar 2020,2990-5670,"3,280",3%,,Pune,Residential Multistorey Apartment
Awhalwadi Road,Oct-Dec 2019,2890-5550,"3,100",3%,,Pune,Residential Multistorey Apartment
Awhalwadi Road,Jul-Sep 2019,2790-5430,"2,920",3%,,Pune,Residential Multistorey Apartment
Awhalwadi Road,Apr-Jun 2019,2690-5310,"2,740",3%,,Pune,Residential Multistorey Apartment
Awhalwadi Road,Jan-Mar 2019,2590-5190,"2,560",3%,,Pune,Residential Multistorey Apartment
Awhalwadi Road,Oct-Dec 2018,2490-5070,"2,380",3%,,Pune,Residential Multistorey Apartment
Awhalwadi Road,Jul-Sep 2018,2390-4950,"2,200",3%,,Pune,Residential Multistorey Apartment
,,,,,,Pune,Residential Multistorey Apartment
Balewadi,Oct-Dec 2024,8408-12570,"10,489",3%,,Pune,Residential Multistorey Apartment
Balewadi,Jul-Sep 2024,8125-12255,"10,190",2%,,Pune,Residential Multistorey Apartment
Balewadi,Apr-Jun 2024,7993-12045,"10,019",2%,,Pune,Residential Multistorey Apartment
Balewadi,Jan-Mar 2024,7844-11878,"9,861",3%,,Pune,Residential Multistorey Apartment
Balewadi,Oct-Dec 2023,7642-11533,"9,587",1%,,Pune,Residential Multistorey Apartment
Balewadi,Jul-Sep 2023,7547-11372,"9,459",3%,,Pune,Residential Multistorey Apartment
Balewadi,Apr-Jun 2023,7361-11078,"9,219",2%,,Pune,Residential Multistorey Apartment
Balewadi,Jan-Mar 2023,7189-10843,"9,016",2%,,Pune,Residential Multistorey Apartment
Balewadi,Oct-Dec 2022,7010-10728,"8,869",2%,,Pune,Residential Multistorey Apartment
Balewadi,Jul-Sep 2022,6843-10583,"8,713",4%,,Pune,Residential Multistorey Apartment
Balewadi,Apr-Jun 2022,6554-10174,"8,364",5%,,Pune,Residential Multistorey Apartment
Balewadi,Jan-Mar 2022,6152-9714,"7,933",2%,,Pune,Residential Multistorey Apartment
Balewadi,Oct-Dec 2021,5974-9505,"7,740",2%,,Pune,Residential Multistorey Apartment
Balewadi,Jul-Sep 2021,5939-9248,"7,594",2%,,Pune,Residential Multistorey Apartment
Balewadi,Apr-Jun 2021,5947-8885,"7,416",1%,,Pune,Residential Multistorey Apartment
Balewadi,Jan-Mar 2021,6078-8937,"7,508",2%,,Pune,Residential Multistorey Apartment
Balewadi,Oct-Dec 2020,5941-8708,"7,325",3%,,Pune,Residential Multistorey Apartment
Balewadi,Jul-Sep 2020,5860-8398,"7,129",3%,,Pune,Residential Multistorey Apartment
Balewadi,Apr-Jun 2020,5754-8155,"6,954",-,,Pune,Residential Multistorey Apartment
Balewadi,Jan-Mar 2020,5727-8191,"6,959",1%,,Pune,Residential Multistorey Apartment
Balewadi,Oct-Dec 2019,5734-8299,"7,017",1%,,Pune,Residential Multistorey Apartment
Balewadi,Jul-Sep 2019,5641-8219,"6,930",1%,,Pune,Residential Multistorey Apartment
Balewadi,Apr-Jun 2019,5609-8181,"6,895",1%,,Pune,Residential Multistorey Apartment
Balewadi,Jan-Mar 2019,5495-8193,"6,844",1%,,Pune,Residential Multistorey Apartment
Balewadi,Oct-Dec 2018,5629-8220,"6,924",3%,,Pune,Residential Multistorey Apartment
Balewadi,Jul-Sep 2018,5512-7980,"6,746",2%,,Pune,Residential Multistorey Apartment
,,,,,,Pune,Residential Multistorey Apartment
Balewadi Gaon,Oct-Dec 2024,8596-12569,"10,583",2%,,Pune,Residential Multistorey Apartment
Balewadi Gaon,Jul-Sep 2024,8442-12370,"10,406",3%,,Pune,Residential Multistorey Apartment
Balewadi Gaon,Apr-Jun 2024,8325-11923,"10,124",2%,,Pune,Residential Multistorey Apartment
Balewadi Gaon,Jan-Mar 2024,8032-11794,"9,913",1%,,Pune,Residential Multistorey Apartment
Balewadi Gaon,Oct-Dec 2023,7866-11824,"9,845",3%,,Pune,Residential Multistorey Apartment
Balewadi Gaon,Jul-Sep 2023,7737-11340,"9,539",4%,,Pune,Residential Multistorey Apartment
Balewadi Gaon,Apr-Jun 2023,7452-10946,"9,199",1%,,Pune,Residential Multistorey Apartment
Balewadi Gaon,Jan-Mar 2023,7393-10821,"9,107",0.20%,,Pune,Residential Multistorey Apartment
Balewadi Gaon,Oct-Dec 2022,7327-10854,"9,090",3%,,Pune,Residential Multistorey Apartment
Balewadi Gaon,Jul-Sep 2022,7147-10530,"8,839",4%,,Pune,Residential Multistorey Apartment
Balewadi Gaon,Apr-Jun 2022,6890-10054,"8,472",3%,,Pune,Residential Multistorey Apartment
Balewadi Gaon,Jan-Mar 2022,6598-9785,"8,192",1%,,Pune,Residential Multistorey Apartment
Balewadi Gaon,Oct-Dec 2021,6438-9760,"8,099",2%,,Pune,Residential Multistorey Apartment
Balewadi Gaon,Jul-Sep 2021,6316-9612,"7,964",1%,,Pune,Residential Multistorey Apartment
Balewadi Gaon,Apr-Jun 2021,6345-9387,"7,866",1%,,Pune,Residential Multistorey Apartment
Balewadi Gaon,Jan-Mar 2021,6402-9231,"7,817",3%,,Pune,Residential Multistorey Apartment
Balewadi Gaon,Oct-Dec 2020,6230-9017,"7,624",7%,,Pune,Residential Multistorey Apartment
Balewadi Gaon,Jul-Sep 2020,5975-8311,"7,143",1%,,Pune,Residential Multistorey Apartment
Balewadi Gaon,Apr-Jun 2020,5920-8286,"7,103",0.30%,,Pune,Residential Multistorey Apartment
Balewadi Gaon,Jan-Mar 2020,5878-8290,"7,084",3%,,Pune,Residential Multistorey Apartment
Balewadi Gaon,Oct-Dec 2019,5721-8016,"6,868",2%,,Pune,Residential Multistorey Apartment
Balewadi Gaon,Jul-Sep 2019,5695-8350,"7,022",2%,,Pune,Residential Multistorey Apartment
Balewadi Gaon,Apr-Jun 2019,5677-8666,"7,171",2%,,Pune,Residential Multistorey Apartment
Balewadi Gaon,Jan-Mar 2019,5565-8462,"7,014",4%,,Pune,Residential Multistorey Apartment
Balewadi Gaon,Oct-Dec 2018,5883-8693,"7,288",4%,,Pune,Residential Multistorey Apartment
Balewadi Gaon,Jul-Sep 2018,5756-8296,"7,026",3%,,Pune,Residential Multistorey Apartment
,,,,,,Pune,Residential Multistorey Apartment
Balewadi Gaon Road,Oct-Dec 2024,8409-12540,"10,475",3%,,Pune,Residential Multistorey Apartment
Balewadi Gaon Road,Jul-Sep 2024,8156-12257,"10,206",2.50%,,Pune,Residential Multistorey Apartment
Balewadi Gaon Road,Apr-Jun 2024,7900-11960,"9,950",3%,,Pune,Residential Multistorey Apartment
Balewadi Gaon Road,Jan-Mar 2024,7650-11650,"9,690",3%,,Pune,Residential Multistorey Apartment
Balewadi Gaon Road,Oct-Dec 2023,7400-11320,"9,420",3%,,Pune,Residential Multistorey Apartment
Balewadi Gaon Road,Jul-Sep 2023,7150-10980,"9,150",3%,,Pune,Residential Multistorey Apartment
Balewadi Gaon Road,Apr-Jun 2023,6900-10640,"8,880",3%,,Pune,Residential Multistorey Apartment
Balewadi Gaon Road,Jan-Mar 2023,6650-10280,"8,610",3%,,Pune,Residential Multistorey Apartment
Balewadi Gaon Road,Oct-Dec 2022,6400-9960,"8,340",3%,,Pune,Residential Multistorey Apartment
Balewadi Gaon Road,Jul-Sep 2022,6150-9730,"8,070",3%,,Pune,Residential Multistorey Apartment
Balewadi Gaon Road,Apr-Jun 2022,5900-9500,"7,800",3%,,Pune,Residential Multistorey Apartment
Balewadi Gaon Road,Jan-Mar 2022,5650-9260,"7,530",3%,,Pune,Residential Multistorey Apartment
Balewadi Gaon Road,Oct-Dec 2021,5400-9020,"7,260",3%,,Pune,Residential Multistorey Apartment
Balewadi Gaon Road,Jul-Sep 2021,5150-8780,"6,990",3%,,Pune,Residential Multistorey Apartment
Balewadi Gaon Road,Apr-Jun 2021,4900-8540,"6,720",3%,,Pune,Residential Multistorey Apartment
Balewadi Gaon Road,Jan-Mar 2021,4650-8300,"6,450",3%,,Pune,Residential Multistorey Apartment
Balewadi Gaon Road,Oct-Dec 2020,4400-8060,"6,180",3%,,Pune,Residential Multistorey Apartment
Balewadi Gaon Road,Jul-Sep 2020,4150-7820,"5,910",3%,,Pune,Residential Multistorey Apartment
Balewadi Gaon Road,Apr-Jun 2020,3900-7580,"5,640",3%,,Pune,Residential Multistorey Apartment
Balewadi Gaon Road,Jan-Mar 2020,3650-7340,"5,370",3%,,Pune,Residential Multistorey Apartment
Balewadi Gaon Road,Oct-Dec 2019,3400-7100,"5,100",3%,,Pune,Residential Multistorey Apartment
Balewadi Gaon Road,Jul-Sep 2019,3150-6860,"4,830",3%,,Pune,Residential Multistorey Apartment
Balewadi Gaon Road,Apr-Jun 2019,2900-6620,"4,560",3%,,Pune,Residential Multistorey Apartment
Balewadi Gaon Road,Jan-Mar 2019,2650-6380,"4,290",3%,,Pune,Residential Multistorey Apartment
Balewadi Gaon Road,Oct-Dec 2018,2400-6140,"4,020",3%,,Pune,Residential Multistorey Apartment
Balewadi Gaon Road,Jul-Sep 2018,2150-5900,"3,750",3%,,Pune,Residential Multistorey Apartment
,,,,,,Pune,Residential Multistorey Apartment
Balewadi Phata,Oct-Dec 2024,7677-11635,"10,400",,,Pune,Residential Multistorey Apartment
Balewadi Phata,Jul-Sep 2024,7677-11636,"10,300",,,Pune,Residential Multistorey Apartment
Balewadi Phata,Apr-Jun 2024,7913-12655,"10,284",1%,,Pune,Residential Multistorey Apartment
Balewadi Phata,Jan-Mar 2024,7902-12793,"10,347",6%,,Pune,Residential Multistorey Apartment
Balewadi Phata,Oct-Dec 2023,7365-12094,"9,730",13%,,Pune,Residential Multistorey Apartment
Balewadi Phata,Jul-Sep 2023,6743-10460,"8,602",1%,,Pune,Residential Multistorey Apartment
Balewadi Phata,Apr-Jun 2023,6967-10483,"8,725",1%,,Pune,Residential Multistorey Apartment
Balewadi Phata,Jan-Mar 2023,6977-10675,"8,826",15%,,Pune,Residential Multistorey Apartment
Balewadi Phata,Oct-Dec 2022,6662-8698,"7,680",3%,,Pune,Residential Multistorey Apartment
Balewadi Phata,Jul-Sep 2022,6167-9667,"7,917",1%,,Pune,Residential Multistorey Apartment
Balewadi Phata,Apr-Jun 2022,5981-9665,"7,823",3%,,Pune,Residential Multistorey Apartment
Balewadi Phata,Jan-Mar 2022,6086-10026,"8,056",7%,,Pune,Residential Multistorey Apartment
Balewadi Phata,Oct-Dec 2021,6066-9028,"7,547",1%,,Pune,Residential Multistorey Apartment
Balewadi Phata,Jul-Sep 2021,6053-9184,"7,619",2%,,Pune,Residential Multistorey Apartment
Balewadi Phata,Apr-Jun 2021,6125-8797,"7,461",1%,,Pune,Residential Multistorey Apartment
Balewadi Phata,Jan-Mar 2021,5822-9177,"7,499",3%,,Pune,Residential Multistorey Apartment
Balewadi Phata,Oct-Dec 2020,6022-9383,"7,703",2%,,Pune,Residential Multistorey Apartment
Balewadi Phata,Jul-Sep 2020,6120-9007,"7,563",1%,,Pune,Residential Multistorey Apartment
Balewadi Phata,Apr-Jun 2020,6308-9003,"7,656",2%,,Pune,Residential Multistorey Apartment
Balewadi Phata,Jan-Mar 2020,6152-8890,"7,521",0.10%,,Pune,Residential Multistorey Apartment
Balewadi Phata,Oct-Dec 2019,6311-8749,"7,530",2%,,Pune,Residential Multistorey Apartment
Balewadi Phata,Jul-Sep 2019,5930-8811,"7,370",1%,,Pune,Residential Multistorey Apartment
Balewadi Phata,Apr-Jun 2019,5940-8968,"7,454",0.30%,,Pune,Residential Multistorey Apartment
Balewadi Phata,Jan-Mar 2019,5898-9063,"7,480",1%,,Pune,Residential Multistorey Apartment
Balewadi Phata,Oct-Dec 2018,6013-8783,"7,398",2%,,Pune,Residential Multistorey Apartment
Balewadi Phata,Jul-Sep 2018,5921-8544,"7,232",2%,,Pune,Residential Multistorey Apartment
,,,,,,Pune,Residential Multistorey Apartment
Baner,Oct-Dec 2024,7774-12571,"10,172",2%,,Pune,Residential Multistorey Apartment
Baner,Jul-Sep 2024,7673-12251,"9,962",1%,,Pune,Residential Multistorey Apartment
Baner,Apr-Jun 2024,7641-12100,"9,870",3%,,Pune,Residential Multistorey Apartment
Baner,Jan-Mar 2024,7457-11766,"9,611",1%,,Pune,Residential Multistorey Apartment
Baner,Oct-Dec 2023,7356-11617,"9,487",0.20%,,Pune,Residential Multistorey Apartment
Baner,Jul-Sep 2023,7388-11624,"9,506",2%,,Pune,Residential Multistorey Apartment
Baner,Apr-Jun 2023,7203-11406,"9,305",1%,,Pune,Residential Multistorey Apartment
Baner,Jan-Mar 2023,7137-11271,"9,204",2%,,Pune,Residential Multistorey Apartment
Baner,Oct-Dec 2022,7011-11117,"9,064",2%,,Pune,Residential Multistorey Apartment
Baner,Jul-Sep 2022,6834-10855,"8,844",4%,,Pune,Residential Multistorey Apartment
Baner,Apr-Jun 2022,6615-10420,"8,517",3%,,Pune,Residential Multistorey Apartment
Baner,Jan-Mar 2022,6462-10157,"8,309",2%,,Pune,Residential Multistorey Apartment
Baner,Oct-Dec 2021,6401-9967,"8,184",2%,,Pune,Residential Multistorey Apartment
Baner,Jul-Sep 2021,6263-9788,"8,025",3%,,Pune,Residential Multistorey Apartment
Baner,Apr-Jun 2021,6084-9473,"7,778",1%,,Pune,Residential Multistorey Apartment
Baner,Jan-Mar 2021,6072-9407,"7,739",1%,,Pune,Residential Multistorey Apartment
Baner,Oct-Dec 2020,6205-9474,"7,839",1%,,Pune,Residential Multistorey Apartment
Baner,Jul-Sep 2020,6179-9380,"7,780",1%,,Pune,Residential Multistorey Apartment
Baner,Apr-Jun 2020,6122-9331,"7,727",0.30%,,Pune,Residential Multistorey Apartment
Baner,Jan-Mar 2020,6083-9322,"7,702",0.30%,,Pune,Residential Multistorey Apartment
Baner,Oct-Dec 2019,6095-9352,"7,723",2%,,Pune,Residential Multistorey Apartment
Baner,Jul-Sep 2019,5945-9258,"7,602",1%,,Pune,Residential Multistorey Apartment
Baner,Apr-Jun 2019,5877-9123,"7,500",1%,,Pune,Residential Multistorey Apartment
Baner,Jan-Mar 2019,5816-9074,"7,445",8%,,Pune,Residential Multistorey Apartment
Baner,Oct-Dec 2018,5384-8445,"7,400",6%,,Pune,Residential Multistorey Apartment
Baner,Jul-Sep 2018,5825-8843,"7,334",0.50%,,Pune,Residential Multistorey Apartment
,,,,,,Pune,Residential Multistorey Apartment
Baner Aundh Road,Oct-Dec 2024,7852-12702,"10,277",2%,,Pune,Residential Multistorey Apartment
Baner Aundh Road,Jul-Sep 2024,7736-12418,"10,077",1%,,Pune,Residential Multistorey Apartment
Baner Aundh Road,Apr-Jun 2024,7658-12272,"9,965",2%,,Pune,Residential Multistorey Apartment
Baner Aundh Road,Jan-Mar 2024,7580-12150,"9,767",3%,,Pune,Residential Multistorey Apartment
Baner Aundh Road,Oct-Dec 2023,7377-11731,"9,554",3%,,Pune,Residential Multistorey Apartment
Baner Aundh Road,Jul-Sep 2023,7180-11500,"9,330",3%,,Pune,Residential Multistorey Apartment
Baner Aundh Road,Apr-Jun 2023,6980-11280,"9,106",3%,,Pune,Residential Multistorey Apartment
Baner Aundh Road,Jan-Mar 2023,6780-11060,"8,883",3%,,Pune,Residential Multistorey Apartment
Baner Aundh Road,Oct-Dec 2022,6580-10840,"8,660",3%,,Pune,Residential Multistorey Apartment
Baner Aundh Road,Jul-Sep 2022,6380-10620,"8,437",3%,,Pune,Residential Multistorey Apartment
Baner Aundh Road,Apr-Jun 2022,6180-10400,"8,214",3%,,Pune,Residential Multistorey Apartment
Baner Aundh Road,Jan-Mar 2022,5980-10180,"7,991",3%,,Pune,Residential Multistorey Apartment
Baner Aundh Road,Oct-Dec 2021,5780-9960,"7,768",3%,,Pune,Residential Multistorey Apartment
Baner Aundh Road,Jul-Sep 2021,5580-9740,"7,545",3%,,Pune,Residential Multistorey Apartment
Baner Aundh Road,Apr-Jun 2021,5380-9520,"7,322",3%,,Pune,Residential Multistorey Apartment
Baner Aundh Road,Jan-Mar 2021,5180-9300,"7,099",3%,,Pune,Residential Multistorey Apartment
Baner Aundh Road,Oct-Dec 2020,4980-9080,"6,876",3%,,Pune,Residential Multistorey Apartment
Baner Aundh Road,Jul-Sep 2020,4780-8860,"6,653",3%,,Pune,Residential Multistorey Apartment
Baner Aundh Road,Apr-Jun 2020,4580-8640,"6,430",3%,,Pune,Residential Multistorey Apartment
Baner Aundh Road,Jan-Mar 2020,4380-8420,"6,207",3%,,Pune,Residential Multistorey Apartment
Baner Aundh Road,Oct-Dec 2019,4180-8200,"5,984",3%,,Pune,Residential Multistorey Apartment
Baner Aundh Road,Jul-Sep 2019,3980-7980,"5,761",3%,,Pune,Residential Multistorey Apartment
Baner Aundh Road,Apr-Jun 2019,3780-7760,"5,538",3%,,Pune,Residential Multistorey Apartment
Baner Aundh Road,Jan-Mar 2019,3580-7540,"5,315",3%,,Pune,Residential Multistorey Apartment
Baner Aundh Road,Oct-Dec 2018,3380-7320,"5,092",3%,,Pune,Residential Multistorey Apartment
Baner Aundh Road,Jul-Sep 2018,3180-7100,"4,869",3%,,Pune,Residential Multistorey Apartment
,,,,,,Pune,Residential Multistorey Apartment
Baner Balewadi Road,Oct-Dec 2024,8038-12584,"10,311",3%,,Pune,Residential Multistorey Apartment
Baner Balewadi Road,Jul-Sep 2024,7866-12246,"10,056",1%,,Pune,Residential Multistorey Apartment
Baner Balewadi Road,Apr-Jun 2024,7789-12095,"9,942",2%,,Pune,Residential Multistorey Apartment
Baner Balewadi Road,Jan-Mar 2024,7602-11816,"9,709",2%,,Pune,Residential Multistorey Apartment
Baner Balewadi Road,Oct-Dec 2023,7445-11544,"9,495",1%,,Pune,Residential Multistorey Apartment
Baner Balewadi Road,Jul-Sep 2023,7429-11425,"9,427",2%,,Pune,Residential Multistorey Apartment
Baner Balewadi Road,Apr-Jun 2023,7247-11194,"9,221",2%,,Pune,Residential Multistorey Apartment
Baner Balewadi Road,Jan-Mar 2023,7064-10960,"9,092",2%,,Pune,Residential Multistorey Apartment
Baner Balewadi Road,Oct-Dec 2022,6882-10730,"8,963",2%,,Pune,Residential Multistorey Apartment
Baner Balewadi Road,Jul-Sep 2022,6700-10499,"8,834",2%,,Pune,Residential Multistorey Apartment
Baner Balewadi Road,Apr-Jun 2022,6518-10268,"8,705",2%,,Pune,Residential Multistorey Apartment
Baner Balewadi Road,Jan-Mar 2022,6336-10037,"8,576",2%,,Pune,Residential Multistorey Apartment
Baner Balewadi Road,Oct-Dec 2021,6154-9826,"8,447",2%,,Pune,Residential Multistorey Apartment
Baner Balewadi Road,Jul-Sep 2021,5972-9600,"8,318",2%,,Pune,Residential Multistorey Apartment
Baner Balewadi Road,Apr-Jun 2021,5790-9374,"8,189",2%,,Pune,Residential Multistorey Apartment
Baner Balewadi Road,Jan-Mar 2021,5608-9148,"8,060",2%,,Pune,Residential Multistorey Apartment
Baner Balewadi Road,Oct-Dec 2020,5426-8922,"7,931",2%,,Pune,Residential Multistorey Apartment
Baner Balewadi Road,Jul-Sep 2020,5244-8696,"7,802",2%,,Pune,Residential Multistorey Apartment
Baner Balewadi Road,Apr-Jun 2020,5062-8470,"7,673",2%,,Pune,Residential Multistorey Apartment
Baner Balewadi Road,Jan-Mar 2020,4880-8244,"7,544",2%,,Pune,Residential Multistorey Apartment
Baner Balewadi Road,Oct-Dec 2019,4698-8018,"7,415",2%,,Pune,Residential Multistorey Apartment
Baner Balewadi Road,Jul-Sep 2019,4516-7792,"7,286",2%,,Pune,Residential Multistorey Apartment
Baner Balewadi Road,Apr-Jun 2019,4334-7566,"7,157",2%,,Pune,Residential Multistorey Apartment
Baner Balewadi Road,Jan-Mar 2019,4152-7340,"7,028",2%,,Pune,Residential Multistorey Apartment
Baner Balewadi Road,Oct-Dec 2018,3970-7114,"6,899",2%,,Pune,Residential Multistorey Apartment
Baner Balewadi Road,Jul-Sep 2018,3788-6888,"6,770",2%,,Pune,Residential Multistorey Apartment
,,,,,,Pune,Residential Multistorey Apartment
Baner Gaon,Oct-Dec 2024,8416-12823,"10,620",0.30%,,Pune,Residential Multistorey Apartment
Baner Gaon,Jul-Sep 2024,8496-12803,"10,649",2%,,Pune,Residential Multistorey Apartment
Baner Gaon,Apr-Jun 2024,8400-13370,"10,885",11%,,Pune,Residential Multistorey Apartment
Baner Gaon,Jan-Mar 2024,7620-11946,"9,783",2%,,Pune,Residential Multistorey Apartment
Baner Gaon,Oct-Dec 2023,7360-11894,"9,627",1%,,Pune,Residential Multistorey Apartment
Baner Gaon,Jul-Sep 2023,7509-11635,"9,572",3%,,Pune,Residential Multistorey Apartment
Baner Gaon,Apr-Jun 2023,7295-11257,"9,276",2%,,Pune,Residential Multistorey Apartment
Baner Gaon,Jan-Mar 2023,7218-11049,"9,133",-,,Pune,Residential Multistorey Apartment
Baner Gaon,Oct-Dec 2022,7008-11252,"9,130",7%,,Pune,Residential Multistorey Apartment
Baner Gaon,Jul-Sep 2022,6866-10199,"8,533",0.20%,,Pune,Residential Multistorey Apartment
Baner Gaon,Apr-Jun 2022,6913-10191,"8,552",3%,,Pune,Residential Multistorey Apartment
Baner Gaon,Jan-Mar 2022,6655-9933,"8,294",3%,,Pune,Residential Multistorey Apartment
Baner Gaon,Oct-Dec 2021,6447-9628,"8,037",1%,,Pune,Residential Multistorey Apartment
Baner Gaon,Jul-Sep 2021,6335-9582,"7,959",0.20%,,Pune,Residential Multistorey Apartment
Baner Gaon,Apr-Jun 2021,6313-9642,"7,978",0.30%,,Pune,Residential Multistorey Apartment
Baner Gaon,Jan-Mar 2021,6336-9673,"8,004",1%,,Pune,Residential Multistorey Apartment
Baner Gaon,Oct-Dec 2020,6204-9965,"8,084",1%,,Pune,Residential Multistorey Apartment
Baner Gaon,Jul-Sep 2020,6350-9961,"8,155",3%,,Pune,Residential Multistorey Apartment
Baner Gaon,Apr-Jun 2020,6338-9421,"7,880",5%,,Pune,Residential Multistorey Apartment
Baner Gaon,Jan-Mar 2020,5976-8985,"7,481",4%,,Pune,Residential Multistorey Apartment
Baner Gaon,Oct-Dec 2019,6255-9323,"7,789",4%,,Pune,Residential Multistorey Apartment
Baner Gaon,Jul-Sep 2019,6382-9776,"8,079",6%,,Pune,Residential Multistorey Apartment
Baner Gaon,Apr-Jun 2019,6108-9198,"7,653",0.40%,,Pune,Residential Multistorey Apartment
Baner Gaon,Jan-Mar 2019,5946-9296,"7,621",4%,,Pune,Residential Multistorey Apartment
Baner Gaon,Oct-Dec 2018,5815-8786,"7,300",3%,,Pune,Residential Multistorey Apartment
Baner Gaon,Jul-Sep 2018,5694-8489,"7,092",1%,,Pune,Residential Multistorey Apartment
,,,,,,Pune,Residential Multistorey Apartment
Baner Mahalunge Road,Oct-Dec 2024,7474-11983,"9,728",2%,,Pune,Residential Multistorey Apartment
Baner Mahalunge Road,Jul-Sep 2024,7377-11716,"9,546",1%,,Pune,Residential Multistorey Apartment
Baner Mahalunge Road,Apr-Jun 2024,7262-11552,"9,407",2%,,Pune,Residential Multistorey Apartment
Baner Mahalunge Road,Jan-Mar 2024,7146-11257,"9,201",2%,,Pune,Residential Multistorey Apartment
Baner Mahalunge Road,Oct-Dec 2023,6989-11092,"9,040",2%,,Pune,Residential Multistorey Apartment
Baner Mahalunge Road,Jul-Sep 2023,6882-10922,"8,895",2%,,Pune,Residential Multistorey Apartment
Baner Mahalunge Road,Apr-Jun 2023,6775-10752,"8,750",2%,,Pune,Residential Multistorey Apartment
Baner Mahalunge Road,Jan-Mar 2023,6668-10583,"8,605",2%,,Pune,Residential Multistorey Apartment
Baner Mahalunge Road,Oct-Dec 2022,6561-10413,"8,460",2%,,Pune,Residential Multistorey Apartment
Baner Mahalunge Road,Jul-Sep 2022,6454-10243,"8,315",2%,,Pune,Residential Multistorey Apartment
Baner Mahalunge Road,Apr-Jun 2022,6347-10073,"8,170",2%,,Pune,Residential Multistorey Apartment
Baner Mahalunge Road,Jan-Mar 2022,6240-9912,"8,025",2%,,Pune,Residential Multistorey Apartment
Baner Mahalunge Road,Oct-Dec 2021,6133-9732,"7,880",2%,,Pune,Residential Multistorey Apartment
Baner Mahalunge Road,Jul-Sep 2021,6026-9552,"7,735",2%,,Pune,Residential Multistorey Apartment
Baner Mahalunge Road,Apr-Jun 2021,5919-9372,"7,590",2%,,Pune,Residential Multistorey Apartment
Baner Mahalunge Road,Jan-Mar 2021,5812-9192,"7,445",2%,,Pune,Residential Multistorey Apartment
Baner Mahalunge Road,Oct-Dec 2020,5705-9012,"7,300",2%,,Pune,Residential Multistorey Apartment
Baner Mahalunge Road,Jul-Sep 2020,5598-8833,"7,155",2%,,Pune,Residential Multistorey Apartment
Baner Mahalunge Road,Apr-Jun 2020,5491-8654,"7,010",2%,,Pune,Residential Multistorey Apartment
Baner Mahalunge Road,Jan-Mar 2020,5384-8475,"6,865",2%,,Pune,Residential Multistorey Apartment
Baner Mahalunge Road,Oct-Dec 2019,5277-8296,"6,720",2%,,Pune,Residential Multistorey Apartment
Baner Mahalunge Road,Jul-Sep 2019,5170-8117,"6,575",2%,,Pune,Residential Multistorey Apartment
Baner Mahalunge Road,Apr-Jun 2019,5063-7938,"6,430",2%,,Pune,Residential Multistorey Apartment
Baner Mahalunge Road,Jan-Mar 2019,4956-7759,"6,285",2%,,Pune,Residential Multistorey Apartment
Baner Mahalunge Road,Oct-Dec 2018,4849-7580,"6,140",2%,,Pune,Residential Multistorey Apartment
Baner Mahalunge Road,Jul-Sep 2018,4742-7401,"5,995",2%,,Pune,Residential Multistorey Apartment
,,,,,,Pune,Residential Multistorey Apartment
Baner Pashan Link Road,Oct-Dec 2024,7738-11885,"9,811",1%,,Pune,Residential Multistorey Apartment
Baner Pashan Link Road,Jul-Sep 2024,7609-11758,"9,684",2%,,Pune,Residential Multistorey Apartment
Baner Pashan Link Road,Apr-Jun 2024,7407-11517,"9,462",3%,,Pune,Residential Multistorey Apartment
Baner Pashan Link Road,Jan-Mar 2024,7254-11169,"9,212",0.20%,,Pune,Residential Multistorey Apartment
Baner Pashan Link Road,Oct-Dec 2023,7179-11200,"9,190",3%,,Pune,Residential Multistorey Apartment
Baner Pashan Link Road,Jul-Sep 2023,6990-10886,"8,938",1%,,Pune,Residential Multistorey Apartment
Baner Pashan Link Road,Apr-Jun 2023,6946-10731,"8,839",6%,,Pune,Residential Multistorey Apartment
Baner Pashan Link Road,Jan-Mar 2023,6600-10032,"8,316",3%,,Pune,Residential Multistorey Apartment
Baner Pashan Link Road,Oct-Dec 2022,6791-10303,"8,547",2%,,Pune,Residential Multistorey Apartment
Baner Pashan Link Road,Jul-Sep 2022,6638-10132,"8,385",3%,,Pune,Residential Multistorey Apartment
Baner Pashan Link Road,Apr-Jun 2022,6915-10346,"8,630",3%,,Pune,Residential Multistorey Apartment
Baner Pashan Link Road,Jan-Mar 2022,6778-9939,"8,358",1%,,Pune,Residential Multistorey Apartment
Baner Pashan Link Road,Oct-Dec 2021,6802-10093,"8,448",0.20%,,Pune,Residential Multistorey Apartment
Baner Pashan Link Road,Jul-Sep 2021,6756-10179,"8,468",-,,Pune,Residential Multistorey Apartment
Baner Pashan Link Road,Apr-Jun 2021,6761-10162,"8,462",0.40%,,Pune,Residential Multistorey Apartment
Baner Pashan Link Road,Jan-Mar 2021,6803-10055,"8,429",0.20%,,Pune,Residential Multistorey Apartment
Baner Pashan Link Road,Oct-Dec 2020,7067-9830,"8,449",1%,,Pune,Residential Multistorey Apartment
Baner Pashan Link Road,Jul-Sep 2020,7119-9567,"8,343",3%,,Pune,Residential Multistorey Apartment
Baner Pashan Link Road,Apr-Jun 2020,6935-9245,"8,090",1%,,Pune,Residential Multistorey Apartment
Baner Pashan Link Road,Jan-Mar 2020,6694-9270,"7,982",2%,,Pune,Residential Multistorey Apartment
Baner Pashan Link Road,Oct-Dec 2019,6616-9095,"7,856",1%,,Pune,Residential Multistorey Apartment
Baner Pashan Link Road,Jul-Sep 2019,6506-9116,"7,811",1%,,Pune,Residential Multistorey Apartment
Baner Pashan Link Road,Apr-Jun 2019,6384-9134,"7,759",1%,,Pune,Residential Multistorey Apartment
Baner Pashan Link Road,Jan-Mar 2019,6376-9020,"7,698",,,Pune,Residential Multistorey Apartment
Baner Pashan Link Road,Oct-Dec 2018,6379-9008,"7,693",1%,,Pune,Residential Multistorey Apartment
Baner Pashan Link Road,Jul-Sep 2018,6438-8818,"7,628",2%,,Pune,Residential Multistorey Apartment
,,,,,,Pune,Residential Multistorey Apartment
Baner Road,Oct-Dec 2024,7508-12116,"9,812",2%,,Pune,Residential Multistorey Apartment
Baner Road,Jul-Sep 2024,7392-11796,"9,594",1%,,Pune,Residential Multistorey Apartment
Baner Road,Apr-Jun 2024,7277-11707,"9,492",3%,,Pune,Residential Multistorey Apartment
Baner Road,Jan-Mar 2024,7125-11274,"9,200",2%,,Pune,Residential Multistorey Apartment
Baner Road,Oct-Dec 2023,6969-11085,"9,027",0.20%,,Pune,Residential Multistorey Apartment
Baner Road,Jul-Sep 2023,6963-11049,"9,006",2%,,Pune,Residential Multistorey Apartment
Baner Road,Apr-Jun 2023,6802-10839,"8,821",9%,,Pune,Residential Multistorey Apartment
Baner Road,Jan-Mar 2023,6460-9718,"8,089",1%,,Pune,Residential Multistorey Apartment
Baner Road,Oct-Dec 2022,6312-9670,"7,991",2%,,Pune,Residential Multistorey Apartment
Baner Road,Jul-Sep 2022,6165-9547,"7,856",1%,,Pune,Residential Multistorey Apartment
Baner Road,Apr-Jun 2022,5874-9621,"7,747",5%,,Pune,Residential Multistorey Apartment
Baner Road,Jan-Mar 2022,5838-8881,"7,359",2%,,Pune,Residential Multistorey Apartment
Baner Road,Oct-Dec 2021,5785-8678,"7,232",1%,,Pune,Residential Multistorey Apartment
Baner Road,Jul-Sep 2021,5653-8630,"7,142",1%,,Pune,Residential Multistorey Apartment
Baner Road,Apr-Jun 2021,5567-8612,"7,089",2%,,Pune,Residential Multistorey Apartment
Baner Road,Jan-Mar 2021,5546-8377,"6,961",5%,,Pune,Residential Multistorey Apartment
Baner Road,Oct-Dec 2020,5447-7810,"6,629",6%,,Pune,Residential Multistorey Apartment
Baner Road,Jul-Sep 2020,5765-8369,"7,067",2%,,Pune,Residential Multistorey Apartment
Baner Road,Apr-Jun 2020,5675-8783,"7,229",2%,,Pune,Residential Multistorey Apartment
Baner Road,Jan-Mar 2020,5720-9019,"7,370",2%,,Pune,Residential Multistorey Apartment
Baner Road,Oct-Dec 2019,5681-8759,"7,220",3%,,Pune,Residential Multistorey Apartment
Baner Road,Jul-Sep 2019,5763-9147,"7,455",3%,,Pune,Residential Multistorey Apartment
Baner Road,Apr-Jun 2019,5738-8701,"7,220",2%,,Pune,Residential Multistorey Apartment
Baner Road,Jan-Mar 2019,5592-8555,"7,074",3%,,Pune,Residential Multistorey Apartment
Baner Road,Oct-Dec 2018,5741-8857,"7,299",0.30%,,Pune,Residential Multistorey Apartment
Baner Road,Jul-Sep 2018,5662-8977,"7,319",7%,,Pune,Residential Multistorey Apartment
,,,,,,Pune,Residential Multistorey Apartment
Bavdhan,Oct-Dec 2024,6712-10350,"8,531",1%,,Pune,Residential Multistorey Apartment
Bavdhan,Jul-Sep 2024,6688-10152,"8,420",1%,,Pune,Residential Multistorey Apartment
Bavdhan,Apr-Jun 2024,6572-10061,"8,317",2%,,Pune,Residential Multistorey Apartment
Bavdhan,Jan-Mar 2024,6403-9919,"8,161",2%,,Pune,Residential Multistorey Apartment
Bavdhan,Oct-Dec 2023,6430-9608,"8,019",1%,,Pune,Residential Multistorey Apartment
Bavdhan,Jul-Sep 2023,6318-9600,"7,959",3%,,Pune,Residential Multistorey Apartment
Bavdhan,Apr-Jun 2023,6187-9333,"7,760",2%,,Pune,Residential Multistorey Apartment
Bavdhan,Jan-Mar 2023,5951-9193,"7,572",1%,,Pune,Residential Multistorey Apartment
Bavdhan,Oct-Dec 2022,5942-9055,"7,499",2%,,Pune,Residential Multistorey Apartment
Bavdhan,Jul-Sep 2022,5807-8919,"7,363",4%,,Pune,Residential Multistorey Apartment
Bavdhan,Apr-Jun 2022,5652-8508,"7,080",2%,,Pune,Residential Multistorey Apartment
Bavdhan,Jan-Mar 2022,5568-8282,"6,925",1%,,Pune,Residential Multistorey Apartment
Bavdhan,Oct-Dec 2021,5526-8173,"6,850",1%,,Pune,Residential Multistorey Apartment
Bavdhan,Jul-Sep 2021,5431-8134,"6,782",2%,,Pune,Residential Multistorey Apartment
Bavdhan,Apr-Jun 2021,5334-8002,"6,668",2%,,Pune,Residential Multistorey Apartment
Bavdhan,Jan-Mar 2021,5474-8089,"6,781",0.40%,,Pune,Residential Multistorey Apartment
Bavdhan,Oct-Dec 2020,5441-8067,"6,754",-,,Pune,Residential Multistorey Apartment
Bavdhan,Jul-Sep 2020,5451-8045,"6,748",1%,,Pune,Residential Multistorey Apartment
Bavdhan,Apr-Jun 2020,5414-7951,"6,683",1%,,Pune,Residential Multistorey Apartment
Bavdhan,Jan-Mar 2020,5469-7985,"6,727",1%,,Pune,Residential Multistorey Apartment
Bavdhan,Oct-Dec 2019,5458-8063,"6,761",-,,Pune,Residential Multistorey Apartment
Bavdhan,Jul-Sep 2019,5444-8065,"6,755",1%,,Pune,Residential Multistorey Apartment
Bavdhan,Apr-Jun 2019,5457-7941,"6,699",1%,,Pune,Residential Multistorey Apartment
Bavdhan,Jan-Mar 2019,5394-7839,"6,617",2%,,Pune,Residential Multistorey Apartment
Bavdhan,Oct-Dec 2018,5209-7765,"6,487",1%,,Pune,Residential Multistorey Apartment
Bavdhan,Jul-Sep 2018,5122-7663,"6,392",2%,,Pune,Residential Multistorey Apartment
,,,,,,Pune,Residential Multistorey Apartment
Bhagwan Tatyasaheb Kawade Road,Oct-Dec 2024,6716-11005,"8,860",4%,,Pune,Residential Multistorey Apartment
Bhagwan Tatyasaheb Kawade Road,Jul-Sep 2024,6482-10496,"8,489",1%,,Pune,Residential Multistorey Apartment
Bhagwan Tatyasaheb Kawade Road,Apr-Jun 2024,6370-10481,"8,426",4%,,Pune,Residential Multistorey Apartment
Bhagwan Tatyasaheb Kawade Road,Jan-Mar 2024,6103-10155,"8,129",3%,,Pune,Residential Multistorey Apartment
Bhagwan Tatyasaheb Kawade Road,Oct-Dec 2023,5942-9853,"7,897",3%,,Pune,Residential Multistorey Apartment
Bhagwan Tatyasaheb Kawade Road,Jul-Sep 2023,5763-9535,"7,649",2%,,Pune,Residential Multistorey Apartment
Bhagwan Tatyasaheb Kawade Road,Apr-Jun 2023,5657-9300,"7,478",3%,,Pune,Residential Multistorey Apartment
Bhagwan Tatyasaheb Kawade Road,Jan-Mar 2023,6188-9183,"7,685",4%,,Pune,Residential Multistorey Apartment
Bhagwan Tatyasaheb Kawade Road,Oct-Dec 2022,5856-8911,"7,383",1%,,Pune,Residential Multistorey Apartment
Bhagwan Tatyasaheb Kawade Road,Jul-Sep 2022,5838-8767,"7,303",1%,,Pune,Residential Multistorey Apartment
Bhagwan Tatyasaheb Kawade Road,Apr-Jun 2022,5950-8798,"7,374",1%,,Pune,Residential Multistorey Apartment
Bhagwan Tatyasaheb Kawade Road,Jan-Mar 2022,5739-8798,"7,269",1%,,Pune,Residential Multistorey Apartment
Bhagwan Tatyasaheb Kawade Road,Oct-Dec 2021,5831-8527,"7,179",1%,,Pune,Residential Multistorey Apartment
Bhagwan Tatyasaheb Kawade Road,Jul-Sep 2021,5956-8528,"7,242",2%,,Pune,Residential Multistorey Apartment
Bhagwan Tatyasaheb Kawade Road,Apr-Jun 2021,5998-8821,"7,409",5%,,Pune,Residential Multistorey Apartment
Bhagwan Tatyasaheb Kawade Road,Jan-Mar 2021,5714-8463,"7,088",0.40%,,Pune,Residential Multistorey Apartment
Bhagwan Tatyasaheb Kawade Road,Oct-Dec 2020,5881-8234,"7,058",2%,,Pune,Residential Multistorey Apartment
Bhagwan Tatyasaheb Kawade Road,Jul-Sep 2020,6213-8138,"7,176",1%,,Pune,Residential Multistorey Apartment
Bhagwan Tatyasaheb Kawade Road,Apr-Jun 2020,5959-8499,"7,229",3%,,Pune,Residential Multistorey Apartment
Bhagwan Tatyasaheb Kawade Road,Jan-Mar 2020,6187-8698,"7,443",0.30%,,Pune,Residential Multistorey Apartment
Bhagwan Tatyasaheb Kawade Road,Oct-Dec 2019,6145-8793,"7,469",1%,,Pune,Residential Multistorey Apartment
Bhagwan Tatyasaheb Kawade Road,Jul-Sep 2019,6202-8867,"7,534",2%,,Pune,Residential Multistorey Apartment
Bhagwan Tatyasaheb Kawade Road,Apr-Jun 2019,6083-8658,"7,371",4%,,Pune,Residential Multistorey Apartment
Bhagwan Tatyasaheb Kawade Road,Jan-Mar 2019,5735-8447,"7,091",1%,,Pune,Residential Multistorey Apartment
Bhagwan Tatyasaheb Kawade Road,Oct-Dec 2018,5725-8293,"7,009",4%,,Pune,Residential Multistorey Apartment
Bhagwan Tatyasaheb Kawade Road,Jul-Sep 2018,5845-8726,"7,285",4%,,Pune,Residential Multistorey Apartment
,,,,,,Pune,Residential Multistorey Apartment
Bhandarkar Road,Oct-Dec 2024,13996-20686,"17,341",2%,,Pune,Residential Multistorey Apartment
Bhandarkar Road,Jul-Sep 2024,13669-20452,"17,060",2%,,Pune,Residential Multistorey Apartment
Bhandarkar Road,Apr-Jun 2024,13305-20052,"16,678",2%,,Pune,Residential Multistorey Apartment
Bhandarkar Road,Jan-Mar 2024,13044-19638,"16,341",3%,,Pune,Residential Multistorey Apartment
Bhandarkar Road,Oct-Dec 2023,12857-18725,"15,791",2%,,Pune,Residential Multistorey Apartment
Bhandarkar Road,Jul-Sep 2023,13151-19113,"16,132",0.30%,,Pune,Residential Multistorey Apartment
Bhandarkar Road,Apr-Jun 2023,13346-18834,"16,090",1%,,Pune,Residential Multistorey Apartment
Bhandarkar Road,Jan-Mar 2023,13000-19000,"15,500",2%,,Pune,Residential Multistorey Apartment
Bhandarkar Road,Oct-Dec 2022,12600-18000,"15,300",4%,,Pune,Residential Multistorey Apartment
Bhandarkar Road,Jul-Sep 2022,12500-17900,"15,200",3%,,Pune,Residential Multistorey Apartment
Bhandarkar Road,Apr-Jun 2022,12400-17800,"15,100",3%,,Pune,Residential Multistorey Apartment
Bhandarkar Road,Jan-Mar 2022,12300-17700,"15,000",3%,,Pune,Residential Multistorey Apartment
Bhandarkar Road,Oct-Dec 2021,12200-17600,"14,900",4%,,Pune,Residential Multistorey Apartment
Bhandarkar Road,Jul-Sep 2021,12100-17500,"14,800",4%,,Pune,Residential Multistorey Apartment
Bhandarkar Road,Apr-Jun 2021,12000-17400,"14,700",4%,,Pune,Residential Multistorey Apartment
Bhandarkar Road,Jan-Mar 2021,11900-17300,"14,600",4%,,Pune,Residential Multistorey Apartment
Bhandarkar Road,Oct-Dec 2020,11800-17200,"14,500",3%,,Pune,Residential Multistorey Apartment
Bhandarkar Road,Jul-Sep 2020,11700-17100,"14,400",3%,,Pune,Residential Multistorey Apartment
Bhandarkar Road,Apr-Jun 2020,11600-17000,"14,300",3%,,Pune,Residential Multistorey Apartment
Bhandarkar Road,Jan-Mar 2020,11500-16900,"14,200",3%,,Pune,Residential Multistorey Apartment
Bhandarkar Road,Oct-Dec 2019,12611-17817,"15,214",1%,,Pune,Residential Multistorey Apartment
Bhandarkar Road,Jul-Sep 2019,12766-17649,"15,208",1%,,Pune,Residential Multistorey Apartment
Bhandarkar Road,Apr-Jun 2019,12800-17700,"15,250",3%,,Pune,Residential Multistorey Apartment
Bhandarkar Road,Jan-Mar 2019,12750-17600,"15,125",3%,,Pune,Residential Multistorey Apartment
Bhandarkar Road,Oct-Dec 2018,12600-17500,"15,050",3%,,Pune,Residential Multistorey Apartment
Bhandarkar Road,Jul-Sep 2018,12500-17400,"14,950",3%,,Pune,Residential Multistorey Apartment
,,,,,,Pune,Residential Multistorey Apartment
Bharati Vidyapeeth Road,Oct-Dec 2024,4428-7597,"6,012",3%,,Pune,Residential Multistorey Apartment
Bharati Vidyapeeth Road,Jul-Sep 2024,4324-7368,"5,846",1%,,Pune,Residential Multistorey Apartment
Bharati Vidyapeeth Road,Apr-Jun 2024,4306-7306,"5,806",6%,,Pune,Residential Multistorey Apartment
Bharati Vidyapeeth Road,Jan-Mar 2024,4034-6957,"5,495",7%,,Pune,Residential Multistorey Apartment
Bharati Vidyapeeth Road,Oct-Dec 2023,4290-7510,"5,900",2%,,Pune,Residential Multistorey Apartment
Bharati Vidyapeeth Road,Jul-Sep 2023,4250-7460,"5,850",1%,,Pune,Residential Multistorey Apartment
Bharati Vidyapeeth Road,Apr-Jun 2023,4200-7400,"5,770",3%,,Pune,Residential Multistorey Apartment
Bharati Vidyapeeth Road,Jan-Mar 2023,4100-7300,"5,640",2%,,Pune,Residential Multistorey Apartment
Bharati Vidyapeeth Road,Oct-Dec 2022,4050-7150,"5,600",3%,,Pune,Residential Multistorey Apartment
Bharati Vidyapeeth Road,Jul-Sep 2022,4000-7100,"5,500",2%,,Pune,Residential Multistorey Apartment
Bharati Vidyapeeth Road,Apr-Jun 2022,3950-7000,"5,400",2%,,Pune,Residential Multistorey Apartment
Bharati Vidyapeeth Road,Jan-Mar 2022,3900-6900,"5,300",2%,,Pune,Residential Multistorey Apartment
Bharati Vidyapeeth Road,Oct-Dec 2021,3850-6800,"5,200",3%,,Pune,Residential Multistorey Apartment
Bharati Vidyapeeth Road,Jul-Sep 2021,3800-6700,"5,100",2%,,Pune,Residential Multistorey Apartment
Bharati Vidyapeeth Road,Apr-Jun 2021,3750-6600,"5,000",2%,,Pune,Residential Multistorey Apartment
Bharati Vidyapeeth Road,Jan-Mar 2021,3700-6500,"4,900",2%,,Pune,Residential Multistorey Apartment
Bharati Vidyapeeth Road,Oct-Dec 2020,3650-6400,"4,800",2%,,Pune,Residential Multistorey Apartment
Bharati Vidyapeeth Road,Jul-Sep 2020,3600-6300,"4,700",2%,,Pune,Residential Multistorey Apartment
Bharati Vidyapeeth Road,Apr-Jun 2020,3550-6200,"4,600",2%,,Pune,Residential Multistorey Apartment
Bharati Vidyapeeth Road,Jan-Mar 2020,3500-6100,"4,500",2%,,Pune,Residential Multistorey Apartment
Bharati Vidyapeeth Road,Oct-Dec 2019,3450-6000,"4,400",2%,,Pune,Residential Multistorey Apartment
Bharati Vidyapeeth Road,Jul-Sep 2019,3400-5900,"4,300",2%,,Pune,Residential Multistorey Apartment
Bharati Vidyapeeth Road,Apr-Jun 2019,3350-5800,"4,200",2%,,Pune,Residential Multistorey Apartment
Bharati Vidyapeeth Road,Jan-Mar 2019,3300-5700,"4,100",2%,,Pune,Residential Multistorey Apartment
Bharati Vidyapeeth Road,Oct-Dec 2018,3250-5600,"4,000",2%,,Pune,Residential Multistorey Apartment
Bharati Vidyapeeth Road,Jul-Sep 2018,3200-5500,"3,900",2%,,Pune,Residential Multistorey Apartment
,,,,,,Pune,Residential Multistorey Apartment
Bhosari,Oct-Dec 2024,5265-7609,"6,437",3%,,Pune,Residential Multistorey Apartment
Bhosari,Jul-Sep 2024,4884-7659,"6,272",2%,,Pune,Residential Multistorey Apartment
Bhosari,Apr-Jun 2024,5031-7735,"6,383",2%,,Pune,Residential Multistorey Apartment
Bhosari,Jan-Mar 2024,4871-7639,"6,255",3%,,Pune,Residential Multistorey Apartment
Bhosari,Oct-Dec 2023,4678-7449,"6,063",1%,,Pune,Residential Multistorey Apartment
Bhosari,Jul-Sep 2023,4650-7374,"6,012",0.30%,,Pune,Residential Multistorey Apartment
Bhosari,Apr-Jun 2023,4779-7207,"5,993",,,Pune,Residential Multistorey Apartment
Bhosari,Jan-Mar 2023,4663-7325,"5,994",0.30%,,Pune,Residential Multistorey Apartment
Bhosari,Oct-Dec 2022,4672-7356,"6,014",0.20%,,Pune,Residential Multistorey Apartment
Bhosari,Jul-Sep 2022,4707-7345,"6,026",2%,,Pune,Residential Multistorey Apartment
Bhosari,Apr-Jun 2022,4590-7234,"5,912",1%,,Pune,Residential Multistorey Apartment
Bhosari,Jan-Mar 2022,4718-7177,"5,947",5%,,Pune,Residential Multistorey Apartment
Bhosari,Oct-Dec 2021,5109-7477,"6,293",4%,,Pune,Residential Multistorey Apartment
Bhosari,Jul-Sep 2021,4789-7354,"6,071",2%,,Pune,Residential Multistorey Apartment
Bhosari,Apr-Jun 2021,4867-7554,"6,210",4%,,Pune,Residential Multistorey Apartment
Bhosari,Jan-Mar 2021,4714-7226,"5,970",1%,,Pune,Residential Multistorey Apartment
Bhosari,Oct-Dec 2020,4832-7203,"6,017",3%,,Pune,Residential Multistorey Apartment
Bhosari,Jul-Sep 2020,4629-7011,"5,820",0.40%,,Pune,Residential Multistorey Apartment
Bhosari,Apr-Jun 2020,4613-6982,"5,797",1%,,Pune,Residential Multistorey Apartment
Bhosari,Jan-Mar 2020,4580-6953,"5,767",0.10%,,Pune,Residential Multistorey Apartment
Bhosari,Oct-Dec 2019,4646-6905,"5,775",5%,,Pune,Residential Multistorey Apartment
Bhosari,Jul-Sep 2019,4787-7330,"6,059",2%,,Pune,Residential Multistorey Apartment
Bhosari,Apr-Jun 2019,4828-7051,"5,939",2%,,Pune,Residential Multistorey Apartment
Bhosari,Jan-Mar 2019,4591-7048,"5,819",2%,,Pune,Residential Multistorey Apartment
Bhosari,Oct-Dec 2018,4516-6873,"5,695",3%,,Pune,Residential Multistorey Apartment
Bhosari,Jul-Sep 2018,4480-6629,"5,555",1%,,Pune,Residential Multistorey Apartment
,,,,,,Pune,Residential Multistorey Apartment
Bhosari Alandi Road,Oct-Dec 2024,4874-7111,"5,992",2%,,Pune,Residential Multistorey Apartment
Bhosari Alandi Road,Jul-Sep 2024,4679-7041,"5,860",0.50%,,Pune,Residential Multistorey Apartment
Bhosari Alandi Road,Apr-Jun 2024,4705-7301,"6,003",2%,,Pune,Residential Multistorey Apartment
Bhosari Alandi Road,Jan-Mar 2024,4634-7211,"5,930",3%,,Pune,Residential Multistorey Apartment
Bhosari Alandi Road,Oct-Dec 2023,4550-7100,"5,875",2%,,Pune,Residential Multistorey Apartment
Bhosari Alandi Road,Jul-Sep 2023,4500-7050,"5,775",2%,,Pune,Residential Multistorey Apartment
Bhosari Alandi Road,Apr-Jun 2023,4400-6950,"5,675",3%,,Pune,Residential Multistorey Apartment
Bhosari Alandi Road,Jan-Mar 2023,4300-6800,"5,550",2%,,Pune,Residential Multistorey Apartment
Bhosari Alandi Road,Oct-Dec 2022,4200-6700,"5,450",3%,,Pune,Residential Multistorey Apartment
Bhosari Alandi Road,Jul-Sep 2022,4100-6600,"5,350",2%,,Pune,Residential Multistorey Apartment
Bhosari Alandi Road,Apr-Jun 2022,4000-6500,"5,250",2%,,Pune,Residential Multistorey Apartment
Bhosari Alandi Road,Jan-Mar 2022,3900-6400,"5,150",2%,,Pune,Residential Multistorey Apartment
Bhosari Alandi Road,Oct-Dec 2021,3800-6300,"5,050",3%,,Pune,Residential Multistorey Apartment
Bhosari Alandi Road,Jul-Sep 2021,3700-6200,"4,950",2%,,Pune,Residential Multistorey Apartment
Bhosari Alandi Road,Apr-Jun 2021,3600-6100,"4,850",2%,,Pune,Residential Multistorey Apartment
Bhosari Alandi Road,Jan-Mar 2021,3500-6000,"4,750",2%,,Pune,Residential Multistorey Apartment
Bhosari Alandi Road,Oct-Dec 2020,3400-5900,"4,650",2%,,Pune,Residential Multistorey Apartment
Bhosari Alandi Road,Jul-Sep 2020,3300-5800,"4,550",2%,,Pune,Residential Multistorey Apartment
Bhosari Alandi Road,Apr-Jun 2020,3200-5700,"4,450",2%,,Pune,Residential Multistorey Apartment
Bhosari Alandi Road,Jan-Mar 2020,3100-5600,"4,350",2%,,Pune,Residential Multistorey Apartment
Bhosari Alandi Road,Oct-Dec 2019,3000-5500,"4,250",2%,,Pune,Residential Multistorey Apartment
Bhosari Alandi Road,Jul-Sep 2019,2900-5400,"4,150",2%,,Pune,Residential Multistorey Apartment
Bhosari Alandi Road,Apr-Jun 2019,2800-5300,"4,050",2%,,Pune,Residential Multistorey Apartment
Bhosari Alandi Road,Jan-Mar 2019,2700-5200,"3,950",2%,,Pune,Residential Multistorey Apartment
Bhosari Alandi Road,Oct-Dec 2018,2600-5100,"3,850",2%,,Pune,Residential Multistorey Apartment
Bhosari Alandi Road,Jul-Sep 2018,2500-5000,"3,750",2%,,Pune,Residential Multistorey Apartment
,,,,,,Pune,Residential Multistorey Apartment
Bhugaon,Oct-Dec 2024,5874-8849,"7,361",3%,,Pune,Residential Multistorey Apartment
Bhugaon,Jul-Sep 2024,5795-8551,"7,173",4%,,Pune,Residential Multistorey Apartment
Bhugaon,Apr-Jun 2024,5578-8269,"6,924",4%,,Pune,Residential Multistorey Apartment
Bhugaon,Jan-Mar 2024,5371-7885,"6,628",1%,,Pune,Residential Multistorey Apartment
Bhugaon,Oct-Dec 2023,5337-7769,"6,553",1%,,Pune,Residential Multistorey Apartment
Bhugaon,Jul-Sep 2023,5401-7615,"6,508",1%,,Pune,Residential Multistorey Apartment
Bhugaon,Apr-Jun 2023,5333-7549,"6,441",2%,,Pune,Residential Multistorey Apartment
Bhugaon,Jan-Mar 2023,5119-7552,"6,335",-,,Pune,Residential Multistorey Apartment
Bhugaon,Oct-Dec 2022,5153-7455,"6,304",2%,,Pune,Residential Multistorey Apartment
Bhugaon,Jul-Sep 2022,5045-7343,"6,194",4%,,Pune,Residential Multistorey Apartment
Bhugaon,Apr-Jun 2022,4921-6975,"5,948",1%,,Pune,Residential Multistorey Apartment
Bhugaon,Jan-Mar 2022,4918-6808,"5,863",0.20%,,Pune,Residential Multistorey Apartment
Bhugaon,Oct-Dec 2021,4858-6886,"5,872",2%,,Pune,Residential Multistorey Apartment
Bhugaon,Jul-Sep 2021,4710-6854,"5,782",2%,,Pune,Residential Multistorey Apartment
Bhugaon,Apr-Jun 2021,4699-6674,"5,687",0.20%,,Pune,Residential Multistorey Apartment
Bhugaon,Jan-Mar 2021,4656-6741,"5,698",0.50%,,Pune,Residential Multistorey Apartment
Bhugaon,Oct-Dec 2020,4617-6725,"5,671",2%,,Pune,Residential Multistorey Apartment
Bhugaon,Jul-Sep 2020,4704-6816,"5,760",0.10%,,Pune,Residential Multistorey Apartment
Bhugaon,Apr-Jun 2020,4826-6711,"5,768",0.20%,,Pune,Residential Multistorey Apartment
Bhugaon,Jan-Mar 2020,4820-6736,"5,778",0.40%,,Pune,Residential Multistorey Apartment
Bhugaon,Oct-Dec 2019,4739-6863,"5,801",3%,,Pune,Residential Multistorey Apartment
Bhugaon,Jul-Sep 2019,4548-6743,"5,646",0.40%,,Pune,Residential Multistorey Apartment
Bhugaon,Apr-Jun 2019,4531-6711,"5,621",1%,,Pune,Residential Multistorey Apartment
Bhugaon,Jan-Mar 2019,4534-6773,"5,654",5%,,Pune,Residential Multistorey Apartment
Bhugaon,Oct-Dec 2018,4202-6611,"5,406",5%,,Pune,Residential Multistorey Apartment
Bhugaon,Jul-Sep 2018,3851-6426,"5,139",0.40%,,Pune,Residential Multistorey Apartment
,,,,,,Pune,Residential Multistorey Apartment
Bhukum,Oct-Dec 2024,4926-7278,"6,102",1%,,Pune,Residential Multistorey Apartment
Bhukum,Jul-Sep 2024,4959-7392,"6,176",2%,,Pune,Residential Multistorey Apartment
Bhukum,Apr-Jun 2024,4980-7591,"6,286",7%,,Pune,Residential Multistorey Apartment
Bhukum,Jan-Mar 2024,4800-6970,"5,885",4%,,Pune,Residential Multistorey Apartment
Bhukum,Oct-Dec 2023,4606-6666,"5,636",1%,,Pune,Residential Multistorey Apartment
Bhukum,Jul-Sep 2023,4633-6480,"5,556",0.20%,,Pune,Residential Multistorey Apartment
Bhukum,Apr-Jun 2023,4655-6435,"5,545",2%,,Pune,Residential Multistorey Apartment
Bhukum,Jan-Mar 2023,4648-6206,"5,427",0.20%,,Pune,Residential Multistorey Apartment
Bhukum,Oct-Dec 2022,4455-6424,"5,439",4%,,Pune,Residential Multistorey Apartment
Bhukum,Jul-Sep 2022,4332-6091,"5,212",-,,Pune,Residential Multistorey Apartment
Bhukum,Apr-Jun 2022,4262-6165,"5,213",-,,Pune,Residential Multistorey Apartment
Bhukum,Jan-Mar 2022,4161-6266,"5,214",2%,,Pune,Residential Multistorey Apartment
Bhukum,Oct-Dec 2021,4061-6159,"5,110",5%,,Pune,Residential Multistorey Apartment
Bhukum,Jul-Sep 2021,4091-5680,"4,886",-,,Pune,Residential Multistorey Apartment
Bhukum,Apr-Jun 2021,-,-,-,,Pune,Residential Multistorey Apartment
Bhukum,Jan-Mar 2021,3867-5665,"4,766",-,,Pune,Residential Multistorey Apartment
Bhukum,Oct-Dec 2020,-,-,-,,Pune,Residential Multistorey Apartment
Bhukum,Jul-Sep 2020,4004-5377,"4,691",1%,,Pune,Residential Multistorey Apartment
Bhukum,Apr-Jun 2020,4007-5302,"4,655",1%,,Pune,Residential Multistorey Apartment
Bhukum,Jan-Mar 2020,3888-5302,"4,595",2%,,Pune,Residential Multistorey Apartment
Bhukum,Oct-Dec 2019,3873-5177,"4,525",6%,,Pune,Residential Multistorey Apartment
Bhukum,Jul-Sep 2019,3652-4927,"4,289",2%,,Pune,Residential Multistorey Apartment
Bhukum,Apr-Jun 2019,3630-5153,"4,392",3%,,Pune,Residential Multistorey Apartment
Bhukum,Jan-Mar 2019,3561-4962,"4,262",1%,,Pune,Residential Multistorey Apartment
Bhukum,Oct-Dec 2018,3557-5061,"4,309",4%,,Pune,Residential Multistorey Apartment
Bhukum,Jul-Sep 2018,3584-4693,"4,138",2%,,Pune,Residential Multistorey Apartment
,,,,,,Pune,Residential Multistorey Apartment
Bhumkar Nagar Wakad,Oct-Dec 2024,7030-9528,"8,279",2%,,Pune,Residential Multistorey Apartment
Bhumkar Nagar Wakad,Jul-Sep 2024,6915-9349,"8,132",1%,,Pune,Residential Multistorey Apartment
Bhumkar Nagar Wakad,Apr-Jun 2024,6750-9430,"8,090",3%,,Pune,Residential Multistorey Apartment
Bhumkar Nagar Wakad,Jan-Mar 2024,6556-9079,"7,818",1%,,Pune,Residential Multistorey Apartment
Bhumkar Nagar Wakad,Oct-Dec 2023,6346-9178,"7,762",2%,,Pune,Residential Multistorey Apartment
Bhumkar Nagar Wakad,Jul-Sep 2023,6230-8981,"7,605",2%,,Pune,Residential Multistorey Apartment
Bhumkar Nagar Wakad,Apr-Jun 2023,6306-8656,"7,481",3%,,Pune,Residential Multistorey Apartment
Bhumkar Nagar Wakad,Jan-Mar 2023,5927-8629,"7,278",3%,,Pune,Residential Multistorey Apartment
Bhumkar Nagar Wakad,Oct-Dec 2022,5845-8298,"7,071",2%,,Pune,Residential Multistorey Apartment
Bhumkar Nagar Wakad,Jul-Sep 2022,5815-8092,"6,954",2%,,Pune,Residential Multistorey Apartment
Bhumkar Nagar Wakad,Apr-Jun 2022,5777-7840,"6,809",2%,,Pune,Residential Multistorey Apartment
Bhumkar Nagar Wakad,Jan-Mar 2022,5667-7733,"6,700",2%,,Pune,Residential Multistorey Apartment
Bhumkar Nagar Wakad,Oct-Dec 2021,5579-7594,"6,587",1%,,Pune,Residential Multistorey Apartment
Bhumkar Nagar Wakad,Jul-Sep 2021,5519-7535,"6,527",2%,,Pune,Residential Multistorey Apartment
Bhumkar Nagar Wakad,Apr-Jun 2021,5441-7346,"6,393",0.50%,,Pune,Residential Multistorey Apartment
Bhumkar Nagar Wakad,Jan-Mar 2021,5366-7362,"6,364",0.30%,,Pune,Residential Multistorey Apartment
Bhumkar Nagar Wakad,Oct-Dec 2020,5477-7212,"6,345",2%,,Pune,Residential Multistorey Apartment
Bhumkar Nagar Wakad,Jul-Sep 2020,5519-7465,"6,492",2%,,Pune,Residential Multistorey Apartment
Bhumkar Nagar Wakad,Apr-Jun 2020,5282-7453,"6,368",1%,,Pune,Residential Multistorey Apartment
Bhumkar Nagar Wakad,Jan-Mar 2020,5338-7326,"6,332",1%,,Pune,Residential Multistorey Apartment
Bhumkar Nagar Wakad,Oct-Dec 2019,5463-7372,"6,417",2%,,Pune,Residential Multistorey Apartment
Bhumkar Nagar Wakad,Jul-Sep 2019,5276-7249,"6,262",1%,,Pune,Residential Multistorey Apartment
Bhumkar Nagar Wakad,Apr-Jun 2019,5273-7099,"6,186",1%,,Pune,Residential Multistorey Apartment
Bhumkar Nagar Wakad,Jan-Mar 2019,5357-7131,"6,244",2%,,Pune,Residential Multistorey Apartment
Bhumkar Nagar Wakad,Oct-Dec 2018,5389-7301,"6,345",3%,,Pune,Residential Multistorey Apartment
Bhumkar Nagar Wakad,Jul-Sep 2018,5263-7096,"6,180",1%,,Pune,Residential Multistorey Apartment
,,,,,,Pune,Residential Multistorey Apartment
Bhumkar Wasti Road,Oct-Dec 2024,6970-9538,"8,254",2%,,Pune,Residential Multistorey Apartment
Bhumkar Wasti Road,Jul-Sep 2024,6731-9429,"8,080",1%,,Pune,Residential Multistorey Apartment
Bhumkar Wasti Road,Apr-Jun 2024,6690-9272,"7,981",2%,,Pune,Residential Multistorey Apartment
Bhumkar Wasti Road,Jan-Mar 2024,6599-9096,"7,847",3%,,Pune,Residential Multistorey Apartment
Bhumkar Wasti Road,Oct-Dec 2023,6499-8996,"7,748",3%,,Pune,Residential Multistorey Apartment
Bhumkar Wasti Road,Jul-Sep 2023,6399-8900,"7,600",4%,,Pune,Residential Multistorey Apartment
Bhumkar Wasti Road,Apr-Jun 2023,6299-8800,"7,450",4%,,Pune,Residential Multistorey Apartment
Bhumkar Wasti Road,Jan-Mar 2023,6199-8700,"7,300",5%,,Pune,Residential Multistorey Apartment
Bhumkar Wasti Road,Oct-Dec 2022,6099-8600,"7,150",4%,,Pune,Residential Multistorey Apartment
Bhumkar Wasti Road,Jul-Sep 2022,5999-8500,"7,000",5%,,Pune,Residential Multistorey Apartment
Bhumkar Wasti Road,Apr-Jun 2022,5899-8400,"6,850",4%,,Pune,Residential Multistorey Apartment
Bhumkar Wasti Road,Jan-Mar 2022,5799-8300,"6,700",5%,,Pune,Residential Multistorey Apartment
Bhumkar Wasti Road,Oct-Dec 2021,5699-8200,"6,550",5%,,Pune,Residential Multistorey Apartment
Bhumkar Wasti Road,Jul-Sep 2021,5599-8100,"6,400",4%,,Pune,Residential Multistorey Apartment
Bhumkar Wasti Road,Apr-Jun 2021,5499-8000,"6,250",4%,,Pune,Residential Multistorey Apartment
Bhumkar Wasti Road,Jan-Mar 2021,5399-7900,"6,100",5%,,Pune,Residential Multistorey Apartment
Bhumkar Wasti Road,Oct-Dec 2020,5299-7800,"5,950",4%,,Pune,Residential Multistorey Apartment
Bhumkar Wasti Road,Jul-Sep 2020,5199-7700,"5,850",4%,,Pune,Residential Multistorey Apartment
Bhumkar Wasti Road,Apr-Jun 2020,5099-7600,"5,750",3%,,Pune,Residential Multistorey Apartment
Bhumkar Wasti Road,Jan-Mar 2020,4999-7500,"5,650",4%,,Pune,Residential Multistorey Apartment
Bhumkar Wasti Road,Oct-Dec 2019,4899-7400,"5,550",3%,,Pune,Residential Multistorey Apartment
Bhumkar Wasti Road,Jul-Sep 2019,4799-7300,"5,450",3%,,Pune,Residential Multistorey Apartment
Bhumkar Wasti Road,Apr-Jun 2019,4699-7200,"5,350",4%,,Pune,Residential Multistorey Apartment
Bhumkar Wasti Road,Jan-Mar 2019,4599-7100,"5,250",4%,,Pune,Residential Multistorey Apartment
Bhumkar Wasti Road,Oct-Dec 2018,4499-7000,"5,150",3%,,Pune,Residential Multistorey Apartment
Bhumkar Wasti Road,Jul-Sep 2018,4399-6900,"5,050",2%,,Pune,Residential Multistorey Apartment
,,,,,,Pune,Residential Multistorey Apartment
Bibvewadi Road,Oct-Dec 2024,7737-11995,"9,866",0.20%,,Pune,Residential Multistorey Apartment
Bibvewadi Road,Jul-Sep 2024,7656-12122,"9,889",1%,,Pune,Residential Multistorey Apartment
Bibvewadi Road,Apr-Jun 2024,7536-12059,"9,797",5%,,Pune,Residential Multistorey Apartment
Bibvewadi Road,Jan-Mar 2024,7234-11493,"9,363",4%,,Pune,Residential Multistorey Apartment
Bibvewadi Road,Oct-Dec 2023,7110-11300,"9,205",2%,,Pune,Residential Multistorey Apartment
Bibvewadi Road,Jul-Sep 2023,7024-11200,"9,050",3%,,Pune,Residential Multistorey Apartment
Bibvewadi Road,Apr-Jun 2023,6935-11100,"8,905",4%,,Pune,Residential Multistorey Apartment
Bibvewadi Road,Jan-Mar 2023,6845-11000,"8,770",3%,,Pune,Residential Multistorey Apartment
Bibvewadi Road,Oct-Dec 2022,6755-10900,"8,635",4%,,Pune,Residential Multistorey Apartment
Bibvewadi Road,Jul-Sep 2022,6650-10800,"8,500",3%,,Pune,Residential Multistorey Apartment
Bibvewadi Road,Apr-Jun 2022,6555-10700,"8,365",3%,,Pune,Residential Multistorey Apartment
Bibvewadi Road,Jan-Mar 2022,6455-10600,"8,220",4%,,Pune,Residential Multistorey Apartment
Bibvewadi Road,Oct-Dec 2021,6350-10500,"8,085",5%,,Pune,Residential Multistorey Apartment
Bibvewadi Road,Jul-Sep 2021,6250-10400,"7,950",4%,,Pune,Residential Multistorey Apartment
Bibvewadi Road,Apr-Jun 2021,6150-10300,"7,810",4%,,Pune,Residential Multistorey Apartment
Bibvewadi Road,Jan-Mar 2021,6050-10200,"7,670",4%,,Pune,Residential Multistorey Apartment
Bibvewadi Road,Oct-Dec 2020,5950-10100,"7,530",5%,,Pune,Residential Multistorey Apartment
Bibvewadi Road,Jul-Sep 2020,5850-10000,"7,390",4%,,Pune,Residential Multistorey Apartment
Bibvewadi Road,Apr-Jun 2020,5750-9900,"7,260",3%,,Pune,Residential Multistorey Apartment
Bibvewadi Road,Jan-Mar 2020,5650-9800,"7,130",3%,,Pune,Residential Multistorey Apartment
Bibvewadi Road,Oct-Dec 2019,5550-9700,"7,000",4%,,Pune,Residential Multistorey Apartment
Bibvewadi Road,Jul-Sep 2019,5450-9600,"6,870",3%,,Pune,Residential Multistorey Apartment
Bibvewadi Road,Apr-Jun 2019,5350-9500,"6,740",3%,,Pune,Residential Multistorey Apartment
Bibvewadi Road,Jan-Mar 2019,5250-9400,"6,610",4%,,Pune,Residential Multistorey Apartment
Bibvewadi Road,Oct-Dec 2018,5150-9300,"6,480",3%,,Pune,Residential Multistorey Apartment
Bibvewadi Road,Jul-Sep 2018,5050-9200,"6,350",3%,,Pune,Residential Multistorey Apartment
,,,,,,Pune,Residential Multistorey Apartment
Bibwewadi ,Oct-Dec 2024,7748-12011,"9,879",0.40%,,Pune,Residential Multistorey Apartment
Bibwewadi ,Jul-Sep 2024,7687-12153,"9,920",1%,,Pune,Residential Multistorey Apartment
Bibwewadi ,Apr-Jun 2024,7592-12094,"9,843",5%,,Pune,Residential Multistorey Apartment
Bibwewadi ,Jan-Mar 2024,7252-11553,"9,402",3%,,Pune,Residential Multistorey Apartment
Bibwewadi ,Oct-Dec 2023,7524-11775,"9,650",3%,,Pune,Residential Multistorey Apartment
Bibwewadi ,Jul-Sep 2023,7801-12029,"9,915",4%,,Pune,Residential Multistorey Apartment
Bibwewadi ,Apr-Jun 2023,7442-11671,"9,556",3%,,Pune,Residential Multistorey Apartment
Bibwewadi ,Jan-Mar 2023,7084-11502,"9,293",4%,,Pune,Residential Multistorey Apartment
Bibwewadi ,Oct-Dec 2022,6820-11035,"8,927",1%,,Pune,Residential Multistorey Apartment
Bibwewadi ,Jul-Sep 2022,6803-11223,"9,013",1%,,Pune,Residential Multistorey Apartment
Bibwewadi ,Apr-Jun 2022,6797-11047,"8,922",1%,,Pune,Residential Multistorey Apartment
Bibwewadi ,Jan-Mar 2022,6930-11043,"8,987",4%,,Pune,Residential Multistorey Apartment
Bibwewadi ,Oct-Dec 2021,7155-11520,"9,338",6%,,Pune,Residential Multistorey Apartment
Bibwewadi ,Jul-Sep 2021,6689-10960,"8,824",5%,,Pune,Residential Multistorey Apartment
Bibwewadi ,Apr-Jun 2021,6574-10226,"8,400",1%,,Pune,Residential Multistorey Apartment
Bibwewadi ,Jan-Mar 2021,6483-10134,"8,309",2%,,Pune,Residential Multistorey Apartment
Bibwewadi ,Oct-Dec 2020,6574-10312,"8,443",4%,,Pune,Residential Multistorey Apartment
Bibwewadi ,Jul-Sep 2020,6363-9826,"8,094",2%,,Pune,Residential Multistorey Apartment
Bibwewadi ,Apr-Jun 2020,6194-9646,"7,920",3%,,Pune,Residential Multistorey Apartment
Bibwewadi ,Jan-Mar 2020,6306-10057,"8,181",1%,,Pune,Residential Multistorey Apartment
Bibwewadi ,Oct-Dec 2019,6284-9972,"8,128",3%,,Pune,Residential Multistorey Apartment
Bibwewadi ,Jul-Sep 2019,6556-10158,"8,357",2%,,Pune,Residential Multistorey Apartment
Bibwewadi ,Apr-Jun 2019,6371-9959,"8,165",5%,,Pune,Residential Multistorey Apartment
Bibwewadi ,Jan-Mar 2019,6197-9422,"7,809",1%,,Pune,Residential Multistorey Apartment
Bibwewadi ,Oct-Dec 2018,6084-9314,"7,699",2%,,Pune,Residential Multistorey Apartment
Bibwewadi ,Jul-Sep 2018,6066-9634,"7,850",1%,,Pune,Residential Multistorey Apartment
,,,,,,Pune,Residential Multistorey Apartment
Bibwewadi Kondhwa Road,Oct-Dec 2024,7847-12607,"10,227",1%,,Pune,Residential Multistorey Apartment
Bibwewadi Kondhwa Road,Jul-Sep 2024,7799-12946,"10,372",2%,,Pune,Residential Multistorey Apartment
Bibwewadi Kondhwa Road,Apr-Jun 2024,7784-12628,"10,206",4%,,Pune,Residential Multistorey Apartment
Bibwewadi Kondhwa Road,Jan-Mar 2024,7517-12035,"9,776",1%,,Pune,Residential Multistorey Apartment
Bibwewadi Kondhwa Road,Oct-Dec 2023,7604-12171,"9,888",2%,,Pune,Residential Multistorey Apartment
Bibwewadi Kondhwa Road,Jul-Sep 2023,7648-12114,"9,881",2%,,Pune,Residential Multistorey Apartment
Bibwewadi Kondhwa Road,Apr-Jun 2023,7328-12005,"9,666",3%,,Pune,Residential Multistorey Apartment
Bibwewadi Kondhwa Road,Jan-Mar 2023,7234-11850,"9,542",2%,,Pune,Residential Multistorey Apartment
Bibwewadi Kondhwa Road,Oct-Dec 2022,7112-11730,"9,421",3%,,Pune,Residential Multistorey Apartment
Bibwewadi Kondhwa Road,Jul-Sep 2022,7020-11650,"9,305",2%,,Pune,Residential Multistorey Apartment
Bibwewadi Kondhwa Road,Apr-Jun 2022,6925-11530,"9,170",3%,,Pune,Residential Multistorey Apartment
Bibwewadi Kondhwa Road,Jan-Mar 2022,6830-11400,"9,050",3%,,Pune,Residential Multistorey Apartment
Bibwewadi Kondhwa Road,Oct-Dec 2021,6735-11310,"8,930",4%,,Pune,Residential Multistorey Apartment
Bibwewadi Kondhwa Road,Jul-Sep 2021,6640-11200,"8,815",3%,,Pune,Residential Multistorey Apartment
Bibwewadi Kondhwa Road,Apr-Jun 2021,6545-11100,"8,700",3%,,Pune,Residential Multistorey Apartment
Bibwewadi Kondhwa Road,Jan-Mar 2021,6450-11000,"8,585",4%,,Pune,Residential Multistorey Apartment
Bibwewadi Kondhwa Road,Oct-Dec 2020,6350-10900,"8,470",4%,,Pune,Residential Multistorey Apartment
Bibwewadi Kondhwa Road,Jul-Sep 2020,6255-10800,"8,355",3%,,Pune,Residential Multistorey Apartment
Bibwewadi Kondhwa Road,Apr-Jun 2020,6160-10700,"8,240",3%,,Pune,Residential Multistorey Apartment
Bibwewadi Kondhwa Road,Jan-Mar 2020,6065-10600,"8,125",2%,,Pune,Residential Multistorey Apartment
Bibwewadi Kondhwa Road,Oct-Dec 2019,5970-10500,"8,000",3%,,Pune,Residential Multistorey Apartment
Bibwewadi Kondhwa Road,Jul-Sep 2019,5875-10400,"7,880",2%,,Pune,Residential Multistorey Apartment
Bibwewadi Kondhwa Road,Apr-Jun 2019,5780-10300,"7,765",2%,,Pune,Residential Multistorey Apartment
Bibwewadi Kondhwa Road,Jan-Mar 2019,5685-10200,"7,650",3%,,Pune,Residential Multistorey Apartment
Bibwewadi Kondhwa Road,Oct-Dec 2018,5590-10100,"7,530",2%,,Pune,Residential Multistorey Apartment
Bibwewadi Kondhwa Road,Jul-Sep 2018,5500-10000,"7,400",3%,,Pune,Residential Multistorey Apartment
,,,,,,Pune,Residential Multistorey Apartment
Blue Ridge Town Pune,Oct-Dec 2024,7508-10372,"8,940",0.40%,,Pune,Residential Multistorey Apartment
Blue Ridge Town Pune,Jul-Sep 2024,7461-10483,"8,972",1%,,Pune,Residential Multistorey Apartment
Blue Ridge Town Pune,Apr-Jun 2024,7400-10450,"8,925",2%,,Pune,Residential Multistorey Apartment
Blue Ridge Town Pune,Jan-Mar 2024,7300-10400,"8,870",2%,,Pune,Residential Multistorey Apartment
Blue Ridge Town Pune,Oct-Dec 2023,7250-10350,"8,800",1%,,Pune,Residential Multistorey Apartment
Blue Ridge Town Pune,Jul-Sep 2023,7200-10300,"8,755",2%,,Pune,Residential Multistorey Apartment
Blue Ridge Town Pune,Apr-Jun 2023,7150-10250,"8,710",2%,,Pune,Residential Multistorey Apartment
Blue Ridge Town Pune,Jan-Mar 2023,7100-10200,"8,650",2%,,Pune,Residential Multistorey Apartment
Blue Ridge Town Pune,Oct-Dec 2022,7050-10150,"8,600",3%,,Pune,Residential Multistorey Apartment
Blue Ridge Town Pune,Jul-Sep 2022,7000-10100,"8,550",2%,,Pune,Residential Multistorey Apartment
Blue Ridge Town Pune,Apr-Jun 2022,6950-10050,"8,500",2%,,Pune,Residential Multistorey Apartment
Blue Ridge Town Pune,Jan-Mar 2022,6900-10000,"8,450",2%,,Pune,Residential Multistorey Apartment
Blue Ridge Town Pune,Oct-Dec 2021,6850-9950,"8,400",3%,,Pune,Residential Multistorey Apartment
Blue Ridge Town Pune,Jul-Sep 2021,6800-9900,"8,350",3%,,Pune,Residential Multistorey Apartment
Blue Ridge Town Pune,Apr-Jun 2021,6750-9850,"8,300",3%,,Pune,Residential Multistorey Apartment
Blue Ridge Town Pune,Jan-Mar 2021,6700-9800,"8,250",3%,,Pune,Residential Multistorey Apartment
Blue Ridge Town Pune,Oct-Dec 2020,6650-9750,"8,200",2%,,Pune,Residential Multistorey Apartment
Blue Ridge Town Pune,Jul-Sep 2020,6600-9700,"8,150",2%,,Pune,Residential Multistorey Apartment
Blue Ridge Town Pune,Apr-Jun 2020,6550-9650,"8,100",2%,,Pune,Residential Multistorey Apartment
Blue Ridge Town Pune,Jan-Mar 2020,6500-9600,"8,050",2%,,Pune,Residential Multistorey Apartment
Blue Ridge Town Pune,Oct-Dec 2019,6450-9550,"8,000",2%,,Pune,Residential Multistorey Apartment
Blue Ridge Town Pune,Jul-Sep 2019,6400-9500,"7,950",2%,,Pune,Residential Multistorey Apartment
Blue Ridge Town Pune,Apr-Jun 2019,6350-9450,"7,900",3%,,Pune,Residential Multistorey Apartment
Blue Ridge Town Pune,Jan-Mar 2019,6300-9400,"7,850",3%,,Pune,Residential Multistorey Apartment
Blue Ridge Town Pune,Oct-Dec 2018,6250-9350,"7,800",3%,,Pune,Residential Multistorey Apartment
Blue Ridge Town Pune,Jul-Sep 2018,6200-9300,"7,750",3%,,Pune,Residential Multistorey Apartment
,,,,,,Pune,Residential Multistorey Apartment
BMCC Road,Oct-Dec 2024,13809-20340,"17,074",2%,,Pune,Residential Multistorey Apartment
BMCC Road,Jul-Sep 2024,13650-20100,"16,875",3%,,Pune,Residential Multistorey Apartment
BMCC Road,Apr-Jun 2024,13400-19800,"16,600",4%,,Pune,Residential Multistorey Apartment
BMCC Road,Jan-Mar 2024,13200-19500,"16,200",5%,,Pune,Residential Multistorey Apartment
BMCC Road,Oct-Dec 2023,12801-18987,"15,894",2%,,Pune,Residential Multistorey Apartment
BMCC Road,Jul-Sep 2023,12650-18750,"15,550",3%,,Pune,Residential Multistorey Apartment
BMCC Road,Apr-Jun 2023,12500-18500,"15,250",3%,,Pune,Residential Multistorey Apartment
BMCC Road,Jan-Mar 2023,12350-18300,"14,950",4%,,Pune,Residential Multistorey Apartment
BMCC Road,Oct-Dec 2022,12200-18000,"14,600",4%,,Pune,Residential Multistorey Apartment
BMCC Road,Jul-Sep 2022,12050-17800,"14,375",3%,,Pune,Residential Multistorey Apartment
BMCC Road,Apr-Jun 2022,11900-17500,"14,100",4%,,Pune,Residential Multistorey Apartment
BMCC Road,Jan-Mar 2022,11750-17200,"13,825",3%,,Pune,Residential Multistorey Apartment
BMCC Road,Oct-Dec 2021,11600-17000,"13,500",5%,,Pune,Residential Multistorey Apartment
BMCC Road,Jul-Sep 2021,11450-16800,"13,200",4%,,Pune,Residential Multistorey Apartment
BMCC Road,Apr-Jun 2021,11300-16550,"12,900",4%,,Pune,Residential Multistorey Apartment
BMCC Road,Jan-Mar 2021,11150-16300,"12,600",3%,,Pune,Residential Multistorey Apartment
BMCC Road,Oct-Dec 2020,11000-16000,"12,250",3%,,Pune,Residential Multistorey Apartment
BMCC Road,Jul-Sep 2020,10850-15800,"11,950",4%,,Pune,Residential Multistorey Apartment
BMCC Road,Apr-Jun 2020,10700-15600,"11,750",4%,,Pune,Residential Multistorey Apartment
BMCC Road,Jan-Mar 2020,10550-15400,"11,550",3%,,Pune,Residential Multistorey Apartment
BMCC Road,Oct-Dec 2019,10400-15200,"11,350",3%,,Pune,Residential Multistorey Apartment
BMCC Road,Jul-Sep 2019,10250-15000,"11,100",2%,,Pune,Residential Multistorey Apartment
BMCC Road,Apr-Jun 2019,10100-14800,"10,950",3%,,Pune,Residential Multistorey Apartment
BMCC Road,Jan-Mar 2019,9950-14600,"10,800",4%,,Pune,Residential Multistorey Apartment
BMCC Road,Oct-Dec 2018,9850-14400,"10,650",4%,,Pune,Residential Multistorey Apartment
BMCC Road,Jul-Sep 2018,9750-14200,"10,500",3%,,Pune,Residential Multistorey Apartment
,,,,,,Pune,Residential Multistorey Apartment
Boat Club Road,Oct-Dec 2024,12899-20558,"16,728",1%,,Pune,Residential Multistorey Apartment
Boat Club Road,Jul-Sep 2024,12533-20475,"16,504",3%,,Pune,Residential Multistorey Apartment
Boat Club Road,Apr-Jun 2024,12386-19785,"16,086",1%,,Pune,Residential Multistorey Apartment
Boat Club Road,Jan-Mar 2024,12732-19718,"16,225",3%,,Pune,Residential Multistorey Apartment
Boat Club Road,Oct-Dec 2023,12779-18629,"15,704",2%,,Pune,Residential Multistorey Apartment
Boat Club Road,Jul-Sep 2023,12293-18467,"15,380",,,Pune,Residential Multistorey Apartment
Boat Club Road,Apr-Jun 2023,12018-18718,"15,368",1%,,Pune,Residential Multistorey Apartment
Boat Club Road,Jan-Mar 2023,12288-18125,"15,207",2%,,Pune,Residential Multistorey Apartment
Boat Club Road,Oct-Dec 2022,13041-18053,"15,547",3%,,Pune,Residential Multistorey Apartment
Boat Club Road,Jul-Sep 2022,13076-18855,"15,965",3%,,Pune,Residential Multistorey Apartment
Boat Club Road,Apr-Jun 2022,12360-18675,"15,517",4%,,Pune,Residential Multistorey Apartment
Boat Club Road,Jan-Mar 2022,11970-17881,"14,925",4%,,Pune,Residential Multistorey Apartment
Boat Club Road,Oct-Dec 2021,11188-17589,"14,389",3%,,Pune,Residential Multistorey Apartment
Boat Club Road,Jul-Sep 2021,10935-16931,"13,933",2%,,Pune,Residential Multistorey Apartment
Boat Club Road,Apr-Jun 2021,11450-17102,"14,276",3%,,Pune,Residential Multistorey Apartment
Boat Club Road,Jan-Mar 2021,11335-16482,"13,908",6%,,Pune,Residential Multistorey Apartment
Boat Club Road,Oct-Dec 2020,11588-17854,"14,721",1%,,Pune,Residential Multistorey Apartment
Boat Club Road,Jul-Sep 2020,11507-17590,"14,549",6%,,Pune,Residential Multistorey Apartment
Boat Club Road,Apr-Jun 2020,10956-16418,"13,687",2%,,Pune,Residential Multistorey Apartment
Boat Club Road,Jan-Mar 2020,10767-16071,"13,419",7%,,Pune,Residential Multistorey Apartment
Boat Club Road,Oct-Dec 2019,11304-17538,"14,421",2%,,Pune,Residential Multistorey Apartment
Boat Club Road,Jul-Sep 2019,11730-17632,"14,681",2%,,Pune,Residential Multistorey Apartment
Boat Club Road,Apr-Jun 2019,11324-17435,"14,380",1%,,Pune,Residential Multistorey Apartment
Boat Club Road,Jan-Mar 2019,11524-17667,"14,596",3%,,Pune,Residential Multistorey Apartment
Boat Club Road,Oct-Dec 2018,11990-18126,"15,058",1%,,Pune,Residential Multistorey Apartment
Boat Club Road,Jul-Sep 2018,11518-18425,"14,971",4%,,Pune,Residential Multistorey Apartment
,,,,,,Pune,Residential Multistorey Apartment
Borhade Wadi,Oct-Dec 2024,5033-7381,"6,207",3%,,Pune,Residential Multistorey Apartment
Borhade Wadi,Jul-Sep 2024,4970-7300,"6,100",2%,,Pune,Residential Multistorey Apartment
Borhade Wadi,Apr-Jun 2024,4908-7106,"6,007",5%,,Pune,Residential Multistorey Apartment
Borhade Wadi,Jan-Mar 2024,5164-6240,"5,702",1%,,Pune,Residential Multistorey Apartment
Borhade Wadi,Oct-Dec 2023,5041-6286,"5,663",3%,,Pune,Residential Multistorey Apartment
Borhade Wadi,Jul-Sep 2023,5000-6250,"5,625",4%,,Pune,Residential Multistorey Apartment
Borhade Wadi,Apr-Jun 2023,4950-6200,"5,575",3%,,Pune,Residential Multistorey Apartment
Borhade Wadi,Jan-Mar 2023,4850-6100,"5,475",5%,,Pune,Residential Multistorey Apartment
Borhade Wadi,Oct-Dec 2022,4800-6000,"5,400",4%,,Pune,Residential Multistorey Apartment
Borhade Wadi,Jul-Sep 2022,4700-5900,"5,300",3%,,Pune,Residential Multistorey Apartment
Borhade Wadi,Apr-Jun 2022,4600-5800,"5,200",4%,,Pune,Residential Multistorey Apartment
Borhade Wadi,Jan-Mar 2022,4500-5700,"5,100",3%,,Pune,Residential Multistorey Apartment
Borhade Wadi,Oct-Dec 2021,4400-5600,"5,000",5%,,Pune,Residential Multistorey Apartment
Borhade Wadi,Jul-Sep 2021,4300-5500,"4,900",4%,,Pune,Residential Multistorey Apartment
Borhade Wadi,Apr-Jun 2021,4200-5400,"4,800",4%,,Pune,Residential Multistorey Apartment
Borhade Wadi,Jan-Mar 2021,4100-5300,"4,700",3%,,Pune,Residential Multistorey Apartment
Borhade Wadi,Oct-Dec 2020,4000-5200,"4,600",3%,,Pune,Residential Multistorey Apartment
Borhade Wadi,Jul-Sep 2020,3900-5100,"4,500",4%,,Pune,Residential Multistorey Apartment
Borhade Wadi,Apr-Jun 2020,3800-5000,"4,400",4%,,Pune,Residential Multistorey Apartment
Borhade Wadi,Jan-Mar 2020,3700-4900,"4,300",3%,,Pune,Residential Multistorey Apartment
Borhade Wadi,Oct-Dec 2019,3600-4800,"4,200",3%,,Pune,Residential Multistorey Apartment
Borhade Wadi,Jul-Sep 2019,3500-4700,"4,100",2%,,Pune,Residential Multistorey Apartment
Borhade Wadi,Apr-Jun 2019,3400-4600,"4,000",3%,,Pune,Residential Multistorey Apartment
Borhade Wadi,Jan-Mar 2019,3300-4500,"3,900",4%,,Pune,Residential Multistorey Apartment
Borhade Wadi,Oct-Dec 2018,3200-4400,"3,800",4%,,Pune,Residential Multistorey Apartment
Borhade Wadi,Jul-Sep 2018,3100-4300,"3,700",3%,,Pune,Residential Multistorey Apartment
,,,,,,Pune,Residential Multistorey Apartment
Bund Garden,Oct-Dec 2024,11398-18966,"15,182",2%,,Pune,Residential Multistorey Apartment
Bund Garden,Jul-Sep 2024,11341-19751,"15,546",1%,,Pune,Residential Multistorey Apartment
Bund Garden,Apr-Jun 2024,12433-18441,"15,437",2%,,Pune,Residential Multistorey Apartment
Bund Garden,Jan-Mar 2024,12221-18101,"15,161",3%,,Pune,Residential Multistorey Apartment
Bund Garden,Oct-Dec 2023,12000-17800,"14,900",4%,,Pune,Residential Multistorey Apartment
Bund Garden,Jul-Sep 2023,11800-17500,"14,650",3%,,Pune,Residential Multistorey Apartment
Bund Garden,Apr-Jun 2023,11650-17200,"14,425",4%,,Pune,Residential Multistorey Apartment
Bund Garden,Jan-Mar 2023,11500-17000,"14,250",5%,,Pune,Residential Multistorey Apartment
Bund Garden,Oct-Dec 2022,11300-16800,"14,000",3%,,Pune,Residential Multistorey Apartment
Bund Garden,Jul-Sep 2022,11200-16600,"13,900",2%,,Pune,Residential Multistorey Apartment
Bund Garden,Apr-Jun 2022,11100-16400,"13,750",4%,,Pune,Residential Multistorey Apartment
Bund Garden,Jan-Mar 2022,11000-16200,"13,600",3%,,Pune,Residential Multistorey Apartment
Bund Garden,Oct-Dec 2021,10900-16000,"13,450",5%,,Pune,Residential Multistorey Apartment
Bund Garden,Jul-Sep 2021,10800-15800,"13,300",4%,,Pune,Residential Multistorey Apartment
Bund Garden,Apr-Jun 2021,10700-15600,"13,150",4%,,Pune,Residential Multistorey Apartment
Bund Garden,Jan-Mar 2021,10600-15400,"13,000",3%,,Pune,Residential Multistorey Apartment
Bund Garden,Oct-Dec 2020,10500-15200,"12,850",3%,,Pune,Residential Multistorey Apartment
Bund Garden,Jul-Sep 2020,10400-15000,"12,700",4%,,Pune,Residential Multistorey Apartment
Bund Garden,Apr-Jun 2020,10300-14800,"12,550",3%,,Pune,Residential Multistorey Apartment
Bund Garden,Jan-Mar 2020,10200-14600,"12,400",4%,,Pune,Residential Multistorey Apartment
Bund Garden,Oct-Dec 2019,10100-14400,"12,250",3%,,Pune,Residential Multistorey Apartment
Bund Garden,Jul-Sep 2019,10000-14200,"12,100",2%,,Pune,Residential Multistorey Apartment
Bund Garden,Apr-Jun 2019,9900-14000,"11,950",3%,,Pune,Residential Multistorey Apartment
Bund Garden,Jan-Mar 2019,9800-13800,"11,800",4%,,Pune,Residential Multistorey Apartment
Bund Garden,Oct-Dec 2018,9700-13600,"11,650",3%,,Pune,Residential Multistorey Apartment
Bund Garden,Jul-Sep 2018,9600-13400,"11,500",4%,,Pune,Residential Multistorey Apartment
,,,,,,Pune,Residential Multistorey Apartment
Bund Garden Road,Oct-Dec 2024,11059-18948,"15,004",2%,,Pune,Residential Multistorey Apartment
Bund Garden Road,Jul-Sep 2024,10795-19216,"15,006",3%,,Pune,Residential Multistorey Apartment
Bund Garden Road,Apr-Jun 2024,11643-18192,"14,917",4%,,Pune,Residential Multistorey Apartment
Bund Garden Road,Jan-Mar 2024,11836-18005,"14,921",5%,,Pune,Residential Multistorey Apartment
Bund Garden Road,Oct-Dec 2023,12694-16876,"14,785",4%,,Pune,Residential Multistorey Apartment
Bund Garden Road,Jul-Sep 2023,11809-15796,"13,802",3%,,Pune,Residential Multistorey Apartment
Bund Garden Road,Apr-Jun 2023,10644-14919,"12,782",2%,,Pune,Residential Multistorey Apartment
Bund Garden Road,Jan-Mar 2023,10423-14232,"12,124",3%,,Pune,Residential Multistorey Apartment
Bund Garden Road,Oct-Dec 2022,10002-13543,"11,515",3%,,Pune,Residential Multistorey Apartment
Bund Garden Road,Jul-Sep 2022,9825-13022,"11,076",4%,,Pune,Residential Multistorey Apartment
Bund Garden Road,Apr-Jun 2022,9601-12490,"10,890",2%,,Pune,Residential Multistorey Apartment
Bund Garden Road,Jan-Mar 2022,9372-11930,"10,630",2%,,Pune,Residential Multistorey Apartment
Bund Garden Road,Oct-Dec 2021,9150-11425,"10,258",3%,,Pune,Residential Multistorey Apartment
Bund Garden Road,Jul-Sep 2021,8945-10910,"9,853",4%,,Pune,Residential Multistorey Apartment
Bund Garden Road,Apr-Jun 2021,8742-10401,"9,487",3%,,Pune,Residential Multistorey Apartment
Bund Garden Road,Jan-Mar 2021,8540-9880,"9,040",3%,,Pune,Residential Multistorey Apartment
Bund Garden Road,Oct-Dec 2020,8340-9612,"8,812",2%,,Pune,Residential Multistorey Apartment
Bund Garden Road,Jul-Sep 2020,8140-9342,"8,586",2%,,Pune,Residential Multistorey Apartment
Bund Garden Road,Apr-Jun 2020,7940-9083,"8,381",2%,,Pune,Residential Multistorey Apartment
Bund Garden Road,Jan-Mar 2020,7740-8834,"8,165",2%,,Pune,Residential Multistorey Apartment
Bund Garden Road,Oct-Dec 2019,7540-8582,"7,965",3%,,Pune,Residential Multistorey Apartment
Bund Garden Road,Jul-Sep 2019,7340-8330,"7,724",3%,,Pune,Residential Multistorey Apartment
Bund Garden Road,Apr-Jun 2019,7140-8082,"7,496",3%,,Pune,Residential Multistorey Apartment
Bund Garden Road,Jan-Mar 2019,6940-7834,"7,271",4%,,Pune,Residential Multistorey Apartment
Bund Garden Road,Oct-Dec 2018,6740-7582,"7,048",3%,,Pune,Residential Multistorey Apartment
Bund Garden Road,Jul-Sep 2018,6540-7330,"6,827",3%,,Pune,Residential Multistorey Apartment
,,,,,,Pune,Residential Multistorey Apartment
Camp,Oct-Dec 2024,7648-13778,"10,713",4%,,Pune,Residential Multistorey Apartment
Camp,Jul-Sep 2024,7529-13030,"10,280",9%,,Pune,Residential Multistorey Apartment
Camp,Apr-Jun 2024,7289-11609,"9,449",2%,,Pune,Residential Multistorey Apartment
Camp,Jan-Mar 2024,6899-11694,"9,296",8%,,Pune,Residential Multistorey Apartment
Camp,Oct-Dec 2023,6681-10595,"8,638",2%,,Pune,Residential Multistorey Apartment
Camp,Jul-Sep 2023,6789-10855,"8,822",1%,,Pune,Residential Multistorey Apartment
Camp,Apr-Jun 2023,6703-11201,"8,952",,,Pune,Residential Multistorey Apartment
Camp,Jan-Mar 2023,6902-11009,"8,956",0.20%,,Pune,Residential Multistorey Apartment
Camp,Oct-Dec 2022,6851-11017,"8,934",0.50%,,Pune,Residential Multistorey Apartment
Camp,Jul-Sep 2022,6955-10827,"8,891",4%,,Pune,Residential Multistorey Apartment
Camp,Apr-Jun 2022,6588-10436,"8,512",1%,,Pune,Residential Multistorey Apartment
Camp,Jan-Mar 2022,6344-10890,"8,617",4%,,Pune,Residential Multistorey Apartment
Camp,Oct-Dec 2021,6811-11196,"9,003",1%,,Pune,Residential Multistorey Apartment
Camp,Jul-Sep 2021,6999-11138,"9,069",6%,,Pune,Residential Multistorey Apartment
Camp,Apr-Jun 2021,6534-10654,"8,594",1%,,Pune,Residential Multistorey Apartment
Camp,Jan-Mar 2021,6760-10668,"8,714",1%,,Pune,Residential Multistorey Apartment
Camp,Oct-Dec 2020,6912-10679,"8,796",2%,,Pune,Residential Multistorey Apartment
Camp,Jul-Sep 2020,7179-10864,"9,021",2%,,Pune,Residential Multistorey Apartment
Camp,Apr-Jun 2020,7173-11194,"9,184",0.30%,,Pune,Residential Multistorey Apartment
Camp,Jan-Mar 2020,7209-11218,"9,213",-,,Pune,Residential Multistorey Apartment
Camp,Oct-Dec 2019,7502-10923,"9,212",2%,,Pune,Residential Multistorey Apartment
Camp,Jul-Sep 2019,6925-11142,"9,033",9%,,Pune,Residential Multistorey Apartment
Camp,Apr-Jun 2019,6558-10039,"8,299",5%,,Pune,Residential Multistorey Apartment
Camp,Jan-Mar 2019,6572-10859,"8,715",1%,,Pune,Residential Multistorey Apartment
Camp,Oct-Dec 2018,6496-10802,"8,649",1%,,Pune,Residential Multistorey Apartment
Camp,Jul-Sep 2018,6740-10387,"8,564",2%,,Pune,Residential Multistorey Apartment
,,,,,,Pune,Residential Multistorey Apartment
Chakan ,Oct-Dec 2024,3023-4716,"3,870",0.30%,,Pune,Residential Multistorey Apartment
Chakan ,Jul-Sep 2024,3064-4652,"3,858",1%,,Pune,Residential Multistorey Apartment
Chakan ,Apr-Jun 2024,3028-4604,"3,816",2%,,Pune,Residential Multistorey Apartment
Chakan ,Jan-Mar 2024,2999-4503,"3,751",2%,,Pune,Residential Multistorey Apartment
Chakan ,Oct-Dec 2023,2919-4410,"3,664",,,Pune,Residential Multistorey Apartment
Chakan ,Jul-Sep 2023,2925-4405,"3,665",1%,,Pune,Residential Multistorey Apartment
Chakan ,Apr-Jun 2023,2987-4391,"3,689",3%,,Pune,Residential Multistorey Apartment
Chakan ,Jan-Mar 2023,2892-4299,"3,596",1%,,Pune,Residential Multistorey Apartment
Chakan ,Oct-Dec 2022,2897-4377,"3,637",2%,,Pune,Residential Multistorey Apartment
Chakan ,Jul-Sep 2022,2805-4313,"3,559",3%,,Pune,Residential Multistorey Apartment
Chakan ,Apr-Jun 2022,2950-4366,"3,658",1%,,Pune,Residential Multistorey Apartment
Chakan ,Jan-Mar 2022,2849-4406,"3,628",2%,,Pune,Residential Multistorey Apartment
Chakan ,Oct-Dec 2021,2839-4258,"3,548",2%,,Pune,Residential Multistorey Apartment
Chakan ,Jul-Sep 2021,2892-4320,"3,606",0.50%,,Pune,Residential Multistorey Apartment
Chakan ,Apr-Jun 2021,2870-4308,"3,589",1%,,Pune,Residential Multistorey Apartment
Chakan ,Jan-Mar 2021,2838-4295,"3,566",1%,,Pune,Residential Multistorey Apartment
Chakan ,Oct-Dec 2020,2833-4336,"3,584",3%,,Pune,Residential Multistorey Apartment
Chakan ,Jul-Sep 2020,2922-4433,"3,677",2%,,Pune,Residential Multistorey Apartment
Chakan ,Apr-Jun 2020,2857-4370,"3,613",0.40%,,Pune,Residential Multistorey Apartment
Chakan ,Jan-Mar 2020,2870-4324,"3,597",1%,,Pune,Residential Multistorey Apartment
Chakan ,Oct-Dec 2019,2846-4270,"3,558",1%,,Pune,Residential Multistorey Apartment
Chakan ,Jul-Sep 2019,2864-4351,"3,607",0.30%,,Pune,Residential Multistorey Apartment
Chakan ,Apr-Jun 2019,2826-4369,"3,597",3%,,Pune,Residential Multistorey Apartment
Chakan ,Jan-Mar 2019,2784-4185,"3,484",2%,,Pune,Residential Multistorey Apartment
Chakan ,Oct-Dec 2018,2806-4273,"3,539",,,Pune,Residential Multistorey Apartment
Chakan ,Jul-Sep 2018,2840-4234,"3,537",1%,,Pune,Residential Multistorey Apartment
,,,,,,Pune,Residential Multistorey Apartment
Chakan Alandi Road,Oct-Dec 2024,3800-6305,"5,053",3%,,Pune,Residential Multistorey Apartment
Chakan Alandi Road,Jul-Sep 2024,3809-5969,"4,889",2%,,Pune,Residential Multistorey Apartment
Chakan Alandi Road,Apr-Jun 2024,3600-5890,"4,768",3%,,Pune,Residential Multistorey Apartment
Chakan Alandi Road,Jan-Mar 2024,3450-5730,"4,640",4%,,Pune,Residential Multistorey Apartment
Chakan Alandi Road,Oct-Dec 2023,3300-5650,"4,507",5%,,Pune,Residential Multistorey Apartment
Chakan Alandi Road,Jul-Sep 2023,3150-5500,"4,287",4%,,Pune,Residential Multistorey Apartment
Chakan Alandi Road,Apr-Jun 2023,3000-5350,"4,142",3%,,Pune,Residential Multistorey Apartment
Chakan Alandi Road,Jan-Mar 2023,2900-5200,"4,012",2%,,Pune,Residential Multistorey Apartment
Chakan Alandi Road,Oct-Dec 2022,2800-5100,"3,921",3%,,Pune,Residential Multistorey Apartment
Chakan Alandi Road,Jul-Sep 2022,2700-5000,"3,804",4%,,Pune,Residential Multistorey Apartment
Chakan Alandi Road,Apr-Jun 2022,2600-4900,"3,670",3%,,Pune,Residential Multistorey Apartment
Chakan Alandi Road,Jan-Mar 2022,2500-4800,"3,538",3%,,Pune,Residential Multistorey Apartment
Chakan Alandi Road,Oct-Dec 2021,2400-4700,"3,406",4%,,Pune,Residential Multistorey Apartment
Chakan Alandi Road,Jul-Sep 2021,2300-4600,"3,274",3%,,Pune,Residential Multistorey Apartment
Chakan Alandi Road,Apr-Jun 2021,2200-4500,"3,144",4%,,Pune,Residential Multistorey Apartment
Chakan Alandi Road,Jan-Mar 2021,2100-4400,"3,016",5%,,Pune,Residential Multistorey Apartment
Chakan Alandi Road,Oct-Dec 2020,2000-4300,"2,891",2%,,Pune,Residential Multistorey Apartment
Chakan Alandi Road,Jul-Sep 2020,1900-4200,"2,764",3%,,Pune,Residential Multistorey Apartment
Chakan Alandi Road,Apr-Jun 2020,1800-4100,"2,637",4%,,Pune,Residential Multistorey Apartment
Chakan Alandi Road,Jan-Mar 2020,1700-4000,"2,509",2%,,Pune,Residential Multistorey Apartment
Chakan Alandi Road,Oct-Dec 2019,1600-3900,"2,381",3%,,Pune,Residential Multistorey Apartment
Chakan Alandi Road,Jul-Sep 2019,1500-3800,"2,253",4%,,Pune,Residential Multistorey Apartment
Chakan Alandi Road,Apr-Jun 2019,1400-3700,"2,127",3%,,Pune,Residential Multistorey Apartment
Chakan Alandi Road,Jan-Mar 2019,1300-3600,"2,004",3%,,Pune,Residential Multistorey Apartment
Chakan Alandi Road,Oct-Dec 2018,1200-3500,"1,880",4%,,Pune,Residential Multistorey Apartment
Chakan Alandi Road,Jul-Sep 2018,1100-3400,"1,758",3%,,Pune,Residential Multistorey Apartment
,,,,,,Pune,Residential Multistorey Apartment
Charholi BK,Oct-Dec 2024,4816-7640,"6,228",7%,,Pune,Residential Multistorey Apartment
Charholi BK,Jul-Sep 2024,4461-7217,"5,839",0.10%,,Pune,Residential Multistorey Apartment
Charholi BK,Apr-Jun 2024,4421-7269,"5,845",2%,,Pune,Residential Multistorey Apartment
Charholi BK,Jan-Mar 2024,4438-7010,"5,724",2%,,Pune,Residential Multistorey Apartment
Charholi BK,Oct-Dec 2023,4310-6872,"5,591",3%,,Pune,Residential Multistorey Apartment
Charholi BK,Jul-Sep 2023,4257-6644,"5,450",2%,,Pune,Residential Multistorey Apartment
Charholi BK,Apr-Jun 2023,4183-6472,"5,328",6%,,Pune,Residential Multistorey Apartment
Charholi BK,Jan-Mar 2023,4639-6646,"5,642",0.10%,,Pune,Residential Multistorey Apartment
Charholi BK,Oct-Dec 2022,4674-6622,"5,648",2%,,Pune,Residential Multistorey Apartment
Charholi BK,Jul-Sep 2022,4541-6508,"5,525",2%,,Pune,Residential Multistorey Apartment
Charholi BK,Apr-Jun 2022,4521-6346,"5,434",0.40%,,Pune,Residential Multistorey Apartment
Charholi BK,Jan-Mar 2022,4609-6300,"5,454",-,,Pune,Residential Multistorey Apartment
Charholi BK,Oct-Dec 2021,4603-6313,"5,458",0.40%,,Pune,Residential Multistorey Apartment
Charholi BK,Jul-Sep 2021,4594-6363,"5,478",3%,,Pune,Residential Multistorey Apartment
Charholi BK,Apr-Jun 2021,4434-6249,"5,341",1%,,Pune,Residential Multistorey Apartment
Charholi BK,Jan-Mar 2021,4416-6164,"5,290",2%,,Pune,Residential Multistorey Apartment
Charholi BK,Oct-Dec 2020,4334-6007,"5,170",1%,,Pune,Residential Multistorey Apartment
Charholi BK,Jul-Sep 2020,4266-5937,"5,101",1%,,Pune,Residential Multistorey Apartment
Charholi BK,Apr-Jun 2020,4258-5859,"5,059",0.40%,,Pune,Residential Multistorey Apartment
Charholi BK,Jan-Mar 2020,4234-5844,"5,039",1%,,Pune,Residential Multistorey Apartment
Charholi BK,Oct-Dec 2019,4177-5808,"4,993",3%,,Pune,Residential Multistorey Apartment
Charholi BK,Jul-Sep 2019,4266-5990,"5,128",2%,,Pune,Residential Multistorey Apartment
Charholi BK,Apr-Jun 2019,4368-6054,"5,211",1%,,Pune,Residential Multistorey Apartment
Charholi BK,Jan-Mar 2019,4300-6201,"5,250",1%,,Pune,Residential Multistorey Apartment
Charholi BK,Oct-Dec 2018,4267-6126,"5,196",2%,,Pune,Residential Multistorey Apartment
Charholi BK,Jul-Sep 2018,4249-6343,"5,296",1%,,Pune,Residential Multistorey Apartment
,,,,,,Pune,Residential Multistorey Apartment
Chhatrapati Shivaji Maharaj Road,Oct-Dec 2024,12279-19196,"15,737",2%,,Pune,Residential Multistorey Apartment
Chhatrapati Shivaji Maharaj Road,Jul-Sep 2024,11900-18800,"15,061",2%,,Pune,Residential Multistorey Apartment
Chhatrapati Shivaji Maharaj Road,Apr-Jun 2024,11600-18600,"15,250",3%,,Pune,Residential Multistorey Apartment
Chhatrapati Shivaji Maharaj Road,Jan-Mar 2024,11200-18200,"14,870",3%,,Pune,Residential Multistorey Apartment
Chhatrapati Shivaji Maharaj Road,Oct-Dec 2023,10900-17700,"14,650",4%,,Pune,Residential Multistorey Apartment
Chhatrapati Shivaji Maharaj Road,Jul-Sep 2023,10600-17300,"14,400",8%,,Pune,Residential Multistorey Apartment
Chhatrapati Shivaji Maharaj Road,Apr-Jun 2023,10200-17000,"14,000",4%,,Pune,Residential Multistorey Apartment
Chhatrapati Shivaji Maharaj Road,Jan-Mar 2023,9800-16300,"13,600",2%,,Pune,Residential Multistorey Apartment
Chhatrapati Shivaji Maharaj Road,Oct-Dec 2022,9500-15800,"13,200",3%,,Pune,Residential Multistorey Apartment
Chhatrapati Shivaji Maharaj Road,Jul-Sep 2022,9200-15300,"12,800",3%,,Pune,Residential Multistorey Apartment
Chhatrapati Shivaji Maharaj Road,Apr-Jun 2022,8900-14800,"12,400",4%,,Pune,Residential Multistorey Apartment
Chhatrapati Shivaji Maharaj Road,Jan-Mar 2022,8600-14300,"12,000",4%,,Pune,Residential Multistorey Apartment
Chhatrapati Shivaji Maharaj Road,Oct-Dec 2021,8300-13700,"11,000",9%,,Pune,Residential Multistorey Apartment
Chhatrapati Shivaji Maharaj Road,Jul-Sep 2021,8000-13200,"10,600",-,,Pune,Residential Multistorey Apartment
Chhatrapati Shivaji Maharaj Road,Apr-Jun 2021,7700-12700,"10,200",-,,Pune,Residential Multistorey Apartment
Chhatrapati Shivaji Maharaj Road,Jan-Mar 2021,7400-12200,"9,800",-,,Pune,Residential Multistorey Apartment
Chhatrapati Shivaji Maharaj Road,Oct-Dec 2020,7100-11700,"9,400",-,,Pune,Residential Multistorey Apartment
Chhatrapati Shivaji Maharaj Road,Jul-Sep 2020,6800-11200,"9,000",-,,Pune,Residential Multistorey Apartment
Chhatrapati Shivaji Maharaj Road,Apr-Jun 2020,6500-10700,"8,600",-,,Pune,Residential Multistorey Apartment
Chhatrapati Shivaji Maharaj Road,Jan-Mar 2020,6200-10200,"8,200",-,,Pune,Residential Multistorey Apartment
Chhatrapati Shivaji Maharaj Road,Oct-Dec 2019,5900-9700,"7,800",-,,Pune,Residential Multistorey Apartment
Chhatrapati Shivaji Maharaj Road,Jul-Sep 2019,5600-9400,"7,400",-,,Pune,Residential Multistorey Apartment
Chhatrapati Shivaji Maharaj Road,Apr-Jun 2019,5300-9100,"7,000",-,,Pune,Residential Multistorey Apartment
Chhatrapati Shivaji Maharaj Road,Jan-Mar 2019,5000-8800,"6,600",-,,Pune,Residential Multistorey Apartment
Chhatrapati Shivaji Maharaj Road,Oct-Dec 2018,4700-8500,"6,200",-,,Pune,Residential Multistorey Apartment
Chhatrapati Shivaji Maharaj Road,Jul-Sep 2018,4400-8200,"5,800",-,,Pune,Residential Multistorey Apartment
,,,,,,Pune,Residential Multistorey Apartment
Chikhali Pimpri Chinchwad,Oct-Dec 2024,4427-6588,"5,508",,,Pune,Residential Multistorey Apartment
Chikhali Pimpri Chinchwad,Jul-Sep 2024,4449-6572,"5,510",2%,,Pune,Residential Multistorey Apartment
Chikhali Pimpri Chinchwad,Apr-Jun 2024,4420-6360,"5,390",2%,,Pune,Residential Multistorey Apartment
Chikhali Pimpri Chinchwad,Jan-Mar 2024,4367-6172,"5,269",2%,,Pune,Residential Multistorey Apartment
Chikhali Pimpri Chinchwad,Oct-Dec 2023,4403-6348,"5,375",0.40%,,Pune,Residential Multistorey Apartment
Chikhali Pimpri Chinchwad,Jul-Sep 2023,4385-6413,"5,399",2%,,Pune,Residential Multistorey Apartment
Chikhali Pimpri Chinchwad,Apr-Jun 2023,4388-6237,"5,312",1%,,Pune,Residential Multistorey Apartment
Chikhali Pimpri Chinchwad,Jan-Mar 2023,4283-6231,"5,257",2%,,Pune,Residential Multistorey Apartment
Chikhali Pimpri Chinchwad,Oct-Dec 2022,4291-6418,"5,354",3%,,Pune,Residential Multistorey Apartment
Chikhali Pimpri Chinchwad,Jul-Sep 2022,4227-6189,"5,208",1%,,Pune,Residential Multistorey Apartment
Chikhali Pimpri Chinchwad,Apr-Jun 2022,4164-6116,"5,140",1%,,Pune,Residential Multistorey Apartment
Chikhali Pimpri Chinchwad,Jan-Mar 2022,4119-6051,"5,085",4%,,Pune,Residential Multistorey Apartment
Chikhali Pimpri Chinchwad,Oct-Dec 2021,3982-5809,"4,895",1%,,Pune,Residential Multistorey Apartment
Chikhali Pimpri Chinchwad,Jul-Sep 2021,4050-5847,"4,949",3%,,Pune,Residential Multistorey Apartment
Chikhali Pimpri Chinchwad,Apr-Jun 2021,4168-6037,"5,103",-,,Pune,Residential Multistorey Apartment
Chikhali Pimpri Chinchwad,Jan-Mar 2021,4216-5989,"5,103",0.10%,,Pune,Residential Multistorey Apartment
Chikhali Pimpri Chinchwad,Oct-Dec 2020,4150-6071,"5,110",3%,,Pune,Residential Multistorey Apartment
Chikhali Pimpri Chinchwad,Jul-Sep 2020,4127-5809,"4,968",1%,,Pune,Residential Multistorey Apartment
Chikhali Pimpri Chinchwad,Apr-Jun 2020,4092-5900,"4,996",2%,,Pune,Residential Multistorey Apartment
Chikhali Pimpri Chinchwad,Jan-Mar 2020,3994-5768,"4,881",1%,,Pune,Residential Multistorey Apartment
Chikhali Pimpri Chinchwad,Oct-Dec 2019,3959-5723,"4,841",2%,,Pune,Residential Multistorey Apartment
Chikhali Pimpri Chinchwad,Jul-Sep 2019,4013-5853,"4,933",2%,,Pune,Residential Multistorey Apartment
Chikhali Pimpri Chinchwad,Apr-Jun 2019,3968-5748,"4,858",1%,,Pune,Residential Multistorey Apartment
Chikhali Pimpri Chinchwad,Jan-Mar 2019,3950-5672,"4,811",0.10%,,Pune,Residential Multistorey Apartment
Chikhali Pimpri Chinchwad,Oct-Dec 2018,3969-5665,"4,817",5%,,Pune,Residential Multistorey Apartment
Chikhali Pimpri Chinchwad,Jul-Sep 2018,4106-6028,"5,067",2%,,Pune,Residential Multistorey Apartment
,,,,,,Pune,Residential Multistorey Apartment
Chinchwad,Oct-Dec 2024,5855-9861,"7,858",0.20%,,Pune,Residential Multistorey Apartment
Chinchwad,Jul-Sep 2024,5875-9875,"7,875",2%,,Pune,Residential Multistorey Apartment
Chinchwad,Apr-Jun 2024,5810-9560,"7,685",2%,,Pune,Residential Multistorey Apartment
Chinchwad,Jan-Mar 2024,6034-9639,"7,836",3%,,Pune,Residential Multistorey Apartment
Chinchwad,Oct-Dec 2023,5828-9427,"7,628",2.00%,,Pune,Residential Multistorey Apartment
Chinchwad,Jul-Sep 2023,5741-9183,"7,462",3%,,Pune,Residential Multistorey Apartment
Chinchwad,Apr-Jun 2023,5665-8873,"7,269",0%,,Pune,Residential Multistorey Apartment
Chinchwad,Jan-Mar 2023,5550-8924,"7,237",3.00%,,Pune,Residential Multistorey Apartment
Chinchwad,Oct-Dec 2022,5521-8518,"7,020",1%,,Pune,Residential Multistorey Apartment
Chinchwad,Jul-Sep 2022,5464-8432,"6,948",0.50%,,Pune,Residential Multistorey Apartment
Chinchwad,Apr-Jun 2022,5601-8363,"6,982",1%,,Pune,Residential Multistorey Apartment
Chinchwad,Jan-Mar 2022,5415-8354,"6,884",1%,,Pune,Residential Multistorey Apartment
Chinchwad,Oct-Dec 2021,5343-8291,"6,817",1%,,Pune,Residential Multistorey Apartment
Chinchwad,Jul-Sep 2021,5472-8366,"6,919",1%,,Pune,Residential Multistorey Apartment
Chinchwad,Apr-Jun 2021,5401-8243,"6,822",1%,,Pune,Residential Multistorey Apartment
Chinchwad,Jan-Mar 2021,5308-8246,"6,777",1%,,Pune,Residential Multistorey Apartment
Chinchwad,Oct-Dec 2020,5406-8278,"6,842",2%,,Pune,Residential Multistorey Apartment
Chinchwad,Jul-Sep 2020,5335-8078,"6,707",1%,,Pune,Residential Multistorey Apartment
Chinchwad,Apr-Jun 2020,5367-7955,"6,661",0.50%,,Pune,Residential Multistorey Apartment
Chinchwad,Jan-Mar 2020,5277-7984,"6,631",2%,,Pune,Residential Multistorey Apartment
Chinchwad,Oct-Dec 2019,5256-7810,"6,533",2%,,Pune,Residential Multistorey Apartment
Chinchwad,Jul-Sep 2019,5265-8112,"6,688",3%,,Pune,Residential Multistorey Apartment
Chinchwad,Apr-Jun 2019,5116-7853,"6,485",2%,,Pune,Residential Multistorey Apartment
Chinchwad,Jan-Mar 2019,4943-7732,"6,337",0.40%,,Pune,Residential Multistorey Apartment
Chinchwad,Oct-Dec 2018,5055-7564,"6,309",,,Pune,Residential Multistorey Apartment
Chinchwad,Jul-Sep 2018,4944-7611,"6,278",1%,,Pune,Residential Multistorey Apartment
,,,,,,Pune,Residential Multistorey Apartment
Clover Village,Oct-Dec 2024,8496-11711,"10,104",4%,,Pune,Residential Multistorey Apartment
Clover Village,Jul-Sep 2024,8054-11297,"9,676",5%,,Pune,Residential Multistorey Apartment
Clover Village,Apr-Jun 2024,7830-10990,"9,310",3%,,Pune,Residential Multistorey Apartment
Clover Village,Jan-Mar 2024,7600-10700,"8,950",4%,,Pune,Residential Multistorey Apartment
Clover Village,Oct-Dec 2023,7380-10400,"8,640",4%,,Pune,Residential Multistorey Apartment
Clover Village,Jul-Sep 2023,7150-10100,"8,320",4%,,Pune,Residential Multistorey Apartment
Clover Village,Apr-Jun 2023,6930-9800,"8,000",3%,,Pune,Residential Multistorey Apartment
Clover Village,Jan-Mar 2023,6700-9600,"7,670",3%,,Pune,Residential Multistorey Apartment
Clover Village,Oct-Dec 2022,6500-9400,"7,400",2%,,Pune,Residential Multistorey Apartment
Clover Village,Jul-Sep 2022,6300-9200,"7,100",3%,,Pune,Residential Multistorey Apartment
Clover Village,Apr-Jun 2022,6100-9000,"6,850",4%,,Pune,Residential Multistorey Apartment
Clover Village,Jan-Mar 2022,5900-8800,"6,500",3%,,Pune,Residential Multistorey Apartment
Clover Village,Oct-Dec 2021,5700-8600,"6,250",5%,,Pune,Residential Multistorey Apartment
Clover Village,Jul-Sep 2021,5500-8400,"6,000",-,,Pune,Residential Multistorey Apartment
Clover Village,Apr-Jun 2021,5300-8200,"5,750",-,,Pune,Residential Multistorey Apartment
Clover Village,Jan-Mar 2021,5100-8000,"5,500",-,,Pune,Residential Multistorey Apartment
Clover Village,Oct-Dec 2020,4900-7800,"5,300",-,,Pune,Residential Multistorey Apartment
Clover Village,Jul-Sep 2020,4700-7600,"5,050",-,,Pune,Residential Multistorey Apartment
Clover Village,Apr-Jun 2020,4500-7400,"4,800",-,,Pune,Residential Multistorey Apartment
Clover Village,Jan-Mar 2020,4300-7200,"4,550",-,,Pune,Residential Multistorey Apartment
Clover Village,Oct-Dec 2019,4100-7000,"4,300",-,,Pune,Residential Multistorey Apartment
Clover Village,Jul-Sep 2019,3900-6800,"4,050",-,,Pune,Residential Multistorey Apartment
Clover Village,Apr-Jun 2019,3700-6600,"3,800",-,,Pune,Residential Multistorey Apartment
Clover Village,Jan-Mar 2019,3500-6400,"3,550",-,,Pune,Residential Multistorey Apartment
Clover Village,Oct-Dec 2018,3300-6200,"3,250",-,,Pune,Residential Multistorey Apartment
Clover Village,Jul-Sep 2018,3100-6000,"3,050",-,,Pune,Residential Multistorey Apartment
,,,,,,Pune,Residential Multistorey Apartment
Dahanukar Colony,Oct-Dec 2024,11887-15000,"13,443",0.20%,,Pune,Residential Multistorey Apartment
Dahanukar Colony,Jul-Sep 2024,11092-15736,"13,414",2%,,Pune,Residential Multistorey Apartment
Dahanukar Colony,Apr-Jun 2024,11825-15539,"13,682",1%,,Pune,Residential Multistorey Apartment
Dahanukar Colony,Jan-Mar 2024,12242-14833,"13,537",7%,,Pune,Residential Multistorey Apartment
Dahanukar Colony,Oct-Dec 2023,10748-14622,"12,685",0.20%,,Pune,Residential Multistorey Apartment
Dahanukar Colony,Jul-Sep 2023,10901-14508,"12,705",1%,,Pune,Residential Multistorey Apartment
Dahanukar Colony,Apr-Jun 2023,10886-14892,"12,889",2%,,Pune,Residential Multistorey Apartment
Dahanukar Colony,Jan-Mar 2023,10719-14531,"12,625",2%,,Pune,Residential Multistorey Apartment
Dahanukar Colony,Oct-Dec 2022,10607-14160,"12,384",1%,,Pune,Residential Multistorey Apartment
Dahanukar Colony,Jul-Sep 2022,10359-14171,"12,265",1%,,Pune,Residential Multistorey Apartment
Dahanukar Colony,Apr-Jun 2022,9985-14335,"12,160",5%,,Pune,Residential Multistorey Apartment
Dahanukar Colony,Jan-Mar 2022,9838-13258,"11,548",2%,,Pune,Residential Multistorey Apartment
Dahanukar Colony,Oct-Dec 2021,9951-13600,"11,775",3%,,Pune,Residential Multistorey Apartment
Dahanukar Colony,Jul-Sep 2021,9399-13368,"11,384",5%,,Pune,Residential Multistorey Apartment
Dahanukar Colony,Apr-Jun 2021,8882-12824,"10,853",2%,,Pune,Residential Multistorey Apartment
Dahanukar Colony,Jan-Mar 2021,8988-12253,"10,621",3%,,Pune,Residential Multistorey Apartment
Dahanukar Colony,Oct-Dec 2020,9365-12538,"10,951",3%,,Pune,Residential Multistorey Apartment
Dahanukar Colony,Jul-Sep 2020,9358-13114,"11,236",-,,Pune,Residential Multistorey Apartment
Dahanukar Colony,Apr-Jun 2020,-,-,-,,Pune,Residential Multistorey Apartment
Dahanukar Colony,Jan-Mar 2020,9431-12928,"11,180",7%,,Pune,Residential Multistorey Apartment
Dahanukar Colony,Oct-Dec 2019,10325-13591,"11,958",1%,,Pune,Residential Multistorey Apartment
Dahanukar Colony,Jul-Sep 2019,9938-14137,"12,037",1%,,Pune,Residential Multistorey Apartment
Dahanukar Colony,Apr-Jun 2019,9480-14345,"11,912",5%,,Pune,Residential Multistorey Apartment
Dahanukar Colony,Jan-Mar 2019,8789-13913,"11,351",2%,,Pune,Residential Multistorey Apartment
Dahanukar Colony,Oct-Dec 2018,8716-13622,"11,169",6%,,Pune,Residential Multistorey Apartment
Dahanukar Colony,Jul-Sep 2018,8595-12397,"10,496",1%,,Pune,Residential Multistorey Apartment
,,,,,,Pune,Residential Multistorey Apartment
Dange Chowk Road,Oct-Dec 2024,6303-9615,"7,959",1%,,Pune,Residential Multistorey Apartment
Dange Chowk Road,Jul-Sep 2024,6215-9492,"7,853",2%,,Pune,Residential Multistorey Apartment
Dange Chowk Road,Apr-Jun 2024,6110-9274,"7,692",2%,,Pune,Residential Multistorey Apartment
Dange Chowk Road,Jan-Mar 2024,6002-9093,"7,548",2%,,Pune,Residential Multistorey Apartment
Dange Chowk Road,Oct-Dec 2023,5871-8946,"7,408",3%,,Pune,Residential Multistorey Apartment
Dange Chowk Road,Jul-Sep 2023,6152-9075,"7,613",2%,,Pune,Residential Multistorey Apartment
Dange Chowk Road,Apr-Jun 2023,6036-8894,"7,465",11%,,Pune,Residential Multistorey Apartment
Dange Chowk Road,Jan-Mar 2023,5572-7870,"6,721",3%,,Pune,Residential Multistorey Apartment
Dange Chowk Road,Oct-Dec 2022,5470-7608,"6,539",0.50%,,Pune,Residential Multistorey Apartment
Dange Chowk Road,Jul-Sep 2022,5493-7647,"6,570",3%,,Pune,Residential Multistorey Apartment
Dange Chowk Road,Apr-Jun 2022,5197-7585,"6,391",3%,,Pune,Residential Multistorey Apartment
Dange Chowk Road,Jan-Mar 2022,5263-7181,"6,222",1%,,Pune,Residential Multistorey Apartment
Dange Chowk Road,Oct-Dec 2021,5028-7288,"6,158",-,,Pune,Residential Multistorey Apartment
Dange Chowk Road,Jul-Sep 2021,5207-7112,"6,159",1%,,Pune,Residential Multistorey Apartment
Dange Chowk Road,Apr-Jun 2021,5059-7108,"6,084",2%,,Pune,Residential Multistorey Apartment
Dange Chowk Road,Jan-Mar 2021,4982-7376,"6,179",1%,,Pune,Residential Multistorey Apartment
Dange Chowk Road,Oct-Dec 2020,5008-7186,"6,097",3%,,Pune,Residential Multistorey Apartment
Dange Chowk Road,Jul-Sep 2020,5176-7422,"6,299",3%,,Pune,Residential Multistorey Apartment
Dange Chowk Road,Apr-Jun 2020,5096-7109,"6,103",1%,,Pune,Residential Multistorey Apartment
Dange Chowk Road,Jan-Mar 2020,5031-7100,"6,066",1%,,Pune,Residential Multistorey Apartment
Dange Chowk Road,Oct-Dec 2019,5046-7241,"6,144",0.40%,,Pune,Residential Multistorey Apartment
Dange Chowk Road,Jul-Sep 2019,5147-7185,"6,166",2%,,Pune,Residential Multistorey Apartment
Dange Chowk Road,Apr-Jun 2019,5314-7284,"6,299",1%,,Pune,Residential Multistorey Apartment
Dange Chowk Road,Jan-Mar 2019,5238-7273,"6,255",1%,,Pune,Residential Multistorey Apartment
Dange Chowk Road,Oct-Dec 2018,5235-7171,"6,203",1%,,Pune,Residential Multistorey Apartment
Dange Chowk Road,Jul-Sep 2018,5257-7050,"6,153",1%,,Pune,Residential Multistorey Apartment
,,,,,,Pune,Residential Multistorey Apartment
Datta Mandir Road,Oct-Dec 2024,6663-9943,"8,303",0.40%,,Pune,Residential Multistorey Apartment
Datta Mandir Road,Jul-Sep 2024,6639-9895,"8,267",2%,,Pune,Residential Multistorey Apartment
Datta Mandir Road,Apr-Jun 2024,6555-9622,"8,089",2%,,Pune,Residential Multistorey Apartment
Datta Mandir Road,Jan-Mar 2024,6440-9436,"7,938",1%,,Pune,Residential Multistorey Apartment
Datta Mandir Road,Oct-Dec 2023,6334-9324,"7,829",-,,Pune,Residential Multistorey Apartment
Datta Mandir Road,Jul-Sep 2023,6220-9200,"7,610",2%,,Pune,Residential Multistorey Apartment
Datta Mandir Road,Apr-Jun 2023,6100-9080,"7,440",2%,,Pune,Residential Multistorey Apartment
Datta Mandir Road,Jan-Mar 2023,6000-8960,"7,300",2%,,Pune,Residential Multistorey Apartment
Datta Mandir Road,Oct-Dec 2022,5900-8850,"7,100",2%,,Pune,Residential Multistorey Apartment
Datta Mandir Road,Jul-Sep 2022,5800-8740,"6,970",3%,,Pune,Residential Multistorey Apartment
Datta Mandir Road,Apr-Jun 2022,5700-8630,"6,850",3%,,Pune,Residential Multistorey Apartment
Datta Mandir Road,Jan-Mar 2022,5600-8520,"6,740",3%,,Pune,Residential Multistorey Apartment
Datta Mandir Road,Oct-Dec 2021,5500-8410,"6,620",4%,,Pune,Residential Multistorey Apartment
Datta Mandir Road,Jul-Sep 2021,5400-8300,"6,510",-,,Pune,Residential Multistorey Apartment
Datta Mandir Road,Apr-Jun 2021,5300-8190,"6,400",-,,Pune,Residential Multistorey Apartment
Datta Mandir Road,Jan-Mar 2021,5200-8080,"6,290",-,,Pune,Residential Multistorey Apartment
Datta Mandir Road,Oct-Dec 2020,5100-7970,"6,180",-,,Pune,Residential Multistorey Apartment
Datta Mandir Road,Jul-Sep 2020,5000-7860,"6,070",-,,Pune,Residential Multistorey Apartment
Datta Mandir Road,Apr-Jun 2020,4900-7750,"5,960",-,,Pune,Residential Multistorey Apartment
Datta Mandir Road,Jan-Mar 2020,4800-7640,"5,850",-,,Pune,Residential Multistorey Apartment
Datta Mandir Road,Oct-Dec 2019,4700-7530,"5,740",-,,Pune,Residential Multistorey Apartment
Datta Mandir Road,Jul-Sep 2019,4600-7420,"5,630",-,,Pune,Residential Multistorey Apartment
Datta Mandir Road,Apr-Jun 2019,4500-7310,"5,520",-,,Pune,Residential Multistorey Apartment
Datta Mandir Road,Jan-Mar 2019,4400-7200,"5,410",-,,Pune,Residential Multistorey Apartment
Datta Mandir Road,Oct-Dec 2018,4300-7090,"5,300",-,,Pune,Residential Multistorey Apartment
Datta Mandir Road,Jul-Sep 2018,4200-6980,"5,190",-,,Pune,Residential Multistorey Apartment
,,,,,,Pune,Residential Multistorey Apartment
Deccan Gymkhana,Oct-Dec 2024,13713-20303,"17,008",-,,Pune,Residential Multistorey Apartment
Deccan Gymkhana,Jul-Sep 2024,13524-20516,"17,020",4%,,Pune,Residential Multistorey Apartment
Deccan Gymkhana,Apr-Jun 2024,13206-19670,"16,438",0.40%,,Pune,Residential Multistorey Apartment
Deccan Gymkhana,Jan-Mar 2024,13051-19682,"16,367",3%,,Pune,Residential Multistorey Apartment
Deccan Gymkhana,Oct-Dec 2023,12767-19033,"15,900",4%,,Pune,Residential Multistorey Apartment
Deccan Gymkhana,Jul-Sep 2023,13775-19234,"16,505",-,,Pune,Residential Multistorey Apartment
Deccan Gymkhana,Apr-Jun 2023,12400-18500,"15,450",4%,,Pune,Residential Multistorey Apartment
Deccan Gymkhana,Jan-Mar 2023,12000-18000,"15,000",3%,,Pune,Residential Multistorey Apartment
Deccan Gymkhana,Oct-Dec 2022,11600-17500,"14,800",3%,,Pune,Residential Multistorey Apartment
Deccan Gymkhana,Jul-Sep 2022,11200-17000,"14,600",2%,,Pune,Residential Multistorey Apartment
Deccan Gymkhana,Apr-Jun 2022,10800-16500,"14,400",2%,,Pune,Residential Multistorey Apartment
Deccan Gymkhana,Jan-Mar 2022,10400-16000,"14,200",2%,,Pune,Residential Multistorey Apartment
Deccan Gymkhana,Oct-Dec 2021,10000-15500,"14,000",4%,,Pune,Residential Multistorey Apartment
Deccan Gymkhana,Jul-Sep 2021,9800-15000,"13,900",-,,Pune,Residential Multistorey Apartment
Deccan Gymkhana,Apr-Jun 2021,9600-14500,"13,800",-,,Pune,Residential Multistorey Apartment
Deccan Gymkhana,Jan-Mar 2021,9400-14000,"13,700",-,,Pune,Residential Multistorey Apartment
Deccan Gymkhana,Oct-Dec 2020,9200-13500,"13,600",-,,Pune,Residential Multistorey Apartment
Deccan Gymkhana,Jul-Sep 2020,9000-13000,"13,500",-,,Pune,Residential Multistorey Apartment
Deccan Gymkhana,Apr-Jun 2020,8800-12500,"13,400",-,,Pune,Residential Multistorey Apartment
Deccan Gymkhana,Jan-Mar 2020,8600-12000,"13,300",-,,Pune,Residential Multistorey Apartment
Deccan Gymkhana,Oct-Dec 2019,8400-11500,"13,200",-,,Pune,Residential Multistorey Apartment
Deccan Gymkhana,Jul-Sep 2019,8200-11000,"13,100",-,,Pune,Residential Multistorey Apartment
Deccan Gymkhana,Apr-Jun 2019,8000-10500,"13,000",-,,Pune,Residential Multistorey Apartment
Deccan Gymkhana,Jan-Mar 2019,7800-10000,"12,900",-,,Pune,Residential Multistorey Apartment
Deccan Gymkhana,Oct-Dec 2018,7600-9500,"12,800",-,,Pune,Residential Multistorey Apartment
Deccan Gymkhana,Jul-Sep 2018,7400-9000,"12,700",-,,Pune,Residential Multistorey Apartment
,,,,,,Pune,Residential Multistorey Apartment
Dehu Moshi Road,Oct-Dec 2024,4610-7307,"5,959",3%,,Pune,Residential Multistorey Apartment
Dehu Moshi Road,Jul-Sep 2024,4579-7036,"5,807",4%,,Pune,Residential Multistorey Apartment
Dehu Moshi Road,Apr-Jun 2024,4530-6900,"5,744",3%,,Pune,Residential Multistorey Apartment
Dehu Moshi Road,Jan-Mar 2024,4450-6800,"5,650",2%,,Pune,Residential Multistorey Apartment
Dehu Moshi Road,Oct-Dec 2023,4370-6700,"5,550",3%,,Pune,Residential Multistorey Apartment
Dehu Moshi Road,Jul-Sep 2023,4280-6600,"5,400",2%,,Pune,Residential Multistorey Apartment
Dehu Moshi Road,Apr-Jun 2023,4200-6500,"5,250",2%,,Pune,Residential Multistorey Apartment
Dehu Moshi Road,Jan-Mar 2023,4120-6400,"5,150",3%,,Pune,Residential Multistorey Apartment
Dehu Moshi Road,Oct-Dec 2022,4040-6300,"5,060",3%,,Pune,Residential Multistorey Apartment
Dehu Moshi Road,Jul-Sep 2022,3960-6200,"4,970",2%,,Pune,Residential Multistorey Apartment
Dehu Moshi Road,Apr-Jun 2022,3880-6100,"4,880",2%,,Pune,Residential Multistorey Apartment
Dehu Moshi Road,Jan-Mar 2022,3800-6000,"4,800",3%,,Pune,Residential Multistorey Apartment
Dehu Moshi Road,Oct-Dec 2021,3720-5900,"4,720",4%,,Pune,Residential Multistorey Apartment
Dehu Moshi Road,Jul-Sep 2021,3640-5800,"4,640",3%,,Pune,Residential Multistorey Apartment
Dehu Moshi Road,Apr-Jun 2021,3560-5700,"4,560",3%,,Pune,Residential Multistorey Apartment
Dehu Moshi Road,Jan-Mar 2021,3480-5600,"4,480",2%,,Pune,Residential Multistorey Apartment
Dehu Moshi Road,Oct-Dec 2020,3400-5500,"4,400",2%,,Pune,Residential Multistorey Apartment
Dehu Moshi Road,Jul-Sep 2020,3320-5400,"4,320",2%,,Pune,Residential Multistorey Apartment
Dehu Moshi Road,Apr-Jun 2020,3240-5300,"4,240",2%,,Pune,Residential Multistorey Apartment
Dehu Moshi Road,Jan-Mar 2020,3160-5200,"4,160",2%,,Pune,Residential Multistorey Apartment
Dehu Moshi Road,Oct-Dec 2019,3080-5100,"4,080",2%,,Pune,Residential Multistorey Apartment
Dehu Moshi Road,Jul-Sep 2019,3000-5000,"4,000",3%,,Pune,Residential Multistorey Apartment
Dehu Moshi Road,Apr-Jun 2019,2920-4900,"3,920",3%,,Pune,Residential Multistorey Apartment
Dehu Moshi Road,Jan-Mar 2019,2840-4800,"3,840",3%,,Pune,Residential Multistorey Apartment
Dehu Moshi Road,Oct-Dec 2018,2760-4700,"3,760",2%,,Pune,Residential Multistorey Apartment
Dehu Moshi Road,Jul-Sep 2018,2680-4600,"3,680",2%,,Pune,Residential Multistorey Apartment
,,,,,,Pune,Residential Multistorey Apartment
Dehu Road,Oct-Dec 2024,4559-7621,"6,090",,,Pune,Residential Multistorey Apartment
Dehu Road,Jul-Sep 2024,4615-7565,"6,090",1%,,Pune,Residential Multistorey Apartment
Dehu Road,Apr-Jun 2024,4703-7658,"6,181",6%,,Pune,Residential Multistorey Apartment
Dehu Road,Jan-Mar 2024,4456-7256,"5,856",3%,,Pune,Residential Multistorey Apartment
Dehu Road,Oct-Dec 2023,4303-7057,"5,680",2%,,Pune,Residential Multistorey Apartment
Dehu Road,Jul-Sep 2023,4388-6718,"5,553",2%,,Pune,Residential Multistorey Apartment
Dehu Road,Apr-Jun 2023,4276-6631,"5,454",1%,,Pune,Residential Multistorey Apartment
Dehu Road,Jan-Mar 2023,4426-6631,"5,529",1%,,Pune,Residential Multistorey Apartment
Dehu Road,Oct-Dec 2022,4396-6540,"5,468",2%,,Pune,Residential Multistorey Apartment
Dehu Road,Jul-Sep 2022,4411-6351,"5,381",3%,,Pune,Residential Multistorey Apartment
Dehu Road,Apr-Jun 2022,4314-6171,"5,242",1%,,Pune,Residential Multistorey Apartment
Dehu Road,Jan-Mar 2022,4295-6047,"5,171",1%,,Pune,Residential Multistorey Apartment
Dehu Road,Oct-Dec 2021,4285-6142,"5,214",1%,,Pune,Residential Multistorey Apartment
Dehu Road,Jul-Sep 2021,4195-6125,"5,160",1%,,Pune,Residential Multistorey Apartment
Dehu Road,Apr-Jun 2021,4143-6093,"5,118",1%,,Pune,Residential Multistorey Apartment
Dehu Road,Jan-Mar 2021,4208-6128,"5,168",2%,,Pune,Residential Multistorey Apartment
Dehu Road,Oct-Dec 2020,4054-6095,"5,075",1%,,Pune,Residential Multistorey Apartment
Dehu Road,Jul-Sep 2020,4085-5949,"5,017",0.20%,,Pune,Residential Multistorey Apartment
Dehu Road,Apr-Jun 2020,3996-6020,"5,008",2%,,Pune,Residential Multistorey Apartment
Dehu Road,Jan-Mar 2020,4114-6085,"5,100",1%,,Pune,Residential Multistorey Apartment
Dehu Road,Oct-Dec 2019,4186-6121,"5,154",1%,,Pune,Residential Multistorey Apartment
Dehu Road,Jul-Sep 2019,4208-6186,"5,197",2%,,Pune,Residential Multistorey Apartment
Dehu Road,Apr-Jun 2019,4431-6145,"5,288",4%,,Pune,Residential Multistorey Apartment
Dehu Road,Jan-Mar 2019,4226-5933,"5,079",5%,,Pune,Residential Multistorey Apartment
Dehu Road,Oct-Dec 2018,3973-5670,"4,821",3%,,Pune,Residential Multistorey Apartment
Dehu Road,Jul-Sep 2018,3844-5544,"4,694",3%,,Pune,Residential Multistorey Apartment
,,,,,,Pune,Residential Multistorey Apartment
Dhankawadi,Oct-Dec 2024,4070-7080,"5,575",2%,,Pune,Residential Multistorey Apartment
Dhankawadi,Jul-Sep 2024,4033-7395,"5,714",2%,,Pune,Residential Multistorey Apartment
Dhankawadi,Apr-Jun 2024,3998-7245,"5,622",4%,,Pune,Residential Multistorey Apartment
Dhankawadi,Jan-Mar 2024,4098-7597,"5,847",4%,,Pune,Residential Multistorey Apartment
Dhankawadi,Oct-Dec 2023,4269-7965,"6,117",4%,,Pune,Residential Multistorey Apartment
Dhankawadi,Jul-Sep 2023,4447-8236,"6,342",22%,,Pune,Residential Multistorey Apartment
Dhankawadi,Apr-Jun 2023,3749-6612,"5,180",0.40%,,Pune,Residential Multistorey Apartment
Dhankawadi,Jan-Mar 2023,3833-6480,"5,157",6%,,Pune,Residential Multistorey Apartment
Dhankawadi,Oct-Dec 2022,3644-6104,"4,874",2%,,Pune,Residential Multistorey Apartment
Dhankawadi,Jul-Sep 2022,3651-5951,"4,801",12%,,Pune,Residential Multistorey Apartment
Dhankawadi,Apr-Jun 2022,3768-7152,"5,460",10%,,Pune,Residential Multistorey Apartment
Dhankawadi,Jan-Mar 2022,3619-6336,"4,977",3%,,Pune,Residential Multistorey Apartment
Dhankawadi,Oct-Dec 2021,3596-6110,"4,853",6%,,Pune,Residential Multistorey Apartment
Dhankawadi,Jul-Sep 2021,3814-6550,"5,182",5%,,Pune,Residential Multistorey Apartment
Dhankawadi,Apr-Jun 2021,3853-7091,"5,472",7%,,Pune,Residential Multistorey Apartment
Dhankawadi,Jan-Mar 2021,4174-7571,"5,872",5%,,Pune,Residential Multistorey Apartment
Dhankawadi,Oct-Dec 2020,4432-7975,"6,204",17%,,Pune,Residential Multistorey Apartment
Dhankawadi,Jul-Sep 2020,3962-6676,"5,319",1%,,Pune,Residential Multistorey Apartment
Dhankawadi,Apr-Jun 2020,4177-6546,"5,361",5%,,Pune,Residential Multistorey Apartment
Dhankawadi,Jan-Mar 2020,3965-6289,"5,127",4%,,Pune,Residential Multistorey Apartment
Dhankawadi,Oct-Dec 2019,3799-6056,"4,927",2%,,Pune,Residential Multistorey Apartment
Dhankawadi,Jul-Sep 2019,3838-6192,"5,015",7%,,Pune,Residential Multistorey Apartment
Dhankawadi,Apr-Jun 2019,4031-6794,"5,412",12%,,Pune,Residential Multistorey Apartment
Dhankawadi,Jan-Mar 2019,3451-6178,"4,815",3%,,Pune,Residential Multistorey Apartment
Dhankawadi,Oct-Dec 2018,3635-6320,"4,977",6%,,Pune,Residential Multistorey Apartment
Dhankawadi,Jul-Sep 2018,3425-5964,"4,694",1%,,Pune,Residential Multistorey Apartment
,,,,,,Pune,Residential Multistorey Apartment
Dhanori,Oct-Dec 2024,5596-8211,"6,904",3%,,Pune,Residential Multistorey Apartment
Dhanori,Jul-Sep 2024,5394-8009,"6,702",2%,,Pune,Residential Multistorey Apartment
Dhanori,Apr-Jun 2024,5342-7839,"6,591",2%,,Pune,Residential Multistorey Apartment
Dhanori,Jan-Mar 2024,5258-7728,"6,493",3%,,Pune,Residential Multistorey Apartment
Dhanori,Oct-Dec 2023,5093-7559,"6,326",2%,,Pune,Residential Multistorey Apartment
Dhanori,Jul-Sep 2023,5008-7429,"6,219",2%,,Pune,Residential Multistorey Apartment
Dhanori,Apr-Jun 2023,4910-7226,"6,068",2%,,Pune,Residential Multistorey Apartment
Dhanori,Jan-Mar 2023,4961-6962,"5,961",0.20%,,Pune,Residential Multistorey Apartment
Dhanori,Oct-Dec 2022,4879-7021,"5,950",2%,,Pune,Residential Multistorey Apartment
Dhanori,Jul-Sep 2022,4853-6856,"5,855",2%,,Pune,Residential Multistorey Apartment
Dhanori,Apr-Jun 2022,4807-6703,"5,755",1%,,Pune,Residential Multistorey Apartment
Dhanori,Jan-Mar 2022,4789-6664,"5,726",1%,,Pune,Residential Multistorey Apartment
Dhanori,Oct-Dec 2021,4732-6661,"5,696",1%,,Pune,Residential Multistorey Apartment
Dhanori,Jul-Sep 2021,4635-6652,"5,644",2%,,Pune,Residential Multistorey Apartment
Dhanori,Apr-Jun 2021,4586-6499,"5,543",-,,Pune,Residential Multistorey Apartment
Dhanori,Jan-Mar 2021,4606-6478,"5,542",1%,,Pune,Residential Multistorey Apartment
Dhanori,Oct-Dec 2020,4489-6490,"5,489",-,,Pune,Residential Multistorey Apartment
Dhanori,Jul-Sep 2020,4526-6451,"5,489",0.20%,,Pune,Residential Multistorey Apartment
Dhanori,Apr-Jun 2020,4458-6541,"5,499",1%,,Pune,Residential Multistorey Apartment
Dhanori,Jan-Mar 2020,4452-6442,"5,447",,,Pune,Residential Multistorey Apartment
Dhanori,Oct-Dec 2019,4442-6446,"5,444",,,Pune,Residential Multistorey Apartment
Dhanori,Jul-Sep 2019,4495-6447,"5,471",2%,,Pune,Residential Multistorey Apartment
Dhanori,Apr-Jun 2019,4567-6565,"5,566",2%,,Pune,Residential Multistorey Apartment
Dhanori,Jan-Mar 2019,4694-6615,"5,655",0.10%,,Pune,Residential Multistorey Apartment
Dhanori,Oct-Dec 2018,4625-6670,"5,648",2%,,Pune,Residential Multistorey Apartment
Dhanori,Jul-Sep 2018,4502-6579,"5,541",0.40%,,Pune,Residential Multistorey Apartment
,,,,,,Pune,Residential Multistorey Apartment
Dhanori Lohegaon Road,Oct-Dec 2024,5362-8039,"6,700",2%,,Pune,Residential Multistorey Apartment
Dhanori Lohegaon Road,Jul-Sep 2024,5224-7852,"6,538",1%,,Pune,Residential Multistorey Apartment
Dhanori Lohegaon Road,Apr-Jun 2024,5140-7751,"6,446",1%,,Pune,Residential Multistorey Apartment
Dhanori Lohegaon Road,Jan-Mar 2024,5114-7641,"6,378",2%,,Pune,Residential Multistorey Apartment
Dhanori Lohegaon Road,Oct-Dec 2023,4996-7521,"6,259",1%,,Pune,Residential Multistorey Apartment
Dhanori Lohegaon Road,Jul-Sep 2023,5055-7562,"6,308",3%,,Pune,Residential Multistorey Apartment
Dhanori Lohegaon Road,Apr-Jun 2023,4924-7321,"6,122",7%,,Pune,Residential Multistorey Apartment
Dhanori Lohegaon Road,Jan-Mar 2023,4791-6601,"5,696",3%,,Pune,Residential Multistorey Apartment
Dhanori Lohegaon Road,Oct-Dec 2022,4430-6645,"5,538",3%,,Pune,Residential Multistorey Apartment
Dhanori Lohegaon Road,Jul-Sep 2022,4749-6667,"5,708",1%,,Pune,Residential Multistorey Apartment
Dhanori Lohegaon Road,Apr-Jun 2022,4747-6751,"5,749",2%,,Pune,Residential Multistorey Apartment
Dhanori Lohegaon Road,Jan-Mar 2022,4533-6783,"5,658",3%,,Pune,Residential Multistorey Apartment
Dhanori Lohegaon Road,Oct-Dec 2021,4374-6589,"5,481",1%,,Pune,Residential Multistorey Apartment
Dhanori Lohegaon Road,Jul-Sep 2021,4122-6705,"5,414",1%,,Pune,Residential Multistorey Apartment
Dhanori Lohegaon Road,Apr-Jun 2021,4270-6432,"5,351",2%,,Pune,Residential Multistorey Apartment
Dhanori Lohegaon Road,Jan-Mar 2021,4281-6258,"5,269",2%,,Pune,Residential Multistorey Apartment
Dhanori Lohegaon Road,Oct-Dec 2020,4246-6049,"5,147",1%,,Pune,Residential Multistorey Apartment
Dhanori Lohegaon Road,Jul-Sep 2020,4141-6007,"5,074",1%,,Pune,Residential Multistorey Apartment
Dhanori Lohegaon Road,Apr-Jun 2020,4104-6113,"5,109",1%,,Pune,Residential Multistorey Apartment
Dhanori Lohegaon Road,Jan-Mar 2020,4187-6090,"5,138",2%,,Pune,Residential Multistorey Apartment
Dhanori Lohegaon Road,Oct-Dec 2019,4076-5963,"5,019",2%,,Pune,Residential Multistorey Apartment
Dhanori Lohegaon Road,Jul-Sep 2019,3994-6217,"5,105",2%,,Pune,Residential Multistorey Apartment
Dhanori Lohegaon Road,Apr-Jun 2019,4039-6354,"5,197",3%,,Pune,Residential Multistorey Apartment
Dhanori Lohegaon Road,Jan-Mar 2019,4039-6034,"5,037",6%,,Pune,Residential Multistorey Apartment
Dhanori Lohegaon Road,Oct-Dec 2018,4310-6405,"5,358",7%,,Pune,Residential Multistorey Apartment
Dhanori Lohegaon Road,Jul-Sep 2018,3864-6184,"5,024",1%,,Pune,Residential Multistorey Apartment
,,,,,,Pune,Residential Multistorey Apartment
Dhanori Road,Oct-Dec 2024,5409-8070,"6,740",2%,,Pune,Residential Multistorey Apartment
Dhanori Road,Jul-Sep 2024,5255-7906,"6,581",2%,,Pune,Residential Multistorey Apartment
Dhanori Road,Apr-Jun 2024,5161-7788,"6,474",1%,,Pune,Residential Multistorey Apartment
Dhanori Road,Jan-Mar 2024,5141-7685,"6,413",2%,,Pune,Residential Multistorey Apartment
Dhanori Road,Oct-Dec 2023,5000-7580,"6,300",3%,,Pune,Residential Multistorey Apartment
Dhanori Road,Jul-Sep 2023,4900-7480,"6,175",3%,,Pune,Residential Multistorey Apartment
Dhanori Road,Apr-Jun 2023,4800-7380,"6,050",2%,,Pune,Residential Multistorey Apartment
Dhanori Road,Jan-Mar 2023,4700-7280,"5,925",3%,,Pune,Residential Multistorey Apartment
Dhanori Road,Oct-Dec 2022,4600-7180,"5,800",3%,,Pune,Residential Multistorey Apartment
Dhanori Road,Jul-Sep 2022,4500-7080,"5,675",2%,,Pune,Residential Multistorey Apartment
Dhanori Road,Apr-Jun 2022,4400-6980,"5,550",3%,,Pune,Residential Multistorey Apartment
Dhanori Road,Jan-Mar 2022,4300-6880,"5,425",3%,,Pune,Residential Multistorey Apartment
Dhanori Road,Oct-Dec 2021,4200-6780,"5,300",4%,,Pune,Residential Multistorey Apartment
Dhanori Road,Jul-Sep 2021,4100-6680,"5,175",4%,,Pune,Residential Multistorey Apartment
Dhanori Road,Apr-Jun 2021,4000-6580,"5,050",3%,,Pune,Residential Multistorey Apartment
Dhanori Road,Jan-Mar 2021,3900-6480,"4,925",2%,,Pune,Residential Multistorey Apartment
Dhanori Road,Oct-Dec 2020,3800-6380,"4,800",3%,,Pune,Residential Multistorey Apartment
Dhanori Road,Jul-Sep 2020,3700-6280,"4,675",2%,,Pune,Residential Multistorey Apartment
Dhanori Road,Apr-Jun 2020,3600-6180,"4,550",2%,,Pune,Residential Multistorey Apartment
Dhanori Road,Jan-Mar 2020,3500-6080,"4,425",3%,,Pune,Residential Multistorey Apartment
Dhanori Road,Oct-Dec 2019,3400-5980,"4,300",2%,,Pune,Residential Multistorey Apartment
Dhanori Road,Jul-Sep 2019,3300-5880,"4,175",2%,,Pune,Residential Multistorey Apartment
Dhanori Road,Apr-Jun 2019,3200-5780,"4,050",3%,,Pune,Residential Multistorey Apartment
Dhanori Road,Jan-Mar 2019,3100-5680,"3,925",3%,,Pune,Residential Multistorey Apartment
Dhanori Road,Oct-Dec 2018,3000-5580,"3,800",3%,,Pune,Residential Multistorey Apartment
Dhanori Road,Jul-Sep 2018,2900-5480,"3,675",2%,,Pune,Residential Multistorey Apartment
,,,,,,Pune,Residential Multistorey Apartment
Dhayari ,Oct-Dec 2024,4491-7330,"5,911",1%,,Pune,Residential Multistorey Apartment
Dhayari ,Jul-Sep 2024,4525-7187,"5,856",0.30%,,Pune,Residential Multistorey Apartment
Dhayari ,Apr-Jun 2024,4544-7207,"5,875",7%,,Pune,Residential Multistorey Apartment
Dhayari ,Jan-Mar 2024,4274-6732,"5,503",2%,,Pune,Residential Multistorey Apartment
Dhayari ,Oct-Dec 2023,4170-6631,"5,400",,,Pune,Residential Multistorey Apartment
Dhayari ,Jul-Sep 2023,4147-6644,"5,395",2%,,Pune,Residential Multistorey Apartment
Dhayari ,Apr-Jun 2023,4074-6527,"5,301",1%,,Pune,Residential Multistorey Apartment
Dhayari ,Jan-Mar 2023,3986-6543,"5,265",3%,,Pune,Residential Multistorey Apartment
Dhayari ,Oct-Dec 2022,3869-6340,"5,104",2%,,Pune,Residential Multistorey Apartment
Dhayari ,Jul-Sep 2022,3848-6168,"5,008",3%,,Pune,Residential Multistorey Apartment
Dhayari ,Apr-Jun 2022,4072-6207,"5,140",1%,,Pune,Residential Multistorey Apartment
Dhayari ,Jan-Mar 2022,4002-6201,"5,101",1%,,Pune,Residential Multistorey Apartment
Dhayari ,Oct-Dec 2021,4003-6093,"5,048",1%,,Pune,Residential Multistorey Apartment
Dhayari ,Jul-Sep 2021,3977-6264,"5,120",0.20%,,Pune,Residential Multistorey Apartment
Dhayari ,Apr-Jun 2021,3956-6266,"5,111",0.30%,,Pune,Residential Multistorey Apartment
Dhayari ,Jan-Mar 2021,3981-6274,"5,128",2%,,Pune,Residential Multistorey Apartment
Dhayari ,Oct-Dec 2020,3952-6146,"5,049",1%,,Pune,Residential Multistorey Apartment
Dhayari ,Jul-Sep 2020,3829-6130,"4,979",1%,,Pune,Residential Multistorey Apartment
Dhayari ,Apr-Jun 2020,3796-6110,"4,953",0.30%,,Pune,Residential Multistorey Apartment
Dhayari ,Jan-Mar 2020,3840-6099,"4,969",1%,,Pune,Residential Multistorey Apartment
Dhayari ,Oct-Dec 2019,3802-5998,"4,900",1%,,Pune,Residential Multistorey Apartment
Dhayari ,Jul-Sep 2019,3859-6042,"4,951",,,Pune,Residential Multistorey Apartment
Dhayari ,Apr-Jun 2019,3851-6055,"4,953",1%,,Pune,Residential Multistorey Apartment
Dhayari ,Jan-Mar 2019,3908-6107,"5,008",2%,,Pune,Residential Multistorey Apartment
Dhayari ,Oct-Dec 2018,3837-6009,"4,923",0.50%,,Pune,Residential Multistorey Apartment
Dhayari ,Jul-Sep 2018,3823-5976,"4,900",3%,,Pune,Residential Multistorey Apartment
,,,,,,Pune,Residential Multistorey Apartment
Dhayari Phata Road,Oct-Dec 2024,4262-7187,"5,725",1%,,Pune,Residential Multistorey Apartment
Dhayari Phata Road,Jul-Sep 2024,4276-7050,"5,663",1%,,Pune,Residential Multistorey Apartment
Dhayari Phata Road,Apr-Jun 2024,4298-6933,"5,616",3%,,Pune,Residential Multistorey Apartment
Dhayari Phata Road,Jan-Mar 2024,4179-6770,"5,474",3%,,Pune,Residential Multistorey Apartment
Dhayari Phata Road,Oct-Dec 2023,4049-6582,"5,315",2%,,Pune,Residential Multistorey Apartment
Dhayari Phata Road,Jul-Sep 2023,4006-6411,"5,209",1%,,Pune,Residential Multistorey Apartment
Dhayari Phata Road,Apr-Jun 2023,3959-6392,"5,176",5%,,Pune,Residential Multistorey Apartment
Dhayari Phata Road,Jan-Mar 2023,4522-6325,"5,424",1%,,Pune,Residential Multistorey Apartment
Dhayari Phata Road,Oct-Dec 2022,4375-6550,"5,462",1%,,Pune,Residential Multistorey Apartment
Dhayari Phata Road,Jul-Sep 2022,4432-6418,"5,425",3%,,Pune,Residential Multistorey Apartment
Dhayari Phata Road,Apr-Jun 2022,4484-6685,"5,585",7%,,Pune,Residential Multistorey Apartment
Dhayari Phata Road,Jan-Mar 2022,4079-6349,"5,214",1%,,Pune,Residential Multistorey Apartment
Dhayari Phata Road,Oct-Dec 2021,4174-6107,"5,141",0.30%,,Pune,Residential Multistorey Apartment
Dhayari Phata Road,Jul-Sep 2021,4182-6128,"5,155",1%,,Pune,Residential Multistorey Apartment
Dhayari Phata Road,Apr-Jun 2021,4271-6192,"5,231",1%,,Pune,Residential Multistorey Apartment
Dhayari Phata Road,Jan-Mar 2021,4374-5978,"5,176",1%,,Pune,Residential Multistorey Apartment
Dhayari Phata Road,Oct-Dec 2020,4327-6164,"5,246",0.10%,,Pune,Residential Multistorey Apartment
Dhayari Phata Road,Jul-Sep 2020,4432-6072,"5,252",1%,,Pune,Residential Multistorey Apartment
Dhayari Phata Road,Apr-Jun 2020,4258-6135,"5,196",2%,,Pune,Residential Multistorey Apartment
Dhayari Phata Road,Jan-Mar 2020,4186-6005,"5,095",4%,,Pune,Residential Multistorey Apartment
Dhayari Phata Road,Oct-Dec 2019,4319-6286,"5,302",3%,,Pune,Residential Multistorey Apartment
Dhayari Phata Road,Jul-Sep 2019,4185-6118,"5,151",0.30%,,Pune,Residential Multistorey Apartment
Dhayari Phata Road,Apr-Jun 2019,4228-6102,"5,165",0.10%,,Pune,Residential Multistorey Apartment
Dhayari Phata Road,Jan-Mar 2019,4033-6283,"5,158",1%,,Pune,Residential Multistorey Apartment
Dhayari Phata Road,Oct-Dec 2018,4312-6106,"5,209",1%,,Pune,Residential Multistorey Apartment
Dhayari Phata Road,Jul-Sep 2018,4070-6241,"5,155",3%,,Pune,Residential Multistorey Apartment
,,,,,,Pune,Residential Multistorey Apartment
Dighi,Oct-Dec 2024,4619-6863,"5,741",1%,,Pune,Residential Multistorey Apartment
Dighi,Jul-Sep 2024,4602-6792,"5,697",0.40%,,Pune,Residential Multistorey Apartment
Dighi,Apr-Jun 2024,4532-6813,"5,673",1%,,Pune,Residential Multistorey Apartment
Dighi,Jan-Mar 2024,4488-6773,"5,631",1%,,Pune,Residential Multistorey Apartment
Dighi,Oct-Dec 2023,4550-6564,"5,557",1%,,Pune,Residential Multistorey Apartment
Dighi,Jul-Sep 2023,4433-6581,"5,507",0.30%,,Pune,Residential Multistorey Apartment
Dighi,Apr-Jun 2023,4416-6565,"5,490",1%,,Pune,Residential Multistorey Apartment
Dighi,Jan-Mar 2023,4298-6612,"5,455",2%,,Pune,Residential Multistorey Apartment
Dighi,Oct-Dec 2022,4265-6463,"5,364",2%,,Pune,Residential Multistorey Apartment
Dighi,Jul-Sep 2022,4436-6529,"5,482",1%,,Pune,Residential Multistorey Apartment
Dighi,Apr-Jun 2022,4529-6345,"5,437",0.40%,,Pune,Residential Multistorey Apartment
Dighi,Jan-Mar 2022,4488-6348,"5,418",2%,,Pune,Residential Multistorey Apartment
Dighi,Oct-Dec 2021,4402-6201,"5,301",2%,,Pune,Residential Multistorey Apartment
Dighi,Jul-Sep 2021,4525-6240,"5,383",1%,,Pune,Residential Multistorey Apartment
Dighi,Apr-Jun 2021,4523-6308,"5,416",2%,,Pune,Residential Multistorey Apartment
Dighi,Jan-Mar 2021,4298-6294,"5,296",1%,,Pune,Residential Multistorey Apartment
Dighi,Oct-Dec 2020,4333-6387,"5,360",0.30%,,Pune,Residential Multistorey Apartment
Dighi,Jul-Sep 2020,4377-6315,"5,346",1%,,Pune,Residential Multistorey Apartment
Dighi,Apr-Jun 2020,4488-6269,"5,379",1%,,Pune,Residential Multistorey Apartment
Dighi,Jan-Mar 2020,4387-6258,"5,322",0.30%,,Pune,Residential Multistorey Apartment
Dighi,Oct-Dec 2019,4330-6281,"5,306",2%,,Pune,Residential Multistorey Apartment
Dighi,Jul-Sep 2019,4086-6333,"5,210",2%,,Pune,Residential Multistorey Apartment
Dighi,Apr-Jun 2019,4142-6042,"5,092",5%,,Pune,Residential Multistorey Apartment
Dighi,Jan-Mar 2019,3809-5873,"4,841",4%,,Pune,Residential Multistorey Apartment
Dighi,Oct-Dec 2018,4068-6069,"5,068",4%,,Pune,Residential Multistorey Apartment
Dighi,Jul-Sep 2018,4158-6347,"5,252",1%,,Pune,Residential Multistorey Apartment
,,,,,,Pune,Residential Multistorey Apartment
Dighi Alandi Road,Oct-Dec 2024,4697-7482,"6,089",5%,,Pune,Residential Multistorey Apartment
Dighi Alandi Road,Jul-Sep 2024,4486-7106,"5,796",0.20%,,Pune,Residential Multistorey Apartment
Dighi Alandi Road,Apr-Jun 2024,4446-7128,"5,787",2%,,Pune,Residential Multistorey Apartment
Dighi Alandi Road,Jan-Mar 2024,4433-6952,"5,693",2%,,Pune,Residential Multistorey Apartment
Dighi Alandi Road,Oct-Dec 2023,4320-6900,"5,604",3%,,Pune,Residential Multistorey Apartment
Dighi Alandi Road,Jul-Sep 2023,4215-6800,"5,448",3%,,Pune,Residential Multistorey Apartment
Dighi Alandi Road,Apr-Jun 2023,4110-6700,"5,290",3%,,Pune,Residential Multistorey Apartment
Dighi Alandi Road,Jan-Mar 2023,4005-6600,"5,130",4%,,Pune,Residential Multistorey Apartment
Dighi Alandi Road,Oct-Dec 2022,3900-6500,"4,970",4%,,Pune,Residential Multistorey Apartment
Dighi Alandi Road,Jul-Sep 2022,3800-6400,"4,820",3%,,Pune,Residential Multistorey Apartment
Dighi Alandi Road,Apr-Jun 2022,3700-6300,"4,670",3%,,Pune,Residential Multistorey Apartment
Dighi Alandi Road,Jan-Mar 2022,3600-6200,"4,520",3%,,Pune,Residential Multistorey Apartment
Dighi Alandi Road,Oct-Dec 2021,3500-6100,"4,370",4%,,Pune,Residential Multistorey Apartment
Dighi Alandi Road,Jul-Sep 2021,3400-6000,"4,220",4%,,Pune,Residential Multistorey Apartment
Dighi Alandi Road,Apr-Jun 2021,3300-5900,"4,070",3%,,Pune,Residential Multistorey Apartment
Dighi Alandi Road,Jan-Mar 2021,3200-5800,"3,920",2%,,Pune,Residential Multistorey Apartment
Dighi Alandi Road,Oct-Dec 2020,3100-5700,"3,770",3%,,Pune,Residential Multistorey Apartment
Dighi Alandi Road,Jul-Sep 2020,3000-5600,"3,620",2%,,Pune,Residential Multistorey Apartment
Dighi Alandi Road,Apr-Jun 2020,2900-5500,"3,470",3%,,Pune,Residential Multistorey Apartment
Dighi Alandi Road,Jan-Mar 2020,2800-5400,"3,320",2%,,Pune,Residential Multistorey Apartment
Dighi Alandi Road,Oct-Dec 2019,2700-5300,"3,170",2%,,Pune,Residential Multistorey Apartment
Dighi Alandi Road,Jul-Sep 2019,2600-5200,"3,020",3%,,Pune,Residential Multistorey Apartment
Dighi Alandi Road,Apr-Jun 2019,2500-5100,"2,870",3%,,Pune,Residential Multistorey Apartment
Dighi Alandi Road,Jan-Mar 2019,2400-5000,"2,720",3%,,Pune,Residential Multistorey Apartment
Dighi Alandi Road,Oct-Dec 2018,2300-4900,"2,570",3%,,Pune,Residential Multistorey Apartment
Dighi Alandi Road,Jul-Sep 2018,2200-4800,"2,420",2%,,Pune,Residential Multistorey Apartment
,,,,,,Pune,Residential Multistorey Apartment
Domkhel Road,Oct-Dec 2024,4782-8282,"6,532",0.30%,,Pune,Residential Multistorey Apartment
Domkhel Road,Jul-Sep 2024,4758-8271,"6,514",4%,,Pune,Residential Multistorey Apartment
Domkhel Road,Apr-Jun 2024,4566-7915,"6,240",2%,,Pune,Residential Multistorey Apartment
Domkhel Road,Jan-Mar 2024,4510-7674,"6,092",3%,,Pune,Residential Multistorey Apartment
Domkhel Road,Oct-Dec 2023,4463-7356,"5,909",5%,,Pune,Residential Multistorey Apartment
Domkhel Road,Jul-Sep 2023,4271-6951,"5,611",1%,,Pune,Residential Multistorey Apartment
Domkhel Road,Apr-Jun 2023,4265-6828,"5,546",2%,,Pune,Residential Multistorey Apartment
Domkhel Road,Jan-Mar 2023,4197-6731,"5,464",3%,,Pune,Residential Multistorey Apartment
Domkhel Road,Oct-Dec 2022,4100-6650,"5,325",2%,,Pune,Residential Multistorey Apartment
Domkhel Road,Jul-Sep 2022,4000-6550,"5,160",3%,,Pune,Residential Multistorey Apartment
Domkhel Road,Apr-Jun 2022,3900-6450,"5,030",4%,,Pune,Residential Multistorey Apartment
Domkhel Road,Jan-Mar 2022,3800-6350,"4,900",5%,,Pune,Residential Multistorey Apartment
Domkhel Road,Oct-Dec 2021,3700-6250,"4,780",6%,,Pune,Residential Multistorey Apartment
Domkhel Road,Jul-Sep 2021,3600-6150,"4,650",6%,,Pune,Residential Multistorey Apartment
Domkhel Road,Apr-Jun 2021,3500-6050,"4,520",5%,,Pune,Residential Multistorey Apartment
Domkhel Road,Jan-Mar 2021,3400-5950,"4,390",4%,,Pune,Residential Multistorey Apartment
Domkhel Road,Oct-Dec 2020,3300-5850,"4,260",4%,,Pune,Residential Multistorey Apartment
Domkhel Road,Jul-Sep 2020,3200-5750,"4,130",5%,,Pune,Residential Multistorey Apartment
Domkhel Road,Apr-Jun 2020,3100-5650,"4,000",6%,,Pune,Residential Multistorey Apartment
Domkhel Road,Jan-Mar 2020,3000-5550,"3,870",6%,,Pune,Residential Multistorey Apartment
Domkhel Road,Oct-Dec 2019,2900-5450,"3,740",7%,,Pune,Residential Multistorey Apartment
Domkhel Road,Jul-Sep 2019,2800-5350,"3,610",6%,,Pune,Residential Multistorey Apartment
Domkhel Road,Apr-Jun 2019,2700-5250,"3,480",5%,,Pune,Residential Multistorey Apartment
Domkhel Road,Jan-Mar 2019,2600-5150,"3,350",5%,,Pune,Residential Multistorey Apartment
Domkhel Road,Oct-Dec 2018,2500-5050,"3,220",6%,,Pune,Residential Multistorey Apartment
Domkhel Road,Jul-Sep 2018,2400-4950,"3,100",5%,,Pune,Residential Multistorey Apartment
,,,,,,Pune,Residential Multistorey Apartment
DP Road,Oct-Dec 2024,10625-15909,"13,267",1%,,Pune,Residential Multistorey Apartment
DP Road,Jul-Sep 2024,10426-15939,"13,183",0.40%,,Pune,Residential Multistorey Apartment
DP Road,Apr-Jun 2024,10554-15922,"13,238",-,,Pune,Residential Multistorey Apartment
DP Road,Jan-Mar 2024,9543-16957,"13,250",5%,,Pune,Residential Multistorey Apartment
DP Road,Oct-Dec 2023,10794-17142,"13,968",3%,,Pune,Residential Multistorey Apartment
DP Road,Jul-Sep 2023,10394-16768,"13,300",4%,,Pune,Residential Multistorey Apartment
DP Road,Apr-Jun 2023,10250-16615,"13,160",2%,,Pune,Residential Multistorey Apartment
DP Road,Jan-Mar 2023,10100-16480,"13,130",2%,,Pune,Residential Multistorey Apartment
DP Road,Oct-Dec 2022,10000-16300,"13,050",3%,,Pune,Residential Multistorey Apartment
DP Road,Jul-Sep 2022,9800-16100,"12,900",4%,,Pune,Residential Multistorey Apartment
DP Road,Apr-Jun 2022,9600-15900,"12,730",5%,,Pune,Residential Multistorey Apartment
DP Road,Jan-Mar 2022,9400-15700,"12,500",4%,,Pune,Residential Multistorey Apartment
DP Road,Oct-Dec 2021,9200-15500,"12,250",3%,,Pune,Residential Multistorey Apartment
DP Road,Jul-Sep 2021,9000-15300,"12,050",4%,,Pune,Residential Multistorey Apartment
DP Road,Apr-Jun 2021,8800-15100,"11,850",5%,,Pune,Residential Multistorey Apartment
DP Road,Jan-Mar 2021,8600-14900,"11,650",4%,,Pune,Residential Multistorey Apartment
DP Road,Oct-Dec 2020,8400-14700,"11,450",5%,,Pune,Residential Multistorey Apartment
DP Road,Jul-Sep 2020,8200-14500,"11,250",5%,,Pune,Residential Multistorey Apartment
DP Road,Apr-Jun 2020,8000-14300,"11,000",4%,,Pune,Residential Multistorey Apartment
DP Road,Jan-Mar 2020,7800-14100,"10,850",4%,,Pune,Residential Multistorey Apartment
DP Road,Oct-Dec 2019,7600-13900,"10,700",5%,,Pune,Residential Multistorey Apartment
DP Road,Jul-Sep 2019,7400-13700,"10,550",5%,,Pune,Residential Multistorey Apartment
DP Road,Apr-Jun 2019,7200-13500,"10,400",4%,,Pune,Residential Multistorey Apartment
DP Road,Jan-Mar 2019,7000-13300,"10,250",5%,,Pune,Residential Multistorey Apartment
DP Road,Oct-Dec 2018,6800-13100,"10,100",5%,,Pune,Residential Multistorey Apartment
DP Road,Jul-Sep 2018,6600-12900,"9,950",5%,,Pune,Residential Multistorey Apartment
,,,,,,Pune,Residential Multistorey Apartment
EON Free Zone,Oct-Dec 2024,8097-12633,"10,365",2%,,Pune,Residential Multistorey Apartment
EON Free Zone,Jul-Sep 2024,8025-12357,"10,191",2%,,Pune,Residential Multistorey Apartment
EON Free Zone,Apr-Jun 2024,8045-12029,"10,037",1%,,Pune,Residential Multistorey Apartment
EON Free Zone,Jan-Mar 2024,7890-11897,"9,894",4%,,Pune,Residential Multistorey Apartment
EON Free Zone,Oct-Dec 2023,7522-11591,"9,556",4%,,Pune,Residential Multistorey Apartment
EON Free Zone,Jul-Sep 2023,7164-11217,"9,191",4%,,Pune,Residential Multistorey Apartment
EON Free Zone,Apr-Jun 2023,6950-10800,"8,875",3%,,Pune,Residential Multistorey Apartment
EON Free Zone,Jan-Mar 2023,6774-10408,"8,591",3%,,Pune,Residential Multistorey Apartment
EON Free Zone,Oct-Dec 2022,6506-10127,"8,316",3%,,Pune,Residential Multistorey Apartment
EON Free Zone,Jul-Sep 2022,6226-9896,"8,061",4%,,Pune,Residential Multistorey Apartment
EON Free Zone,Apr-Jun 2022,6162-9331,"7,746",3%,,Pune,Residential Multistorey Apartment
EON Free Zone,Jan-Mar 2022,6053-8994,"7,524",0.50%,,Pune,Residential Multistorey Apartment
EON Free Zone,Oct-Dec 2021,6057-8920,"7,489",2%,,Pune,Residential Multistorey Apartment
EON Free Zone,Jul-Sep 2021,5966-8746,"7,356",2%,,Pune,Residential Multistorey Apartment
EON Free Zone,Apr-Jun 2021,5878-8556,"7,217",-,,Pune,Residential Multistorey Apartment
EON Free Zone,Jan-Mar 2021,5776-8661,"7,218",3%,,Pune,Residential Multistorey Apartment
EON Free Zone,Oct-Dec 2020,5565-8458,"7,012",1%,,Pune,Residential Multistorey Apartment
EON Free Zone,Jul-Sep 2020,5609-8333,"6,971",1%,,Pune,Residential Multistorey Apartment
EON Free Zone,Apr-Jun 2020,5703-8358,"7,031",2%,,Pune,Residential Multistorey Apartment
EON Free Zone,Jan-Mar 2020,5628-8186,"6,907",4%,,Pune,Residential Multistorey Apartment
EON Free Zone,Oct-Dec 2019,5840-8582,"7,211",1%,,Pune,Residential Multistorey Apartment
EON Free Zone,Jul-Sep 2019,5997-8574,"7,285",0.40%,,Pune,Residential Multistorey Apartment
EON Free Zone,Apr-Jun 2019,5919-8588,"7,254",1%,,Pune,Residential Multistorey Apartment
EON Free Zone,Jan-Mar 2019,5856-8472,"7,164",0.10%,,Pune,Residential Multistorey Apartment
EON Free Zone,Oct-Dec 2018,5840-8472,"7,156",1%,,Pune,Residential Multistorey Apartment
EON Free Zone,Jul-Sep 2018,5788-8329,"7,058",5%,,Pune,Residential Multistorey Apartment
,,,,,,Pune,Residential Multistorey Apartment
Erandwane,Oct-Dec 2024,12389-18966,"15,678",3%,,Pune,Residential Multistorey Apartment
Erandwane,Jul-Sep 2024,11863-18513,"15,188",1%,,Pune,Residential Multistorey Apartment
Erandwane,Apr-Jun 2024,11866-18956,"15,411",1%,,Pune,Residential Multistorey Apartment
Erandwane,Jan-Mar 2024,11979-19080,"15,529",5%,,Pune,Residential Multistorey Apartment
Erandwane,Oct-Dec 2023,11383-18227,"14,805",5%,,Pune,Residential Multistorey Apartment
Erandwane,Jul-Sep 2023,10845-17321,"14,083",1%,,Pune,Residential Multistorey Apartment
Erandwane,Apr-Jun 2023,10950-16979,"13,964",4%,,Pune,Residential Multistorey Apartment
Erandwane,Jan-Mar 2023,11474-17675,"14,575",1%,,Pune,Residential Multistorey Apartment
Erandwane,Oct-Dec 2022,11244-17588,"14,416",1%,,Pune,Residential Multistorey Apartment
Erandwane,Jul-Sep 2022,11236-17808,"14,522",5%,,Pune,Residential Multistorey Apartment
Erandwane,Apr-Jun 2022,10600-17147,"13,874",5%,,Pune,Residential Multistorey Apartment
Erandwane,Jan-Mar 2022,10341-16134,"13,238",3%,,Pune,Residential Multistorey Apartment
Erandwane,Oct-Dec 2021,11011-16285,"13,648",3%,,Pune,Residential Multistorey Apartment
Erandwane,Jul-Sep 2021,10562-16051,"13,306",3%,,Pune,Residential Multistorey Apartment
Erandwane,Apr-Jun 2021,10318-15467,"12,892",1%,,Pune,Residential Multistorey Apartment
Erandwane,Jan-Mar 2021,10314-15672,"12,993",1%,,Pune,Residential Multistorey Apartment
Erandwane,Oct-Dec 2020,10162-15463,"12,812",-,,Pune,Residential Multistorey Apartment
Erandwane,Jul-Sep 2020,10000-15639,"12,820",2%,,Pune,Residential Multistorey Apartment
Erandwane,Apr-Jun 2020,9885-15316,"12,600",1%,,Pune,Residential Multistorey Apartment
Erandwane,Jan-Mar 2020,9784-15235,"12,510",3%,,Pune,Residential Multistorey Apartment
Erandwane,Oct-Dec 2019,9995-15689,"12,842",0.10%,,Pune,Residential Multistorey Apartment
Erandwane,Jul-Sep 2019,10066-15580,"12,823",0.40%,,Pune,Residential Multistorey Apartment
Erandwane,Apr-Jun 2019,10178-15356,"12,767",2%,,Pune,Residential Multistorey Apartment
Erandwane,Jan-Mar 2019,9786-15262,"12,524",4%,,Pune,Residential Multistorey Apartment
Erandwane,Oct-Dec 2018,9531-14632,"12,081",1%,,Pune,Residential Multistorey Apartment
Erandwane,Jul-Sep 2018,9576-14262,"11,919",0.40%,,Pune,Residential Multistorey Apartment
,,,,,,Pune,Residential Multistorey Apartment
Fatima Nagar Wanowrie,Oct-Dec 2024,7059-10156,"8,607",5%,,Pune,Residential Multistorey Apartment
Fatima Nagar Wanowrie,Jul-Sep 2024,6646-9761,"8,204",7%,,Pune,Residential Multistorey Apartment
Fatima Nagar Wanowrie,Apr-Jun 2024,6152-9156,"7,654",3%,,Pune,Residential Multistorey Apartment
Fatima Nagar Wanowrie,Jan-Mar 2024,5829-9026,"7,428",0.30%,,Pune,Residential Multistorey Apartment
Fatima Nagar Wanowrie,Oct-Dec 2023,5913-8995,"7,454",8%,,Pune,Residential Multistorey Apartment
Fatima Nagar Wanowrie,Jul-Sep 2023,5523-8293,"6,908",,,Pune,Residential Multistorey Apartment
Fatima Nagar Wanowrie,Apr-Jun 2023,5585-8228,"6,906",1%,,Pune,Residential Multistorey Apartment
Fatima Nagar Wanowrie,Jan-Mar 2023,5602-8334,"6,968",3%,,Pune,Residential Multistorey Apartment
Fatima Nagar Wanowrie,Oct-Dec 2022,5491-8065,"6,778",3%,,Pune,Residential Multistorey Apartment
Fatima Nagar Wanowrie,Jul-Sep 2022,5634-8274,"6,954",4%,,Pune,Residential Multistorey Apartment
Fatima Nagar Wanowrie,Apr-Jun 2022,5423-7957,"6,690",1%,,Pune,Residential Multistorey Apartment
Fatima Nagar Wanowrie,Jan-Mar 2022,5537-7941,"6,739",1%,,Pune,Residential Multistorey Apartment
Fatima Nagar Wanowrie,Oct-Dec 2021,5554-8114,"6,834",1%,,Pune,Residential Multistorey Apartment
Fatima Nagar Wanowrie,Jul-Sep 2021,5367-8149,"6,758",2%,,Pune,Residential Multistorey Apartment
Fatima Nagar Wanowrie,Apr-Jun 2021,5427-7797,"6,612",0.20%,,Pune,Residential Multistorey Apartment
Fatima Nagar Wanowrie,Jan-Mar 2021,5402-7847,"6,624",1%,,Pune,Residential Multistorey Apartment
Fatima Nagar Wanowrie,Oct-Dec 2020,5482-7593,"6,538",1%,,Pune,Residential Multistorey Apartment
Fatima Nagar Wanowrie,Jul-Sep 2020,5440-7486,"6,463",1%,,Pune,Residential Multistorey Apartment
Fatima Nagar Wanowrie,Apr-Jun 2020,5486-7516,"6,501",1%,,Pune,Residential Multistorey Apartment
Fatima Nagar Wanowrie,Jan-Mar 2020,5548-7571,"6,560",2%,,Pune,Residential Multistorey Apartment
Fatima Nagar Wanowrie,Oct-Dec 2019,5240-7585,"6,413",1%,,Pune,Residential Multistorey Apartment
Fatima Nagar Wanowrie,Jul-Sep 2019,5218-7522,"6,370",4%,,Pune,Residential Multistorey Apartment
Fatima Nagar Wanowrie,Apr-Jun 2019,5369-7850,"6,609",3%,,Pune,Residential Multistorey Apartment
Fatima Nagar Wanowrie,Jan-Mar 2019,5316-7469,"6,393",3%,,Pune,Residential Multistorey Apartment
Fatima Nagar Wanowrie,Oct-Dec 2018,5391-7840,"6,615",4%,,Pune,Residential Multistorey Apartment
Fatima Nagar Wanowrie,Jul-Sep 2018,5560-8172,"6,866",0.10%,,Pune,Residential Multistorey Apartment
,,,,,,Pune,Residential Multistorey Apartment
Fursungi,Oct-Dec 2024,3898-6554,"5,226",3%,,Pune,Residential Multistorey Apartment
Fursungi,Jul-Sep 2024,3769-6336,"5,052",2%,,Pune,Residential Multistorey Apartment
Fursungi,Apr-Jun 2024,3797-6123,"4,960",7%,,Pune,Residential Multistorey Apartment
Fursungi,Jan-Mar 2024,4106-6508,"5,307",4%,,Pune,Residential Multistorey Apartment
Fursungi,Oct-Dec 2023,3864-6346,"5,105",0.40%,,Pune,Residential Multistorey Apartment
Fursungi,Jul-Sep 2023,3928-6244,"5,086",4%,,Pune,Residential Multistorey Apartment
Fursungi,Apr-Jun 2023,3769-5992,"4,881",0.20%,,Pune,Residential Multistorey Apartment
Fursungi,Jan-Mar 2023,3795-5945,"4,870",2%,,Pune,Residential Multistorey Apartment
Fursungi,Oct-Dec 2022,3904-6025,"4,965",2%,,Pune,Residential Multistorey Apartment
Fursungi,Jul-Sep 2022,3775-5927,"4,851",1%,,Pune,Residential Multistorey Apartment
Fursungi,Apr-Jun 2022,3838-5930,"4,884",1%,,Pune,Residential Multistorey Apartment
Fursungi,Jan-Mar 2022,3795-5899,"4,847",-,,Pune,Residential Multistorey Apartment
Fursungi,Oct-Dec 2021,3860-5831,"4,846",4%,,Pune,Residential Multistorey Apartment
Fursungi,Jul-Sep 2021,3639-5645,"4,642",1%,,Pune,Residential Multistorey Apartment
Fursungi,Apr-Jun 2021,3654-5728,"4,691",1%,,Pune,Residential Multistorey Apartment
Fursungi,Jan-Mar 2021,3616-5646,"4,631",1%,,Pune,Residential Multistorey Apartment
Fursungi,Oct-Dec 2020,3698-5690,"4,694",1%,,Pune,Residential Multistorey Apartment
Fursungi,Jul-Sep 2020,3718-5767,"4,743",0.10%,,Pune,Residential Multistorey Apartment
Fursungi,Apr-Jun 2020,3743-5754,"4,748",0.50%,,Pune,Residential Multistorey Apartment
Fursungi,Jan-Mar 2020,3791-5661,"4,726",-,,Pune,Residential Multistorey Apartment
Fursungi,Oct-Dec 2019,3755-5692,"4,723",1%,,Pune,Residential Multistorey Apartment
Fursungi,Jul-Sep 2019,3871-5707,"4,789",1%,,Pune,Residential Multistorey Apartment
Fursungi,Apr-Jun 2019,3820-5702,"4,761",2%,,Pune,Residential Multistorey Apartment
Fursungi,Jan-Mar 2019,3700-5652,"4,676",2%,,Pune,Residential Multistorey Apartment
Fursungi,Oct-Dec 2018,3637-5558,"4,598",1%,,Pune,Residential Multistorey Apartment
Fursungi,Jul-Sep 2018,3566-5531,"4,548",3%,,Pune,Residential Multistorey Apartment
,,,,,,Pune,Residential Multistorey Apartment
Gahunje,Oct-Dec 2024,6502-10454,"8,478",5%,,Pune,Residential Multistorey Apartment
Gahunje,Jul-Sep 2024,5920-10287,"8,103",2%,,Pune,Residential Multistorey Apartment
Gahunje,Apr-Jun 2024,6005-10492,"8,249",3%,,Pune,Residential Multistorey Apartment
Gahunje,Jan-Mar 2024,5926-10146,"8,036",2%,,Pune,Residential Multistorey Apartment
Gahunje,Oct-Dec 2023,6060-10279,"8,170",5%,,Pune,Residential Multistorey Apartment
Gahunje,Jul-Sep 2023,5551-10046,"7,799",2%,,Pune,Residential Multistorey Apartment
Gahunje,Apr-Jun 2023,5487-10356,"7,921",1%,,Pune,Residential Multistorey Apartment
Gahunje,Jan-Mar 2023,5550-10126,"7,838",6%,,Pune,Residential Multistorey Apartment
Gahunje,Oct-Dec 2022,5589-9267,"7,428",10%,,Pune,Residential Multistorey Apartment
Gahunje,Jul-Sep 2022,4645-8880,"6,763",1%,,Pune,Residential Multistorey Apartment
Gahunje,Apr-Jun 2022,4811-8586,"6,698",2%,,Pune,Residential Multistorey Apartment
Gahunje,Jan-Mar 2022,4614-8497,"6,555",-,,Pune,Residential Multistorey Apartment
Gahunje,Oct-Dec 2021,-,-,-,,Pune,Residential Multistorey Apartment
Gahunje,Jul-Sep 2021,5007-9020,"7,014",0.30%,,Pune,Residential Multistorey Apartment
Gahunje,Apr-Jun 2021,5129-8851,"6,990",1%,,Pune,Residential Multistorey Apartment
Gahunje,Jan-Mar 2021,5238-8641,"6,939",6%,,Pune,Residential Multistorey Apartment
Gahunje,Oct-Dec 2020,4788-8323,"6,556",21%,,Pune,Residential Multistorey Apartment
Gahunje,Jul-Sep 2020,4131-6664,"5,397",0.50%,,Pune,Residential Multistorey Apartment
Gahunje,Apr-Jun 2020,4088-6756,"5,422",-,,Pune,Residential Multistorey Apartment
Gahunje,Jan-Mar 2020,4069-6765,"5,417",5%,,Pune,Residential Multistorey Apartment
Gahunje,Oct-Dec 2019,3890-6386,"5,138",2%,,Pune,Residential Multistorey Apartment
Gahunje,Jul-Sep 2019,3757-6283,"5,020",2%,,Pune,Residential Multistorey Apartment
Gahunje,Apr-Jun 2019,3639-6217,"4,928",-,,Pune,Residential Multistorey Apartment
Gahunje,Jan-Mar 2019,3656-6202,"4,929",10%,,Pune,Residential Multistorey Apartment
Gahunje,Oct-Dec 2018,3148-5802,"4,475",3%,,Pune,Residential Multistorey Apartment
Gahunje,Jul-Sep 2018,3227-5422,"4,325",4%,,Pune,Residential Multistorey Apartment
,,,,,,Pune,Residential Multistorey Apartment
Gahunje Road,Oct-Dec 2024,5122-9255,"7,188",9%,,Pune,Residential Multistorey Apartment
Gahunje Road,Jul-Sep 2024,4856-8392,"6,624",4%,,Pune,Residential Multistorey Apartment
Gahunje Road,Apr-Jun 2024,4750-8200,"6,400",3%,,Pune,Residential Multistorey Apartment
Gahunje Road,Jan-Mar 2024,4650-8100,"6,300",2%,,Pune,Residential Multistorey Apartment
Gahunje Road,Oct-Dec 2023,4550-8000,"6,250",3%,,Pune,Residential Multistorey Apartment
Gahunje Road,Jul-Sep 2023,4450-7900,"6,200",4%,,Pune,Residential Multistorey Apartment
Gahunje Road,Apr-Jun 2023,4350-7800,"6,100",3%,,Pune,Residential Multistorey Apartment
Gahunje Road,Jan-Mar 2023,4250-7700,"6,050",2%,,Pune,Residential Multistorey Apartment
Gahunje Road,Oct-Dec 2022,4150-7600,"6,000",3%,,Pune,Residential Multistorey Apartment
Gahunje Road,Jul-Sep 2022,4050-7500,"5,900",4%,,Pune,Residential Multistorey Apartment
Gahunje Road,Apr-Jun 2022,3950-7400,"5,800",4%,,Pune,Residential Multistorey Apartment
Gahunje Road,Jan-Mar 2022,3850-7300,"5,700",3%,,Pune,Residential Multistorey Apartment
Gahunje Road,Oct-Dec 2021,3750-7200,"5,600",2%,,Pune,Residential Multistorey Apartment
Gahunje Road,Jul-Sep 2021,3650-7100,"5,500",3%,,Pune,Residential Multistorey Apartment
Gahunje Road,Apr-Jun 2021,3550-7000,"5,400",4%,,Pune,Residential Multistorey Apartment
Gahunje Road,Jan-Mar 2021,3450-6900,"5,300",4%,,Pune,Residential Multistorey Apartment
Gahunje Road,Oct-Dec 2020,3350-6800,"5,200",4%,,Pune,Residential Multistorey Apartment
Gahunje Road,Jul-Sep 2020,3250-6700,"5,100",5%,,Pune,Residential Multistorey Apartment
Gahunje Road,Apr-Jun 2020,3150-6600,"5,000",5%,,Pune,Residential Multistorey Apartment
Gahunje Road,Jan-Mar 2020,3050-6500,"4,900",4%,,Pune,Residential Multistorey Apartment
Gahunje Road,Oct-Dec 2019,2950-6400,"4,800",5%,,Pune,Residential Multistorey Apartment
Gahunje Road,Jul-Sep 2019,2850-6300,"4,700",4%,,Pune,Residential Multistorey Apartment
Gahunje Road,Apr-Jun 2019,2750-6200,"4,600",4%,,Pune,Residential Multistorey Apartment
Gahunje Road,Jan-Mar 2019,2650-6100,"4,500",5%,,Pune,Residential Multistorey Apartment
Gahunje Road,Oct-Dec 2018,2550-6000,"4,400",5%,,Pune,Residential Multistorey Apartment
Gahunje Road,Jul-Sep 2018,2450-5900,"4,300",5%,,Pune,Residential Multistorey Apartment
,,,,,,Pune,Residential Multistorey Apartment
Ganeshkhind Road,Oct-Dec 2024,7851-12921,"10,386",2%,,Pune,Residential Multistorey Apartment
Ganeshkhind Road,Jul-Sep 2024,7727-12593,"10,160",2%,,Pune,Residential Multistorey Apartment
Ganeshkhind Road,Apr-Jun 2024,7600-12450,"10,050",3%,,Pune,Residential Multistorey Apartment
Ganeshkhind Road,Jan-Mar 2024,7500-12300,"9,980",2%,,Pune,Residential Multistorey Apartment
Ganeshkhind Road,Oct-Dec 2023,7400-12150,"9,820",3%,,Pune,Residential Multistorey Apartment
Ganeshkhind Road,Jul-Sep 2023,7300-12000,"9,690",4%,,Pune,Residential Multistorey Apartment
Ganeshkhind Road,Apr-Jun 2023,7200-11850,"9,600",3%,,Pune,Residential Multistorey Apartment
Ganeshkhind Road,Jan-Mar 2023,7100-11700,"9,500",2%,,Pune,Residential Multistorey Apartment
Ganeshkhind Road,Oct-Dec 2022,7000-11550,"9,400",4%,,Pune,Residential Multistorey Apartment
Ganeshkhind Road,Jul-Sep 2022,6900-11400,"9,300",5%,,Pune,Residential Multistorey Apartment
Ganeshkhind Road,Apr-Jun 2022,6800-11250,"9,200",4%,,Pune,Residential Multistorey Apartment
Ganeshkhind Road,Jan-Mar 2022,6700-11100,"9,100",4%,,Pune,Residential Multistorey Apartment
Ganeshkhind Road,Oct-Dec 2021,6600-10950,"9,000",3%,,Pune,Residential Multistorey Apartment
Ganeshkhind Road,Jul-Sep 2021,6500-10800,"8,900",3%,,Pune,Residential Multistorey Apartment
Ganeshkhind Road,Apr-Jun 2021,6400-10650,"8,800",4%,,Pune,Residential Multistorey Apartment
Ganeshkhind Road,Jan-Mar 2021,6300-10500,"8,700",5%,,Pune,Residential Multistorey Apartment
Ganeshkhind Road,Oct-Dec 2020,6200-10350,"8,600",4%,,Pune,Residential Multistorey Apartment
Ganeshkhind Road,Jul-Sep 2020,6100-10200,"8,500",5%,,Pune,Residential Multistorey Apartment
Ganeshkhind Road,Apr-Jun 2020,6000-10050,"8,400",4%,,Pune,Residential Multistorey Apartment
Ganeshkhind Road,Jan-Mar 2020,5900-9900,"8,300",4%,,Pune,Residential Multistorey Apartment
Ganeshkhind Road,Oct-Dec 2019,5800-9800,"8,200",5%,,Pune,Residential Multistorey Apartment
Ganeshkhind Road,Jul-Sep 2019,5700-9700,"8,100",5%,,Pune,Residential Multistorey Apartment
Ganeshkhind Road,Apr-Jun 2019,5600-9600,"8,000",4%,,Pune,Residential Multistorey Apartment
Ganeshkhind Road,Jan-Mar 2019,5500-9500,"7,900",4%,,Pune,Residential Multistorey Apartment
Ganeshkhind Road,Oct-Dec 2018,5400-9400,"7,800",5%,,Pune,Residential Multistorey Apartment
Ganeshkhind Road,Jul-Sep 2018,5300-9300,"7,700",5%,,Pune,Residential Multistorey Apartment
,,,,,,Pune,Residential Multistorey Apartment
Ghole Road,Oct-Dec 2024,13178-19477,"16,327",2%,,Pune,Residential Multistorey Apartment
Ghole Road,Oct-Dec 2024,13178-19477,"16,327",2%,,Pune,Residential Multistorey Apartment
Ghole Road,Jul-Sep 2024,13354-19962,"16,658",2%,,Pune,Residential Multistorey Apartment
Ghole Road,Apr-Jun 2024,13316-19421,"16,368",3%,,Pune,Residential Multistorey Apartment
Ghole Road,Jan-Mar 2024,12547-19282,"15,915",2%,,Pune,Residential Multistorey Apartment
Ghole Road,Oct-Dec 2023,12315-19030,"15,673",1%,,Pune,Residential Multistorey Apartment
Ghole Road,Jul-Sep 2023,12222-18798,"15,510",0.40%,,Pune,Residential Multistorey Apartment
Ghole Road,Apr-Jun 2023,12110-18791,"15,451",3%,,Pune,Residential Multistorey Apartment
Ghole Road,Jan-Mar 2023,12017-18081,"15,049",2%,,Pune,Residential Multistorey Apartment
Ghole Road,Oct-Dec 2022,11900-17900,"14,835",3%,,Pune,Residential Multistorey Apartment
Ghole Road,Jul-Sep 2022,11800-17800,"14,738",2%,,Pune,Residential Multistorey Apartment
Ghole Road,Apr-Jun 2022,11700-17700,"14,585",2%,,Pune,Residential Multistorey Apartment
Ghole Road,Jan-Mar 2022,11600-17600,"14,430",3%,,Pune,Residential Multistorey Apartment
Ghole Road,Oct-Dec 2021,11500-17500,"14,170",2%,,Pune,Residential Multistorey Apartment
Ghole Road,Jul-Sep 2021,11400-17400,"14,040",2%,,Pune,Residential Multistorey Apartment
Ghole Road,Apr-Jun 2021,11300-17300,"13,890",2%,,Pune,Residential Multistorey Apartment
Ghole Road,Jan-Mar 2021,11200-17200,"13,740",3%,,Pune,Residential Multistorey Apartment
Ghole Road,Oct-Dec 2020,11100-17100,"13,570",2%,,Pune,Residential Multistorey Apartment
Ghole Road,Jul-Sep 2020,11000-17000,"13,400",2%,,Pune,Residential Multistorey Apartment
Ghole Road,Apr-Jun 2020,10900-16900,"13,220",2%,,Pune,Residential Multistorey Apartment
Ghole Road,Jan-Mar 2020,10800-16800,"13,050",2%,,Pune,Residential Multistorey Apartment
Ghole Road,Oct-Dec 2019,10700-16700,"12,880",2%,,Pune,Residential Multistorey Apartment
Ghole Road,Jul-Sep 2019,10600-16600,"12,710",2%,,Pune,Residential Multistorey Apartment
Ghole Road,Apr-Jun 2019,10500-16500,"12,540",2%,,Pune,Residential Multistorey Apartment
Ghole Road,Jan-Mar 2019,10400-16400,"12,370",3%,,Pune,Residential Multistorey Apartment
Ghole Road,Oct-Dec 2018,10300-16300,"12,200",2%,,Pune,Residential Multistorey Apartment
,,,,,,Pune,Residential Multistorey Apartment
Ghorpadi ,Oct-Dec 2024,8536-15346,"11,941",3%,,Pune,Residential Multistorey Apartment
Ghorpadi ,Jul-Sep 2024,8231-14905,"11,568",3%,,Pune,Residential Multistorey Apartment
Ghorpadi ,Apr-Jun 2024,8028-14492,"11,260",5%,,Pune,Residential Multistorey Apartment
Ghorpadi ,Jan-Mar 2024,8568-15121,"11,844",1%,,Pune,Residential Multistorey Apartment
Ghorpadi ,Oct-Dec 2023,8828-15154,"11,991",7%,,Pune,Residential Multistorey Apartment
Ghorpadi ,Jul-Sep 2023,8232-14084,"11,158",4%,,Pune,Residential Multistorey Apartment
Ghorpadi ,Apr-Jun 2023,7838-13609,"10,723",5%,,Pune,Residential Multistorey Apartment
Ghorpadi ,Jan-Mar 2023,7349-13079,"10,214",0.30%,,Pune,Residential Multistorey Apartment
Ghorpadi ,Oct-Dec 2022,7513-12983,"10,248",2%,,Pune,Residential Multistorey Apartment
Ghorpadi ,Jul-Sep 2022,7494-12670,"10,082",1%,,Pune,Residential Multistorey Apartment
Ghorpadi ,Apr-Jun 2022,7644-12696,"10,170",0.50%,,Pune,Residential Multistorey Apartment
Ghorpadi ,Jan-Mar 2022,7263-12985,"10,124",1%,,Pune,Residential Multistorey Apartment
Ghorpadi ,Oct-Dec 2021,7234-13213,"10,223",2%,,Pune,Residential Multistorey Apartment
Ghorpadi ,Jul-Sep 2021,7310-12747,"10,028",3%,,Pune,Residential Multistorey Apartment
Ghorpadi ,Apr-Jun 2021,7174-12299,"9,736",2%,,Pune,Residential Multistorey Apartment
Ghorpadi ,Jan-Mar 2021,7034-12087,"9,560",3%,,Pune,Residential Multistorey Apartment
Ghorpadi ,Oct-Dec 2020,6936-11672,"9,304",3%,,Pune,Residential Multistorey Apartment
Ghorpadi ,Jul-Sep 2020,7033-10957,"8,995",0.40%,,Pune,Residential Multistorey Apartment
Ghorpadi ,Apr-Jun 2020,7089-10975,"9,032",3%,,Pune,Residential Multistorey Apartment
Ghorpadi ,Jan-Mar 2020,7283-11352,"9,317",0.40%,,Pune,Residential Multistorey Apartment
Ghorpadi ,Oct-Dec 2019,7013-11706,"9,359",2%,,Pune,Residential Multistorey Apartment
Ghorpadi ,Jul-Sep 2019,6861-11574,"9,217",4%,,Pune,Residential Multistorey Apartment
Ghorpadi ,Apr-Jun 2019,6539-11236,"8,887",1%,,Pune,Residential Multistorey Apartment
Ghorpadi ,Jan-Mar 2019,6783-11237,"9,010",4%,,Pune,Residential Multistorey Apartment
Ghorpadi ,Oct-Dec 2018,7092-11734,"9,413",0.50%,,Pune,Residential Multistorey Apartment
Ghorpadi ,Jul-Sep 2018,7299-11615,"9,457",1%,,Pune,Residential Multistorey Apartment
,,,,,,Pune,Residential Multistorey Apartment
Ghorpadi Road,Oct-Dec 2024,6935-12149,"9,542",2%,,Pune,Residential Multistorey Apartment
Ghorpadi Road,Jul-Sep 2024,7000-12300,"9,630",1%,,Pune,Residential Multistorey Apartment
Ghorpadi Road,Apr-Jun 2024,6604-11443,"9,023",2%,,Pune,Residential Multistorey Apartment
Ghorpadi Road,Jan-Mar 2024,6375-11359,"8,867",2%,,Pune,Residential Multistorey Apartment
Ghorpadi Road,Oct-Dec 2023,6250-11250,"8,607",2%,,Pune,Residential Multistorey Apartment
Ghorpadi Road,Jul-Sep 2023,6150-11100,"8,470",2%,,Pune,Residential Multistorey Apartment
Ghorpadi Road,Apr-Jun 2023,6050-10950,"8,335",2%,,Pune,Residential Multistorey Apartment
Ghorpadi Road,Jan-Mar 2023,5950-10800,"8,200",3%,,Pune,Residential Multistorey Apartment
Ghorpadi Road,Oct-Dec 2022,5850-10650,"8,010",2%,,Pune,Residential Multistorey Apartment
Ghorpadi Road,Jul-Sep 2022,5750-10500,"7,910",2%,,Pune,Residential Multistorey Apartment
Ghorpadi Road,Apr-Jun 2022,5650-10350,"7,810",3%,,Pune,Residential Multistorey Apartment
Ghorpadi Road,Jan-Mar 2022,5550-10200,"7,700",2%,,Pune,Residential Multistorey Apartment
Ghorpadi Road,Oct-Dec 2021,5450-10050,"7,600",2%,,Pune,Residential Multistorey Apartment
Ghorpadi Road,Jul-Sep 2021,5350-9950,"7,500",2%,,Pune,Residential Multistorey Apartment
Ghorpadi Road,Apr-Jun 2021,5250-9850,"7,400",2%,,Pune,Residential Multistorey Apartment
Ghorpadi Road,Jan-Mar 2021,5150-9750,"7,300",3%,,Pune,Residential Multistorey Apartment
Ghorpadi Road,Oct-Dec 2020,5050-9650,"7,200",2%,,Pune,Residential Multistorey Apartment
Ghorpadi Road,Jul-Sep 2020,4950-9550,"7,100",2%,,Pune,Residential Multistorey Apartment
Ghorpadi Road,Apr-Jun 2020,4850-9450,"7,000",2%,,Pune,Residential Multistorey Apartment
Ghorpadi Road,Jan-Mar 2020,4750-9350,"6,900",2%,,Pune,Residential Multistorey Apartment
Ghorpadi Road,Oct-Dec 2019,4650-9250,"6,800",2%,,Pune,Residential Multistorey Apartment
Ghorpadi Road,Jul-Sep 2019,4550-9150,"6,700",2%,,Pune,Residential Multistorey Apartment
Ghorpadi Road,Apr-Jun 2019,4450-9050,"6,600",2%,,Pune,Residential Multistorey Apartment
Ghorpadi Road,Jan-Mar 2019,4350-8950,"6,500",3%,,Pune,Residential Multistorey Apartment
Ghorpadi Road,Oct-Dec 2018,4250-8850,"6,400",2%,,Pune,Residential Multistorey Apartment
Ghorpadi Road,Jul-Sep 2018,4150-8750,"6,300",2%,,Pune,Residential Multistorey Apartment
,,,,,,Pune,Residential Multistorey Apartment
Gultekadi,Oct-Dec 2024,9643-15961,"12,802",1%,,Pune,Residential Multistorey Apartment
Gultekadi,Jul-Sep 2024,9460-15784,"12,622",3%,,Pune,Residential Multistorey Apartment
Gultekadi,Apr-Jun 2024,9342-15217,"12,280",3%,,Pune,Residential Multistorey Apartment
Gultekadi,Jan-Mar 2024,9295-14490,"11,893",2%,,Pune,Residential Multistorey Apartment
Gultekadi,Oct-Dec 2023,8874-14434,"11,654",1%,,Pune,Residential Multistorey Apartment
Gultekadi,Jul-Sep 2023,8936-14514,"11,725",4%,,Pune,Residential Multistorey Apartment
Gultekadi,Apr-Jun 2023,8588-14064,"11,326",3%,,Pune,Residential Multistorey Apartment
Gultekadi,Jan-Mar 2023,8430-13850,"11,129",3%,,Pune,Residential Multistorey Apartment
Gultekadi,Oct-Dec 2022,8280-13700,"10,929",3%,,Pune,Residential Multistorey Apartment
Gultekadi,Jul-Sep 2022,8130-13550,"10,726",3%,,Pune,Residential Multistorey Apartment
Gultekadi,Apr-Jun 2022,7980-13400,"10,521",4%,,Pune,Residential Multistorey Apartment
Gultekadi,Jan-Mar 2022,7830-13250,"10,313",3%,,Pune,Residential Multistorey Apartment
Gultekadi,Oct-Dec 2021,7680-13100,"10,110",4%,,Pune,Residential Multistorey Apartment
Gultekadi,Jul-Sep 2021,7530-12950,"9,908",3%,,Pune,Residential Multistorey Apartment
Gultekadi,Apr-Jun 2021,7380-12800,"9,705",3%,,Pune,Residential Multistorey Apartment
Gultekadi,Jan-Mar 2021,7230-12650,"9,510",4%,,Pune,Residential Multistorey Apartment
Gultekadi,Oct-Dec 2020,7080-12500,"9,300",3%,,Pune,Residential Multistorey Apartment
Gultekadi,Jul-Sep 2020,6930-12350,"9,090",2%,,Pune,Residential Multistorey Apartment
Gultekadi,Apr-Jun 2020,6780-12200,"8,880",2%,,Pune,Residential Multistorey Apartment
Gultekadi,Jan-Mar 2020,6630-12050,"8,670",2%,,Pune,Residential Multistorey Apartment
Gultekadi,Oct-Dec 2019,6480-11900,"8,460",2%,,Pune,Residential Multistorey Apartment
Gultekadi,Jul-Sep 2019,6330-11750,"8,250",2%,,Pune,Residential Multistorey Apartment
Gultekadi,Apr-Jun 2019,6180-11600,"8,040",2%,,Pune,Residential Multistorey Apartment
Gultekadi,Jan-Mar 2019,6030-11450,"7,830",3%,,Pune,Residential Multistorey Apartment
Gultekadi,Oct-Dec 2018,5880-11300,"7,620",3%,,Pune,Residential Multistorey Apartment
Gultekadi,Jul-Sep 2018,5730-11150,"7,420",2%,,Pune,Residential Multistorey Apartment
,,,,,,Pune,Residential Multistorey Apartment
Hadapsar,Oct-Dec 2024,7635-12844,"10,239",3%,,Pune,Residential Multistorey Apartment
Hadapsar,Jul-Sep 2024,7412-12492,"9,952",6%,,Pune,Residential Multistorey Apartment
Hadapsar,Apr-Jun 2024,6970-11786,"9,378",7%,,Pune,Residential Multistorey Apartment
Hadapsar,Jan-Mar 2024,6429-11171,"8,800",1%,,Pune,Residential Multistorey Apartment
Hadapsar,Oct-Dec 2023,6379-11080,"8,730",2%,,Pune,Residential Multistorey Apartment
Hadapsar,Jul-Sep 2023,6609-11269,"8,939",7%,,Pune,Residential Multistorey Apartment
Hadapsar,Apr-Jun 2023,6041-10610,"8,326",4%,,Pune,Residential Multistorey Apartment
Hadapsar,Jan-Mar 2023,5740-10229,"7,984",4%,,Pune,Residential Multistorey Apartment
Hadapsar,Oct-Dec 2022,5522-9831,"7,677",1%,,Pune,Residential Multistorey Apartment
Hadapsar,Jul-Sep 2022,5545-9691,"7,618",2%,,Pune,Residential Multistorey Apartment
Hadapsar,Apr-Jun 2022,5488-9445,"7,466",-,,Pune,Residential Multistorey Apartment
Hadapsar,Jan-Mar 2022,5473-9455,"7,464",1%,,Pune,Residential Multistorey Apartment
Hadapsar,Oct-Dec 2021,5407-9331,"7,369",2%,,Pune,Residential Multistorey Apartment
Hadapsar,Jul-Sep 2021,5273-9152,"7,212",0.20%,,Pune,Residential Multistorey Apartment
Hadapsar,Apr-Jun 2021,5353-9041,"7,197",-,,Pune,Residential Multistorey Apartment
Hadapsar,Jan-Mar 2021,5398-9011,"7,204",12%,,Pune,Residential Multistorey Apartment
Hadapsar,Oct-Dec 2020,4727-8178,"6,453",4%,,Pune,Residential Multistorey Apartment
Hadapsar,Jul-Sep 2020,4543-7834,"6,189",2%,,Pune,Residential Multistorey Apartment
Hadapsar,Apr-Jun 2020,4591-7996,"6,293",6%,,Pune,Residential Multistorey Apartment
Hadapsar,Jan-Mar 2020,4830-8523,"6,677",2%,,Pune,Residential Multistorey Apartment
Hadapsar,Oct-Dec 2019,4799-8291,"6,545",1%,,Pune,Residential Multistorey Apartment
Hadapsar,Jul-Sep 2019,4858-8351,"6,605",1%,,Pune,Residential Multistorey Apartment
Hadapsar,Apr-Jun 2019,4816-8288,"6,552",2%,,Pune,Residential Multistorey Apartment
Hadapsar,Jan-Mar 2019,4724-8168,"6,446",0.20%,,Pune,Residential Multistorey Apartment
Hadapsar,Oct-Dec 2018,4781-8142,"6,462",3%,,Pune,Residential Multistorey Apartment
Hadapsar,Jul-Sep 2018,4701-7792,"6,247",1%,,Pune,Residential Multistorey Apartment
,,,,,,Pune,Residential Multistorey Apartment
Hadapsar Industrial Estate,Oct-Dec 2024,9516-15948,"12,732",35%,,Pune,Residential Multistorey Apartment
Hadapsar Industrial Estate,Jul-Sep 2024,6936-11925,"9,430",10%,,Pune,Residential Multistorey Apartment
Hadapsar Industrial Estate,Apr-Jun 2024,7384-13499,"10,441",6%,,Pune,Residential Multistorey Apartment
Hadapsar Industrial Estate,Jan-Mar 2024,7070-12660,"9,865",5%,,Pune,Residential Multistorey Apartment
Hadapsar Industrial Estate,Oct-Dec 2023,7657-13073,"10,365",6%,,Pune,Residential Multistorey Apartment
Hadapsar Industrial Estate,Jul-Sep 2023,8725-13342,"11,033",0.20%,,Pune,Residential Multistorey Apartment
Hadapsar Industrial Estate,Apr-Jun 2023,8308-13721,"11,014",0.30%,,Pune,Residential Multistorey Apartment
Hadapsar Industrial Estate,Jan-Mar 2023,8067-14027,"11,047",-,,Pune,Residential Multistorey Apartment
Hadapsar Industrial Estate,Oct-Dec 2022,7885-13900,"10,843",3%,,Pune,Residential Multistorey Apartment
Hadapsar Industrial Estate,Jul-Sep 2022,7702-13750,"10,781",3%,,Pune,Residential Multistorey Apartment
Hadapsar Industrial Estate,Apr-Jun 2022,7521-13600,"10,615",3%,,Pune,Residential Multistorey Apartment
Hadapsar Industrial Estate,Jan-Mar 2022,7341-13450,"10,453",4%,,Pune,Residential Multistorey Apartment
Hadapsar Industrial Estate,Oct-Dec 2021,7161-13300,"10,290",4%,,Pune,Residential Multistorey Apartment
Hadapsar Industrial Estate,Jul-Sep 2021,6982-13100,"10,126",4%,,Pune,Residential Multistorey Apartment
Hadapsar Industrial Estate,Apr-Jun 2021,6803-12950,"9,959",4%,,Pune,Residential Multistorey Apartment
Hadapsar Industrial Estate,Jan-Mar 2021,6625-12800,"9,794",5%,,Pune,Residential Multistorey Apartment
Hadapsar Industrial Estate,Oct-Dec 2020,6448-12650,"9,624",4%,,Pune,Residential Multistorey Apartment
Hadapsar Industrial Estate,Jul-Sep 2020,6270-12450,"9,457",3%,,Pune,Residential Multistorey Apartment
Hadapsar Industrial Estate,Apr-Jun 2020,6093-12250,"9,293",3%,,Pune,Residential Multistorey Apartment
Hadapsar Industrial Estate,Jan-Mar 2020,5917-12000,"9,130",3%,,Pune,Residential Multistorey Apartment
Hadapsar Industrial Estate,Oct-Dec 2019,5740-11750,"8,965",3%,,Pune,Residential Multistorey Apartment
Hadapsar Industrial Estate,Jul-Sep 2019,5564-11500,"8,800",3%,,Pune,Residential Multistorey Apartment
Hadapsar Industrial Estate,Apr-Jun 2019,5390-11250,"8,635",3%,,Pune,Residential Multistorey Apartment
Hadapsar Industrial Estate,Jan-Mar 2019,5216-11000,"8,470",3%,,Pune,Residential Multistorey Apartment
Hadapsar Industrial Estate,Oct-Dec 2018,5041-10750,"8,300",4%,,Pune,Residential Multistorey Apartment
Hadapsar Industrial Estate,Jul-Sep 2018,4870-10500,"8,150",4%,,Pune,Residential Multistorey Apartment
,,,,,,Pune,Residential Multistorey Apartment
Hadapsar Road,Oct-Dec 2024,4479-7191,"5,835",2%,,Pune,Residential Multistorey Apartment
Hadapsar Road,Jul-Sep 2024,4519-7334,"5,927",2%,,Pune,Residential Multistorey Apartment
Hadapsar Road,Apr-Jun 2024,4433-7220,"5,826",1%,,Pune,Residential Multistorey Apartment
Hadapsar Road,Jan-Mar 2024,4414-7079,"5,746",2%,,Pune,Residential Multistorey Apartment
Hadapsar Road,Oct-Dec 2023,4387-6881,"5,634",,,Pune,Residential Multistorey Apartment
Hadapsar Road,Jul-Sep 2023,-,-,,,Pune,Residential Multistorey Apartment
Hadapsar Road,Apr-Jun 2023,-,-,,,Pune,Residential Multistorey Apartment
Hadapsar Road,Jan-Mar 2023,-,-,-,,Pune,Residential Multistorey Apartment
Hadapsar Road,Oct-Dec 2022,-,-,-,,Pune,Residential Multistorey Apartment
Hadapsar Road,Jul-Sep 2022,-,-,-,,Pune,Residential Multistorey Apartment
Hadapsar Road,Apr-Jun 2022,-,-,-,,Pune,Residential Multistorey Apartment
Hadapsar Road,Jan-Mar 2022,-,-,-,,Pune,Residential Multistorey Apartment
Hadapsar Road,Oct-Dec 2021,-,-,-,,Pune,Residential Multistorey Apartment
Hadapsar Road,Jul-Sep 2021,-,-,,,Pune,Residential Multistorey Apartment
Hadapsar Road,Apr-Jun 2021,-,-,,,Pune,Residential Multistorey Apartment
Hadapsar Road,Jan-Mar 2021,-,-,,,Pune,Residential Multistorey Apartment
Hadapsar Road,Oct-Dec 2020,-,-,,,Pune,Residential Multistorey Apartment
Hadapsar Road,Jul-Sep 2020,-,-,,,Pune,Residential Multistorey Apartment
Hadapsar Road,Apr-Jun 2020,-,-,,,Pune,Residential Multistorey Apartment
Hadapsar Road,Jan-Mar 2020,-,-,,,Pune,Residential Multistorey Apartment
Hadapsar Road,Oct-Dec 2019,-,-,,,Pune,Residential Multistorey Apartment
Hadapsar Road,Jul-Sep 2019,-,-,,,Pune,Residential Multistorey Apartment
Hadapsar Road,Apr-Jun 2019,-,-,,,Pune,Residential Multistorey Apartment
Hadapsar Road,Jan-Mar 2019,-,-,,,Pune,Residential Multistorey Apartment
Hadapsar Road,Oct-Dec 2018,-,-,,,Pune,Residential Multistorey Apartment
Hadapsar Road,Jul-Sep 2018,-,-,,,Pune,Residential Multistorey Apartment
,,,,,,Pune,Residential Multistorey Apartment
Handewadi,Oct-Dec 2024,4292-6335,"5,313",1%,,Pune,Residential Multistorey Apartment
Handewadi,Jul-Sep 2024,4268-6246,"5,257",2%,,Pune,Residential Multistorey Apartment
Handewadi,Apr-Jun 2024,4148-6174,"5,161",1%,,Pune,Residential Multistorey Apartment
Handewadi,Jan-Mar 2024,4140-6239,"5,189",4%,,Pune,Residential Multistorey Apartment
Handewadi,Oct-Dec 2023,4095-5924,"5,010",1%,,Pune,Residential Multistorey Apartment
Handewadi,Jul-Sep 2023,4161-5941,"5,051",0.40%,,Pune,Residential Multistorey Apartment
Handewadi,Apr-Jun 2023,4103-5958,"5,030",3%,,Pune,Residential Multistorey Apartment
Handewadi,Jan-Mar 2023,4015-5763,"4,889",5%,,Pune,Residential Multistorey Apartment
Handewadi,Oct-Dec 2022,3748-5583,"4,665",1%,,Pune,Residential Multistorey Apartment
Handewadi,Jul-Sep 2022,3875-5520,"4,697",5%,,Pune,Residential Multistorey Apartment
Handewadi,Apr-Jun 2022,3676-5309,"4,493",2%,,Pune,Residential Multistorey Apartment
Handewadi,Jan-Mar 2022,3686-5151,"4,419",1%,,Pune,Residential Multistorey Apartment
Handewadi,Oct-Dec 2021,3674-5112,"4,393",-,,Pune,Residential Multistorey Apartment
Handewadi,Jul-Sep 2021,3731-5056,"4,393",2%,,Pune,Residential Multistorey Apartment
Handewadi,Apr-Jun 2021,3686-4969,"4,328",1%,,Pune,Residential Multistorey Apartment
Handewadi,Jan-Mar 2021,3631-4906,"4,268",1%,,Pune,Residential Multistorey Apartment
Handewadi,Oct-Dec 2020,3597-5017,"4,307",3%,,Pune,Residential Multistorey Apartment
Handewadi,Jul-Sep 2020,3665-5205,"4,435",-,,Pune,Residential Multistorey Apartment
Handewadi,Apr-Jun 2020,3656-5216,"4,436",2%,,Pune,Residential Multistorey Apartment
Handewadi,Jan-Mar 2020,3533-5190,"4,362",2%,,Pune,Residential Multistorey Apartment
Handewadi,Oct-Dec 2019,3663-5258,"4,460",0.20%,,Pune,Residential Multistorey Apartment
Handewadi,Jul-Sep 2019,3765-5137,"4,451",0.30%,,Pune,Residential Multistorey Apartment
Handewadi,Apr-Jun 2019,3757-5174,"4,465",2%,,Pune,Residential Multistorey Apartment
Handewadi,Jan-Mar 2019,3706-5413,"4,560",0.20%,,Pune,Residential Multistorey Apartment
Handewadi,Oct-Dec 2018,3710-5428,"4,569",0.40%,,Pune,Residential Multistorey Apartment
Handewadi,Jul-Sep 2018,3818-5281,"4,549",,,Pune,Residential Multistorey Apartment
,,,,,,Pune,Residential Multistorey Apartment
Handewadi Road,Oct-Dec 2024,4287-6255,"5,271",1%,,Pune,Residential Multistorey Apartment
Handewadi Road,Jul-Sep 2024,4336-6262,"5,299",2%,,Pune,Residential Multistorey Apartment
Handewadi Road,Apr-Jun 2024,4227-6144,"5,186",0.40%,,Pune,Residential Multistorey Apartment
Handewadi Road,Jan-Mar 2024,4219-6193,"5,206",3%,,Pune,Residential Multistorey Apartment
Handewadi Road,Oct-Dec 2023,4129-5932,"5,030",1%,,Pune,Residential Multistorey Apartment
Handewadi Road,Jul-Sep 2023,4128-5874,"5,001",1%,,Pune,Residential Multistorey Apartment
Handewadi Road,Apr-Jun 2023,4082-5857,"4,969",4%,,Pune,Residential Multistorey Apartment
Handewadi Road,Jan-Mar 2023,3875-5685,"4,780",1%,,Pune,Residential Multistorey Apartment
Handewadi Road,Oct-Dec 2022,3939-5550,"4,744",2%,,Pune,Residential Multistorey Apartment
Handewadi Road,Jul-Sep 2022,4028-5687,"4,858",1%,,Pune,Residential Multistorey Apartment
Handewadi Road,Apr-Jun 2022,3970-5633,"4,801",2%,,Pune,Residential Multistorey Apartment
Handewadi Road,Jan-Mar 2022,3885-5542,"4,713",2%,,Pune,Residential Multistorey Apartment
Handewadi Road,Oct-Dec 2021,3825-5385,"4,605",1%,,Pune,Residential Multistorey Apartment
Handewadi Road,Jul-Sep 2021,3679-5466,"4,572",2%,,Pune,Residential Multistorey Apartment
Handewadi Road,Apr-Jun 2021,3652-5330,"4,491",-,,Pune,Residential Multistorey Apartment
Handewadi Road,Jan-Mar 2021,3578-5404,"4,491",1%,,Pune,Residential Multistorey Apartment
Handewadi Road,Oct-Dec 2020,3665-5421,"4,543",1%,,Pune,Residential Multistorey Apartment
Handewadi Road,Jul-Sep 2020,3714-5297,"4,505",1%,,Pune,Residential Multistorey Apartment
Handewadi Road,Apr-Jun 2020,3898-5187,"4,543",0.20%,,Pune,Residential Multistorey Apartment
Handewadi Road,Jan-Mar 2020,3905-5168,"4,536",2%,,Pune,Residential Multistorey Apartment
Handewadi Road,Oct-Dec 2019,3988-5233,"4,610",1%,,Pune,Residential Multistorey Apartment
Handewadi Road,Jul-Sep 2019,3862-5287,"4,575",2%,,Pune,Residential Multistorey Apartment
Handewadi Road,Apr-Jun 2019,3878-5428,"4,653",1%,,Pune,Residential Multistorey Apartment
Handewadi Road,Jan-Mar 2019,3854-5373,"4,614",5%,,Pune,Residential Multistorey Apartment
Handewadi Road,Oct-Dec 2018,3880-5799,"4,839",2%,,Pune,Residential Multistorey Apartment
Handewadi Road,Jul-Sep 2018,3840-5628,"4,734",0.10%,,Pune,Residential Multistorey Apartment
,,,,,,Pune,Residential Multistorey Apartment
Hills and Dales,Oct-Dec 2024,6364-9425,"7,894",1%,,Pune,Residential Multistorey Apartment
Hills and Dales,Jul-Sep 2024,6230-9230,"7,742",4%,,Pune,Residential Multistorey Apartment
Hills and Dales,Apr-Jun 2024,6100-9045,"7,608",4%,,Pune,Residential Multistorey Apartment
Hills and Dales,Jan-Mar 2024,5975-8865,"7,464",4%,,Pune,Residential Multistorey Apartment
Hills and Dales,Oct-Dec 2023,5850-8690,"7,241",3%,,Pune,Residential Multistorey Apartment
Hills and Dales,Jul-Sep 2023,5725-8520,"7,027",4%,,Pune,Residential Multistorey Apartment
Hills and Dales,Apr-Jun 2023,5600-8355,"6,813",4%,,Pune,Residential Multistorey Apartment
Hills and Dales,Jan-Mar 2023,5480-8195,"6,607",4%,,Pune,Residential Multistorey Apartment
Hills and Dales,Oct-Dec 2022,5360-8035,"6,411",4%,,Pune,Residential Multistorey Apartment
Hills and Dales,Jul-Sep 2022,5245-7880,"6,223",4%,,Pune,Residential Multistorey Apartment
Hills and Dales,Apr-Jun 2022,5130-7725,"6,043",4%,,Pune,Residential Multistorey Apartment
Hills and Dales,Jan-Mar 2022,5015-7575,"5,870",4%,,Pune,Residential Multistorey Apartment
Hills and Dales,Oct-Dec 2021,4900-7430,"5,705",4%,,Pune,Residential Multistorey Apartment
Hills and Dales,Jul-Sep 2021,4785-7285,"5,547",4%,,Pune,Residential Multistorey Apartment
Hills and Dales,Apr-Jun 2021,4670-7140,"5,397",4%,,Pune,Residential Multistorey Apartment
Hills and Dales,Jan-Mar 2021,4555-7000,"5,254",4%,,Pune,Residential Multistorey Apartment
Hills and Dales,Oct-Dec 2020,4440-6860,"5,118",4%,,Pune,Residential Multistorey Apartment
Hills and Dales,Jul-Sep 2020,4325-6725,"4,989",4%,,Pune,Residential Multistorey Apartment
Hills and Dales,Apr-Jun 2020,4210-6595,"4,866",4%,,Pune,Residential Multistorey Apartment
Hills and Dales,Jan-Mar 2020,4095-6470,"4,749",4%,,Pune,Residential Multistorey Apartment
Hills and Dales,Oct-Dec 2019,3980-6345,"4,639",4%,,Pune,Residential Multistorey Apartment
Hills and Dales,Jul-Sep 2019,3865-6220,"4,535",4%,,Pune,Residential Multistorey Apartment
Hills and Dales,Apr-Jun 2019,3755-6100,"4,428",4%,,Pune,Residential Multistorey Apartment
Hills and Dales,Jan-Mar 2019,3645-5980,"4,327",4%,,Pune,Residential Multistorey Apartment
Hills and Dales,Oct-Dec 2018,3535-5865,"4,223",-,,Pune,Residential Multistorey Apartment
Hills and Dales,Jul-Sep 2018,3425-5750,"4,125",-,,Pune,Residential Multistorey Apartment
,,,,,,Pune,Residential Multistorey Apartment
Hinjawadi,Oct-Dec 2024,6113-9338,"7,725",2%,,Pune,Residential Multistorey Apartment
Hinjawadi,Jul-Sep 2024,5972-9200,"7,586",2%,,Pune,Residential Multistorey Apartment
Hinjawadi,Apr-Jun 2024,5897-8979,"7,438",2%,,Pune,Residential Multistorey Apartment
Hinjawadi,Jan-Mar 2024,5778-8821,"7,300",3%,,Pune,Residential Multistorey Apartment
Hinjawadi,Oct-Dec 2023,5601-8597,"7,099",2%,,Pune,Residential Multistorey Apartment
Hinjawadi,Jul-Sep 2023,5505-8450,"6,978",4%,,Pune,Residential Multistorey Apartment
Hinjawadi,Apr-Jun 2023,5294-8142,"6,718",2%,,Pune,Residential Multistorey Apartment
Hinjawadi,Jan-Mar 2023,5202-7994,"6,598",3%,,Pune,Residential Multistorey Apartment
Hinjawadi,Oct-Dec 2022,5052-7765,"6,409",1%,,Pune,Residential Multistorey Apartment
Hinjawadi,Jul-Sep 2022,4972-7667,"6,320",3%,,Pune,Residential Multistorey Apartment
Hinjawadi,Apr-Jun 2022,4892-7373,"6,132",3%,,Pune,Residential Multistorey Apartment
Hinjawadi,Jan-Mar 2022,4774-7163,"5,968",1%,,Pune,Residential Multistorey Apartment
Hinjawadi,Oct-Dec 2021,4715-7044,"5,880",0.20%,,Pune,Residential Multistorey Apartment
Hinjawadi,Jul-Sep 2021,4720-7020,"5,870",1%,,Pune,Residential Multistorey Apartment
Hinjawadi,Apr-Jun 2021,4662-6922,"5,792",1%,,Pune,Residential Multistorey Apartment
Hinjawadi,Jan-Mar 2021,4661-6861,"5,761",-,,Pune,Residential Multistorey Apartment
Hinjawadi,Oct-Dec 2020,4677-6848,"5,763",2%,,Pune,Residential Multistorey Apartment
Hinjawadi,Jul-Sep 2020,4619-6704,"5,661",0.10%,,Pune,Residential Multistorey Apartment
Hinjawadi,Apr-Jun 2020,4586-6721,"5,653",1%,,Pune,Residential Multistorey Apartment
Hinjawadi,Jan-Mar 2020,4611-6756,"5,684",0.20%,,Pune,Residential Multistorey Apartment
Hinjawadi,Oct-Dec 2019,4597-6748,"5,672",-,,Pune,Residential Multistorey Apartment
Hinjawadi,Jul-Sep 2019,4616-6725,"5,670",-,,Pune,Residential Multistorey Apartment
Hinjawadi,Apr-Jun 2019,4586-6747,"5,667",1%,,Pune,Residential Multistorey Apartment
Hinjawadi,Jan-Mar 2019,4565-6839,"5,702",0.40%,,Pune,Residential Multistorey Apartment
Hinjawadi,Oct-Dec 2018,4565-6790,"5,677",1%,,Pune,Residential Multistorey Apartment
Hinjawadi,Jul-Sep 2018,4619-6853,"5,736",0.10%,,Pune,Residential Multistorey Apartment
,,,,,,Pune,Residential Multistorey Apartment
Hinjawadi Wakad Road,Oct-Dec 2024,6291-9567,"7,929",2%,,Pune,Residential Multistorey Apartment
Hinjawadi Wakad Road,Jul-Sep 2024,6179-9417,"7,798",2%,,Pune,Residential Multistorey Apartment
Hinjawadi Wakad Road,Apr-Jun 2024,6078-9197,"7,638",2%,,Pune,Residential Multistorey Apartment
Hinjawadi Wakad Road,Jan-Mar 2024,5973-9027,"7,500",2%,,Pune,Residential Multistorey Apartment
Hinjawadi Wakad Road,Oct-Dec 2023,5812-8852,"7,332",5%,,Pune,Residential Multistorey Apartment
Hinjawadi Wakad Road,Jul-Sep 2023,5539-8466,"7,003",3%,,Pune,Residential Multistorey Apartment
Hinjawadi Wakad Road,Apr-Jun 2023,5370-8236,"6,803",1%,,Pune,Residential Multistorey Apartment
Hinjawadi Wakad Road,Jan-Mar 2023,5459-8346,"6,902",2%,,Pune,Residential Multistorey Apartment
Hinjawadi Wakad Road,Oct-Dec 2022,5333-8181,"6,757",2%,,Pune,Residential Multistorey Apartment
Hinjawadi Wakad Road,Jul-Sep 2022,5227-8021,"6,624",3%,,Pune,Residential Multistorey Apartment
Hinjawadi Wakad Road,Apr-Jun 2022,5142-7755,"6,449",3%,,Pune,Residential Multistorey Apartment
Hinjawadi Wakad Road,Jan-Mar 2022,5025-7543,"6,284",1%,,Pune,Residential Multistorey Apartment
Hinjawadi Wakad Road,Oct-Dec 2021,4976-7494,"6,235",0.40%,,Pune,Residential Multistorey Apartment
Hinjawadi Wakad Road,Jul-Sep 2021,4968-7449,"6,208",2%,,Pune,Residential Multistorey Apartment
Hinjawadi Wakad Road,Apr-Jun 2021,4892-7326,"6,109",1%,,Pune,Residential Multistorey Apartment
Hinjawadi Wakad Road,Jan-Mar 2021,4851-7241,"6,046",0.10%,,Pune,Residential Multistorey Apartment
Hinjawadi Wakad Road,Oct-Dec 2020,4885-7224,"6,055",3%,,Pune,Residential Multistorey Apartment
Hinjawadi Wakad Road,Jul-Sep 2020,4772-7015,"5,893",2%,,Pune,Residential Multistorey Apartment
Hinjawadi Wakad Road,Apr-Jun 2020,4813-7178,"5,995",1%,,Pune,Residential Multistorey Apartment
Hinjawadi Wakad Road,Jan-Mar 2020,4853-7207,"6,030",-,,Pune,Residential Multistorey Apartment
Hinjawadi Wakad Road,Oct-Dec 2019,4849-7223,"6,036",0.10%,,Pune,Residential Multistorey Apartment
Hinjawadi Wakad Road,Jul-Sep 2019,4856-7231,"6,044",0.10%,,Pune,Residential Multistorey Apartment
Hinjawadi Wakad Road,Apr-Jun 2019,4846-7229,"6,037",1%,,Pune,Residential Multistorey Apartment
Hinjawadi Wakad Road,Jan-Mar 2019,4886-7297,"6,091",1%,,Pune,Residential Multistorey Apartment
Hinjawadi Wakad Road,Oct-Dec 2018,4833-7228,"6,031",-,,Pune,Residential Multistorey Apartment
Hinjawadi Wakad Road,Jul-Sep 2018,4874-7182,"6,028",0.10%,,Pune,Residential Multistorey Apartment
,,,,,,Pune,Residential Multistorey Apartment
Hinjwadi Rajiv Gandhi Infotech Park,Oct-Dec 2024,6358-9603,"7,981",2%,,Pune,Residential Multistorey Apartment
Hinjwadi Rajiv Gandhi Infotech Park,Jul-Sep 2024,6215-9404,"7,810",3%,,Pune,Residential Multistorey Apartment
Hinjwadi Rajiv Gandhi Infotech Park,Apr-Jun 2024,6035-9107,"7,571",2%,,Pune,Residential Multistorey Apartment
Hinjwadi Rajiv Gandhi Infotech Park,Jan-Mar 2024,5945-8969,"7,457",4%,,Pune,Residential Multistorey Apartment
Hinjwadi Rajiv Gandhi Infotech Park,Oct-Dec 2023,5710-8691,"7,201",1%,,Pune,Residential Multistorey Apartment
Hinjwadi Rajiv Gandhi Infotech Park,Jul-Sep 2023,5667-8554,"7,111",2%,,Pune,Residential Multistorey Apartment
Hinjwadi Rajiv Gandhi Infotech Park,Apr-Jun 2023,5559-8447,"7,003",10%,,Pune,Residential Multistorey Apartment
Hinjwadi Rajiv Gandhi Infotech Park,Jan-Mar 2023,5263-7485,"6,374",3%,,Pune,Residential Multistorey Apartment
Hinjwadi Rajiv Gandhi Infotech Park,Oct-Dec 2022,5075-7312,"6,193",2%,,Pune,Residential Multistorey Apartment
Hinjwadi Rajiv Gandhi Infotech Park,Jul-Sep 2022,4916-7203,"6,060",5%,,Pune,Residential Multistorey Apartment
Hinjwadi Rajiv Gandhi Infotech Park,Apr-Jun 2022,4716-6881,"5,799",1%,,Pune,Residential Multistorey Apartment
Hinjwadi Rajiv Gandhi Infotech Park,Jan-Mar 2022,4725-6731,"5,728",1%,,Pune,Residential Multistorey Apartment
Hinjwadi Rajiv Gandhi Infotech Park,Oct-Dec 2021,4612-6703,"5,657",1%,,Pune,Residential Multistorey Apartment
Hinjwadi Rajiv Gandhi Infotech Park,Jul-Sep 2021,4648-6730,"5,689",3%,,Pune,Residential Multistorey Apartment
Hinjwadi Rajiv Gandhi Infotech Park,Apr-Jun 2021,4443-6618,"5,531",2%,,Pune,Residential Multistorey Apartment
Hinjwadi Rajiv Gandhi Infotech Park,Jan-Mar 2021,4515-6754,"5,634",0.30%,,Pune,Residential Multistorey Apartment
Hinjwadi Rajiv Gandhi Infotech Park,Oct-Dec 2020,4652-6652,"5,652",1%,,Pune,Residential Multistorey Apartment
Hinjwadi Rajiv Gandhi Infotech Park,Jul-Sep 2020,4669-6541,"5,605",1%,,Pune,Residential Multistorey Apartment
Hinjwadi Rajiv Gandhi Infotech Park,Apr-Jun 2020,4536-6538,"5,537",0.40%,,Pune,Residential Multistorey Apartment
Hinjwadi Rajiv Gandhi Infotech Park,Jan-Mar 2020,4517-6513,"5,515",2%,,Pune,Residential Multistorey Apartment
Hinjwadi Rajiv Gandhi Infotech Park,Oct-Dec 2019,4622-6611,"5,616",-,,Pune,Residential Multistorey Apartment
Hinjwadi Rajiv Gandhi Infotech Park,Jul-Sep 2019,4621-6601,"5,611",1%,,Pune,Residential Multistorey Apartment
Hinjwadi Rajiv Gandhi Infotech Park,Apr-Jun 2019,4625-6684,"5,654",2%,,Pune,Residential Multistorey Apartment
Hinjwadi Rajiv Gandhi Infotech Park,Jan-Mar 2019,4647-6861,"5,754",0.40%,,Pune,Residential Multistorey Apartment
Hinjwadi Rajiv Gandhi Infotech Park,Oct-Dec 2018,4628-6833,"5,731",0.30%,,Pune,Residential Multistorey Apartment
Hinjwadi Rajiv Gandhi Infotech Park,Jul-Sep 2018,4696-6797,"5,747",1%,,Pune,Residential Multistorey Apartment
,,,,,,Pune,Residential Multistorey Apartment
ITI Road,Oct-Dec 2024,7840-12738,"10,289",,,Pune,Residential Multistorey Apartment
ITI Road,Jul-Sep 2024,7630-12300,"10,000",,,Pune,Residential Multistorey Apartment
ITI Road,Apr-Jun 2024,7665-12315,"9,990",,,Pune,Residential Multistorey Apartment
ITI Road,Jan-Mar 2024,7481-11872,"9,676",,,Pune,Residential Multistorey Apartment
ITI Road,Oct-Dec 2023,7357-11673,"9,515",,,Pune,Residential Multistorey Apartment
ITI Road,Jul-Sep 2023,7385-11645,"9,515",,,Pune,Residential Multistorey Apartment
ITI Road,Apr-Jun 2023,7221-11433,"9,327",,,Pune,Residential Multistorey Apartment
ITI Road,Jan-Mar 2023,7707-12240,"9,974",,,Pune,Residential Multistorey Apartment
ITI Road,Oct-Dec 2022,7550-12000,"9,850",,,Pune,Residential Multistorey Apartment
ITI Road,Jul-Sep 2022,7400-11850,"9,700",,,Pune,Residential Multistorey Apartment
ITI Road,Apr-Jun 2022,7250-11700,"9,550",,,Pune,Residential Multistorey Apartment
ITI Road,Jan-Mar 2022,7100-11550,"9,400",,,Pune,Residential Multistorey Apartment
ITI Road,Oct-Dec 2021,6950-11400,"9,250",,,Pune,Residential Multistorey Apartment
ITI Road,Jul-Sep 2021,6800-11250,"9,100",,,Pune,Residential Multistorey Apartment
ITI Road,Apr-Jun 2021,6650-11100,"8,950",,,Pune,Residential Multistorey Apartment
ITI Road,Jan-Mar 2021,6500-10950,"8,800",,,Pune,Residential Multistorey Apartment
ITI Road,Oct-Dec 2020,6350-10800,"8,650",,,Pune,Residential Multistorey Apartment
ITI Road,Jul-Sep 2020,6200-10650,"8,500",,,Pune,Residential Multistorey Apartment
ITI Road,Apr-Jun 2020,6050-10500,"8,350",,,Pune,Residential Multistorey Apartment
ITI Road,Jan-Mar 2020,5900-10350,"8,200",,,Pune,Residential Multistorey Apartment
ITI Road,Oct-Dec 2019,5750-10200,"8,050",,,Pune,Residential Multistorey Apartment
ITI Road,Jul-Sep 2019,5600-10050,"7,900",,,Pune,Residential Multistorey Apartment
ITI Road,Apr-Jun 2019,5450-9950,"7,750",,,Pune,Residential Multistorey Apartment
ITI Road,Jan-Mar 2019,5300-9800,"7,600",,,Pune,Residential Multistorey Apartment
ITI Road,Oct-Dec 2018,5150-9650,"7,450",,,Pune,Residential Multistorey Apartment
ITI Road,Jul-Sep 2018,5000-9500,"7,300",,,Pune,Residential Multistorey Apartment
,,,,,,Pune,Residential Multistorey Apartment
Joggers Park,Oct-Dec 2024,9604-15572,"12,588",,,Pune,Residential Multistorey Apartment
Joggers Park,Jul-Sep 2024,9400-15250,"12,400",,,Pune,Residential Multistorey Apartment
Joggers Park,Apr-Jun 2024,9561-15318,"12,439",,,Pune,Residential Multistorey Apartment
Joggers Park,Jan-Mar 2024,9330-15000,"12,150",,,Pune,Residential Multistorey Apartment
Joggers Park,Oct-Dec 2023,9150-14800,"11,950",,,Pune,Residential Multistorey Apartment
Joggers Park,Jul-Sep 2023,8272-14396,"11,334",,,Pune,Residential Multistorey Apartment
Joggers Park,Apr-Jun 2023,8528-14519,"11,523",,,Pune,Residential Multistorey Apartment
Joggers Park,Jan-Mar 2023,8787-13994,"11,390",,,Pune,Residential Multistorey Apartment
Joggers Park,Oct-Dec 2022,8625-13780,"11,170",,,Pune,Residential Multistorey Apartment
Joggers Park,Jul-Sep 2022,8288-13906,"11,097",,,Pune,Residential Multistorey Apartment
Joggers Park,Apr-Jun 2022,7631-12330,"9,981",,,Pune,Residential Multistorey Apartment
Joggers Park,Jan-Mar 2022,7491-12585,"10,038",,,Pune,Residential Multistorey Apartment
Joggers Park,Oct-Dec 2021,7781-13682,"10,732",,,Pune,Residential Multistorey Apartment
Joggers Park,Jul-Sep 2021,7833-13369,"10,601",,,Pune,Residential Multistorey Apartment
Joggers Park,Apr-Jun 2021,7630-13150,"10,300",,,Pune,Residential Multistorey Apartment
Joggers Park,Jan-Mar 2021,7450-12900,"10,125",,,Pune,Residential Multistorey Apartment
Joggers Park,Oct-Dec 2020,7275-12650,"9,950",,,Pune,Residential Multistorey Apartment
Joggers Park,Jul-Sep 2020,7100-12400,"9,850",,,Pune,Residential Multistorey Apartment
Joggers Park,Apr-Jun 2020,6925-12150,"9,750",,,Pune,Residential Multistorey Apartment
Joggers Park,Jan-Mar 2020,6750-11900,"9,650",,,Pune,Residential Multistorey Apartment
Joggers Park,Oct-Dec 2019,7302-12096,"9,699",,,Pune,Residential Multistorey Apartment
Joggers Park,Jul-Sep 2019,7895-13008,"10,451",,,Pune,Residential Multistorey Apartment
Joggers Park,Apr-Jun 2019,6855-11320,"9,088",,,Pune,Residential Multistorey Apartment
Joggers Park,Jan-Mar 2019,6907-11005,"8,956",,,Pune,Residential Multistorey Apartment
Joggers Park,Oct-Dec 2018,6778-10537,"8,657",,,Pune,Residential Multistorey Apartment
Joggers Park,Jul-Sep 2018,6765-10565,"8,665",,,Pune,Residential Multistorey Apartment
,,,,,,Pune,Residential Multistorey Apartment
Kad Nagar,Oct-Dec 2024,4744-7597,"6,171",,,Pune,Residential Multistorey Apartment
Kad Nagar,Jul-Sep 2024,4595-7521,"6,058",,,Pune,Residential Multistorey Apartment
Kad Nagar,Apr-Jun 2024,4611-7600,"6,106",,,Pune,Residential Multistorey Apartment
Kad Nagar,Jan-Mar 2024,4513-7223,"5,868",,,Pune,Residential Multistorey Apartment
Kad Nagar,Oct-Dec 2023,4484-7150,"5,817",,,Pune,Residential Multistorey Apartment
Kad Nagar,Jul-Sep 2023,4519-6797,"5,658",,,Pune,Residential Multistorey Apartment
Kad Nagar,Apr-Jun 2023,4534-6331,"5,433",,,Pune,Residential Multistorey Apartment
Kad Nagar,Jan-Mar 2023,4572-6507,"5,539",,,Pune,Residential Multistorey Apartment
Kad Nagar,Oct-Dec 2022,4280-6777,"5,528",,,Pune,Residential Multistorey Apartment
Kad Nagar,Jul-Sep 2022,4517-6436,"5,477",,,Pune,Residential Multistorey Apartment
Kad Nagar,Apr-Jun 2022,4520-5930,"5,225",,,Pune,Residential Multistorey Apartment
Kad Nagar,Jan-Mar 2022,4417-6204,"5,310",,,Pune,Residential Multistorey Apartment
Kad Nagar,Oct-Dec 2021,4473-6040,"5,257",,,Pune,Residential Multistorey Apartment
Kad Nagar,Jul-Sep 2021,4375-5940,"5,158",,,Pune,Residential Multistorey Apartment
Kad Nagar,Apr-Jun 2021,4280-5840,"5,061",,,Pune,Residential Multistorey Apartment
Kad Nagar,Jan-Mar 2021,4185-5740,"4,965",,,Pune,Residential Multistorey Apartment
Kad Nagar,Oct-Dec 2020,4090-5640,"4,870",,,Pune,Residential Multistorey Apartment
Kad Nagar,Jul-Sep 2020,4545-5837,"5,191",,,Pune,Residential Multistorey Apartment
Kad Nagar,Apr-Jun 2020,4000-5540,"4,770",,,Pune,Residential Multistorey Apartment
Kad Nagar,Jan-Mar 2020,3900-5440,"4,670",,,Pune,Residential Multistorey Apartment
Kad Nagar,Oct-Dec 2019,3800-5340,"4,570",,,Pune,Residential Multistorey Apartment
Kad Nagar,Jul-Sep 2019,3700-5240,"4,470",,,Pune,Residential Multistorey Apartment
Kad Nagar,Apr-Jun 2019,3600-5140,"4,370",,,Pune,Residential Multistorey Apartment
Kad Nagar,Jan-Mar 2019,3500-5040,"4,270",,,Pune,Residential Multistorey Apartment
Kad Nagar,Oct-Dec 2018,3400-4940,"4,170",,,Pune,Residential Multistorey Apartment
Kad Nagar,Jul-Sep 2018,3300-4840,"4,070",,,Pune,Residential Multistorey Apartment
,,,,,,Pune,Residential Multistorey Apartment
,,,,,,Pune,Residential Multistorey Apartment
,,,,,,,
,,,,,,Pune,Residential Multistorey Apartment
Kalyani Nagar,Oct-Dec 2024,9524-15955,"12,739",3%,,Pune,Residential Multistorey Apartment
Kalyani Nagar,Jul-Sep 2024,9225-15603,"12,414",2%,,Pune,Residential Multistorey Apartment
Kalyani Nagar,Apr-Jun 2024,9006-15219,"12,113",1%,,Pune,Residential Multistorey Apartment
Kalyani Nagar,Jan-Mar 2024,8860-15182,"12,021",3%,,Pune,Residential Multistorey Apartment
Kalyani Nagar,Oct-Dec 2023,8647-14764,"11,706",3%,,Pune,Residential Multistorey Apartment
Kalyani Nagar,Jul-Sep 2023,8457-14312,"11,385",2%,,Pune,Residential Multistorey Apartment
Kalyani Nagar,Apr-Jun 2023,8278-13955,"11,117",0.30%,,Pune,Residential Multistorey Apartment
Kalyani Nagar,Jan-Mar 2023,8235-13938,"11,086",4%,,Pune,Residential Multistorey Apartment
Kalyani Nagar,Oct-Dec 2022,7937-13392,"10,664",2%,,Pune,Residential Multistorey Apartment
Kalyani Nagar,Jul-Sep 2022,7867-13801,"10,834",5%,,Pune,Residential Multistorey Apartment
Kalyani Nagar,Apr-Jun 2022,7708-12887,"10,298",-,,Pune,Residential Multistorey Apartment
Kalyani Nagar,Jan-Mar 2022,7654-12940,"10,297",1%,,Pune,Residential Multistorey Apartment
Kalyani Nagar,Oct-Dec 2021,7638-12709,"10,173",1%,,Pune,Residential Multistorey Apartment
Kalyani Nagar,Jul-Sep 2021,7734-12856,"10,295",3%,,Pune,Residential Multistorey Apartment
Kalyani Nagar,Apr-Jun 2021,7658-12250,"9,954",1%,,Pune,Residential Multistorey Apartment
Kalyani Nagar,Jan-Mar 2021,7570-12139,"9,854",2%,,Pune,Residential Multistorey Apartment
Kalyani Nagar,Oct-Dec 2020,7630-12418,"10,024",3%,,Pune,Residential Multistorey Apartment
Kalyani Nagar,Jul-Sep 2020,7669-11763,"9,716",1%,,Pune,Residential Multistorey Apartment
Kalyani Nagar,Apr-Jun 2020,7607-11996,"9,802",-,,Pune,Residential Multistorey Apartment
Kalyani Nagar,Jan-Mar 2020,7497-12110,"9,804",0.20%,,Pune,Residential Multistorey Apartment
Kalyani Nagar,Oct-Dec 2019,7407-12239,"9,823",1%,,Pune,Residential Multistorey Apartment
Kalyani Nagar,Jul-Sep 2019,7321-12085,"9,703",1%,,Pune,Residential Multistorey Apartment
Kalyani Nagar,Apr-Jun 2019,7249-11997,"9,623",4%,,Pune,Residential Multistorey Apartment
Kalyani Nagar,Jan-Mar 2019,7143-11408,"9,276",2%,,Pune,Residential Multistorey Apartment
Kalyani Nagar,Oct-Dec 2018,7026-11101,"9,064",0.20%,,Pune,Residential Multistorey Apartment
Kalyani Nagar,Jul-Sep 2018,7066-11102,"9,084",-,,Pune,Residential Multistorey Apartment
,,,,,,Pune,Residential Multistorey Apartment
,,,,,,Pune,Residential Multistorey Apartment
Karve Nagar,Oct-Dec 2024,9548-15136,"12,342",2%,,Pune,Residential Multistorey Apartment
Karve Nagar,Jul-Sep 2024,9293-14891,"12,092",2%,,Pune,Residential Multistorey Apartment
Karve Nagar,Apr-Jun 2024,8862-14812,"11,837",7%,,Pune,Residential Multistorey Apartment
Karve Nagar,Jan-Mar 2024,8341-13792,"11,066",4%,,Pune,Residential Multistorey Apartment
Karve Nagar,Oct-Dec 2023,7954-13402,"10,678",1%,,Pune,Residential Multistorey Apartment
Karve Nagar,Jul-Sep 2023,7958-13542,"10,750",10%,,Pune,Residential Multistorey Apartment
Karve Nagar,Apr-Jun 2023,7312-12313,"9,812",1%,,Pune,Residential Multistorey Apartment
Karve Nagar,Jan-Mar 2023,7290-12059,"9,674",3%,,Pune,Residential Multistorey Apartment
Karve Nagar,Oct-Dec 2022,7459-12542,"10,000",5%,,Pune,Residential Multistorey Apartment
Karve Nagar,Jul-Sep 2022,8061-12919,"10,490",6%,,Pune,Residential Multistorey Apartment
Karve Nagar,Apr-Jun 2022,7474-12252,"9,863",2%,,Pune,Residential Multistorey Apartment
Karve Nagar,Jan-Mar 2022,7413-11939,"9,676",1%,,Pune,Residential Multistorey Apartment
Karve Nagar,Oct-Dec 2021,7248-11895,"9,571",3%,,Pune,Residential Multistorey Apartment
Karve Nagar,Jul-Sep 2021,7078-11456,"9,267",4%,,Pune,Residential Multistorey Apartment
Karve Nagar,Apr-Jun 2021,6750-11094,"8,922",0.30%,,Pune,Residential Multistorey Apartment
Karve Nagar,Jan-Mar 2021,6771-11011,"8,891",1%,,Pune,Residential Multistorey Apartment
Karve Nagar,Oct-Dec 2020,6661-10910,"8,786",2%,,Pune,Residential Multistorey Apartment
Karve Nagar,Jul-Sep 2020,6501-10753,"8,627",8%,,Pune,Residential Multistorey Apartment
Karve Nagar,Apr-Jun 2020,7015-11640,"9,328",2%,,Pune,Residential Multistorey Apartment
Karve Nagar,Jan-Mar 2020,7194-11765,"9,480",1%,,Pune,Residential Multistorey Apartment
Karve Nagar,Oct-Dec 2019,7241-11535,"9,388",2%,,Pune,Residential Multistorey Apartment
Karve Nagar,Jul-Sep 2019,7193-11282,"9,237",2%,,Pune,Residential Multistorey Apartment
Karve Nagar,Apr-Jun 2019,7327-11593,"9,460",4%,,Pune,Residential Multistorey Apartment
Karve Nagar,Jan-Mar 2019,6783-11396,"9,089",2%,,Pune,Residential Multistorey Apartment
Karve Nagar,Oct-Dec 2018,6837-11646,"9,242",2%,,Pune,Residential Multistorey Apartment
Karve Nagar,Jul-Sep 2018,7304-11625,"9,465",2%,,Pune,Residential Multistorey Apartment
,,,,,,Pune,Residential Multistorey Apartment
Karve Road,Oct-Dec 2024,10263-16390,"13,326",2%,,Pune,Residential Multistorey Apartment
Karve Road,Jul-Sep 2024,9973-16158,"13,065",,,Pune,Residential Multistorey Apartment
Karve Road,Apr-Jun 2024,10038-16117,"13,078",2%,,Pune,Residential Multistorey Apartment
Karve Road,Jan-Mar 2024,9836-15761,"12,799",4%,,Pune,Residential Multistorey Apartment
Karve Road,Oct-Dec 2023,9341-15252,"12,296",1%,,Pune,Residential Multistorey Apartment
Karve Road,Jul-Sep 2023,9625-15195,"12,410",2%,,Pune,Residential Multistorey Apartment
Karve Road,Apr-Jun 2023,9391-14862,"12,127",15%,,Pune,Residential Multistorey Apartment
Karve Road,Jan-Mar 2023,11541-17023,"14,282",2%,,Pune,Residential Multistorey Apartment
Karve Road,Oct-Dec 2022,11586-17592,"14,589",3%,,Pune,Residential Multistorey Apartment
Karve Road,Jul-Sep 2022,11976-18034,"15,005",7%,,Pune,Residential Multistorey Apartment
Karve Road,Apr-Jun 2022,10438-17539,"13,988",2%,,Pune,Residential Multistorey Apartment
Karve Road,Jan-Mar 2022,11236-17246,"14,241",1%,,Pune,Residential Multistorey Apartment
Karve Road,Oct-Dec 2021,11767-17023,"14,395",4%,,Pune,Residential Multistorey Apartment
Karve Road,Jul-Sep 2021,11092-16547,"13,819",0.20%,,Pune,Residential Multistorey Apartment
Karve Road,Apr-Jun 2021,11298-16283,"13,790",3%,,Pune,Residential Multistorey Apartment
Karve Road,Jan-Mar 2021,10705-16096,"13,401",6%,,Pune,Residential Multistorey Apartment
Karve Road,Oct-Dec 2020,9991-15340,"12,665",6%,,Pune,Residential Multistorey Apartment
Karve Road,Jul-Sep 2020,11088-15744,"13,416",4%,,Pune,Residential Multistorey Apartment
Karve Road,Apr-Jun 2020,9995-15750,"12,872",2%,,Pune,Residential Multistorey Apartment
Karve Road,Jan-Mar 2020,9813-16428,"13,120",1%,,Pune,Residential Multistorey Apartment
Karve Road,Oct-Dec 2019,10638-15923,"13,280",1%,,Pune,Residential Multistorey Apartment
Karve Road,Jul-Sep 2019,10322-16057,"13,189",7%,,Pune,Residential Multistorey Apartment
Karve Road,Apr-Jun 2019,9386-15354,"12,370",6%,,Pune,Residential Multistorey Apartment
Karve Road,Jan-Mar 2019,10362-15966,"13,164",16%,,Pune,Residential Multistorey Apartment
Karve Road,Oct-Dec 2018,9189-13595,"11,392",4%,,Pune,Residential Multistorey Apartment
Karve Road,Jul-Sep 2018,8702-13254,"10,978",9%,,Pune,Residential Multistorey Apartment
,,,,,,Pune,Residential Multistorey Apartment
Kaspate Wasti,Oct-Dec 2024,6587-10497,"8,542",1%,,Pune,Residential Multistorey Apartment
Kaspate Wasti,Jul-Sep 2024,6856-10414,"8,635",0.50%,,Pune,Residential Multistorey Apartment
Kaspate Wasti,Apr-Jun 2024,6880-10306,"8,593",3%,,Pune,Residential Multistorey Apartment
Kaspate Wasti,Jan-Mar 2024,6661-9978,"8,320",2%,,Pune,Residential Multistorey Apartment
Kaspate Wasti,Oct-Dec 2023,6549-9820,"8,185",3%,,Pune,Residential Multistorey Apartment
Kaspate Wasti,Jul-Sep 2023,6248-9674,"7,961",2%,,Pune,Residential Multistorey Apartment
Kaspate Wasti,Apr-Jun 2023,6215-9335,"7,775",3%,,Pune,Residential Multistorey Apartment
Kaspate Wasti,Jan-Mar 2023,6119-9041,"7,580",2%,,Pune,Residential Multistorey Apartment
Kaspate Wasti,Oct-Dec 2022,6072-8844,"7,458",5%,,Pune,Residential Multistorey Apartment
Kaspate Wasti,Jul-Sep 2022,5928-8286,"7,107",1%,,Pune,Residential Multistorey Apartment
Kaspate Wasti,Apr-Jun 2022,5833-8246,"7,039",4%,,Pune,Residential Multistorey Apartment
Kaspate Wasti,Jan-Mar 2022,5599-7951,"6,775",0.40%,,Pune,Residential Multistorey Apartment
Kaspate Wasti,Oct-Dec 2021,5554-7944,"6,749",1%,,Pune,Residential Multistorey Apartment
Kaspate Wasti,Jul-Sep 2021,5792-7892,"6,842",-,,Pune,Residential Multistorey Apartment
Kaspate Wasti,Apr-Jun 2021,5745-7930,"6,837",1%,,Pune,Residential Multistorey Apartment
Kaspate Wasti,Jan-Mar 2021,5740-7778,"6,759",2%,,Pune,Residential Multistorey Apartment
Kaspate Wasti,Oct-Dec 2020,5636-7563,"6,599",0.20%,,Pune,Residential Multistorey Apartment
Kaspate Wasti,Jul-Sep 2020,5667-7507,"6,587",2%,,Pune,Residential Multistorey Apartment
Kaspate Wasti,Apr-Jun 2020,5787-7659,"6,723",-,,Pune,Residential Multistorey Apartment
Kaspate Wasti,Jan-Mar 2020,5791-7661,"6,726",0.40%,,Pune,Residential Multistorey Apartment
Kaspate Wasti,Oct-Dec 2019,5742-7764,"6,753",3%,,Pune,Residential Multistorey Apartment
Kaspate Wasti,Jul-Sep 2019,5792-7672,"6,732",2%,,Pune,Residential Multistorey Apartment
Kaspate Wasti,Apr-Jun 2019,5664-7521,"6,593",1%,,Pune,Residential Multistorey Apartment
Kaspate Wasti,Jan-Mar 2019,5561-7492,"6,527",1%,,Pune,Residential Multistorey Apartment
Kaspate Wasti,Oct-Dec 2018,5540-7373,"6,457",1%,,Pune,Residential Multistorey Apartment
Kaspate Wasti,Jul-Sep 2018,5680-7318,"6,499",1%,,Pune,Residential Multistorey Apartment
,,,,,,Pune,Residential Multistorey Apartment
Katraj,Oct-Dec 2024,4752-8034,"6,393",6%,,Pune,Residential Multistorey Apartment
Katraj,Jul-Sep 2024,4552-7561,"6,056",1%,,Pune,Residential Multistorey Apartment
Katraj,Apr-Jun 2024,4505-7466,"5,985",3%,,Pune,Residential Multistorey Apartment
Katraj,Jan-Mar 2024,4232-7374,"5,803",3%,,Pune,Residential Multistorey Apartment
Katraj,Oct-Dec 2023,4419-7582,"6,001",5%,,Pune,Residential Multistorey Apartment
Katraj,Jul-Sep 2023,4174-7301,"5,738",1%,,Pune,Residential Multistorey Apartment
Katraj,Apr-Jun 2023,4203-7122,"5,663",1%,,Pune,Residential Multistorey Apartment
Katraj,Jan-Mar 2023,4184-7073,"5,629",-,,Pune,Residential Multistorey Apartment
Katraj,Oct-Dec 2022,4196-7062,"5,629",0.10%,,Pune,Residential Multistorey Apartment
Katraj,Jul-Sep 2022,4193-7052,"5,622",1%,,Pune,Residential Multistorey Apartment
Katraj,Apr-Jun 2022,4306-7062,"5,684",3%,,Pune,Residential Multistorey Apartment
Katraj,Jan-Mar 2022,4155-6865,"5,510",1%,,Pune,Residential Multistorey Apartment
Katraj,Oct-Dec 2021,4161-6940,"5,551",1%,,Pune,Residential Multistorey Apartment
Katraj,Jul-Sep 2021,4323-6917,"5,620",0.10%,,Pune,Residential Multistorey Apartment
Katraj,Apr-Jun 2021,4235-7017,"5,626",0.40%,,Pune,Residential Multistorey Apartment
Katraj,Jan-Mar 2021,4312-6983,"5,648",1%,,Pune,Residential Multistorey Apartment
Katraj,Oct-Dec 2020,4307-6889,"5,598",4%,,Pune,Residential Multistorey Apartment
Katraj,Jul-Sep 2020,4101-6643,"5,372",4%,,Pune,Residential Multistorey Apartment
Katraj,Apr-Jun 2020,4419-6830,"5,625",0.40%,,Pune,Residential Multistorey Apartment
Katraj,Jan-Mar 2020,4458-6753,"5,605",1%,,Pune,Residential Multistorey Apartment
Katraj,Oct-Dec 2019,4328-6779,"5,553",0.20%,,Pune,Residential Multistorey Apartment
Katraj,Jul-Sep 2019,4273-6854,"5,564",1%,,Pune,Residential Multistorey Apartment
Katraj,Apr-Jun 2019,4348-6837,"5,592",1%,,Pune,Residential Multistorey Apartment
Katraj,Jan-Mar 2019,4343-6686,"5,514",0.20%,,Pune,Residential Multistorey Apartment
Katraj,Oct-Dec 2018,4254-6749,"5,502",3%,,Pune,Residential Multistorey Apartment
Katraj,Jul-Sep 2018,4396-6901,"5,649",1%,,Pune,Residential Multistorey Apartment
,,,,,,Pune,Residential Multistorey Apartment
Katraj Kondhwa Road,Oct-Dec 2024,4773-7715,"6,244",4%,,Pune,Residential Multistorey Apartment
Katraj Kondhwa Road,Jul-Sep 2024,4609-7409,"6,009",1%,,Pune,Residential Multistorey Apartment
Katraj Kondhwa Road,Apr-Jun 2024,4579-7358,"5,969",4%,,Pune,Residential Multistorey Apartment
Katraj Kondhwa Road,Jan-Mar 2024,4307-7119,"5,713",2%,,Pune,Residential Multistorey Apartment
Katraj Kondhwa Road,Oct-Dec 2023,4364-7245,"5,804",3%,,Pune,Residential Multistorey Apartment
Katraj Kondhwa Road,Jul-Sep 2023,4256-6969,"5,612",0.10%,,Pune,Residential Multistorey Apartment
Katraj Kondhwa Road,Apr-Jun 2023,4264-6973,"5,619",1%,,Pune,Residential Multistorey Apartment
Katraj Kondhwa Road,Jan-Mar 2023,4524-6815,"5,670",0.40%,,Pune,Residential Multistorey Apartment
Katraj Kondhwa Road,Oct-Dec 2022,4622-6766,"5,694",1%,,Pune,Residential Multistorey Apartment
Katraj Kondhwa Road,Jul-Sep 2022,4527-6751,"5,639",-,,Pune,Residential Multistorey Apartment
Katraj Kondhwa Road,Apr-Jun 2022,4558-6711,"5,634",2%,,Pune,Residential Multistorey Apartment
Katraj Kondhwa Road,Jan-Mar 2022,4504-6590,"5,547",0.40%,,Pune,Residential Multistorey Apartment
Katraj Kondhwa Road,Oct-Dec 2021,4524-6530,"5,527",0.20%,,Pune,Residential Multistorey Apartment
Katraj Kondhwa Road,Jul-Sep 2021,4536-6543,"5,540",1%,,Pune,Residential Multistorey Apartment
Katraj Kondhwa Road,Apr-Jun 2021,4617-6582,"5,600",1%,,Pune,Residential Multistorey Apartment
Katraj Kondhwa Road,Jan-Mar 2021,4609-6458,"5,534",1%,,Pune,Residential Multistorey Apartment
Katraj Kondhwa Road,Oct-Dec 2020,4730-6488,"5,609",1%,,Pune,Residential Multistorey Apartment
Katraj Kondhwa Road,Jul-Sep 2020,4589-6497,"5,543",2%,,Pune,Residential Multistorey Apartment
Katraj Kondhwa Road,Apr-Jun 2020,4497-6362,"5,429",1%,,Pune,Residential Multistorey Apartment
Katraj Kondhwa Road,Jan-Mar 2020,4465-6285,"5,375",3%,,Pune,Residential Multistorey Apartment
Katraj Kondhwa Road,Oct-Dec 2019,4224-6195,"5,209",2%,,Pune,Residential Multistorey Apartment
Katraj Kondhwa Road,Jul-Sep 2019,4343-6282,"5,313",1%,,Pune,Residential Multistorey Apartment
Katraj Kondhwa Road,Apr-Jun 2019,4375-6198,"5,286",3%,,Pune,Residential Multistorey Apartment
Katraj Kondhwa Road,Jan-Mar 2019,4397-6468,"5,432",1%,,Pune,Residential Multistorey Apartment
Katraj Kondhwa Road,Oct-Dec 2018,4433-6506,"5,469",1%,,Pune,Residential Multistorey Apartment
Katraj Kondhwa Road,Jul-Sep 2018,4504-6290,"5,397",1%,,Pune,Residential Multistorey Apartment
,,,,,,Pune,Residential Multistorey Apartment
Kavade Mala,Oct-Dec 2024,10713-17500,"14,106",,,Pune,Residential Multistorey Apartment
Kavade Mala,Jul-Sep 2024,10500-17200,"13,800",,,Pune,Residential Multistorey Apartment
Kavade Mala,Apr-Jun 2024,10337-17023,"13,680",,,Pune,Residential Multistorey Apartment
Kavade Mala,Jan-Mar 2024,10732-16998,"13,865",,,Pune,Residential Multistorey Apartment
Kavade Mala,Oct-Dec 2023,10426-16881,"13,653",,,Pune,Residential Multistorey Apartment
Kavade Mala,Jul-Sep 2023,9665-16584,"13,125",,,Pune,Residential Multistorey Apartment
Kavade Mala,Apr-Jun 2023,9383-15686,"12,534",,,Pune,Residential Multistorey Apartment
Kavade Mala,Jan-Mar 2023,8810-13791,"11,300",,,Pune,Residential Multistorey Apartment
Kavade Mala,Oct-Dec 2022,8194-12985,"10,589",,,Pune,Residential Multistorey Apartment
Kavade Mala,Jul-Sep 2022,8000-12750,"10,400",,,Pune,Residential Multistorey Apartment
Kavade Mala,Apr-Jun 2022,7850-12600,"10,225",,,Pune,Residential Multistorey Apartment
Kavade Mala,Jan-Mar 2022,7700-12450,"10,075",,,Pune,Residential Multistorey Apartment
Kavade Mala,Oct-Dec 2021,7550-12300,"9,925",,,Pune,Residential Multistorey Apartment
Kavade Mala,Jul-Sep 2021,7400-12150,"9,775",,,Pune,Residential Multistorey Apartment
Kavade Mala,Apr-Jun 2021,8938-14288,"11,613",,,Pune,Residential Multistorey Apartment
Kavade Mala,Jan-Mar 2021,7100-12000,"9,550",,,Pune,Residential Multistorey Apartment
Kavade Mala,Oct-Dec 2020,6900-11800,"9,350",,,Pune,Residential Multistorey Apartment
Kavade Mala,Jul-Sep 2020,6700-11600,"9,150",,,Pune,Residential Multistorey Apartment
Kavade Mala,Apr-Jun 2020,6500-11400,"8,950",,,Pune,Residential Multistorey Apartment
Kavade Mala,Jan-Mar 2020,6300-11200,"8,750",,,Pune,Residential Multistorey Apartment
Kavade Mala,Oct-Dec 2019,6100-11000,"8,550",,,Pune,Residential Multistorey Apartment
Kavade Mala,Jul-Sep 2019,8613-12470,"10,542",,,Pune,Residential Multistorey Apartment
Kavade Mala,Apr-Jun 2019,5900-10800,"8,850",,,Pune,Residential Multistorey Apartment
Kavade Mala,Jan-Mar 2019,5700-10600,"8,650",,,Pune,Residential Multistorey Apartment
Kavade Mala,Oct-Dec 2018,5500-10400,"8,500",,,Pune,Residential Multistorey Apartment
Kavade Mala,Jul-Sep 2018,5400-10300,"8,450",,,Pune,Residential Multistorey Apartment
,,,,,,Pune,Residential Multistorey Apartment
Keshav Nagar Mundhwa,Oct-Dec 2024,6350-9637,"7,993",2%,,Pune,Residential Multistorey Apartment
Keshav Nagar Mundhwa,Jul-Sep 2024,6215-9392,"7,803",2%,,Pune,Residential Multistorey Apartment
Keshav Nagar Mundhwa,Apr-Jun 2024,6151-9089,"7,620",4%,,Pune,Residential Multistorey Apartment
Keshav Nagar Mundhwa,Jan-Mar 2024,5864-8801,"7,333",3%,,Pune,Residential Multistorey Apartment
Keshav Nagar Mundhwa,Oct-Dec 2023,5732-8530,"7,131",3%,,Pune,Residential Multistorey Apartment
Keshav Nagar Mundhwa,Jul-Sep 2023,5609-8301,"6,955",2%,,Pune,Residential Multistorey Apartment
Keshav Nagar Mundhwa,Apr-Jun 2023,5518-8101,"6,809",2%,,Pune,Residential Multistorey Apartment
Keshav Nagar Mundhwa,Jan-Mar 2023,5393-7911,"6,652",2%,,Pune,Residential Multistorey Apartment
Keshav Nagar Mundhwa,Oct-Dec 2022,5311-7789,"6,550",2%,,Pune,Residential Multistorey Apartment
Keshav Nagar Mundhwa,Jul-Sep 2022,5114-7726,"6,420",1%,,Pune,Residential Multistorey Apartment
Keshav Nagar Mundhwa,Apr-Jun 2022,5092-7628,"6,360",0.30%,,Pune,Residential Multistorey Apartment
Keshav Nagar Mundhwa,Jan-Mar 2022,5086-7602,"6,344",-,,Pune,Residential Multistorey Apartment
Keshav Nagar Mundhwa,Oct-Dec 2021,5080-7603,"6,342",-,,Pune,Residential Multistorey Apartment
Keshav Nagar Mundhwa,Jul-Sep 2021,5074-7607,"6,341",0.20%,,Pune,Residential Multistorey Apartment
Keshav Nagar Mundhwa,Apr-Jun 2021,5101-7554,"6,328",-,,Pune,Residential Multistorey Apartment
Keshav Nagar Mundhwa,Jan-Mar 2021,5116-7548,"6,332",0.50%,,Pune,Residential Multistorey Apartment
Keshav Nagar Mundhwa,Oct-Dec 2020,5095-7630,"6,363",2%,,Pune,Residential Multistorey Apartment
Keshav Nagar Mundhwa,Jul-Sep 2020,5075-7417,"6,246",3%,,Pune,Residential Multistorey Apartment
Keshav Nagar Mundhwa,Apr-Jun 2020,4945-7189,"6,067",1%,,Pune,Residential Multistorey Apartment
Keshav Nagar Mundhwa,Jan-Mar 2020,4956-7265,"6,111",1%,,Pune,Residential Multistorey Apartment
Keshav Nagar Mundhwa,Oct-Dec 2019,4972-7161,"6,066",1%,,Pune,Residential Multistorey Apartment
Keshav Nagar Mundhwa,Jul-Sep 2019,5063-7181,"6,122",1%,,Pune,Residential Multistorey Apartment
Keshav Nagar Mundhwa,Apr-Jun 2019,5001-7151,"6,076",1%,,Pune,Residential Multistorey Apartment
Keshav Nagar Mundhwa,Jan-Mar 2019,4978-7039,"6,009",1%,,Pune,Residential Multistorey Apartment
Keshav Nagar Mundhwa,Oct-Dec 2018,5034-7101,"6,068",0.40%,,Pune,Residential Multistorey Apartment
Keshav Nagar Mundhwa,Jul-Sep 2018,4897-7192,"6,044",1%,,Pune,Residential Multistorey Apartment
,,,,,,Pune,Residential Multistorey Apartment
Kesnanad Road,Oct-Dec 2024,4843-8369,"6,606",,,Pune,Residential Multistorey Apartment
Kesnanad Road,Jul-Sep 2024,4787-8393,"6,590",,,Pune,Residential Multistorey Apartment
Kesnanad Road,Apr-Jun 2024,4583-8016,"6,299",,,Pune,Residential Multistorey Apartment
Kesnanad Road,Jan-Mar 2024,4526-7781,"6,153",,,Pune,Residential Multistorey Apartment
Kesnanad Road,Oct-Dec 2023,4458-7420,"5,939",,,Pune,Residential Multistorey Apartment
Kesnanad Road,Jul-Sep 2023,4277-7010,"5,644",,,Pune,Residential Multistorey Apartment
Kesnanad Road,Apr-Jun 2023,4269-6856,"5,562",,,Pune,Residential Multistorey Apartment
Kesnanad Road,Jan-Mar 2023,3850-5768,"4,809",,,Pune,Residential Multistorey Apartment
Kesnanad Road,Oct-Dec 2022,3756-5590,"4,673",,,Pune,Residential Multistorey Apartment
Kesnanad Road,Jul-Sep 2022,3846-5787,"4,817",,,Pune,Residential Multistorey Apartment
Kesnanad Road,Apr-Jun 2022,3721-5483,"4,602",,,Pune,Residential Multistorey Apartment
Kesnanad Road,Jan-Mar 2022,3756-5302,"4,529",,,Pune,Residential Multistorey Apartment
Kesnanad Road,Oct-Dec 2021,3831-5685,"4,758",,,Pune,Residential Multistorey Apartment
Kesnanad Road,Jul-Sep 2021,3593-5554,"4,574",,,Pune,Residential Multistorey Apartment
Kesnanad Road,Apr-Jun 2021,3495-5450,"4,472",,,Pune,Residential Multistorey Apartment
Kesnanad Road,Jan-Mar 2021,3395-5350,"4,350",,,Pune,Residential Multistorey Apartment
Kesnanad Road,Oct-Dec 2020,3295-5250,"4,227",,,Pune,Residential Multistorey Apartment
Kesnanad Road,Jul-Sep 2020,3195-5150,"4,105",,,Pune,Residential Multistorey Apartment
Kesnanad Road,Apr-Jun 2020,3095-5050,"3,985",,,Pune,Residential Multistorey Apartment
Kesnanad Road,Jan-Mar 2020,2995-4950,"3,865",,,Pune,Residential Multistorey Apartment
Kesnanad Road,Oct-Dec 2019,2895-4850,"3,745",,,Pune,Residential Multistorey Apartment
Kesnanad Road,Jul-Sep 2019,2795-4750,"3,625",,,Pune,Residential Multistorey Apartment
Kesnanad Road,Apr-Jun 2019,2695-4650,"3,505",,,Pune,Residential Multistorey Apartment
Kesnanad Road,Jan-Mar 2019,2595-4550,"3,385",,,Pune,Residential Multistorey Apartment
Kesnanad Road,Oct-Dec 2018,2495-4450,"3,265",,,Pune,Residential Multistorey Apartment
Kesnanad Road,Jul-Sep 2018,2395-4350,"3,145",,,Pune,Residential Multistorey Apartment
,,,,,,Pune,Residential Multistorey Apartment
Kharadi,Oct-Dec 2024,7904-12390,"10,147",2%,,Pune,Residential Multistorey Apartment
Kharadi,Jul-Sep 2024,7813-12144,"9,978",3%,,Pune,Residential Multistorey Apartment
Kharadi,Apr-Jun 2024,7633-11798,"9,715",4%,,Pune,Residential Multistorey Apartment
Kharadi,Jan-Mar 2024,7333-11409,"9,371",4%,,Pune,Residential Multistorey Apartment
Kharadi,Oct-Dec 2023,7081-11012,"9,047",4%,,Pune,Residential Multistorey Apartment
Kharadi,Jul-Sep 2023,6785-10611,"8,698",4%,,Pune,Residential Multistorey Apartment
Kharadi,Apr-Jun 2023,6504-10170,"8,337",1%,,Pune,Residential Multistorey Apartment
Kharadi,Jan-Mar 2023,6482-10058,"8,270",2%,,Pune,Residential Multistorey Apartment
Kharadi,Oct-Dec 2022,6338-9863,"8,101",2%,,Pune,Residential Multistorey Apartment
Kharadi,Jul-Sep 2022,6171-9654,"7,913",2%,,Pune,Residential Multistorey Apartment
Kharadi,Apr-Jun 2022,6121-9367,"7,744",1%,,Pune,Residential Multistorey Apartment
Kharadi,Jan-Mar 2022,6215-9401,"7,808",5%,,Pune,Residential Multistorey Apartment
Kharadi,Oct-Dec 2021,6016-8834,"7,425",1%,,Pune,Residential Multistorey Apartment
Kharadi,Jul-Sep 2021,5953-8817,"7,385",2%,,Pune,Residential Multistorey Apartment
Kharadi,Apr-Jun 2021,5802-8676,"7,239",1%,,Pune,Residential Multistorey Apartment
Kharadi,Jan-Mar 2021,5748-8523,"7,136",1%,,Pune,Residential Multistorey Apartment
Kharadi,Oct-Dec 2020,5663-8457,"7,060",1%,,Pune,Residential Multistorey Apartment
Kharadi,Jul-Sep 2020,5605-8364,"6,984",0.20%,,Pune,Residential Multistorey Apartment
Kharadi,Apr-Jun 2020,5629-8304,"6,967",0.20%,,Pune,Residential Multistorey Apartment
Kharadi,Jan-Mar 2020,5589-8311,"6,950",1%,,Pune,Residential Multistorey Apartment
Kharadi,Oct-Dec 2019,5639-8454,"7,046",-,,Pune,Residential Multistorey Apartment
Kharadi,Jul-Sep 2019,5674-8411,"7,042",1%,,Pune,Residential Multistorey Apartment
Kharadi,Apr-Jun 2019,5744-8458,"7,101",,,Pune,Residential Multistorey Apartment
Kharadi,Jan-Mar 2019,5725-8407,"7,066",1%,,Pune,Residential Multistorey Apartment
Kharadi,Oct-Dec 2018,5710-8313,"7,012",0.40%,,Pune,Residential Multistorey Apartment
Kharadi,Jul-Sep 2018,5706-8255,"6,981",4%,,Pune,Residential Multistorey Apartment
,,,,,,Pune,Residential Multistorey Apartment
Kharadi Gaon,Oct-Dec 2024,8199-12908,"10,554",5%,,Pune,Residential Multistorey Apartment
Kharadi Gaon,Jul-Sep 2024,7954-12179,"10,066",7%,,Pune,Residential Multistorey Apartment
Kharadi Gaon,Apr-Jun 2024,7488-11361,"9,425",1%,,Pune,Residential Multistorey Apartment
Kharadi Gaon,Jan-Mar 2024,7419-11207,"9,313",3%,,Pune,Residential Multistorey Apartment
Kharadi Gaon,Oct-Dec 2023,7148-10956,"9,052",1%,,Pune,Residential Multistorey Apartment
Kharadi Gaon,Jul-Sep 2023,7289-10692,"8,991",6%,,Pune,Residential Multistorey Apartment
Kharadi Gaon,Apr-Jun 2023,6530-10370,"8,450",4%,,Pune,Residential Multistorey Apartment
Kharadi Gaon,Jan-Mar 2023,6382-9917,"8,150",3%,,Pune,Residential Multistorey Apartment
Kharadi Gaon,Oct-Dec 2022,6475-9279,"7,877",1%,,Pune,Residential Multistorey Apartment
Kharadi Gaon,Jul-Sep 2022,6170-9368,"7,769",1%,,Pune,Residential Multistorey Apartment
Kharadi Gaon,Apr-Jun 2022,6121-9286,"7,703",7%,,Pune,Residential Multistorey Apartment
Kharadi Gaon,Jan-Mar 2022,5920-8466,"7,193",2%,,Pune,Residential Multistorey Apartment
Kharadi Gaon,Oct-Dec 2021,6088-8619,"7,353",1%,,Pune,Residential Multistorey Apartment
Kharadi Gaon,Jul-Sep 2021,6122-8763,"7,443",7%,,Pune,Residential Multistorey Apartment
Kharadi Gaon,Apr-Jun 2021,5569-8291,"6,930",4%,,Pune,Residential Multistorey Apartment
Kharadi Gaon,Jan-Mar 2021,5368-7968,"6,668",0.20%,,Pune,Residential Multistorey Apartment
Kharadi Gaon,Oct-Dec 2020,5564-7751,"6,658",3%,,Pune,Residential Multistorey Apartment
Kharadi Gaon,Jul-Sep 2020,5268-7669,"6,469",-,,Pune,Residential Multistorey Apartment
Kharadi Gaon,Apr-Jun 2020,5268-7670,"6,469",-,,Pune,Residential Multistorey Apartment
Kharadi Gaon,Jan-Mar 2020,5268-7671,"6,469",,,Pune,Residential Multistorey Apartment
Kharadi Gaon,Oct-Dec 2019,5039-7821,"6,430",,,Pune,Residential Multistorey Apartment
Kharadi Gaon,Jul-Sep 2019,5039-7822,"6,430",,,Pune,Residential Multistorey Apartment
Kharadi Gaon,Apr-Jun 2019,6030-8342,"7,186",1%,,Pune,Residential Multistorey Apartment
Kharadi Gaon,Jan-Mar 2019,5885-8648,"7,267",5%,,Pune,Residential Multistorey Apartment
Kharadi Gaon,Oct-Dec 2018,5712-8101,"6,907",-,,Pune,Residential Multistorey Apartment
Kharadi Gaon,Jul-Sep 2018,5712-8102,"6,907",,,Pune,Residential Multistorey Apartment
,,,,,,Pune,Residential Multistorey Apartment
,,,,,,Pune,Residential Multistorey Apartment
Kirkatwadi,Oct-Dec 2024,3967-6059,"5,013",5%,,Pune,Residential Multistorey Apartment
Kirkatwadi,Jul-Sep 2024,4328-6185,"5,256",12%,,Pune,Residential Multistorey Apartment
Kirkatwadi,Apr-Jun 2024,3782-5614,"4,698",6%,,Pune,Residential Multistorey Apartment
Kirkatwadi,Jan-Mar 2024,3986-6060,"5,023",3%,,Pune,Residential Multistorey Apartment
Kirkatwadi,Oct-Dec 2023,3881-5903,"4,892",1%,,Pune,Residential Multistorey Apartment
Kirkatwadi,Jul-Sep 2023,3897-5980,"4,939",6%,,Pune,Residential Multistorey Apartment
Kirkatwadi,Apr-Jun 2023,3833-5466,"4,650",1%,,Pune,Residential Multistorey Apartment
Kirkatwadi,Jan-Mar 2023,3608-5627,"4,618",1%,,Pune,Residential Multistorey Apartment
Kirkatwadi,Oct-Dec 2022,3615-5530,"4,572",2%,,Pune,Residential Multistorey Apartment
Kirkatwadi,Jul-Sep 2022,3683-5301,"4,492",-,,Pune,Residential Multistorey Apartment
Kirkatwadi,Apr-Jun 2022,3820-5161,"4,491",1%,,Pune,Residential Multistorey Apartment
Kirkatwadi,Jan-Mar 2022,3883-5165,"4,524",2%,,Pune,Residential Multistorey Apartment
Kirkatwadi,Oct-Dec 2021,3736-5459,"4,597",2%,,Pune,Residential Multistorey Apartment
Kirkatwadi,Jul-Sep 2021,3856-5116,"4,486",-,,Pune,Residential Multistorey Apartment
Kirkatwadi,Apr-Jun 2021,3857-5111,"4,484",1%,,Pune,Residential Multistorey Apartment
Kirkatwadi,Jan-Mar 2021,3734-5130,"4,432",,,Pune,Residential Multistorey Apartment
Kirkatwadi,Oct-Dec 2020,3734-5131,"4,432",,,Pune,Residential Multistorey Apartment
Kirkatwadi,Jul-Sep 2020,3654-5124,"4,389",,,Pune,Residential Multistorey Apartment
Kirkatwadi,Apr-Jun 2020,3639-5137,"4,388",1%,,Pune,Residential Multistorey Apartment
Kirkatwadi,Jan-Mar 2020,3608-5284,"4,446",,,Pune,Residential Multistorey Apartment
Kirkatwadi,Oct-Dec 2019,3608-5285,"4,500",,,Pune,Residential Multistorey Apartment
Kirkatwadi,Jul-Sep 2019,3608-5286,"4,446",,,Pune,Residential Multistorey Apartment
Kirkatwadi,Apr-Jun 2019,3608-5287,"4,400",,,Pune,Residential Multistorey Apartment
Kirkatwadi,Jan-Mar 2019,3608-5288,"4,446",,,Pune,Residential Multistorey Apartment
Kirkatwadi,Oct-Dec 2018,3608-5289,"4,300",,,Pune,Residential Multistorey Apartment
Kirkatwadi,Jul-Sep 2018,3664-5425,"4,544",,,Pune,Residential Multistorey Apartment
,,,,,,Pune,Residential Multistorey Apartment
Kiwale ,Oct-Dec 2024,5229-7404,"6,317",3%,,Pune,Residential Multistorey Apartment
Kiwale ,Jul-Sep 2024,5095-7168,"6,131",3%,,Pune,Residential Multistorey Apartment
Kiwale ,Apr-Jun 2024,5006-6896,"5,951",4%,,Pune,Residential Multistorey Apartment
Kiwale ,Jan-Mar 2024,4699-6706,"5,702",0.20%,,Pune,Residential Multistorey Apartment
Kiwale ,Oct-Dec 2023,4774-6609,"5,692",,,Pune,Residential Multistorey Apartment
Kiwale ,Jul-Sep 2023,4733-6653,"5,693",,,Pune,Residential Multistorey Apartment
Kiwale ,Apr-Jun 2023,4691-6639,"5,665",3%,,Pune,Residential Multistorey Apartment
Kiwale ,Jan-Mar 2023,4547-6457,"5,502",1%,,Pune,Residential Multistorey Apartment
Kiwale ,Oct-Dec 2022,4514-6370,"5,442",2%,,Pune,Residential Multistorey Apartment
Kiwale ,Jul-Sep 2022,4551-6151,"5,351",1%,,Pune,Residential Multistorey Apartment
Kiwale ,Apr-Jun 2022,4469-6131,"5,300",2%,,Pune,Residential Multistorey Apartment
Kiwale ,Jan-Mar 2022,4401-6012,"5,206",2%,,Pune,Residential Multistorey Apartment
Kiwale ,Oct-Dec 2021,4397-6179,"5,288",2%,,Pune,Residential Multistorey Apartment
Kiwale ,Jul-Sep 2021,4264-6110,"5,187",1%,,Pune,Residential Multistorey Apartment
Kiwale ,Apr-Jun 2021,4225-6092,"5,159",0.30%,,Pune,Residential Multistorey Apartment
Kiwale ,Jan-Mar 2021,4261-6084,"5,172",2%,,Pune,Residential Multistorey Apartment
Kiwale ,Oct-Dec 2020,4085-6090,"5,087",2%,,Pune,Residential Multistorey Apartment
Kiwale ,Jul-Sep 2020,4259-6090,"5,174",5%,,Pune,Residential Multistorey Apartment
Kiwale ,Apr-Jun 2020,4101-5723,"4,912",0.20%,,Pune,Residential Multistorey Apartment
Kiwale ,Jan-Mar 2020,4132-5676,"4,904",3%,,Pune,Residential Multistorey Apartment
Kiwale ,Oct-Dec 2019,4074-5476,"4,775",1%,,Pune,Residential Multistorey Apartment
Kiwale ,Jul-Sep 2019,4053-5597,"4,825",6%,,Pune,Residential Multistorey Apartment
Kiwale ,Apr-Jun 2019,4199-6020,"5,110",4%,,Pune,Residential Multistorey Apartment
Kiwale ,Jan-Mar 2019,4118-5717,"4,918",1%,,Pune,Residential Multistorey Apartment
Kiwale ,Oct-Dec 2018,4139-5748,"4,944",2%,,Pune,Residential Multistorey Apartment
Kiwale ,Jul-Sep 2018,4008-5715,"4,861",1%,,Pune,Residential Multistorey Apartment
,,,,,,Pune,Residential Multistorey Apartment
Kondhwa,Oct-Dec 2024,5666-9160,"7,413",2%,,Pune,Residential Multistorey Apartment
Kondhwa,Jul-Sep 2024,5509-9038,"7,273",3%,,Pune,Residential Multistorey Apartment
Kondhwa,Apr-Jun 2024,5341-8759,"7,050",3%,,Pune,Residential Multistorey Apartment
Kondhwa,Jan-Mar 2024,5244-8504,"6,874",7%,,Pune,Residential Multistorey Apartment
Kondhwa,Oct-Dec 2023,4966-7868,"6,417",1%,,Pune,Residential Multistorey Apartment
Kondhwa,Jul-Sep 2023,4896-7760,"6,328",2%,,Pune,Residential Multistorey Apartment
Kondhwa,Apr-Jun 2023,4803-7554,"6,179",4%,,Pune,Residential Multistorey Apartment
Kondhwa,Jan-Mar 2023,4597-7307,"5,952",1%,,Pune,Residential Multistorey Apartment
Kondhwa,Oct-Dec 2022,4563-7279,"5,921",0.20%,,Pune,Residential Multistorey Apartment
Kondhwa,Jul-Sep 2022,4580-7285,"5,933",-,,Pune,Residential Multistorey Apartment
Kondhwa,Apr-Jun 2022,4608-7248,"5,928",0.40%,,Pune,Residential Multistorey Apartment
Kondhwa,Jan-Mar 2022,4586-7229,"5,907",-,,Pune,Residential Multistorey Apartment
Kondhwa,Oct-Dec 2021,4595-7208,"5,902",2%,,Pune,Residential Multistorey Apartment
Kondhwa,Jul-Sep 2021,4481-7125,"5,803",0.30%,,Pune,Residential Multistorey Apartment
Kondhwa,Apr-Jun 2021,4524-7117,"5,820",-,,Pune,Residential Multistorey Apartment
Kondhwa,Jan-Mar 2021,4503-7126,"5,815",1%,,Pune,Residential Multistorey Apartment
Kondhwa,Oct-Dec 2020,4577-7146,"5,862",2%,,Pune,Residential Multistorey Apartment
Kondhwa,Jul-Sep 2020,4531-6929,"5,730",1%,,Pune,Residential Multistorey Apartment
Kondhwa,Apr-Jun 2020,4499-6817,"5,658",1%,,Pune,Residential Multistorey Apartment
Kondhwa,Jan-Mar 2020,4559-6874,"5,716",2%,,Pune,Residential Multistorey Apartment
Kondhwa,Oct-Dec 2019,4618-7008,"5,813",1%,,Pune,Residential Multistorey Apartment
Kondhwa,Jul-Sep 2019,4711-7071,"5,891",1%,,Pune,Residential Multistorey Apartment
Kondhwa,Apr-Jun 2019,4667-7018,"5,842",0.20%,,Pune,Residential Multistorey Apartment
Kondhwa,Jan-Mar 2019,4673-6985,"5,829",1%,,Pune,Residential Multistorey Apartment
Kondhwa,Oct-Dec 2018,4521-7035,"5,778",0.40%,,Pune,Residential Multistorey Apartment
Kondhwa,Jul-Sep 2018,4499-7011,"5,755",1%,,Pune,Residential Multistorey Apartment
,,,,,,Pune,Residential Multistorey Apartment
Kondhwa BK ,Oct-Dec 2024,4783-7333,"6,058",2%,,Pune,Residential Multistorey Apartment
Kondhwa BK ,Jul-Sep 2024,4702-7198,"5,950",,,Pune,Residential Multistorey Apartment
Kondhwa BK ,Apr-Jun 2024,4576-7329,"5,953",5%,,Pune,Residential Multistorey Apartment
Kondhwa BK ,Jan-Mar 2024,4373-6979,"5,676",0.30%,,Pune,Residential Multistorey Apartment
Kondhwa BK ,Oct-Dec 2023,4290-7030,"5,660",1%,,Pune,Residential Multistorey Apartment
Kondhwa BK ,Jul-Sep 2023,4311-6896,"5,603",3%,,Pune,Residential Multistorey Apartment
Kondhwa BK ,Apr-Jun 2023,4184-6741,"5,462",5%,,Pune,Residential Multistorey Apartment
Kondhwa BK ,Jan-Mar 2023,4367-7137,"5,752",1%,,Pune,Residential Multistorey Apartment
Kondhwa BK ,Oct-Dec 2022,4459-6935,"5,697",1%,,Pune,Residential Multistorey Apartment
Kondhwa BK ,Jul-Sep 2022,4519-6952,"5,736",2%,,Pune,Residential Multistorey Apartment
Kondhwa BK ,Apr-Jun 2022,4658-7067,"5,862",-,,Pune,Residential Multistorey Apartment
Kondhwa BK ,Jan-Mar 2022,4595-7121,"5,858",5%,,Pune,Residential Multistorey Apartment
Kondhwa BK ,Oct-Dec 2021,4468-6673,"5,571",1%,,Pune,Residential Multistorey Apartment
Kondhwa BK ,Jul-Sep 2021,4465-6556,"5,510",3%,,Pune,Residential Multistorey Apartment
Kondhwa BK ,Apr-Jun 2021,4313-6397,"5,355",2%,,Pune,Residential Multistorey Apartment
Kondhwa BK ,Jan-Mar 2021,4384-6599,"5,491",1%,,Pune,Residential Multistorey Apartment
Kondhwa BK ,Oct-Dec 2020,4324-6572,"5,448",1%,,Pune,Residential Multistorey Apartment
Kondhwa BK ,Jul-Sep 2020,4427-6605,"5,516",1%,,Pune,Residential Multistorey Apartment
Kondhwa BK ,Apr-Jun 2020,4469-6641,"5,555",2%,,Pune,Residential Multistorey Apartment
Kondhwa BK ,Jan-Mar 2020,4240-6655,"5,448",3%,,Pune,Residential Multistorey Apartment
Kondhwa BK ,Oct-Dec 2019,4482-6734,"5,608",2%,,Pune,Residential Multistorey Apartment
Kondhwa BK ,Jul-Sep 2019,4421-6560,"5,490",1%,,Pune,Residential Multistorey Apartment
Kondhwa BK ,Apr-Jun 2019,4172-6733,"5,452",1%,,Pune,Residential Multistorey Apartment
Kondhwa BK ,Jan-Mar 2019,4307-6705,"5,506",2%,,Pune,Residential Multistorey Apartment
Kondhwa BK ,Oct-Dec 2018,4224-6531,"5,378",2%,,Pune,Residential Multistorey Apartment
Kondhwa BK ,Jul-Sep 2018,4281-6664,"5,472",0.40%,,Pune,Residential Multistorey Apartment
,,,,,,Pune,Residential Multistorey Apartment
Kondhwa Main Road,Oct-Dec 2024,5919-9483,"7,701",,,Pune,Residential Multistorey Apartment
Kondhwa Main Road,Jul-Sep 2024,5812-9452,"7,632",,,Pune,Residential Multistorey Apartment
Kondhwa Main Road,Apr-Jun 2024,5620-9237,"7,429",,,Pune,Residential Multistorey Apartment
Kondhwa Main Road,Jan-Mar 2024,5483-8944,"7,213",,,Pune,Residential Multistorey Apartment
Kondhwa Main Road,Oct-Dec 2023,5151-8313,"6,732",,,Pune,Residential Multistorey Apartment
Kondhwa Main Road,Jul-Sep 2023,4938-7855,"6,397",,,Pune,Residential Multistorey Apartment
Kondhwa Main Road,Apr-Jun 2023,4791-7606,"6,199",,,Pune,Residential Multistorey Apartment
Kondhwa Main Road,Jan-Mar 2023,4680-7400,"5,900",,,Pune,Residential Multistorey Apartment
Kondhwa Main Road,Oct-Dec 2022,4570-7200,"5,850",,,Pune,Residential Multistorey Apartment
Kondhwa Main Road,Jul-Sep 2022,4460-7100,"5,720",,,Pune,Residential Multistorey Apartment
Kondhwa Main Road,Apr-Jun 2022,4350-7000,"5,590",,,Pune,Residential Multistorey Apartment
Kondhwa Main Road,Jan-Mar 2022,4240-6900,"5,460",,,Pune,Residential Multistorey Apartment
Kondhwa Main Road,Oct-Dec 2021,4130-6800,"5,330",,,Pune,Residential Multistorey Apartment
Kondhwa Main Road,Jul-Sep 2021,4020-6700,"5,200",,,Pune,Residential Multistorey Apartment
Kondhwa Main Road,Apr-Jun 2021,3910-6600,"5,070",,,Pune,Residential Multistorey Apartment
Kondhwa Main Road,Jan-Mar 2021,3800-6500,"4,940",,,Pune,Residential Multistorey Apartment
Kondhwa Main Road,Oct-Dec 2020,3690-6400,"4,810",,,Pune,Residential Multistorey Apartment
Kondhwa Main Road,Jul-Sep 2020,3580-6300,"4,680",,,Pune,Residential Multistorey Apartment
Kondhwa Main Road,Apr-Jun 2020,3470-6200,"4,550",,,Pune,Residential Multistorey Apartment
Kondhwa Main Road,Jan-Mar 2020,3360-6100,"4,420",,,Pune,Residential Multistorey Apartment
Kondhwa Main Road,Oct-Dec 2019,3250-6000,"4,290",,,Pune,Residential Multistorey Apartment
Kondhwa Main Road,Jul-Sep 2019,3140-5900,"4,160",,,Pune,Residential Multistorey Apartment
Kondhwa Main Road,Apr-Jun 2019,3030-5800,"4,030",,,Pune,Residential Multistorey Apartment
Kondhwa Main Road,Jan-Mar 2019,2920-5700,"3,900",,,Pune,Residential Multistorey Apartment
Kondhwa Main Road,Oct-Dec 2018,2810-5600,"3,770",,,Pune,Residential Multistorey Apartment
Kondhwa Main Road,Jul-Sep 2018,2700-5500,"3,640",,,Pune,Residential Multistorey Apartment
,,,,,,Pune,Residential Multistorey Apartment
,,,,,,Pune,Residential Multistorey Apartment
Koregaon Park,Oct-Dec 2024,10862-18705,"14,784",5%,,Pune,Residential Multistorey Apartment
Koregaon Park,Jul-Sep 2024,10443-17655,"14,049",8%,,Pune,Residential Multistorey Apartment
Koregaon Park,Apr-Jun 2024,9892-16240,"13,066",2%,,Pune,Residential Multistorey Apartment
Koregaon Park,Jan-Mar 2024,9728-15940,"12,834",1%,,Pune,Residential Multistorey Apartment
Koregaon Park,Oct-Dec 2023,9719-16323,"13,021",2%,,Pune,Residential Multistorey Apartment
Koregaon Park,Jul-Sep 2023,9857-16583,"13,220",5%,,Pune,Residential Multistorey Apartment
Koregaon Park,Apr-Jun 2023,9498-15640,"12,569",3%,,Pune,Residential Multistorey Apartment
Koregaon Park,Jan-Mar 2023,9201-15106,"12,153",1%,,Pune,Residential Multistorey Apartment
Koregaon Park,Oct-Dec 2022,9231-14771,"12,001",2%,,Pune,Residential Multistorey Apartment
Koregaon Park,Jul-Sep 2022,8957-14643,"11,800",1%,,Pune,Residential Multistorey Apartment
Koregaon Park,Apr-Jun 2022,8847-14597,"11,722",5%,,Pune,Residential Multistorey Apartment
Koregaon Park,Jan-Mar 2022,8512-13713,"11,113",-,,Pune,Residential Multistorey Apartment
Koregaon Park,Oct-Dec 2021,8558-13648,"11,103",2%,,Pune,Residential Multistorey Apartment
Koregaon Park,Jul-Sep 2021,8634-14125,"11,379",0.20%,,Pune,Residential Multistorey Apartment
Koregaon Park,Apr-Jun 2021,8818-13888,"11,353",3%,,Pune,Residential Multistorey Apartment
Koregaon Park,Jan-Mar 2021,8443-13599,"11,021",1%,,Pune,Residential Multistorey Apartment
Koregaon Park,Oct-Dec 2020,8564-13291,"10,927",1%,,Pune,Residential Multistorey Apartment
Koregaon Park,Jul-Sep 2020,8490-13612,"11,051",1%,,Pune,Residential Multistorey Apartment
Koregaon Park,Apr-Jun 2020,8688-13564,"11,126",1%,,Pune,Residential Multistorey Apartment
Koregaon Park,Jan-Mar 2020,8527-13577,"11,052",,,Pune,Residential Multistorey Apartment
Koregaon Park,Oct-Dec 2019,8419-13695,"11,057",2%,,Pune,Residential Multistorey Apartment
Koregaon Park,Jul-Sep 2019,8667-13933,"11,300",0.30%,,Pune,Residential Multistorey Apartment
Koregaon Park,Apr-Jun 2019,8843-13817,"11,330",1%,,Pune,Residential Multistorey Apartment
Koregaon Park,Jan-Mar 2019,8756-13677,"11,216",2%,,Pune,Residential Multistorey Apartment
Koregaon Park,Oct-Dec 2018,8495-13559,"11,027",2%,,Pune,Residential Multistorey Apartment
Koregaon Park,Jul-Sep 2018,8705-13795,"11,250",1%,,Pune,Residential Multistorey Apartment
,,,,,,Pune,Residential Multistorey Apartment
Koregaon Park Annexe,Oct-Dec 2024,8126-13063,"10,595",,,Pune,Residential Multistorey Apartment
Koregaon Park Annexe,Jul-Sep 2024,7894-12978,"10,436",,,Pune,Residential Multistorey Apartment
Koregaon Park Annexe,Apr-Jun 2024,7894-12898,"10,396",,,Pune,Residential Multistorey Apartment
Koregaon Park Annexe,Jan-Mar 2024,7719-12803,"10,261",,,Pune,Residential Multistorey Apartment
Koregaon Park Annexe,Oct-Dec 2023,7422-11446,"9,434",,,Pune,Residential Multistorey Apartment
Koregaon Park Annexe,Jul-Sep 2023,7205-11312,"9,259",,,Pune,Residential Multistorey Apartment
Koregaon Park Annexe,Apr-Jun 2023,7172-11247,"9,210",,,Pune,Residential Multistorey Apartment
Koregaon Park Annexe,Jan-Mar 2023,6795-11485,"9,140",,,Pune,Residential Multistorey Apartment
Koregaon Park Annexe,Oct-Dec 2022,6485-11170,"8,828",,,Pune,Residential Multistorey Apartment
Koregaon Park Annexe,Jul-Sep 2022,6255-10000,"8,128",,,Pune,Residential Multistorey Apartment
Koregaon Park Annexe,Apr-Jun 2022,6537-9649,"8,093",,,Pune,Residential Multistorey Apartment
Koregaon Park Annexe,Jan-Mar 2022,6775-10001,"8,388",,,Pune,Residential Multistorey Apartment
Koregaon Park Annexe,Oct-Dec 2021,6490-9975,"8,232",,,Pune,Residential Multistorey Apartment
Koregaon Park Annexe,Jul-Sep 2021,6332-8811,"7,572",,,Pune,Residential Multistorey Apartment
Koregaon Park Annexe,Apr-Jun 2021,6250-8700,"7,100",,,Pune,Residential Multistorey Apartment
Koregaon Park Annexe,Jan-Mar 2021,5982-8147,"7,065",,,Pune,Residential Multistorey Apartment
Koregaon Park Annexe,Oct-Dec 2020,5860-8100,"6,950",,,Pune,Residential Multistorey Apartment
Koregaon Park Annexe,Jul-Sep 2020,5740-7980,"6,860",,,Pune,Residential Multistorey Apartment
Koregaon Park Annexe,Apr-Jun 2020,5620-7850,"6,770",,,Pune,Residential Multistorey Apartment
Koregaon Park Annexe,Jan-Mar 2020,5500-7720,"6,680",,,Pune,Residential Multistorey Apartment
Koregaon Park Annexe,Oct-Dec 2019,5380-7600,"6,590",,,Pune,Residential Multistorey Apartment
Koregaon Park Annexe,Jul-Sep 2019,5250-7500,"6,375",,,Pune,Residential Multistorey Apartment
Koregaon Park Annexe,Apr-Jun 2019,5120-7400,"6,240",,,Pune,Residential Multistorey Apartment
Koregaon Park Annexe,Jan-Mar 2019,5000-7300,"6,150",,,Pune,Residential Multistorey Apartment
Koregaon Park Annexe,Oct-Dec 2018,4870-7200,"6,035",,,Pune,Residential Multistorey Apartment
Koregaon Park Annexe,Jul-Sep 2018,4750-7100,"5,920",,,Pune,Residential Multistorey Apartment
,,,,,,Pune,Residential Multistorey Apartment
Koregaon Park Road,Oct-Dec 2024,9829-17326,"13,577",,,Pune,Residential Multistorey Apartment
Koregaon Park Road,Jul-Sep 2024,9378-15859,"12,619",,,Pune,Residential Multistorey Apartment
Koregaon Park Road,Apr-Jun 2024,8976-16138,"12,557",,,Pune,Residential Multistorey Apartment
Koregaon Park Road,Jan-Mar 2024,8550-15710,"12,130",,,Pune,Residential Multistorey Apartment
Koregaon Park Road,Oct-Dec 2023,7490-13947,"10,718",,,Pune,Residential Multistorey Apartment
Koregaon Park Road,Jul-Sep 2023,8484-15258,"11,871",,,Pune,Residential Multistorey Apartment
Koregaon Park Road,Apr-Jun 2023,7396-13125,"10,260",,,Pune,Residential Multistorey Apartment
Koregaon Park Road,Jan-Mar 2023,7100-12500,"10,050",,,Pune,Residential Multistorey Apartment
Koregaon Park Road,Oct-Dec 2022,6700-12000,"9,350",,,Pune,Residential Multistorey Apartment
Koregaon Park Road,Jul-Sep 2022,6400-11400,"8,850",,,Pune,Residential Multistorey Apartment
Koregaon Park Road,Apr-Jun 2022,6200-11000,"8,600",,,Pune,Residential Multistorey Apartment
Koregaon Park Road,Jan-Mar 2022,6100-10750,"8,430",,,Pune,Residential Multistorey Apartment
Koregaon Park Road,Oct-Dec 2021,5900-10400,"8,150",,,Pune,Residential Multistorey Apartment
Koregaon Park Road,Jul-Sep 2021,5800-10100,"7,950",,,Pune,Residential Multistorey Apartment
Koregaon Park Road,Apr-Jun 2021,5700-10000,"7,850",,,Pune,Residential Multistorey Apartment
Koregaon Park Road,Jan-Mar 2021,5600-9900,"7,750",,,Pune,Residential Multistorey Apartment
Koregaon Park Road,Oct-Dec 2020,5500-9600,"7,550",,,Pune,Residential Multistorey Apartment
Koregaon Park Road,Jul-Sep 2020,5400-9400,"7,400",,,Pune,Residential Multistorey Apartment
Koregaon Park Road,Apr-Jun 2020,5300-9200,"7,250",,,Pune,Residential Multistorey Apartment
Koregaon Park Road,Jan-Mar 2020,5200-9000,"7,100",,,Pune,Residential Multistorey Apartment
Koregaon Park Road,Oct-Dec 2019,5100-8800,"6,950",,,Pune,Residential Multistorey Apartment
Koregaon Park Road,Jul-Sep 2019,5000-8600,"6,750",,,Pune,Residential Multistorey Apartment
Koregaon Park Road,Apr-Jun 2019,4900-8400,"6,550",,,Pune,Residential Multistorey Apartment
Koregaon Park Road,Jan-Mar 2019,4800-8200,"6,350",,,Pune,Residential Multistorey Apartment
Koregaon Park Road,Oct-Dec 2018,4700-8000,"6,150",,,Pune,Residential Multistorey Apartment
Koregaon Park Road,Jul-Sep 2018,4600-7800,"6,000",,,Pune,Residential Multistorey Apartment
,,,,,,Pune,Residential Multistorey Apartment
Kothrud,Oct-Dec 2024,10608-15890,"13,249",0.50%,,Pune,Residential Multistorey Apartment
Kothrud,Jul-Sep 2024,10423-15955,"13,189",,,Pune,Residential Multistorey Apartment
Kothrud,Apr-Jun 2024,10507-15881,"13,194",3%,,Pune,Residential Multistorey Apartment
Kothrud,Jan-Mar 2024,10115-15430,"12,773",3%,,Pune,Residential Multistorey Apartment
Kothrud,Oct-Dec 2023,9817-15092,"12,455",2%,,Pune,Residential Multistorey Apartment
Kothrud,Jul-Sep 2023,9618-14903,"12,261",2%,,Pune,Residential Multistorey Apartment
Kothrud,Apr-Jun 2023,9416-14623,"12,019",2%,,Pune,Residential Multistorey Apartment
Kothrud,Jan-Mar 2023,9184-14498,"11,841",2%,,Pune,Residential Multistorey Apartment
Kothrud,Oct-Dec 2022,9030-14199,"11,614",0.20%,,Pune,Residential Multistorey Apartment
Kothrud,Jul-Sep 2022,8917-14256,"11,586",5%,,Pune,Residential Multistorey Apartment
Kothrud,Apr-Jun 2022,8593-13544,"11,069",1%,,Pune,Residential Multistorey Apartment
Kothrud,Jan-Mar 2022,8477-13418,"10,947",2%,,Pune,Residential Multistorey Apartment
Kothrud,Oct-Dec 2021,8382-13172,"10,777",0.30%,,Pune,Residential Multistorey Apartment
Kothrud,Jul-Sep 2021,8386-13239,"10,813",3%,,Pune,Residential Multistorey Apartment
Kothrud,Apr-Jun 2021,8177-12830,"10,503",3%,,Pune,Residential Multistorey Apartment
Kothrud,Jan-Mar 2021,7987-12447,"10,217",0.20%,,Pune,Residential Multistorey Apartment
Kothrud,Oct-Dec 2020,7940-12463,"10,201",1%,,Pune,Residential Multistorey Apartment
Kothrud,Jul-Sep 2020,7837-12388,"10,113",1%,,Pune,Residential Multistorey Apartment
Kothrud,Apr-Jun 2020,7806-12131,"9,968",2%,,Pune,Residential Multistorey Apartment
Kothrud,Jan-Mar 2020,7891-12404,"10,148",-,,Pune,Residential Multistorey Apartment
Kothrud,Oct-Dec 2019,7830-12366,"10,098",1%,,Pune,Residential Multistorey Apartment
Kothrud,Jul-Sep 2019,7873-12502,"10,187",3%,,Pune,Residential Multistorey Apartment
Kothrud,Apr-Jun 2019,7624-12225,"9,924",2%,,Pune,Residential Multistorey Apartment
Kothrud,Jan-Mar 2019,7627-11873,"9,750",1%,,Pune,Residential Multistorey Apartment
Kothrud,Oct-Dec 2018,7491-11863,"9,677",2%,,Pune,Residential Multistorey Apartment
Kothrud,Jul-Sep 2018,7581-12084,"9,832",5%,,Pune,Residential Multistorey Apartment
,,,,,,Pune,Residential Multistorey Apartment
,,,,,,,
,,,,,,Pune,Residential Multistorey Apartment
Law College Road,Oct-Dec 2024,13013-19496,"16,254",1%,,Pune,Residential Multistorey Apartment
Law College Road,Jul-Sep 2024,12981-19726,"16,354",1%,,Pune,Residential Multistorey Apartment
Law College Road,Apr-Jun 2024,12940-19405,"16,173",2%,,Pune,Residential Multistorey Apartment
Law College Road,Jan-Mar 2024,12540-19297,"15,918",2%,,Pune,Residential Multistorey Apartment
Law College Road,Oct-Dec 2023,12183-18935,"15,559",2%,,Pune,Residential Multistorey Apartment
Law College Road,Jul-Sep 2023,11888-18641,"15,265",2%,,Pune,Residential Multistorey Apartment
Law College Road,Apr-Jun 2023,11828-18246,"15,037",1%,,Pune,Residential Multistorey Apartment
Law College Road,Jan-Mar 2023,12301-17353,"14,827",2%,,Pune,Residential Multistorey Apartment
Law College Road,Oct-Dec 2022,12315-17904,"15,110",2%,,Pune,Residential Multistorey Apartment
Law College Road,Jul-Sep 2022,12218-18506,"15,362",2%,,Pune,Residential Multistorey Apartment
Law College Road,Apr-Jun 2022,12042-18070,"15,056",5%,,Pune,Residential Multistorey Apartment
Law College Road,Jan-Mar 2022,11676-17090,"14,383",1%,,Pune,Residential Multistorey Apartment
Law College Road,Oct-Dec 2021,11986-17193,"14,590",2%,,Pune,Residential Multistorey Apartment
Law College Road,Jul-Sep 2021,11845-16831,"14,338",1%,,Pune,Residential Multistorey Apartment
Law College Road,Apr-Jun 2021,11590-16753,"14,172",-,,Pune,Residential Multistorey Apartment
Law College Road,Jan-Mar 2021,11455-16902,"14,179",2%,,Pune,Residential Multistorey Apartment
Law College Road,Oct-Dec 2020,11055-16848,"13,952",3%,,Pune,Residential Multistorey Apartment
Law College Road,Jul-Sep 2020,11845-16863,"14,354",6%,,Pune,Residential Multistorey Apartment
Law College Road,Apr-Jun 2020,13148-17508,"15,328",1%,,Pune,Residential Multistorey Apartment
Law College Road,Jan-Mar 2020,13104-17919,"15,512",3%,,Pune,Residential Multistorey Apartment
Law College Road,Oct-Dec 2019,12579-17509,"15,044",-,,Pune,Residential Multistorey Apartment
Law College Road,Jul-Sep 2019,12297-17770,"15,034",1%,,Pune,Residential Multistorey Apartment
Law College Road,Apr-Jun 2019,12704-17579,"15,141",1%,,Pune,Residential Multistorey Apartment
Law College Road,Jan-Mar 2019,12463-17492,"14,977",0.50%,,Pune,Residential Multistorey Apartment
Law College Road,Oct-Dec 2018,12490-17320,"14,905",0.30%,,Pune,Residential Multistorey Apartment
Law College Road,Jul-Sep 2018,13063-16845,"14,954",2%,,Pune,Residential Multistorey Apartment
,,,,,,Pune,Residential Multistorey Apartment
,,,,,,Pune,Residential Multistorey Apartment
Laxmi Nagar Balewadi,Oct-Dec 2024,8744-12530,"10,637",1%,,Pune,Residential Multistorey Apartment
Laxmi Nagar Balewadi,Jul-Sep 2024,8438-12600,"10,519",5%,,Pune,Residential Multistorey Apartment
Laxmi Nagar Balewadi,Apr-Jun 2024,8244-11872,"10,058",5%,,Pune,Residential Multistorey Apartment
Laxmi Nagar Balewadi,Jan-Mar 2024,7828-11405,"9,617",0.40%,,Pune,Residential Multistorey Apartment
Laxmi Nagar Balewadi,Oct-Dec 2023,7744-11421,"9,582",3%,,Pune,Residential Multistorey Apartment
Laxmi Nagar Balewadi,Jul-Sep 2023,7643-11036,"9,340",2%,,Pune,Residential Multistorey Apartment
Laxmi Nagar Balewadi,Apr-Jun 2023,7414-10858,"9,136",2%,,Pune,Residential Multistorey Apartment
Laxmi Nagar Balewadi,Jan-Mar 2023,7210-10735,"8,973",2%,,Pune,Residential Multistorey Apartment
Laxmi Nagar Balewadi,Oct-Dec 2022,7097-10515,"8,806",1%,,Pune,Residential Multistorey Apartment
Laxmi Nagar Balewadi,Jul-Sep 2022,6925-10432,"8,679",5%,,Pune,Residential Multistorey Apartment
Laxmi Nagar Balewadi,Apr-Jun 2022,6813-9784,"8,299",2%,,Pune,Residential Multistorey Apartment
Laxmi Nagar Balewadi,Jan-Mar 2022,6591-9725,"8,158",3%,,Pune,Residential Multistorey Apartment
Laxmi Nagar Balewadi,Oct-Dec 2021,6338-9458,"7,898",-,,Pune,Residential Multistorey Apartment
Laxmi Nagar Balewadi,Jul-Sep 2021,6226-9568,"7,897",-,,Pune,Residential Multistorey Apartment
Laxmi Nagar Balewadi,Apr-Jun 2021,6337-9466,"7,901",2%,,Pune,Residential Multistorey Apartment
Laxmi Nagar Balewadi,Jan-Mar 2021,6213-9304,"7,759",0.30%,,Pune,Residential Multistorey Apartment
Laxmi Nagar Balewadi,Oct-Dec 2020,6296-9171,"7,734",-,,Pune,Residential Multistorey Apartment
Laxmi Nagar Balewadi,Jul-Sep 2020,6296-9172,"7,734",-,,Pune,Residential Multistorey Apartment
Laxmi Nagar Balewadi,Apr-Jun 2020,5926-7948,"6,937",4%,,Pune,Residential Multistorey Apartment
Laxmi Nagar Balewadi,Jan-Mar 2020,5855-8563,"7,209",6%,,Pune,Residential Multistorey Apartment
Laxmi Nagar Balewadi,Oct-Dec 2019,5803-7830,"6,817",5%,,Pune,Residential Multistorey Apartment
Laxmi Nagar Balewadi,Jul-Sep 2019,5815-8540,"7,177","7,177",,Pune,Residential Multistorey Apartment
Laxmi Nagar Balewadi,Apr-Jun 2019,5815-8541,"7,177",,,Pune,Residential Multistorey Apartment
Laxmi Nagar Balewadi,Jan-Mar 2019,5589-8840,"7,214",3%,,Pune,Residential Multistorey Apartment
Laxmi Nagar Balewadi,Oct-Dec 2018,5989-8812,"7,400",,,Pune,Residential Multistorey Apartment
Laxmi Nagar Balewadi,Jul-Sep 2018,5989-8813,"7,400",,,Pune,Residential Multistorey Apartment
,,,,,,Pune,Residential Multistorey Apartment
Lohegaon,Oct-Dec 2024,4976-7443,"6,210",,,Pune,Residential Multistorey Apartment
Lohegaon,Jul-Sep 2024,4965-7449,"6,207",4%,,Pune,Residential Multistorey Apartment
Lohegaon,Apr-Jun 2024,4814-7162,"5,988",1%,,Pune,Residential Multistorey Apartment
Lohegaon,Jan-Mar 2024,4820-7097,"5,958",1%,,Pune,Residential Multistorey Apartment
Lohegaon,Oct-Dec 2023,4693-7080,"5,887",3%,,Pune,Residential Multistorey Apartment
Lohegaon,Jul-Sep 2023,4578-6849,"5,713",2%,,Pune,Residential Multistorey Apartment
Lohegaon,Apr-Jun 2023,4515-6702,"5,609",1%,,Pune,Residential Multistorey Apartment
Lohegaon,Jan-Mar 2023,4478-6643,"5,560",2%,,Pune,Residential Multistorey Apartment
Lohegaon,Oct-Dec 2022,4378-6555,"5,467",1%,,Pune,Residential Multistorey Apartment
Lohegaon,Jul-Sep 2022,4362-6499,"5,430",1%,,Pune,Residential Multistorey Apartment
Lohegaon,Apr-Jun 2022,4453-6290,"5,372",1%,,Pune,Residential Multistorey Apartment
Lohegaon,Jan-Mar 2022,4311-6328,"5,320",0.20%,,Pune,Residential Multistorey Apartment
Lohegaon,Oct-Dec 2021,4270-6393,"5,331",1%,,Pune,Residential Multistorey Apartment
Lohegaon,Jul-Sep 2021,4235-6335,"5,285",1%,,Pune,Residential Multistorey Apartment
Lohegaon,Apr-Jun 2021,4175-6276,"5,225",-,,Pune,Residential Multistorey Apartment
Lohegaon,Jan-Mar 2021,4207-6252,"5,230",1%,,Pune,Residential Multistorey Apartment
Lohegaon,Oct-Dec 2020,4220-6142,"5,181",1%,,Pune,Residential Multistorey Apartment
Lohegaon,Jul-Sep 2020,4261-6188,"5,224",1%,,Pune,Residential Multistorey Apartment
Lohegaon,Apr-Jun 2020,4258-6260,"5,259",1%,,Pune,Residential Multistorey Apartment
Lohegaon,Jan-Mar 2020,4226-6173,"5,200",-,,Pune,Residential Multistorey Apartment
Lohegaon,Oct-Dec 2019,4180-6229,"5,205",1%,,Pune,Residential Multistorey Apartment
Lohegaon,Jul-Sep 2019,4093-6220,"5,157",1%,,Pune,Residential Multistorey Apartment
Lohegaon,Apr-Jun 2019,4119-6250,"5,184",2%,,Pune,Residential Multistorey Apartment
Lohegaon,Jan-Mar 2019,4202-6342,"5,272",2%,,Pune,Residential Multistorey Apartment
Lohegaon,Oct-Dec 2018,4201-6157,"5,179",1%,,Pune,Residential Multistorey Apartment
Lohegaon,Jul-Sep 2018,4093-6408,"5,251",2%,,Pune,Residential Multistorey Apartment
,,,,,,Pune,Residential Multistorey Apartment
,,,,,,Pune,Residential Multistorey Apartment
Lohegaon Wagholi Road,Oct-Dec 2024,4976-7443,"6,210",,,Pune,Residential Multistorey Apartment
Lohegaon Wagholi Road,Jul-Sep 2024,4967-7460,"6,213",,,Pune,Residential Multistorey Apartment
Lohegaon Wagholi Road,Apr-Jun 2024,4808-7134,"5,971",,,Pune,Residential Multistorey Apartment
Lohegaon Wagholi Road,Jan-Mar 2024,4808-7109,"5,958",,,Pune,Residential Multistorey Apartment
Lohegaon Wagholi Road,Oct-Dec 2023,4676-7077,"5,877",,,Pune,Residential Multistorey Apartment
Lohegaon Wagholi Road,Jul-Sep 2023,4580-6800,"5,690",,,Pune,Residential Multistorey Apartment
Lohegaon Wagholi Road,Apr-Jun 2023,4550-6750,"5,650",,,Pune,Residential Multistorey Apartment
Lohegaon Wagholi Road,Jan-Mar 2023,4450-6600,"5,525",,,Pune,Residential Multistorey Apartment
Lohegaon Wagholi Road,Oct-Dec 2022,4400-6500,"5,450",,,Pune,Residential Multistorey Apartment
Lohegaon Wagholi Road,Jul-Sep 2022,4300-6400,"5,350",,,Pune,Residential Multistorey Apartment
Lohegaon Wagholi Road,Apr-Jun 2022,4200-6300,"5,250",,,Pune,Residential Multistorey Apartment
Lohegaon Wagholi Road,Jan-Mar 2022,4100-6200,"5,150",,,Pune,Residential Multistorey Apartment
Lohegaon Wagholi Road,Oct-Dec 2021,4000-6100,"5,050",,,Pune,Residential Multistorey Apartment
Lohegaon Wagholi Road,Jul-Sep 2021,3950-6000,"4,975",,,Pune,Residential Multistorey Apartment
Lohegaon Wagholi Road,Apr-Jun 2021,3900-5900,"4,900",,,Pune,Residential Multistorey Apartment
Lohegaon Wagholi Road,Jan-Mar 2021,3850-5800,"4,825",,,Pune,Residential Multistorey Apartment
Lohegaon Wagholi Road,Oct-Dec 2020,3800-5700,"4,750",,,Pune,Residential Multistorey Apartment
Lohegaon Wagholi Road,Jul-Sep 2020,3750-5600,"4,675",,,Pune,Residential Multistorey Apartment
Lohegaon Wagholi Road,Apr-Jun 2020,3700-5500,"4,600",,,Pune,Residential Multistorey Apartment
Lohegaon Wagholi Road,Jan-Mar 2020,3650-5400,"4,525",,,Pune,Residential Multistorey Apartment
Lohegaon Wagholi Road,Oct-Dec 2019,3600-5300,"4,450",,,Pune,Residential Multistorey Apartment
Lohegaon Wagholi Road,Jul-Sep 2019,3550-5200,"4,375",,,Pune,Residential Multistorey Apartment
Lohegaon Wagholi Road,Apr-Jun 2019,3500-5100,"4,300",,,Pune,Residential Multistorey Apartment
Lohegaon Wagholi Road,Jan-Mar 2019,3450-5000,"4,225",,,Pune,Residential Multistorey Apartment
Lohegaon Wagholi Road,Oct-Dec 2018,3400-4900,"4,150",,,Pune,Residential Multistorey Apartment
Lohegaon Wagholi Road,Jul-Sep 2018,3350-4800,"4,075",,,Pune,Residential Multistorey Apartment
,,,,,,Pune,Residential Multistorey Apartment
Lokmanya Bal Gangadhar Tilak Road,Oct-Dec 2024,10634-16759,"13,696",,,Pune,Residential Multistorey Apartment
Lokmanya Bal Gangadhar Tilak Road,Jul-Sep 2024,10450-16400,"13,225",4%,,Pune,Residential Multistorey Apartment
Lokmanya Bal Gangadhar Tilak Road,Apr-Jun 2024,10300-16200,"12,750",4%,,Pune,Residential Multistorey Apartment
Lokmanya Bal Gangadhar Tilak Road,Jan-Mar 2024,10150-16000,"12,575",1%,,Pune,Residential Multistorey Apartment
Lokmanya Bal Gangadhar Tilak Road,Oct-Dec 2023,9865-16206,"13,036",8%,,Pune,Residential Multistorey Apartment
Lokmanya Bal Gangadhar Tilak Road,Jul-Sep 2023,9136-15004,"12,070",8%,,Pune,Residential Multistorey Apartment
Lokmanya Bal Gangadhar Tilak Road,Apr-Jun 2023,8396-13873,"11,134",,,Pune,Residential Multistorey Apartment
Lokmanya Bal Gangadhar Tilak Road,Jan-Mar 2023,8200-13500,"10,850",2%,,Pune,Residential Multistorey Apartment
Lokmanya Bal Gangadhar Tilak Road,Oct-Dec 2022,8000-13000,"10,500",3%,,Pune,Residential Multistorey Apartment
Lokmanya Bal Gangadhar Tilak Road,Jul-Sep 2022,7850-12800,"10,325",2%,,Pune,Residential Multistorey Apartment
Lokmanya Bal Gangadhar Tilak Road,Apr-Jun 2022,7700-12500,"10,100",2%,,Pune,Residential Multistorey Apartment
Lokmanya Bal Gangadhar Tilak Road,Jan-Mar 2022,7600-12300,"9,950",2%,,Pune,Residential Multistorey Apartment
Lokmanya Bal Gangadhar Tilak Road,Oct-Dec 2021,7400-12000,"9,700",3%,,Pune,Residential Multistorey Apartment
Lokmanya Bal Gangadhar Tilak Road,Jul-Sep 2021,7300-11800,"9,550",,,Pune,Residential Multistorey Apartment
Lokmanya Bal Gangadhar Tilak Road,Apr-Jun 2021,7150-11600,"9,375",2%,,Pune,Residential Multistorey Apartment
Lokmanya Bal Gangadhar Tilak Road,Jan-Mar 2021,7000-11400,"9,200",2%,,Pune,Residential Multistorey Apartment
Lokmanya Bal Gangadhar Tilak Road,Oct-Dec 2020,6900-11200,"9,050",2%,,Pune,Residential Multistorey Apartment
Lokmanya Bal Gangadhar Tilak Road,Jul-Sep 2020,6800-11000,"8,900",2%,,Pune,Residential Multistorey Apartment
Lokmanya Bal Gangadhar Tilak Road,Apr-Jun 2020,6700-10800,"8,750",2%,,Pune,Residential Multistorey Apartment
Lokmanya Bal Gangadhar Tilak Road,Jan-Mar 2020,6600-10600,"8,600",2%,,Pune,Residential Multistorey Apartment
Lokmanya Bal Gangadhar Tilak Road,Oct-Dec 2019,6500-10400,"8,500",2%,,Pune,Residential Multistorey Apartment
Lokmanya Bal Gangadhar Tilak Road,Jul-Sep 2019,6400-10200,"8,300",2%,,Pune,Residential Multistorey Apartment
Lokmanya Bal Gangadhar Tilak Road,Apr-Jun 2019,6300-10000,"8,150",2%,,Pune,Residential Multistorey Apartment
Lokmanya Bal Gangadhar Tilak Road,Jan-Mar 2019,6200-9800,"8,025",2%,,Pune,Residential Multistorey Apartment
Lokmanya Bal Gangadhar Tilak Road,Oct-Dec 2018,6100-9600,"7,850",,,Pune,Residential Multistorey Apartment
Lokmanya Bal Gangadhar Tilak Road,Jul-Sep 2018,6000-9400,"7,700",2%,,Pune,Residential Multistorey Apartment
Lokmanya Bal Gangadhar Tilak Road,Jul-Sep 2018,-,-,,,Pune,Residential Multistorey Apartment
,,,,,,Pune,Residential Multistorey Apartment
Loni Kalbhor,Oct-Dec 2024,3181-4963,"4,072",1%,,Pune,Residential Multistorey Apartment
Loni Kalbhor,Jul-Sep 2024,3104-4978,"4,041",2%,,Pune,Residential Multistorey Apartment
Loni Kalbhor,Apr-Jun 2024,3098-5162,"4,130",2%,,Pune,Residential Multistorey Apartment
Loni Kalbhor,Jan-Mar 2024,3031-5070,"4,051",2%,,Pune,Residential Multistorey Apartment
Loni Kalbhor,Oct-Dec 2023,3011-4949,"3,980",17%,,Pune,Residential Multistorey Apartment
Loni Kalbhor,Jul-Sep 2023,3516-6051,"4,783",9%,,Pune,Residential Multistorey Apartment
Loni Kalbhor,Apr-Jun 2023,3250-5534,"4,392",4%,,Pune,Residential Multistorey Apartment
Loni Kalbhor,Jan-Mar 2023,3159-5270,"4,214",1%,,Pune,Residential Multistorey Apartment
Loni Kalbhor,Oct-Dec 2022,3161-5161,"4,161",1%,,Pune,Residential Multistorey Apartment
Loni Kalbhor,Jul-Sep 2022,3101-5102,"4,102",8%,,Pune,Residential Multistorey Apartment
Loni Kalbhor,Apr-Jun 2022,3244-5692,"4,468",4%,,Pune,Residential Multistorey Apartment
Loni Kalbhor,Jan-Mar 2022,3149-5481,"4,315",5%,,Pune,Residential Multistorey Apartment
Loni Kalbhor,Oct-Dec 2021,3047-5196,"4,121",10%,,Pune,Residential Multistorey Apartment
Loni Kalbhor,Jul-Sep 2021,2927-4547,"3,737",-,,Pune,Residential Multistorey Apartment
Loni Kalbhor,Apr-Jun 2021,3032-4446,"3,739",3%,,Pune,Residential Multistorey Apartment
Loni Kalbhor,Jan-Mar 2021,3018-4659,"3,839",3%,,Pune,Residential Multistorey Apartment
Loni Kalbhor,Oct-Dec 2020,2899-4570,"3,735",2%,,Pune,Residential Multistorey Apartment
Loni Kalbhor,Jul-Sep 2020,2942-4666,"3,804",1%,,Pune,Residential Multistorey Apartment
Loni Kalbhor,Apr-Jun 2020,2797-4726,"3,761",8%,,Pune,Residential Multistorey Apartment
Loni Kalbhor,Jan-Mar 2020,3097-5119,"4,108",7%,,Pune,Residential Multistorey Apartment
Loni Kalbhor,Oct-Dec 2019,3093-4561,"3,827",1%,,Pune,Residential Multistorey Apartment
Loni Kalbhor,Jul-Sep 2019,3003-4554,"3,778",3%,,Pune,Residential Multistorey Apartment
Loni Kalbhor,Apr-Jun 2019,3100-4675,"3,887",1%,,Pune,Residential Multistorey Apartment
Loni Kalbhor,Jan-Mar 2019,3244-4617,"3,930",1%,,Pune,Residential Multistorey Apartment
Loni Kalbhor,Oct-Dec 2018,3296-4627,"3,962",6%,,Pune,Residential Multistorey Apartment
Loni Kalbhor,Jul-Sep 2018,3093-4405,"3,749",1%,,Pune,Residential Multistorey Apartment
,,,,,,Pune,Residential Multistorey Apartment
Lullanagar,Oct-Dec 2024,7584-12226,"9,905",1%,,Pune,Residential Multistorey Apartment
Lullanagar,Jul-Sep 2024,7193-12419,"9,806",0.20%,,Pune,Residential Multistorey Apartment
Lullanagar,Apr-Jun 2024,7523-12051,"9,787",7%,,Pune,Residential Multistorey Apartment
Lullanagar,Jan-Mar 2024,6959-11418,"9,189",1%,,Pune,Residential Multistorey Apartment
Lullanagar,Oct-Dec 2023,7295-11290,"9,292",2%,,Pune,Residential Multistorey Apartment
Lullanagar,Jul-Sep 2023,7113-11062,"9,088",1%,,Pune,Residential Multistorey Apartment
Lullanagar,Apr-Jun 2023,6975-11414,"9,194",7%,,Pune,Residential Multistorey Apartment
Lullanagar,Jan-Mar 2023,6803-10306,"8,555",2%,,Pune,Residential Multistorey Apartment
Lullanagar,Oct-Dec 2022,6866-9973,"8,419",0.10%,,Pune,Residential Multistorey Apartment
Lullanagar,Jul-Sep 2022,6655-10164,"8,410",1%,,Pune,Residential Multistorey Apartment
Lullanagar,Apr-Jun 2022,6455-10224,"8,339",4%,,Pune,Residential Multistorey Apartment
Lullanagar,Jan-Mar 2022,6219-9779,"7,999",4%,,Pune,Residential Multistorey Apartment
Lullanagar,Oct-Dec 2021,5911-9413,"7,662",12%,,Pune,Residential Multistorey Apartment
Lullanagar,Jul-Sep 2021,5389-8266,"6,827",7%,,Pune,Residential Multistorey Apartment
Lullanagar,Apr-Jun 2021,5249-7534,"6,392",7%,,Pune,Residential Multistorey Apartment
Lullanagar,Jan-Mar 2021,5454-8304,"6,879",0.30%,,Pune,Residential Multistorey Apartment
Lullanagar,Oct-Dec 2020,5261-8533,"6,897",5%,,Pune,Residential Multistorey Apartment
Lullanagar,Jul-Sep 2020,5310-9209,"7,260",-,,Pune,Residential Multistorey Apartment
Lullanagar,Apr-Jun 2020,5310-9210,"7,260",-,,Pune,Residential Multistorey Apartment
Lullanagar,Jan-Mar 2020,5310-9211,"7,260",-,,Pune,Residential Multistorey Apartment
Lullanagar,Oct-Dec 2019,5471-8679,"7,075",0.40%,,Pune,Residential Multistorey Apartment
Lullanagar,Jul-Sep 2019,5489-8600,"7,044",3%,,Pune,Residential Multistorey Apartment
Lullanagar,Apr-Jun 2019,5667-8825,"7,246",6%,,Pune,Residential Multistorey Apartment
Lullanagar,Jan-Mar 2019,5411-8287,"6,849",5%,,Pune,Residential Multistorey Apartment
Lullanagar,Oct-Dec 2018,5968-8375,"7,172",3%,,Pune,Residential Multistorey Apartment
Lullanagar,Jul-Sep 2018,5344-8640,"6,992",3%,,Pune,Residential Multistorey Apartment
,,,,,,Pune,Residential Multistorey Apartment
Maan,Oct-Dec 2024,6159-8647,"7,403",4%,,Pune,Residential Multistorey Apartment
Maan,Jul-Sep 2024,6037-8190,"7,113",3%,,Pune,Residential Multistorey Apartment
Maan,Apr-Jun 2024,6093-8632,"7,362",1%,,Pune,Residential Multistorey Apartment
Maan,Jan-Mar 2024,6074-8470,"7,272",0.30%,,Pune,Residential Multistorey Apartment
Maan,Oct-Dec 2023,6081-8414,"7,248",9%,,Pune,Residential Multistorey Apartment
Maan,Jul-Sep 2023,5726-7597,"6,661",,,Pune,Residential Multistorey Apartment
Maan,Apr-Jun 2023,5726-7598,"6,661",,,Pune,Residential Multistorey Apartment
Maan,Jan-Mar 2023,5726-7599,"6,661",,,Pune,Residential Multistorey Apartment
Maan,Oct-Dec 2022,5519-7362,"6,441",0.40%,,Pune,Residential Multistorey Apartment
Maan,Jul-Sep 2022,5429-7397,"6,413",6%,,Pune,Residential Multistorey Apartment
Maan,Apr-Jun 2022,5242-6894,"6,068",3%,,Pune,Residential Multistorey Apartment
Maan,Jan-Mar 2022,5244-6577,"5,910",,,Pune,Residential Multistorey Apartment
Maan,Oct-Dec 2021,5101-6711,"5,906",1%,,Pune,Residential Multistorey Apartment
Maan,Jul-Sep 2021,5069-6646,"5,858",,,Pune,Residential Multistorey Apartment
Maan,Apr-Jun 2021,4950-6550,"5,725",2%,,Pune,Residential Multistorey Apartment
Maan,Jan-Mar 2021,4850-6450,"5,650",2%,,Pune,Residential Multistorey Apartment
Maan,Oct-Dec 2020,4750-6350,"5,550",2%,,Pune,Residential Multistorey Apartment
Maan,Jul-Sep 2020,4650-6250,"5,450",2%,,Pune,Residential Multistorey Apartment
Maan,Apr-Jun 2020,4550-6150,"5,350",2%,,Pune,Residential Multistorey Apartment
Maan,Jan-Mar 2020,4450-6050,"5,250",2%,,Pune,Residential Multistorey Apartment
Maan,Oct-Dec 2019,4350-5950,"5,150",2%,,Pune,Residential Multistorey Apartment
Maan,Jul-Sep 2019,4250-5850,"5,050",2%,,Pune,Residential Multistorey Apartment
Maan,Apr-Jun 2019,4150-5750,"4,950",2%,,Pune,Residential Multistorey Apartment
Maan,Jan-Mar 2019,4050-5650,"4,850",2%,,Pune,Residential Multistorey Apartment
Maan,Oct-Dec 2018,3950-5550,"4,750",(given),,Pune,Residential Multistorey Apartment
Maan,Jul-Sep 2018,3850-5450,"4,650",2%,,Pune,Residential Multistorey Apartment
,,,,,,Pune,Residential Multistorey Apartment
,,,,,,Pune,Residential Multistorey Apartment
Magarpatta,Oct-Dec 2024,8747-14330,"11,538",4%,,Pune,Residential Multistorey Apartment
Magarpatta,Jul-Sep 2024,8484-13796,"11,140",4%,,Pune,Residential Multistorey Apartment
Magarpatta,Apr-Jun 2024,8073-13339,"10,706",3%,,Pune,Residential Multistorey Apartment
Magarpatta,Jan-Mar 2024,7968-12720,"10,344",1%,,Pune,Residential Multistorey Apartment
Magarpatta,Oct-Dec 2023,7907-12593,"10,250",1%,,Pune,Residential Multistorey Apartment
Magarpatta,Jul-Sep 2023,7826-12398,"10,112",4%,,Pune,Residential Multistorey Apartment
Magarpatta,Apr-Jun 2023,7622-11870,"9,746",3%,,Pune,Residential Multistorey Apartment
Magarpatta,Jan-Mar 2023,7541-11383,"9,462",3%,,Pune,Residential Multistorey Apartment
Magarpatta,Oct-Dec 2022,7274-11017,"9,145",3%,,Pune,Residential Multistorey Apartment
Magarpatta,Jul-Sep 2022,7088-10718,"8,903",3%,,Pune,Residential Multistorey Apartment
Magarpatta,Apr-Jun 2022,6827-10440,"8,634",1%,,Pune,Residential Multistorey Apartment
Magarpatta,Jan-Mar 2022,6881-10277,"8,579",0.30%,,Pune,Residential Multistorey Apartment
Magarpatta,Oct-Dec 2021,6894-10220,"8,557",1%,,Pune,Residential Multistorey Apartment
Magarpatta,Jul-Sep 2021,6984-10224,"8,604",1%,,Pune,Residential Multistorey Apartment
Magarpatta,Apr-Jun 2021,6945-10036,"8,490",1%,,Pune,Residential Multistorey Apartment
Magarpatta,Jan-Mar 2021,6900-9877,"8,389",1%,,Pune,Residential Multistorey Apartment
Magarpatta,Oct-Dec 2020,6727-9851,"8,289",-,,Pune,Residential Multistorey Apartment
Magarpatta,Jul-Sep 2020,6730-9861,"8,296",0.10%,,Pune,Residential Multistorey Apartment
Magarpatta,Apr-Jun 2020,6794-9817,"8,305",1%,,Pune,Residential Multistorey Apartment
Magarpatta,Jan-Mar 2020,6861-9899,"8,380",4%,,Pune,Residential Multistorey Apartment
Magarpatta,Oct-Dec 2019,6484-9665,"8,074",1%,,Pune,Residential Multistorey Apartment
Magarpatta,Jul-Sep 2019,6590-9728,"8,159",1%,,Pune,Residential Multistorey Apartment
Magarpatta,Apr-Jun 2019,6565-9946,"8,256",1%,,Pune,Residential Multistorey Apartment
Magarpatta,Jan-Mar 2019,6608-9783,"8,196",1%,,Pune,Residential Multistorey Apartment
Magarpatta,Oct-Dec 2018,6765-9804,"8,284",2%,,Pune,Residential Multistorey Apartment
Magarpatta,Jul-Sep 2018,6515-9696,"8,105",3%,,Pune,Residential Multistorey Apartment
,,,,,,Pune,Residential Multistorey Apartment
Magarpatta Road,Oct-Dec 2024,7459-12595,"10,027",4%,,Pune,Residential Multistorey Apartment
Magarpatta Road,Jul-Sep 2024,7124-12172,"9,648",5%,,Pune,Residential Multistorey Apartment
Magarpatta Road,Apr-Jun 2024,6833-11568,"9,201",5%,,Pune,Residential Multistorey Apartment
Magarpatta Road,Jan-Mar 2024,6442-11050,"8,746",1%,,Pune,Residential Multistorey Apartment
Magarpatta Road,Oct-Dec 2023,6350-10942,"8,646",0%,,Pune,Residential Multistorey Apartment
Magarpatta Road,Jul-Sep 2023,6352-10994,"8,673",6.00%,,Pune,Residential Multistorey Apartment
Magarpatta Road,Apr-Jun 2023,5959-10395,"8,177",5%,,Pune,Residential Multistorey Apartment
Magarpatta Road,Jan-Mar 2023,7016-10167,"8,592",6%,,Pune,Residential Multistorey Apartment
Magarpatta Road,Oct-Dec 2022,6563-9717,"8,140",4%,,Pune,Residential Multistorey Apartment
Magarpatta Road,Jul-Sep 2022,6326-9302,"7,814",-,,Pune,Residential Multistorey Apartment
Magarpatta Road,Apr-Jun 2022,6334-9290,"7,812",1%,,Pune,Residential Multistorey Apartment
Magarpatta Road,Jan-Mar 2022,6495-9253,"7,874",1%,,Pune,Residential Multistorey Apartment
Magarpatta Road,Oct-Dec 2021,6503-9166,"7,834",7%,,Pune,Residential Multistorey Apartment
Magarpatta Road,Jul-Sep 2021,6031-8545,"7,288",7%,,Pune,Residential Multistorey Apartment
Magarpatta Road,Apr-Jun 2021,6119-9568,"7,843",4%,,Pune,Residential Multistorey Apartment
Magarpatta Road,Jan-Mar 2021,6105-9023,"7,564",4%,,Pune,Residential Multistorey Apartment
Magarpatta Road,Oct-Dec 2020,5661-8864,"7,263",4%,,Pune,Residential Multistorey Apartment
Magarpatta Road,Jul-Sep 2020,6125-8930,"7,500",-,,Pune,Residential Multistorey Apartment
Magarpatta Road,Apr-Jun 2020,6125-8931,"7,750",-,,Pune,Residential Multistorey Apartment
Magarpatta Road,Jan-Mar 2020,6125-8932,"7,700",,,Pune,Residential Multistorey Apartment
Magarpatta Road,Oct-Dec 2019,6125-8933,"7,600",,,Pune,Residential Multistorey Apartment
Magarpatta Road,Jul-Sep 2019,6125-8934,"7,527",,,Pune,Residential Multistorey Apartment
Magarpatta Road,Apr-Jun 2019,6125-8935,"7,200",,,Pune,Residential Multistorey Apartment
Magarpatta Road,Jan-Mar 2019,6125-8936,"6,900",,,Pune,Residential Multistorey Apartment
Magarpatta Road,Oct-Dec 2018,6125-8937,"6,700",,,Pune,Residential Multistorey Apartment
Magarpatta Road,Jul-Sep 2018,6125-8938,"6,500",,,Pune,Residential Multistorey Apartment
,,,,,,Pune,Residential Multistorey Apartment
Mahalunge,Oct-Dec 2024,6943-10398,"8,671",1%,,Pune,Residential Multistorey Apartment
Mahalunge,Jul-Sep 2024,6835-10252,"8,544",3%,,Pune,Residential Multistorey Apartment
Mahalunge,Apr-Jun 2024,6638-9991,"8,314",1%,,Pune,Residential Multistorey Apartment
Mahalunge,Jan-Mar 2024,6574-9923,"8,248",4%,,Pune,Residential Multistorey Apartment
Mahalunge,Oct-Dec 2023,6350-9577,"7,964",3%,,Pune,Residential Multistorey Apartment
Mahalunge,Jul-Sep 2023,6292-9215,"7,753",1%,,Pune,Residential Multistorey Apartment
Mahalunge,Apr-Jun 2023,6163-9115,"7,639",4%,,Pune,Residential Multistorey Apartment
Mahalunge,Jan-Mar 2023,5956-8690,"7,323",4%,,Pune,Residential Multistorey Apartment
Mahalunge,Oct-Dec 2022,5686-8450,"7,068",3%,,Pune,Residential Multistorey Apartment
Mahalunge,Jul-Sep 2022,5635-8078,"6,857",2%,,Pune,Residential Multistorey Apartment
Mahalunge,Apr-Jun 2022,5549-7837,"6,693",1%,,Pune,Residential Multistorey Apartment
Mahalunge,Jan-Mar 2022,5480-7835,"6,658",2%,,Pune,Residential Multistorey Apartment
Mahalunge,Oct-Dec 2021,5386-7691,"6,539",3%,,Pune,Residential Multistorey Apartment
Mahalunge,Jul-Sep 2021,5273-7434,"6,354",2%,,Pune,Residential Multistorey Apartment
Mahalunge,Apr-Jun 2021,5148-7280,"6,214",-,,Pune,Residential Multistorey Apartment
Mahalunge,Jan-Mar 2021,5115-7321,"6,218",1%,,Pune,Residential Multistorey Apartment
Mahalunge,Oct-Dec 2020,5101-7198,"6,150",2%,,Pune,Residential Multistorey Apartment
Mahalunge,Jul-Sep 2020,5025-6982,"6,003",1%,,Pune,Residential Multistorey Apartment
Mahalunge,Apr-Jun 2020,4888-6941,"5,915",0.30%,,Pune,Residential Multistorey Apartment
Mahalunge,Jan-Mar 2020,4944-6851,"5,898",2%,,Pune,Residential Multistorey Apartment
Mahalunge,Oct-Dec 2019,4848-6760,"5,804",0.20%,,Pune,Residential Multistorey Apartment
Mahalunge,Jul-Sep 2019,4803-6776,"5,790",4%,,Pune,Residential Multistorey Apartment
Mahalunge,Apr-Jun 2019,4654-6469,"5,561",1%,,Pune,Residential Multistorey Apartment
Mahalunge,Jan-Mar 2019,4618-6568,"5,593",3%,,Pune,Residential Multistorey Apartment
Mahalunge,Oct-Dec 2018,4847-6706,"5,777",1%,,Pune,Residential Multistorey Apartment
Mahalunge,Jul-Sep 2018,4853-6791,"5,822",1%,,Pune,Residential Multistorey Apartment
,,,,,,Pune,Residential Multistorey Apartment
Maharshi Nagar,Oct-Dec 2024,8263-13823,"11,043",1%,,Pune,Residential Multistorey Apartment
Maharshi Nagar,Jul-Sep 2024,8428-13771,"11,099",4%,,Pune,Residential Multistorey Apartment
Maharshi Nagar,Apr-Jun 2024,8724-14333,"11,529",3%,,Pune,Residential Multistorey Apartment
Maharshi Nagar,Jan-Mar 2024,8641-13829,"11,235",1%,,Pune,Residential Multistorey Apartment
Maharshi Nagar,Oct-Dec 2023,8555-14099,"11,327",5%,,Pune,Residential Multistorey Apartment
Maharshi Nagar,Jul-Sep 2023,8074-13532,"10,803",2%,,Pune,Residential Multistorey Apartment
Maharshi Nagar,Apr-Jun 2023,7812-13270,"10,541",,,Pune,Residential Multistorey Apartment
Maharshi Nagar,Jan-Mar 2023,7684-13142,"10,413",4%,,Pune,Residential Multistorey Apartment
Maharshi Nagar,Oct-Dec 2022,7584-13000,"10,292",4%,,Pune,Residential Multistorey Apartment
Maharshi Nagar,Jul-Sep 2022,7384-12850,"10,117",5%,,Pune,Residential Multistorey Apartment
Maharshi Nagar,Apr-Jun 2022,7184-12700,"9,942",4%,,Pune,Residential Multistorey Apartment
Maharshi Nagar,Jan-Mar 2022,7084-12550,"9,817",3%,,Pune,Residential Multistorey Apartment
Maharshi Nagar,Oct-Dec 2021,6984-12400,"9,692",4%,,Pune,Residential Multistorey Apartment
Maharshi Nagar,Jul-Sep 2021,6884-12200,"9,542",,,Pune,Residential Multistorey Apartment
Maharshi Nagar,Apr-Jun 2021,6784-12000,"9,392",2%,,Pune,Residential Multistorey Apartment
Maharshi Nagar,Jan-Mar 2021,6684-11800,"9,242",2%,,Pune,Residential Multistorey Apartment
Maharshi Nagar,Oct-Dec 2020,6584-11600,"9,092",2%,,Pune,Residential Multistorey Apartment
Maharshi Nagar,Jul-Sep 2020,6484-11400,"8,942",2%,,Pune,Residential Multistorey Apartment
Maharshi Nagar,Apr-Jun 2020,6384-11200,"8,792",2%,,Pune,Residential Multistorey Apartment
Maharshi Nagar,Jan-Mar 2020,6284-11000,"8,642",2%,,Pune,Residential Multistorey Apartment
Maharshi Nagar,Oct-Dec 2019,6184-10800,"8,492",2%,,Pune,Residential Multistorey Apartment
Maharshi Nagar,Jul-Sep 2019,6084-10600,"8,342",2%,,Pune,Residential Multistorey Apartment
Maharshi Nagar,Apr-Jun 2019,5984-10400,"8,192",2%,,Pune,Residential Multistorey Apartment
Maharshi Nagar,Jan-Mar 2019,5884-10200,"8,042",2%,,Pune,Residential Multistorey Apartment
Maharshi Nagar,Oct-Dec 2018,5784-10000,"7,892",,,Pune,Residential Multistorey Apartment
Maharshi Nagar,Jul-Sep 2018,5684-9800,"7,742",2%,,Pune,Residential Multistorey Apartment
,,,,,,Pune,Residential Multistorey Apartment
Mamurdi,Oct-Dec 2024,4663-7903,"6,283",1%,,Pune,Residential Multistorey Apartment
Mamurdi,Jul-Sep 2024,4838-7862,"6,350",1%,,Pune,Residential Multistorey Apartment
Mamurdi,Apr-Jun 2024,5091-7754,"6,422",6%,,Pune,Residential Multistorey Apartment
Mamurdi,Jan-Mar 2024,4611-7514,"6,063",4%,,Pune,Residential Multistorey Apartment
Mamurdi,Oct-Dec 2023,4388-7322,"5,855",3%,,Pune,Residential Multistorey Apartment
Mamurdi,Jul-Sep 2023,4490-6906,"5,698",2%,,Pune,Residential Multistorey Apartment
Mamurdi,Apr-Jun 2023,4401-6788,"5,594",4%,,Pune,Residential Multistorey Apartment
Mamurdi,Jan-Mar 2023,4473-7211,"5,842",1%,,Pune,Residential Multistorey Apartment
Mamurdi,Oct-Dec 2022,4530-7327,"5,928",2%,,Pune,Residential Multistorey Apartment
Mamurdi,Jul-Sep 2022,4364-7302,"5,833",11%,,Pune,Residential Multistorey Apartment
Mamurdi,Apr-Jun 2022,4068-6408,"5,238",1%,,Pune,Residential Multistorey Apartment
Mamurdi,Jan-Mar 2022,4131-6438,"5,284",1%,,Pune,Residential Multistorey Apartment
Mamurdi,Oct-Dec 2021,4214-6250,"5,232",1%,,Pune,Residential Multistorey Apartment
Mamurdi,Jul-Sep 2021,4305-6277,"5,291",2%,,Pune,Residential Multistorey Apartment
Mamurdi,Apr-Jun 2021,4259-6142,"5,201",1%,,Pune,Residential Multistorey Apartment
Mamurdi,Jan-Mar 2021,4296-6167,"5,232",1%,,Pune,Residential Multistorey Apartment
Mamurdi,Oct-Dec 2020,4149-6210,"5,180",3%,,Pune,Residential Multistorey Apartment
Mamurdi,Jul-Sep 2020,4082-6002,"5,042",3%,,Pune,Residential Multistorey Apartment
Mamurdi,Apr-Jun 2020,4136-6251,"5,193",1%,,Pune,Residential Multistorey Apartment
Mamurdi,Jan-Mar 2020,4284-6237,"5,261",1%,,Pune,Residential Multistorey Apartment
Mamurdi,Oct-Dec 2019,4377-6302,"5,340",1%,,Pune,Residential Multistorey Apartment
Mamurdi,Jul-Sep 2019,4446-6335,"5,391",0.10%,,Pune,Residential Multistorey Apartment
Mamurdi,Apr-Jun 2019,4573-6195,"5,384",2%,,Pune,Residential Multistorey Apartment
Mamurdi,Jan-Mar 2019,4466-6052,"5,259",,,Pune,Residential Multistorey Apartment
Mamurdi,Oct-Dec 2018,4466-6053,"5,259",,,Pune,Residential Multistorey Apartment
Mamurdi,Jul-Sep 2018,4466-6054,"5,259",,,Pune,Residential Multistorey Apartment
,,,,,,Pune,Residential Multistorey Apartment
Mangaldas Road,Oct-Dec 2024,11168-19025,"15,096",0.20%,,Pune,Residential Multistorey Apartment
Mangaldas Road,Jul-Sep 2024,11025-19230,"15,128",0.20%,,Pune,Residential Multistorey Apartment
Mangaldas Road,Apr-Jun 2024,11743-18460,"15,102",2%,,Pune,Residential Multistorey Apartment
Mangaldas Road,Jan-Mar 2024,11604-17909,"14,757",0.40%,,Pune,Residential Multistorey Apartment
Mangaldas Road,Oct-Dec 2023,12324-17066,"14,695",7%,,Pune,Residential Multistorey Apartment
Mangaldas Road,Jul-Sep 2023,11325-16053,"13,689",4%,,Pune,Residential Multistorey Apartment
Mangaldas Road,Apr-Jun 2023,10644-15713,"13,179",,,Pune,Residential Multistorey Apartment
Mangaldas Road,Jan-Mar 2023,10644-15714,13000,-,,Pune,Residential Multistorey Apartment
Mangaldas Road,Oct-Dec 2022,10644-15715,13000,-,,Pune,Residential Multistorey Apartment
Mangaldas Road,Jul-Sep 2022,10644-15716,13000,-,,Pune,Residential Multistorey Apartment
Mangaldas Road,Apr-Jun 2022,10644-15717,12750,-,,Pune,Residential Multistorey Apartment
Mangaldas Road,Jan-Mar 2022,10644-15718,12500,-,,Pune,Residential Multistorey Apartment
Mangaldas Road,Oct-Dec 2021,10644-15719,12250,-,,Pune,Residential Multistorey Apartment
Mangaldas Road,Jul-Sep 2021,10644-15720,12000,,,Pune,Residential Multistorey Apartment
Mangaldas Road,Apr-Jun 2021,10644-15721,11800,,,Pune,Residential Multistorey Apartment
Mangaldas Road,Jan-Mar 2021,10644-15722,11250,,,Pune,Residential Multistorey Apartment
Mangaldas Road,Oct-Dec 2020,10644-15723,11000,,,Pune,Residential Multistorey Apartment
Mangaldas Road,Jul-Sep 2020,10644-15724,10000,,,Pune,Residential Multistorey Apartment
Mangaldas Road,Apr-Jun 2020,10644-15725,9800,,,Pune,Residential Multistorey Apartment
Mangaldas Road,Jan-Mar 2020,10644-15726,9700,,,Pune,Residential Multistorey Apartment
Mangaldas Road,Oct-Dec 2019,10644-15727,9600,,,Pune,Residential Multistorey Apartment
Mangaldas Road,Jul-Sep 2019,10644-15728,9720,,,Pune,Residential Multistorey Apartment
Mangaldas Road,Apr-Jun 2019,10644-15729,9700,,,Pune,Residential Multistorey Apartment
Mangaldas Road,Jan-Mar 2019,10644-15730,9500,,,Pune,Residential Multistorey Apartment
Mangaldas Road,Oct-Dec 2018,10644-15731,9000,,,Pune,Residential Multistorey Apartment
Mangaldas Road,Jul-Sep 2018,10644-15732,8500,,,Pune,Residential Multistorey Apartment
,,,,,,Pune,Residential Multistorey Apartment
Manjari BK,Oct-Dec 2024,5488-8578,"7,033",1%,,Pune,Residential Multistorey Apartment
Manjari BK,Jul-Sep 2024,5553-8415,"6,984",3%,,Pune,Residential Multistorey Apartment
Manjari BK,Apr-Jun 2024,5402-8159,"6,781",3%,,Pune,Residential Multistorey Apartment
Manjari BK,Jan-Mar 2024,5196-7975,"6,586",1%,,Pune,Residential Multistorey Apartment
Manjari BK,Oct-Dec 2023,5139-7869,"6,504",1%,,Pune,Residential Multistorey Apartment
Manjari BK,Jul-Sep 2023,5030-7866,"6,448",3%,,Pune,Residential Multistorey Apartment
Manjari BK,Apr-Jun 2023,4782-7716,"6,249",2%,,Pune,Residential Multistorey Apartment
Manjari BK,Jan-Mar 2023,4745-7504,"6,125",6%,,Pune,Residential Multistorey Apartment
Manjari BK,Oct-Dec 2022,4427-7079,"5,753",1%,,Pune,Residential Multistorey Apartment
Manjari BK,Jul-Sep 2022,4484-6932,"5,708",0.10%,,Pune,Residential Multistorey Apartment
Manjari BK,Apr-Jun 2022,4618-6814,"5,716",-,,Pune,Residential Multistorey Apartment
Manjari BK,Jan-Mar 2022,4569-6853,"5,711",2%,,Pune,Residential Multistorey Apartment
Manjari BK,Oct-Dec 2021,4471-6729,"5,600",3%,,Pune,Residential Multistorey Apartment
Manjari BK,Jul-Sep 2021,4190-6662,"5,426",2%,,Pune,Residential Multistorey Apartment
Manjari BK,Apr-Jun 2021,4371-6663,"5,517",2%,,Pune,Residential Multistorey Apartment
Manjari BK,Jan-Mar 2021,4418-6840,"5,629",2%,,Pune,Residential Multistorey Apartment
Manjari BK,Oct-Dec 2020,4350-6696,"5,523",1%,,Pune,Residential Multistorey Apartment
Manjari BK,Jul-Sep 2020,4390-6594,"5,492",0.20%,,Pune,Residential Multistorey Apartment
Manjari BK,Apr-Jun 2020,4379-6631,"5,505",1%,,Pune,Residential Multistorey Apartment
Manjari BK,Jan-Mar 2020,4498-6597,"5,548",7%,,Pune,Residential Multistorey Apartment
Manjari BK,Oct-Dec 2019,4098-6249,"5,174",1%,,Pune,Residential Multistorey Apartment
Manjari BK,Jul-Sep 2019,4241-6209,"5,225",0.30%,,Pune,Residential Multistorey Apartment
Manjari BK,Apr-Jun 2019,4213-6266,"5,240",1%,,Pune,Residential Multistorey Apartment
Manjari BK,Jan-Mar 2019,4135-6270,"5,202",1%,,Pune,Residential Multistorey Apartment
Manjari BK,Oct-Dec 2018,4256-6298,"5,277",3%,,Pune,Residential Multistorey Apartment
Manjari BK,Jul-Sep 2018,4162-6133,"5,147",1%,,Pune,Residential Multistorey Apartment
,,,,,,Pune,Residential Multistorey Apartment
Manjari Khurd,Oct-Dec 2024,6663-9257,"7,960",3%,,Pune,Residential Multistorey Apartment
Manjari Khurd,Jul-Sep 2024,6511-8949,"7,730",4%,,Pune,Residential Multistorey Apartment
Manjari Khurd,Apr-Jun 2024,6664-9467,"8,066",3%,,Pune,Residential Multistorey Apartment
Manjari Khurd,Jan-Mar 2024,6553-9186,"7,869",7%,,Pune,Residential Multistorey Apartment
Manjari Khurd,Oct-Dec 2023,6304-8469,"7,386",2%,,Pune,Residential Multistorey Apartment
Manjari Khurd,Jul-Sep 2023,5950-8523,"7,236",1%,,Pune,Residential Multistorey Apartment
Manjari Khurd,Apr-Jun 2023,5985-8364,"7,174",3%,,Pune,Residential Multistorey Apartment
Manjari Khurd,Jan-Mar 2023,5792-8085,"6,939",8%,,Pune,Residential Multistorey Apartment
Manjari Khurd,Oct-Dec 2022,5413-7428,"6,420",1%,,Pune,Residential Multistorey Apartment
Manjari Khurd,Jul-Sep 2022,5125-7571,"6,348",2%,,Pune,Residential Multistorey Apartment
Manjari Khurd,Apr-Jun 2022,5033-7407,"6,220",1%,,Pune,Residential Multistorey Apartment
Manjari Khurd,Jan-Mar 2022,4922-7591,"6,256",3%,,Pune,Residential Multistorey Apartment
Manjari Khurd,Oct-Dec 2021,4966-7137,"6,051",1%,,Pune,Residential Multistorey Apartment
Manjari Khurd,Jul-Sep 2021,4956-7306,"6,131",2%,,Pune,Residential Multistorey Apartment
Manjari Khurd,Apr-Jun 2021,4785-7247,"6,016",1%,,Pune,Residential Multistorey Apartment
Manjari Khurd,Jan-Mar 2021,4707-7217,"5,962",-,,Pune,Residential Multistorey Apartment
Manjari Khurd,Oct-Dec 2020,4707-7218,"5,962",,,Pune,Residential Multistorey Apartment
Manjari Khurd,Jul-Sep 2020,4707-7219,"5,962",,,Pune,Residential Multistorey Apartment
Manjari Khurd,Apr-Jun 2020,4707-7220,"5,900",,,Pune,Residential Multistorey Apartment
Manjari Khurd,Jan-Mar 2020,4707-7221,"5,962",,,Pune,Residential Multistorey Apartment
Manjari Khurd,Oct-Dec 2019,4707-7222,"5,800",,,Pune,Residential Multistorey Apartment
Manjari Khurd,Jul-Sep 2019,4707-7223,"5,700",,,Pune,Residential Multistorey Apartment
Manjari Khurd,Apr-Jun 2019,4707-7224,"5,400",,,Pune,Residential Multistorey Apartment
Manjari Khurd,Jan-Mar 2019,4707-7225,"5,300",,,Pune,Residential Multistorey Apartment
Manjari Khurd,Oct-Dec 2018,4707-7226,"5,500",,,Pune,Residential Multistorey Apartment
Manjari Khurd,Jul-Sep 2018,4707-7227,"5,262",,,Pune,Residential Multistorey Apartment
,,,,,,Pune,Residential Multistorey Apartment
Manjari Road,Oct-Dec 2024,6234-9969,"8,101",2%,,Pune,Residential Multistorey Apartment
Manjari Road,Jul-Sep 2024,6096-9717,"7,907",2%,,Pune,Residential Multistorey Apartment
Manjari Road,Apr-Jun 2024,6017-9477,"7,747",5%,,Pune,Residential Multistorey Apartment
Manjari Road,Jan-Mar 2024,5745-9052,"7,399",2%,,Pune,Residential Multistorey Apartment
Manjari Road,Oct-Dec 2023,5630-8866,"7,248",0.50%,,Pune,Residential Multistorey Apartment
Manjari Road,Jul-Sep 2023,5647-8781,"7,214",1%,,Pune,Residential Multistorey Apartment
Manjari Road,Apr-Jun 2023,5596-8644,"7,120",,,Pune,Residential Multistorey Apartment
Manjari Road,Jan-Mar 2023,5520-8550,"7,035",2%,,Pune,Residential Multistorey Apartment
Manjari Road,Oct-Dec 2022,5464-8450,"6,957",2%,,Pune,Residential Multistorey Apartment
Manjari Road,Jul-Sep 2022,5400-8340,"6,870",1%,,Pune,Residential Multistorey Apartment
Manjari Road,Apr-Jun 2022,5336-8230,"6,773",3%,,Pune,Residential Multistorey Apartment
Manjari Road,Jan-Mar 2022,5272-8120,"6,676",2%,,Pune,Residential Multistorey Apartment
Manjari Road,Oct-Dec 2021,5208-8000,"6,604",2%,,Pune,Residential Multistorey Apartment
Manjari Road,Jul-Sep 2021,5144-7890,"6,507",,,Pune,Residential Multistorey Apartment
Manjari Road,Apr-Jun 2021,5080-7780,"6,410",1%,,Pune,Residential Multistorey Apartment
Manjari Road,Jan-Mar 2021,5016-7670,"6,313",2%,,Pune,Residential Multistorey Apartment
Manjari Road,Oct-Dec 2020,4952-7550,"6,216",2%,,Pune,Residential Multistorey Apartment
Manjari Road,Jul-Sep 2020,4888-7440,"6,118",2%,,Pune,Residential Multistorey Apartment
Manjari Road,Apr-Jun 2020,4824-7330,"6,020",2%,,Pune,Residential Multistorey Apartment
Manjari Road,Jan-Mar 2020,4758-7220,"5,922",2%,,Pune,Residential Multistorey Apartment
Manjari Road,Oct-Dec 2019,4692-7110,"5,824",2%,,Pune,Residential Multistorey Apartment
Manjari Road,Jul-Sep 2019,4626-7000,"5,726",2%,,Pune,Residential Multistorey Apartment
Manjari Road,Apr-Jun 2019,4560-6880,"5,628",2%,,Pune,Residential Multistorey Apartment
Manjari Road,Jan-Mar 2019,4494-6760,"5,530",2%,,Pune,Residential Multistorey Apartment
Manjari Road,Oct-Dec 2018,4428-6640,"5,432",,,Pune,Residential Multistorey Apartment
Manjari Road,Jul-Sep 2018,4362-6520,"5,334",2%,,Pune,Residential Multistorey Apartment
,,,,,,Pune,Residential Multistorey Apartment
Manjri,Oct-Dec 2024,5655-9158,"7,407",2%,,Pune,Residential Multistorey Apartment
Manjri,Jul-Sep 2024,5613-8856,"7,235",5%,,Pune,Residential Multistorey Apartment
Manjri,Apr-Jun 2024,5411-8342,"6,877",4%,,Pune,Residential Multistorey Apartment
Manjri,Jan-Mar 2024,5167-8120,"6,643",2%,,Pune,Residential Multistorey Apartment
Manjri,Oct-Dec 2023,5112-7966,"6,539",1%,,Pune,Residential Multistorey Apartment
Manjri,Jul-Sep 2023,5040-7961,"6,501",2%,,Pune,Residential Multistorey Apartment
Manjri,Apr-Jun 2023,4798-7900,"6,349",3%,,Pune,Residential Multistorey Apartment
Manjri,Jan-Mar 2023,4736-7542,"6,139",7%,,Pune,Residential Multistorey Apartment
Manjri,Oct-Dec 2022,4431-7098,"5,764",1%,,Pune,Residential Multistorey Apartment
Manjri,Jul-Sep 2022,4498-6903,"5,701",0.20%,,Pune,Residential Multistorey Apartment
Manjri,Apr-Jun 2022,4673-6750,"5,711",0.20%,,Pune,Residential Multistorey Apartment
Manjri,Jan-Mar 2022,4608-6834,"5,721",2%,,Pune,Residential Multistorey Apartment
Manjri,Oct-Dec 2021,4540-6680,"5,610",1%,,Pune,Residential Multistorey Apartment
Manjri,Jul-Sep 2021,4359-6699,"5,529",1%,,Pune,Residential Multistorey Apartment
Manjri,Apr-Jun 2021,4509-6636,"5,573",2%,,Pune,Residential Multistorey Apartment
Manjri,Jan-Mar 2021,4510-6813,"5,661",0.20%,,Pune,Residential Multistorey Apartment
Manjri,Oct-Dec 2020,4611-6686,"5,649",2%,,Pune,Residential Multistorey Apartment
Manjri,Jul-Sep 2020,4570-6559,"5,565",1%,,Pune,Residential Multistorey Apartment
Manjri,Apr-Jun 2020,4395-6612,"5,503",3%,,Pune,Residential Multistorey Apartment
Manjri,Jan-Mar 2020,4257-6450,"5,353",2%,,Pune,Residential Multistorey Apartment
Manjri,Oct-Dec 2019,4208-6258,"5,233",1%,,Pune,Residential Multistorey Apartment
Manjri,Jul-Sep 2019,4391-6196,"5,293",-,,Pune,Residential Multistorey Apartment
Manjri,Apr-Jun 2019,4327-6251,"5,289",1%,,Pune,Residential Multistorey Apartment
Manjri,Jan-Mar 2019,4273-6241,"5,257",1%,,Pune,Residential Multistorey Apartment
Manjri,Oct-Dec 2018,4366-6270,"5,318",3%,,Pune,Residential Multistorey Apartment
Manjri,Jul-Sep 2018,4235-6100,"5,168",1%,,Pune,Residential Multistorey Apartment
,,,,,,Pune,Residential Multistorey Apartment
,,,,,,Pune,Residential Multistorey Apartment
Market Yard,Oct-Dec 2024,8284-13918,"11,101",3%,,Pune,Residential Multistorey Apartment
Market Yard,Jul-Sep 2024,8107-13550,"10,828",4%,,Pune,Residential Multistorey Apartment
Market Yard,Apr-Jun 2024,8760-13818,"11,289",2%,,Pune,Residential Multistorey Apartment
Market Yard,Jan-Mar 2024,8453-13600,"11,026",1%,,Pune,Residential Multistorey Apartment
Market Yard,Oct-Dec 2023,8336-14034,"11,185",4%,,Pune,Residential Multistorey Apartment
Market Yard,Jul-Sep 2023,7986-13474,"10,730",3%,,Pune,Residential Multistorey Apartment
Market Yard,Apr-Jun 2023,7603-13139,"10,371",0.30%,,Pune,Residential Multistorey Apartment
Market Yard,Jan-Mar 2023,7604-13203,"10,403",3%,,Pune,Residential Multistorey Apartment
Market Yard,Oct-Dec 2022,7338-12809,"10,074",2%,,Pune,Residential Multistorey Apartment
Market Yard,Jul-Sep 2022,7547-12994,"10,270",4%,,Pune,Residential Multistorey Apartment
Market Yard,Apr-Jun 2022,7250-12501,"9,876",1%,,Pune,Residential Multistorey Apartment
Market Yard,Jan-Mar 2022,7331-12243,"9,787",1%,,Pune,Residential Multistorey Apartment
Market Yard,Oct-Dec 2021,7649-12088,"9,868",4%,,Pune,Residential Multistorey Apartment
Market Yard,Jul-Sep 2021,7334-11706,"9,520",5%,,Pune,Residential Multistorey Apartment
Market Yard,Apr-Jun 2021,6947-11206,"9,077",5%,,Pune,Residential Multistorey Apartment
Market Yard,Jan-Mar 2021,6568-10726,"8,647",1%,,Pune,Residential Multistorey Apartment
Market Yard,Oct-Dec 2020,6581-10824,"8,703",13%,,Pune,Residential Multistorey Apartment
Market Yard,Jul-Sep 2020,5891-9580,"7,735",4%,,Pune,Residential Multistorey Apartment
Market Yard,Apr-Jun 2020,6449-9706,"8,077",5%,,Pune,Residential Multistorey Apartment
Market Yard,Jan-Mar 2020,6607-10471,"8,539",4%,,Pune,Residential Multistorey Apartment
Market Yard,Oct-Dec 2019,6146-10291,"8,219",6%,,Pune,Residential Multistorey Apartment
Market Yard,Jul-Sep 2019,6893-10532,"8,713",2%,,Pune,Residential Multistorey Apartment
Market Yard,Apr-Jun 2019,6408-10759,"8,583",7%,,Pune,Residential Multistorey Apartment
Market Yard,Jan-Mar 2019,5993-9991,"7,992",3%,,Pune,Residential Multistorey Apartment
Market Yard,Oct-Dec 2018,5893-9691,"7,792",7%,,Pune,Residential Multistorey Apartment
Market Yard,Jul-Sep 2018,6463-10317,"8,390",2%,,Pune,Residential Multistorey Apartment
,,,,,,Pune,Residential Multistorey Apartment
Marunji,Oct-Dec 2024,5606-8486,"7,046",1%,,Pune,Residential Multistorey Apartment
Marunji,Jul-Sep 2024,5869-8418,"7,144",2%,,Pune,Residential Multistorey Apartment
Marunji,Apr-Jun 2024,5665-8353,"7,009",3%,,Pune,Residential Multistorey Apartment
Marunji,Jan-Mar 2024,5333-8262,"6,797",3%,,Pune,Residential Multistorey Apartment
Marunji,Oct-Dec 2023,5182-8022,"6,602",2%,,Pune,Residential Multistorey Apartment
Marunji,Jul-Sep 2023,5093-7872,"6,482",1%,,Pune,Residential Multistorey Apartment
Marunji,Apr-Jun 2023,4946-7837,"6,391",5%,,Pune,Residential Multistorey Apartment
Marunji,Jan-Mar 2023,4737-7444,"6,091",2%,,Pune,Residential Multistorey Apartment
Marunji,Oct-Dec 2022,4605-7298,"5,952",1%,,Pune,Residential Multistorey Apartment
Marunji,Jul-Sep 2022,4532-7303,"5,918",6%,,Pune,Residential Multistorey Apartment
Marunji,Apr-Jun 2022,4318-6798,"5,558",7%,,Pune,Residential Multistorey Apartment
Marunji,Jan-Mar 2022,4083-6298,"5,191",1%,,Pune,Residential Multistorey Apartment
Marunji,Oct-Dec 2021,4101-6222,"5,161",1%,,Pune,Residential Multistorey Apartment
Marunji,Jul-Sep 2021,4060-6171,"5,116",0.20%,,Pune,Residential Multistorey Apartment
Marunji,Apr-Jun 2021,4185-6030,"5,108",1%,,Pune,Residential Multistorey Apartment
Marunji,Jan-Mar 2021,4154-6139,"5,147",0.30%,,Pune,Residential Multistorey Apartment
Marunji,Oct-Dec 2020,4067-6253,"5,160",1%,,Pune,Residential Multistorey Apartment
Marunji,Jul-Sep 2020,4058-6147,"5,103",1%,,Pune,Residential Multistorey Apartment
Marunji,Apr-Jun 2020,4062-6010,"5,036",2%,,Pune,Residential Multistorey Apartment
Marunji,Jan-Mar 2020,4119-6182,"5,151",1%,,Pune,Residential Multistorey Apartment
Marunji,Oct-Dec 2019,4136-6028,"5,082",3%,,Pune,Residential Multistorey Apartment
Marunji,Jul-Sep 2019,4080-5816,"4,948",4%,,Pune,Residential Multistorey Apartment
Marunji,Apr-Jun 2019,4200-6137,"5,169",3%,,Pune,Residential Multistorey Apartment
Marunji,Jan-Mar 2019,4195-6450,"5,323",1%,,Pune,Residential Multistorey Apartment
Marunji,Oct-Dec 2018,4316-6472,"5,394",1%,,Pune,Residential Multistorey Apartment
Marunji,Jul-Sep 2018,4270-6421,"5,346",1%,,Pune,Residential Multistorey Apartment
,,,,,,Pune,Residential Multistorey Apartment
Marunji Road,Oct-Dec 2024,6107-9337,"7,722",2%,,Pune,Residential Multistorey Apartment
Marunji Road,Jul-Sep 2024,5959-9189,"7,574",2%,,Pune,Residential Multistorey Apartment
Marunji Road,Apr-Jun 2024,5875-8961,"7,418",2%,,Pune,Residential Multistorey Apartment
Marunji Road,Jan-Mar 2024,5759-8808,"7,283",3%,,Pune,Residential Multistorey Apartment
Marunji Road,Oct-Dec 2023,5587-8575,"7,081",,,Pune,Residential Multistorey Apartment
Marunji Road,Jul-Sep 2023,5500-8400,"6,950",2%,,Pune,Residential Multistorey Apartment
Marunji Road,Apr-Jun 2023,5400-8200,"6,800",2%,,Pune,Residential Multistorey Apartment
Marunji Road,Jan-Mar 2023,5300-8000,"6,650",3%,,Pune,Residential Multistorey Apartment
Marunji Road,Oct-Dec 2022,5200-7800,"6,500",2%,,Pune,Residential Multistorey Apartment
Marunji Road,Jul-Sep 2022,5100-7600,"6,350",1%,,Pune,Residential Multistorey Apartment
Marunji Road,Apr-Jun 2022,5000-7400,"6,200",3%,,Pune,Residential Multistorey Apartment
Marunji Road,Jan-Mar 2022,4900-7200,"6,050",2%,,Pune,Residential Multistorey Apartment
Marunji Road,Oct-Dec 2021,4800-7000,"5,900",2%,,Pune,Residential Multistorey Apartment
Marunji Road,Jul-Sep 2021,4700-6800,"5,750",,,Pune,Residential Multistorey Apartment
Marunji Road,Apr-Jun 2021,4600-6600,"5,600",2%,,Pune,Residential Multistorey Apartment
Marunji Road,Jan-Mar 2021,4500-6400,"5,500",2%,,Pune,Residential Multistorey Apartment
Marunji Road,Oct-Dec 2020,4400-6200,"5,300",2%,,Pune,Residential Multistorey Apartment
Marunji Road,Jul-Sep 2020,4300-6000,"5,150",2%,,Pune,Residential Multistorey Apartment
Marunji Road,Apr-Jun 2020,4200-5800,"5,000",2%,,Pune,Residential Multistorey Apartment
Marunji Road,Jan-Mar 2020,4100-5600,"4,850",2%,,Pune,Residential Multistorey Apartment
Marunji Road,Oct-Dec 2019,4000-5400,"4,700",2%,,Pune,Residential Multistorey Apartment
Marunji Road,Jul-Sep 2019,3900-5200,"4,550",2%,,Pune,Residential Multistorey Apartment
Marunji Road,Apr-Jun 2019,3800-5000,"4,400",2%,,Pune,Residential Multistorey Apartment
Marunji Road,Jan-Mar 2019,3700-4800,"4,250",2%,,Pune,Residential Multistorey Apartment
Marunji Road,Oct-Dec 2018,3600-4600,"4,100",,,Pune,Residential Multistorey Apartment
Marunji Road,Jul-Sep 2018,3500-4400,"3,950",2%,,Pune,Residential Multistorey Apartment
,,,,,,Pune,Residential Multistorey Apartment
,,,,,,Pune,Residential Multistorey Apartment
Mayur Colony Kothrud,Oct-Dec 2024,12829-19873,"16,351",5%,,Pune,Residential Multistorey Apartment
Mayur Colony Kothrud,Jul-Sep 2024,12140-19074,"15,607",4%,,Pune,Residential Multistorey Apartment
Mayur Colony Kothrud,Apr-Jun 2024,11951-18047,"14,999",3%,,Pune,Residential Multistorey Apartment
Mayur Colony Kothrud,Jan-Mar 2024,11815-17248,"14,532",1%,,Pune,Residential Multistorey Apartment
Mayur Colony Kothrud,Oct-Dec 2023,11567-17249,"14,408",1%,,Pune,Residential Multistorey Apartment
Mayur Colony Kothrud,Jul-Sep 2023,11938-17119,"14,528",2%,,Pune,Residential Multistorey Apartment
Mayur Colony Kothrud,Apr-Jun 2023,11568-16848,"14,208",1%,,Pune,Residential Multistorey Apartment
Mayur Colony Kothrud,Jan-Mar 2023,11258-16826,"14,042",1%,,Pune,Residential Multistorey Apartment
Mayur Colony Kothrud,Oct-Dec 2022,11595-16079,"13,837",3%,,Pune,Residential Multistorey Apartment
Mayur Colony Kothrud,Jul-Sep 2022,10876-16074,"13,475",1%,,Pune,Residential Multistorey Apartment
Mayur Colony Kothrud,Apr-Jun 2022,10624-15999,"13,312",-,,Pune,Residential Multistorey Apartment
Mayur Colony Kothrud,Jan-Mar 2022,10873-15750,"13,311",1%,,Pune,Residential Multistorey Apartment
Mayur Colony Kothrud,Oct-Dec 2021,11664-15153,"13,409",0.30%,,Pune,Residential Multistorey Apartment
Mayur Colony Kothrud,Jul-Sep 2021,11900-15001,"13,450",-,,Pune,Residential Multistorey Apartment
Mayur Colony Kothrud,Apr-Jun 2021,11900-15002,"13,450",-,,Pune,Residential Multistorey Apartment
Mayur Colony Kothrud,Jan-Mar 2021,10613-15554,"13,083",6%,,Pune,Residential Multistorey Apartment
Mayur Colony Kothrud,Oct-Dec 2020,9688-14909,"12,299",,,Pune,Residential Multistorey Apartment
Mayur Colony Kothrud,Jul-Sep 2020,9688-14910,"12,299",,,Pune,Residential Multistorey Apartment
Mayur Colony Kothrud,Apr-Jun 2020,9688-14911,"12,299",,,Pune,Residential Multistorey Apartment
Mayur Colony Kothrud,Jan-Mar 2020,10049-14375,"12,299",,,Pune,Residential Multistorey Apartment
Mayur Colony Kothrud,Oct-Dec 2019,10049-14376,12000,,,Pune,Residential Multistorey Apartment
Mayur Colony Kothrud,Jul-Sep 2019,10049-14377,11400,,,Pune,Residential Multistorey Apartment
Mayur Colony Kothrud,Apr-Jun 2019,10049-14378,11200,,,Pune,Residential Multistorey Apartment
Mayur Colony Kothrud,Jan-Mar 2019,10049-14379,11000,,,Pune,Residential Multistorey Apartment
Mayur Colony Kothrud,Oct-Dec 2018,10049-14380,10500,,,Pune,Residential Multistorey Apartment
Mayur Colony Kothrud,Jul-Sep 2018,10049-14381,10500,,,Pune,Residential Multistorey Apartment
,,,,,,Pune,Residential Multistorey Apartment
MG Road,Oct-Dec 2024,7427-13545,"10,486",8%,,Pune,Residential Multistorey Apartment
MG Road,Jul-Sep 2024,7241-12194,"9,718",4%,,Pune,Residential Multistorey Apartment
MG Road,Apr-Jun 2024,7164-11551,"9,357",5%,,Pune,Residential Multistorey Apartment
MG Road,Jan-Mar 2024,6867-10985,"8,926",4%,,Pune,Residential Multistorey Apartment
MG Road,Oct-Dec 2023,6675-10552,"8,613",2%,,Pune,Residential Multistorey Apartment
MG Road,Jul-Sep 2023,6746-10801,"8,774",1%,,Pune,Residential Multistorey Apartment
MG Road,Apr-Jun 2023,6609-11139,"8,874",2%,,Pune,Residential Multistorey Apartment
MG Road,Jan-Mar 2023,6834-10826,"8,830",(no data),,Pune,Residential Multistorey Apartment
MG Road,Oct-Dec 2022,6500-10000,"8,250",2%,,Pune,Residential Multistorey Apartment
MG Road,Jul-Sep 2022,6300-9800,"7,825",3%,,Pune,Residential Multistorey Apartment
MG Road,Apr-Jun 2022,6200-9500,"7,600",3%,,Pune,Residential Multistorey Apartment
MG Road,Jan-Mar 2022,6100-9200,"7,450",2%,,Pune,Residential Multistorey Apartment
MG Road,Oct-Dec 2021,6000-9000,"7,000",2%,,Pune,Residential Multistorey Apartment
MG Road,Jul-Sep 2021,5900-8800,"6,850",(no data),,Pune,Residential Multistorey Apartment
MG Road,Apr-Jun 2021,5800-8600,"6,700",2%,,Pune,Residential Multistorey Apartment
MG Road,Jan-Mar 2021,5700-8400,"6,550",2%,,Pune,Residential Multistorey Apartment
MG Road,Oct-Dec 2020,5600-8200,"6,400",2%,,Pune,Residential Multistorey Apartment
MG Road,Jul-Sep 2020,5500-8000,"6,250",2%,,Pune,Residential Multistorey Apartment
MG Road,Apr-Jun 2020,5400-7800,"6,100",2%,,Pune,Residential Multistorey Apartment
MG Road,Jan-Mar 2020,5300-7600,"5,950",2%,,Pune,Residential Multistorey Apartment
MG Road,Oct-Dec 2019,5200-7400,"5,800",2%,,Pune,Residential Multistorey Apartment
MG Road,Jul-Sep 2019,5100-7200,"5,650",2%,,Pune,Residential Multistorey Apartment
MG Road,Apr-Jun 2019,5000-7000,"5,500",2%,,Pune,Residential Multistorey Apartment
MG Road,Jan-Mar 2019,4900-6800,"5,400",2%,,Pune,Residential Multistorey Apartment
MG Road,Oct-Dec 2018,4800-6600,"5,200",(given),,Pune,Residential Multistorey Apartment
MG Road,Jul-Sep 2018,4700-6400,"5,050",2%,,Pune,Residential Multistorey Apartment
,,,,,,Pune,Residential Multistorey Apartment
,,,,,,Pune,Residential Multistorey Apartment
,,,,,,Pune,Residential Multistorey Apartment
Model Colony,Oct-Dec 2024,13205-19332,"16,268",2%,,Pune,Residential Multistorey Apartment
Model Colony,Jul-Sep 2024,13347-19841,"16,594",1%,,Pune,Residential Multistorey Apartment
Model Colony,Apr-Jun 2024,13479-19363,"16,421",2%,,Pune,Residential Multistorey Apartment
Model Colony,Jan-Mar 2024,12924-19414,"16,169",1%,,Pune,Residential Multistorey Apartment
Model Colony,Oct-Dec 2023,12674-19296,"15,985",1%,,Pune,Residential Multistorey Apartment
Model Colony,Jul-Sep 2023,12622-19145,"15,883",2%,,Pune,Residential Multistorey Apartment
Model Colony,Apr-Jun 2023,12876-19399,"16,138",3%,,Pune,Residential Multistorey Apartment
Model Colony,Jan-Mar 2023,12726-18583,"15,654",2%,,Pune,Residential Multistorey Apartment
Model Colony,Oct-Dec 2022,12615-18068,"15,341",2%,,Pune,Residential Multistorey Apartment
Model Colony,Jul-Sep 2022,13086-18173,"15,629",3%,,Pune,Residential Multistorey Apartment
Model Colony,Apr-Jun 2022,12185-18042,"15,114",4%,,Pune,Residential Multistorey Apartment
Model Colony,Jan-Mar 2022,11585-17517,"14,551",5%,,Pune,Residential Multistorey Apartment
Model Colony,Oct-Dec 2021,11295-16424,"13,860",3%,,Pune,Residential Multistorey Apartment
Model Colony,Jul-Sep 2021,11616-16856,"14,236",1%,,Pune,Residential Multistorey Apartment
Model Colony,Apr-Jun 2021,11220-17399,"14,309",4%,,Pune,Residential Multistorey Apartment
Model Colony,Jan-Mar 2021,11063-16451,"13,757",0.10%,,Pune,Residential Multistorey Apartment
Model Colony,Oct-Dec 2020,11010-16469,"13,740",2%,,Pune,Residential Multistorey Apartment
Model Colony,Jul-Sep 2020,11415-16569,"13,992",4%,,Pune,Residential Multistorey Apartment
Model Colony,Apr-Jun 2020,10641-16339,"13,490",,,Pune,Residential Multistorey Apartment
Model Colony,Jan-Mar 2020,10818-16160,"13,489",3%,,Pune,Residential Multistorey Apartment
Model Colony,Oct-Dec 2019,10435-15845,"13,140",1%,,Pune,Residential Multistorey Apartment
Model Colony,Jul-Sep 2019,10224-15694,"12,959",0.40%,,Pune,Residential Multistorey Apartment
Model Colony,Apr-Jun 2019,10185-15636,"12,911",3%,,Pune,Residential Multistorey Apartment
Model Colony,Jan-Mar 2019,10430-16289,"13,359",2%,,Pune,Residential Multistorey Apartment
Model Colony,Oct-Dec 2018,10679-16684,"13,682",0.20%,,Pune,Residential Multistorey Apartment
Model Colony,Jul-Sep 2018,10864-16546,"13,705",1%,,Pune,Residential Multistorey Apartment
,,,,,,Pune,Residential Multistorey Apartment
Mohamadwadi Settlement,Oct-Dec 2024,6747-10035,"8,391",1%,,Pune,Residential Multistorey Apartment
Mohamadwadi Settlement,Jul-Sep 2024,6806-10199,"8,502",4%,,Pune,Residential Multistorey Apartment
Mohamadwadi Settlement,Apr-Jun 2024,6538-9882,"8,210",2%,,Pune,Residential Multistorey Apartment
Mohamadwadi Settlement,Jan-Mar 2024,6877-9868,"8,373",(no data),,Pune,Residential Multistorey Apartment
Mohamadwadi Settlement,Oct-Dec 2023,6600-9800,"8,200",3%,,Pune,Residential Multistorey Apartment
Mohamadwadi Settlement,Jul-Sep 2023,6500-9700,"8,100",2%,,Pune,Residential Multistorey Apartment
Mohamadwadi Settlement,Apr-Jun 2023,6400-9600,"8,000",1%,,Pune,Residential Multistorey Apartment
Mohamadwadi Settlement,Jan-Mar 2023,6300-9500,"7,900",(no data),,Pune,Residential Multistorey Apartment
Mohamadwadi Settlement,Oct-Dec 2022,6200-9300,"7,800",2%,,Pune,Residential Multistorey Apartment
Mohamadwadi Settlement,Jul-Sep 2022,6100-9200,"7,700",3%,,Pune,Residential Multistorey Apartment
Mohamadwadi Settlement,Apr-Jun 2022,6000-9100,"7,600",2%,,Pune,Residential Multistorey Apartment
Mohamadwadi Settlement,Jan-Mar 2022,5900-9000,"7,500",2%,,Pune,Residential Multistorey Apartment
Mohamadwadi Settlement,Oct-Dec 2021,5800-8900,"7,350",3%,,Pune,Residential Multistorey Apartment
Mohamadwadi Settlement,Jul-Sep 2021,5700-8800,"7,250",(no data),,Pune,Residential Multistorey Apartment
Mohamadwadi Settlement,Apr-Jun 2021,5600-8700,"7,150",2%,,Pune,Residential Multistorey Apartment
Mohamadwadi Settlement,Jan-Mar 2021,5500-8600,"7,050",2%,,Pune,Residential Multistorey Apartment
Mohamadwadi Settlement,Oct-Dec 2020,5400-8500,"6,950",2%,,Pune,Residential Multistorey Apartment
Mohamadwadi Settlement,Jul-Sep 2020,5300-8400,"6,900",2%,,Pune,Residential Multistorey Apartment
Mohamadwadi Settlement,Apr-Jun 2020,5200-8300,"6,850",2%,,Pune,Residential Multistorey Apartment
Mohamadwadi Settlement,Jan-Mar 2020,5100-8200,"6,800",2%,,Pune,Residential Multistorey Apartment
Mohamadwadi Settlement,Oct-Dec 2019,5000-8100,"6,700",2%,,Pune,Residential Multistorey Apartment
Mohamadwadi Settlement,Jul-Sep 2019,4900-8000,"6,600",2%,,Pune,Residential Multistorey Apartment
Mohamadwadi Settlement,Apr-Jun 2019,4800-7900,"6,550",2%,,Pune,Residential Multistorey Apartment
Mohamadwadi Settlement,Jan-Mar 2019,4700-7800,"6,500",2%,,Pune,Residential Multistorey Apartment
Mohamadwadi Settlement,Oct-Dec 2018,4600-7700,"6,400",(given),,Pune,Residential Multistorey Apartment
Mohamadwadi Settlement,Jul-Sep 2018,4500-7600,"6,300",2%,,Pune,Residential Multistorey Apartment
,,,,,,Pune,Residential Multistorey Apartment
Mohammed Wadi,Oct-Dec 2024,5268-8702,"6,985",0.20%,,Pune,Residential Multistorey Apartment
Mohammed Wadi,Jul-Sep 2024,5227-8714,"6,970",3%,,Pune,Residential Multistorey Apartment
Mohammed Wadi,Apr-Jun 2024,5112-8415,"6,763",2%,,Pune,Residential Multistorey Apartment
Mohammed Wadi,Jan-Mar 2024,4959-8263,"6,611",8%,,Pune,Residential Multistorey Apartment
Mohammed Wadi,Oct-Dec 2023,4714-7494,"6,104",0.40%,,Pune,Residential Multistorey Apartment
Mohammed Wadi,Jul-Sep 2023,4716-7542,"6,129",2%,,Pune,Residential Multistorey Apartment
Mohammed Wadi,Apr-Jun 2023,4704-7364,"6,034",2%,,Pune,Residential Multistorey Apartment
Mohammed Wadi,Jan-Mar 2023,4691-7114,"5,902",1%,,Pune,Residential Multistorey Apartment
Mohammed Wadi,Oct-Dec 2022,4715-7239,"5,977",2%,,Pune,Residential Multistorey Apartment
Mohammed Wadi,Jul-Sep 2022,4755-7401,"6,078",3%,,Pune,Residential Multistorey Apartment
Mohammed Wadi,Apr-Jun 2022,4725-7085,"5,905",0.30%,,Pune,Residential Multistorey Apartment
Mohammed Wadi,Jan-Mar 2022,4755-7088,"5,922",3%,,Pune,Residential Multistorey Apartment
Mohammed Wadi,Oct-Dec 2021,4838-7313,"6,075",3%,,Pune,Residential Multistorey Apartment
Mohammed Wadi,Jul-Sep 2021,4694-7118,"5,906",1%,,Pune,Residential Multistorey Apartment
Mohammed Wadi,Apr-Jun 2021,4671-7278,"5,975",2%,,Pune,Residential Multistorey Apartment
Mohammed Wadi,Jan-Mar 2021,4810-7398,"6,104",2%,,Pune,Residential Multistorey Apartment
Mohammed Wadi,Oct-Dec 2020,4868-7562,"6,215",8%,,Pune,Residential Multistorey Apartment
Mohammed Wadi,Jul-Sep 2020,4479-7017,"5,748",2%,,Pune,Residential Multistorey Apartment
Mohammed Wadi,Apr-Jun 2020,4452-6850,"5,651",2%,,Pune,Residential Multistorey Apartment
Mohammed Wadi,Jan-Mar 2020,4589-6974,"5,781",0.40%,,Pune,Residential Multistorey Apartment
Mohammed Wadi,Oct-Dec 2019,4588-7020,"5,804",-,,Pune,Residential Multistorey Apartment
Mohammed Wadi,Jul-Sep 2019,4493-7105,"5,799",0.50%,,Pune,Residential Multistorey Apartment
Mohammed Wadi,Apr-Jun 2019,4451-7093,"5,772",5%,,Pune,Residential Multistorey Apartment
Mohammed Wadi,Jan-Mar 2019,4689-7505,"6,097",2%,,Pune,Residential Multistorey Apartment
Mohammed Wadi,Oct-Dec 2018,4768-7229,"5,998",1%,,Pune,Residential Multistorey Apartment
Mohammed Wadi,Jul-Sep 2018,4747-7169,"5,958",1%,,Pune,Residential Multistorey Apartment
,,,,,,Pune,Residential Multistorey Apartment
Mohan Nagar Co operative Society,Oct-Dec 2024,6882-10308,"8,595",1%,,Pune,Residential Multistorey Apartment
Mohan Nagar Co operative Society,Jul-Sep 2024,7188-9802,"8,495",4%,,Pune,Residential Multistorey Apartment
Mohan Nagar Co operative Society,Apr-Jun 2024,6904-9505,"8,205",0.40%,,Pune,Residential Multistorey Apartment
Mohan Nagar Co operative Society,Jan-Mar 2024,6756-9594,"8,175",0.20%,,Pune,Residential Multistorey Apartment
Mohan Nagar Co operative Society,Oct-Dec 2023,6745-9571,"8,158",1%,,Pune,Residential Multistorey Apartment
Mohan Nagar Co operative Society,Jul-Sep 2023,6893-9629,"8,261",3%,,Pune,Residential Multistorey Apartment
Mohan Nagar Co operative Society,Apr-Jun 2023,6726-9390,"8,058",4%,,Pune,Residential Multistorey Apartment
Mohan Nagar Co operative Society,Jan-Mar 2023,6559-8925,"7,742",4%,,Pune,Residential Multistorey Apartment
Mohan Nagar Co operative Society,Oct-Dec 2022,6334-8539,"7,436",3%,,Pune,Residential Multistorey Apartment
Mohan Nagar Co operative Society,Jul-Sep 2022,5980-8424,"7,202",1%,,Pune,Residential Multistorey Apartment
Mohan Nagar Co operative Society,Apr-Jun 2022,5920-8638,"7,279",0.50%,,Pune,Residential Multistorey Apartment
Mohan Nagar Co operative Society,Jan-Mar 2022,6079-8413,"7,246",1%,,Pune,Residential Multistorey Apartment
Mohan Nagar Co operative Society,Oct-Dec 2021,5969-8336,"7,152",2%,,Pune,Residential Multistorey Apartment
Mohan Nagar Co operative Society,Jul-Sep 2021,5943-8132,"7,037",1%,,Pune,Residential Multistorey Apartment
Mohan Nagar Co operative Society,Apr-Jun 2021,5857-8014,"6,935",0.40%,,Pune,Residential Multistorey Apartment
Mohan Nagar Co operative Society,Jan-Mar 2021,5849-8076,"6,962",2%,,Pune,Residential Multistorey Apartment
Mohan Nagar Co operative Society,Oct-Dec 2020,5818-8420,"7,119",,,Pune,Residential Multistorey Apartment
Mohan Nagar Co operative Society,Jul-Sep 2020,5818-8421,"7,119",,,Pune,Residential Multistorey Apartment
Mohan Nagar Co operative Society,Apr-Jun 2020,5818-8422,"7,119",,,Pune,Residential Multistorey Apartment
Mohan Nagar Co operative Society,Jan-Mar 2020,5818-8423,"7,119",,,Pune,Residential Multistorey Apartment
Mohan Nagar Co operative Society,Oct-Dec 2019,5818-8424,"7,119",,,Pune,Residential Multistorey Apartment
Mohan Nagar Co operative Society,Jul-Sep 2019,6025-8031,"7,028",,,Pune,Residential Multistorey Apartment
Mohan Nagar Co operative Society,Apr-Jun 2019,6025-8032,"7,028",-,,Pune,Residential Multistorey Apartment
Mohan Nagar Co operative Society,Jan-Mar 2019,6025-8033,"6,562",3%,,Pune,Residential Multistorey Apartment
Mohan Nagar Co operative Society,Oct-Dec 2018,5804-7781,"6,792",-,,Pune,Residential Multistorey Apartment
Mohan Nagar Co operative Society,Jul-Sep 2018,5804-7782,"6,792",,,Pune,Residential Multistorey Apartment
,,,,,,Pune,Residential Multistorey Apartment
Moshi,Oct-Dec 2024,4700-7159,"5,930",3%,,Pune,Residential Multistorey Apartment
Moshi,Jul-Sep 2024,4662-6828,"5,745",1%,,Pune,Residential Multistorey Apartment
Moshi,Apr-Jun 2024,4601-6732,"5,666",0.40%,,Pune,Residential Multistorey Apartment
Moshi,Jan-Mar 2024,4531-6754,"5,643",3%,,Pune,Residential Multistorey Apartment
Moshi,Oct-Dec 2023,4486-6502,"5,494",1%,,Pune,Residential Multistorey Apartment
Moshi,Jul-Sep 2023,4432-6464,"5,448",2%,,Pune,Residential Multistorey Apartment
Moshi,Apr-Jun 2023,4322-6322,"5,322",2%,,Pune,Residential Multistorey Apartment
Moshi,Jan-Mar 2023,4350-6483,"5,417",2%,,Pune,Residential Multistorey Apartment
Moshi,Oct-Dec 2022,4291-6298,"5,295",1%,,Pune,Residential Multistorey Apartment
Moshi,Jul-Sep 2022,4263-6392,"5,327",3%,,Pune,Residential Multistorey Apartment
Moshi,Apr-Jun 2022,4229-6102,"5,166",1%,,Pune,Residential Multistorey Apartment
Moshi,Jan-Mar 2022,4229-6005,"5,117",0.30%,,Pune,Residential Multistorey Apartment
Moshi,Oct-Dec 2021,4230-5974,"5,102",1%,,Pune,Residential Multistorey Apartment
Moshi,Jul-Sep 2021,4176-5944,"5,060",0.40%,,Pune,Residential Multistorey Apartment
Moshi,Apr-Jun 2021,4187-5890,"5,038",0.40%,,Pune,Residential Multistorey Apartment
Moshi,Jan-Mar 2021,4199-5913,"5,056",2%,,Pune,Residential Multistorey Apartment
Moshi,Oct-Dec 2020,4118-5832,"4,975",0.10%,,Pune,Residential Multistorey Apartment
Moshi,Jul-Sep 2020,4154-5784,"4,969",1%,,Pune,Residential Multistorey Apartment
Moshi,Apr-Jun 2020,4144-5658,"4,901",-,,Pune,Residential Multistorey Apartment
Moshi,Jan-Mar 2020,4144-5665,"4,904",0.10%,,Pune,Residential Multistorey Apartment
Moshi,Oct-Dec 2019,4115-5680,"4,897",1%,,Pune,Residential Multistorey Apartment
Moshi,Jul-Sep 2019,4037-5644,"4,841",0.40%,,Pune,Residential Multistorey Apartment
Moshi,Apr-Jun 2019,3961-5763,"4,862",1%,,Pune,Residential Multistorey Apartment
Moshi,Jan-Mar 2019,3953-5711,"4,832",,,Pune,Residential Multistorey Apartment
Moshi,Oct-Dec 2018,4081-5787,"4,934",2%,,Pune,Residential Multistorey Apartment
Moshi,Jul-Sep 2018,4030-5624,"4,827",3%,,Pune,Residential Multistorey Apartment
,,,,,,Pune,Residential Multistorey Apartment
oshi Alandi Road,Oct-Dec 2024,4471-6992,"5,731",3%,,Pune,Residential Multistorey Apartment
Moshi Alandi Road,Jul-Sep 2024,4392-6721,"5,556",1%,,Pune,Residential Multistorey Apartment
Moshi Alandi Road,Apr-Jun 2024,4346-6653,"5,499",1%,,Pune,Residential Multistorey Apartment
Moshi Alandi Road,Jan-Mar 2024,4301-6535,"5,418",3%,,Pune,Residential Multistorey Apartment
Moshi Alandi Road,Oct-Dec 2023,4219-6273,"5,246",,,Pune,Residential Multistorey Apartment
Moshi Alandi Road,Jul-Sep 2023,4190-6200,"5,195",2%,,Pune,Residential Multistorey Apartment
Moshi Alandi Road,Apr-Jun 2023,4170-6160,"5,165",2%,,Pune,Residential Multistorey Apartment
Moshi Alandi Road,Jan-Mar 2023,4150-6120,"5,140",2%,,Pune,Residential Multistorey Apartment
Moshi Alandi Road,Oct-Dec 2022,4120-6080,"5,100",2%,,Pune,Residential Multistorey Apartment
Moshi Alandi Road,Jul-Sep 2022,4100-6050,"5,075",2%,,Pune,Residential Multistorey Apartment
Moshi Alandi Road,Apr-Jun 2022,4080-6000,"5,050",2%,,Pune,Residential Multistorey Apartment
Moshi Alandi Road,Jan-Mar 2022,4060-5950,"5,025",2%,,Pune,Residential Multistorey Apartment
Moshi Alandi Road,Oct-Dec 2021,4040-5900,"5,000",2%,,Pune,Residential Multistorey Apartment
Moshi Alandi Road,Jul-Sep 2021,4020-5850,"4,975",,,Pune,Residential Multistorey Apartment
Moshi Alandi Road,Apr-Jun 2021,4000-5800,"4,950",2%,,Pune,Residential Multistorey Apartment
Moshi Alandi Road,Jan-Mar 2021,3980-5750,"4,925",2%,,Pune,Residential Multistorey Apartment
Moshi Alandi Road,Oct-Dec 2020,3960-5700,"4,900",2%,,Pune,Residential Multistorey Apartment
Moshi Alandi Road,Jul-Sep 2020,3940-5650,"4,875",2%,,Pune,Residential Multistorey Apartment
Moshi Alandi Road,Apr-Jun 2020,3920-5600,"4,850",2%,,Pune,Residential Multistorey Apartment
Moshi Alandi Road,Jan-Mar 2020,3900-5550,"4,825",2%,,Pune,Residential Multistorey Apartment
Moshi Alandi Road,Oct-Dec 2019,3880-5500,"4,800",2%,,Pune,Residential Multistorey Apartment
Moshi Alandi Road,Jul-Sep 2019,3860-5450,"4,775",2%,,Pune,Residential Multistorey Apartment
Moshi Alandi Road,Apr-Jun 2019,3840-5400,"4,750",2%,,Pune,Residential Multistorey Apartment
Moshi Alandi Road,Jan-Mar 2019,3820-5350,"4,725",2%,,Pune,Residential Multistorey Apartment
Moshi Alandi Road,Oct-Dec 2018,3800-5300,"4,700",,,Pune,Residential Multistorey Apartment
Moshi Alandi Road,Jul-Sep 2018,3780-5250,"4,675",2%,,Pune,Residential Multistorey Apartment
,,,,,,Pune,Residential Multistorey Apartment
Mumbai Pune Expressway,Oct-Dec 2024,5860-9265,"7,562",2%,,Pune,Residential Multistorey Apartment
Mumbai Pune Expressway,Jul-Sep 2024,5758-9099,"7,429",3%,,Pune,Residential Multistorey Apartment
Mumbai Pune Expressway,Apr-Jun 2024,5617-8826,"7,221",2%,,Pune,Residential Multistorey Apartment
Mumbai Pune Expressway,Jan-Mar 2024,5497-8699,"7,098",2%,,Pune,Residential Multistorey Apartment
Mumbai Pune Expressway,Oct-Dec 2023,5407-8544,"6,976",1%,,Pune,Residential Multistorey Apartment
Mumbai Pune Expressway,Jul-Sep 2023,5340-8421,"6,880",2%,,Pune,Residential Multistorey Apartment
Mumbai Pune Expressway,Apr-Jun 2023,5224-8222,"6,850",,,Pune,Residential Multistorey Apartment
Mumbai Pune Expressway,Jan-Mar 2023,5224-8223,"6,723",-,,Pune,Residential Multistorey Apartment
Mumbai Pune Expressway,Oct-Dec 2022,5224-8224,"6,723",-,,Pune,Residential Multistorey Apartment
Mumbai Pune Expressway,Jul-Sep 2022,5224-8225,6800,-,,Pune,Residential Multistorey Apartment
Mumbai Pune Expressway,Apr-Jun 2022,5224-8226,6750,-,,Pune,Residential Multistorey Apartment
Mumbai Pune Expressway,Jan-Mar 2022,5224-8227,6700,-,,Pune,Residential Multistorey Apartment
Mumbai Pune Expressway,Oct-Dec 2021,5224-8228,6700,-,,Pune,Residential Multistorey Apartment
Mumbai Pune Expressway,Jul-Sep 2021,5224-8229,6900,,,Pune,Residential Multistorey Apartment
Mumbai Pune Expressway,Apr-Jun 2021,5224-8230,6700,,,Pune,Residential Multistorey Apartment
Mumbai Pune Expressway,Jan-Mar 2021,5224-8231,6500,,,Pune,Residential Multistorey Apartment
Mumbai Pune Expressway,Oct-Dec 2020,5224-8232,6250,,,Pune,Residential Multistorey Apartment
Mumbai Pune Expressway,Jul-Sep 2020,5224-8233,6200,,,Pune,Residential Multistorey Apartment
Mumbai Pune Expressway,Apr-Jun 2020,5224-8234,6000,,,Pune,Residential Multistorey Apartment
Mumbai Pune Expressway,Jan-Mar 2020,5224-8235,5800,,,Pune,Residential Multistorey Apartment
Mumbai Pune Expressway,Oct-Dec 2019,5224-8236,5750,,,Pune,Residential Multistorey Apartment
Mumbai Pune Expressway,Jul-Sep 2019,5224-8237,5600,,,Pune,Residential Multistorey Apartment
Mumbai Pune Expressway,Apr-Jun 2019,5224-8238,5500,-,,Pune,Residential Multistorey Apartment
Mumbai Pune Expressway,Jan-Mar 2019,5224-8239,5300,-,,Pune,Residential Multistorey Apartment
Mumbai Pune Expressway,Oct-Dec 2018,5224-8240,5100,-,,Pune,Residential Multistorey Apartment
Mumbai Pune Expressway,Jul-Sep 2018,5224-8241,5000,,,Pune,Residential Multistorey Apartment
,,,,,,Pune,Residential Multistorey Apartment
Mundhwa,Oct-Dec 2024,6607-10502,"8,554",3%,,Pune,Residential Multistorey Apartment
Mundhwa,Jul-Sep 2024,6395-10164,"8,279",1%,,Pune,Residential Multistorey Apartment
Mundhwa,Apr-Jun 2024,6307-10091,"8,199",5%,,Pune,Residential Multistorey Apartment
Mundhwa,Jan-Mar 2024,6037-9599,"7,818",3%,,Pune,Residential Multistorey Apartment
Mundhwa,Oct-Dec 2023,5876-9251,"7,564",4%,,Pune,Residential Multistorey Apartment
Mundhwa,Jul-Sep 2023,5671-8903,"7,287",1%,,Pune,Residential Multistorey Apartment
Mundhwa,Apr-Jun 2023,5626-8791,"7,209",4%,,Pune,Residential Multistorey Apartment
Mundhwa,Jan-Mar 2023,5490-8440,"6,965",1%,,Pune,Residential Multistorey Apartment
Mundhwa,Oct-Dec 2022,5424-8310,"6,867",2%,,Pune,Residential Multistorey Apartment
Mundhwa,Jul-Sep 2022,5253-8197,"6,725",2%,,Pune,Residential Multistorey Apartment
Mundhwa,Apr-Jun 2022,5228-8006,"6,617",0.30%,,Pune,Residential Multistorey Apartment
Mundhwa,Jan-Mar 2022,5195-7997,"6,596",1%,,Pune,Residential Multistorey Apartment
Mundhwa,Oct-Dec 2021,5152-7875,"6,514",0.40%,,Pune,Residential Multistorey Apartment
Mundhwa,Jul-Sep 2021,5184-7796,"6,490",2%,,Pune,Residential Multistorey Apartment
Mundhwa,Apr-Jun 2021,5161-7616,"6,388",0.40%,,Pune,Residential Multistorey Apartment
Mundhwa,Jan-Mar 2021,5181-7547,"6,364",0.40%,,Pune,Residential Multistorey Apartment
Mundhwa,Oct-Dec 2020,5142-7637,"6,390",2%,,Pune,Residential Multistorey Apartment
Mundhwa,Jul-Sep 2020,5079-7444,"6,261",3%,,Pune,Residential Multistorey Apartment
Mundhwa,Apr-Jun 2020,4989-7205,"6,097",1%,,Pune,Residential Multistorey Apartment
Mundhwa,Jan-Mar 2020,5012-7309,"6,161",0.30%,,Pune,Residential Multistorey Apartment
Mundhwa,Oct-Dec 2019,5028-7328,"6,178",1%,,Pune,Residential Multistorey Apartment
Mundhwa,Jul-Sep 2019,5096-7339,"6,217",1%,,Pune,Residential Multistorey Apartment
Mundhwa,Apr-Jun 2019,5037-7256,"6,146",1%,,Pune,Residential Multistorey Apartment
Mundhwa,Jan-Mar 2019,5012-7166,"6,089",1%,,Pune,Residential Multistorey Apartment
Mundhwa,Oct-Dec 2018,5089-7257,"6,173",0.20%,,Pune,Residential Multistorey Apartment
Mundhwa,Jul-Sep 2018,5012-7309,"6,161",0.40%,,Pune,Residential Multistorey Apartment
,,,,,,Pune,Residential Multistorey Apartment
Nagar Road,Oct-Dec 2024,7099-12098,"9,599",2%,,Pune,Residential Multistorey Apartment
Nagar Road,Jul-Sep 2024,6994-11862,"9,428",2%,,Pune,Residential Multistorey Apartment
Nagar Road,Apr-Jun 2024,6846-11575,"9,210",5%,,Pune,Residential Multistorey Apartment
Nagar Road,Jan-Mar 2024,6470-11062,"8,766",4%,,Pune,Residential Multistorey Apartment
Nagar Road,Oct-Dec 2023,6198-10657,"8,428",4%,,Pune,Residential Multistorey Apartment
Nagar Road,Jul-Sep 2023,5931-10310,"8,121",4%,,Pune,Residential Multistorey Apartment
Nagar Road,Apr-Jun 2023,5650-9896,"7,773",,,Pune,Residential Multistorey Apartment
Nagar Road,Jan-Mar 2023,5650-9897,"7,773",-,,Pune,Residential Multistorey Apartment
Nagar Road,Oct-Dec 2022,5650-9898,"7,773",-,,Pune,Residential Multistorey Apartment
Nagar Road,Jul-Sep 2022,5650-9899,"7,773",-,,Pune,Residential Multistorey Apartment
Nagar Road,Apr-Jun 2022,5650-9900,"7,773",-,,Pune,Residential Multistorey Apartment
Nagar Road,Jan-Mar 2022,5650-9901,"7,773",-,,Pune,Residential Multistorey Apartment
Nagar Road,Oct-Dec 2021,3590-5920,"4,755",-,,Pune,Residential Multistorey Apartment
Nagar Road,Jul-Sep 2021,3590-5921,"4,755",,,Pune,Residential Multistorey Apartment
Nagar Road,Apr-Jun 2021,3590-5922,"4,755",,,Pune,Residential Multistorey Apartment
Nagar Road,Jan-Mar 2021,3590-5923,"4,755",,,Pune,Residential Multistorey Apartment
Nagar Road,Oct-Dec 2020,3590-5924,"5,000",,,Pune,Residential Multistorey Apartment
Nagar Road,Jul-Sep 2020,3590-5925,"4,755",,,Pune,Residential Multistorey Apartment
Nagar Road,Apr-Jun 2020,3590-5926,"4,755",,,Pune,Residential Multistorey Apartment
Nagar Road,Jan-Mar 2020,3590-5927,"4,755",,,Pune,Residential Multistorey Apartment
Nagar Road,Oct-Dec 2019,3590-5928,"5,800",,,Pune,Residential Multistorey Apartment
Nagar Road,Jul-Sep 2019,3590-5929,"4,755",,,Pune,Residential Multistorey Apartment
Nagar Road,Apr-Jun 2019,3590-5930,"4,755",-,,Pune,Residential Multistorey Apartment
Nagar Road,Jan-Mar 2019,3590-5931,"4,755",-,,Pune,Residential Multistorey Apartment
Nagar Road,Oct-Dec 2018,3391-5747,"4,569",3%,,Pune,Residential Multistorey Apartment
Nagar Road,Jul-Sep 2018,3576-5263,"4,419",13%,,Pune,Residential Multistorey Apartment
,,,,,,Pune,Residential Multistorey Apartment
Nanded,Oct-Dec 2024,6024-9101,"7,562",2%,,Pune,Residential Multistorey Apartment
Nanded,Jul-Sep 2024,6011-8817,"7,414",6%,,Pune,Residential Multistorey Apartment
Nanded,Apr-Jun 2024,6409-9348,"7,878",3%,,Pune,Residential Multistorey Apartment
Nanded,Jan-Mar 2024,6206-9078,"7,642",0.20%,,Pune,Residential Multistorey Apartment
Nanded,Oct-Dec 2023,6125-9183,"7,654",4%,,Pune,Residential Multistorey Apartment
Nanded,Jul-Sep 2023,5770-9007,"7,389",1%,,Pune,Residential Multistorey Apartment
Nanded,Apr-Jun 2023,5714-9258,"7,486",11%,,Pune,Residential Multistorey Apartment
Nanded,Jan-Mar 2023,4955-8571,"6,763",3%,,Pune,Residential Multistorey Apartment
Nanded,Oct-Dec 2022,5100-8864,"6,982",7%,,Pune,Residential Multistorey Apartment
Nanded,Jul-Sep 2022,5991-8950,"7,470",3%,,Pune,Residential Multistorey Apartment
Nanded,Apr-Jun 2022,6585-8757,"7,671",2%,,Pune,Residential Multistorey Apartment
Nanded,Jan-Mar 2022,6416-8631,"7,523",3%,,Pune,Residential Multistorey Apartment
Nanded,Oct-Dec 2021,6077-8506,"7,292",4%,,Pune,Residential Multistorey Apartment
Nanded,Jul-Sep 2021,5570-8501,"7,035",0.30%,,Pune,Residential Multistorey Apartment
Nanded,Apr-Jun 2021,5610-8497,"7,054",1%,,Pune,Residential Multistorey Apartment
Nanded,Jan-Mar 2021,5837-8135,"6,986",-,,Pune,Residential Multistorey Apartment
Nanded,Oct-Dec 2020,5837-8136,"6,986",,,Pune,Residential Multistorey Apartment
Nanded,Jul-Sep 2020,5837-8137,"6,986",,,Pune,Residential Multistorey Apartment
Nanded,Apr-Jun 2020,5837-8138,"6,986",,,Pune,Residential Multistorey Apartment
Nanded,Jan-Mar 2020,5837-8139,"6,986",,,Pune,Residential Multistorey Apartment
Nanded,Oct-Dec 2019,5837-8140,"6,986",,,Pune,Residential Multistorey Apartment
Nanded,Jul-Sep 2019,5060-7834,"6,447",3%,,Pune,Residential Multistorey Apartment
Nanded,Apr-Jun 2019,5452-7870,"6,661",-,,Pune,Residential Multistorey Apartment
Nanded,Jan-Mar 2019,5452-7871,"6,661",-,,Pune,Residential Multistorey Apartment
Nanded,Oct-Dec 2018,5452-7872,"6,661",-,,Pune,Residential Multistorey Apartment
Nanded,Jul-Sep 2018,5452-7873,"6,661",,,Pune,Residential Multistorey Apartment
,,,,,,Pune,Residential Multistorey Apartment
,,,,,,Pune,Residential Multistorey Apartment
Narhe,Oct-Dec 2024,3943-6595,"5,269",1%,,Pune,Residential Multistorey Apartment
Narhe,Jul-Sep 2024,3898-6537,"5,217",1%,,Pune,Residential Multistorey Apartment
Narhe,Apr-Jun 2024,3879-6414,"5,146",3%,,Pune,Residential Multistorey Apartment
Narhe,Jan-Mar 2024,4010-6594,"5,302",3%,,Pune,Residential Multistorey Apartment
Narhe,Oct-Dec 2023,3842-6408,"5,125",3%,,Pune,Residential Multistorey Apartment
Narhe,Jul-Sep 2023,3837-6161,"4,999",3%,,Pune,Residential Multistorey Apartment
Narhe,Apr-Jun 2023,3730-6011,"4,871",,,Pune,Residential Multistorey Apartment
Narhe,Jan-Mar 2023,3753-5984,"4,869",3%,,Pune,Residential Multistorey Apartment
Narhe,Oct-Dec 2022,3625-5846,"4,735",3%,,Pune,Residential Multistorey Apartment
Narhe,Jul-Sep 2022,3718-5996,"4,857",1%,,Pune,Residential Multistorey Apartment
Narhe,Apr-Jun 2022,3705-5919,"4,812",1%,,Pune,Residential Multistorey Apartment
Narhe,Jan-Mar 2022,3748-5937,"4,842",1%,,Pune,Residential Multistorey Apartment
Narhe,Oct-Dec 2021,3708-5917,"4,812",2%,,Pune,Residential Multistorey Apartment
Narhe,Jul-Sep 2021,3606-5814,"4,710",0.30%,,Pune,Residential Multistorey Apartment
Narhe,Apr-Jun 2021,3647-5802,"4,725",2%,,Pune,Residential Multistorey Apartment
Narhe,Jan-Mar 2021,3583-5709,"4,646",-,,Pune,Residential Multistorey Apartment
Narhe,Oct-Dec 2020,3648-5690,"4,669",2%,,Pune,Residential Multistorey Apartment
Narhe,Jul-Sep 2020,3641-5844,"4,742",4%,,Pune,Residential Multistorey Apartment
Narhe,Apr-Jun 2020,3828-6013,"4,921",2%,,Pune,Residential Multistorey Apartment
Narhe,Jan-Mar 2020,3734-5882,"4,808",-,,Pune,Residential Multistorey Apartment
Narhe,Oct-Dec 2019,3630-5977,"4,804",4%,,Pune,Residential Multistorey Apartment
Narhe,Jul-Sep 2019,3452-5751,"4,602",3%,,Pune,Residential Multistorey Apartment
Narhe,Apr-Jun 2019,3531-5924,"4,727",7%,,Pune,Residential Multistorey Apartment
Narhe,Jan-Mar 2019,3271-5594,"4,432",7%,,Pune,Residential Multistorey Apartment
Narhe,Oct-Dec 2018,3608-5881,"4,744",3%,,Pune,Residential Multistorey Apartment
Narhe,Jul-Sep 2018,3842-5913,"4,878",1%,,Pune,Residential Multistorey Apartment
,,,,,,Pune,Residential Multistorey Apartment
,,,,,,Pune,Residential Multistorey Apartment
NDA Road,Oct-Dec 2024,5854-9670,"7,762",3%,,Pune,Residential Multistorey Apartment
NDA Road,Jul-Sep 2024,6236-9779,"8,008",2%,,Pune,Residential Multistorey Apartment
NDA Road,Apr-Jun 2024,6066-9593,"7,829",5%,,Pune,Residential Multistorey Apartment
NDA Road,Jan-Mar 2024,5713-9245,"7,479",1%,,Pune,Residential Multistorey Apartment
NDA Road,Oct-Dec 2023,5597-9238,"7,418",3%,,Pune,Residential Multistorey Apartment
NDA Road,Jul-Sep 2023,5952-9371,"7,662",3%,,Pune,Residential Multistorey Apartment
NDA Road,Apr-Jun 2023,5724-9192,"7,458",,,Pune,Residential Multistorey Apartment
NDA Road,Jan-Mar 2023,5674-9102,"7,388",2%,,Pune,Residential Multistorey Apartment
NDA Road,Oct-Dec 2022,5600-9020,"7,310",3%,,Pune,Residential Multistorey Apartment
NDA Road,Jul-Sep 2022,5500-8900,"7,150",2%,,Pune,Residential Multistorey Apartment
NDA Road,Apr-Jun 2022,5400-8800,"7,000",2%,,Pune,Residential Multistorey Apartment
NDA Road,Jan-Mar 2022,5300-8700,"6,850",2%,,Pune,Residential Multistorey Apartment
NDA Road,Oct-Dec 2021,5200-8600,"6,700",2%,,Pune,Residential Multistorey Apartment
NDA Road,Jul-Sep 2021,5100-8500,"6,550",,,Pune,Residential Multistorey Apartment
NDA Road,Apr-Jun 2021,5000-8400,"6,400",2%,,Pune,Residential Multistorey Apartment
NDA Road,Jan-Mar 2021,4900-8300,"6,250",2%,,Pune,Residential Multistorey Apartment
NDA Road,Oct-Dec 2020,4800-8200,"6,100",2%,,Pune,Residential Multistorey Apartment
NDA Road,Jul-Sep 2020,4700-8100,"5,950",2%,,Pune,Residential Multistorey Apartment
NDA Road,Apr-Jun 2020,4600-8000,"5,800",2%,,Pune,Residential Multistorey Apartment
NDA Road,Jan-Mar 2020,4500-7900,"5,650",2%,,Pune,Residential Multistorey Apartment
NDA Road,Oct-Dec 2019,4400-7800,"5,500",2%,,Pune,Residential Multistorey Apartment
NDA Road,Jul-Sep 2019,4300-7700,"5,400",2%,,Pune,Residential Multistorey Apartment
NDA Road,Apr-Jun 2019,4200-7600,"5,300",2%,,Pune,Residential Multistorey Apartment
NDA Road,Jan-Mar 2019,4100-7500,"5,200",2%,,Pune,Residential Multistorey Apartment
NDA Road,Oct-Dec 2018,4000-7400,"5,100",2%,,Pune,Residential Multistorey Apartment
NDA Road,Jul-Sep 2018,3900-7300,"5,000",2%,,Pune,Residential Multistorey Apartment
,,,,,,Pune,Residential Multistorey Apartment
New DP Road,Oct-Dec 2024,7670-13267,"10,469",1%,,Pune,Residential Multistorey Apartment
New DP Road,Jul-Sep 2024,7628-13170,"10,399",1%,,Pune,Residential Multistorey Apartment
New DP Road,Apr-Jun 2024,7736-13313,"10,525",8%,,Pune,Residential Multistorey Apartment
New DP Road,Jan-Mar 2024,7198-12371,"9,785",(no data),,Pune,Residential Multistorey Apartment
New DP Road,Oct-Dec 2023,7100-12000,"9,550",2%,,Pune,Residential Multistorey Apartment
New DP Road,Jul-Sep 2023,7000-11800,"9,400",2%,,Pune,Residential Multistorey Apartment
New DP Road,Apr-Jun 2023,6900-11600,"9,250",2%,,Pune,Residential Multistorey Apartment
New DP Road,Jan-Mar 2023,6800-11400,"9,050",3%,,Pune,Residential Multistorey Apartment
New DP Road,Oct-Dec 2022,6700-11200,"8,950",3%,,Pune,Residential Multistorey Apartment
New DP Road,Jul-Sep 2022,6600-11000,"8,800",3%,,Pune,Residential Multistorey Apartment
New DP Road,Apr-Jun 2022,6500-10800,"8,650",3%,,Pune,Residential Multistorey Apartment
New DP Road,Jan-Mar 2022,6400-10600,"8,500",3%,,Pune,Residential Multistorey Apartment
New DP Road,Oct-Dec 2021,6300-10400,"8,400",2%,,Pune,Residential Multistorey Apartment
New DP Road,Jul-Sep 2021,6200-10200,"8,100",2%,,Pune,Residential Multistorey Apartment
New DP Road,Apr-Jun 2021,6100-10000,"8,050",2%,,Pune,Residential Multistorey Apartment
New DP Road,Jan-Mar 2021,6000-9800,"7,900",2%,,Pune,Residential Multistorey Apartment
New DP Road,Oct-Dec 2020,5900-9600,"7,800",2%,,Pune,Residential Multistorey Apartment
New DP Road,Jul-Sep 2020,5800-9400,"7,650",2%,,Pune,Residential Multistorey Apartment
New DP Road,Apr-Jun 2020,5700-9200,"7,500",2%,,Pune,Residential Multistorey Apartment
New DP Road,Jan-Mar 2020,5600-9000,"7,350",2%,,Pune,Residential Multistorey Apartment
New DP Road,Oct-Dec 2019,5500-8800,"7,200",2%,,Pune,Residential Multistorey Apartment
New DP Road,Jul-Sep 2019,5400-8600,"7,100",2%,,Pune,Residential Multistorey Apartment
New DP Road,Apr-Jun 2019,5300-8400,"7,000",2%,,Pune,Residential Multistorey Apartment
New DP Road,Jan-Mar 2019,5200-8200,"6,900",2%,,Pune,Residential Multistorey Apartment
New DP Road,Oct-Dec 2018,5100-8000,"6,800",2%,,Pune,Residential Multistorey Apartment
New DP Road,Jul-Sep 2018,5000-7800,"6,700",2%,,Pune,Residential Multistorey Apartment
,,,,,,Pune,Residential Multistorey Apartment
New Kalyani Nagar,Oct-Dec 2024,8517-12921,"10,719",3%,,Pune,Residential Multistorey Apartment
New Kalyani Nagar,Jul-Sep 2024,8340-12506,"10,423",2%,,Pune,Residential Multistorey Apartment
New Kalyani Nagar,Apr-Jun 2024,8177-12308,"10,243",3%,,Pune,Residential Multistorey Apartment
New Kalyani Nagar,Jan-Mar 2024,8038-11876,"9,957",2%,,Pune,Residential Multistorey Apartment
New Kalyani Nagar,Oct-Dec 2023,7938-11546,"9,742",3%,,Pune,Residential Multistorey Apartment
New Kalyani Nagar,Jul-Sep 2023,7712-11138,"9,425",3%,,Pune,Residential Multistorey Apartment
New Kalyani Nagar,Apr-Jun 2023,7526-10849,"9,187",2%,,Pune,Residential Multistorey Apartment
New Kalyani Nagar,Jan-Mar 2023,7372-10594,"8,983",1%,,Pune,Residential Multistorey Apartment
New Kalyani Nagar,Oct-Dec 2022,7208-10568,"8,888",2%,,Pune,Residential Multistorey Apartment
New Kalyani Nagar,Jul-Sep 2022,7115-10326,"8,721",0.40%,,Pune,Residential Multistorey Apartment
New Kalyani Nagar,Apr-Jun 2022,7049-10323,"8,686",4%,,Pune,Residential Multistorey Apartment
New Kalyani Nagar,Jan-Mar 2022,6767-10017,"8,392",2%,,Pune,Residential Multistorey Apartment
New Kalyani Nagar,Oct-Dec 2021,6687-9782,"8,235",1%,,Pune,Residential Multistorey Apartment
New Kalyani Nagar,Jul-Sep 2021,6741-9645,"8,193",1%,,Pune,Residential Multistorey Apartment
New Kalyani Nagar,Apr-Jun 2021,6641-9580,"8,111",2%,,Pune,Residential Multistorey Apartment
New Kalyani Nagar,Jan-Mar 2021,6608-9223,"7,916",2%,,Pune,Residential Multistorey Apartment
New Kalyani Nagar,Oct-Dec 2020,6770-9362,"8,066",1%,,Pune,Residential Multistorey Apartment
New Kalyani Nagar,Jul-Sep 2020,6894-9407,"8,151",1%,,Pune,Residential Multistorey Apartment
New Kalyani Nagar,Apr-Jun 2020,6995-9446,"8,220",1%,,Pune,Residential Multistorey Apartment
New Kalyani Nagar,Jan-Mar 2020,7012-9537,"8,275",1%,,Pune,Residential Multistorey Apartment
New Kalyani Nagar,Oct-Dec 2019,7035-9604,"8,320",-,,Pune,Residential Multistorey Apartment
New Kalyani Nagar,Jul-Sep 2019,7005-9552,"8,279",2%,,Pune,Residential Multistorey Apartment
New Kalyani Nagar,Apr-Jun 2019,6885-9422,"8,154",3%,,Pune,Residential Multistorey Apartment
New Kalyani Nagar,Jan-Mar 2019,6698-9200,"7,949",-,,Pune,Residential Multistorey Apartment
New Kalyani Nagar,Oct-Dec 2018,6698-9201,"7,949",-,,Pune,Residential Multistorey Apartment
New Kalyani Nagar,Jul-Sep 2018,6698-9202,"7,949",,,Pune,Residential Multistorey Apartment
,,,,,,Pune,Residential Multistorey Apartment
NIBM Annexe Area,Oct-Dec 2024,4939-8348,"6,644",2%,,Pune,Residential Multistorey Apartment
NIBM Annexe Area,Jul-Sep 2024,4911-8114,"6,513",1%,,Pune,Residential Multistorey Apartment
NIBM Annexe Area,Apr-Jun 2024,4832-8100,"6,466",1%,,Pune,Residential Multistorey Apartment
NIBM Annexe Area,Jan-Mar 2024,4861-7953,"6,407",5%,,Pune,Residential Multistorey Apartment
NIBM Annexe Area,Oct-Dec 2023,4595-7642,"6,119",4%,,Pune,Residential Multistorey Apartment
NIBM Annexe Area,Jul-Sep 2023,4392-7389,"5,890",1%,,Pune,Residential Multistorey Apartment
NIBM Annexe Area,Apr-Jun 2023,4514-7349,"5,931",2%,,Pune,Residential Multistorey Apartment
NIBM Annexe Area,Jan-Mar 2023,4658-7492,"6,075",1%,,Pune,Residential Multistorey Apartment
NIBM Annexe Area,Oct-Dec 2022,4607-7480,"6,043",1%,,Pune,Residential Multistorey Apartment
NIBM Annexe Area,Jul-Sep 2022,4628-7387,"6,008",2%,,Pune,Residential Multistorey Apartment
NIBM Annexe Area,Apr-Jun 2022,4630-7207,"5,918",2%,,Pune,Residential Multistorey Apartment
NIBM Annexe Area,Jan-Mar 2022,4553-7103,"5,828",0.20%,,Pune,Residential Multistorey Apartment
NIBM Annexe Area,Oct-Dec 2021,4527-7155,"5,841",2%,,Pune,Residential Multistorey Apartment
NIBM Annexe Area,Jul-Sep 2021,4502-6987,"5,744",1%,,Pune,Residential Multistorey Apartment
NIBM Annexe Area,Apr-Jun 2021,4481-7122,"5,802",0.50%,,Pune,Residential Multistorey Apartment
NIBM Annexe Area,Jan-Mar 2021,4448-7101,"5,774",0.40%,,Pune,Residential Multistorey Apartment
NIBM Annexe Area,Oct-Dec 2020,4462-7036,"5,749",2%,,Pune,Residential Multistorey Apartment
NIBM Annexe Area,Jul-Sep 2020,4416-6841,"5,629",1%,,Pune,Residential Multistorey Apartment
NIBM Annexe Area,Apr-Jun 2020,4437-6879,"5,658",1%,,Pune,Residential Multistorey Apartment
NIBM Annexe Area,Jan-Mar 2020,4464-6998,"5,731",1%,,Pune,Residential Multistorey Apartment
NIBM Annexe Area,Oct-Dec 2019,4464-7144,"5,804",,,Pune,Residential Multistorey Apartment
NIBM Annexe Area,Jul-Sep 2019,4543-7065,"5,804",2%,,Pune,Residential Multistorey Apartment
NIBM Annexe Area,Apr-Jun 2019,4594-7282,"5,938",1%,,Pune,Residential Multistorey Apartment
NIBM Annexe Area,Jan-Mar 2019,4641-7328,"5,985",0.30%,,Pune,Residential Multistorey Apartment
NIBM Annexe Area,Oct-Dec 2018,4690-7323,"6,006",2%,,Pune,Residential Multistorey Apartment
NIBM Annexe Area,Jul-Sep 2018,4566-7184,"5,875",6%,,Pune,Residential Multistorey Apartment
,,,,,,Pune,Residential Multistorey Apartment
NIBM Road,Oct-Dec 2024,5864-9385,"7,624",0.30%,,Pune,Residential Multistorey Apartment
NIBM Road,Jul-Sep 2024,5744-9452,"7,598",2%,,Pune,Residential Multistorey Apartment
NIBM Road,Apr-Jun 2024,5628-9224,"7,426",2%,,Pune,Residential Multistorey Apartment
NIBM Road,Jan-Mar 2024,5541-9018,"7,279",4%,,Pune,Residential Multistorey Apartment
NIBM Road,Oct-Dec 2023,5322-8657,"6,989",0.20%,,Pune,Residential Multistorey Apartment
NIBM Road,Jul-Sep 2023,5344-8666,"7,005",4%,,Pune,Residential Multistorey Apartment
NIBM Road,Apr-Jun 2023,5162-8321,"6,741",7%,,Pune,Residential Multistorey Apartment
NIBM Road,Jan-Mar 2023,5592-8965,"7,279",0.30%,,Pune,Residential Multistorey Apartment
NIBM Road,Oct-Dec 2022,5655-8950,"7,303",1%,,Pune,Residential Multistorey Apartment
NIBM Road,Jul-Sep 2022,5649-8877,"7,263",3%,,Pune,Residential Multistorey Apartment
NIBM Road,Apr-Jun 2022,5608-8523,"7,066",3%,,Pune,Residential Multistorey Apartment
NIBM Road,Jan-Mar 2022,5449-8309,"6,879",0.30%,,Pune,Residential Multistorey Apartment
NIBM Road,Oct-Dec 2021,5494-8307,"6,901",1%,,Pune,Residential Multistorey Apartment
NIBM Road,Jul-Sep 2021,5451-8219,"6,835",4%,,Pune,Residential Multistorey Apartment
NIBM Road,Apr-Jun 2021,5214-7883,"6,548",1%,,Pune,Residential Multistorey Apartment
NIBM Road,Jan-Mar 2021,5204-7746,"6,475",2%,,Pune,Residential Multistorey Apartment
NIBM Road,Oct-Dec 2020,5098-7650,"6,374",1%,,Pune,Residential Multistorey Apartment
NIBM Road,Jul-Sep 2020,5137-7711,"6,424",4%,,Pune,Residential Multistorey Apartment
NIBM Road,Apr-Jun 2020,5069-7334,"6,201",1%,,Pune,Residential Multistorey Apartment
NIBM Road,Jan-Mar 2020,5047-7490,"6,268",1%,,Pune,Residential Multistorey Apartment
NIBM Road,Oct-Dec 2019,5005-7467,"6,236",-,,Pune,Residential Multistorey Apartment
NIBM Road,Jul-Sep 2019,5039-7422,"6,230",1%,,Pune,Residential Multistorey Apartment
NIBM Road,Apr-Jun 2019,5059-7564,"6,311",1%,,Pune,Residential Multistorey Apartment
NIBM Road,Jan-Mar 2019,5093-7636,"6,365",2%,,Pune,Residential Multistorey Apartment
NIBM Road,Oct-Dec 2018,5190-7782,"6,486",2%,,Pune,Residential Multistorey Apartment
NIBM Road,Jul-Sep 2018,5175-7591,"6,383",1%,,Pune,Residential Multistorey Apartment
,,,,,,Pune,Residential Multistorey Apartment
Nigdi,Oct-Dec 2024,6288-9817,"8,052",3%,,Pune,Residential Multistorey Apartment
Nigdi,Jul-Sep 2024,6142-9552,"7,847",2%,,Pune,Residential Multistorey Apartment
Nigdi,Apr-Jun 2024,6346-8989,"7,667",4%,,Pune,Residential Multistorey Apartment
Nigdi,Jan-Mar 2024,6002-8706,"7,354",1%,,Pune,Residential Multistorey Apartment
Nigdi,Oct-Dec 2023,6017-8789,"7,403",3%,,Pune,Residential Multistorey Apartment
Nigdi,Jul-Sep 2023,6170-9102,"7,636",1%,,Pune,Residential Multistorey Apartment
Nigdi,Apr-Jun 2023,5808-9336,"7,572",3%,,Pune,Residential Multistorey Apartment
Nigdi,Jan-Mar 2023,5668-9020,"7,344",4%,,Pune,Residential Multistorey Apartment
Nigdi,Oct-Dec 2022,5583-8530,"7,056",10%,,Pune,Residential Multistorey Apartment
Nigdi,Jul-Sep 2022,5015-7860,"6,437",3%,,Pune,Residential Multistorey Apartment
Nigdi,Apr-Jun 2022,5078-8148,"6,613",3%,,Pune,Residential Multistorey Apartment
Nigdi,Jan-Mar 2022,5126-8558,"6,842",4%,,Pune,Residential Multistorey Apartment
Nigdi,Oct-Dec 2021,4992-8161,"6,576",9%,,Pune,Residential Multistorey Apartment
Nigdi,Jul-Sep 2021,5619-8816,"7,217",1%,,Pune,Residential Multistorey Apartment
Nigdi,Apr-Jun 2021,5514-9000,"7,257",8%,,Pune,Residential Multistorey Apartment
Nigdi,Jan-Mar 2021,5016-8399,"6,707",1%,,Pune,Residential Multistorey Apartment
Nigdi,Oct-Dec 2020,4924-8681,"6,802",6%,,Pune,Residential Multistorey Apartment
Nigdi,Jul-Sep 2020,4567-8221,"6,394",8%,,Pune,Residential Multistorey Apartment
Nigdi,Apr-Jun 2020,5009-8930,"6,969",,,Pune,Residential Multistorey Apartment
Nigdi,Jan-Mar 2020,5009-8931,"6,969",,,Pune,Residential Multistorey Apartment
Nigdi,Oct-Dec 2019,5009-8932,"6,969",,,Pune,Residential Multistorey Apartment
Nigdi,Jul-Sep 2019,5009-8933,"6,969",,,Pune,Residential Multistorey Apartment
Nigdi,Apr-Jun 2019,4986-8501,"6,743",7%,,Pune,Residential Multistorey Apartment
Nigdi,Jan-Mar 2019,4646-7967,"6,306",-,,Pune,Residential Multistorey Apartment
Nigdi,Oct-Dec 2018,4646-7968,"6,306",-,,Pune,Residential Multistorey Apartment
Nigdi,Jul-Sep 2018,4646-7969,"6,306",,,Pune,Residential Multistorey Apartment
,,,,,,Pune,Residential Multistorey Apartment
Old Mumbai Pune Highway,Oct-Dec 2024,5820-9256,"7,538",2%,,Pune,Residential Multistorey Apartment
Old Mumbai Pune Highway,Jul-Sep 2024,5719-9099,"7,409",3%,,Pune,Residential Multistorey Apartment
Old Mumbai Pune Highway,Apr-Jun 2024,5586-8815,"7,200",2%,,Pune,Residential Multistorey Apartment
Old Mumbai Pune Highway,Jan-Mar 2024,5462-8686,"7,074",2%,,Pune,Residential Multistorey Apartment
Old Mumbai Pune Highway,Oct-Dec 2023,5360-8528,"6,944",1%,,Pune,Residential Multistorey Apartment
Old Mumbai Pune Highway,Jul-Sep 2023,5291-8402,"6,846",2%,,Pune,Residential Multistorey Apartment
Old Mumbai Pune Highway,Apr-Jun 2023,5171-8200,"6,685",18%,,Pune,Residential Multistorey Apartment
Old Mumbai Pune Highway,Jan-Mar 2023,5846-10506,"8,176",9%,,Pune,Residential Multistorey Apartment
Old Mumbai Pune Highway,Oct-Dec 2022,6182-8822,"7,502",1%,,Pune,Residential Multistorey Apartment
Old Mumbai Pune Highway,Jul-Sep 2022,5935-8906,"7,421",4%,,Pune,Residential Multistorey Apartment
Old Mumbai Pune Highway,Apr-Jun 2022,5470-8820,"7,145",-,,Pune,Residential Multistorey Apartment
Old Mumbai Pune Highway,Jan-Mar 2022,5470-8821,"7,145",-,,Pune,Residential Multistorey Apartment
Old Mumbai Pune Highway,Oct-Dec 2021,5558-8424,"6,991",2%,,Pune,Residential Multistorey Apartment
Old Mumbai Pune Highway,Jul-Sep 2021,5429-8293,"6,861",1%,,Pune,Residential Multistorey Apartment
Old Mumbai Pune Highway,Apr-Jun 2021,5672-8207,"6,939",0.50%,,Pune,Residential Multistorey Apartment
Old Mumbai Pune Highway,Jan-Mar 2021,5640-8301,"6,971",-,,Pune,Residential Multistorey Apartment
Old Mumbai Pune Highway,Oct-Dec 2020,5640-8302,"6,971",,,Pune,Residential Multistorey Apartment
Old Mumbai Pune Highway,Jul-Sep 2020,5468-8358,"6,913",5%,,Pune,Residential Multistorey Apartment
Old Mumbai Pune Highway,Apr-Jun 2020,5457-9032,"7,244",7%,,Pune,Residential Multistorey Apartment
Old Mumbai Pune Highway,Jan-Mar 2020,5872-9702,"7,787",1%,,Pune,Residential Multistorey Apartment
Old Mumbai Pune Highway,Oct-Dec 2019,5936-9455,"7,696",10%,,Pune,Residential Multistorey Apartment
Old Mumbai Pune Highway,Jul-Sep 2019,5307-8707,"7,007",1%,,Pune,Residential Multistorey Apartment
Old Mumbai Pune Highway,Apr-Jun 2019,5623-8570,"7,097",2%,,Pune,Residential Multistorey Apartment
Old Mumbai Pune Highway,Jan-Mar 2019,5504-8385,"6,945",-,,Pune,Residential Multistorey Apartment
Old Mumbai Pune Highway,Oct-Dec 2018,5504-8386,"6,945",-,,Pune,Residential Multistorey Apartment
Old Mumbai Pune Highway,Jul-Sep 2018,5504-8387,"6,945",,,Pune,Residential Multistorey Apartment
,,,,,,Pune,Residential Multistorey Apartment
Padmavati Sahakar Nagar Road,Oct-Dec 2024,10132-14988,"12,560",3%,,Pune,Residential Multistorey Apartment
Padmavati Sahakar Nagar Road,Jul-Sep 2024,10148-15657,"12,902",,,Pune,Residential Multistorey Apartment
Padmavati Sahakar Nagar Road,Apr-Jun 2024,9780-16017,"12,898",1%,,Pune,Residential Multistorey Apartment
Padmavati Sahakar Nagar Road,Jan-Mar 2024,9796-15756,"12,776",,,Pune,Residential Multistorey Apartment
Padmavati Sahakar Nagar Road,Oct-Dec 2023,-,-,,,Pune,Residential Multistorey Apartment
Padmavati Sahakar Nagar Road,Jul-Sep 2023,-,-,,,Pune,Residential Multistorey Apartment
Padmavati Sahakar Nagar Road,Apr-Jun 2023,-,-,,,Pune,Residential Multistorey Apartment
Padmavati Sahakar Nagar Road,Jan-Mar 2023,-,-,-,,Pune,Residential Multistorey Apartment
Padmavati Sahakar Nagar Road,Oct-Dec 2022,-,-,-,,Pune,Residential Multistorey Apartment
Padmavati Sahakar Nagar Road,Jul-Sep 2022,-,-,-,,Pune,Residential Multistorey Apartment
Padmavati Sahakar Nagar Road,Apr-Jun 2022,-,-,-,,Pune,Residential Multistorey Apartment
Padmavati Sahakar Nagar Road,Jan-Mar 2022,-,-,-,,Pune,Residential Multistorey Apartment
Padmavati Sahakar Nagar Road,Oct-Dec 2021,-,-,-,,Pune,Residential Multistorey Apartment
Padmavati Sahakar Nagar Road,Jul-Sep 2021,-,-,,,Pune,Residential Multistorey Apartment
Padmavati Sahakar Nagar Road,Apr-Jun 2021,-,-,,,Pune,Residential Multistorey Apartment
Padmavati Sahakar Nagar Road,Jan-Mar 2021,-,-,,,Pune,Residential Multistorey Apartment
Padmavati Sahakar Nagar Road,Oct-Dec 2020,-,-,,,Pune,Residential Multistorey Apartment
Padmavati Sahakar Nagar Road,Jul-Sep 2020,-,-,,,Pune,Residential Multistorey Apartment
Padmavati Sahakar Nagar Road,Apr-Jun 2020,-,-,,,Pune,Residential Multistorey Apartment
Padmavati Sahakar Nagar Road,Jan-Mar 2020,-,-,,,Pune,Residential Multistorey Apartment
Padmavati Sahakar Nagar Road,Oct-Dec 2019,-,-,,,Pune,Residential Multistorey Apartment
Padmavati Sahakar Nagar Road,Jul-Sep 2019,-,-,,,Pune,Residential Multistorey Apartment
Padmavati Sahakar Nagar Road,Apr-Jun 2019,-,-,,,Pune,Residential Multistorey Apartment
Padmavati Sahakar Nagar Road,Jan-Mar 2019,-,-,,,Pune,Residential Multistorey Apartment
Padmavati Sahakar Nagar Road,Oct-Dec 2018,-,-,,,Pune,Residential Multistorey Apartment
Padmavati Sahakar Nagar Road,Jul-Sep 2018,-,-,,,Pune,Residential Multistorey Apartment
Pan Card Club Road,Oct-Dec 2024,8250-12890,"10,570",1%,,Pune,Residential Multistorey Apartment
Pan Card Club Road,Jul-Sep 2024,8179-12729,"10,454",0.60%,,Pune,Residential Multistorey Apartment
Pan Card Club Road,Apr-Jun 2024,8033-12858,"10,446",6%,,Pune,Residential Multistorey Apartment
Pan Card Club Road,Jan-Mar 2024,7862-11825,"9,843",2%,,Pune,Residential Multistorey Apartment
Pan Card Club Road,Oct-Dec 2023,8042-12067,"10,055",0.20%,,Pune,Residential Multistorey Apartment
Pan Card Club Road,Jul-Sep 2023,8188-11958,"10,073",1%,,Pune,Residential Multistorey Apartment
Pan Card Club Road,Apr-Jun 2023,8066-11890,"9,978",1%,,Pune,Residential Multistorey Apartment
Pan Card Club Road,Jan-Mar 2023,8024-11717,"9,871",2%,,Pune,Residential Multistorey Apartment
Pan Card Club Road,Oct-Dec 2022,7760-11683,"9,721",4%,,Pune,Residential Multistorey Apartment
Pan Card Club Road,Jul-Sep 2022,7603-11116,"9,360",4%,,Pune,Residential Multistorey Apartment
Pan Card Club Road,Apr-Jun 2022,7403-10568,"8,985",2%,,Pune,Residential Multistorey Apartment
Pan Card Club Road,Jan-Mar 2022,7258-10434,"8,846",3%,,Pune,Residential Multistorey Apartment
Pan Card Club Road,Oct-Dec 2021,7071-10178,"8,624",1%,,Pune,Residential Multistorey Apartment
Pan Card Club Road,Jul-Sep 2021,6977-10150,"8,564",1%,,Pune,Residential Multistorey Apartment
Pan Card Club Road,Apr-Jun 2021,7068-10151,"8,609",1%,,Pune,Residential Multistorey Apartment
Pan Card Club Road,Jan-Mar 2021,6800-10000,"8,400",1%,,Pune,Residential Multistorey Apartment
Pan Card Club Road,Oct-Dec 2020,6700-9800,"8,100",1%,,Pune,Residential Multistorey Apartment
Pan Card Club Road,Jul-Sep 2020,6600-9700,"8,000",1%,,Pune,Residential Multistorey Apartment
Pan Card Club Road,Apr-Jun 2020,6500-9600,"7,950",1%,,Pune,Residential Multistorey Apartment
Pan Card Club Road,Jan-Mar 2020,6400-9500,"7,900",1%,,Pune,Residential Multistorey Apartment
Pan Card Club Road,Oct-Dec 2019,6300-9400,"7,850",1%,,Pune,Residential Multistorey Apartment
Pan Card Club Road,Jul-Sep 2019,6200-9300,"7,750",1%,,Pune,Residential Multistorey Apartment
Pan Card Club Road,Apr-Jun 2019,6100-9200,"7,650",1%,,Pune,Residential Multistorey Apartment
Pan Card Club Road,Jan-Mar 2019,6000-9100,"7,550",1%,,Pune,Residential Multistorey Apartment
Pan Card Club Road,Oct-Dec 2018,5900-9000,"7,450",1%,,Pune,Residential Multistorey Apartment
Pan Card Club Road,Jul-Sep 2018,5800-8900,"7,350",1%,,Pune,Residential Multistorey Apartment
,,,,,,Pune,Residential Multistorey Apartment
Park Street,Oct-Dec 2024,8267-14837,"11,552",6%,,Pune,Residential Multistorey Apartment
Park Street,Jul-Sep 2024,8106-13612,"10,859",5%,,Pune,Residential Multistorey Apartment
Park Street,Apr-Jun 2024,7685-12923,"10,304",1%,,Pune,Residential Multistorey Apartment
Park Street,Jan-Mar 2024,7865-12616,"10,241",,,Pune,Residential Multistorey Apartment
Park Street,Oct-Dec 2023,7985-12492,"10,239",5%,,Pune,Residential Multistorey Apartment
Park Street,Jul-Sep 2023,7512-11905,"9,708",1%,,Pune,Residential Multistorey Apartment
Park Street,Apr-Jun 2023,7664-11863,"9,763",1%,,Pune,Residential Multistorey Apartment
Park Street,Jan-Mar 2023,7542-11700,"9,621",3%,,Pune,Residential Multistorey Apartment
Park Street,Oct-Dec 2022,7441-11307,"9,374",6%,,Pune,Residential Multistorey Apartment
Park Street,Jul-Sep 2022,6885-10734,"8,809",0.40%,,Pune,Residential Multistorey Apartment
Park Street,Apr-Jun 2022,6846-10704,"8,775",2%,,Pune,Residential Multistorey Apartment
Park Street,Jan-Mar 2022,7103-10164,"8,633",2%,,Pune,Residential Multistorey Apartment
Park Street,Oct-Dec 2021,6989-9862,"8,425",3%,,Pune,Residential Multistorey Apartment
Park Street,Jul-Sep 2021,6686-9657,"8,171",6%,,Pune,Residential Multistorey Apartment
Park Street,Apr-Jun 2021,6154-9223,"7,689",3%,,Pune,Residential Multistorey Apartment
Park Street,Jan-Mar 2021,6433-9452,"7,943",2%,,Pune,Residential Multistorey Apartment
Park Street,Oct-Dec 2020,6389-9234,"7,812",3%,,Pune,Residential Multistorey Apartment
Park Street,Jul-Sep 2020,6301-8822,"7,562",0.10%,,Pune,Residential Multistorey Apartment
Park Street,Apr-Jun 2020,6237-8866,"7,551",1%,,Pune,Residential Multistorey Apartment
Park Street,Jan-Mar 2020,6325-8855,"7,590",1%,,Pune,Residential Multistorey Apartment
Park Street,Oct-Dec 2019,6455-8818,"7,636",4%,,Pune,Residential Multistorey Apartment
Park Street,Jul-Sep 2019,6178-8494,"7,336",2%,,Pune,Residential Multistorey Apartment
Park Street,Apr-Jun 2019,6356-8669,"7,512",2%,,Pune,Residential Multistorey Apartment
Park Street,Jan-Mar 2019,6300-8470,"7,385",1%,,Pune,Residential Multistorey Apartment
Park Street,Oct-Dec 2018,6257-8427,"7,342",2%,,Pune,Residential Multistorey Apartment
Park Street,Jul-Sep 2018,6116-8264,"7,190",1%,,Pune,Residential Multistorey Apartment
,,,,,,Pune,Residential Multistorey Apartment
Parvati Paytha,Oct-Dec 2024,10198-15238,"12,718",3%,,Pune,Residential Multistorey Apartment
Parvati Paytha,Jul-Sep 2024,10298-15796,"13,047",1%,,Pune,Residential Multistorey Apartment
Parvati Paytha,Apr-Jun 2024,9638-16109,"12,873",1%,,Pune,Residential Multistorey Apartment
Parvati Paytha,Jan-Mar 2024,9662-15832,"12,747",0.20%,,Pune,Residential Multistorey Apartment
Parvati Paytha,Oct-Dec 2023,9564-15880,"12,722",5%,,Pune,Residential Multistorey Apartment
Parvati Paytha,Jul-Sep 2023,9248-15020,"12,134",6%,,Pune,Residential Multistorey Apartment
Parvati Paytha,Apr-Jun 2023,8459-14352,"11,406",5%,,Pune,Residential Multistorey Apartment
Parvati Paytha,Jan-Mar 2023,8200-14000,"11,100",5%,,Pune,Residential Multistorey Apartment
Parvati Paytha,Oct-Dec 2022,8000-13700,"10,850",5%,,Pune,Residential Multistorey Apartment
Parvati Paytha,Jul-Sep 2022,7800-13500,"10,650",5%,,Pune,Residential Multistorey Apartment
Parvati Paytha,Apr-Jun 2022,7600-13000,"10,300",4%,,Pune,Residential Multistorey Apartment
Parvati Paytha,Jan-Mar 2022,7400-12800,"10,100",4%,,Pune,Residential Multistorey Apartment
Parvati Paytha,Oct-Dec 2021,7200-12500,"9,850",3%,,Pune,Residential Multistorey Apartment
Parvati Paytha,Jul-Sep 2021,7100-12200,"9,650",3%,,Pune,Residential Multistorey Apartment
Parvati Paytha,Apr-Jun 2021,7000-12000,"9,500",2%,,Pune,Residential Multistorey Apartment
Parvati Paytha,Jan-Mar 2021,6914-12571,"9,743",2%,,Pune,Residential Multistorey Apartment
Parvati Paytha,Oct-Dec 2020,6800-12000,"9,400",2%,,Pune,Residential Multistorey Apartment
Parvati Paytha,Jul-Sep 2020,6700-11800,"9,250",2%,,Pune,Residential Multistorey Apartment
Parvati Paytha,Apr-Jun 2020,6600-11600,"9,100",2%,,Pune,Residential Multistorey Apartment
Parvati Paytha,Jan-Mar 2020,6500-11500,"8,900",2%,,Pune,Residential Multistorey Apartment
Parvati Paytha,Oct-Dec 2019,6400-11300,"8,800",2%,,Pune,Residential Multistorey Apartment
Parvati Paytha,Jul-Sep 2019,6300-11200,"8,750",2%,,Pune,Residential Multistorey Apartment
Parvati Paytha,Apr-Jun 2019,6200-11000,"8,600",2%,,Pune,Residential Multistorey Apartment
Parvati Paytha,Jan-Mar 2019,6100-10800,"8,500",2%,,Pune,Residential Multistorey Apartment
Parvati Paytha,Oct-Dec 2018,6000-10600,"8,300",2%,,Pune,Residential Multistorey Apartment
Parvati Paytha,Jul-Sep 2018,5900-10400,"8,150",2%,,Pune,Residential Multistorey Apartment
,,,,,,Pune,Residential Multistorey Apartment
Pashan,Oct-Dec 2024,7729-11960,"9,845",1%,,Pune,Residential Multistorey Apartment
Pashan,Jul-Sep 2024,7629-11778,"9,704",2%,,Pune,Residential Multistorey Apartment
Pashan,Apr-Jun 2024,7401-11543,"9,472",4%,,Pune,Residential Multistorey Apartment
Pashan,Jan-Mar 2024,7143-11138,"9,140",0.20%,,Pune,Residential Multistorey Apartment
Pashan,Oct-Dec 2023,7087-11155,"9,121",3%,,Pune,Residential Multistorey Apartment
Pashan,Jul-Sep 2023,6941-10810,"8,875",2%,,Pune,Residential Multistorey Apartment
Pashan,Apr-Jun 2023,6881-10551,"8,716",9%,,Pune,Residential Multistorey Apartment
Pashan,Jan-Mar 2023,6382-9599,"7,991",0.40%,,Pune,Residential Multistorey Apartment
Pashan,Oct-Dec 2022,6369-9553,"7,961",1%,,Pune,Residential Multistorey Apartment
Pashan,Jul-Sep 2022,6242-9499,"7,871",1%,,Pune,Residential Multistorey Apartment
Pashan,Apr-Jun 2022,6402-9257,"7,829",2%,,Pune,Residential Multistorey Apartment
Pashan,Jan-Mar 2022,6293-9020,"7,656",2%,,Pune,Residential Multistorey Apartment
Pashan,Oct-Dec 2021,6184-8802,"7,493",1%,,Pune,Residential Multistorey Apartment
Pashan,Jul-Sep 2021,5970-8854,"7,412",0.50%,,Pune,Residential Multistorey Apartment
Pashan,Apr-Jun 2021,5884-9009,"7,446",0.20%,,Pune,Residential Multistorey Apartment
Pashan,Jan-Mar 2021,6005-8858,"7,432",2%,,Pune,Residential Multistorey Apartment
Pashan,Oct-Dec 2020,6030-8614,"7,322",2%,,Pune,Residential Multistorey Apartment
Pashan,Jul-Sep 2020,5909-8416,"7,162",1%,,Pune,Residential Multistorey Apartment
Pashan,Apr-Jun 2020,6025-8192,"7,108",0.30%,,Pune,Residential Multistorey Apartment
Pashan,Jan-Mar 2020,5928-8253,"7,090",2%,,Pune,Residential Multistorey Apartment
Pashan,Oct-Dec 2019,5921-8547,"7,234",0.30%,,Pune,Residential Multistorey Apartment
Pashan,Jul-Sep 2019,5961-8552,"7,257",0.20%,,Pune,Residential Multistorey Apartment
Pashan,Apr-Jun 2019,5858-8679,"7,269",1%,,Pune,Residential Multistorey Apartment
Pashan,Jan-Mar 2019,5721-8719,"7,220",1%,,Pune,Residential Multistorey Apartment
Pashan,Oct-Dec 2018,5671-8618,"7,145",2%,,Pune,Residential Multistorey Apartment
Pashan,Jul-Sep 2018,5834-8792,"7,313",2%,,Pune,Residential Multistorey Apartment
,,,,,,Pune,Residential Multistorey Apartment
Pashan Sus Road,Oct-Dec 2024,7681-12311,"9,996",2%,,Pune,Residential Multistorey Apartment
Pashan Sus Road,Jul-Sep 2024,7558-12062,"9,810",1%,,Pune,Residential Multistorey Apartment
Pashan Sus Road,Apr-Jun 2024,7511-12001,"9,756",3%,,Pune,Residential Multistorey Apartment
Pashan Sus Road,Jan-Mar 2024,7309-11572,"9,441",1%,,Pune,Residential Multistorey Apartment
Pashan Sus Road,Oct-Dec 2023,7216-11442,"9,329",1%,,Pune,Residential Multistorey Apartment
Pashan Sus Road,Jul-Sep 2023,7218-11336,"9,277",2%,,Pune,Residential Multistorey Apartment
Pashan Sus Road,Apr-Jun 2023,7047-11168,"9,108",21%,,Pune,Residential Multistorey Apartment
Pashan Sus Road,Jan-Mar 2023,5891-9114,"7,503",1%,,Pune,Residential Multistorey Apartment
Pashan Sus Road,Oct-Dec 2022,5932-8878,"7,405",1%,,Pune,Residential Multistorey Apartment
Pashan Sus Road,Jul-Sep 2022,5930-8780,"7,355",2%,,Pune,Residential Multistorey Apartment
Pashan Sus Road,Apr-Jun 2022,5827-8660,"7,243",2%,,Pune,Residential Multistorey Apartment
Pashan Sus Road,Jan-Mar 2022,5745-8472,"7,109",1%,,Pune,Residential Multistorey Apartment
Pashan Sus Road,Oct-Dec 2021,5630-8395,"7,013",4%,,Pune,Residential Multistorey Apartment
Pashan Sus Road,Jul-Sep 2021,5522-7999,"6,761",1%,,Pune,Residential Multistorey Apartment
Pashan Sus Road,Apr-Jun 2021,5492-8124,"6,808",2%,,Pune,Residential Multistorey Apartment
Pashan Sus Road,Jan-Mar 2021,5538-8388,"6,963",0.10%,,Pune,Residential Multistorey Apartment
Pashan Sus Road,Oct-Dec 2020,5543-8403,"6,973",3%,,Pune,Residential Multistorey Apartment
Pashan Sus Road,Jul-Sep 2020,5377-8225,"6,801",0.20%,,Pune,Residential Multistorey Apartment
Pashan Sus Road,Apr-Jun 2020,5382-8251,"6,817",4%,,Pune,Residential Multistorey Apartment
Pashan Sus Road,Jan-Mar 2020,5362-7751,"6,556",2%,,Pune,Residential Multistorey Apartment
Pashan Sus Road,Oct-Dec 2019,5389-7979,"6,684",2%,,Pune,Residential Multistorey Apartment
Pashan Sus Road,Jul-Sep 2019,5525-8057,"6,791",3%,,Pune,Residential Multistorey Apartment
Pashan Sus Road,Apr-Jun 2019,5621-8354,"6,988",1%,,Pune,Residential Multistorey Apartment
Pashan Sus Road,Jan-Mar 2019,5539-8303,"6,921",2%,,Pune,Residential Multistorey Apartment
Pashan Sus Road,Oct-Dec 2018,5605-8531,"7,068",4%,,Pune,Residential Multistorey Apartment
Pashan Sus Road,Jul-Sep 2018,5830-8850,"7,340",7%,,Pune,Residential Multistorey Apartment
,,,,,,Pune,Residential Multistorey Apartment
Patil Nagar Balewadi,Oct-Dec 2024,8080-11759,"9,919",,,Pune,Residential Multistorey Apartment
Patil Nagar Balewadi,Jul-Sep 2024,8020-11820,"9,920",1%,,Pune,Residential Multistorey Apartment
Patil Nagar Balewadi,Apr-Jun 2024,7897-11842,"9,870",5%,,Pune,Residential Multistorey Apartment
Patil Nagar Balewadi,Jan-Mar 2024,7540-11317,"9,429",5%,,Pune,Residential Multistorey Apartment
Patil Nagar Balewadi,Oct-Dec 2023,7187-10810,"8,999",1%,,Pune,Residential Multistorey Apartment
Patil Nagar Balewadi,Jul-Sep 2023,7343-10758,"9,050",2%,,Pune,Residential Multistorey Apartment
Patil Nagar Balewadi,Apr-Jun 2023,7170-10636,"8,903",3%,,Pune,Residential Multistorey Apartment
Patil Nagar Balewadi,Jan-Mar 2023,7048-10247,"8,647",2%,,Pune,Residential Multistorey Apartment
Patil Nagar Balewadi,Oct-Dec 2022,7231-10448,"8,839",1%,,Pune,Residential Multistorey Apartment
Patil Nagar Balewadi,Jul-Sep 2022,7068-10875,"8,971",7%,,Pune,Residential Multistorey Apartment
Patil Nagar Balewadi,Apr-Jun 2022,6940-9793,"8,367",1%,,Pune,Residential Multistorey Apartment
Patil Nagar Balewadi,Jan-Mar 2022,6684-9845,"8,264",4%,,Pune,Residential Multistorey Apartment
Patil Nagar Balewadi,Oct-Dec 2021,6320-9565,"7,943",4%,,Pune,Residential Multistorey Apartment
Patil Nagar Balewadi,Jul-Sep 2021,6247-9081,"7,664",5%,,Pune,Residential Multistorey Apartment
Patil Nagar Balewadi,Apr-Jun 2021,6288-8343,"7,315",4%,,Pune,Residential Multistorey Apartment
Patil Nagar Balewadi,Jan-Mar 2021,6282-8932,"7,607",1%,,Pune,Residential Multistorey Apartment
Patil Nagar Balewadi,Oct-Dec 2020,6199-8876,"7,538",5%,,Pune,Residential Multistorey Apartment
Patil Nagar Balewadi,Jul-Sep 2020,6013-8398,"7,205",0.20%,,Pune,Residential Multistorey Apartment
Patil Nagar Balewadi,Apr-Jun 2020,5982-8456,"7,219",1%,,Pune,Residential Multistorey Apartment
Patil Nagar Balewadi,Jan-Mar 2020,5938-8326,"7,132",2%,,Pune,Residential Multistorey Apartment
Patil Nagar Balewadi,Oct-Dec 2019,6124-7861,"6,992",,,Pune,Residential Multistorey Apartment
Patil Nagar Balewadi,Jul-Sep 2019,6124-7862,"6,992",,,Pune,Residential Multistorey Apartment
Patil Nagar Balewadi,Apr-Jun 2019,6124-7863,"6,992",,,Pune,Residential Multistorey Apartment
Patil Nagar Balewadi,Jan-Mar 2019,6124-7864,"6,992",,,Pune,Residential Multistorey Apartment
Patil Nagar Balewadi,Oct-Dec 2018,6124-7865,"6,992",,,Pune,Residential Multistorey Apartment
Patil Nagar Balewadi,Jul-Sep 2018,6124-7866,"6,992",,,Pune,Residential Multistorey Apartment
,,,,,,Pune,Residential Multistorey Apartment
Patil Nagar Bavdhan,Oct-Dec 2024,7281-10142,"8,712",1%,,Pune,Residential Multistorey Apartment
Patil Nagar Bavdhan,Jul-Sep 2024,7180-10077,"8,629",2%,,Pune,Residential Multistorey Apartment
Patil Nagar Bavdhan,Apr-Jun 2024,6654-10206,"8,430",2%,,Pune,Residential Multistorey Apartment
Patil Nagar Bavdhan,Jan-Mar 2024,6533-10076,"8,304",1%,,Pune,Residential Multistorey Apartment
Patil Nagar Bavdhan,Oct-Dec 2023,6681-9709,"8,195",1%,,Pune,Residential Multistorey Apartment
Patil Nagar Bavdhan,Jul-Sep 2023,6601-9631,"8,116",6%,,Pune,Residential Multistorey Apartment
Patil Nagar Bavdhan,Apr-Jun 2023,6438-8931,"7,685",1%,,Pune,Residential Multistorey Apartment
Patil Nagar Bavdhan,Jan-Mar 2023,6233-8954,"7,594",2%,,Pune,Residential Multistorey Apartment
Patil Nagar Bavdhan,Oct-Dec 2022,6356-9109,"7,732",3%,,Pune,Residential Multistorey Apartment
Patil Nagar Bavdhan,Jul-Sep 2022,6079-8979,"7,529",3%,,Pune,Residential Multistorey Apartment
Patil Nagar Bavdhan,Apr-Jun 2022,5929-8714,"7,321",3%,,Pune,Residential Multistorey Apartment
Patil Nagar Bavdhan,Jan-Mar 2022,5772-8438,"7,105",1%,,Pune,Residential Multistorey Apartment
Patil Nagar Bavdhan,Oct-Dec 2021,5804-8280,"7,042",0.40%,,Pune,Residential Multistorey Apartment
Patil Nagar Bavdhan,Jul-Sep 2021,5832-8302,"7,067",3%,,Pune,Residential Multistorey Apartment
Patil Nagar Bavdhan,Apr-Jun 2021,5774-7960,"6,867",0.30%,,Pune,Residential Multistorey Apartment
Patil Nagar Bavdhan,Jan-Mar 2021,5748-8034,"6,891",-,,Pune,Residential Multistorey Apartment
Patil Nagar Bavdhan,Oct-Dec 2020,5748-8035,"6,891",,,Pune,Residential Multistorey Apartment
Patil Nagar Bavdhan,Jul-Sep 2020,5748-8036,"6,891",,,Pune,Residential Multistorey Apartment
Patil Nagar Bavdhan,Apr-Jun 2020,5748-8037,"6,891",,,Pune,Residential Multistorey Apartment
Patil Nagar Bavdhan,Jan-Mar 2020,5576-7721,"6,649",,,Pune,Residential Multistorey Apartment
Patil Nagar Bavdhan,Oct-Dec 2019,5576-7722,"6,649",,,Pune,Residential Multistorey Apartment
Patil Nagar Bavdhan,Jul-Sep 2019,5702-7713,"6,707",1%,,Pune,Residential Multistorey Apartment
Patil Nagar Bavdhan,Apr-Jun 2019,5636-7687,"6,661",3%,,Pune,Residential Multistorey Apartment
Patil Nagar Bavdhan,Jan-Mar 2019,5687-8036,"6,861",1%,,Pune,Residential Multistorey Apartment
Patil Nagar Bavdhan,Oct-Dec 2018,5893-7930,"6,911",3%,,Pune,Residential Multistorey Apartment
Patil Nagar Bavdhan,Jul-Sep 2018,5640-7740,"6,690",0.10%,,Pune,Residential Multistorey Apartment
,,,,,,Pune,Residential Multistorey Apartment
Paud Road,Oct-Dec 2024,6697-11489,"9,093",3%,,Pune,Residential Multistorey Apartment
Paud Road,Jul-Sep 2024,6618-11064,"8,841",2%,,Pune,Residential Multistorey Apartment
Paud Road,Apr-Jun 2024,6468-10866,"8,667",2%,,Pune,Residential Multistorey Apartment
Paud Road,Jan-Mar 2024,6311-10621,"8,466",2%,,Pune,Residential Multistorey Apartment
Paud Road,Oct-Dec 2023,6299-10351,"8,325",,,Pune,Residential Multistorey Apartment
Paud Road,Jul-Sep 2023,6234-10423,"8,328",4%,,Pune,Residential Multistorey Apartment
Paud Road,Apr-Jun 2023,6032-9997,"8,014",10%,,Pune,Residential Multistorey Apartment
Paud Road,Jan-Mar 2023,4590-9993,"7,292",28%,,Pune,Residential Multistorey Apartment
Paud Road,Oct-Dec 2022,4408-7003,"5,706",1%,,Pune,Residential Multistorey Apartment
Paud Road,Jul-Sep 2022,4258-7271,"5,765",32%,,Pune,Residential Multistorey Apartment
Paud Road,Apr-Jun 2022,5702-11264,"8,483",3%,,Pune,Residential Multistorey Apartment
Paud Road,Jan-Mar 2022,5906-11598,"8,752",11%,,Pune,Residential Multistorey Apartment
Paud Road,Oct-Dec 2021,6628-12934,"9,781",34%,,Pune,Residential Multistorey Apartment
Paud Road,Jul-Sep 2021,4818-9804,"7,311",2%,,Pune,Residential Multistorey Apartment
Paud Road,Apr-Jun 2021,4842-10019,"7,431",4%,,Pune,Residential Multistorey Apartment
Paud Road,Jan-Mar 2021,5113-10313,"7,713",8%,,Pune,Residential Multistorey Apartment
Paud Road,Oct-Dec 2020,5896-10849,"8,373",3%,,Pune,Residential Multistorey Apartment
Paud Road,Jul-Sep 2020,5245-11056,"8,150",17%,,Pune,Residential Multistorey Apartment
Paud Road,Apr-Jun 2020,7329-12336,"9,832",18%,,Pune,Residential Multistorey Apartment
Paud Road,Jan-Mar 2020,5413-11193,"8,303",65%,,Pune,Residential Multistorey Apartment
Paud Road,Oct-Dec 2019,4349-5705,"5,027",43%,,Pune,Residential Multistorey Apartment
Paud Road,Jul-Sep 2019,6157-11497,"8,827",8%,,Pune,Residential Multistorey Apartment
Paud Road,Apr-Jun 2019,5382-10902,"8,142",32%,,Pune,Residential Multistorey Apartment
Paud Road,Jan-Mar 2019,4227-8149,"6,188",1%,,Pune,Residential Multistorey Apartment
Paud Road,Oct-Dec 2018,4262-8287,"6,275",11%,,Pune,Residential Multistorey Apartment
Paud Road,Jul-Sep 2018,4005-7320,"5,663",29%,,Pune,Residential Multistorey Apartment
,,,,,,Pune,Residential Multistorey Apartment
Phase 1 Hinjewadi Rajiv Gandhi Infotech Park,Oct-Dec 2024,7022-9770,"8,396",,,Pune,Residential Multistorey Apartment
Phase 1 Hinjewadi Rajiv Gandhi Infotech Park,Jul-Sep 2024,6910-9894,"8,402",3%,,Pune,Residential Multistorey Apartment
Phase 1 Hinjewadi Rajiv Gandhi Infotech Park,Apr-Jun 2024,6675-9567,"8,121",3%,,Pune,Residential Multistorey Apartment
Phase 1 Hinjewadi Rajiv Gandhi Infotech Park,Jan-Mar 2024,6401-9414,"7,907",2%,,Pune,Residential Multistorey Apartment
Phase 1 Hinjewadi Rajiv Gandhi Infotech Park,Oct-Dec 2023,6087-9375,"7,731",4%,,Pune,Residential Multistorey Apartment
Phase 1 Hinjewadi Rajiv Gandhi Infotech Park,Jul-Sep 2023,5947-8913,"7,430",0.10%,,Pune,Residential Multistorey Apartment
Phase 1 Hinjewadi Rajiv Gandhi Infotech Park,Apr-Jun 2023,5893-8945,"7,419",1%,,Pune,Residential Multistorey Apartment
Phase 1 Hinjewadi Rajiv Gandhi Infotech Park,Jan-Mar 2023,5783-8853,"7,318",2%,,Pune,Residential Multistorey Apartment
Phase 1 Hinjewadi Rajiv Gandhi Infotech Park,Oct-Dec 2022,5547-8751,"7,149",2%,,Pune,Residential Multistorey Apartment
Phase 1 Hinjewadi Rajiv Gandhi Infotech Park,Jul-Sep 2022,5521-8458,"6,990",6%,,Pune,Residential Multistorey Apartment
Phase 1 Hinjewadi Rajiv Gandhi Infotech Park,Apr-Jun 2022,5491-7687,"6,589",3%,,Pune,Residential Multistorey Apartment
Phase 1 Hinjewadi Rajiv Gandhi Infotech Park,Jan-Mar 2022,5351-7415,"6,383",2%,,Pune,Residential Multistorey Apartment
Phase 1 Hinjewadi Rajiv Gandhi Infotech Park,Oct-Dec 2021,5245-7295,"6,270",2%,,Pune,Residential Multistorey Apartment
Phase 1 Hinjewadi Rajiv Gandhi Infotech Park,Jul-Sep 2021,5152-7174,"6,163",3%,,Pune,Residential Multistorey Apartment
Phase 1 Hinjewadi Rajiv Gandhi Infotech Park,Apr-Jun 2021,5043-6961,"6,002",1%,,Pune,Residential Multistorey Apartment
Phase 1 Hinjewadi Rajiv Gandhi Infotech Park,Jan-Mar 2021,5072-6995,"6,033",1%,,Pune,Residential Multistorey Apartment
Phase 1 Hinjewadi Rajiv Gandhi Infotech Park,Oct-Dec 2020,5045-6958,"6,001",1%,,Pune,Residential Multistorey Apartment
Phase 1 Hinjewadi Rajiv Gandhi Infotech Park,Jul-Sep 2020,5031-7075,"6,053",1%,,Pune,Residential Multistorey Apartment
Phase 1 Hinjewadi Rajiv Gandhi Infotech Park,Apr-Jun 2020,5000-6988,"5,994",0.10%,,Pune,Residential Multistorey Apartment
Phase 1 Hinjewadi Rajiv Gandhi Infotech Park,Jan-Mar 2020,4921-7050,"5,986",1%,,Pune,Residential Multistorey Apartment
Phase 1 Hinjewadi Rajiv Gandhi Infotech Park,Oct-Dec 2019,5002-7085,"6,043",2%,,Pune,Residential Multistorey Apartment
Phase 1 Hinjewadi Rajiv Gandhi Infotech Park,Jul-Sep 2019,4953-6915,"5,934",1%,,Pune,Residential Multistorey Apartment
Phase 1 Hinjewadi Rajiv Gandhi Infotech Park,Apr-Jun 2019,4767-7002,"5,885",,,Pune,Residential Multistorey Apartment
Phase 1 Hinjewadi Rajiv Gandhi Infotech Park,Jan-Mar 2019,4767-7003,"5,885",,,Pune,Residential Multistorey Apartment
Phase 1 Hinjewadi Rajiv Gandhi Infotech Park,Oct-Dec 2018,4767-7004,"5,885",,,Pune,Residential Multistorey Apartment
Phase 1 Hinjewadi Rajiv Gandhi Infotech Park,Jul-Sep 2018,4767-7005,"5,885",,,Pune,Residential Multistorey Apartment
,,,,,,Pune,Residential Multistorey Apartment
Phase 2 Hinjewadi Rajiv Gandhi Infotech Park,Oct-Dec 2024,5659-7933,"6,796",3%,,Pune,Residential Multistorey Apartment
Phase 2 Hinjewadi Rajiv Gandhi Infotech Park,Jul-Sep 2024,5715-8352,"7,033",2%,,Pune,Residential Multistorey Apartment
Phase 2 Hinjewadi Rajiv Gandhi Infotech Park,Apr-Jun 2024,5891-7950,"6,920",2%,,Pune,Residential Multistorey Apartment
Phase 2 Hinjewadi Rajiv Gandhi Infotech Park,Jan-Mar 2024,5562-8017,"6,789",3%,,Pune,Residential Multistorey Apartment
Phase 2 Hinjewadi Rajiv Gandhi Infotech Park,Oct-Dec 2023,5407-7780,"6,593",4%,,Pune,Residential Multistorey Apartment
Phase 2 Hinjewadi Rajiv Gandhi Infotech Park,Jul-Sep 2023,5559-8149,"6,854",0.20%,,Pune,Residential Multistorey Apartment
Phase 2 Hinjewadi Rajiv Gandhi Infotech Park,Apr-Jun 2023,5606-8135,"6,870",5%,,Pune,Residential Multistorey Apartment
Phase 2 Hinjewadi Rajiv Gandhi Infotech Park,Jan-Mar 2023,5361-7730,"6,545",0.50%,,Pune,Residential Multistorey Apartment
Phase 2 Hinjewadi Rajiv Gandhi Infotech Park,Oct-Dec 2022,5152-7998,"6,575",6%,,Pune,Residential Multistorey Apartment
Phase 2 Hinjewadi Rajiv Gandhi Infotech Park,Jul-Sep 2022,4999-7404,"6,201",3%,,Pune,Residential Multistorey Apartment
Phase 2 Hinjewadi Rajiv Gandhi Infotech Park,Apr-Jun 2022,4897-7130,"6,013",4%,,Pune,Residential Multistorey Apartment
Phase 2 Hinjewadi Rajiv Gandhi Infotech Park,Jan-Mar 2022,4755-6834,"5,795",2%,,Pune,Residential Multistorey Apartment
Phase 2 Hinjewadi Rajiv Gandhi Infotech Park,Oct-Dec 2021,4699-6663,"5,681",6%,,Pune,Residential Multistorey Apartment
Phase 2 Hinjewadi Rajiv Gandhi Infotech Park,Jul-Sep 2021,4991-7073,"6,032",1%,,Pune,Residential Multistorey Apartment
Phase 2 Hinjewadi Rajiv Gandhi Infotech Park,Apr-Jun 2021,5014-7155,"6,085",2%,,Pune,Residential Multistorey Apartment
Phase 2 Hinjewadi Rajiv Gandhi Infotech Park,Jan-Mar 2021,4859-7068,"5,963",1%,,Pune,Residential Multistorey Apartment
Phase 2 Hinjewadi Rajiv Gandhi Infotech Park,Oct-Dec 2020,4838-6978,"5,908",2%,,Pune,Residential Multistorey Apartment
Phase 2 Hinjewadi Rajiv Gandhi Infotech Park,Jul-Sep 2020,4614-6920,"5,767",2%,,Pune,Residential Multistorey Apartment
Phase 2 Hinjewadi Rajiv Gandhi Infotech Park,Apr-Jun 2020,4706-6623,"5,664",4%,,Pune,Residential Multistorey Apartment
Phase 2 Hinjewadi Rajiv Gandhi Infotech Park,Jan-Mar 2020,4871-6870,"5,870",0.10%,,Pune,Residential Multistorey Apartment
Phase 2 Hinjewadi Rajiv Gandhi Infotech Park,Oct-Dec 2019,4940-6814,"5,877",1%,,Pune,Residential Multistorey Apartment
Phase 2 Hinjewadi Rajiv Gandhi Infotech Park,Jul-Sep 2019,4876-7007,"5,942",6%,,Pune,Residential Multistorey Apartment
Phase 2 Hinjewadi Rajiv Gandhi Infotech Park,Apr-Jun 2019,4624-6612,"5,618",,,Pune,Residential Multistorey Apartment
Phase 2 Hinjewadi Rajiv Gandhi Infotech Park,Jan-Mar 2019,4624-6613,"5,618",,,Pune,Residential Multistorey Apartment
Phase 2 Hinjewadi Rajiv Gandhi Infotech Park,Oct-Dec 2018,4624-6614,"5,618",,,Pune,Residential Multistorey Apartment
Phase 2 Hinjewadi Rajiv Gandhi Infotech Park,Jul-Sep 2018,4624-6615,"5,618",,,Pune,Residential Multistorey Apartment
,,,,,,Pune,Residential Multistorey Apartment
Phase 3 Hinjewadi Rajiv Gandhi Infotech Park,Oct-Dec 2024,5984-8762,"7,373",4%,,Pune,Residential Multistorey Apartment
Phase 3 Hinjewadi Rajiv Gandhi Infotech Park,Jul-Sep 2024,5584-8634,"7,109",5%,,Pune,Residential Multistorey Apartment
Phase 3 Hinjewadi Rajiv Gandhi Infotech Park,Apr-Jun 2024,5521-7993,"6,757",3%,,Pune,Residential Multistorey Apartment
Phase 3 Hinjewadi Rajiv Gandhi Infotech Park,Jan-Mar 2024,5501-8391,"6,946",2%,,Pune,Residential Multistorey Apartment
Phase 3 Hinjewadi Rajiv Gandhi Infotech Park,Oct-Dec 2023,5476-8207,"6,841",4%,,Pune,Residential Multistorey Apartment
Phase 3 Hinjewadi Rajiv Gandhi Infotech Park,Jul-Sep 2023,5247-7957,"6,602",1%,,Pune,Residential Multistorey Apartment
Phase 3 Hinjewadi Rajiv Gandhi Infotech Park,Apr-Jun 2023,5222-7829,"6,526",3%,,Pune,Residential Multistorey Apartment
Phase 3 Hinjewadi Rajiv Gandhi Infotech Park,Jan-Mar 2023,5194-7430,"6,312",2%,,Pune,Residential Multistorey Apartment
Phase 3 Hinjewadi Rajiv Gandhi Infotech Park,Oct-Dec 2022,5015-7327,"6,171",3%,,Pune,Residential Multistorey Apartment
Phase 3 Hinjewadi Rajiv Gandhi Infotech Park,Jul-Sep 2022,4850-7130,"5,990",6%,,Pune,Residential Multistorey Apartment
Phase 3 Hinjewadi Rajiv Gandhi Infotech Park,Apr-Jun 2022,4598-6755,"5,676",0.20%,,Pune,Residential Multistorey Apartment
Phase 3 Hinjewadi Rajiv Gandhi Infotech Park,Jan-Mar 2022,4703-6625,"5,664",1%,,Pune,Residential Multistorey Apartment
Phase 3 Hinjewadi Rajiv Gandhi Infotech Park,Oct-Dec 2021,4575-6635,"5,605",0.30%,,Pune,Residential Multistorey Apartment
Phase 3 Hinjewadi Rajiv Gandhi Infotech Park,Jul-Sep 2021,4544-6633,"5,588",3%,,Pune,Residential Multistorey Apartment
Phase 3 Hinjewadi Rajiv Gandhi Infotech Park,Apr-Jun 2021,4354-6468,"5,411",2%,,Pune,Residential Multistorey Apartment
Phase 3 Hinjewadi Rajiv Gandhi Infotech Park,Jan-Mar 2021,4466-6622,"5,544",0.40%,,Pune,Residential Multistorey Apartment
Phase 3 Hinjewadi Rajiv Gandhi Infotech Park,Oct-Dec 2020,4605-6529,"5,567",0.30%,,Pune,Residential Multistorey Apartment
Phase 3 Hinjewadi Rajiv Gandhi Infotech Park,Jul-Sep 2020,4653-6446,"5,549",4%,,Pune,Residential Multistorey Apartment
Phase 3 Hinjewadi Rajiv Gandhi Infotech Park,Apr-Jun 2020,4396-6274,"5,335",,,Pune,Residential Multistorey Apartment
Phase 3 Hinjewadi Rajiv Gandhi Infotech Park,Jan-Mar 2020,4368-6299,"5,333",5%,,Pune,Residential Multistorey Apartment
Phase 3 Hinjewadi Rajiv Gandhi Infotech Park,Oct-Dec 2019,4625-6600,"5,613",,,Pune,Residential Multistorey Apartment
Phase 3 Hinjewadi Rajiv Gandhi Infotech Park,Jul-Sep 2019,4708-6573,"5,641",,,Pune,Residential Multistorey Apartment
Phase 3 Hinjewadi Rajiv Gandhi Infotech Park,Apr-Jun 2019,4708-6574,"5,641",,,Pune,Residential Multistorey Apartment
Phase 3 Hinjewadi Rajiv Gandhi Infotech Park,Jan-Mar 2019,4708-6575,"5,641",,,Pune,Residential Multistorey Apartment
Phase 3 Hinjewadi Rajiv Gandhi Infotech Park,Oct-Dec 2018,4708-6576,"5,641",,,Pune,Residential Multistorey Apartment
Phase 3 Hinjewadi Rajiv Gandhi Infotech Park,Jul-Sep 2018,4708-6577,"5,641",,,Pune,Residential Multistorey Apartment
,,,,,,Pune,Residential Multistorey Apartment
Pimple Gurav,Oct-Dec 2024,5952-9630,"7,791",6%,,Pune,Residential Multistorey Apartment
Pimple Gurav,Jul-Sep 2024,5662-9045,"7,353",0.40%,,Pune,Residential Multistorey Apartment
Pimple Gurav,Apr-Jun 2024,5701-9058,"7,379",4%,,Pune,Residential Multistorey Apartment
Pimple Gurav,Jan-Mar 2024,6106-9222,"7,664",1%,,Pune,Residential Multistorey Apartment
Pimple Gurav,Oct-Dec 2023,6064-9087,"7,575",0.40%,,Pune,Residential Multistorey Apartment
Pimple Gurav,Jul-Sep 2023,5927-9280,"7,604",4%,,Pune,Residential Multistorey Apartment
Pimple Gurav,Apr-Jun 2023,5701-8984,"7,343",1%,,Pune,Residential Multistorey Apartment
Pimple Gurav,Jan-Mar 2023,5732-8807,"7,270",2%,,Pune,Residential Multistorey Apartment
Pimple Gurav,Oct-Dec 2022,5624-8653,"7,138",3%,,Pune,Residential Multistorey Apartment
Pimple Gurav,Jul-Sep 2022,5332-8529,"6,930",1%,,Pune,Residential Multistorey Apartment
Pimple Gurav,Apr-Jun 2022,5370-8649,"7,010",4%,,Pune,Residential Multistorey Apartment
Pimple Gurav,Jan-Mar 2022,5114-8396,"6,755",-,,Pune,Residential Multistorey Apartment
Pimple Gurav,Oct-Dec 2021,5116-8382,"6,749",1%,,Pune,Residential Multistorey Apartment
Pimple Gurav,Jul-Sep 2021,5096-8491,"6,794",5%,,Pune,Residential Multistorey Apartment
Pimple Gurav,Apr-Jun 2021,4803-8174,"6,489",4%,,Pune,Residential Multistorey Apartment
Pimple Gurav,Jan-Mar 2021,5121-8368,"6,744",4%,,Pune,Residential Multistorey Apartment
Pimple Gurav,Oct-Dec 2020,4863-8112,"6,488",1%,,Pune,Residential Multistorey Apartment
Pimple Gurav,Jul-Sep 2020,4843-8292,"6,568",5%,,Pune,Residential Multistorey Apartment
Pimple Gurav,Apr-Jun 2020,4658-7798,"6,228",4%,,Pune,Residential Multistorey Apartment
Pimple Gurav,Jan-Mar 2020,4922-8080,"6,501",1%,,Pune,Residential Multistorey Apartment
Pimple Gurav,Oct-Dec 2019,5185-7961,"6,573",1%,,Pune,Residential Multistorey Apartment
Pimple Gurav,Jul-Sep 2019,5295-8048,"6,672",2%,,Pune,Residential Multistorey Apartment
Pimple Gurav,Apr-Jun 2019,5405-8252,"6,829",9%,,Pune,Residential Multistorey Apartment
Pimple Gurav,Jan-Mar 2019,4713-7842,"6,277",4%,,Pune,Residential Multistorey Apartment
Pimple Gurav,Oct-Dec 2018,5086-7999,"6,543",4%,,Pune,Residential Multistorey Apartment
Pimple Gurav,Jul-Sep 2018,4788-7820,"6,304",1%,,Pune,Residential Multistorey Apartment
,,,,,,Pune,Residential Multistorey Apartment
Pimple Nilakh,Oct-Dec 2024,7965-13477,"10,721",3%,,Pune,Residential Multistorey Apartment
Pimple Nilakh,Jul-Sep 2024,7691-13157,"10,424",1%,,Pune,Residential Multistorey Apartment
Pimple Nilakh,Apr-Jun 2024,7846-13190,"10,518",6%,,Pune,Residential Multistorey Apartment
Pimple Nilakh,Jan-Mar 2024,7350-12508,"9,929",6%,,Pune,Residential Multistorey Apartment
Pimple Nilakh,Oct-Dec 2023,6938-11795,"9,366",3%,,Pune,Residential Multistorey Apartment
Pimple Nilakh,Jul-Sep 2023,6932-11277,"9,104",8%,,Pune,Residential Multistorey Apartment
Pimple Nilakh,Apr-Jun 2023,6744-10153,"8,448",5%,,Pune,Residential Multistorey Apartment
Pimple Nilakh,Jan-Mar 2023,6524-9619,"8,071",1%,,Pune,Residential Multistorey Apartment
Pimple Nilakh,Oct-Dec 2022,6522-9751,"8,137",2%,,Pune,Residential Multistorey Apartment
Pimple Nilakh,Jul-Sep 2022,6540-10030,"8,285",2%,,Pune,Residential Multistorey Apartment
Pimple Nilakh,Apr-Jun 2022,6422-9759,"8,090",3%,,Pune,Residential Multistorey Apartment
Pimple Nilakh,Jan-Mar 2022,6235-9474,"7,854",1%,,Pune,Residential Multistorey Apartment
Pimple Nilakh,Oct-Dec 2021,6128-9803,"7,966",1%,,Pune,Residential Multistorey Apartment
Pimple Nilakh,Jul-Sep 2021,6210-9819,"8,014",-,,Pune,Residential Multistorey Apartment
Pimple Nilakh,Apr-Jun 2021,6360-9665,"8,012",1%,,Pune,Residential Multistorey Apartment
Pimple Nilakh,Jan-Mar 2021,6503-9724,"8,113",0.40%,,Pune,Residential Multistorey Apartment
Pimple Nilakh,Oct-Dec 2020,6646-9638,"8,142",2%,,Pune,Residential Multistorey Apartment
Pimple Nilakh,Jul-Sep 2020,6499-9520,"8,010",1%,,Pune,Residential Multistorey Apartment
Pimple Nilakh,Apr-Jun 2020,6419-9467,"7,943",3%,,Pune,Residential Multistorey Apartment
Pimple Nilakh,Jan-Mar 2020,6249-9188,"7,719",1%,,Pune,Residential Multistorey Apartment
Pimple Nilakh,Oct-Dec 2019,6193-9101,"7,647",1%,,Pune,Residential Multistorey Apartment
Pimple Nilakh,Jul-Sep 2019,6285-9193,"7,739",0.20%,,Pune,Residential Multistorey Apartment
Pimple Nilakh,Apr-Jun 2019,6235-9220,"7,727",2%,,Pune,Residential Multistorey Apartment
Pimple Nilakh,Jan-Mar 2019,6179-9028,"7,604",1%,,Pune,Residential Multistorey Apartment
Pimple Nilakh,Oct-Dec 2018,6167-8829,"7,498",0.30%,,Pune,Residential Multistorey Apartment
Pimple Nilakh,Jul-Sep 2018,6155-8803,"7,479",1%,,Pune,Residential Multistorey Apartment
,,,,,,Pune,Residential Multistorey Apartment
Pimple Saudagar,Oct-Dec 2024,7040-10688,"8,864",1%,,Pune,Residential Multistorey Apartment
Pimple Saudagar,Jul-Sep 2024,7001-10603,"8,802",2%,,Pune,Residential Multistorey Apartment
Pimple Saudagar,Apr-Jun 2024,6879-10375,"8,627",2%,,Pune,Residential Multistorey Apartment
Pimple Saudagar,Jan-Mar 2024,6857-10122,"8,490",1%,,Pune,Residential Multistorey Apartment
Pimple Saudagar,Oct-Dec 2023,6754-10033,"8,393",0.40%,,Pune,Residential Multistorey Apartment
Pimple Saudagar,Jul-Sep 2023,6683-10043,"8,363",2%,,Pune,Residential Multistorey Apartment
Pimple Saudagar,Apr-Jun 2023,6585-9765,"8,175",2%,,Pune,Residential Multistorey Apartment
Pimple Saudagar,Jan-Mar 2023,6562-9545,"8,054",3%,,Pune,Residential Multistorey Apartment
Pimple Saudagar,Oct-Dec 2022,6457-9213,"7,835",1%,,Pune,Residential Multistorey Apartment
Pimple Saudagar,Jul-Sep 2022,6443-9100,"7,772",2%,,Pune,Residential Multistorey Apartment
Pimple Saudagar,Apr-Jun 2022,6339-8953,"7,646",2%,,Pune,Residential Multistorey Apartment
Pimple Saudagar,Jan-Mar 2022,6255-8802,"7,529",1%,,Pune,Residential Multistorey Apartment
Pimple Saudagar,Oct-Dec 2021,6333-8853,"7,593",0.50%,,Pune,Residential Multistorey Apartment
Pimple Saudagar,Jul-Sep 2021,6331-8929,"7,630",1%,,Pune,Residential Multistorey Apartment
Pimple Saudagar,Apr-Jun 2021,6313-8862,"7,587",3%,,Pune,Residential Multistorey Apartment
Pimple Saudagar,Jan-Mar 2021,6171-8560,"7,365",0.30%,,Pune,Residential Multistorey Apartment
Pimple Saudagar,Oct-Dec 2020,6141-8544,"7,343",1%,,Pune,Residential Multistorey Apartment
Pimple Saudagar,Jul-Sep 2020,6148-8415,"7,281",2%,,Pune,Residential Multistorey Apartment
Pimple Saudagar,Apr-Jun 2020,6040-8249,"7,145",0.40%,,Pune,Residential Multistorey Apartment
Pimple Saudagar,Jan-Mar 2020,6026-8319,"7,173",1%,,Pune,Residential Multistorey Apartment
Pimple Saudagar,Oct-Dec 2019,6045-8102,"7,074",1%,,Pune,Residential Multistorey Apartment
Pimple Saudagar,Jul-Sep 2019,5986-8061,"7,024",2%,,Pune,Residential Multistorey Apartment
Pimple Saudagar,Apr-Jun 2019,6073-8304,"7,188",2%,,Pune,Residential Multistorey Apartment
Pimple Saudagar,Jan-Mar 2019,5996-8112,"7,054",-,,Pune,Residential Multistorey Apartment
Pimple Saudagar,Oct-Dec 2018,5959-8078,"7,019",-,,Pune,Residential Multistorey Apartment
Pimple Saudagar,Jul-Sep 2018,6002-8027,"7,014",1%,,Pune,Residential Multistorey Apartment
,,,,,,Pune,Residential Multistorey Apartment
Pimpri,Oct-Dec 2024,6777-11435,"9,106",8%,,Pune,Residential Multistorey Apartment
Pimpri,Jul-Sep 2024,6434-10470,"8,452",0.20%,,Pune,Residential Multistorey Apartment
Pimpri,Apr-Jun 2024,6473-10464,"8,468",5%,,Pune,Residential Multistorey Apartment
Pimpri,Jan-Mar 2024,6150-10025,"8,087",1%,,Pune,Residential Multistorey Apartment
Pimpri,Oct-Dec 2023,6035-9944,"7,989",2%,,Pune,Residential Multistorey Apartment
Pimpri,Jul-Sep 2023,5880-9724,"7,802",5%,,Pune,Residential Multistorey Apartment
Pimpri,Apr-Jun 2023,5632-9205,"7,419",1%,,Pune,Residential Multistorey Apartment
Pimpri,Jan-Mar 2023,5651-9067,"7,359",1%,,Pune,Residential Multistorey Apartment
Pimpri,Oct-Dec 2022,5734-9065,"7,400",6%,,Pune,Residential Multistorey Apartment
Pimpri,Jul-Sep 2022,5331-8601,"6,966",1%,,Pune,Residential Multistorey Apartment
Pimpri,Apr-Jun 2022,5485-8549,"7,017",5%,,Pune,Residential Multistorey Apartment
Pimpri,Jan-Mar 2022,5116-8269,"6,692",0.50%,,Pune,Residential Multistorey Apartment
Pimpri,Oct-Dec 2021,5114-8210,"6,662",1%,,Pune,Residential Multistorey Apartment
Pimpri,Jul-Sep 2021,5109-8071,"6,590",2%,,Pune,Residential Multistorey Apartment
Pimpri,Apr-Jun 2021,4992-7983,"6,488",3%,,Pune,Residential Multistorey Apartment
Pimpri,Jan-Mar 2021,5187-8183,"6,685",2%,,Pune,Residential Multistorey Apartment
Pimpri,Oct-Dec 2020,5084-7983,"6,533",2%,,Pune,Residential Multistorey Apartment
Pimpri,Jul-Sep 2020,5192-8173,"6,682",1%,,Pune,Residential Multistorey Apartment
Pimpri,Apr-Jun 2020,5455-8087,"6,771",3%,,Pune,Residential Multistorey Apartment
Pimpri,Jan-Mar 2020,5306-7864,"6,585",3%,,Pune,Residential Multistorey Apartment
Pimpri,Oct-Dec 2019,5548-8038,"6,793",1%,,Pune,Residential Multistorey Apartment
Pimpri,Jul-Sep 2019,5405-7992,"6,699",0.40%,,Pune,Residential Multistorey Apartment
Pimpri,Apr-Jun 2019,5397-8050,"6,724",1%,,Pune,Residential Multistorey Apartment
Pimpri,Jan-Mar 2019,5432-7903,"6,667",0.30%,,Pune,Residential Multistorey Apartment
Pimpri,Oct-Dec 2018,5447-7845,"6,646",1%,,Pune,Residential Multistorey Apartment
Pimpri,Jul-Sep 2018,5275-7937,"6,606",2%,,Pune,Residential Multistorey Apartment
,,,,,,Pune,Residential Multistorey Apartment
Pimpri Chinchwad,Oct-Dec 2024,5850-9265,"7,558",2%,,Pune,Residential Multistorey Apartment
Pimpri Chinchwad,Jul-Sep 2024,5749-9100,"7,424",3%,,Pune,Residential Multistorey Apartment
Pimpri Chinchwad,Apr-Jun 2024,5596-8827,"7,211",2%,,Pune,Residential Multistorey Apartment
Pimpri Chinchwad,Jan-Mar 2024,5481-8699,"7,090",2%,,Pune,Residential Multistorey Apartment
Pimpri Chinchwad,Oct-Dec 2023,5399-8549,"6,974",1%,,Pune,Residential Multistorey Apartment
Pimpri Chinchwad,Jul-Sep 2023,5339-8423,"6,881",2%,,Pune,Residential Multistorey Apartment
Pimpri Chinchwad,Apr-Jun 2023,5219-8211,"6,715",2%,,Pune,Residential Multistorey Apartment
Pimpri Chinchwad,Jan-Mar 2023,5335-8430,"6,882",1%,,Pune,Residential Multistorey Apartment
Pimpri Chinchwad,Oct-Dec 2022,5277-8324,"6,800",2%,,Pune,Residential Multistorey Apartment
Pimpri Chinchwad,Jul-Sep 2022,5158-8166,"6,662",2%,,Pune,Residential Multistorey Apartment
Pimpri Chinchwad,Apr-Jun 2022,5087-7945,"6,516",1%,,Pune,Residential Multistorey Apartment
Pimpri Chinchwad,Jan-Mar 2022,5037-7879,"6,458",0.30%,,Pune,Residential Multistorey Apartment
Pimpri Chinchwad,Oct-Dec 2021,5021-7854,"6,438",0.20%,,Pune,Residential Multistorey Apartment
Pimpri Chinchwad,Jul-Sep 2021,4987-7912,"6,449",1%,,Pune,Residential Multistorey Apartment
Pimpri Chinchwad,Apr-Jun 2021,4949-7835,"6,392",0.10%,,Pune,Residential Multistorey Apartment
Pimpri Chinchwad,Jan-Mar 2021,4953-7845,"6,399",0.10%,,Pune,Residential Multistorey Apartment
Pimpri Chinchwad,Oct-Dec 2020,4935-7877,"6,406",1%,,Pune,Residential Multistorey Apartment
Pimpri Chinchwad,Jul-Sep 2020,4910-7826,"6,368",0.10%,,Pune,Residential Multistorey Apartment
Pimpri Chinchwad,Apr-Jun 2020,4941-7782,"6,361",0.40%,,Pune,Residential Multistorey Apartment
Pimpri Chinchwad,Jan-Mar 2020,4967-7805,"6,386",1%,,Pune,Residential Multistorey Apartment
Pimpri Chinchwad,Oct-Dec 2019,5044-7807,"6,426",1%,,Pune,Residential Multistorey Apartment
Pimpri Chinchwad,Jul-Sep 2019,5011-7770,"6,391",1%,,Pune,Residential Multistorey Apartment
Pimpri Chinchwad,Apr-Jun 2019,5042-7848,"6,445",0.20%,,Pune,Residential Multistorey Apartment
Pimpri Chinchwad,Jan-Mar 2019,5032-7836,"6,434",,,Pune,Residential Multistorey Apartment
Pimpri Chinchwad,Oct-Dec 2018,5060-7820,"6,440",0.30%,,Pune,Residential Multistorey Apartment
Pimpri Chinchwad,Jul-Sep 2018,4982-7862,"6,422",1%,,Pune,Residential Multistorey Apartment
,,,,,,Pune,Residential Multistorey Apartment
Pirangut,Oct-Dec 2024,3682-5818,"4,750",2%,,Pune,Residential Multistorey Apartment
Pirangut,Jul-Sep 2024,3703-5570,"4,637",0.40%,,Pune,Residential Multistorey Apartment
Pirangut,Apr-Jun 2024,3665-5573,"4,619",1%,,Pune,Residential Multistorey Apartment
Pirangut,Jan-Mar 2024,3577-5557,"4,567",4%,,Pune,Residential Multistorey Apartment
Pirangut,Oct-Dec 2023,3471-5318,"4,395",3%,,Pune,Residential Multistorey Apartment
Pirangut,Jul-Sep 2023,3383-5188,"4,286",1%,,Pune,Residential Multistorey Apartment
Pirangut,Apr-Jun 2023,3503-5139,"4,321",1%,,Pune,Residential Multistorey Apartment
Pirangut,Jan-Mar 2023,3492-5045,"4,268",-,,Pune,Residential Multistorey Apartment
Pirangut,Oct-Dec 2022,3423-5104,"4,264",1%,,Pune,Residential Multistorey Apartment
Pirangut,Jul-Sep 2022,3454-4955,"4,204",1%,,Pune,Residential Multistorey Apartment
Pirangut,Apr-Jun 2022,3378-4928,"4,153",0.30%,,Pune,Residential Multistorey Apartment
Pirangut,Jan-Mar 2022,3420-4910,"4,165",4%,,Pune,Residential Multistorey Apartment
Pirangut,Oct-Dec 2021,3485-5182,"4,333",0.50%,,Pune,Residential Multistorey Apartment
Pirangut,Jul-Sep 2021,3408-5299,"4,353",0.30%,,Pune,Residential Multistorey Apartment
Pirangut,Apr-Jun 2021,3482-5245,"4,364",3%,,Pune,Residential Multistorey Apartment
Pirangut,Jan-Mar 2021,3423-5037,"4,230",-,,Pune,Residential Multistorey Apartment
Pirangut,Oct-Dec 2020,3526-4931,"4,229",1%,,Pune,Residential Multistorey Apartment
Pirangut,Jul-Sep 2020,3511-4836,"4,173",-,,Pune,Residential Multistorey Apartment
Pirangut,Apr-Jun 2020,3481-4864,"4,173",3%,,Pune,Residential Multistorey Apartment
Pirangut,Jan-Mar 2020,3346-4754,"4,050",0.30%,,Pune,Residential Multistorey Apartment
Pirangut,Oct-Dec 2019,3270-4807,"4,038",1%,,Pune,Residential Multistorey Apartment
Pirangut,Jul-Sep 2019,3262-4728,"3,995",3%,,Pune,Residential Multistorey Apartment
Pirangut,Apr-Jun 2019,3260-5013,"4,136",6%,,Pune,Residential Multistorey Apartment
Pirangut,Jan-Mar 2019,3123-4703,"3,913",0.40%,,Pune,Residential Multistorey Apartment
Pirangut,Oct-Dec 2018,3116-4741,"3,929",1%,,Pune,Residential Multistorey Apartment
Pirangut,Jul-Sep 2018,3142-4833,"3,987",1%,,Pune,Residential Multistorey Apartment
,,,,,,Pune,Residential Multistorey Apartment
Pisoli,Oct-Dec 2024,4179-5874,"5,026",1%,,Pune,Residential Multistorey Apartment
Pisoli,Jul-Sep 2024,4169-5820,"4,995",0.40%,,Pune,Residential Multistorey Apartment
Pisoli,Apr-Jun 2024,4083-5868,"4,976",1%,,Pune,Residential Multistorey Apartment
Pisoli,Jan-Mar 2024,4086-5773,"4,930",2%,,Pune,Residential Multistorey Apartment
Pisoli,Oct-Dec 2023,3983-5716,"4,850",3%,,Pune,Residential Multistorey Apartment
Pisoli,Jul-Sep 2023,3932-5475,"4,704",3%,,Pune,Residential Multistorey Apartment
Pisoli,Apr-Jun 2023,3933-5739,"4,836",5%,,Pune,Residential Multistorey Apartment
Pisoli,Jan-Mar 2023,3839-5348,"4,593",8%,,Pune,Residential Multistorey Apartment
Pisoli,Oct-Dec 2022,4074-5913,"4,993",1%,,Pune,Residential Multistorey Apartment
Pisoli,Jul-Sep 2022,4011-5897,"4,954",5%,,Pune,Residential Multistorey Apartment
Pisoli,Apr-Jun 2022,3893-5562,"4,728",2%,,Pune,Residential Multistorey Apartment
Pisoli,Jan-Mar 2022,3871-5396,"4,633",3%,,Pune,Residential Multistorey Apartment
Pisoli,Oct-Dec 2021,3727-5310,"4,519",1%,,Pune,Residential Multistorey Apartment
Pisoli,Jul-Sep 2021,3704-5383,"4,543",-,,Pune,Residential Multistorey Apartment
Pisoli,Apr-Jun 2021,3682-5399,"4,540",1%,,Pune,Residential Multistorey Apartment
Pisoli,Jan-Mar 2021,3631-5368,"4,500",1%,,Pune,Residential Multistorey Apartment
Pisoli,Oct-Dec 2020,3605-5292,"4,449",-,,Pune,Residential Multistorey Apartment
Pisoli,Jul-Sep 2020,3660-5193,"4,427",0.40%,,Pune,Residential Multistorey Apartment
Pisoli,Apr-Jun 2020,3625-5269,"4,447",-,,Pune,Residential Multistorey Apartment
Pisoli,Jan-Mar 2020,3600-5249,"4,425",1%,,Pune,Residential Multistorey Apartment
Pisoli,Oct-Dec 2019,3691-5270,"4,480",1%,,Pune,Residential Multistorey Apartment
Pisoli,Jul-Sep 2019,3675-5378,"4,526",2%,,Pune,Residential Multistorey Apartment
Pisoli,Apr-Jun 2019,3786-5471,"4,629",2%,,Pune,Residential Multistorey Apartment
Pisoli,Jan-Mar 2019,3704-5366,"4,535",1%,,Pune,Residential Multistorey Apartment
Pisoli,Oct-Dec 2018,3729-5436,"4,583",2%,,Pune,Residential Multistorey Apartment
Pisoli,Jul-Sep 2018,3728-5239,"4,483",1%,,Pune,Residential Multistorey Apartment
Pisoli Road,Oct-Dec 2024,4199-6653,"5,426",1%,,Pune,Residential Multistorey Apartment
Pisoli Road,Jul-Sep 2024,4160-6534,"5,347",1%,,Pune,Residential Multistorey Apartment
Pisoli Road,Apr-Jun 2024,4095-6517,"5,306",5%,,Pune,Residential Multistorey Apartment
Pisoli Road,Jan-Mar 2024,4270-6897,"5,583",1%,,Pune,Residential Multistorey Apartment
Pisoli Road,Oct-Dec 2023,4239-6792,"5,516",3%,,Pune,Residential Multistorey Apartment
Pisoli Road,Jul-Sep 2023,4110-6611,"5,355",3%,,Pune,Residential Multistorey Apartment
Pisoli Road,Apr-Jun 2023,4075-6543,"5,309",3%,,Pune,Residential Multistorey Apartment
Pisoli Road,Jan-Mar 2023,3980-6400,"5,190",3%,,Pune,Residential Multistorey Apartment
Pisoli Road,Oct-Dec 2022,3890-6320,"5,105",3%,,Pune,Residential Multistorey Apartment
Pisoli Road,Jul-Sep 2022,3825-6250,"4,988",3%,,Pune,Residential Multistorey Apartment
Pisoli Road,Apr-Jun 2022,3745-6100,"4,922",3%,,Pune,Residential Multistorey Apartment
Pisoli Road,Jan-Mar 2022,3670-5900,"4,785",3%,,Pune,Residential Multistorey Apartment
Pisoli Road,Oct-Dec 2021,3600-5800,"4,700",3%,,Pune,Residential Multistorey Apartment
Pisoli Road,Jul-Sep 2021,3525-5700,"4,612",2%,,Pune,Residential Multistorey Apartment
Pisoli Road,Apr-Jun 2021,3400-5600,"4,500",2%,,Pune,Residential Multistorey Apartment
Pisoli Road,Jan-Mar 2021,3300-5500,"4,400",2%,,Pune,Residential Multistorey Apartment
Pisoli Road,Oct-Dec 2020,3200-5400,"4,300",2%,,Pune,Residential Multistorey Apartment
Pisoli Road,Jul-Sep 2020,3100-5300,"4,200",2%,,Pune,Residential Multistorey Apartment
Pisoli Road,Apr-Jun 2020,3000-5200,"4,100",2%,,Pune,Residential Multistorey Apartment
Pisoli Road,Jan-Mar 2020,2900-5100,"4,000",2%,,Pune,Residential Multistorey Apartment
Pisoli Road,Oct-Dec 2019,2800-5000,"3,900",2%,,Pune,Residential Multistorey Apartment
Pisoli Road,Jul-Sep 2019,2700-4900,"3,800",2%,,Pune,Residential Multistorey Apartment
Pisoli Road,Apr-Jun 2019,2600-4800,"3,700",2%,,Pune,Residential Multistorey Apartment
Pisoli Road,Jan-Mar 2019,2500-4700,"3,600",2%,,Pune,Residential Multistorey Apartment
Pisoli Road,Oct-Dec 2018,2400-4600,"3,500",2%,,Pune,Residential Multistorey Apartment
Pisoli Road,Jul-Sep 2018,2300-4500,"3,400",2%,,Pune,Residential Multistorey Apartment
,,,,,,Pune,Residential Multistorey Apartment
Porwal Road,Oct-Dec 2024,4784-7543,"6,163",5%,,Pune,Residential Multistorey Apartment
Porwal Road,Jul-Sep 2024,4572-7221,"5,897",1%,,Pune,Residential Multistorey Apartment
Porwal Road,Apr-Jun 2024,4485-7192,"5,838",1%,,Pune,Residential Multistorey Apartment
Porwal Road,Jan-Mar 2024,4492-7022,"5,757",3%,,Pune,Residential Multistorey Apartment
Porwal Road,Oct-Dec 2023,4355-6877,"5,616",2%,,Pune,Residential Multistorey Apartment
Porwal Road,Jul-Sep 2023,4315-6682,"5,499",2%,,Pune,Residential Multistorey Apartment
Porwal Road,Apr-Jun 2023,4247-6545,"5,396",4%,,Pune,Residential Multistorey Apartment
Porwal Road,Jan-Mar 2023,4555-6682,"5,618",6%,,Pune,Residential Multistorey Apartment
Porwal Road,Oct-Dec 2022,5020-6988,"6,004",1%,,Pune,Residential Multistorey Apartment
Porwal Road,Jul-Sep 2022,5118-6818,"5,968",3%,,Pune,Residential Multistorey Apartment
Porwal Road,Apr-Jun 2022,4945-6610,"5,778",2%,,Pune,Residential Multistorey Apartment
Porwal Road,Jan-Mar 2022,4790-6575,"5,682",3%,,Pune,Residential Multistorey Apartment
Porwal Road,Oct-Dec 2021,4597-6485,"5,541",1%,,Pune,Residential Multistorey Apartment
Porwal Road,Jul-Sep 2021,4679-6309,"5,494",1%,,Pune,Residential Multistorey Apartment
Porwal Road,Apr-Jun 2021,4450-6475,"5,462",3%,,Pune,Residential Multistorey Apartment
Porwal Road,Jan-Mar 2021,4449-6195,"5,322",1%,,Pune,Residential Multistorey Apartment
Porwal Road,Oct-Dec 2020,4466-6080,"5,273",-,,Pune,Residential Multistorey Apartment
Porwal Road,Jul-Sep 2020,4466-6081,"5,273",-,,Pune,Residential Multistorey Apartment
Porwal Road,Apr-Jun 2020,4466-6082,"5,273",-,,Pune,Residential Multistorey Apartment
Porwal Road,Jan-Mar 2020,4466-6083,"5,273",,,Pune,Residential Multistorey Apartment
Porwal Road,Oct-Dec 2019,4466-6084,"5,273",,,Pune,Residential Multistorey Apartment
Porwal Road,Jul-Sep 2019,4466-6085,"5,273",,,Pune,Residential Multistorey Apartment
Porwal Road,Apr-Jun 2019,4466-6086,"5,273",,,Pune,Residential Multistorey Apartment
Porwal Road,Jan-Mar 2019,4466-6087,"5,273",,,Pune,Residential Multistorey Apartment
Porwal Road,Oct-Dec 2018,4466-6088,"5,273",,,Pune,Residential Multistorey Apartment
Porwal Road,Jul-Sep 2018,4466-6089,"5,273",,,Pune,Residential Multistorey Apartment
,,,,,,Pune,Residential Multistorey Apartment
Prabhat Road,Oct-Dec 2024,12768-19743,"16,255",2%,,Pune,Residential Multistorey Apartment
Prabhat Road,Jul-Sep 2024,12311-19621,"15,966",2%,,Pune,Residential Multistorey Apartment
Prabhat Road,Apr-Jun 2024,12404-20019,"16,212",1%,,Pune,Residential Multistorey Apartment
Prabhat Road,Jan-Mar 2024,12726-20168,"16,447",6%,,Pune,Residential Multistorey Apartment
Prabhat Road,Oct-Dec 2023,11934-19193,"15,563",4%,,Pune,Residential Multistorey Apartment
Prabhat Road,Jul-Sep 2023,11465-18546,"15,005",1%,,Pune,Residential Multistorey Apartment
Prabhat Road,Apr-Jun 2023,11767-18674,"15,221",12%,,Pune,Residential Multistorey Apartment
Prabhat Road,Jan-Mar 2023,13714-20714,"17,214",3%,,Pune,Residential Multistorey Apartment
Prabhat Road,Oct-Dec 2022,14183-21378,"17,781",2%,,Pune,Residential Multistorey Apartment
Prabhat Road,Jul-Sep 2022,14284-21857,"18,071",13%,,Pune,Residential Multistorey Apartment
Prabhat Road,Apr-Jun 2022,12992-19117,"16,055",1%,,Pune,Residential Multistorey Apartment
Prabhat Road,Jan-Mar 2022,13258-19176,"16,217",3%,,Pune,Residential Multistorey Apartment
Prabhat Road,Oct-Dec 2021,12807-18705,"15,756",1%,,Pune,Residential Multistorey Apartment
Prabhat Road,Jul-Sep 2021,13099-18727,"15,913",1%,,Pune,Residential Multistorey Apartment
Prabhat Road,Apr-Jun 2021,13445-18778,"16,111",3%,,Pune,Residential Multistorey Apartment
Prabhat Road,Jan-Mar 2021,12974-18443,"15,709",0.20%,,Pune,Residential Multistorey Apartment
Prabhat Road,Oct-Dec 2020,13107-18389,"15,748",0.40%,,Pune,Residential Multistorey Apartment
Prabhat Road,Jul-Sep 2020,13390-17977,"15,684",3%,,Pune,Residential Multistorey Apartment
Prabhat Road,Apr-Jun 2020,12461-17953,"15,207",2%,,Pune,Residential Multistorey Apartment
Prabhat Road,Jan-Mar 2020,12133-17685,"14,909",1%,,Pune,Residential Multistorey Apartment
Prabhat Road,Oct-Dec 2019,11674-17984,"14,829",3%,,Pune,Residential Multistorey Apartment
Prabhat Road,Jul-Sep 2019,11999-18609,"15,304",1%,,Pune,Residential Multistorey Apartment
Prabhat Road,Apr-Jun 2019,12374-17991,"15,183",0.30%,,Pune,Residential Multistorey Apartment
Prabhat Road,Jan-Mar 2019,12463-18004,"15,233",1%,,Pune,Residential Multistorey Apartment
Prabhat Road,Oct-Dec 2018,12711-17914,"15,312",0.20%,,Pune,Residential Multistorey Apartment
Prabhat Road,Jul-Sep 2018,12729-17971,"15,350",1%,,Pune,Residential Multistorey Apartment
,,,,,,Pune,Residential Multistorey Apartment
Punawale,Oct-Dec 2024,5704-8560,"7,132",2%,,Pune,Residential Multistorey Apartment
Punawale,Jul-Sep 2024,5635-8393,"7,014",5%,,Pune,Residential Multistorey Apartment
Punawale,Apr-Jun 2024,5409-7964,"6,687",0.10%,,Pune,Residential Multistorey Apartment
Punawale,Jan-Mar 2024,5456-7901,"6,679",1%,,Pune,Residential Multistorey Apartment
Punawale,Oct-Dec 2023,5354-7880,"6,617",4%,,Pune,Residential Multistorey Apartment
Punawale,Jul-Sep 2023,5235-7549,"6,392",1%,,Pune,Residential Multistorey Apartment
Punawale,Apr-Jun 2023,5150-7459,"6,304",2%,,Pune,Residential Multistorey Apartment
Punawale,Jan-Mar 2023,5054-7251,"6,153",3%,,Pune,Residential Multistorey Apartment
Punawale,Oct-Dec 2022,4932-7053,"5,993",2%,,Pune,Residential Multistorey Apartment
Punawale,Jul-Sep 2022,4838-6929,"5,883",2%,,Pune,Residential Multistorey Apartment
Punawale,Apr-Jun 2022,4804-6735,"5,770",2%,,Pune,Residential Multistorey Apartment
Punawale,Jan-Mar 2022,4709-6630,"5,670",0.30%,,Pune,Residential Multistorey Apartment
Punawale,Oct-Dec 2021,4711-6599,"5,655",1%,,Pune,Residential Multistorey Apartment
Punawale,Jul-Sep 2021,4649-6563,"5,606",1%,,Pune,Residential Multistorey Apartment
Punawale,Apr-Jun 2021,4644-6484,"5,564",-,,Pune,Residential Multistorey Apartment
Punawale,Jan-Mar 2021,4678-6453,"5,566",0.40%,,Pune,Residential Multistorey Apartment
Punawale,Oct-Dec 2020,4598-6487,"5,542",1%,,Pune,Residential Multistorey Apartment
Punawale,Jul-Sep 2020,4537-6459,"5,498",2%,,Pune,Residential Multistorey Apartment
Punawale,Apr-Jun 2020,4521-6297,"5,409",0.20%,,Pune,Residential Multistorey Apartment
Punawale,Jan-Mar 2020,4505-6294,"5,400",2%,,Pune,Residential Multistorey Apartment
Punawale,Oct-Dec 2019,4546-6495,"5,520",2%,,Pune,Residential Multistorey Apartment
Punawale,Jul-Sep 2019,4486-6375,"5,430",2%,,Pune,Residential Multistorey Apartment
Punawale,Apr-Jun 2019,4603-6436,"5,520",1%,,Pune,Residential Multistorey Apartment
Punawale,Jan-Mar 2019,4582-6348,"5,465",0.20%,,Pune,Residential Multistorey Apartment
Punawale,Oct-Dec 2018,4497-6408,"5,452",2%,,Pune,Residential Multistorey Apartment
Punawale,Jul-Sep 2018,4453-6252,"5,352",2%,,Pune,Residential Multistorey Apartment
Pune Bengaluru Highway,Oct-Dec 2024,5562-9949,"7,756",-,,Pune,Residential Multistorey Apartment
Pune Bengaluru Highway,Jul-Sep 2024,5400-9900,"7,600",-,,Pune,Residential Multistorey Apartment
Pune Bengaluru Highway,Apr-Jun 2024,5408-9757,"7,582",-,,Pune,Residential Multistorey Apartment
Pune Bengaluru Highway,Jan-Mar 2024,5500-9800,"7,650",-,,Pune,Residential Multistorey Apartment
Pune Bengaluru Highway,Oct-Dec 2023,5300-9700,"7,500",-,,Pune,Residential Multistorey Apartment
Pune Bengaluru Highway,Jul-Sep 2023,5639-10098,"7,868",17%,,Pune,Residential Multistorey Apartment
Pune Bengaluru Highway,Apr-Jun 2023,4805-8661,"6,733",-,,Pune,Residential Multistorey Apartment
Pune Bengaluru Highway,Jan-Mar 2023,4700-8500,"6,600",-,,Pune,Residential Multistorey Apartment
Pune Bengaluru Highway,Oct-Dec 2022,4600-8400,"6,500",-,,Pune,Residential Multistorey Apartment
Pune Bengaluru Highway,Jul-Sep 2022,4500-8200,"6,400",-,,Pune,Residential Multistorey Apartment
Pune Bengaluru Highway,Apr-Jun 2022,4400-8000,"6,300",-,,Pune,Residential Multistorey Apartment
Pune Bengaluru Highway,Jan-Mar 2022,4300-7900,"6,150",-,,Pune,Residential Multistorey Apartment
Pune Bengaluru Highway,Oct-Dec 2021,4200-7800,"6,000",-,,Pune,Residential Multistorey Apartment
Pune Bengaluru Highway,Jul-Sep 2021,4100-7700,"5,950",-,,Pune,Residential Multistorey Apartment
Pune Bengaluru Highway,Apr-Jun 2021,4000-7600,"5,900",-,,Pune,Residential Multistorey Apartment
Pune Bengaluru Highway,Jan-Mar 2021,3900-7500,"5,850",-,,Pune,Residential Multistorey Apartment
Pune Bengaluru Highway,Oct-Dec 2020,3800-7400,"5,800",-,,Pune,Residential Multistorey Apartment
Pune Bengaluru Highway,Jul-Sep 2020,3700-7300,"5,750",-,,Pune,Residential Multistorey Apartment
Pune Bengaluru Highway,Apr-Jun 2020,3600-7200,"5,700",-,,Pune,Residential Multistorey Apartment
Pune Bengaluru Highway,Jan-Mar 2020,3500-7100,"5,650",-,,Pune,Residential Multistorey Apartment
Pune Bengaluru Highway,Oct-Dec 2019,3400-7000,"5,600",-,,Pune,Residential Multistorey Apartment
Pune Bengaluru Highway,Jul-Sep 2019,3300-6900,"5,550",-,,Pune,Residential Multistorey Apartment
Pune Bengaluru Highway,Apr-Jun 2019,3200-6800,"5,500",-,,Pune,Residential Multistorey Apartment
Pune Bengaluru Highway,Jan-Mar 2019,3100-6700,"5,450",-,,Pune,Residential Multistorey Apartment
Pune Bengaluru Highway,Oct-Dec 2018,3000-6600,"5,400",-,,Pune,Residential Multistorey Apartment
Pune Bengaluru Highway,Jul-Sep 2018,2900-6500,"5,350",-,,Pune,Residential Multistorey Apartment
,,,,,,Pune,Residential Multistorey Apartment
Pune Nashik Highway,Oct-Dec 2024,3007-4941,"3,974",1%,,Pune,Residential Multistorey Apartment
Pune Nashik Highway,Jul-Sep 2024,3052-4785,"3,919",0.30%,,Pune,Residential Multistorey Apartment
Pune Nashik Highway,Apr-Jun 2024,3030-4789,"3,909",3%,,Pune,Residential Multistorey Apartment
Pune Nashik Highway,Jan-Mar 2024,2973-4603,"3,788",1%,,Pune,Residential Multistorey Apartment
Pune Nashik Highway,Oct-Dec 2023,2893-4577,"3,735",-,,Pune,Residential Multistorey Apartment
Pune Nashik Highway,Jul-Sep 2023,2890-4550,"3,720",2%,,Pune,Residential Multistorey Apartment
Pune Nashik Highway,Apr-Jun 2023,2800-4500,"3,650",-,,Pune,Residential Multistorey Apartment
Pune Nashik Highway,Jan-Mar 2023,2750-4400,"3,580",-,,Pune,Residential Multistorey Apartment
Pune Nashik Highway,Oct-Dec 2022,2650-4300,"3,475",-,,Pune,Residential Multistorey Apartment
Pune Nashik Highway,Jul-Sep 2022,2600-4200,"3,400",-,,Pune,Residential Multistorey Apartment
Pune Nashik Highway,Apr-Jun 2022,2550-4100,"3,350",-,,Pune,Residential Multistorey Apartment
Pune Nashik Highway,Jan-Mar 2022,2500-4000,"3,300",-,,Pune,Residential Multistorey Apartment
Pune Nashik Highway,Oct-Dec 2021,2400-3900,"3,150",-,,Pune,Residential Multistorey Apartment
Pune Nashik Highway,Jul-Sep 2021,2350-3800,"3,125",-,,Pune,Residential Multistorey Apartment
Pune Nashik Highway,Apr-Jun 2021,2300-3700,"3,100",-,,Pune,Residential Multistorey Apartment
Pune Nashik Highway,Jan-Mar 2021,2250-3600,"3,075",-,,Pune,Residential Multistorey Apartment
Pune Nashik Highway,Oct-Dec 2020,2200-3500,"3,050",-,,Pune,Residential Multistorey Apartment
Pune Nashik Highway,Jul-Sep 2020,2150-3400,"3,025",-,,Pune,Residential Multistorey Apartment
Pune Nashik Highway,Apr-Jun 2020,2100-3300,"3,000",-,,Pune,Residential Multistorey Apartment
Pune Nashik Highway,Jan-Mar 2020,2050-3200,"2,975",-,,Pune,Residential Multistorey Apartment
Pune Nashik Highway,Oct-Dec 2019,2000-3100,"2,950",-,,Pune,Residential Multistorey Apartment
Pune Nashik Highway,Jul-Sep 2019,1950-3000,"2,925",-,,Pune,Residential Multistorey Apartment
Pune Nashik Highway,Apr-Jun 2019,1900-2900,"2,900",-,,Pune,Residential Multistorey Apartment
Pune Nashik Highway,Jan-Mar 2019,1850-2800,"2,875",-,,Pune,Residential Multistorey Apartment
Pune Nashik Highway,Oct-Dec 2018,1800-2700,"2,850",-,,Pune,Residential Multistorey Apartment
Pune Nashik Highway,Jul-Sep 2018,1750-2600,"2,825",-,,Pune,Residential Multistorey Apartment
Pune Solapur Highway,Oct-Dec 2024,6680-10856,"8,768",1%,,Pune,Residential Multistorey Apartment
Pune Solapur Highway,Jul-Sep 2024,6661-10618,"8,640",2%,,Pune,Residential Multistorey Apartment
Pune Solapur Highway,Apr-Jun 2024,6466-10413,"8,440",3%,,Pune,Residential Multistorey Apartment
Pune Solapur Highway,Jan-Mar 2024,6251-10082,"8,166",2%,,Pune,Residential Multistorey Apartment
Pune Solapur Highway,Oct-Dec 2023,6070-9932,"8,001",17%,,Pune,Residential Multistorey Apartment
Pune Solapur Highway,Jul-Sep 2023,5412-8276,"6,844",0.40%,,Pune,Residential Multistorey Apartment
Pune Solapur Highway,Apr-Jun 2023,5502-8238,"6,870",-,,Pune,Residential Multistorey Apartment
Pune Solapur Highway,Jan-Mar 2023,5350-8120,"6,735",-,,Pune,Residential Multistorey Apartment
Pune Solapur Highway,Oct-Dec 2022,5200-8000,"6,600",-,,Pune,Residential Multistorey Apartment
Pune Solapur Highway,Jul-Sep 2022,5100-7900,"6,500",-,,Pune,Residential Multistorey Apartment
Pune Solapur Highway,Apr-Jun 2022,5000-7800,"6,400",-,,Pune,Residential Multistorey Apartment
Pune Solapur Highway,Jan-Mar 2022,4900-7700,"6,300",-,,Pune,Residential Multistorey Apartment
Pune Solapur Highway,Oct-Dec 2021,4800-7600,"6,200",-,,Pune,Residential Multistorey Apartment
Pune Solapur Highway,Jul-Sep 2021,4700-7500,"6,150",-,,Pune,Residential Multistorey Apartment
Pune Solapur Highway,Apr-Jun 2021,4600-7400,"6,100",-,,Pune,Residential Multistorey Apartment
Pune Solapur Highway,Jan-Mar 2021,4500-7300,"6,050",-,,Pune,Residential Multistorey Apartment
Pune Solapur Highway,Oct-Dec 2020,4400-7200,"6,000",-,,Pune,Residential Multistorey Apartment
Pune Solapur Highway,Jul-Sep 2020,4300-7100,"5,950",-,,Pune,Residential Multistorey Apartment
Pune Solapur Highway,Apr-Jun 2020,4200-7000,"5,900",-,,Pune,Residential Multistorey Apartment
Pune Solapur Highway,Jan-Mar 2020,4100-6900,"5,850",-,,Pune,Residential Multistorey Apartment
Pune Solapur Highway,Oct-Dec 2019,4000-6800,"5,800",-,,Pune,Residential Multistorey Apartment
Pune Solapur Highway,Jul-Sep 2019,3900-6700,"5,750",-,,Pune,Residential Multistorey Apartment
Pune Solapur Highway,Apr-Jun 2019,3800-6600,"5,700",-,,Pune,Residential Multistorey Apartment
Pune Solapur Highway,Jan-Mar 2019,3765-6500,"6,364",-,,Pune,Residential Multistorey Apartment
Pune Solapur Highway,Oct-Dec 2018,3700-6400,"6,300",-,,Pune,Residential Multistorey Apartment
Pune Solapur Highway,Jul-Sep 2018,3600-6300,"6,250",-,,Pune,Residential Multistorey Apartment
Pune University Road,Oct-Dec 2024,13127-19583,"16,355",2%,,Pune,Residential Multistorey Apartment
Pune University Road,Jul-Sep 2024,13375-20021,"16,698",2%,,Pune,Residential Multistorey Apartment
Pune University Road,Apr-Jun 2024,13246-19415,"16,330",3%,,Pune,Residential Multistorey Apartment
Pune University Road,Jan-Mar 2024,12606-19213,"15,910",1%,,Pune,Residential Multistorey Apartment
Pune University Road,Oct-Dec 2023,12385-18968,"15,676",0.30%,,Pune,Residential Multistorey Apartment
Pune University Road,Jul-Sep 2023,12300-19137,"15,719",0.30%,,Pune,Residential Multistorey Apartment
Pune University Road,Apr-Jun 2023,12292-19066,"15,679",-,,Pune,Residential Multistorey Apartment
Pune University Road,Jan-Mar 2023,12200-19000,"15,600",-,,Pune,Residential Multistorey Apartment
Pune University Road,Oct-Dec 2022,12100-18800,"15,500",-,,Pune,Residential Multistorey Apartment
Pune University Road,Jul-Sep 2022,12000-18700,"15,400",-,,Pune,Residential Multistorey Apartment
Pune University Road,Apr-Jun 2022,11900-18600,"15,300",-,,Pune,Residential Multistorey Apartment
Pune University Road,Jan-Mar 2022,11800-18500,"15,200",-,,Pune,Residential Multistorey Apartment
Pune University Road,Oct-Dec 2021,11700-18400,"15,100",-,,Pune,Residential Multistorey Apartment
Pune University Road,Jul-Sep 2021,11600-18300,"15,000",-,,Pune,Residential Multistorey Apartment
Pune University Road,Apr-Jun 2021,11500-18200,"14,900",-,,Pune,Residential Multistorey Apartment
Pune University Road,Jan-Mar 2021,11400-18100,"14,800",-,,Pune,Residential Multistorey Apartment
Pune University Road,Oct-Dec 2020,11300-18000,"14,700",-,,Pune,Residential Multistorey Apartment
Pune University Road,Jul-Sep 2020,11200-17900,"14,600",-,,Pune,Residential Multistorey Apartment
Pune University Road,Apr-Jun 2020,11100-17800,"14,500",-,,Pune,Residential Multistorey Apartment
Pune University Road,Jan-Mar 2020,11000-17700,"14,400",-,,Pune,Residential Multistorey Apartment
Pune University Road,Oct-Dec 2019,10900-17600,"14,300",-,,Pune,Residential Multistorey Apartment
Pune University Road,Jul-Sep 2019,10800-17500,"14,200",-,,Pune,Residential Multistorey Apartment
Pune University Road,Apr-Jun 2019,10700-17400,"14,100",-,,Pune,Residential Multistorey Apartment
Pune University Road,Jan-Mar 2019,10600-17300,"14,000",-,,Pune,Residential Multistorey Apartment
Pune University Road,Oct-Dec 2018,10500-17200,"13,900",-,,Pune,Residential Multistorey Apartment
Pune University Road,Jul-Sep 2018,10400-17100,"13,800",-,,Pune,Residential Multistorey Apartment
Punvale Bazar,Oct-Dec 2024,5943-8183,"7,063",2%,,Pune,Residential Multistorey Apartment
Punvale Bazar,Jul-Sep 2024,5871-7949,"6,910",2%,,Pune,Residential Multistorey Apartment
Punvale Bazar,Apr-Jun 2024,5704-7792,"6,748",2%,,Pune,Residential Multistorey Apartment
Punvale Bazar,Jan-Mar 2024,5672-7517,"6,595",-,,Pune,Residential Multistorey Apartment
Punvale Bazar,Oct-Dec 2023,5621-7446,"6,534",1%,,Pune,Residential Multistorey Apartment
Punvale Bazar,Jul-Sep 2023,5570-7385,"6,478",1%,,Pune,Residential Multistorey Apartment
Punvale Bazar,Apr-Jun 2023,5519-7312,"6,394",-,,Pune,Residential Multistorey Apartment
Punvale Bazar,Jan-Mar 2023,5460-7220,"6,340",-,,Pune,Residential Multistorey Apartment
Punvale Bazar,Oct-Dec 2022,5400-7150,"6,275",-,,Pune,Residential Multistorey Apartment
Punvale Bazar,Jul-Sep 2022,5350-7080,"6,215",-,,Pune,Residential Multistorey Apartment
Punvale Bazar,Apr-Jun 2022,5300-7010,"6,150",-,,Pune,Residential Multistorey Apartment
Punvale Bazar,Jan-Mar 2022,5250-6930,"6,080",-,,Pune,Residential Multistorey Apartment
Punvale Bazar,Oct-Dec 2021,5200-6860,"6,030",-,,Pune,Residential Multistorey Apartment
Punvale Bazar,Jul-Sep 2021,5150-6790,"5,970",-,,Pune,Residential Multistorey Apartment
Punvale Bazar,Apr-Jun 2021,5100-6720,"5,910",-,,Pune,Residential Multistorey Apartment
Punvale Bazar,Jan-Mar 2021,5050-6640,"5,850",-,,Pune,Residential Multistorey Apartment
Punvale Bazar,Oct-Dec 2020,5000-6570,"5,750",-,,Pune,Residential Multistorey Apartment
Punvale Bazar,Jul-Sep 2020,4950-6500,"5,675",-,,Pune,Residential Multistorey Apartment
Punvale Bazar,Apr-Jun 2020,4900-6420,"5,600",-,,Pune,Residential Multistorey Apartment
Punvale Bazar,Jan-Mar 2020,4850-6350,"5,575",-,,Pune,Residential Multistorey Apartment
Punvale Bazar,Oct-Dec 2019,4800-6270,"5,535",-,,Pune,Residential Multistorey Apartment
Punvale Bazar,Jul-Sep 2019,4750-6200,"5,475",-,,Pune,Residential Multistorey Apartment
Punvale Bazar,Apr-Jun 2019,4700-6120,"5,420",-,,Pune,Residential Multistorey Apartment
Punvale Bazar,Jan-Mar 2019,4650-6050,"5,400",-,,Pune,Residential Multistorey Apartment
Punvale Bazar,Oct-Dec 2018,4600-5970,"5,350",-,,Pune,Residential Multistorey Apartment
Punvale Bazar,Jul-Sep 2018,4550-5900,"5,275",-,,Pune,Residential Multistorey Apartment
,,,,,,Pune,Residential Multistorey Apartment
Rahatani,Oct-Dec 2024,6668-10166,"8,417",3%,,Pune,Residential Multistorey Apartment
Rahatani,Jul-Sep 2024,6453-9812,"8,133",0.50%,,Pune,Residential Multistorey Apartment
Rahatani,Apr-Jun 2024,6543-9649,"8,096",0.40%,,Pune,Residential Multistorey Apartment
Rahatani,Jan-Mar 2024,6536-9590,"8,063",1%,,Pune,Residential Multistorey Apartment
Rahatani,Oct-Dec 2023,6398-9574,"7,986",5%,,Pune,Residential Multistorey Apartment
Rahatani,Jul-Sep 2023,6181-9069,"7,625",2%,,Pune,Residential Multistorey Apartment
Rahatani,Apr-Jun 2023,6078-8866,"7,472",-,,Pune,Residential Multistorey Apartment
Rahatani,Jan-Mar 2023,6012-8734,"7,373",-,,Pune,Residential Multistorey Apartment
Rahatani,Oct-Dec 2022,5900-8600,"7,250",-,,Pune,Residential Multistorey Apartment
Rahatani,Jul-Sep 2022,5850-8500,"7,175",-,,Pune,Residential Multistorey Apartment
Rahatani,Apr-Jun 2022,5800-8400,"7,100",-,,Pune,Residential Multistorey Apartment
Rahatani,Jan-Mar 2022,5750-8300,"7,025",-,,Pune,Residential Multistorey Apartment
Rahatani,Oct-Dec 2021,5700-8200,"6,950",-,,Pune,Residential Multistorey Apartment
Rahatani,Jul-Sep 2021,5650-8100,"6,875",-,,Pune,Residential Multistorey Apartment
Rahatani,Apr-Jun 2021,5600-8000,"6,800",-,,Pune,Residential Multistorey Apartment
Rahatani,Jan-Mar 2021,5550-7900,"6,725",-,,Pune,Residential Multistorey Apartment
Rahatani,Oct-Dec 2020,5500-7800,"6,650",-,,Pune,Residential Multistorey Apartment
Rahatani,Jul-Sep 2020,5450-7700,"6,575",-,,Pune,Residential Multistorey Apartment
Rahatani,Apr-Jun 2020,5400-7600,"6,500",-,,Pune,Residential Multistorey Apartment
Rahatani,Jan-Mar 2020,5350-7500,"6,425",-,,Pune,Residential Multistorey Apartment
Rahatani,Oct-Dec 2019,5300-7400,"6,350",-,,Pune,Residential Multistorey Apartment
Rahatani,Jul-Sep 2019,5250-7300,"6,275",-,,Pune,Residential Multistorey Apartment
Rahatani,Apr-Jun 2019,5200-7200,"6,200",-,,Pune,Residential Multistorey Apartment
Rahatani,Jan-Mar 2019,5150-7100,"6,125",-,,Pune,Residential Multistorey Apartment
Rahatani,Oct-Dec 2018,5100-7000,"6,050",-,,Pune,Residential Multistorey Apartment
Rahatani,Jul-Sep 2018,5050-6900,"5,975",-,,Pune,Residential Multistorey Apartment
,,,,,,Pune,Residential Multistorey Apartment
Rambaug Colony,Oct-Dec 2024,11252-16399,"13,825",2%,,Pune,Residential Multistorey Apartment
Rambaug Colony,Jul-Sep 2024,11286-15777,"13,531",1%,,Pune,Residential Multistorey Apartment
Rambaug Colony,Apr-Jun 2024,11148-15729,"13,439",,,Pune,Residential Multistorey Apartment
Rambaug Colony,Jan-Mar 2024,11148-15730,"13,439",,,Pune,Residential Multistorey Apartment
Rambaug Colony,Oct-Dec 2023,11394-14598,"12,996",1%,,Pune,Residential Multistorey Apartment
Rambaug Colony,Jul-Sep 2023,11532-14621,"13,077",1%,,Pune,Residential Multistorey Apartment
Rambaug Colony,Apr-Jun 2023,11027-15356,"13,191",1%,,Pune,Residential Multistorey Apartment
Rambaug Colony,Jan-Mar 2023,10859-15881,"13,370",8%,,Pune,Residential Multistorey Apartment
Rambaug Colony,Oct-Dec 2022,10155-14674,"12,415",5%,,Pune,Residential Multistorey Apartment
Rambaug Colony,Jul-Sep 2022,10480-15756,"13,118",0.10%,,Pune,Residential Multistorey Apartment
Rambaug Colony,Apr-Jun 2022,10566-15636,"13,101",3%,,Pune,Residential Multistorey Apartment
Rambaug Colony,Jan-Mar 2022,10795-14649,"12,722",3%,,Pune,Residential Multistorey Apartment
Rambaug Colony,Oct-Dec 2021,10007-14645,"12,326",0.30%,,Pune,Residential Multistorey Apartment
Rambaug Colony,Jul-Sep 2021,10189-14544,"12,366",6%,,Pune,Residential Multistorey Apartment
Rambaug Colony,Apr-Jun 2021,9571-13771,"11,671",4%,,Pune,Residential Multistorey Apartment
Rambaug Colony,Jan-Mar 2021,9176-13360,"11,268",1%,,Pune,Residential Multistorey Apartment
Rambaug Colony,Oct-Dec 2020,9221-13521,"11,371",,,Pune,Residential Multistorey Apartment
Rambaug Colony,Jul-Sep 2020,9221-13522,"11,371",,,Pune,Residential Multistorey Apartment
Rambaug Colony,Apr-Jun 2020,9221-13523,"11,371",,,Pune,Residential Multistorey Apartment
Rambaug Colony,Jan-Mar 2020,8878-13456,"11,167",1%,,Pune,Residential Multistorey Apartment
Rambaug Colony,Oct-Dec 2019,9471-13084,"11,278",5%,,Pune,Residential Multistorey Apartment
Rambaug Colony,Jul-Sep 2019,8510-12933,"10,721",2%,,Pune,Residential Multistorey Apartment
Rambaug Colony,Apr-Jun 2019,8265-12677,"10,471",5%,,Pune,Residential Multistorey Apartment
Rambaug Colony,Jan-Mar 2019,8720-13330,"11,025",3%,,Pune,Residential Multistorey Apartment
Rambaug Colony,Oct-Dec 2018,8889-13856,"11,372",3%,,Pune,Residential Multistorey Apartment
Rambaug Colony,Jul-Sep 2018,8903-13267,"11,085",,,Pune,Residential Multistorey Apartment
,,,,,,Pune,Residential Multistorey Apartment
Ravet,Oct-Dec 2024,5485-8047,"6,766",2%,,Pune,Residential Multistorey Apartment
Ravet,Jul-Sep 2024,5387-7877,"6,632",2%,,Pune,Residential Multistorey Apartment
Ravet,Apr-Jun 2024,5243-7735,"6,489",5%,,Pune,Residential Multistorey Apartment
Ravet,Jan-Mar 2024,4939-7448,"6,194",0.20%,,Pune,Residential Multistorey Apartment
Ravet,Oct-Dec 2023,4958-7401,"6,180",2%,,Pune,Residential Multistorey Apartment
Ravet,Jul-Sep 2023,4919-7237,"6,078",2%,,Pune,Residential Multistorey Apartment
Ravet,Apr-Jun 2023,4866-7056,"5,961",2%,,Pune,Residential Multistorey Apartment
Ravet,Jan-Mar 2023,4951-7183,"6,067",0.30%,,Pune,Residential Multistorey Apartment
Ravet,Oct-Dec 2022,4940-7233,"6,087",2%,,Pune,Residential Multistorey Apartment
Ravet,Jul-Sep 2022,4892-7093,"5,993",3%,,Pune,Residential Multistorey Apartment
Ravet,Apr-Jun 2022,4771-6856,"5,813",0.10%,,Pune,Residential Multistorey Apartment
Ravet,Jan-Mar 2022,4788-6851,"5,820",1%,,Pune,Residential Multistorey Apartment
Ravet,Oct-Dec 2021,4840-6937,"5,888",1%,,Pune,Residential Multistorey Apartment
Ravet,Jul-Sep 2021,4780-6863,"5,822",2%,,Pune,Residential Multistorey Apartment
Ravet,Apr-Jun 2021,4729-6661,"5,695",0.40%,,Pune,Residential Multistorey Apartment
Ravet,Jan-Mar 2021,4678-6663,"5,671",,,Pune,Residential Multistorey Apartment
Ravet,Oct-Dec 2020,4672-6669,"5,671",,,Pune,Residential Multistorey Apartment
Ravet,Jul-Sep 2020,4639-6647,"5,643",1%,,Pune,Residential Multistorey Apartment
Ravet,Apr-Jun 2020,4616-6604,"5,610",0.40%,,Pune,Residential Multistorey Apartment
Ravet,Jan-Mar 2020,4592-6581,"5,587",1%,,Pune,Residential Multistorey Apartment
Ravet,Oct-Dec 2019,4617-6693,"5,655",2%,,Pune,Residential Multistorey Apartment
Ravet,Jul-Sep 2019,4609-6517,"5,563",1%,,Pune,Residential Multistorey Apartment
Ravet,Apr-Jun 2019,4637-6559,"5,598",1%,,Pune,Residential Multistorey Apartment
Ravet,Jan-Mar 2019,4634-6655,"5,644",1%,,Pune,Residential Multistorey Apartment
Ravet,Oct-Dec 2018,4652-6547,"5,600",2%,,Pune,Residential Multistorey Apartment
Ravet,Jul-Sep 2018,4501-6452,"5,476",1%,,Pune,Residential Multistorey Apartment
Ravet Road,Oct-Dec 2024,4633-7627,"6,130",,,Pune,Residential Multistorey Apartment
Ravet Road,Jul-Sep 2024,4729-7665,"6,197",1%,,Pune,Residential Multistorey Apartment
Ravet Road,Apr-Jun 2024,4922-7711,"6,317",2%,,Pune,Residential Multistorey Apartment
Ravet Road,Jan-Mar 2024,4543-7413,"5,978",6%,,Pune,Residential Multistorey Apartment
Ravet Road,Oct-Dec 2023,4430-7260,"5,845",,,Pune,Residential Multistorey Apartment
Ravet Road,Jul-Sep 2023,4425-7250,"5,838",,,Pune,Residential Multistorey Apartment
Ravet Road,Apr-Jun 2023,4300-7150,"5,725",,,Pune,Residential Multistorey Apartment
Ravet Road,Jan-Mar 2023,4200-7100,"5,650",,,Pune,Residential Multistorey Apartment
Ravet Road,Oct-Dec 2022,4150-7050,"5,600",-,,Pune,Residential Multistorey Apartment
Ravet Road,Jul-Sep 2022,4100-7000,"5,550",-,,Pune,Residential Multistorey Apartment
Ravet Road,Apr-Jun 2022,4050-6950,"5,500",-,,Pune,Residential Multistorey Apartment
Ravet Road,Jan-Mar 2022,4000-6900,"5,450",-,,Pune,Residential Multistorey Apartment
Ravet Road,Oct-Dec 2021,3950-6850,"5,400",-,,Pune,Residential Multistorey Apartment
Ravet Road,Jul-Sep 2021,3900-6800,"5,350",-,,Pune,Residential Multistorey Apartment
Ravet Road,Apr-Jun 2021,3850-6750,"5,300",,,Pune,Residential Multistorey Apartment
Ravet Road,Jan-Mar 2021,3800-6700,"5,250",,,Pune,Residential Multistorey Apartment
Ravet Road,Oct-Dec 2020,3750-6650,"5,200",,,Pune,Residential Multistorey Apartment
Ravet Road,Jul-Sep 2020,3700-6600,"5,150",,,Pune,Residential Multistorey Apartment
Ravet Road,Apr-Jun 2020,3650-6550,"5,100",,,Pune,Residential Multistorey Apartment
Ravet Road,Jan-Mar 2020,3600-6500,"5,050",,,Pune,Residential Multistorey Apartment
Ravet Road,Oct-Dec 2019,3550-6450,"5,000",,,Pune,Residential Multistorey Apartment
Ravet Road,Jul-Sep 2019,3500-6400,"4,950",,,Pune,Residential Multistorey Apartment
Ravet Road,Apr-Jun 2019,3450-6350,"4,900",,,Pune,Residential Multistorey Apartment
Ravet Road,Jan-Mar 2019,3400-6300,"4,850",,,Pune,Residential Multistorey Apartment
Ravet Road,Oct-Dec 2018,3350-6250,"4,800",,,Pune,Residential Multistorey Apartment
Ravet Road,Jul-Sep 2018,3300-6200,"4,750",,,Pune,Residential Multistorey Apartment
,,,,,,Pune,Residential Multistorey Apartment
Sadashiv Peth,Oct-Dec 2024,10552-16651,"13,601",6%,,Pune,Residential Multistorey Apartment
Sadashiv Peth,Jul-Sep 2024,9633-16099,"12,866",7%,,Pune,Residential Multistorey Apartment
Sadashiv Peth,Apr-Jun 2024,10807-16741,"13,774",3%,,Pune,Residential Multistorey Apartment
Sadashiv Peth,Jan-Mar 2024,10424-16202,"13,313",3%,,Pune,Residential Multistorey Apartment
Sadashiv Peth,Oct-Dec 2023,9978-15918,"12,948",7%,,Pune,Residential Multistorey Apartment
Sadashiv Peth,Jul-Sep 2023,9295-14942,"12,119",6%,,Pune,Residential Multistorey Apartment
Sadashiv Peth,Apr-Jun 2023,8553-14244,"11,398",4%,,Pune,Residential Multistorey Apartment
Sadashiv Peth,Jan-Mar 2023,8891-14823,"11,857",6%,,Pune,Residential Multistorey Apartment
Sadashiv Peth,Oct-Dec 2022,8636-13681,"11,158",1%,,Pune,Residential Multistorey Apartment
Sadashiv Peth,Jul-Sep 2022,8580-14012,"11,296",2%,,Pune,Residential Multistorey Apartment
Sadashiv Peth,Apr-Jun 2022,8655-13585,"11,120",7%,,Pune,Residential Multistorey Apartment
Sadashiv Peth,Jan-Mar 2022,7843-12966,"10,404",0.50%,,Pune,Residential Multistorey Apartment
Sadashiv Peth,Oct-Dec 2021,8193-12711,"10,452",3%,,Pune,Residential Multistorey Apartment
Sadashiv Peth,Jul-Sep 2021,8198-13263,"10,730",1%,,Pune,Residential Multistorey Apartment
Sadashiv Peth,Apr-Jun 2021,8469-12674,"10,572",4%,,Pune,Residential Multistorey Apartment
Sadashiv Peth,Jan-Mar 2021,8039-12229,"10,134",2%,,Pune,Residential Multistorey Apartment
Sadashiv Peth,Oct-Dec 2020,8257-12348,"10,303",2%,,Pune,Residential Multistorey Apartment
Sadashiv Peth,Jul-Sep 2020,8323-12623,"10,473",5%,,Pune,Residential Multistorey Apartment
Sadashiv Peth,Apr-Jun 2020,8277-11597,"9,937",3%,,Pune,Residential Multistorey Apartment
Sadashiv Peth,Jan-Mar 2020,8193-12194,"10,193",5%,,Pune,Residential Multistorey Apartment
Sadashiv Peth,Oct-Dec 2019,8842-12705,"10,773",3%,,Pune,Residential Multistorey Apartment
Sadashiv Peth,Jul-Sep 2019,8391-12604,"10,498",1%,,Pune,Residential Multistorey Apartment
Sadashiv Peth,Apr-Jun 2019,8412-12826,"10,619",1%,,Pune,Residential Multistorey Apartment
Sadashiv Peth,Jan-Mar 2019,8584-12959,"10,771",2%,,Pune,Residential Multistorey Apartment
Sadashiv Peth,Oct-Dec 2018,8170-13041,"10,606",,,Pune,Residential Multistorey Apartment
Sadashiv Peth,Jul-Sep 2018,8331-12885,"10,608",6%,,Pune,Residential Multistorey Apartment
Sadhu Vaswani Road,Oct-Dec 2024,10883-18995,"14,939",1%,,Pune,Residential Multistorey Apartment
Sadhu Vaswani Road,Jul-Sep 2024,10895-19379,"15,137",1%,,Pune,Residential Multistorey Apartment
Sadhu Vaswani Road,Apr-Jun 2024,11706-18261,"14,983",1%,,Pune,Residential Multistorey Apartment
Sadhu Vaswani Road,Jan-Mar 2024,11860-17897,"14,879",1%,,Pune,Residential Multistorey Apartment
Sadhu Vaswani Road,Oct-Dec 2023,12547-16860,"14,704",5%,,Pune,Residential Multistorey Apartment
Sadhu Vaswani Road,Jul-Sep 2023,12020-16073,"14,046",6%,,Pune,Residential Multistorey Apartment
Sadhu Vaswani Road,Apr-Jun 2023,11139-15426,"13,282",-,,Pune,Residential Multistorey Apartment
Sadhu Vaswani Road,Jan-Mar 2023,10650-15000,"13,250",-,,Pune,Residential Multistorey Apartment
Sadhu Vaswani Road,Oct-Dec 2022,10200-14500,"13,000",-,,Pune,Residential Multistorey Apartment
Sadhu Vaswani Road,Jul-Sep 2022,10000-14000,"12,500",-,,Pune,Residential Multistorey Apartment
Sadhu Vaswani Road,Apr-Jun 2022,9800-13500,"12,100",-,,Pune,Residential Multistorey Apartment
Sadhu Vaswani Road,Jan-Mar 2022,9500-13000,"11,750",-,,Pune,Residential Multistorey Apartment
Sadhu Vaswani Road,Oct-Dec 2021,9200-12500,"11,300",-,,Pune,Residential Multistorey Apartment
Sadhu Vaswani Road,Jul-Sep 2021,8900-12000,"10,850",-,,Pune,Residential Multistorey Apartment
Sadhu Vaswani Road,Apr-Jun 2021,8600-11500,"10,350",-,,Pune,Residential Multistorey Apartment
Sadhu Vaswani Road,Jan-Mar 2021,8300-11000,"9,700",-,,Pune,Residential Multistorey Apartment
Sadhu Vaswani Road,Oct-Dec 2020,8000-10500,"9,250",-,,Pune,Residential Multistorey Apartment
Sadhu Vaswani Road,Jul-Sep 2020,7800-10200,"9,000",-,,Pune,Residential Multistorey Apartment
Sadhu Vaswani Road,Apr-Jun 2020,7600-10000,"8,800",-,,Pune,Residential Multistorey Apartment
Sadhu Vaswani Road,Jan-Mar 2020,7400-9800,"8,600",-,,Pune,Residential Multistorey Apartment
Sadhu Vaswani Road,Oct-Dec 2019,7200-9600,"8,400",-,,Pune,Residential Multistorey Apartment
Sadhu Vaswani Road,Jul-Sep 2019,7000-9400,"8,200",-,,Pune,Residential Multistorey Apartment
Sadhu Vaswani Road,Apr-Jun 2019,6800-9200,"8,000",-,,Pune,Residential Multistorey Apartment
Sadhu Vaswani Road,Jan-Mar 2019,6600-9000,"7,800",-,,Pune,Residential Multistorey Apartment
Sadhu Vaswani Road,Oct-Dec 2018,6400-8800,"7,600",-,,Pune,Residential Multistorey Apartment
Sadhu Vaswani Road,Jul-Sep 2018,6200-8600,"7,400",-,,Pune,Residential Multistorey Apartment
,,,,,,,
,,,,,,Pune,Residential Multistorey Apartment
Salisbury Park,Oct-Dec 2024,10901-16952,"13,927",1%,,Pune,Residential Multistorey Apartment
Salisbury Park,Jul-Sep 2024,10841-16730,"13,786",8%,,Pune,Residential Multistorey Apartment
Salisbury Park,Apr-Jun 2024,9714-15762,"12,738",1%,,Pune,Residential Multistorey Apartment
Salisbury Park,Jan-Mar 2024,9824-15432,"12,628",4%,,Pune,Residential Multistorey Apartment
Salisbury Park,Oct-Dec 2023,9529-14800,"12,165",2%,,Pune,Residential Multistorey Apartment
Salisbury Park,Jul-Sep 2023,9420-14529,"11,975",0.30%,,Pune,Residential Multistorey Apartment
Salisbury Park,Apr-Jun 2023,9240-14650,"11,945",2%,,Pune,Residential Multistorey Apartment
Salisbury Park,Jan-Mar 2023,9006-14514,"11,760",2%,,Pune,Residential Multistorey Apartment
Salisbury Park,Oct-Dec 2022,8991-14897,"11,944",2%,,Pune,Residential Multistorey Apartment
Salisbury Park,Jul-Sep 2022,9298-14200,"11,749",2%,,Pune,Residential Multistorey Apartment
Salisbury Park,Apr-Jun 2022,9240-13717,"11,478",1%,,Pune,Residential Multistorey Apartment
Salisbury Park,Jan-Mar 2022,8741-14368,"11,554",2%,,Pune,Residential Multistorey Apartment
Salisbury Park,Oct-Dec 2021,8594-14131,"11,362",11%,,Pune,Residential Multistorey Apartment
Salisbury Park,Jul-Sep 2021,7729-12821,"10,275",2%,,Pune,Residential Multistorey Apartment
Salisbury Park,Apr-Jun 2021,8163-12912,"10,537",1%,,Pune,Residential Multistorey Apartment
Salisbury Park,Jan-Mar 2021,8079-12734,"10,406",,,Pune,Residential Multistorey Apartment
Salisbury Park,Oct-Dec 2020,8079-12735,"10,406",,,Pune,Residential Multistorey Apartment
Salisbury Park,Jul-Sep 2020,8079-12736,"10,406",,,Pune,Residential Multistorey Apartment
Salisbury Park,Apr-Jun 2020,8079-12737,"10,406",,,Pune,Residential Multistorey Apartment
Salisbury Park,Jan-Mar 2020,8343-12717,"10,530",,,Pune,Residential Multistorey Apartment
Salisbury Park,Oct-Dec 2019,8343-12718,"10,530",,,Pune,Residential Multistorey Apartment
Salisbury Park,Jul-Sep 2019,8326-11867,"10,096",3%,,Pune,Residential Multistorey Apartment
Salisbury Park,Apr-Jun 2019,8211-12517,"10,364",-,,Pune,Residential Multistorey Apartment
Salisbury Park,Jan-Mar 2019,8211-12518,"10,364",-,,Pune,Residential Multistorey Apartment
Salisbury Park,Oct-Dec 2018,7691-11971,"9,831",12%,,Pune,Residential Multistorey Apartment
Salisbury Park,Jul-Sep 2018,8365-14015,"11,190",0.30%,,Pune,Residential Multistorey Apartment
,,,,,,Pune,Residential Multistorey Apartment
Salunkhe Vihar Society,Oct-Dec 2024,6703-9840,"8,271",1%,,Pune,Residential Multistorey Apartment
Salunkhe Vihar Society,Jul-Sep 2024,6804-9932,"8,368",4%,,Pune,Residential Multistorey Apartment
Salunkhe Vihar Society,Apr-Jun 2024,6354-9701,"8,027",2%,,Pune,Residential Multistorey Apartment
Salunkhe Vihar Society,Jan-Mar 2024,6445-9361,"7,903",5%,,Pune,Residential Multistorey Apartment
Salunkhe Vihar Society,Oct-Dec 2023,6306-8774,"7,540",1%,,Pune,Residential Multistorey Apartment
Salunkhe Vihar Society,Jul-Sep 2023,6315-8926,"7,620",5%,,Pune,Residential Multistorey Apartment
Salunkhe Vihar Society,Apr-Jun 2023,5998-8555,"7,276",3%,,Pune,Residential Multistorey Apartment
Salunkhe Vihar Society,Jan-Mar 2023,6019-8981,"7,500",2%,,Pune,Residential Multistorey Apartment
Salunkhe Vihar Society,Oct-Dec 2022,5727-8957,"7,342",2%,,Pune,Residential Multistorey Apartment
Salunkhe Vihar Society,Jul-Sep 2022,5967-8474,"7,221",3%,,Pune,Residential Multistorey Apartment
Salunkhe Vihar Society,Apr-Jun 2022,6027-7942,"6,985",1%,,Pune,Residential Multistorey Apartment
Salunkhe Vihar Society,Jan-Mar 2022,5943-8202,"7,072",2%,,Pune,Residential Multistorey Apartment
Salunkhe Vihar Society,Oct-Dec 2021,5766-8119,"6,942",4%,,Pune,Residential Multistorey Apartment
Salunkhe Vihar Society,Jul-Sep 2021,5621-7778,"6,699",2%,,Pune,Residential Multistorey Apartment
Salunkhe Vihar Society,Apr-Jun 2021,5644-7981,"6,813",2%,,Pune,Residential Multistorey Apartment
Salunkhe Vihar Society,Jan-Mar 2021,5699-8202,"6,950",0.30%,,Pune,Residential Multistorey Apartment
Salunkhe Vihar Society,Oct-Dec 2020,5781-8158,"6,969",0.30%,,Pune,Residential Multistorey Apartment
Salunkhe Vihar Society,Jul-Sep 2020,5579-8314,"6,946",6%,,Pune,Residential Multistorey Apartment
Salunkhe Vihar Society,Apr-Jun 2020,5467-7579,"6,523",1%,,Pune,Residential Multistorey Apartment
Salunkhe Vihar Society,Jan-Mar 2020,5481-7464,"6,472",2%,,Pune,Residential Multistorey Apartment
Salunkhe Vihar Society,Oct-Dec 2019,5562-7693,"6,628",4%,,Pune,Residential Multistorey Apartment
Salunkhe Vihar Society,Jul-Sep 2019,5542-8218,"6,880",2%,,Pune,Residential Multistorey Apartment
Salunkhe Vihar Society,Apr-Jun 2019,5685-8309,"6,997",2%,,Pune,Residential Multistorey Apartment
Salunkhe Vihar Society,Jan-Mar 2019,5773-8484,"7,129",7%,,Pune,Residential Multistorey Apartment
Salunkhe Vihar Society,Oct-Dec 2018,5565-7722,"6,643",1%,,Pune,Residential Multistorey Apartment
Salunkhe Vihar Society,Jul-Sep 2018,5361-7736,"6,548",1%,,Pune,Residential Multistorey Apartment
Sangamvadi,Oct-Dec 2024,10909-20252,"15,580",4%,,Pune,Residential Multistorey Apartment
Sangamvadi,Jul-Sep 2024,10748-19182,"14,965",0.30%,,Pune,Residential Multistorey Apartment
Sangamvadi,Apr-Jun 2024,11746-18287,"15,016",1%,,Pune,Residential Multistorey Apartment
Sangamvadi,Jan-Mar 2024,11723-18062,"14,892",1%,,Pune,Residential Multistorey Apartment
Sangamvadi,Oct-Dec 2023,11723-18063,"14,892",5%,,Pune,Residential Multistorey Apartment
Sangamvadi,Jul-Sep 2023,11723-18064,"14,892",2%,,Pune,Residential Multistorey Apartment
Sangamvadi,Apr-Jun 2023,11723-18065,"14,892",3%,,Pune,Residential Multistorey Apartment
Sangamvadi,Jan-Mar 2023,11723-18066,"14,892",-,,Pune,Residential Multistorey Apartment
Sangamvadi,Oct-Dec 2022,8231-14621,"11,426",5%,,Pune,Residential Multistorey Apartment
Sangamvadi,Jul-Sep 2022,7502-14299,"10,900",2%,,Pune,Residential Multistorey Apartment
Sangamvadi,Apr-Jun 2022,8270-13965,"11,118",3%,,Pune,Residential Multistorey Apartment
Sangamvadi,Jan-Mar 2022,8094-13579,"10,836",2%,,Pune,Residential Multistorey Apartment
Sangamvadi,Oct-Dec 2021,8000-13000,"10,000",4%,,Pune,Residential Multistorey Apartment
Sangamvadi,Jul-Sep 2021,7700-12600,"10,150",2%,,Pune,Residential Multistorey Apartment
Sangamvadi,Apr-Jun 2021,7400-12000,"9,700",1%,,Pune,Residential Multistorey Apartment
Sangamvadi,Jan-Mar 2021,7100-11500,"9,300",1%,,Pune,Residential Multistorey Apartment
Sangamvadi,Oct-Dec 2020,6800-11000,"8,900",0.50%,,Pune,Residential Multistorey Apartment
Sangamvadi,Jul-Sep 2020,6700-10800,"8,750",0.50%,,Pune,Residential Multistorey Apartment
Sangamvadi,Apr-Jun 2020,6600-10700,"8,650",0.30%,,Pune,Residential Multistorey Apartment
Sangamvadi,Jan-Mar 2020,6500-10500,"8,500",0.20%,,Pune,Residential Multistorey Apartment
Sangamvadi,Oct-Dec 2019,6300-10200,"8,250",0.10%,,Pune,Residential Multistorey Apartment
Sangamvadi,Jul-Sep 2019,6200-10100,"8,150",0.10%,,Pune,Residential Multistorey Apartment
Sangamvadi,Apr-Jun 2019,6100-10000,"8,050",0.10%,,Pune,Residential Multistorey Apartment
Sangamvadi,Jan-Mar 2019,6000-9800,"7,900",0%,,Pune,Residential Multistorey Apartment
Sangamvadi,Oct-Dec 2018,5900-9600,"7,750",-,,Pune,Residential Multistorey Apartment
Sangamvadi,Jul-Sep 2018,5800-9400,"7,600",-,,Pune,Residential Multistorey Apartment
Saswad Road,Oct-Dec 2024,7065-12274,"9,670",6%,,Pune,Residential Multistorey Apartment
Saswad Road,Jul-Sep 2024,6626-11704,"9,165",6%,,Pune,Residential Multistorey Apartment
Saswad Road,Apr-Jun 2024,6156-11179,"8,668",8%,,Pune,Residential Multistorey Apartment
Saswad Road,Jan-Mar 2024,5642-10404,"8,023",2%,,Pune,Residential Multistorey Apartment
Saswad Road,Oct-Dec 2023,5522-10276,"7,899",10%,,Pune,Residential Multistorey Apartment
Saswad Road,Jul-Sep 2023,6422-11085,"8,753",8%,,Pune,Residential Multistorey Apartment
Saswad Road,Apr-Jun 2023,5782-10421,"8,101",-,,Pune,Residential Multistorey Apartment
Saswad Road,Jan-Mar 2023,5700-10200,"8,050",-,,Pune,Residential Multistorey Apartment
Saswad Road,Oct-Dec 2022,5300-9800,"7,600",10%,,Pune,Residential Multistorey Apartment
Saswad Road,Jul-Sep 2022,5200-9500,"7,350",6%,,Pune,Residential Multistorey Apartment
Saswad Road,Apr-Jun 2022,5100-9200,"7,100",4%,,Pune,Residential Multistorey Apartment
Saswad Road,Jan-Mar 2022,5000-9000,"6,750",3%,,Pune,Residential Multistorey Apartment
Saswad Road,Oct-Dec 2021,4900-8700,"6,300",5%,,Pune,Residential Multistorey Apartment
Saswad Road,Jul-Sep 2021,4800-8500,"6,150",4%,,Pune,Residential Multistorey Apartment
Saswad Road,Apr-Jun 2021,4700-8300,"6,000",4%,,Pune,Residential Multistorey Apartment
Saswad Road,Jan-Mar 2021,4600-8100,"5,900",3%,,Pune,Residential Multistorey Apartment
Saswad Road,Oct-Dec 2020,4500-7800,"5,650",2%,,Pune,Residential Multistorey Apartment
Saswad Road,Jul-Sep 2020,4400-7700,"5,550",2%,,Pune,Residential Multistorey Apartment
Saswad Road,Apr-Jun 2020,4300-7600,"5,450",2%,,Pune,Residential Multistorey Apartment
Saswad Road,Jan-Mar 2020,4200-7400,"5,300",1%,,Pune,Residential Multistorey Apartment
Saswad Road,Oct-Dec 2019,4100-7200,"5,150",0.50%,,Pune,Residential Multistorey Apartment
Saswad Road,Jul-Sep 2019,4000-7100,"5,050",0.50%,,Pune,Residential Multistorey Apartment
Saswad Road,Apr-Jun 2019,3900-7000,"4,950",0.50%,,Pune,Residential Multistorey Apartment
Saswad Road,Jan-Mar 2019,3800-6900,"4,850",0.50%,,Pune,Residential Multistorey Apartment
Saswad Road,Oct-Dec 2018,3700-6800,"4,750",-,,Pune,Residential Multistorey Apartment
Saswad Road,Jul-Sep 2018,3600-6700,"4,650",-,,Pune,Residential Multistorey Apartment
,,,,,,,
,,,,,,Pune,Residential Multistorey Apartment
Satara Road,Oct-Dec 2024,6046-10958,"8,502",3%,,Pune,Residential Multistorey Apartment
Satara Road,Jul-Sep 2024,5770-10696,"8,233",5%,,Pune,Residential Multistorey Apartment
Satara Road,Apr-Jun 2024,5545-10186,"7,866",2%,,Pune,Residential Multistorey Apartment
Satara Road,Jan-Mar 2024,5527-9915,"7,721",0.20%,,Pune,Residential Multistorey Apartment
Satara Road,Oct-Dec 2023,5504-9910,"7,707",4%,,Pune,Residential Multistorey Apartment
Satara Road,Jul-Sep 2023,5817-10288,"8,053",15%,,Pune,Residential Multistorey Apartment
Satara Road,Apr-Jun 2023,4944-9039,"6,991",30%,,Pune,Residential Multistorey Apartment
Satara Road,Jan-Mar 2023,3927-6806,"5,366",1%,,Pune,Residential Multistorey Apartment
Satara Road,Oct-Dec 2022,3851-6729,"5,290",0.30%,,Pune,Residential Multistorey Apartment
Satara Road,Jul-Sep 2022,3872-6672,"5,272",2%,,Pune,Residential Multistorey Apartment
Satara Road,Apr-Jun 2022,3926-6805,"5,366",2%,,Pune,Residential Multistorey Apartment
Satara Road,Jan-Mar 2022,3860-6626,"5,243",-,,Pune,Residential Multistorey Apartment
Satara Road,Oct-Dec 2021,3858-6617,"5,238",3%,,Pune,Residential Multistorey Apartment
Satara Road,Jul-Sep 2021,3990-6755,"5,373",1%,,Pune,Residential Multistorey Apartment
Satara Road,Apr-Jun 2021,4001-6807,"5,404",2%,,Pune,Residential Multistorey Apartment
Satara Road,Jan-Mar 2021,4119-6875,"5,497",1%,,Pune,Residential Multistorey Apartment
Satara Road,Oct-Dec 2020,4157-6910,"5,533",4%,,Pune,Residential Multistorey Apartment
Satara Road,Jul-Sep 2020,4028-6615,"5,321",3%,,Pune,Residential Multistorey Apartment
Satara Road,Apr-Jun 2020,4222-6787,"5,505",0.30%,,Pune,Residential Multistorey Apartment
Satara Road,Jan-Mar 2020,4278-6771,"5,524",3%,,Pune,Residential Multistorey Apartment
Satara Road,Oct-Dec 2019,4077-6680,"5,378",1%,,Pune,Residential Multistorey Apartment
Satara Road,Jul-Sep 2019,4086-6781,"5,434",1%,,Pune,Residential Multistorey Apartment
Satara Road,Apr-Jun 2019,4139-6844,"5,492",3%,,Pune,Residential Multistorey Apartment
Satara Road,Jan-Mar 2019,4001-6635,"5,318",1%,,Pune,Residential Multistorey Apartment
Satara Road,Oct-Dec 2018,4016-6772,"5,394",0.40%,,Pune,Residential Multistorey Apartment
Satara Road,Jul-Sep 2018,4121-6709,"5,415",2%,,Pune,Residential Multistorey Apartment
,,,,,,Pune,Residential Multistorey Apartment
Senapati Bapat Road,Oct-Dec 2024,12997-19369,"16,183",2%,,Pune,Residential Multistorey Apartment
Senapati Bapat Road,Jul-Sep 2024,13051-19825,"16,438",2%,,Pune,Residential Multistorey Apartment
Senapati Bapat Road,Apr-Jun 2024,12930-19242,"16,086",3%,,Pune,Residential Multistorey Apartment
Senapati Bapat Road,Jan-Mar 2024,12422-18821,"15,621",0.40%,,Pune,Residential Multistorey Apartment
Senapati Bapat Road,Oct-Dec 2023,12300-18826,"15,563",1%,,Pune,Residential Multistorey Apartment
Senapati Bapat Road,Jul-Sep 2023,12145-18607,"15,376",2%,,Pune,Residential Multistorey Apartment
Senapati Bapat Road,Apr-Jun 2023,11858-18421,"15,139",,,Pune,Residential Multistorey Apartment
Senapati Bapat Road,Jan-Mar 2023,11858-18422,"15,139",-,,Pune,Residential Multistorey Apartment
Senapati Bapat Road,Oct-Dec 2022,11045-16438,"13,742",3%,,Pune,Residential Multistorey Apartment
Senapati Bapat Road,Jul-Sep 2022,11180-15382,"13,281",4%,,Pune,Residential Multistorey Apartment
Senapati Bapat Road,Apr-Jun 2022,10526-14976,"12,751",2%,,Pune,Residential Multistorey Apartment
Senapati Bapat Road,Jan-Mar 2022,10049-14951,"12,500",1%,,Pune,Residential Multistorey Apartment
Senapati Bapat Road,Oct-Dec 2021,10203-14669,"12,436",3%,,Pune,Residential Multistorey Apartment
Senapati Bapat Road,Jul-Sep 2021,10768-14883,"12,825",2%,,Pune,Residential Multistorey Apartment
Senapati Bapat Road,Apr-Jun 2021,10488-14755,"12,622",3%,,Pune,Residential Multistorey Apartment
Senapati Bapat Road,Jan-Mar 2021,10020-14556,"12,288",2%,,Pune,Residential Multistorey Apartment
Senapati Bapat Road,Oct-Dec 2020,9940-14197,"12,068",1%,,Pune,Residential Multistorey Apartment
Senapati Bapat Road,Jul-Sep 2020,9898-14359,"12,129",-,,Pune,Residential Multistorey Apartment
Senapati Bapat Road,Apr-Jun 2020,9898-14360,"12,129",-,,Pune,Residential Multistorey Apartment
Senapati Bapat Road,Jan-Mar 2020,10431-14868,"12,649",4%,,Pune,Residential Multistorey Apartment
Senapati Bapat Road,Oct-Dec 2019,10611-15694,"13,152",3%,,Pune,Residential Multistorey Apartment
Senapati Bapat Road,Jul-Sep 2019,10396-15208,"12,802",2%,,Pune,Residential Multistorey Apartment
Senapati Bapat Road,Apr-Jun 2019,10214-14895,"12,554",1%,,Pune,Residential Multistorey Apartment
Senapati Bapat Road,Jan-Mar 2019,10218-15227,"12,723",2%,,Pune,Residential Multistorey Apartment
Senapati Bapat Road,Oct-Dec 2018,10542-15339,"12,941",3%,,Pune,Residential Multistorey Apartment
Senapati Bapat Road,Jul-Sep 2018,10097-15152,"12,625",4%,,Pune,Residential Multistorey Apartment
,,,,,,Pune,Residential Multistorey Apartment
Shankar Kalat Nagar,Oct-Dec 2024,6855-10256,"8,556",1%,,Pune,Residential Multistorey Apartment
Shankar Kalat Nagar,Jul-Sep 2024,7187-10156,"8,672",4%,,Pune,Residential Multistorey Apartment
Shankar Kalat Nagar,Apr-Jun 2024,6666-10051,"8,359",2%,,Pune,Residential Multistorey Apartment
Shankar Kalat Nagar,Jan-Mar 2024,6524-9905,"8,215",4%,,Pune,Residential Multistorey Apartment
Shankar Kalat Nagar,Oct-Dec 2023,6355-9478,"7,916",5%,,Pune,Residential Multistorey Apartment
Shankar Kalat Nagar,Jul-Sep 2023,6099-8935,"7,517",2%,,Pune,Residential Multistorey Apartment
Shankar Kalat Nagar,Apr-Jun 2023,6164-9151,"7,657",2%,,Pune,Residential Multistorey Apartment
Shankar Kalat Nagar,Jan-Mar 2023,6103-8864,"7,484",3%,,Pune,Residential Multistorey Apartment
Shankar Kalat Nagar,Oct-Dec 2022,5969-8561,"7,265",2%,,Pune,Residential Multistorey Apartment
Shankar Kalat Nagar,Jul-Sep 2022,5926-8293,"7,109",2%,,Pune,Residential Multistorey Apartment
Shankar Kalat Nagar,Apr-Jun 2022,5773-8143,"6,958",-,,Pune,Residential Multistorey Apartment
Shankar Kalat Nagar,Jan-Mar 2022,5850-7999,"6,924",1%,,Pune,Residential Multistorey Apartment
Shankar Kalat Nagar,Oct-Dec 2021,5915-7840,"6,877",1%,,Pune,Residential Multistorey Apartment
Shankar Kalat Nagar,Jul-Sep 2021,5754-7838,"6,796",,,Pune,Residential Multistorey Apartment
Shankar Kalat Nagar,Apr-Jun 2021,5694-7887,"6,790",2%,,Pune,Residential Multistorey Apartment
Shankar Kalat Nagar,Jan-Mar 2021,5638-7728,"6,683",3%,,Pune,Residential Multistorey Apartment
Shankar Kalat Nagar,Oct-Dec 2020,5439-7494,"6,467",2%,,Pune,Residential Multistorey Apartment
Shankar Kalat Nagar,Jul-Sep 2020,5527-7684,"6,605",1%,,Pune,Residential Multistorey Apartment
Shankar Kalat Nagar,Apr-Jun 2020,5497-7526,"6,511",2%,,Pune,Residential Multistorey Apartment
Shankar Kalat Nagar,Jan-Mar 2020,5547-7739,"6,643",1%,,Pune,Residential Multistorey Apartment
Shankar Kalat Nagar,Oct-Dec 2019,5634-7764,"6,699",2%,,Pune,Residential Multistorey Apartment
Shankar Kalat Nagar,Jul-Sep 2019,5546-7572,"6,559",1%,,Pune,Residential Multistorey Apartment
Shankar Kalat Nagar,Apr-Jun 2019,5646-7582,"6,614",0.20%,,Pune,Residential Multistorey Apartment
Shankar Kalat Nagar,Jan-Mar 2019,5591-7606,"6,599",2%,,Pune,Residential Multistorey Apartment
Shankar Kalat Nagar,Oct-Dec 2018,5499-7464,"6,481",2%,,Pune,Residential Multistorey Apartment
Shankar Kalat Nagar,Jul-Sep 2018,5444-7280,"6,362",2%,,Pune,Residential Multistorey Apartment
Shankar Sheth Road,Oct-Dec 2024,5630-9734,"7,682",8%,,Pune,Residential Multistorey Apartment
Shankar Sheth Road,Jul-Sep 2024,5261-8986,"7,124",3%,,Pune,Residential Multistorey Apartment
Shankar Sheth Road,Apr-Jun 2024,4830-9062,"6,946",4%,,Pune,Residential Multistorey Apartment
Shankar Sheth Road,Jan-Mar 2024,5285-8095,"6,690",7%,,Pune,Residential Multistorey Apartment
Shankar Sheth Road,Oct-Dec 2023,4673-7777,"6,225",5%,,Pune,Residential Multistorey Apartment
Shankar Sheth Road,Jul-Sep 2023,4510-7590,"5,925",3%,,Pune,Residential Multistorey Apartment
Shankar Sheth Road,Apr-Jun 2023,4360-7450,"5,640",4%,,Pune,Residential Multistorey Apartment
Shankar Sheth Road,Jan-Mar 2023,4220-7300,"5,400",3%,,Pune,Residential Multistorey Apartment
Shankar Sheth Road,Oct-Dec 2022,4085-7150,"5,160",4%,,Pune,Residential Multistorey Apartment
Shankar Sheth Road,Jul-Sep 2022,3960-7000,"4,980",3%,,Pune,Residential Multistorey Apartment
Shankar Sheth Road,Apr-Jun 2022,3845-6850,"4,800",5%,,Pune,Residential Multistorey Apartment
Shankar Sheth Road,Jan-Mar 2022,3735-6700,"4,600",4%,,Pune,Residential Multistorey Apartment
Shankar Sheth Road,Oct-Dec 2021,3630-6550,"4,430",5%,,Pune,Residential Multistorey Apartment
Shankar Sheth Road,Jul-Sep 2021,3530-6400,"4,290",3%,,Pune,Residential Multistorey Apartment
Shankar Sheth Road,Apr-Jun 2021,3430-6250,"4,160",4%,,Pune,Residential Multistorey Apartment
Shankar Sheth Road,Jan-Mar 2021,3335-6100,"4,030",3%,,Pune,Residential Multistorey Apartment
Shankar Sheth Road,Oct-Dec 2020,3245-5950,"3,910",4%,,Pune,Residential Multistorey Apartment
Shankar Sheth Road,Jul-Sep 2020,3160-5800,"3,780",3%,,Pune,Residential Multistorey Apartment
Shankar Sheth Road,Apr-Jun 2020,3080-5650,"3,650",5%,,Pune,Residential Multistorey Apartment
Shankar Sheth Road,Jan-Mar 2020,3005-5500,"3,520",4%,,Pune,Residential Multistorey Apartment
Shankar Sheth Road,Oct-Dec 2019,2930-5350,"3,400",4%,,Pune,Residential Multistorey Apartment
Shankar Sheth Road,Jul-Sep 2019,2860-5200,"3,280",3%,,Pune,Residential Multistorey Apartment
Shankar Sheth Road,Apr-Jun 2019,2795-5050,"3,160",5%,,Pune,Residential Multistorey Apartment
Shankar Sheth Road,Jan-Mar 2019,2730-4900,"3,040",4%,,Pune,Residential Multistorey Apartment
Shankar Sheth Road,Oct-Dec 2018,2670-4750,"2,920",5%,,Pune,Residential Multistorey Apartment
Shankar Sheth Road,Jul-Sep 2018,2610-4600,"2,800",4%,,Pune,Residential Multistorey Apartment
,,,,,,,
Shewalewadi,Oct-Dec 2024,6743-10819,"8,781",1%,,Pune,Residential Multistorey Apartment
Shewalewadi,Jul-Sep 2024,6888-10939,"8,914",6%,,Pune,Residential Multistorey Apartment
Shewalewadi,Apr-Jun 2024,6519-10323,"8,421",4%,,Pune,Residential Multistorey Apartment
Shewalewadi,Jan-Mar 2024,6272-9851,"8,062",1%,,Pune,Residential Multistorey Apartment
Shewalewadi,Oct-Dec 2023,6199-9709,"7,954",16%,,Pune,Residential Multistorey Apartment
Shewalewadi,Jul-Sep 2023,5552-8150,"6,851",2%,,Pune,Residential Multistorey Apartment
Shewalewadi,Apr-Jun 2023,5581-7889,"6,735",5%,,Pune,Residential Multistorey Apartment
Shewalewadi,Jan-Mar 2023,5430-7700,"6,615",3%,,Pune,Residential Multistorey Apartment
Shewalewadi,Oct-Dec 2022,5285-7550,"6,405",5%,,Pune,Residential Multistorey Apartment
Shewalewadi,Jul-Sep 2022,5140-7400,"6,160",4%,,Pune,Residential Multistorey Apartment
Shewalewadi,Apr-Jun 2022,5000-7250,"5,915",6%,,Pune,Residential Multistorey Apartment
Shewalewadi,Jan-Mar 2022,4860-7100,"5,680",3%,,Pune,Residential Multistorey Apartment
Shewalewadi,Oct-Dec 2021,4725-6950,"5,450",4%,,Pune,Residential Multistorey Apartment
Shewalewadi,Jul-Sep 2021,4595-6800,"5,220",5%,,Pune,Residential Multistorey Apartment
Shewalewadi,Apr-Jun 2021,4470-6650,"5,000",4%,,Pune,Residential Multistorey Apartment
Shewalewadi,Jan-Mar 2021,4350-6500,"4,780",3%,,Pune,Residential Multistorey Apartment
Shewalewadi,Oct-Dec 2020,4235-6350,"4,560",5%,,Pune,Residential Multistorey Apartment
Shewalewadi,Jul-Sep 2020,4120-6200,"4,380",4%,,Pune,Residential Multistorey Apartment
Shewalewadi,Apr-Jun 2020,4010-6050,"4,200",6%,,Pune,Residential Multistorey Apartment
Shewalewadi,Jan-Mar 2020,3905-5900,"4,040",3%,,Pune,Residential Multistorey Apartment
Shewalewadi,Oct-Dec 2019,3800-5750,"3,880",5%,,Pune,Residential Multistorey Apartment
Shewalewadi,Jul-Sep 2019,3700-5600,"3,740",4%,,Pune,Residential Multistorey Apartment
Shewalewadi,Apr-Jun 2019,3605-5450,"3,600",6%,,Pune,Residential Multistorey Apartment
Shewalewadi,Jan-Mar 2019,3515-5300,"3,470",3%,,Pune,Residential Multistorey Apartment
Shewalewadi,Oct-Dec 2018,3430-5150,"3,340",4%,,Pune,Residential Multistorey Apartment
Shewalewadi,Jul-Sep 2018,3350-5000,"3,220",5%,,Pune,Residential Multistorey Apartment
,,,,,,,
,,,,,,Pune,Residential Multistorey Apartment
Shirole Road,Oct-Dec 2024,13179-19492,"16,336",0%,,Pune,Residential Multistorey Apartment
Shirole Road,Jul-Sep 2024,13000-19300,"16,120",3%,,Pune,Residential Multistorey Apartment
Shirole Road,Apr-Jun 2024,13276-19409,"16,343",3%,,Pune,Residential Multistorey Apartment
Shirole Road,Jan-Mar 2024,12584-19241,"15,912",1%,,Pune,Residential Multistorey Apartment
Shirole Road,Oct-Dec 2023,12345-19012,"15,678",1%,,Pune,Residential Multistorey Apartment
Shirole Road,Jul-Sep 2023,12255-18795,"15,525",0.40%,,Pune,Residential Multistorey Apartment
Shirole Road,Apr-Jun 2023,12205-18969,"15,587",3%,,Pune,Residential Multistorey Apartment
Shirole Road,Jan-Mar 2023,12064-18201,"15,132",-,,Pune,Residential Multistorey Apartment
Shirole Road,Oct-Dec 2022,11900-18000,"14,950",2%,,Pune,Residential Multistorey Apartment
Shirole Road,Jul-Sep 2022,11750-17850,"14,800",2%,,Pune,Residential Multistorey Apartment
Shirole Road,Apr-Jun 2022,11600-17700,"14,650",3%,,Pune,Residential Multistorey Apartment
Shirole Road,Jan-Mar 2022,11450-17550,"14,500",2%,,Pune,Residential Multistorey Apartment
Shirole Road,Oct-Dec 2021,11300-17400,"14,350",3%,,Pune,Residential Multistorey Apartment
Shirole Road,Jul-Sep 2021,11150-17200,"14,200",2%,,Pune,Residential Multistorey Apartment
Shirole Road,Apr-Jun 2021,11000-17000,"14,050",2%,,Pune,Residential Multistorey Apartment
Shirole Road,Jan-Mar 2021,10850-16800,"13,900",3%,,Pune,Residential Multistorey Apartment
Shirole Road,Oct-Dec 2020,10700-16600,"13,750",2%,,Pune,Residential Multistorey Apartment
Shirole Road,Jul-Sep 2020,10550-16400,"13,600",3%,,Pune,Residential Multistorey Apartment
Shirole Road,Apr-Jun 2020,10400-16200,"13,450",2%,,Pune,Residential Multistorey Apartment
Shirole Road,Jan-Mar 2020,10250-16000,"13,300",3%,,Pune,Residential Multistorey Apartment
Shirole Road,Oct-Dec 2019,10100-15800,"13,150",2%,,Pune,Residential Multistorey Apartment
Shirole Road,Jul-Sep 2019,9950-15600,"13,000",3%,,Pune,Residential Multistorey Apartment
Shirole Road,Apr-Jun 2019,9800-15400,"12,850",2%,,Pune,Residential Multistorey Apartment
Shirole Road,Jan-Mar 2019,9650-15200,"12,700",3%,,Pune,Residential Multistorey Apartment
Shirole Road,Oct-Dec 2018,9500-15000,"12,550",2%,,Pune,Residential Multistorey Apartment
Shirole Road,Jul-Sep 2018,9350-14800,"12,400",3%,,Pune,Residential Multistorey Apartment
,,,,,,Pune,Residential Multistorey Apartment
Shivajinagar,Oct-Dec 2024,13199-19762,"16,481",2%,,Pune,Residential Multistorey Apartment
Shivajinagar,Jul-Sep 2024,13458-20047,"16,752",2%,,Pune,Residential Multistorey Apartment
Shivajinagar,Apr-Jun 2024,13263-19447,"16,355",3%,,Pune,Residential Multistorey Apartment
Shivajinagar,Jan-Mar 2024,12507-19176,"15,841",2%,,Pune,Residential Multistorey Apartment
Shivajinagar,Oct-Dec 2023,12259-18928,"15,593",1%,,Pune,Residential Multistorey Apartment
Shivajinagar,Jul-Sep 2023,12187-18710,"15,448",0.20%,,Pune,Residential Multistorey Apartment
Shivajinagar,Apr-Jun 2023,12056-18787,"15,422",3%,,Pune,Residential Multistorey Apartment
Shivajinagar,Jan-Mar 2023,11954-18126,"15,040",2%,,Pune,Residential Multistorey Apartment
Shivajinagar,Oct-Dec 2022,11499-18013,"14,756",1%,,Pune,Residential Multistorey Apartment
Shivajinagar,Jul-Sep 2022,11587-18176,"14,882",2%,,Pune,Residential Multistorey Apartment
Shivajinagar,Apr-Jun 2022,11363-17952,"14,657",9%,,Pune,Residential Multistorey Apartment
Shivajinagar,Jan-Mar 2022,10172-16660,"13,416",1%,,Pune,Residential Multistorey Apartment
Shivajinagar,Oct-Dec 2021,10762-16324,"13,543",3%,,Pune,Residential Multistorey Apartment
Shivajinagar,Jul-Sep 2021,11094-16714,"13,904",2%,,Pune,Residential Multistorey Apartment
Shivajinagar,Apr-Jun 2021,10461-16754,"13,608",1%,,Pune,Residential Multistorey Apartment
Shivajinagar,Jan-Mar 2021,10515-16363,"13,439",2%,,Pune,Residential Multistorey Apartment
Shivajinagar,Oct-Dec 2020,10634-16748,"13,691",0.40%,,Pune,Residential Multistorey Apartment
Shivajinagar,Jul-Sep 2020,11162-16334,"13,748",3%,,Pune,Residential Multistorey Apartment
Shivajinagar,Apr-Jun 2020,10381-16282,"13,332",1%,,Pune,Residential Multistorey Apartment
Shivajinagar,Jan-Mar 2020,10325-15947,"13,136",1%,,Pune,Residential Multistorey Apartment
Shivajinagar,Oct-Dec 2019,10188-15879,"13,033",-,,Pune,Residential Multistorey Apartment
Shivajinagar,Jul-Sep 2019,10117-15924,"13,020",-,,Pune,Residential Multistorey Apartment
Shivajinagar,Apr-Jun 2019,10103-15964,"13,033",3%,,Pune,Residential Multistorey Apartment
Shivajinagar,Jan-Mar 2019,10392-16440,"13,416",1%,,Pune,Residential Multistorey Apartment
Shivajinagar,Oct-Dec 2018,10467-16696,"13,581",1%,,Pune,Residential Multistorey Apartment
Shivajinagar,Jul-Sep 2018,10490-16388,"13,439",0.30%,,Pune,Residential Multistorey Apartment
,,,,,,Pune,Residential Multistorey Apartment
Shivane,Oct-Dec 2024,3647-5858,"4,753",8%,,Pune,Residential Multistorey Apartment
Shivane,Jul-Sep 2024,3531-5304,"4,417",2%,,Pune,Residential Multistorey Apartment
Shivane,Apr-Jun 2024,3281-5384,"4,333",0.10%,,Pune,Residential Multistorey Apartment
Shivane,Jan-Mar 2024,3278-5400,"4,339",1%,,Pune,Residential Multistorey Apartment
Shivane,Oct-Dec 2023,3226-5548,"4,387",2%,,Pune,Residential Multistorey Apartment
Shivane,Jul-Sep 2023,3304-5318,"4,311",1%,,Pune,Residential Multistorey Apartment
Shivane,Apr-Jun 2023,3332-5217,"4,274",0.20%,,Pune,Residential Multistorey Apartment
Shivane,Jan-Mar 2023,3287-5277,"4,282",1%,,Pune,Residential Multistorey Apartment
Shivane,Oct-Dec 2022,3299-5341,"4,320",1%,,Pune,Residential Multistorey Apartment
Shivane,Jul-Sep 2022,3330-5213,"4,272",2%,,Pune,Residential Multistorey Apartment
Shivane,Apr-Jun 2022,3367-5326,"4,347",0.40%,,Pune,Residential Multistorey Apartment
Shivane,Jan-Mar 2022,3347-5384,"4,366",1%,,Pune,Residential Multistorey Apartment
Shivane,Oct-Dec 2021,3298-5362,"4,330",2%,,Pune,Residential Multistorey Apartment
Shivane,Jul-Sep 2021,3225-5246,"4,236",2%,,Pune,Residential Multistorey Apartment
Shivane,Apr-Jun 2021,3278-5057,"4,168",4%,,Pune,Residential Multistorey Apartment
Shivane,Jan-Mar 2021,3265-5455,"4,360",3%,,Pune,Residential Multistorey Apartment
Shivane,Oct-Dec 2020,3108-5323,"4,215",1%,,Pune,Residential Multistorey Apartment
Shivane,Jul-Sep 2020,3093-5231,"4,162",5%,,Pune,Residential Multistorey Apartment
Shivane,Apr-Jun 2020,3278-5452,"4,365",1%,,Pune,Residential Multistorey Apartment
Shivane,Jan-Mar 2020,3360-5434,"4,397",3%,,Pune,Residential Multistorey Apartment
Shivane,Oct-Dec 2019,3225-5338,"4,282",7%,,Pune,Residential Multistorey Apartment
Shivane,Jul-Sep 2019,3095-4913,"4,004",1%,,Pune,Residential Multistorey Apartment
Shivane,Apr-Jun 2019,3072-4885,"3,979",0.10%,,Pune,Residential Multistorey Apartment
Shivane,Jan-Mar 2019,3053-4897,"3,975",12%,,Pune,Residential Multistorey Apartment
Shivane,Oct-Dec 2018,3502-5556,"4,529",2%,,Pune,Residential Multistorey Apartment
Shivane,Jul-Sep 2018,3257-5603,"4,430",1%,,Pune,Residential Multistorey Apartment
,,,,,,Pune,Residential Multistorey Apartment
Sinhgad Road,Oct-Dec 2024,4989-9134,"7,061",,,Pune,Residential Multistorey Apartment
Sinhgad Road,Jul-Sep 2024,5091-9023,"7,057",0.30%,,Pune,Residential Multistorey Apartment
Sinhgad Road,Apr-Jun 2024,5049-9110,"7,079",5%,,Pune,Residential Multistorey Apartment
Sinhgad Road,Jan-Mar 2024,4781-8663,"6,722",9%,,Pune,Residential Multistorey Apartment
Sinhgad Road,Oct-Dec 2023,4384-7943,"6,163",1%,,Pune,Residential Multistorey Apartment
Sinhgad Road,Jul-Sep 2023,4331-7865,"6,098",4%,,Pune,Residential Multistorey Apartment
Sinhgad Road,Apr-Jun 2023,4195-7546,"5,871",21%,,Pune,Residential Multistorey Apartment
Sinhgad Road,Jan-Mar 2023,5834-9090,"7,462",3%,,Pune,Residential Multistorey Apartment
Sinhgad Road,Oct-Dec 2022,5590-8848,"7,219",1%,,Pune,Residential Multistorey Apartment
Sinhgad Road,Jul-Sep 2022,5606-8654,"7,130",0.20%,,Pune,Residential Multistorey Apartment
Sinhgad Road,Apr-Jun 2022,5602-8630,"7,116",2%,,Pune,Residential Multistorey Apartment
Sinhgad Road,Jan-Mar 2022,5358-8537,"6,948",0.40%,,Pune,Residential Multistorey Apartment
Sinhgad Road,Oct-Dec 2021,5287-8552,"6,919",1%,,Pune,Residential Multistorey Apartment
Sinhgad Road,Jul-Sep 2021,5204-8465,"6,834",2%,,Pune,Residential Multistorey Apartment
Sinhgad Road,Apr-Jun 2021,5172-8241,"6,707",0.20%,,Pune,Residential Multistorey Apartment
Sinhgad Road,Jan-Mar 2021,5203-8187,"6,695",1%,,Pune,Residential Multistorey Apartment
Sinhgad Road,Oct-Dec 2020,5181-8028,"6,604",2%,,Pune,Residential Multistorey Apartment
Sinhgad Road,Jul-Sep 2020,5267-8250,"6,758",2%,,Pune,Residential Multistorey Apartment
Sinhgad Road,Apr-Jun 2020,5222-7998,"6,610",,,Pune,Residential Multistorey Apartment
Sinhgad Road,Jan-Mar 2020,5304-7982,"6,643",1%,,Pune,Residential Multistorey Apartment
Sinhgad Road,Oct-Dec 2019,5165-7978,"6,572",2%,,Pune,Residential Multistorey Apartment
Sinhgad Road,Jul-Sep 2019,5235-8125,"6,680",0.10%,,Pune,Residential Multistorey Apartment
Sinhgad Road,Apr-Jun 2019,5235-8112,"6,673",3%,,Pune,Residential Multistorey Apartment
Sinhgad Road,Jan-Mar 2019,5035-7934,"6,485",1%,,Pune,Residential Multistorey Apartment
Sinhgad Road,Oct-Dec 2018,4894-7921,"6,407",1%,,Pune,Residential Multistorey Apartment
Sinhgad Road,Jul-Sep 2018,4977-7975,"6,476",1%,,Pune,Residential Multistorey Apartment
,,,,,,Pune,Residential Multistorey Apartment
Solapur Road,Oct-Dec 2024,7233-12236,"9,734",3%,,Pune,Residential Multistorey Apartment
Solapur Road,Jul-Sep 2024,7049-11855,"9,452",6%,,Pune,Residential Multistorey Apartment
Solapur Road,Apr-Jun 2024,6584-11272,"8,928",5%,,Pune,Residential Multistorey Apartment
Solapur Road,Jan-Mar 2024,6250-10753,"8,501",1%,,Pune,Residential Multistorey Apartment
Solapur Road,Oct-Dec 2023,6173-10647,"8,410",2%,,Pune,Residential Multistorey Apartment
Solapur Road,Jul-Sep 2023,6267-10928,"8,597",8%,,Pune,Residential Multistorey Apartment
Solapur Road,Apr-Jun 2023,5711-10267,"7,989",118%,,Pune,Residential Multistorey Apartment
Solapur Road,Jan-Mar 2023,2839-4504,"3,671",1%,,Pune,Residential Multistorey Apartment
Solapur Road,Oct-Dec 2022,2789-4498,"3,643",0.40%,,Pune,Residential Multistorey Apartment
Solapur Road,Jul-Sep 2022,2839-4474,"3,656",1%,,Pune,Residential Multistorey Apartment
Solapur Road,Apr-Jun 2022,2823-4449,"3,636",1%,,Pune,Residential Multistorey Apartment
Solapur Road,Jan-Mar 2022,2731-4493,"3,612",3%,,Pune,Residential Multistorey Apartment
Solapur Road,Oct-Dec 2021,2859-4585,"3,722",4%,,Pune,Residential Multistorey Apartment
Solapur Road,Jul-Sep 2021,2813-4360,"3,587",2%,,Pune,Residential Multistorey Apartment
Solapur Road,Apr-Jun 2021,2762-4288,"3,525",1%,,Pune,Residential Multistorey Apartment
Solapur Road,Jan-Mar 2021,2744-4221,"3,482",2%,,Pune,Residential Multistorey Apartment
Solapur Road,Oct-Dec 2020,2697-4116,"3,406",3%,,Pune,Residential Multistorey Apartment
Solapur Road,Jul-Sep 2020,2801-4208,"3,505",2%,,Pune,Residential Multistorey Apartment
Solapur Road,Apr-Jun 2020,2605-4296,"3,451",1%,,Pune,Residential Multistorey Apartment
Solapur Road,Jan-Mar 2020,2764-4205,"3,484",9%,,Pune,Residential Multistorey Apartment
Solapur Road,Oct-Dec 2019,2795-4823,"3,809",11%,,Pune,Residential Multistorey Apartment
Solapur Road,Jul-Sep 2019,2624-4221,"3,423",,,Pune,Residential Multistorey Apartment
Solapur Road,Apr-Jun 2019,2624-4222,"3,423",,,Pune,Residential Multistorey Apartment
Solapur Road,Jan-Mar 2019,2502-4217,"3,359",9%,,Pune,Residential Multistorey Apartment
Solapur Road,Oct-Dec 2018,2213-3953,"3,083",,,Pune,Residential Multistorey Apartment
Solapur Road,Jul-Sep 2018,2213-3954,"3,083",,,Pune,Residential Multistorey Apartment
,,,,,,Pune,Residential Multistorey Apartment
Sopan Baug,Oct-Dec 2024,8957-14444,"11,701",3%,,Pune,Residential Multistorey Apartment
Sopan Baug,Jul-Sep 2024,8481-14308,"11,395",2%,,Pune,Residential Multistorey Apartment
Sopan Baug,Apr-Jun 2024,8552-13740,"11,146",0.20%,,Pune,Residential Multistorey Apartment
Sopan Baug,Jan-Mar 2024,8387-13851,"11,119",4%,,Pune,Residential Multistorey Apartment
Sopan Baug,Oct-Dec 2023,8343-12979,"10,661",4%,,Pune,Residential Multistorey Apartment
Sopan Baug,Jul-Sep 2023,8361-13891,"11,126",9%,,Pune,Residential Multistorey Apartment
Sopan Baug,Apr-Jun 2023,9589-14837,"12,213",3%,,Pune,Residential Multistorey Apartment
Sopan Baug,Jan-Mar 2023,8830-14774,"11,802",2%,,Pune,Residential Multistorey Apartment
Sopan Baug,Oct-Dec 2022,8555-14516,"11,536",2%,,Pune,Residential Multistorey Apartment
Sopan Baug,Jul-Sep 2022,8459-14228,"11,343",1%,,Pune,Residential Multistorey Apartment
Sopan Baug,Apr-Jun 2022,8619-14386,"11,503",7%,,Pune,Residential Multistorey Apartment
Sopan Baug,Jan-Mar 2022,8393-13068,"10,730",6%,,Pune,Residential Multistorey Apartment
Sopan Baug,Oct-Dec 2021,9252-13596,"11,424",5%,,Pune,Residential Multistorey Apartment
Sopan Baug,Jul-Sep 2021,8331-13474,"10,902",2%,,Pune,Residential Multistorey Apartment
Sopan Baug,Apr-Jun 2021,8420-12862,"10,641",0.40%,,Pune,Residential Multistorey Apartment
Sopan Baug,Jan-Mar 2021,8261-12926,"10,594",10%,,Pune,Residential Multistorey Apartment
Sopan Baug,Oct-Dec 2020,7636-11627,"9,632",1%,,Pune,Residential Multistorey Apartment
Sopan Baug,Jul-Sep 2020,7522-11537,"9,529",10%,,Pune,Residential Multistorey Apartment
Sopan Baug,Apr-Jun 2020,8197-12948,"10,572",1%,,Pune,Residential Multistorey Apartment
Sopan Baug,Jan-Mar 2020,8233-12712,"10,473",1%,,Pune,Residential Multistorey Apartment
Sopan Baug,Oct-Dec 2019,8049-12643,"10,346",6%,,Pune,Residential Multistorey Apartment
Sopan Baug,Jul-Sep 2019,7500-12099,"9,800",3%,,Pune,Residential Multistorey Apartment
Sopan Baug,Apr-Jun 2019,7199-11804,"9,501",2%,,Pune,Residential Multistorey Apartment
Sopan Baug,Jan-Mar 2019,7214-12136,"9,675",,,Pune,Residential Multistorey Apartment
Sopan Baug,Oct-Dec 2018,7214-12137,"9,675",,,Pune,Residential Multistorey Apartment
Sopan Baug,Jul-Sep 2018,7214-12138,"9,675",,,Pune,Residential Multistorey Apartment
,,,,,,Pune,Residential Multistorey Apartment
Sopan Baug Society,Oct-Dec 2024,10879-17501,"14,190",2%,,Pune,Residential Multistorey Apartment
Sopan Baug Society,Jul-Sep 2024,10560-17277,"13,919",2%,,Pune,Residential Multistorey Apartment
Sopan Baug Society,Apr-Jun 2024,10367-17045,"13,706",2%,,Pune,Residential Multistorey Apartment
Sopan Baug Society,Jan-Mar 2024,10833-17055,"13,944",2%,,Pune,Residential Multistorey Apartment
Sopan Baug Society,Oct-Dec 2023,10449-16946,"13,698",4%,,Pune,Residential Multistorey Apartment
Sopan Baug Society,Jul-Sep 2023,9680-16624,"13,152",5%,,Pune,Residential Multistorey Apartment
Sopan Baug Society,Apr-Jun 2023,9374-15614,"12,494",9%,,Pune,Residential Multistorey Apartment
Sopan Baug Society,Jan-Mar 2023,9042-13882,"11,462",5%,,Pune,Residential Multistorey Apartment
Sopan Baug Society,Oct-Dec 2022,8546-13240,"10,893",-,,Pune,Residential Multistorey Apartment
Sopan Baug Society,Jul-Sep 2022,8607-13158,"10,883",0.50%,,Pune,Residential Multistorey Apartment
Sopan Baug Society,Apr-Jun 2022,8465-13203,"10,834",3%,,Pune,Residential Multistorey Apartment
Sopan Baug Society,Jan-Mar 2022,8651-13634,"11,142",10%,,Pune,Residential Multistorey Apartment
Sopan Baug Society,Oct-Dec 2021,9343-15513,"12,428",3%,,Pune,Residential Multistorey Apartment
Sopan Baug Society,Jul-Sep 2021,9070-14993,"12,031",4%,,Pune,Residential Multistorey Apartment
Sopan Baug Society,Apr-Jun 2021,8909-14299,"11,604",4%,,Pune,Residential Multistorey Apartment
Sopan Baug Society,Jan-Mar 2021,8143-14068,"11,106",5%,,Pune,Residential Multistorey Apartment
Sopan Baug Society,Oct-Dec 2020,8038-13103,"10,571",6%,,Pune,Residential Multistorey Apartment
Sopan Baug Society,Jul-Sep 2020,7815-12036,"9,926",0.30%,,Pune,Residential Multistorey Apartment
Sopan Baug Society,Apr-Jun 2020,7946-11959,"9,952",0.20%,,Pune,Residential Multistorey Apartment
Sopan Baug Society,Jan-Mar 2020,8055-11880,"9,968",2%,,Pune,Residential Multistorey Apartment
Sopan Baug Society,Oct-Dec 2019,8424-11879,"10,151",4%,,Pune,Residential Multistorey Apartment
Sopan Baug Society,Jul-Sep 2019,8642-12503,"10,572",5%,,Pune,Residential Multistorey Apartment
Sopan Baug Society,Apr-Jun 2019,8013-12108,"10,061",2%,,Pune,Residential Multistorey Apartment
Sopan Baug Society,Jan-Mar 2019,7848-11953,"9,901",1%,,Pune,Residential Multistorey Apartment
Sopan Baug Society,Oct-Dec 2018,7966-12092,"10,029",1%,,Pune,Residential Multistorey Apartment
Sopan Baug Society,Jul-Sep 2018,7908-11865,"9,887",1%,,Pune,Residential Multistorey Apartment
,,,,,,Pune,Residential Multistorey Apartment
Spine Road,Oct-Dec 2024,4782-7516,"6,149",2%,,Pune,Residential Multistorey Apartment
Spine Road,Jul-Sep 2024,4701-7346,"6,024",0.20%,,Pune,Residential Multistorey Apartment
Spine Road,Apr-Jun 2024,4680-7341,"6,010",1%,,Pune,Residential Multistorey Apartment
Spine Road,Jan-Mar 2024,4610-7312,"5,961",2%,,Pune,Residential Multistorey Apartment
Spine Road,Oct-Dec 2023,4523-7216,"5,869",1%,,Pune,Residential Multistorey Apartment
Spine Road,Jul-Sep 2023,4471-7145,"5,808",4%,,Pune,Residential Multistorey Apartment
Spine Road,Apr-Jun 2023,4369-6819,"5,594",-,,Pune,Residential Multistorey Apartment
Spine Road,Jan-Mar 2023,4369-6820,"5,594",-,,Pune,Residential Multistorey Apartment
Spine Road,Oct-Dec 2022,4369-6821,"5,594",-,,Pune,Residential Multistorey Apartment
Spine Road,Jul-Sep 2022,5505-7059,"6,282",-,,Pune,Residential Multistorey Apartment
Spine Road,Apr-Jun 2022,5505-7060,"6,282",-,,Pune,Residential Multistorey Apartment
Spine Road,Jan-Mar 2022,5392-6979,"6,186",1%,,Pune,Residential Multistorey Apartment
Spine Road,Oct-Dec 2021,5606-6886,"6,246",1%,,Pune,Residential Multistorey Apartment
Spine Road,Jul-Sep 2021,5593-6982,"6,288",0.10%,,Pune,Residential Multistorey Apartment
Spine Road,Apr-Jun 2021,5536-7055,"6,296",-,,Pune,Residential Multistorey Apartment
Spine Road,Jan-Mar 2021,5536-7056,"6,296",-,,Pune,Residential Multistorey Apartment
Spine Road,Oct-Dec 2020,5536-7057,"6,296",,,Pune,Residential Multistorey Apartment
Spine Road,Jul-Sep 2020,5390-7183,"6,286",2%,,Pune,Residential Multistorey Apartment
Spine Road,Apr-Jun 2020,5614-7246,"6,430",2%,,Pune,Residential Multistorey Apartment
Spine Road,Jan-Mar 2020,5495-7109,"6,302",1%,,Pune,Residential Multistorey Apartment
Spine Road,Oct-Dec 2019,5474-7039,"6,257",2%,,Pune,Residential Multistorey Apartment
Spine Road,Jul-Sep 2019,5432-6845,"6,138",2%,,Pune,Residential Multistorey Apartment
Spine Road,Apr-Jun 2019,5013-7068,"6,041",1%,,Pune,Residential Multistorey Apartment
Spine Road,Jan-Mar 2019,4944-6989,"5,967",,,Pune,Residential Multistorey Apartment
Spine Road,Oct-Dec 2018,4944-6990,"5,967",,,Pune,Residential Multistorey Apartment
Spine Road,Jul-Sep 2018,4944-6991,"5,967",,,Pune,Residential Multistorey Apartment
,,,,,,Pune,Residential Multistorey Apartment
Sun City Road,Oct-Dec 2024,7647-10900,"9,274",6%,,Pune,Residential Multistorey Apartment
Sun City Road,Jul-Sep 2024,7099-10381,"8,740",1%,,Pune,Residential Multistorey Apartment
Sun City Road,Apr-Jun 2024,7011-10236,"8,623",1%,,Pune,Residential Multistorey Apartment
Sun City Road,Jan-Mar 2024,6925-10206,"8,566",1%,,Pune,Residential Multistorey Apartment
Sun City Road,Oct-Dec 2023,6797-10236,"8,517",6%,,Pune,Residential Multistorey Apartment
Sun City Road,Jul-Sep 2023,6084-10030,"8,057",3%,,Pune,Residential Multistorey Apartment
Sun City Road,Apr-Jun 2023,5660-9920,"7,790",10%,,Pune,Residential Multistorey Apartment
Sun City Road,Jan-Mar 2023,5103-9118,"7,110",-,,Pune,Residential Multistorey Apartment
Sun City Road,Oct-Dec 2022,5000-9000,"6,950",5%,,Pune,Residential Multistorey Apartment
Sun City Road,Jul-Sep 2022,4900-8900,"6,800",4%,,Pune,Residential Multistorey Apartment
Sun City Road,Apr-Jun 2022,4800-8800,"6,650",5%,,Pune,Residential Multistorey Apartment
Sun City Road,Jan-Mar 2022,4700-8700,"6,500",4%,,Pune,Residential Multistorey Apartment
Sun City Road,Oct-Dec 2021,4600-8600,"6,350",5%,,Pune,Residential Multistorey Apartment
Sun City Road,Jul-Sep 2021,4500-8500,"6,200",4%,,Pune,Residential Multistorey Apartment
Sun City Road,Apr-Jun 2021,4400-8400,"6,050",5%,,Pune,Residential Multistorey Apartment
Sun City Road,Jan-Mar 2021,4300-8300,"5,900",4%,,Pune,Residential Multistorey Apartment
Sun City Road,Oct-Dec 2020,4200-8200,"5,750",5%,,Pune,Residential Multistorey Apartment
Sun City Road,Jul-Sep 2020,4100-8100,"5,600",4%,,Pune,Residential Multistorey Apartment
Sun City Road,Apr-Jun 2020,4000-8000,"5,450",5%,,Pune,Residential Multistorey Apartment
Sun City Road,Jan-Mar 2020,3900-7900,"5,300",4%,,Pune,Residential Multistorey Apartment
Sun City Road,Oct-Dec 2019,3800-7800,"5,150",5%,,Pune,Residential Multistorey Apartment
Sun City Road,Jul-Sep 2019,3700-7700,"5,000",4%,,Pune,Residential Multistorey Apartment
Sun City Road,Apr-Jun 2019,3600-7600,"4,850",5%,,Pune,Residential Multistorey Apartment
Sun City Road,Jan-Mar 2019,3500-7500,"4,700",4%,,Pune,Residential Multistorey Apartment
Sun City Road,Oct-Dec 2018,3400-7400,"4,550",5%,,Pune,Residential Multistorey Apartment
Sun City Road,Jul-Sep 2018,3300-7300,"4,400",4%,,Pune,Residential Multistorey Apartment
,,,,,,Pune,Residential Multistorey Apartment
Sus,Oct-Dec 2024,6077-9210,"7,643",1%,,Pune,Residential Multistorey Apartment
Sus,Jul-Sep 2024,6052-9120,"7,586",3%,,Pune,Residential Multistorey Apartment
Sus,Apr-Jun 2024,5855-8805,"7,330",3%,,Pune,Residential Multistorey Apartment
Sus,Jan-Mar 2024,5635-8660,"7,147",0.40%,,Pune,Residential Multistorey Apartment
Sus,Oct-Dec 2023,5626-8619,"7,122",1%,,Pune,Residential Multistorey Apartment
Sus,Jul-Sep 2023,5610-8470,"7,040",3%,,Pune,Residential Multistorey Apartment
Sus,Apr-Jun 2023,5487-8231,"6,859",3%,,Pune,Residential Multistorey Apartment
Sus,Jan-Mar 2023,5392-7976,"6,684",2%,,Pune,Residential Multistorey Apartment
Sus,Oct-Dec 2022,5276-7780,"6,528",5%,,Pune,Residential Multistorey Apartment
Sus,Jul-Sep 2022,5091-7355,"6,223",3%,,Pune,Residential Multistorey Apartment
Sus,Apr-Jun 2022,4965-7141,"6,053",0.30%,,Pune,Residential Multistorey Apartment
Sus,Jan-Mar 2022,4958-7108,"6,033",2%,,Pune,Residential Multistorey Apartment
Sus,Oct-Dec 2021,5122-7232,"6,177",1%,,Pune,Residential Multistorey Apartment
Sus,Jul-Sep 2021,5081-7111,"6,096",0.10%,,Pune,Residential Multistorey Apartment
Sus,Apr-Jun 2021,5059-7146,"6,103",1%,,Pune,Residential Multistorey Apartment
Sus,Jan-Mar 2021,5009-7134,"6,071",2%,,Pune,Residential Multistorey Apartment
Sus,Oct-Dec 2020,4830-7049,"5,939",1%,,Pune,Residential Multistorey Apartment
Sus,Jul-Sep 2020,4868-7076,"5,972",2%,,Pune,Residential Multistorey Apartment
Sus,Apr-Jun 2020,4868-6854,"5,861",0.20%,,Pune,Residential Multistorey Apartment
Sus,Jan-Mar 2020,4871-6833,"5,852",1%,,Pune,Residential Multistorey Apartment
Sus,Oct-Dec 2019,4752-6788,"5,770",1%,,Pune,Residential Multistorey Apartment
Sus,Jul-Sep 2019,4739-6874,"5,807",1%,,Pune,Residential Multistorey Apartment
Sus,Apr-Jun 2019,4745-6791,"5,768",3%,,Pune,Residential Multistorey Apartment
Sus,Jan-Mar 2019,4618-6575,"5,597",1%,,Pune,Residential Multistorey Apartment
Sus,Oct-Dec 2018,4622-6728,"5,675",7%,,Pune,Residential Multistorey Apartment
Sus,Jul-Sep 2018,5065-7176,"6,120",10%,,Pune,Residential Multistorey Apartment
,,,,,,Pune,Residential Multistorey Apartment
Talegaon Dabhade,Oct-Dec 2024,3331-5216,"4,273",2%,,Pune,Residential Multistorey Apartment
Talegaon Dabhade,Jul-Sep 2024,3365-4991,"4,178",1%,,Pune,Residential Multistorey Apartment
Talegaon Dabhade,Apr-Jun 2024,3337-5107,"4,222",1%,,Pune,Residential Multistorey Apartment
Talegaon Dabhade,Jan-Mar 2024,3314-5057,"4,185",1%,,Pune,Residential Multistorey Apartment
Talegaon Dabhade,Oct-Dec 2023,3378-5061,"4,220",2%,,Pune,Residential Multistorey Apartment
Talegaon Dabhade,Jul-Sep 2023,3320-4986,"4,153",0.20%,,Pune,Residential Multistorey Apartment
Talegaon Dabhade,Apr-Jun 2023,3329-4960,"4,145",0.50%,,Pune,Residential Multistorey Apartment
Talegaon Dabhade,Jan-Mar 2023,3262-4990,"4,126",0.10%,,Pune,Residential Multistorey Apartment
Talegaon Dabhade,Oct-Dec 2022,3305-4937,"4,121",2%,,Pune,Residential Multistorey Apartment
Talegaon Dabhade,Jul-Sep 2022,3239-4865,"4,052",2%,,Pune,Residential Multistorey Apartment
Talegaon Dabhade,Apr-Jun 2022,3118-4830,"3,974",1%,,Pune,Residential Multistorey Apartment
Talegaon Dabhade,Jan-Mar 2022,3185-4878,"4,032",1%,,Pune,Residential Multistorey Apartment
Talegaon Dabhade,Oct-Dec 2021,3196-4936,"4,066",2%,,Pune,Residential Multistorey Apartment
Talegaon Dabhade,Jul-Sep 2021,3292-4971,"4,132",1%,,Pune,Residential Multistorey Apartment
Talegaon Dabhade,Apr-Jun 2021,3322-4883,"4,102",-,,Pune,Residential Multistorey Apartment
Talegaon Dabhade,Jan-Mar 2021,3328-4877,"4,103",2%,,Pune,Residential Multistorey Apartment
Talegaon Dabhade,Oct-Dec 2020,3295-4778,"4,037",1%,,Pune,Residential Multistorey Apartment
Talegaon Dabhade,Jul-Sep 2020,3186-4800,"3,993",0.20%,,Pune,Residential Multistorey Apartment
Talegaon Dabhade,Apr-Jun 2020,3168-4802,"3,985",1%,,Pune,Residential Multistorey Apartment
Talegaon Dabhade,Jan-Mar 2020,3200-4817,"4,008",0.50%,,Pune,Residential Multistorey Apartment
Talegaon Dabhade,Oct-Dec 2019,3235-4819,"4,027",2%,,Pune,Residential Multistorey Apartment
Talegaon Dabhade,Jul-Sep 2019,3162-4772,"3,967",1%,,Pune,Residential Multistorey Apartment
Talegaon Dabhade,Apr-Jun 2019,3147-4864,"4,006",0.40%,,Pune,Residential Multistorey Apartment
Talegaon Dabhade,Jan-Mar 2019,3209-4840,"4,024",2%,,Pune,Residential Multistorey Apartment
Talegaon Dabhade,Oct-Dec 2018,3111-4776,"3,943",4%,,Pune,Residential Multistorey Apartment
Talegaon Dabhade,Jul-Sep 2018,3236-5005,"4,120",3%,,Pune,Residential Multistorey Apartment
,,,,,,Pune,Residential Multistorey Apartment
Tathawade Pimpri Chinchwad,Oct-Dec 2024,6463-9005,"7,734",2%,,Pune,Residential Multistorey Apartment
Tathawade Pimpri Chinchwad,Jul-Sep 2024,6402-8821,"7,612",2%,,Pune,Residential Multistorey Apartment
Tathawade Pimpri Chinchwad,Apr-Jun 2024,6215-8706,"7,461",1%,,Pune,Residential Multistorey Apartment
Tathawade Pimpri Chinchwad,Jan-Mar 2024,6105-8740,"7,422",2%,,Pune,Residential Multistorey Apartment
Tathawade Pimpri Chinchwad,Oct-Dec 2023,5967-8611,"7,289",2%,,Pune,Residential Multistorey Apartment
Tathawade Pimpri Chinchwad,Jul-Sep 2023,5881-8350,"7,115",2%,,Pune,Residential Multistorey Apartment
Tathawade Pimpri Chinchwad,Apr-Jun 2023,5789-8136,"6,963",2%,,Pune,Residential Multistorey Apartment
Tathawade Pimpri Chinchwad,Jan-Mar 2023,5660-7952,"6,806",2%,,Pune,Residential Multistorey Apartment
Tathawade Pimpri Chinchwad,Oct-Dec 2022,5522-7830,"6,676",2%,,Pune,Residential Multistorey Apartment
Tathawade Pimpri Chinchwad,Jul-Sep 2022,5402-7682,"6,542",5%,,Pune,Residential Multistorey Apartment
Tathawade Pimpri Chinchwad,Apr-Jun 2022,5205-7273,"6,239",2%,,Pune,Residential Multistorey Apartment
Tathawade Pimpri Chinchwad,Jan-Mar 2022,5075-7135,"6,105",0.50%,,Pune,Residential Multistorey Apartment
Tathawade Pimpri Chinchwad,Oct-Dec 2021,5093-7061,"6,077",1%,,Pune,Residential Multistorey Apartment
Tathawade Pimpri Chinchwad,Jul-Sep 2021,5032-7187,"6,110",-,,Pune,Residential Multistorey Apartment
Tathawade Pimpri Chinchwad,Apr-Jun 2021,5041-7181,"6,111",1%,,Pune,Residential Multistorey Apartment
Tathawade Pimpri Chinchwad,Jan-Mar 2021,5042-7110,"6,076",2%,,Pune,Residential Multistorey Apartment
Tathawade Pimpri Chinchwad,Oct-Dec 2020,4908-7050,"5,979",1%,,Pune,Residential Multistorey Apartment
Tathawade Pimpri Chinchwad,Jul-Sep 2020,4952-7124,"6,038",0.30%,,Pune,Residential Multistorey Apartment
Tathawade Pimpri Chinchwad,Apr-Jun 2020,5010-7030,"6,020",0.20%,,Pune,Residential Multistorey Apartment
Tathawade Pimpri Chinchwad,Jan-Mar 2020,5015-7001,"6,008",1%,,Pune,Residential Multistorey Apartment
Tathawade Pimpri Chinchwad,Oct-Dec 2019,5051-7124,"6,088",1%,,Pune,Residential Multistorey Apartment
Tathawade Pimpri Chinchwad,Jul-Sep 2019,4944-7131,"6,037",1%,,Pune,Residential Multistorey Apartment
Tathawade Pimpri Chinchwad,Apr-Jun 2019,4941-7056,"5,999",-,,Pune,Residential Multistorey Apartment
Tathawade Pimpri Chinchwad,Jan-Mar 2019,4933-7077,"6,005",1%,,Pune,Residential Multistorey Apartment
Tathawade Pimpri Chinchwad,Oct-Dec 2018,5114-6981,"6,048",1%,,Pune,Residential Multistorey Apartment
Tathawade Pimpri Chinchwad,Jul-Sep 2018,5217-7047,"6,132",1%,,Pune,Residential Multistorey Apartment
,,,,,,Pune,Residential Multistorey Apartment
Tathawade Road,Oct-Dec 2024,5735-8568,"7,151",2%,,Pune,Residential Multistorey Apartment
Tathawade Road,Jul-Sep 2024,5667-8423,"7,045",5%,,Pune,Residential Multistorey Apartment
Tathawade Road,Apr-Jun 2024,5436-8020,"6,728",0.10%,,Pune,Residential Multistorey Apartment
Tathawade Road,Jan-Mar 2024,5495-7977,"6,736",1%,,Pune,Residential Multistorey Apartment
Tathawade Road,Oct-Dec 2023,5375-7984,"6,680",-,,Pune,Residential Multistorey Apartment
Tathawade Road,Jul-Sep 2023,5285-7860,"6,575",2%,,Pune,Residential Multistorey Apartment
Tathawade Road,Apr-Jun 2023,5200-7730,"6,485",4%,,Pune,Residential Multistorey Apartment
Tathawade Road,Jan-Mar 2023,5110-7600,"6,400",-,,Pune,Residential Multistorey Apartment
Tathawade Road,Oct-Dec 2022,5030-7470,"6,320",3%,,Pune,Residential Multistorey Apartment
Tathawade Road,Jul-Sep 2022,4950-7350,"6,240",4%,,Pune,Residential Multistorey Apartment
Tathawade Road,Apr-Jun 2022,4870-7230,"6,160",2%,,Pune,Residential Multistorey Apartment
Tathawade Road,Jan-Mar 2022,4800-7100,"6,080",3%,,Pune,Residential Multistorey Apartment
Tathawade Road,Oct-Dec 2021,4730-6980,"5,990",4%,,Pune,Residential Multistorey Apartment
Tathawade Road,Jul-Sep 2021,4650-6860,"5,900",2%,,Pune,Residential Multistorey Apartment
Tathawade Road,Apr-Jun 2021,4570-6740,"5,810",3%,,Pune,Residential Multistorey Apartment
Tathawade Road,Jan-Mar 2021,4490-6620,"5,720",4%,,Pune,Residential Multistorey Apartment
Tathawade Road,Oct-Dec 2020,4410-6500,"5,630",2%,,Pune,Residential Multistorey Apartment
Tathawade Road,Jul-Sep 2020,4330-6380,"5,540",3%,,Pune,Residential Multistorey Apartment
Tathawade Road,Apr-Jun 2020,4250-6260,"5,450",2%,,Pune,Residential Multistorey Apartment
Tathawade Road,Jan-Mar 2020,4170-6140,"5,360",3%,,Pune,Residential Multistorey Apartment
Tathawade Road,Oct-Dec 2019,4090-6020,"5,270",2%,,Pune,Residential Multistorey Apartment
Tathawade Road,Jul-Sep 2019,4010-5900,"5,180",3%,,Pune,Residential Multistorey Apartment
Tathawade Road,Apr-Jun 2019,3930-5780,"5,090",2%,,Pune,Residential Multistorey Apartment
Tathawade Road,Jan-Mar 2019,3850-5660,"5,000",3%,,Pune,Residential Multistorey Apartment
Tathawade Road,Oct-Dec 2018,3770-5540,"4,910",2%,,Pune,Residential Multistorey Apartment
Tathawade Road,Jul-Sep 2018,3700-5420,"4,820",3%,,Pune,Residential Multistorey Apartment
,,,,,,Pune,Residential Multistorey Apartment
Temghar Lavasa Road,Oct-Dec 2024,3681-5808,"4,744",-,,Pune,Residential Multistorey Apartment
Temghar Lavasa Road,Jul-Sep 2024,3580-5700,"4,640",2%,,Pune,Residential Multistorey Apartment
Temghar Lavasa Road,Apr-Jun 2024,3480-5600,"4,530",2%,,Pune,Residential Multistorey Apartment
Temghar Lavasa Road,Jan-Mar 2024,3380-5500,"4,420",2%,,Pune,Residential Multistorey Apartment
Temghar Lavasa Road,Oct-Dec 2023,3280-5400,"4,310",2%,,Pune,Residential Multistorey Apartment
Temghar Lavasa Road,Jul-Sep 2023,3180-5300,"4,200",2%,,Pune,Residential Multistorey Apartment
Temghar Lavasa Road,Apr-Jun 2023,3080-5200,"4,090",3%,,Pune,Residential Multistorey Apartment
Temghar Lavasa Road,Jan-Mar 2023,2980-5100,"3,980",-,,Pune,Residential Multistorey Apartment
Temghar Lavasa Road,Oct-Dec 2022,2880-5000,"3,870",3%,,Pune,Residential Multistorey Apartment
Temghar Lavasa Road,Jul-Sep 2022,2780-4900,"3,760",3%,,Pune,Residential Multistorey Apartment
Temghar Lavasa Road,Apr-Jun 2022,2680-4800,"3,650",3%,,Pune,Residential Multistorey Apartment
Temghar Lavasa Road,Jan-Mar 2022,2580-4700,"3,540",3%,,Pune,Residential Multistorey Apartment
Temghar Lavasa Road,Oct-Dec 2021,2480-4600,"3,430",3%,,Pune,Residential Multistorey Apartment
Temghar Lavasa Road,Jul-Sep 2021,2380-4500,"3,320",3%,,Pune,Residential Multistorey Apartment
Temghar Lavasa Road,Apr-Jun 2021,2280-4400,"3,210",3%,,Pune,Residential Multistorey Apartment
Temghar Lavasa Road,Jan-Mar 2021,2180-4300,"3,100",3%,,Pune,Residential Multistorey Apartment
Temghar Lavasa Road,Oct-Dec 2020,2080-4200,"2,990",3%,,Pune,Residential Multistorey Apartment
Temghar Lavasa Road,Jul-Sep 2020,1980-4100,"2,880",3%,,Pune,Residential Multistorey Apartment
Temghar Lavasa Road,Apr-Jun 2020,1880-4000,"2,770",3%,,Pune,Residential Multistorey Apartment
Temghar Lavasa Road,Jan-Mar 2020,1780-3900,"2,660",3%,,Pune,Residential Multistorey Apartment
Temghar Lavasa Road,Oct-Dec 2019,1680-3800,"2,550",3%,,Pune,Residential Multistorey Apartment
Temghar Lavasa Road,Jul-Sep 2019,1580-3700,"2,440",3%,,Pune,Residential Multistorey Apartment
Temghar Lavasa Road,Apr-Jun 2019,1480-3600,"2,330",3%,,Pune,Residential Multistorey Apartment
Temghar Lavasa Road,Jan-Mar 2019,1380-3500,"2,220",3%,,Pune,Residential Multistorey Apartment
Temghar Lavasa Road,Oct-Dec 2018,1280-3400,"2,110",3%,,Pune,Residential Multistorey Apartment
Temghar Lavasa Road,Jul-Sep 2018,1180-3300,"2,000",3%,,Pune,Residential Multistorey Apartment
,,,,,,Pune,Residential Multistorey Apartment
Thergaon,Oct-Dec 2024,6103-9033,"7,568",1%,,Pune,Residential Multistorey Apartment
Thergaon,Jul-Sep 2024,6250-9041,"7,646",4%,,Pune,Residential Multistorey Apartment
Thergaon,Apr-Jun 2024,6106-8623,"7,365",2%,,Pune,Residential Multistorey Apartment
Thergaon,Jan-Mar 2024,5858-8582,"7,220",2%,,Pune,Residential Multistorey Apartment
Thergaon,Oct-Dec 2023,6063-8691,"7,377",5%,,Pune,Residential Multistorey Apartment
Thergaon,Jul-Sep 2023,5808-8274,"7,041",1%,,Pune,Residential Multistorey Apartment
Thergaon,Apr-Jun 2023,5804-8075,"6,939",1%,,Pune,Residential Multistorey Apartment
Thergaon,Jan-Mar 2023,5750-8041,"6,896",2%,,Pune,Residential Multistorey Apartment
Thergaon,Oct-Dec 2022,5626-7831,"6,728",1%,,Pune,Residential Multistorey Apartment
Thergaon,Jul-Sep 2022,5536-7852,"6,694",2%,,Pune,Residential Multistorey Apartment
Thergaon,Apr-Jun 2022,5563-7606,"6,585",0.30%,,Pune,Residential Multistorey Apartment
Thergaon,Jan-Mar 2022,5540-7590,"6,565",1%,,Pune,Residential Multistorey Apartment
Thergaon,Oct-Dec 2021,5350-7696,"6,523",1%,,Pune,Residential Multistorey Apartment
Thergaon,Jul-Sep 2021,5236-7672,"6,454",0.20%,,Pune,Residential Multistorey Apartment
Thergaon,Apr-Jun 2021,5243-7698,"6,470",0.10%,,Pune,Residential Multistorey Apartment
Thergaon,Jan-Mar 2021,5308-7616,"6,462",2%,,Pune,Residential Multistorey Apartment
Thergaon,Oct-Dec 2020,5297-7436,"6,366",2%,,Pune,Residential Multistorey Apartment
Thergaon,Jul-Sep 2020,5307-7635,"6,471",1%,,Pune,Residential Multistorey Apartment
Thergaon,Apr-Jun 2020,5534-7515,"6,525",3%,,Pune,Residential Multistorey Apartment
Thergaon,Jan-Mar 2020,5344-7383,"6,363",5%,,Pune,Residential Multistorey Apartment
Thergaon,Oct-Dec 2019,4964-7128,"6,046",4%,,Pune,Residential Multistorey Apartment
Thergaon,Jul-Sep 2019,5237-7383,"6,310",,,Pune,Residential Multistorey Apartment
Thergaon,Apr-Jun 2019,5263-7361,"6,312",3%,,Pune,Residential Multistorey Apartment
Thergaon,Jan-Mar 2019,5393-7608,"6,501",1%,,Pune,Residential Multistorey Apartment
Thergaon,Oct-Dec 2018,5164-7669,"6,416",,,Pune,Residential Multistorey Apartment
Thergaon,Jul-Sep 2018,5241-7592,"6,416",4%,,Pune,Residential Multistorey Apartment
,,,,,,Pune,Residential Multistorey Apartment
Thite Nagar,Oct-Dec 2024,8321-11706,"10,014",1%,,Pune,Residential Multistorey Apartment
Thite Nagar,Jul-Sep 2024,7885-11854,"9,869",2%,,Pune,Residential Multistorey Apartment
Thite Nagar,Apr-Jun 2024,8068-11974,"10,021",8%,,Pune,Residential Multistorey Apartment
Thite Nagar,Jan-Mar 2024,7347-11139,"9,243",1%,,Pune,Residential Multistorey Apartment
Thite Nagar,Oct-Dec 2023,7488-10898,"9,193",6%,,Pune,Residential Multistorey Apartment
Thite Nagar,Jul-Sep 2023,6886-10506,"8,696",1%,,Pune,Residential Multistorey Apartment
Thite Nagar,Apr-Jun 2023,6665-10525,"8,595",1%,,Pune,Residential Multistorey Apartment
Thite Nagar,Jan-Mar 2023,6599-10338,"8,469",9%,,Pune,Residential Multistorey Apartment
Thite Nagar,Oct-Dec 2022,6244-9357,"7,801",6%,,Pune,Residential Multistorey Apartment
Thite Nagar,Jul-Sep 2022,6028-8674,"7,351",4%,,Pune,Residential Multistorey Apartment
Thite Nagar,Apr-Jun 2022,5966-8175,"7,071",2%,,Pune,Residential Multistorey Apartment
Thite Nagar,Jan-Mar 2022,5952-8502,"7,227",0.50%,,Pune,Residential Multistorey Apartment
Thite Nagar,Oct-Dec 2021,5996-8389,"7,193",-,,Pune,Residential Multistorey Apartment
Thite Nagar,Jul-Sep 2021,5998-8389,"7,194",5%,,Pune,Residential Multistorey Apartment
Thite Nagar,Apr-Jun 2021,5680-8082,"6,881",-,,Pune,Residential Multistorey Apartment
Thite Nagar,Jan-Mar 2021,5770-8060,"6,915",1%,,Pune,Residential Multistorey Apartment
Thite Nagar,Oct-Dec 2020,5660-8015,"6,837",0.10%,,Pune,Residential Multistorey Apartment
Thite Nagar,Jul-Sep 2020,6053-7604,"6,829",-,,Pune,Residential Multistorey Apartment
Thite Nagar,Apr-Jun 2020,6053-7605,"6,829",-,,Pune,Residential Multistorey Apartment
Thite Nagar,Jan-Mar 2020,5714-7944,"6,829",0.20%,,Pune,Residential Multistorey Apartment
Thite Nagar,Oct-Dec 2019,5316-8368,"6,842",0.40%,,Pune,Residential Multistorey Apartment
Thite Nagar,Jul-Sep 2019,5267-8361,"6,814",0.30%,,Pune,Residential Multistorey Apartment
Thite Nagar,Apr-Jun 2019,5383-8291,"6,837",4%,,Pune,Residential Multistorey Apartment
Thite Nagar,Jan-Mar 2019,5322-7816,"6,569",,,Pune,Residential Multistorey Apartment
Thite Nagar,Oct-Dec 2018,5322-7817,"6,569",,,Pune,Residential Multistorey Apartment
Thite Nagar,Jul-Sep 2018,5719-8263,"6,991",,,Pune,Residential Multistorey Apartment
,,,,,,Pune,Residential Multistorey Apartment
Tingre Nagar,Oct-Dec 2024,5577-8538,"7,058",,,Pune,Residential Multistorey Apartment
Tingre Nagar,Jul-Sep 2024,5379-8741,"7,060",3%,,Pune,Residential Multistorey Apartment
Tingre Nagar,Apr-Jun 2024,5427-8287,"6,857",1%,,Pune,Residential Multistorey Apartment
Tingre Nagar,Jan-Mar 2024,5160-8417,"6,789",1%,,Pune,Residential Multistorey Apartment
Tingre Nagar,Oct-Dec 2023,5166-8253,"6,710",1%,,Pune,Residential Multistorey Apartment
Tingre Nagar,Jul-Sep 2023,5218-8395,"6,807",5%,,Pune,Residential Multistorey Apartment
Tingre Nagar,Apr-Jun 2023,5202-7740,"6,471",1%,,Pune,Residential Multistorey Apartment
Tingre Nagar,Jan-Mar 2023,5114-7724,"6,419",5%,,Pune,Residential Multistorey Apartment
Tingre Nagar,Oct-Dec 2022,4990-7272,"6,131",0.40%,,Pune,Residential Multistorey Apartment
Tingre Nagar,Jul-Sep 2022,5072-7241,"6,156",4%,,Pune,Residential Multistorey Apartment
Tingre Nagar,Apr-Jun 2022,4681-7145,"5,913",-,,Pune,Residential Multistorey Apartment
Tingre Nagar,Jan-Mar 2022,4742-7082,"5,912",1%,,Pune,Residential Multistorey Apartment
Tingre Nagar,Oct-Dec 2021,4788-6932,"5,860",0.20%,,Pune,Residential Multistorey Apartment
Tingre Nagar,Jul-Sep 2021,4735-6961,"5,848",-,,Pune,Residential Multistorey Apartment
Tingre Nagar,Apr-Jun 2021,4857-6838,"5,847",0.40%,,Pune,Residential Multistorey Apartment
Tingre Nagar,Jan-Mar 2021,4790-6863,"5,826",4%,,Pune,Residential Multistorey Apartment
Tingre Nagar,Oct-Dec 2020,4429-6812,"5,620",3%,,Pune,Residential Multistorey Apartment
Tingre Nagar,Jul-Sep 2020,4781-6836,"5,808",0.40%,,Pune,Residential Multistorey Apartment
Tingre Nagar,Apr-Jun 2020,4793-6867,"5,830",1%,,Pune,Residential Multistorey Apartment
Tingre Nagar,Jan-Mar 2020,4764-6816,"5,790",,,Pune,Residential Multistorey Apartment
Tingre Nagar,Oct-Dec 2019,4774-6803,"5,788",1%,,Pune,Residential Multistorey Apartment
Tingre Nagar,Jul-Sep 2019,4676-6760,"5,718",1%,,Pune,Residential Multistorey Apartment
Tingre Nagar,Apr-Jun 2019,4615-6904,"5,760",,,Pune,Residential Multistorey Apartment
Tingre Nagar,Jan-Mar 2019,4638-6885,"5,762",3%,,Pune,Residential Multistorey Apartment
Tingre Nagar,Oct-Dec 2018,4532-6605,"5,569",3%,,Pune,Residential Multistorey Apartment
Tingre Nagar,Jul-Sep 2018,4579-6871,"5,725",1%,,Pune,Residential Multistorey Apartment
,,,,,,Pune,Residential Multistorey Apartment
Tulaja Bhawani Nagar,Oct-Dec 2024,7231-11026,"9,129",0.40%,,Pune,Residential Multistorey Apartment
Tulaja Bhawani Nagar,Jul-Sep 2024,7462-10868,"9,165",2%,,Pune,Residential Multistorey Apartment
Tulaja Bhawani Nagar,Apr-Jun 2024,7388-11224,"9,306",8%,,Pune,Residential Multistorey Apartment
Tulaja Bhawani Nagar,Jan-Mar 2024,6927-10340,"8,633",6%,,Pune,Residential Multistorey Apartment
Tulaja Bhawani Nagar,Oct-Dec 2023,6388-9864,"8,126",12%,,Pune,Residential Multistorey Apartment
Tulaja Bhawani Nagar,Jul-Sep 2023,5705-8840,"7,272",3%,,Pune,Residential Multistorey Apartment
Tulaja Bhawani Nagar,Apr-Jun 2023,5619-8455,"7,037",3%,,Pune,Residential Multistorey Apartment
Tulaja Bhawani Nagar,Jan-Mar 2023,5500-8300,"6,900",2%,,Pune,Residential Multistorey Apartment
Tulaja Bhawani Nagar,Oct-Dec 2022,5400-8200,"6,750",3%,,Pune,Residential Multistorey Apartment
Tulaja Bhawani Nagar,Jul-Sep 2022,5300-8100,"6,700",3%,,Pune,Residential Multistorey Apartment
Tulaja Bhawani Nagar,Apr-Jun 2022,5200-8000,"6,600",3%,,Pune,Residential Multistorey Apartment
Tulaja Bhawani Nagar,Jan-Mar 2022,5100-7900,"6,500",3%,,Pune,Residential Multistorey Apartment
Tulaja Bhawani Nagar,Oct-Dec 2021,5000-7800,"6,400",3%,,Pune,Residential Multistorey Apartment
Tulaja Bhawani Nagar,Jul-Sep 2021,4900-7700,"6,300",3%,,Pune,Residential Multistorey Apartment
Tulaja Bhawani Nagar,Apr-Jun 2021,4800-7600,"6,200",3%,,Pune,Residential Multistorey Apartment
Tulaja Bhawani Nagar,Jan-Mar 2021,4700-7500,"6,100",3%,,Pune,Residential Multistorey Apartment
Tulaja Bhawani Nagar,Oct-Dec 2020,4600-7400,"6,000",3%,,Pune,Residential Multistorey Apartment
Tulaja Bhawani Nagar,Jul-Sep 2020,4500-7300,"5,900",3%,,Pune,Residential Multistorey Apartment
Tulaja Bhawani Nagar,Apr-Jun 2020,4400-7200,"5,800",3%,,Pune,Residential Multistorey Apartment
Tulaja Bhawani Nagar,Jan-Mar 2020,4300-7100,"5,700",3%,,Pune,Residential Multistorey Apartment
Tulaja Bhawani Nagar,Oct-Dec 2019,4200-7000,"5,600",3%,,Pune,Residential Multistorey Apartment
Tulaja Bhawani Nagar,Jul-Sep 2019,6300-7759,"7,029",-,,Pune,Residential Multistorey Apartment
Tulaja Bhawani Nagar,Apr-Jun 2019,6114-8033,"7,074",3%,,Pune,Residential Multistorey Apartment
Tulaja Bhawani Nagar,Jan-Mar 2019,5768-7936,"6,852",2%,,Pune,Residential Multistorey Apartment
Tulaja Bhawani Nagar,Oct-Dec 2018,5705-7695,"6,700",2%,,Pune,Residential Multistorey Apartment
Tulaja Bhawani Nagar,Jul-Sep 2018,5593-7607,"6,600",-,,Pune,Residential Multistorey Apartment
,,,,,,Pune,Residential Multistorey Apartment
Ubale Nagar,Oct-Dec 2024,7080-11094,"9,087",0%,,Pune,Residential Multistorey Apartment
Ubale Nagar,Jul-Sep 2024,7388-10791,"9,090",2%,,Pune,Residential Multistorey Apartment
Ubale Nagar,Apr-Jun 2024,7324-11292,"9,308",8%,,Pune,Residential Multistorey Apartment
Ubale Nagar,Jan-Mar 2024,6876-10320,"8,598",6%,,Pune,Residential Multistorey Apartment
Ubale Nagar,Oct-Dec 2023,6348-9801,"8,074",12%,,Pune,Residential Multistorey Apartment
Ubale Nagar,Jul-Sep 2023,5643-8746,"7,194",3%,,Pune,Residential Multistorey Apartment
Ubale Nagar,Apr-Jun 2023,5575-8332,"6,954",3%,,Pune,Residential Multistorey Apartment
Ubale Nagar,Jan-Mar 2023,5474-8073,"6,773",6%,,Pune,Residential Multistorey Apartment
Ubale Nagar,Oct-Dec 2022,5082-7755,"6,419",1%,,Pune,Residential Multistorey Apartment
Ubale Nagar,Jul-Sep 2022,5343-7321,"6,332",4%,,Pune,Residential Multistorey Apartment
Ubale Nagar,Apr-Jun 2022,5120-7038,"6,079",2%,,Pune,Residential Multistorey Apartment
Ubale Nagar,Jan-Mar 2022,5063-6843,"5,953",6%,,Pune,Residential Multistorey Apartment
Ubale Nagar,Oct-Dec 2021,4781-7915,"6,348",2%,,Pune,Residential Multistorey Apartment
Ubale Nagar,Jul-Sep 2021,4734-7674,"6,204",11%,,Pune,Residential Multistorey Apartment
Ubale Nagar,Apr-Jun 2021,4632-6581,"5,606",3%,,Pune,Residential Multistorey Apartment
Ubale Nagar,Jan-Mar 2021,4196-6657,"5,427",-,,Pune,Residential Multistorey Apartment
Ubale Nagar,Oct-Dec 2020,4100-6550,"5,325",-,,Pune,Residential Multistorey Apartment
Ubale Nagar,Jul-Sep 2020,4000-6450,"5,225",-,,Pune,Residential Multistorey Apartment
Ubale Nagar,Apr-Jun 2020,3900-6350,"5,125",-,,Pune,Residential Multistorey Apartment
Ubale Nagar,Jan-Mar 2020,3800-6250,"5,025",-,,Pune,Residential Multistorey Apartment
Ubale Nagar,Oct-Dec 2019,3700-6150,"4,925",-,,Pune,Residential Multistorey Apartment
Ubale Nagar,Jul-Sep 2019,3600-6050,"4,825",-,,Pune,Residential Multistorey Apartment
Ubale Nagar,Apr-Jun 2019,3500-5950,"4,725",-,,Pune,Residential Multistorey Apartment
Ubale Nagar,Jan-Mar 2019,3400-5850,"4,625",-,,Pune,Residential Multistorey Apartment
Ubale Nagar,Oct-Dec 2018,3300-5750,"4,525",-,,Pune,Residential Multistorey Apartment
Ubale Nagar,Jul-Sep 2018,3200-5650,"4,425",-,,Pune,Residential Multistorey Apartment
,,,,,,Pune,Residential Multistorey Apartment
Undri ,Oct-Dec 2024,4491-7150,"5,820",2%,,Pune,Residential Multistorey Apartment
Undri ,Jul-Sep 2024,4514-7337,"5,926",2%,,Pune,Residential Multistorey Apartment
Undri ,Apr-Jun 2024,4442-7192,"5,817",1%,,Pune,Residential Multistorey Apartment
Undri ,Jan-Mar 2024,4457-7088,"5,773",2%,,Pune,Residential Multistorey Apartment
Undri ,Oct-Dec 2023,4413-6895,"5,654",-,,Pune,Residential Multistorey Apartment
Undri ,Jul-Sep 2023,4413-6892,"5,652",3%,,Pune,Residential Multistorey Apartment
Undri ,Apr-Jun 2023,4319-6664,"5,491",0.10%,,Pune,Residential Multistorey Apartment
Undri ,Jan-Mar 2023,4217-6779,"5,498",1%,,Pune,Residential Multistorey Apartment
Undri ,Oct-Dec 2022,4214-6653,"5,434",0.40%,,Pune,Residential Multistorey Apartment
Undri ,Jul-Sep 2022,4205-6619,"5,412",2%,,Pune,Residential Multistorey Apartment
Undri ,Apr-Jun 2022,4214-6358,"5,286",0.30%,,Pune,Residential Multistorey Apartment
Undri ,Jan-Mar 2022,4204-6334,"5,269",0.30%,,Pune,Residential Multistorey Apartment
Undri ,Oct-Dec 2021,4217-6286,"5,251",1%,,Pune,Residential Multistorey Apartment
Undri ,Jul-Sep 2021,4142-6248,"5,195",0.20%,,Pune,Residential Multistorey Apartment
Undri ,Apr-Jun 2021,4134-6241,"5,187",1%,,Pune,Residential Multistorey Apartment
Undri ,Jan-Mar 2021,4096-6145,"5,120",1%,,Pune,Residential Multistorey Apartment
Undri ,Oct-Dec 2020,4118-6056,"5,087",0.30%,,Pune,Residential Multistorey Apartment
Undri ,Jul-Sep 2020,4108-6094,"5,101",1%,,Pune,Residential Multistorey Apartment
Undri ,Apr-Jun 2020,4031-6082,"5,057",2%,,Pune,Residential Multistorey Apartment
Undri ,Jan-Mar 2020,4153-6145,"5,149",2%,,Pune,Residential Multistorey Apartment
Undri ,Oct-Dec 2019,4062-5989,"5,025",,,Pune,Residential Multistorey Apartment
Undri ,Jul-Sep 2019,4053-5992,"5,023",,,Pune,Residential Multistorey Apartment
Undri ,Apr-Jun 2019,4057-5982,"5,020",1%,,Pune,Residential Multistorey Apartment
Undri ,Jan-Mar 2019,4035-5905,"4,970",1%,,Pune,Residential Multistorey Apartment
Undri ,Oct-Dec 2018,4074-5944,"5,009",1%,,Pune,Residential Multistorey Apartment
Undri ,Jul-Sep 2018,4019-5938,"4,978",0.40%,,Pune,Residential Multistorey Apartment
,,,,,,Pune,Residential Multistorey Apartment
,,,,,,Pune,Residential Multistorey Apartment
,,,,,,Pune,Residential Multistorey Apartment
Vadgaon BK,Oct-Dec 2024,5537-9672,"7,605",5%,,Pune,Residential Multistorey Apartment
Vadgaon BK,Jul-Sep 2024,5213-9308,"7,261",1%,,Pune,Residential Multistorey Apartment
Vadgaon BK,Apr-Jun 2024,5607-9007,"7,307",5%,,Pune,Residential Multistorey Apartment
Vadgaon BK,Jan-Mar 2024,4904-9025,"6,965",20%,,Pune,Residential Multistorey Apartment
Vadgaon BK,Oct-Dec 2023,4193-7378,"5,785",5%,,Pune,Residential Multistorey Apartment
Vadgaon BK,Jul-Sep 2023,4178-6804,"5,491",7%,,Pune,Residential Multistorey Apartment
Vadgaon BK,Apr-Jun 2023,3909-6355,"5,132",8%,,Pune,Residential Multistorey Apartment
Vadgaon BK,Jan-Mar 2023,4205-7003,"5,604",20%,,Pune,Residential Multistorey Apartment
Vadgaon BK,Oct-Dec 2022,3474-5840,"4,657",3%,,Pune,Residential Multistorey Apartment
Vadgaon BK,Jul-Sep 2022,3604-5952,"4,778",2%,,Pune,Residential Multistorey Apartment
Vadgaon BK,Apr-Jun 2022,3545-6230,"4,888",1%,,Pune,Residential Multistorey Apartment
Vadgaon BK,Jan-Mar 2022,3627-6198,"4,913",7%,,Pune,Residential Multistorey Apartment
Vadgaon BK,Oct-Dec 2021,3464-5738,"4,601",4%,,Pune,Residential Multistorey Apartment
Vadgaon BK,Jul-Sep 2021,3313-5556,"4,435",3%,,Pune,Residential Multistorey Apartment
Vadgaon BK,Apr-Jun 2021,3415-5758,"4,587",1%,,Pune,Residential Multistorey Apartment
Vadgaon BK,Jan-Mar 2021,3455-5599,"4,527",3%,,Pune,Residential Multistorey Apartment
Vadgaon BK,Oct-Dec 2020,3343-5440,"4,392",9%,,Pune,Residential Multistorey Apartment
Vadgaon BK,Jul-Sep 2020,3644-6024,"4,834",3%,,Pune,Residential Multistorey Apartment
Vadgaon BK,Apr-Jun 2020,3529-5826,"4,678",5%,,Pune,Residential Multistorey Apartment
Vadgaon BK,Jan-Mar 2020,3800-6009,"4,904",9%,,Pune,Residential Multistorey Apartment
Vadgaon BK,Oct-Dec 2019,3363-5596,"4,480",10%,,Pune,Residential Multistorey Apartment
Vadgaon BK,Jul-Sep 2019,3760-6210,"4,985",1%,,Pune,Residential Multistorey Apartment
Vadgaon BK,Apr-Jun 2019,3593-6270,"4,931",8%,,Pune,Residential Multistorey Apartment
Vadgaon BK,Jan-Mar 2019,3447-5703,"4,575",8%,,Pune,Residential Multistorey Apartment
Vadgaon BK,Oct-Dec 2018,3697-6274,"4,986",1%,,Pune,Residential Multistorey Apartment
Vadgaon BK,Jul-Sep 2018,3555-6298,"4,926",5%,,Pune,Residential Multistorey Apartment
,,,,,,Pune,Residential Multistorey Apartment
Viman Nagar,Oct-Dec 2024,9026-14153,"11,589",2%,,Pune,Residential Multistorey Apartment
Viman Nagar,Jul-Sep 2024,8928-13843,"11,386",4%,,Pune,Residential Multistorey Apartment
Viman Nagar,Apr-Jun 2024,8659-13328,"10,994",4%,,Pune,Residential Multistorey Apartment
Viman Nagar,Jan-Mar 2024,8258-12901,"10,579",6%,,Pune,Residential Multistorey Apartment
Viman Nagar,Oct-Dec 2023,7867-12169,"10,018",1%,,Pune,Residential Multistorey Apartment
Viman Nagar,Jul-Sep 2023,7815-12037,"9,926",1%,,Pune,Residential Multistorey Apartment
Viman Nagar,Apr-Jun 2023,7898-11768,"9,833",2%,,Pune,Residential Multistorey Apartment
Viman Nagar,Jan-Mar 2023,7676-11581,"9,628",2%,,Pune,Residential Multistorey Apartment
Viman Nagar,Oct-Dec 2022,7416-11398,"9,407",1%,,Pune,Residential Multistorey Apartment
Viman Nagar,Jul-Sep 2022,7372-11310,"9,341",1%,,Pune,Residential Multistorey Apartment
Viman Nagar,Apr-Jun 2022,7370-11141,"9,255",4%,,Pune,Residential Multistorey Apartment
Viman Nagar,Jan-Mar 2022,7103-10682,"8,893",0.30%,,Pune,Residential Multistorey Apartment
Viman Nagar,Oct-Dec 2021,7099-10627,"8,863",2%,,Pune,Residential Multistorey Apartment
Viman Nagar,Jul-Sep 2021,7006-10347,"8,676",2%,,Pune,Residential Multistorey Apartment
Viman Nagar,Apr-Jun 2021,6779-10200,"8,489",,,Pune,Residential Multistorey Apartment
Viman Nagar,Jan-Mar 2021,6766-10215,"8,491",,,Pune,Residential Multistorey Apartment
Viman Nagar,Oct-Dec 2020,6823-10149,"8,486",1%,,Pune,Residential Multistorey Apartment
Viman Nagar,Jul-Sep 2020,6690-10068,"8,379",2%,,Pune,Residential Multistorey Apartment
Viman Nagar,Apr-Jun 2020,6870-10175,"8,523",2%,,Pune,Residential Multistorey Apartment
Viman Nagar,Jan-Mar 2020,6803-9835,"8,319",2%,,Pune,Residential Multistorey Apartment
Viman Nagar,Oct-Dec 2019,6624-9768,"8,196",2%,,Pune,Residential Multistorey Apartment
Viman Nagar,Jul-Sep 2019,6718-10038,"8,378",2%,,Pune,Residential Multistorey Apartment
Viman Nagar,Apr-Jun 2019,6502-9972,"8,237",2%,,Pune,Residential Multistorey Apartment
Viman Nagar,Jan-Mar 2019,6434-9709,"8,072",1%,,Pune,Residential Multistorey Apartment
Viman Nagar,Oct-Dec 2018,6513-9753,"8,133",1%,,Pune,Residential Multistorey Apartment
Viman Nagar,Jul-Sep 2018,6370-9717,"8,044",2%,,Pune,Residential Multistorey Apartment
,,,,,,Pune,Residential Multistorey Apartment
Vishal Nagar,Oct-Dec 2024,6922-11381,"9,152",0.20%,,Pune,Residential Multistorey Apartment
Vishal Nagar,Jul-Sep 2024,6890-11453,"9,172",3%,,Pune,Residential Multistorey Apartment
Vishal Nagar,Apr-Jun 2024,6850-12145,"9,497",4%,,Pune,Residential Multistorey Apartment
Vishal Nagar,Jan-Mar 2024,6562-11774,"9,168",11%,,Pune,Residential Multistorey Apartment
Vishal Nagar,Oct-Dec 2023,6347-10189,"8,268",1%,,Pune,Residential Multistorey Apartment
Vishal Nagar,Jul-Sep 2023,6815-9894,"8,354",1%,,Pune,Residential Multistorey Apartment
Vishal Nagar,Apr-Jun 2023,6868-9753,"8,310",4%,,Pune,Residential Multistorey Apartment
Vishal Nagar,Jan-Mar 2023,6428-9559,"7,994",2%,,Pune,Residential Multistorey Apartment
Vishal Nagar,Oct-Dec 2022,6238-9434,"7,836",4%,,Pune,Residential Multistorey Apartment
Vishal Nagar,Jul-Sep 2022,6067-9030,"7,548",1%,,Pune,Residential Multistorey Apartment
Vishal Nagar,Apr-Jun 2022,5977-8977,"7,477",4%,,Pune,Residential Multistorey Apartment
Vishal Nagar,Jan-Mar 2022,5854-8508,"7,181",1%,,Pune,Residential Multistorey Apartment
Vishal Nagar,Oct-Dec 2021,5668-8520,"7,094",5%,,Pune,Residential Multistorey Apartment
Vishal Nagar,Jul-Sep 2021,5707-9287,"7,497",1%,,Pune,Residential Multistorey Apartment
Vishal Nagar,Apr-Jun 2021,5870-9335,"7,603",1%,,Pune,Residential Multistorey Apartment
Vishal Nagar,Jan-Mar 2021,5951-9379,"7,665",2%,,Pune,Residential Multistorey Apartment
Vishal Nagar,Oct-Dec 2020,6348-9315,"7,832",3%,,Pune,Residential Multistorey Apartment
Vishal Nagar,Jul-Sep 2020,6215-9014,"7,615",-,,Pune,Residential Multistorey Apartment
Vishal Nagar,Apr-Jun 2020,6215-9015,"7,615",-,,Pune,Residential Multistorey Apartment
Vishal Nagar,Jan-Mar 2020,5681-8224,"6,953",2%,,Pune,Residential Multistorey Apartment
Vishal Nagar,Oct-Dec 2019,5552-8143,"6,847",2%,,Pune,Residential Multistorey Apartment
Vishal Nagar,Jul-Sep 2019,5743-8209,"6,976",,,Pune,Residential Multistorey Apartment
Vishal Nagar,Apr-Jun 2019,5747-8209,"6,978",1%,,Pune,Residential Multistorey Apartment
Vishal Nagar,Jan-Mar 2019,5749-8392,"7,070",0.20%,,Pune,Residential Multistorey Apartment
Vishal Nagar,Oct-Dec 2018,5708-8456,"7,082",3%,,Pune,Residential Multistorey Apartment
Vishal Nagar,Jul-Sep 2018,5865-8683,"7,274",5%,,Pune,Residential Multistorey Apartment
,,,,,,Pune,Residential Multistorey Apartment
Vishrantwadi,Oct-Dec 2024,6042-9300,"7,671",7%,,Pune,Residential Multistorey Apartment
Vishrantwadi,Jul-Sep 2024,5546-8840,"7,193",2%,,Pune,Residential Multistorey Apartment
Vishrantwadi,Apr-Jun 2024,5389-8734,"7,062",0.40%,,Pune,Residential Multistorey Apartment
Vishrantwadi,Jan-Mar 2024,5433-8642,"7,037",4%,,Pune,Residential Multistorey Apartment
Vishrantwadi,Oct-Dec 2023,5545-9047,"7,296",1%,,Pune,Residential Multistorey Apartment
Vishrantwadi,Jul-Sep 2023,5479-9011,"7,245",0.20%,,Pune,Residential Multistorey Apartment
Vishrantwadi,Apr-Jun 2023,5580-8935,"7,257",7%,,Pune,Residential Multistorey Apartment
Vishrantwadi,Jan-Mar 2023,5123-8461,"6,792",1%,,Pune,Residential Multistorey Apartment
Vishrantwadi,Oct-Dec 2022,5222-8514,"6,868",1%,,Pune,Residential Multistorey Apartment
Vishrantwadi,Jul-Sep 2022,5268-8363,"6,815",1%,,Pune,Residential Multistorey Apartment
Vishrantwadi,Apr-Jun 2022,5360-8377,"6,868",2%,,Pune,Residential Multistorey Apartment
Vishrantwadi,Jan-Mar 2022,5232-8274,"6,753",1%,,Pune,Residential Multistorey Apartment
Vishrantwadi,Oct-Dec 2021,5075-8234,"6,655",2%,,Pune,Residential Multistorey Apartment
Vishrantwadi,Jul-Sep 2021,5029-8029,"6,529",1%,,Pune,Residential Multistorey Apartment
Vishrantwadi,Apr-Jun 2021,4970-7976,"6,473",2%,,Pune,Residential Multistorey Apartment
Vishrantwadi,Jan-Mar 2021,5177-7967,"6,572",3%,,Pune,Residential Multistorey Apartment
Vishrantwadi,Oct-Dec 2020,5337-8177,"6,757",3%,,Pune,Residential Multistorey Apartment
Vishrantwadi,Jul-Sep 2020,5149-8012,"6,581",2%,,Pune,Residential Multistorey Apartment
Vishrantwadi,Apr-Jun 2020,5201-8223,"6,712",2%,,Pune,Residential Multistorey Apartment
Vishrantwadi,Jan-Mar 2020,5392-8309,"6,851",1%,,Pune,Residential Multistorey Apartment
Vishrantwadi,Oct-Dec 2019,5381-8186,"6,783",1%,,Pune,Residential Multistorey Apartment
Vishrantwadi,Jul-Sep 2019,5283-8149,"6,716",2%,,Pune,Residential Multistorey Apartment
Vishrantwadi,Apr-Jun 2019,5258-7951,"6,605",2%,,Pune,Residential Multistorey Apartment
Vishrantwadi,Jan-Mar 2019,5084-7878,"6,481",3%,,Pune,Residential Multistorey Apartment
Vishrantwadi,Oct-Dec 2018,4984-7556,"6,270",2%,,Pune,Residential Multistorey Apartment
Vishrantwadi,Jul-Sep 2018,5040-7708,"6,374",0.50%,,Pune,Residential Multistorey Apartment
,,,,,,Pune,Residential Multistorey Apartment
,,,,,,Pune,Residential Multistorey Apartment
Wadgaon Sheri,Oct-Dec 2024,7607-12648,"10,127",1%,,Pune,Residential Multistorey Apartment
Wadgaon Sheri,Jul-Sep 2024,7502-12528,"10,015",3%,,Pune,Residential Multistorey Apartment
Wadgaon Sheri,Apr-Jun 2024,7356-12164,"9,760",3%,,Pune,Residential Multistorey Apartment
Wadgaon Sheri,Jan-Mar 2024,7058-11821,"9,440",5%,,Pune,Residential Multistorey Apartment
Wadgaon Sheri,Oct-Dec 2023,6760-11244,"9,002",4%,,Pune,Residential Multistorey Apartment
Wadgaon Sheri,Jul-Sep 2023,6551-10821,"8,686",2%,,Pune,Residential Multistorey Apartment
Wadgaon Sheri,Apr-Jun 2023,6427-10559,"8,493",15%,,Pune,Residential Multistorey Apartment
Wadgaon Sheri,Jan-Mar 2023,5814-8975,"7,394",2%,,Pune,Residential Multistorey Apartment
Wadgaon Sheri,Oct-Dec 2022,5711-8848,"7,280",1%,,Pune,Residential Multistorey Apartment
Wadgaon Sheri,Jul-Sep 2022,5653-9010,"7,332",1%,,Pune,Residential Multistorey Apartment
Wadgaon Sheri,Apr-Jun 2022,5822-9010,"7,416",1%,,Pune,Residential Multistorey Apartment
Wadgaon Sheri,Jan-Mar 2022,5740-8998,"7,369",5%,,Pune,Residential Multistorey Apartment
Wadgaon Sheri,Oct-Dec 2021,5417-8556,"6,987",2%,,Pune,Residential Multistorey Apartment
Wadgaon Sheri,Jul-Sep 2021,5424-8908,"7,166",2%,,Pune,Residential Multistorey Apartment
Wadgaon Sheri,Apr-Jun 2021,5394-8634,"7,014",1%,,Pune,Residential Multistorey Apartment
Wadgaon Sheri,Jan-Mar 2021,5500-8648,"7,074",3%,,Pune,Residential Multistorey Apartment
Wadgaon Sheri,Oct-Dec 2020,5609-9035,"7,322",3%,,Pune,Residential Multistorey Apartment
Wadgaon Sheri,Jul-Sep 2020,5530-8741,"7,135",4%,,Pune,Residential Multistorey Apartment
Wadgaon Sheri,Apr-Jun 2020,5265-8440,"6,852",0.30%,,Pune,Residential Multistorey Apartment
Wadgaon Sheri,Jan-Mar 2020,5337-8410,"6,874",3%,,Pune,Residential Multistorey Apartment
Wadgaon Sheri,Oct-Dec 2019,5514-8654,"7,084",0.20%,,Pune,Residential Multistorey Apartment
Wadgaon Sheri,Jul-Sep 2019,5529-8607,"7,068",1%,,Pune,Residential Multistorey Apartment
Wadgaon Sheri,Apr-Jun 2019,5618-8727,"7,173",2%,,Pune,Residential Multistorey Apartment
Wadgaon Sheri,Jan-Mar 2019,5491-8592,"7,042",3%,,Pune,Residential Multistorey Apartment
Wadgaon Sheri,Oct-Dec 2018,5489-8225,"6,857",1%,,Pune,Residential Multistorey Apartment
Wadgaon Sheri,Jul-Sep 2018,5519-8370,"6,945",2%,,Pune,Residential Multistorey Apartment
,,,,,,Pune,Residential Multistorey Apartment
Wagholi,Oct-Dec 2024,4788-8300,"6,544",0.30%,,Pune,Residential Multistorey Apartment
Wagholi,Jul-Sep 2024,4770-8274,"6,522",4%,,Pune,Residential Multistorey Apartment
Wagholi,Apr-Jun 2024,4568-7924,"6,246",2%,,Pune,Residential Multistorey Apartment
Wagholi,Jan-Mar 2024,4512-7682,"6,097",3%,,Pune,Residential Multistorey Apartment
Wagholi,Oct-Dec 2023,4462-7357,"5,909",5%,,Pune,Residential Multistorey Apartment
Wagholi,Jul-Sep 2023,4277-6971,"5,624",1%,,Pune,Residential Multistorey Apartment
Wagholi,Apr-Jun 2023,4267-6832,"5,549",2%,,Pune,Residential Multistorey Apartment
Wagholi,Jan-Mar 2023,4197-6733,"5,465",1%,,Pune,Residential Multistorey Apartment
Wagholi,Oct-Dec 2022,4176-6663,"5,420",2%,,Pune,Residential Multistorey Apartment
Wagholi,Jul-Sep 2022,4094-6520,"5,307",4%,,Pune,Residential Multistorey Apartment
Wagholi,Apr-Jun 2022,3999-6165,"5,082",1%,,Pune,Residential Multistorey Apartment
Wagholi,Jan-Mar 2022,3951-6111,"5,031",1%,,Pune,Residential Multistorey Apartment
Wagholi,Oct-Dec 2021,3965-6206,"5,085",1%,,Pune,Residential Multistorey Apartment
Wagholi,Jul-Sep 2021,3924-6142,"5,033",3%,,Pune,Residential Multistorey Apartment
Wagholi,Apr-Jun 2021,3907-5878,"4,893",-,,Pune,Residential Multistorey Apartment
Wagholi,Jan-Mar 2021,3889-5901,"4,895",2%,,Pune,Residential Multistorey Apartment
Wagholi,Oct-Dec 2020,3808-5836,"4,822",0.10%,,Pune,Residential Multistorey Apartment
Wagholi,Jul-Sep 2020,3831-5801,"4,816",2%,,Pune,Residential Multistorey Apartment
Wagholi,Apr-Jun 2020,3779-5669,"4,724",4%,,Pune,Residential Multistorey Apartment
Wagholi,Jan-Mar 2020,3817-5989,"4,903",6%,,Pune,Residential Multistorey Apartment
Wagholi,Oct-Dec 2019,3699-5523,"4,611",0.20%,,Pune,Residential Multistorey Apartment
Wagholi,Jul-Sep 2019,3719-5486,"4,603",1%,,Pune,Residential Multistorey Apartment
Wagholi,Apr-Jun 2019,3684-5446,"4,565",0.20%,,Pune,Residential Multistorey Apartment
Wagholi,Jan-Mar 2019,3696-5457,"4,576",2%,,Pune,Residential Multistorey Apartment
Wagholi,Oct-Dec 2018,3820-5528,"4,674",0.50%,,Pune,Residential Multistorey Apartment
Wagholi,Jul-Sep 2018,3804-5500,"4,652",1%,,Pune,Residential Multistorey Apartment
,,,,,,Pune,Residential Multistorey Apartment
Wagholi Road,Oct-Dec 2024,4767-8007,"6,387",0.30%,,Pune,Residential Multistorey Apartment
Wagholi Road,Jul-Sep 2024,4743-7995,"6,369",4%,,Pune,Residential Multistorey Apartment
Wagholi Road,Apr-Jun 2024,4579-7672,"6,125",1%,,Pune,Residential Multistorey Apartment
Wagholi Road,Jan-Mar 2024,4562-7515,"6,039",2%,,Pune,Residential Multistorey Apartment
Wagholi Road,Oct-Dec 2023,4516-7285,"5,901",4%,,Pune,Residential Multistorey Apartment
Wagholi Road,Jul-Sep 2023,4348-6955,"5,651",2%,,Pune,Residential Multistorey Apartment
Wagholi Road,Apr-Jun 2023,4325-6804,"5,564",3%,,Pune,Residential Multistorey Apartment
Wagholi Road,Jan-Mar 2023,4300-6750,"5,525",-,,Pune,Residential Multistorey Apartment
Wagholi Road,Oct-Dec 2022,4230-6700,"5,465",-,,Pune,Residential Multistorey Apartment
Wagholi Road,Jul-Sep 2022,3803-6076,"4,940",-,,Pune,Residential Multistorey Apartment
Wagholi Road,Apr-Jun 2022,4100-6200,"5,150",3%,,Pune,Residential Multistorey Apartment
Wagholi Road,Jan-Mar 2022,4000-6100,"5,050",5%,,Pune,Residential Multistorey Apartment
Wagholi Road,Oct-Dec 2021,3950-6050,"5,000",4%,,Pune,Residential Multistorey Apartment
Wagholi Road,Jul-Sep 2021,3900-6000,"4,950",6%,,Pune,Residential Multistorey Apartment
Wagholi Road,Apr-Jun 2021,3850-5900,"4,875",3%,,Pune,Residential Multistorey Apartment
Wagholi Road,Jan-Mar 2021,3800-5800,"4,800",2%,,Pune,Residential Multistorey Apartment
Wagholi Road,Oct-Dec 2020,3750-5700,"4,725",4%,,Pune,Residential Multistorey Apartment
Wagholi Road,Jul-Sep 2020,3700-5600,"4,650",3%,,Pune,Residential Multistorey Apartment
Wagholi Road,Apr-Jun 2020,3650-5500,"4,575",5%,,Pune,Residential Multistorey Apartment
Wagholi Road,Jan-Mar 2020,3600-5400,"4,500",4%,,Pune,Residential Multistorey Apartment
Wagholi Road,Oct-Dec 2019,3550-5300,"4,425",2%,,Pune,Residential Multistorey Apartment
Wagholi Road,Jul-Sep 2019,3500-5200,"4,350",3%,,Pune,Residential Multistorey Apartment
Wagholi Road,Apr-Jun 2019,3450-5100,"4,275",2%,,Pune,Residential Multistorey Apartment
Wagholi Road,Jan-Mar 2019,3400-5000,"4,200",3%,,Pune,Residential Multistorey Apartment
Wagholi Road,Oct-Dec 2018,3350-4900,"4,125",-,,Pune,Residential Multistorey Apartment
Wagholi Road,Jul-Sep 2018,3300-4800,"4,050",-,,Pune,Residential Multistorey Apartment
,,,,,,Pune,Residential Multistorey Apartment
Wakad,Oct-Dec 2024,6725-10056,"8,390",1%,,Pune,Residential Multistorey Apartment
Wakad,Jul-Sep 2024,6693-9942,"8,317",2%,,Pune,Residential Multistorey Apartment
Wakad,Apr-Jun 2024,6616-9697,"8,156",2%,,Pune,Residential Multistorey Apartment
Wakad,Jan-Mar 2024,6507-9488,"7,998",2%,,Pune,Residential Multistorey Apartment
Wakad,Oct-Dec 2023,6364-9383,"7,873",2%,,Pune,Residential Multistorey Apartment
Wakad,Jul-Sep 2023,6220-9169,"7,695",2%,,Pune,Residential Multistorey Apartment
Wakad,Apr-Jun 2023,6119-8976,"7,548",2%,,Pune,Residential Multistorey Apartment
Wakad,Jan-Mar 2023,6040-8832,"7,436",2%,,Pune,Residential Multistorey Apartment
Wakad,Oct-Dec 2022,5962-8666,"7,314",2%,,Pune,Residential Multistorey Apartment
Wakad,Jul-Sep 2022,5824-8459,"7,141",2%,,Pune,Residential Multistorey Apartment
Wakad,Apr-Jun 2022,5750-8235,"6,992",2%,,Pune,Residential Multistorey Apartment
Wakad,Jan-Mar 2022,5626-8053,"6,840",0.20%,,Pune,Residential Multistorey Apartment
Wakad,Oct-Dec 2021,5597-8062,"6,829",-,,Pune,Residential Multistorey Apartment
Wakad,Jul-Sep 2021,5589-8063,"6,826",1%,,Pune,Residential Multistorey Apartment
Wakad,Apr-Jun 2021,5520-7964,"6,742",1%,,Pune,Residential Multistorey Apartment
Wakad,Jan-Mar 2021,5472-7893,"6,682",1%,,Pune,Residential Multistorey Apartment
Wakad,Oct-Dec 2020,5462-7819,"6,641",1%,,Pune,Residential Multistorey Apartment
Wakad,Jul-Sep 2020,5504-7851,"6,678",1%,,Pune,Residential Multistorey Apartment
Wakad,Apr-Jun 2020,5499-7736,"6,618",0.40%,,Pune,Residential Multistorey Apartment
Wakad,Jan-Mar 2020,5493-7684,"6,589",1%,,Pune,Residential Multistorey Apartment
Wakad,Oct-Dec 2019,5514-7754,"6,634",0.50%,,Pune,Residential Multistorey Apartment
Wakad,Jul-Sep 2019,5445-7761,"6,603",,,Pune,Residential Multistorey Apartment
Wakad,Apr-Jun 2019,5436-7764,"6,600",0.40%,,Pune,Residential Multistorey Apartment
Wakad,Jan-Mar 2019,5429-7720,"6,575",1%,,Pune,Residential Multistorey Apartment
Wakad,Oct-Dec 2018,5414-7605,"6,510",1%,,Pune,Residential Multistorey Apartment
Wakad,Jul-Sep 2018,5440-7505,"6,472",0.40%,,Pune,Residential Multistorey Apartment
,,,,,,Pune,Residential Multistorey Apartment
,,,,,,Pune,Residential Multistorey Apartment
Wanowrie,Oct-Dec 2024,6956-10962,"8,959",1%,,Pune,Residential Multistorey Apartment
Wanowrie,Jul-Sep 2024,7027-10776,"8,902",3%,,Pune,Residential Multistorey Apartment
Wanowrie,Apr-Jun 2024,6679-10661,"8,670",4%,,Pune,Residential Multistorey Apartment
Wanowrie,Jan-Mar 2024,6401-10325,"8,363",1%,,Pune,Residential Multistorey Apartment
Wanowrie,Oct-Dec 2023,6357-10216,"8,287",2%,,Pune,Residential Multistorey Apartment
Wanowrie,Jul-Sep 2023,6160-10164,"8,162",2%,,Pune,Residential Multistorey Apartment
Wanowrie,Apr-Jun 2023,6135-9896,"8,016",2%,,Pune,Residential Multistorey Apartment
Wanowrie,Jan-Mar 2023,6067-9575,"7,821",1%,,Pune,Residential Multistorey Apartment
Wanowrie,Oct-Dec 2022,6020-9809,"7,915",3%,,Pune,Residential Multistorey Apartment
Wanowrie,Jul-Sep 2022,5968-9391,"7,679",1%,,Pune,Residential Multistorey Apartment
Wanowrie,Apr-Jun 2022,5922-9523,"7,723",1%,,Pune,Residential Multistorey Apartment
Wanowrie,Jan-Mar 2022,5855-9466,"7,660",2%,,Pune,Residential Multistorey Apartment
Wanowrie,Oct-Dec 2021,6035-9556,"7,796",0.40%,,Pune,Residential Multistorey Apartment
Wanowrie,Jul-Sep 2021,6047-9604,"7,826",0.20%,,Pune,Residential Multistorey Apartment
Wanowrie,Apr-Jun 2021,5958-9663,"7,810",25%,,Pune,Residential Multistorey Apartment
Wanowrie,Jan-Mar 2021,4506-8030,"6,268",18%,,Pune,Residential Multistorey Apartment
Wanowrie,Oct-Dec 2020,5996-9303,"7,649",5%,,Pune,Residential Multistorey Apartment
Wanowrie,Jul-Sep 2020,5643-8944,"7,293",1%,,Pune,Residential Multistorey Apartment
Wanowrie,Apr-Jun 2020,5673-8991,"7,332",1%,,Pune,Residential Multistorey Apartment
Wanowrie,Jan-Mar 2020,5709-9038,"7,373",0.30%,,Pune,Residential Multistorey Apartment
Wanowrie,Oct-Dec 2019,5654-9143,"7,398",0.20%,,Pune,Residential Multistorey Apartment
Wanowrie,Jul-Sep 2019,5664-9167,"7,416",3%,,Pune,Residential Multistorey Apartment
Wanowrie,Apr-Jun 2019,5595-8863,"7,229",0.40%,,Pune,Residential Multistorey Apartment
Wanowrie,Jan-Mar 2019,5584-8816,"7,200",1%,,Pune,Residential Multistorey Apartment
Wanowrie,Oct-Dec 2018,5798-8800,"7,299",2%,,Pune,Residential Multistorey Apartment
Wanowrie,Jul-Sep 2018,5800-9104,"7,452",0.10%,,Pune,Residential Multistorey Apartment
,,,,,,Pune,Residential Multistorey Apartment
Wanwadi,Oct-Dec 2024,7523-11683,"9,603",2%,,Pune,Residential Multistorey Apartment
Wanwadi,Jul-Sep 2024,7148-11707,"9,427",3%,,Pune,Residential Multistorey Apartment
Wanwadi,Apr-Jun 2024,7119-11246,"9,182",7%,,Pune,Residential Multistorey Apartment
Wanwadi,Jan-Mar 2024,6722-10513,"8,618",7%,,Pune,Residential Multistorey Apartment
Wanwadi,Oct-Dec 2023,6093-10058,"8,076",2%,,Pune,Residential Multistorey Apartment
Wanwadi,Jul-Sep 2023,6292-9611,"7,952",3%,,Pune,Residential Multistorey Apartment
Wanwadi,Apr-Jun 2023,5863-9605,"7,734",3%,,Pune,Residential Multistorey Apartment
Wanwadi,Jan-Mar 2023,5829-9241,"7,535",1%,,Pune,Residential Multistorey Apartment
Wanwadi,Oct-Dec 2022,6025-8942,"7,483",-,,Pune,Residential Multistorey Apartment
Wanwadi,Jul-Sep 2022,6025-8943,"7,483",-,,Pune,Residential Multistorey Apartment
Wanwadi,Apr-Jun 2022,6025-8944,"7,483",-,,Pune,Residential Multistorey Apartment
Wanwadi,Jan-Mar 2022,6025-8945,"7,700",-,,Pune,Residential Multistorey Apartment
Wanwadi,Oct-Dec 2021,6025-8946,"7,500",-,,Pune,Residential Multistorey Apartment
Wanwadi,Jul-Sep 2021,6025-8947,"7,483",,,Pune,Residential Multistorey Apartment
Wanwadi,Apr-Jun 2021,6025-8948,"7,800",,,Pune,Residential Multistorey Apartment
Wanwadi,Jan-Mar 2021,6025-8949,"7,800",,,Pune,Residential Multistorey Apartment
Wanwadi,Oct-Dec 2020,5996-9643,"7,819",2%,,Pune,Residential Multistorey Apartment
Wanwadi,Jul-Sep 2020,6450-9461,"7,956",1%,,Pune,Residential Multistorey Apartment
Wanwadi,Apr-Jun 2020,6321-9712,"8,017",1%,,Pune,Residential Multistorey Apartment
Wanwadi,Jan-Mar 2020,6051-9773,"7,912",4%,,Pune,Residential Multistorey Apartment
Wanwadi,Oct-Dec 2019,5848-9384,"7,616",1%,,Pune,Residential Multistorey Apartment
Wanwadi,Jul-Sep 2019,5787-9287,"7,537",3%,,Pune,Residential Multistorey Apartment
Wanwadi,Apr-Jun 2019,5912-9593,"7,753",2%,,Pune,Residential Multistorey Apartment
Wanwadi,Jan-Mar 2019,5705-9509,"7,607",3%,,Pune,Residential Multistorey Apartment
Wanwadi,Oct-Dec 2018,6032-9579,"7,805",2%,,Pune,Residential Multistorey Apartment
Wanwadi,Jul-Sep 2018,6239-9631,"7,935",0.50%,,Pune,Residential Multistorey Apartment
,,,,,,Pune,Residential Multistorey Apartment
Warje,Oct-Dec 2024,6395-10230,"8,312",1%,,Pune,Residential Multistorey Apartment
Warje,Jul-Sep 2024,6614-10116,"8,365",1%,,Pune,Residential Multistorey Apartment
Warje,Apr-Jun 2024,6523-10004,"8,264",5%,,Pune,Residential Multistorey Apartment
Warje,Jan-Mar 2024,6222-9471,"7,846",0.40%,,Pune,Residential Multistorey Apartment
Warje,Oct-Dec 2023,6213-9410,"7,812",0.20%,,Pune,Residential Multistorey Apartment
Warje,Jul-Sep 2023,6203-9452,"7,827",3%,,Pune,Residential Multistorey Apartment
Warje,Apr-Jun 2023,5954-9233,"7,594",2%,,Pune,Residential Multistorey Apartment
Warje,Jan-Mar 2023,5794-9163,"7,478",3%,,Pune,Residential Multistorey Apartment
Warje,Oct-Dec 2022,5981-9388,"7,685",1%,,Pune,Residential Multistorey Apartment
Warje,Jul-Sep 2022,5905-9348,"7,627",2%,,Pune,Residential Multistorey Apartment
Warje,Apr-Jun 2022,5921-8975,"7,448",3%,,Pune,Residential Multistorey Apartment
Warje,Jan-Mar 2022,5703-8693,"7,198",2%,,Pune,Residential Multistorey Apartment
Warje,Oct-Dec 2021,5673-8393,"7,033",1%,,Pune,Residential Multistorey Apartment
Warje,Jul-Sep 2021,5563-8344,"6,954",1%,,Pune,Residential Multistorey Apartment
Warje,Apr-Jun 2021,5534-8254,"6,894",1%,,Pune,Residential Multistorey Apartment
Warje,Jan-Mar 2021,5429-8215,"6,822",0.40%,,Pune,Residential Multistorey Apartment
Warje,Oct-Dec 2020,5317-8279,"6,798",2%,,Pune,Residential Multistorey Apartment
Warje,Jul-Sep 2020,5537-8284,"6,911",4%,,Pune,Residential Multistorey Apartment
Warje,Apr-Jun 2020,5206-8092,"6,649",3%,,Pune,Residential Multistorey Apartment
Warje,Jan-Mar 2020,5442-8250,"6,846",1%,,Pune,Residential Multistorey Apartment
Warje,Oct-Dec 2019,5460-8159,"6,809",1%,,Pune,Residential Multistorey Apartment
Warje,Jul-Sep 2019,5574-8131,"6,852",0.10%,,Pune,Residential Multistorey Apartment
Warje,Apr-Jun 2019,5462-8225,"6,843",2%,,Pune,Residential Multistorey Apartment
Warje,Jan-Mar 2019,5407-8029,"6,718",2%,,Pune,Residential Multistorey Apartment
Warje,Oct-Dec 2018,5622-8044,"6,833",1%,,Pune,Residential Multistorey Apartment
Warje,Jul-Sep 2018,5686-8083,"6,885",2%,,Pune,Residential Multistorey Apartment
,,,,,,Pune,Residential Multistorey Apartment
Yerawada,Oct-Dec 2024,8196-15372,"11,784",16%,,Pune,Residential Multistorey Apartment
Yerawada,Jul-Sep 2024,9964-18207,"14,085",25%,,Pune,Residential Multistorey Apartment
Yerawada,Apr-Jun 2024,7712-14905,"11,309",22%,,Pune,Residential Multistorey Apartment
Yerawada,Jan-Mar 2024,7114-11372,"9,243",5%,,Pune,Residential Multistorey Apartment
Yerawada,Oct-Dec 2023,6697-10834,"8,765",4%,,Pune,Residential Multistorey Apartment
Yerawada,Jul-Sep 2023,6980-11230,"9,105",4%,,Pune,Residential Multistorey Apartment
Yerawada,Apr-Jun 2023,6389-11111,"8,750",11%,,Pune,Residential Multistorey Apartment
Yerawada,Jan-Mar 2023,5623-10140,"7,881",2%,,Pune,Residential Multistorey Apartment
Yerawada,Oct-Dec 2022,5812-10201,"8,006",4%,,Pune,Residential Multistorey Apartment
Yerawada,Jul-Sep 2022,5608-9782,"7,695",4%,,Pune,Residential Multistorey Apartment
Yerawada,Apr-Jun 2022,5341-9420,"7,380",5%,,Pune,Residential Multistorey Apartment
Yerawada,Jan-Mar 2022,5237-8833,"7,035",3%,,Pune,Residential Multistorey Apartment
Yerawada,Oct-Dec 2021,5534-8951,"7,243",1%,,Pune,Residential Multistorey Apartment
Yerawada,Jul-Sep 2021,5659-8955,"7,307",2%,,Pune,Residential Multistorey Apartment
Yerawada,Apr-Jun 2021,5757-9085,"7,421",1%,,Pune,Residential Multistorey Apartment
Yerawada,Jan-Mar 2021,5823-9241,"7,532",1%,,Pune,Residential Multistorey Apartment
Yerawada,Oct-Dec 2020,5736-9234,"7,485",4%,,Pune,Residential Multistorey Apartment
Yerawada,Jul-Sep 2020,5397-9044,"7,221",10%,,Pune,Residential Multistorey Apartment
Yerawada,Apr-Jun 2020,6562-9560,"8,061",3%,,Pune,Residential Multistorey Apartment
Yerawada,Jan-Mar 2020,6273-9418,"7,846",1%,,Pune,Residential Multistorey Apartment
Yerawada,Oct-Dec 2019,6351-9461,"7,906",5%,,Pune,Residential Multistorey Apartment
Yerawada,Jul-Sep 2019,5831-9189,"7,510",,,Pune,Residential Multistorey Apartment
Yerawada,Apr-Jun 2019,5887-9147,"7,517",1%,,Pune,Residential Multistorey Apartment
Yerawada,Jan-Mar 2019,5788-9113,"7,450",3%,,Pune,Residential Multistorey Apartment
Yerawada,Oct-Dec 2018,5885-9414,"7,650",3%,,Pune,Residential Multistorey Apartment
Yerawada,Jul-Sep 2018,6249-9531,"7,890",2%,,Pune,Residential Multistorey Apartment
