Locality,Quarter,Price Range,Average Price,Q-o-Q,Growth Type,City,Type
100 Feet Ring Road,Jul-Sep 2024,"7,264-13,013","10,139",0.40%,,Bangalore,Residential - Multi Storey Apartment
100 Feet Ring Road,Apr-Jun 2024,"7,174-13,026","10,100",0.51%,-,Bangalore,Residential - Multi Storey Apartment
100 Feet Ring Road,Jan-Mar 2024,"7,100-13,000","10,050",,-,Bangalore,Residential - Multi Storey Apartment
100 Feet Ring Road,Oct-Dec 2023,"7,050-12,950","10,005",,-,Bangalore,Residential - Multi Storey Apartment
100 Feet Ring Road,Jul-Sep 2023,"7,000-12,900","9,970",,-,Bangalore,Residential - Multi Storey Apartment
100 Feet Ring Road,Apr-Jun 2023,"6,950-12,850","9,940",,-,Bangalore,Residential - Multi Storey Apartment
100 Feet Ring Road,Jan-Mar 2023,"6,900-12,800","9,880",,-,Bangalore,Residential - Multi Storey Apartment
100 Feet Ring Road,Oct-Dec 2022,"6,850-12,750","9,700",,-,Bangalore,Residential - Multi Storey Apartment
100 Feet Ring Road,Jul-Sep 2022,"6,800-12,600","9,690",,-,Bangalore,Residential - Multi Storey Apartment
100 Feet Ring Road,Apr-Jun 2022,"6,750-12,550","9,700",,-,Bangalore,Residential - Multi Storey Apartment
100 Feet Ring Road,Jan-Mar 2022,"6,700-12,500","9,640",,-,Bangalore,Residential - Multi Storey Apartment
100 Feet Ring Road,Oct-Dec 2021,"6,650-12,450","9,610",,-,Bangalore,Residential - Multi Storey Apartment
100 Feet Ring Road,Jul-Sep 2021,"6,600-12,400","9,550",,-,Bangalore,Residential - Multi Storey Apartment
100 Feet Ring Road,Apr-Jun 2021,"6,550-12,350","9,570",,-,Bangalore,Residential - Multi Storey Apartment
100 Feet Ring Road,Jan-Mar 2021,"6,500-12,300","9,540",,-,Bangalore,Residential - Multi Storey Apartment
100 Feet Ring Road,Oct-Dec 2020,"6,450-12,250","9,510",,-,Bangalore,Residential - Multi Storey Apartment
100 Feet Ring Road,Jul-Sep 2020,"6,400-12,200","9,470",,-,Bangalore,Residential - Multi Storey Apartment
100 Feet Ring Road,Apr-Jun 2020,"6,350-12,150","9,450",,-,Bangalore,Residential - Multi Storey Apartment
100 Feet Ring Road,Jan-Mar 2020,"6,300-12,100","9,440",,-,Bangalore,Residential - Multi Storey Apartment
100 Feet Ring Road,Oct-Dec 2019,"6,250-12,050","9,450",,-,Bangalore,Residential - Multi Storey Apartment
100 Feet Ring Road,Jul-Sep 2019,"6,200-12,000","9,400",,-,Bangalore,Residential - Multi Storey Apartment
100 Feet Ring Road,Apr-Jun 2019,"6,150-11,950","9,370",,-,Bangalore,Residential - Multi Storey Apartment
100 Feet Ring Road,Jan-Mar 2019,"6,100-11,900","9,340",,-,Bangalore,Residential - Multi Storey Apartment
100 Feet Ring Road,Oct-Dec 2018,"6,050-11,850","9,310",,-,Bangalore,Residential - Multi Storey Apartment
100 Feet Ring Road,Jul-Sep 2018,"6,000-11,800","9,300",,-,Bangalore,Residential - Multi Storey Apartment
100 Feet Ring Road,Apr-Jun 2018,"5,950-11,750","9,270",,-,Bangalore,Residential - Multi Storey Apartment
100 Feet Ring Road,Jan-Mar 2018,"5,900-11,700","9,240",,-,Bangalore,Residential - Multi Storey Apartment
Jakkuru Layout,Jul-Sep 2024,"6,983-11,914","9,448",,,Bangalore,Residential - Multi Storey Apartment
Jakkuru Layout,Apr-Jun 2024,"7,143-11,289","9,400",1%,,Bangalore,Residential - Multi Storey Apartment
Jakkuru Layout,Jan-Mar 2024,"7,182-11,422","9,302",6%,,Bangalore,Residential - Multi Storey Apartment
Jakkuru Layout,Oct-Dec 2023,"6,663-10,878","9,000",8%,,Bangalore,Residential - Multi Storey Apartment
Jakkuru Layout,Jul-Sep 2023,"6,884-12,233","9,300",5%,,Bangalore,Residential - Multi Storey Apartment
Jakkuru Layout,Apr-Jun 2023,"6,441-11,795","9,118",0.20%,,Bangalore,Residential - Multi Storey Apartment
Jakkuru Layout,Jan-Mar 2023,"6,658-11,619","9,138",14%,,Bangalore,Residential - Multi Storey Apartment
Jakkuru Layout,Oct-Dec 2022,"5,646-10,390","8,018",11%,,Bangalore,Residential - Multi Storey Apartment
Jakkuru Layout,Jul-Sep 2022,"5,320-9,152","7,236",0.40%,,Bangalore,Residential - Multi Storey Apartment
Jakkuru Layout,Apr-Jun 2022,"5,363-9,162","7,262",13%,,Bangalore,Residential - Multi Storey Apartment
Jakkuru Layout,Jan-Mar 2022,"5,256-7,579","7,000",3%,,Bangalore,Residential - Multi Storey Apartment
Jakkuru Layout,Oct-Dec 2021,"5,142-8,117","6,900",4%,,Bangalore,Residential - Multi Storey Apartment
Jakkuru Layout,Jul-Sep 2021,"5,198-8,544","6,871",0.36%,,Bangalore,Residential - Multi Storey Apartment
Jakkuru Layout,Apr-Jun 2021,"4,600-5,050","6,800",0.11%,,Bangalore,Residential - Multi Storey Apartment
Jakkuru Layout,Jan-Mar 2021,"4,400-4,950","6,450",3.30%,,Bangalore,Residential - Multi Storey Apartment
Jakkuru Layout,Oct-Dec 2020,"4,200-4,850","6,300",4%,,Bangalore,Residential - Multi Storey Apartment
Jakkuru Layout,Jul-Sep 2020,"4,000-4,700","6,500",2.40%,,Bangalore,Residential - Multi Storey Apartment
Jakkuru Layout,Apr-Jun 2020,"3,900-4,600","6,450",-,,Bangalore,Residential - Multi Storey Apartment
Jakkuru Layout,Jan-Mar 2020,"4,415-8,385","6,400",3.70%,,Bangalore,Residential - Multi Storey Apartment
Jakkuru Layout,Oct-Dec 2019,"3,750-4,450","6,000",13.70%,,Bangalore,Residential - Multi Storey Apartment
Jakkuru Layout,Jul-Sep 2019,"4,000-5,500","5,900",4%,,Bangalore,Residential - Multi Storey Apartment
Jakkuru Layout,Apr-Jun 2019,"3,700-4,400","5,800",3.90%,,Bangalore,Residential - Multi Storey Apartment
Jakkuru Layout,Jan-Mar 2019,"4,611-6,855","5,733",3.70%,,Bangalore,Residential - Multi Storey Apartment
Jakkuru Layout,Oct-Dec 2018,"5,200-6,900","5,600",7%,,Bangalore,Residential - Multi Storey Apartment
Jakkuru Layout,Jul-Sep 2018,"4,800-5,200","5,300",,,Bangalore,Residential - Multi Storey Apartment
Rajajinagar,Jul-Sep 2024,"13,335-23,498","18,416",5%,,Bangalore,Residential - Multi Storey Apartment
Rajajinagar,Apr-Jun 2024,"12,673-22,460","17,567",4%,,Bangalore,Residential - Multi Storey Apartment
Rajajinagar,Jan-Mar 2024,"12,160-21,723","16,942",2%,,Bangalore,Residential - Multi Storey Apartment
Rajajinagar,Oct-Dec 2023,"12,423-20,801","16,612",5%,,Bangalore,Residential - Multi Storey Apartment
Rajajinagar,Jul-Sep 2023,"12,022-19,493","16,078",3%,,Bangalore,Residential - Multi Storey Apartment
Rajajinagar,Apr-Jun 2023,"11,658-18,914","15,598",3%,,Bangalore,Residential - Multi Storey Apartment
Rajajinagar,Jan-Mar 2023,"11,287-18,299","15,116",0.40%,,Bangalore,Residential - Multi Storey Apartment
Rajajinagar,Oct-Dec 2022,"11,579-18,115","15,095",3%,,Bangalore,Residential - Multi Storey Apartment
Rajajinagar,Jul-Sep 2022,"11,167-17,699","14,628",3%,,Bangalore,Residential - Multi Storey Apartment
Rajajinagar,Apr-Jun 2022,"10,624-17,270","14,213",0.40%,,Bangalore,Residential - Multi Storey Apartment
Rajajinagar,Jan-Mar 2022,"10,639-17,365","14,068",1%,,Bangalore,Residential - Multi Storey Apartment
Rajajinagar,Oct-Dec 2021,"10,812-17,529","13,934",4%,,Bangalore,Residential - Multi Storey Apartment
Rajajinagar,Jul-Sep 2021,"11,515-17,896","13,379",6%,,Bangalore,Residential - Multi Storey Apartment
Rajajinagar,Apr-Jun 2021,"10,333-17,492","12,608",1%,,Bangalore,Residential - Multi Storey Apartment
Rajajinagar,Jan-Mar 2021,"10,420-17,554","12,477",1%,,Bangalore,Residential - Multi Storey Apartment
Rajajinagar,Oct-Dec 2020,"10,507-17,272","12,341",3%,,Bangalore,Residential - Multi Storey Apartment
Rajajinagar,Jul-Sep 2020,"11,036-17,638","12,008",5%,,Bangalore,Residential - Multi Storey Apartment
Rajajinagar,Apr-Jun 2020,"10,463-16,942","11,438",8%,,Bangalore,Residential - Multi Storey Apartment
Rajajinagar,Jan-Mar 2020,"11,739-17,931","10,699",3%,,Bangalore,Residential - Multi Storey Apartment
Rajajinagar,Oct-Dec 2019,"11,318-17,371","10,379",2%,,Bangalore,Residential - Multi Storey Apartment
Rajajinagar,Jul-Sep 2019,"10,998-16,993","10,183",4%,,Bangalore,Residential - Multi Storey Apartment
Rajajinagar,Apr-Jun 2019,"10,386-16,413","9,873",5%,,Bangalore,Residential - Multi Storey Apartment
Rajajinagar,Jan-Mar 2019,"9,581-15,851","9,452",1%,,Bangalore,Residential - Multi Storey Apartment
Rajajinagar,Oct-Dec 2018,"9,571-15,736","9,352",1%,,Bangalore,Residential - Multi Storey Apartment
Rajajinagar,Jul-Sep 2018,"9,531-15,644","9,219",5%,,Bangalore,Residential - Multi Storey Apartment
Thanisandra,Jul-Sep 2024,"8,367-12,551","10,459",7%,,Bangalore,Residential - Multi Storey Apartment
Thanisandra,Apr-Jun 2024,"7,639-11,891","9,765",4%,,Bangalore,Residential - Multi Storey Apartment
Thanisandra,Jan-Mar 2024,"7,357-11,346","9,351",3%,,Bangalore,Residential - Multi Storey Apartment
Thanisandra,Oct-Dec 2023,"6,903-11,178","9,040",8%,,Bangalore,Residential - Multi Storey Apartment
Thanisandra,Jul-Sep 2023,"6,413-10,267","8,340",-,,Bangalore,Residential - Multi Storey Apartment
Thanisandra,Apr-Jun 2023,"5,925-9,357","7,641",-,,Bangalore,Residential - Multi Storey Apartment
Thanisandra,Jan-Mar 2023,"5,664-8,748","7,206",-,,Bangalore,Residential - Multi Storey Apartment
Thanisandra,Oct-Dec 2022,"5,594-8,534","7,064",-,,Bangalore,Residential - Multi Storey Apartment
Thanisandra,Jul-Sep 2022,"5,423-8,317","6,870",-,,Bangalore,Residential - Multi Storey Apartment
Thanisandra,Apr-Jun 2022,"5,189-7,989","6,589",-,,Bangalore,Residential - Multi Storey Apartment
Thanisandra,Jan-Mar 2022,"5,112-7,852","6,482",-,,Bangalore,Residential - Multi Storey Apartment
Thanisandra,Oct-Dec 2021,"5,112-7,721","6,318",4.00%,,Bangalore,Residential - Multi Storey Apartment
Thanisandra,Jul-Sep 2021,"5,107-7,748","6,140",3%,,Bangalore,Residential - Multi Storey Apartment
Thanisandra,Apr-Jun 2021,"4,957-7,738","6,071",1%,,Bangalore,Residential - Multi Storey Apartment
Thanisandra,Jan-Mar 2021,"4,916-7,581","6,031",1%,,Bangalore,Residential - Multi Storey Apartment
Thanisandra,Oct-Dec 2020,"4,813-7,492","5,971",3.00%,,Bangalore,Residential - Multi Storey Apartment
Thanisandra,Jul-Sep 2020,"4,869-7,474","5,913",5%,,Bangalore,Residential - Multi Storey Apartment
Thanisandra,Apr-Jun 2020,"4,855-7,479","5,822",4%,,Bangalore,Residential - Multi Storey Apartment
Thanisandra,Jan-Mar 2020,"4,703-7,417","5,711",3.00%,,Bangalore,Residential - Multi Storey Apartment
Thanisandra,Oct-Dec 2019,"4,752-7,309","5,566",2%,,Bangalore,Residential - Multi Storey Apartment
Thanisandra,Jul-Sep 2019,"4,664-7,159","5,433",4%,,Bangalore,Residential - Multi Storey Apartment
Thanisandra,Apr-Jun 2019,"4,658-7,080","5,372",5%,,Bangalore,Residential - Multi Storey Apartment
Thanisandra,Jan-Mar 2019,"4,662-7,305","5,357",2%,,Bangalore,Residential - Multi Storey Apartment
Thanisandra,Oct-Dec 2018,"4,620-7,186","5,273",1%,,Bangalore,Residential - Multi Storey Apartment
Thanisandra,Jul-Sep 2018,"4,680-7,218","5,163",5%,,Bangalore,Residential - Multi Storey Apartment
Jalahalli,Jul-Sep 2024,"5,827-9,524","7,675",,,Bangalore,Residential - Multi Storey Apartment
Jalahalli,Apr-Jun 2024,"5,699-9,247","7,473",,,Bangalore,Residential - Multi Storey Apartment
Jalahalli,Jan-Mar 2024,"5,491-8,932","7,212",,,Bangalore,Residential - Multi Storey Apartment
Jalahalli,Oct-Dec 2023,"4,809-8,237","6,523",,,Bangalore,Residential - Multi Storey Apartment
Jalahalli,Jul-Sep 2023,"4,880-8,399","6,639",,,Bangalore,Residential - Multi Storey Apartment
Jalahalli,Apr-Jun 2023,"4,765-8,051","6,408",,,Bangalore,Residential - Multi Storey Apartment
Jalahalli,Jan-Mar 2023,"4,441-7,597","6,019",,,Bangalore,Residential - Multi Storey Apartment
Jalahalli,Oct-Dec 2022,"4,540-7,464","6,002",,,Bangalore,Residential - Multi Storey Apartment
Jalahalli,Jul-Sep 2022,"4,954-7,810","6,382",,,Bangalore,Residential - Multi Storey Apartment
Jalahalli,Apr-Jun 2022,"5,001-7,730","6,366",,,Bangalore,Residential - Multi Storey Apartment
Jalahalli,Jan-Mar 2022,"5,051-7,892","6,471",,,Bangalore,Residential - Multi Storey Apartment
Jalahalli,Oct-Dec 2021,"4,922-7,797","6,360",,,Bangalore,Residential - Multi Storey Apartment
Jalahalli,Jul-Sep 2021,"4,838-7,393","6,116",,,Bangalore,Residential - Multi Storey Apartment
Jalahalli,Apr-Jun 2021,"4,754-7,385","6,070",,,Bangalore,Residential - Multi Storey Apartment
Jalahalli,Jan-Mar 2021,"4,858-7,328","6,093",,,Bangalore,Residential - Multi Storey Apartment
Jalahalli,Oct-Dec 2020,"4,595-7,271","5,933",,,Bangalore,Residential - Multi Storey Apartment
Jalahalli,Jul-Sep 2020,"5,023-7,247","6,135",,,Bangalore,Residential - Multi Storey Apartment
Jalahalli,Apr-Jun 2020,"4,842-7,196","6,019",,,Bangalore,Residential - Multi Storey Apartment
Jalahalli,Jan-Mar 2020,"4,841-7,314","6,078",,,Bangalore,Residential - Multi Storey Apartment
Jalahalli,Oct-Dec 2019,"4,829-7,183","6,006",,,Bangalore,Residential - Multi Storey Apartment
Jalahalli,Jul-Sep 2019,"4,708-7,156","5,932",,,Bangalore,Residential - Multi Storey Apartment
Jalahalli,Apr-Jun 2019,"5,055-7,057","6,056",,,Bangalore,Residential - Multi Storey Apartment
Jalahalli,Jan-Mar 2019,"4,629-6,826","5,728",,,Bangalore,Residential - Multi Storey Apartment
Jalahalli,Oct-Dec 2018,"4,359-6,836","5,598",,,Bangalore,Residential - Multi Storey Apartment
Jalahalli,Jul-Sep 2018,"4,397-6,804","5,601",,,Bangalore,Residential - Multi Storey Apartment
Channasandra,Jul-Sep 2024,"6,975-12,502","9,900",2%,,Bangalore,Residential - Multi Storey Apartment
Channasandra,Apr-Jun 2024,"7,172-12,764","9,800",1%,,Bangalore,Residential - Multi Storey Apartment
Channasandra,Jan-Mar 2024,"7,648-12,398","9,700",6%,,Bangalore,Residential - Multi Storey Apartment
Channasandra,Oct-Dec 2023,"6,981-11,992","9,483",4%,,Bangalore,Residential - Multi Storey Apartment
Channasandra,Jul-Sep 2023,"6,688-11,585","9,226",8%,,Bangalore,Residential - Multi Storey Apartment
Channasandra,Apr-Jun 2023,"8,081-11,863","9,262",0.50%,,Bangalore,Residential - Multi Storey Apartment
Channasandra,Oct-Dec 2022,"7,800-11,750","9,213",1.20%,,Bangalore,Residential - Multi Storey Apartment
Channasandra,Jul-Sep 2022,"7,650-11,600","9,095",1.50%,,Bangalore,Residential - Multi Storey Apartment
Channasandra,Apr-Jun 2022,"7,500-11,500","8,943",1.20%,,Bangalore,Residential - Multi Storey Apartment
Channasandra,Jan-Mar 2022,"7,300-11,350","8,876",1.50%,,Bangalore,Residential - Multi Storey Apartment
Channasandra,Oct-Dec 2021,"7,150-11,200","8,675",1.20%,,Bangalore,Residential - Multi Storey Apartment
Channasandra,Jul-Sep 2021,"7,000-11,050","8,563",1.50%,,Bangalore,Residential - Multi Storey Apartment
Channasandra,Apr-Jun 2021,"6,850-10,900","8,450",1.20%,,Bangalore,Residential - Multi Storey Apartment
Channasandra,Jan-Mar 2021,"6,700-10,750","8,250",1.50%,,Bangalore,Residential - Multi Storey Apartment
Channasandra,Oct-Dec 2020,"6,550-10,600","8,100",1.20%,,Bangalore,Residential - Multi Storey Apartment
Channasandra,Jul-Sep 2020,"6,400-10,450","7,960",1.50%,,Bangalore,Residential - Multi Storey Apartment
Channasandra,Apr-Jun 2020,"6,250-10,300","7,810",1.20%,,Bangalore,Residential - Multi Storey Apartment
Channasandra,Jan-Mar 2020,"6,100-10,150","7,660",1.50%,,Bangalore,Residential - Multi Storey Apartment
Channasandra,Oct-Dec 2019,"5,950-10,000","7,530",1.20%,,Bangalore,Residential - Multi Storey Apartment
Channasandra,Jul-Sep 2019,"5,800-9,850","7,425",1.50%,,Bangalore,Residential - Multi Storey Apartment
Channasandra,Apr-Jun 2019,"5,650-9,700","7,325",1.20%,,Bangalore,Residential - Multi Storey Apartment
Channasandra,Jan-Mar 2019,"5,500-9,550","7,200",1.50%,,Bangalore,Residential - Multi Storey Apartment
Channasandra,Oct-Dec 2018,"5,350-9,400","7,125",1.20%,,Bangalore,Residential - Multi Storey Apartment
Channasandra,Jul-Sep 2018,"5,200-9,250","7,025",1.50%,,Bangalore,Residential - Multi Storey Apartment
Jalahalli West,Jul-Sep 2024,"4,602-8,594","6,598",6%,,Bangalore,Residential - Multi Storey Apartment
Jalahalli West,Apr-Jun 2024,"4,375-8,032","6,203",1%,,Bangalore,Residential - Multi Storey Apartment
Jalahalli West,Jan-Mar 2024,"4,323-7,921","6,122",11%,,Bangalore,Residential - Multi Storey Apartment
Jalahalli West,Oct-Dec 2023,"4,220-6,784","5,502",1%,,Bangalore,Residential - Multi Storey Apartment
Jalahalli West,Jul-Sep 2023,"4,129-6,736","5,645",6%,,Bangalore,Residential - Multi Storey Apartment
Jalahalli West,Apr-Jun 2023,"4,106-7,472","5,642",15%,,Bangalore,Residential - Multi Storey Apartment
Jalahalli West,Jan-Mar 2023,"3,711-6,350","5,350",1%,,Bangalore,Residential - Multi Storey Apartment
Jalahalli West,Oct-Dec 2022,"3,723-6,251","5,002",4%,,Bangalore,Residential - Multi Storey Apartment
Jalahalli West,Jul-Sep 2022,"3,818-6,543","4,682",5%,,Bangalore,Residential - Multi Storey Apartment
Jalahalli West,Apr-Jun 2022,"3,987-6,900","4,694",2%,,Bangalore,Residential - Multi Storey Apartment
Jalahalli West,Jan-Mar 2022,"3,992-7,161","4,547",5%,,Bangalore,Residential - Multi Storey Apartment
Jalahalli West,Oct-Dec 2021,"4,426-7,264","5,084",4%,,Bangalore,Residential - Multi Storey Apartment
Jalahalli West,Jul-Sep 2021,"4,348-6,946","5,147",1%,,Bangalore,Residential - Multi Storey Apartment
Jalahalli West,Apr-Jun 2021,"4,353-6,807","5,080",4%,,Bangalore,Residential - Multi Storey Apartment
Jalahalli West,Jan-Mar 2021,"4,478-7,157","5,118",5%,,Bangalore,Residential - Multi Storey Apartment
Jalahalli West,Oct-Dec 2020,"4,194-6,920","5,057",5%,,Bangalore,Residential - Multi Storey Apartment
Jalahalli West,Jul-Sep 2020,"4,555-7,168","5,366",6%,,Bangalore,Residential - Multi Storey Apartment
Jalahalli West,Apr-Jun 2020,"4,257-6,768","5,148",4%,,Bangalore,Residential - Multi Storey Apartment
Jalahalli West,Jan-Mar 2020,"4,152-6,454","5,118",1%,,Bangalore,Residential - Multi Storey Apartment
Jalahalli West,Oct-Dec 2019,"4,378-6,369","5,019",2%,,Bangalore,Residential - Multi Storey Apartment
Jalahalli West,Jul-Sep 2019,"4,421-6,334","5,060",1%,,Bangalore,Residential - Multi Storey Apartment
Jalahalli West,Apr-Jun 2019,"5,464-8,021","6,243",1.50%,,Bangalore,Residential - Multi Storey Apartment
Jalahalli West,Jan-Mar 2019,"4,470-6,493","5,437",6%,,Bangalore,Residential - Multi Storey Apartment
Jalahalli West,Oct-Dec 2018,"4,077-6,286","5,180",1%,,Bangalore,Residential - Multi Storey Apartment
Jalahalli West,Jul-Sep 2018,"4,043-6,190","5,116",1%,,Bangalore,Residential - Multi Storey Apartment
Rachenahalli Main Road,Jul-Sep 2024,"8,881-12,206","12,218",11%,,Bangalore,Residential - Multi Storey Apartment
Rachenahalli Main Road,Apr-Jun 2024,"7,913-11,133","11,758",5%,,Bangalore,Residential - Multi Storey Apartment
Rachenahalli Main Road,Jan-Mar 2024,"7,218-10,986","11,419",20%,,Bangalore,Residential - Multi Storey Apartment
Rachenahalli Main Road,Oct-Dec 2023,"5,861-9,342","10,974",0.60%,,Bangalore,Residential - Multi Storey Apartment
Rachenahalli Main Road,Jul-Sep 2023,"5,698-9,243","10,658",-1%,,Bangalore,Residential - Multi Storey Apartment
Rachenahalli Main Road,Apr-Jun 2023,"5,452-8,872","10,348",-2%,,Bangalore,Residential - Multi Storey Apartment
Rachenahalli Main Road,Jan-Mar 2023,"5,321-8,657","9,950",-5%,,Bangalore,Residential - Multi Storey Apartment
Rachenahalli Main Road,Oct-Dec 2022,"5,101-8,545","9,654",1%,,Bangalore,Residential - Multi Storey Apartment
Rachenahalli Main Road,Jul-Sep 2022,"5,050-8,492","9,388",0%,,Bangalore,Residential - Multi Storey Apartment
Rachenahalli Main Road,Apr-Jun 2022,"5,122-8,634","9,106",2%,,Bangalore,Residential - Multi Storey Apartment
Rachenahalli Main Road,Jan-Mar 2022,"4,882-8,402","8,764",-3%,,Bangalore,Residential - Multi Storey Apartment
Rachenahalli Main Road,Oct-Dec 2021,"4,667-8,125","8,503",1%,,Bangalore,Residential - Multi Storey Apartment
Rachenahalli Main Road,Jul-Sep 2021,"4,621-8,098","8,249",1%,,Bangalore,Residential - Multi Storey Apartment
Rachenahalli Main Road,Apr-Jun 2021,"4,452-8,050","8,009",0%,,Bangalore,Residential - Multi Storey Apartment
Rachenahalli Main Road,Jan-Mar 2021,"4,215-7,923","7,777",-1%,,Bangalore,Residential - Multi Storey Apartment
Rachenahalli Main Road,Oct-Dec 2020,"4,100-7,831","7,481",1%,,Bangalore,Residential - Multi Storey Apartment
Rachenahalli Main Road,Jul-Sep 2020,"4,075-7,800","7,260",0%,,Bangalore,Residential - Multi Storey Apartment
Rachenahalli Main Road,Apr-Jun 2020,"4,050-7,750","6,981",-1%,,Bangalore,Residential - Multi Storey Apartment
Rachenahalli Main Road,Jan-Mar 2020,"3,900-7,600","6,775",0%,,Bangalore,Residential - Multi Storey Apartment
Rachenahalli Main Road,Oct-Dec 2019,"3,875-7,550","6,514",-1%,,Bangalore,Residential - Multi Storey Apartment
Rachenahalli Main Road,Jul-Sep 2019,"3,850-7,500","6,316",-1%,,Bangalore,Residential - Multi Storey Apartment
Rachenahalli Main Road,Apr-Jun 2019,"3,825-7,450","6,071",0%,,Bangalore,Residential - Multi Storey Apartment
Rachenahalli Main Road,Jan-Mar 2019,"3,800-7,400","5,888",3%,,Bangalore,Residential - Multi Storey Apartment
Rachenahalli Main Road,Oct-Dec 2018,"3,750-7,350","5,720",-1%,,Bangalore,Residential - Multi Storey Apartment
Rachenahalli Main Road,Jul-Sep 2018,"3,700-7,300","5,500",0%,,Bangalore,Residential - Multi Storey Apartment
Chandapura Anekal Road,Jul-Sep 2024,"3,579-6,679","5,129",10%,,Bangalore,Residential - Multi Storey Apartment
Chandapura Anekal Road,Apr-Jun 2024,"3,430-5,856","4,643",0%,,Bangalore,Residential - Multi Storey Apartment
Chandapura Anekal Road,Jan-Mar 2024,"3,445-5,865","4,655",3%,,Bangalore,Residential - Multi Storey Apartment
Chandapura Anekal Road,Oct-Dec 2023,"3,342-5,705","4,524",1%,,Bangalore,Residential - Multi Storey Apartment
Chandapura Anekal Road,Jul-Sep 2023,"3,321-5,676","4,497",-1%,,Bangalore,Residential - Multi Storey Apartment
Chandapura Anekal Road,Apr-Jun 2023,"3,297-5,635","4,525",1%,,Bangalore,Residential - Multi Storey Apartment
Chandapura Anekal Road,Jan-Mar 2023,"3,265-5,604","4,480",2%,,Bangalore,Residential - Multi Storey Apartment
Chandapura Anekal Road,Oct-Dec 2022,"3,223-5,500","4,392",1%,,Bangalore,Residential - Multi Storey Apartment
Chandapura Anekal Road,Jul-Sep 2022,"3,212-5,471","4,370",-1%,,Bangalore,Residential - Multi Storey Apartment
Chandapura Anekal Road,Apr-Jun 2022,"3,200-5,450","4,413",1%,,Bangalore,Residential - Multi Storey Apartment
Chandapura Anekal Road,Jan-Mar 2022,"3,178-5,432","4,369",-2%,,Bangalore,Residential - Multi Storey Apartment
Chandapura Anekal Road,Oct-Dec 2021,"3,120-5,350","4,456",1%,,Bangalore,Residential - Multi Storey Apartment
Chandapura Anekal Road,Jul-Sep 2021,"3,100-5,310","4,412",0%,,Bangalore,Residential - Multi Storey Apartment
Chandapura Anekal Road,Apr-Jun 2021,"3,075-5,285","4,412",0%,,Bangalore,Residential - Multi Storey Apartment
Chandapura Anekal Road,Jan-Mar 2021,"3,052-5,250","4,402",1%,,Bangalore,Residential - Multi Storey Apartment
Chandapura Anekal Road,Oct-Dec 2020,"3,021-5,200","4,380",1%,,Bangalore,Residential - Multi Storey Apartment
Chandapura Anekal Road,Jul-Sep 2020,"3,002-5,175","4,350",-1%,,Bangalore,Residential - Multi Storey Apartment
Chandapura Anekal Road,Apr-Jun 2020,"2,982-5,143","4,372",1%,,Bangalore,Residential - Multi Storey Apartment
Chandapura Anekal Road,Jan-Mar 2020,"2,950-5,100","4,328",1%,,Bangalore,Residential - Multi Storey Apartment
Chandapura Anekal Road,Oct-Dec 2019,"2,930-5,050","4,303",0%,,Bangalore,Residential - Multi Storey Apartment
Chandapura Anekal Road,Jul-Sep 2019,"2,902-5,025","4,320",1%,,Bangalore,Residential - Multi Storey Apartment
Chandapura Anekal Road,Apr-Jun 2019,"2,875-4,985","4,290",-1%,,Bangalore,Residential - Multi Storey Apartment
Chandapura Anekal Road,Jan-Mar 2019,"2,860-4,975","4,311",1%,,Bangalore,Residential - Multi Storey Apartment
Chandapura Anekal Road,Oct-Dec 2018,"2,843-4,942","4,276",-1%,,Bangalore,Residential - Multi Storey Apartment
Chandapura Anekal Road,Jul-Sep 2018,"2,825-4,915","4,246",-1%,,Bangalore,Residential - Multi Storey Apartment
Thanisandra Main Road,Jul-Sep 2024,"8,105-12,431","10,268",7%,,Bangalore,Residential - Multi Storey Apartment
Thanisandra Main Road,Apr-Jun 2024,"7,437-11,817","9,627",4%,,Bangalore,Residential - Multi Storey Apartment
Thanisandra Main Road,Jan-Mar 2024,"7,136-11,421","9,279",4%,,Bangalore,Residential - Multi Storey Apartment
Thanisandra Main Road,Oct-Dec 2023,"6,756-11,144","8,950",10%,,Bangalore,Residential - Multi Storey Apartment
Thanisandra Main Road,Jul-Sep 2023,"6,160-10,080","8,120",7%,,Bangalore,Residential - Multi Storey Apartment
Thanisandra Main Road,Apr-Jun 2023,"5,804-9,403","7,603",5%,,Bangalore,Residential - Multi Storey Apartment
Thanisandra Main Road,Jan-Mar 2023,"5,540-8,918","7,229",2%,,Bangalore,Residential - Multi Storey Apartment
Thanisandra Main Road,Oct-Dec 2022,"5,563-8,638","7,100",4%,,Bangalore,Residential - Multi Storey Apartment
Thanisandra Main Road,Jul-Sep 2022,"5,287-8,344","6,815",3%,,Bangalore,Residential - Multi Storey Apartment
Thanisandra Main Road,Apr-Jun 2022,"5,188-8,104","6,646",2%,,Bangalore,Residential - Multi Storey Apartment
Thanisandra Main Road,Jan-Mar 2022,"5,102-7,904","6,503",1%,,Bangalore,Residential - Multi Storey Apartment
Thanisandra Main Road,Oct-Dec 2021,"5,045-7,843","6,444",1%,,Bangalore,Residential - Multi Storey Apartment
Thanisandra Main Road,Jul-Sep 2021,"5,011-7,785","6,398",2%,,Bangalore,Residential - Multi Storey Apartment
Thanisandra Main Road,Apr-Jun 2021,"4,887-7,719","6,303",1%,,Bangalore,Residential - Multi Storey Apartment
Thanisandra Main Road,Jan-Mar 2021,"4,854-7,607","6,231",3%,,Bangalore,Residential - Multi Storey Apartment
Thanisandra Main Road,Oct-Dec 2020,"4,700-7,387","6,043",0.20%,,Bangalore,Residential - Multi Storey Apartment
Thanisandra Main Road,Jul-Sep 2020,"4,732-7,373","6,053",1%,,Bangalore,Residential - Multi Storey Apartment
Thanisandra Main Road,Apr-Jun 2020,"4,680-7,335","6,007",2%,,Bangalore,Residential - Multi Storey Apartment
Thanisandra Main Road,Jan-Mar 2020,"4,525-7,234","5,880",0.20%,,Bangalore,Residential - Multi Storey Apartment
Thanisandra Main Road,Oct-Dec 2019,"4,633-7,145","5,889",2%,,Bangalore,Residential - Multi Storey Apartment
Thanisandra Main Road,Jul-Sep 2019,"4,539-6,994","5,767",0.10%,,Bangalore,Residential - Multi Storey Apartment
Thanisandra Main Road,Apr-Jun 2019,"4,543-6,979","5,761",1%,,Bangalore,Residential - Multi Storey Apartment
Thanisandra Main Road,Jan-Mar 2019,"4,543-7,109","5,826",2%,,Bangalore,Residential - Multi Storey Apartment
Thanisandra Main Road,Oct-Dec 2018,"4,468-6,970","5,719",,,Bangalore,Residential - Multi Storey Apartment
Thanisandra Main Road,Jul-Sep 2018,"4,472-6,959","5,715",1%,,Bangalore,Residential - Multi Storey Apartment
Chandapura,Jul-Sep 2024,"3,562-6,301","4,932",7%,,Bangalore,Residential - Multi Storey Apartment
Chandapura,Apr-Jun 2024,"3,404-5,837","4,750",2%,,Bangalore,Residential - Multi Storey Apartment
Chandapura,Jan-Mar 2024,"3,539-5,870","4,704",4%,,Bangalore,Residential - Multi Storey Apartment
Chandapura,Oct-Dec 2023,"3,385-5,642","4,514",4%,,Bangalore,Residential - Multi Storey Apartment
Chandapura,Jul-Sep 2023,"3,543-5,818","4,875",13%,,Bangalore,Residential - Multi Storey Apartment
Chandapura,Apr-Jun 2023,"3,199-5,087","4,395",2%,,Bangalore,Residential - Multi Storey Apartment
Chandapura,Jan-Mar 2023,"3,234-4,874","4,238",3%,,Bangalore,Residential - Multi Storey Apartment
Chandapura,Oct-Dec 2022,"3,118-4,767","4,042",7%,,Bangalore,Residential - Multi Storey Apartment
Chandapura,Jul-Sep 2022,"2,832-4,569","4,080",4%,,Bangalore,Residential - Multi Storey Apartment
Chandapura,Apr-Jun 2022,"3,034-4,676","4,355",5%,,Bangalore,Residential - Multi Storey Apartment
Chandapura,Jan-Mar 2022,"3,119-4,596","4,092",1%,,Bangalore,Residential - Multi Storey Apartment
Chandapura,Oct-Dec 2021,"3,223-4,588","4,046",0.50%,,Bangalore,Residential - Multi Storey Apartment
Chandapura,Jul-Sep 2021,"3,222-4,554","4,088",4%,,Bangalore,Residential - Multi Storey Apartment
Chandapura,Apr-Jun 2021,"2,998-4,467","4,234",0.50%,,Bangalore,Residential - Multi Storey Apartment
Chandapura,Jan-Mar 2021,"3,114-4,386","4,250",1%,,Bangalore,Residential - Multi Storey Apartment
Chandapura,Oct-Dec 2020,"3,165-4,395","4,087",1%,,Bangalore,Residential - Multi Storey Apartment
Chandapura,Jul-Sep 2020,"3,141-4,318","4,230",8.50%,,Bangalore,Residential - Multi Storey Apartment
Chandapura,Apr-Jun 2020,"3,094-4,363","4,115",1%,,Bangalore,Residential - Multi Storey Apartment
Chandapura,Jan-Mar 2020,"3,083-4,321","4,202",2%,,Bangalore,Residential - Multi Storey Apartment
Chandapura,Oct-Dec 2019,"3,196-4,329","4,266",2%,,Bangalore,Residential - Multi Storey Apartment
Chandapura,Jul-Sep 2019,"2,933-4,442","4,187",4%,,Bangalore,Residential - Multi Storey Apartment
Chandapura,Apr-Jun 2019,"3,130-4,528","4,332",4%,,Bangalore,Residential - Multi Storey Apartment
Chandapura,Jan-Mar 2019,"3,074-4,256","4,162",4%,,Bangalore,Residential - Multi Storey Apartment
Chandapura,Oct-Dec 2018,"2,826-4,196","4,010",8%,,Bangalore,Residential - Multi Storey Apartment
Chandapura,Jul-Sep 2018,"2,555-3,920","4,010",6%,,Bangalore,Residential - Multi Storey Apartment
Jayanagar,Jul-Sep 2024,"10,455-17,204","13,829",3%,Growth,Bangalore,Residential - Multi Storey Apartment
Jayanagar,Apr-Jun 2024,"10,324-16,548","13,436",5%,Growth,Bangalore,Residential - Multi Storey Apartment
Jayanagar,Jan-Mar 2024,"9,772-15,869","12,821",3%,Growth,Bangalore,Residential - Multi Storey Apartment
Jayanagar,Oct-Dec 2023,"9,600-15,369","12,485",4%,Growth,Bangalore,Residential - Multi Storey Apartment
Jayanagar,Jul-Sep 2023,"9,361-14,547","11,954",2%,Growth,Bangalore,Residential - Multi Storey Apartment
Jayanagar,Apr-Jun 2023,"9,078-14,446","12,121",2%,Growth,Bangalore,Residential - Multi Storey Apartment
Jayanagar,Jan-Mar 2023,"8,929-14,100","12,020",4.50%,Growth,Bangalore,Residential - Multi Storey Apartment
Jayanagar,Oct-Dec 2022,"8,840-14,212","11,925",1%,Growth,Bangalore,Residential - Multi Storey Apartment
Jayanagar,Jul-Sep 2022,"9,011-14,219","11,615",0.30%,Stable,Bangalore,Residential - Multi Storey Apartment
Jayanagar,Apr-Jun 2022,"9,144-14,017","11,550",6%,Growth,Bangalore,Residential - Multi Storey Apartment
Jayanagar,Jan-Mar 2022,"8,626-13,321","11,243",2%,Growth,Bangalore,Residential - Multi Storey Apartment
Jayanagar,Oct-Dec 2021,"8,486-13,016","10,910",15%,Growth,Bangalore,Residential - Multi Storey Apartment
Jayanagar,Jul-Sep 2021,"8,607-12,915","10,811",3%,Growth,Bangalore,Residential - Multi Storey Apartment
Jayanagar,Apr-Jun 2021,"8,901-13,190","10,936",3%,Growth,Bangalore,Residential - Multi Storey Apartment
Jayanagar,Jan-Mar 2021,"8,641-12,751","10,690",0.20%,Stable,Bangalore,Residential - Multi Storey Apartment
Jayanagar,Oct-Dec 2020,"8,680-12,674","10,560",4%,Growth,Bangalore,Residential - Multi Storey Apartment
Jayanagar,Jul-Sep 2020,"8,932-13,370","10,652",2%,Growth,Bangalore,Residential - Multi Storey Apartment
Jayanagar,Apr-Jun 2020,"8,535-13,295","10,400",1%,Growth,Bangalore,Residential - Multi Storey Apartment
Jayanagar,Jan-Mar 2020,"8,798-13,295","10,500",0.40%,Growth,Bangalore,Residential - Multi Storey Apartment
Jayanagar,Oct-Dec 2019,"8,919-13,078","10,349",4%,Growth,Bangalore,Residential - Multi Storey Apartment
Jayanagar,Jul-Sep 2019,"9,054-13,833","10,458",3%,Growth,Bangalore,Residential - Multi Storey Apartment
Jayanagar,Apr-Jun 2019,"9,465-14,050","10,759",3%,Growth,Bangalore,Residential - Multi Storey Apartment
Jayanagar,Jan-Mar 2019,"8,996-13,877","10,431",1%,Growth,Bangalore,Residential - Multi Storey Apartment
Jayanagar,Oct-Dec 2018,"9,070-13,523","10,190",2%,Growth,Bangalore,Residential - Multi Storey Apartment
Jayanagar,Jul-Sep 2018,"9,112-14,054","10,180",4%,Growth,Bangalore,Residential - Multi Storey Apartment
Rachenahalli,Jul-Sep 2024,"9,014-12,160","10,587",11%,,Bangalore,Residential - Multi Storey Apartment
Rachenahalli,Apr-Jun 2024,"8,009-11,118","9,564",4%,,Bangalore,Residential - Multi Storey Apartment
Rachenahalli,Jan-Mar 2024,"7,323-10,991","9,157",26%,,Bangalore,Residential - Multi Storey Apartment
Rachenahalli,Oct-Dec 2023,"5,429-9,116","7,273",9%,,Bangalore,Residential - Multi Storey Apartment
Rachenahalli,Jul-Sep 2023,"5,105-8,213","6,659",3%,,Bangalore,Residential - Multi Storey Apartment
Rachenahalli,Jan-Mar 2022,"4,850-7,247","6,049",0.30%,,Bangalore,Residential - Multi Storey Apartment
Rachenahalli,Oct-Dec 2021,"4,989-7,071","6,030",3%,,Bangalore,Residential - Multi Storey Apartment
Rachenahalli,Jul-Sep 2021,"4,718-7,001","5,860",2%,,Bangalore,Residential - Multi Storey Apartment
Rachenahalli,Apr-Jun 2021,"4,909-7,055","5,982",0.40%,,Bangalore,Residential - Multi Storey Apartment
Rachenahalli,Jan-Mar 2021,"4,889-7,023","5,956",3%,,Bangalore,Residential - Multi Storey Apartment
Rachenahalli,Oct-Dec 2020,"4,792-6,771","5,781",3%,,Bangalore,Residential - Multi Storey Apartment
Rachenahalli,Jul-Sep 2020,"4,790-7,076","5,933",1%,,Bangalore,Residential - Multi Storey Apartment
Rachenahalli,Apr-Jun 2020,"4,688-7,033","5,861",3%,,Bangalore,Residential - Multi Storey Apartment
Rachenahalli,Jan-Mar 2020,"4,768-7,344","5,800",1%,,Bangalore,Residential - Multi Storey Apartment
Rachenahalli,Oct-Dec 2019,"4,909-7,130","5,810",3%,,Bangalore,Residential - Multi Storey Apartment
Rachenahalli,Jul-Sep 2019,"4,753-6,928","5,801",0.20%,,Bangalore,Residential - Multi Storey Apartment
Rachenahalli,Apr-Jun 2019,"4,628-7,030","5,829",1%,,Bangalore,Residential - Multi Storey Apartment
Rachenahalli,Jan-Mar 2019,"4,652-7,120","5,886",2%,,Bangalore,Residential - Multi Storey Apartment
Rachenahalli,Oct-Dec 2018,"4,638-6,941","5,790",1%,,Bangalore,Residential - Multi Storey Apartment
Rachenahalli,Jul-Sep 2018,"4,753-6,727","5,740",3%,,Bangalore,Residential - Multi Storey Apartment
JCR Layout,Jul-Sep 2024,"11,319-15,060","13,189",2%,,Bangalore,Residential - Multi Storey Apartment
JCR Layout,Apr-Jun 2024,"11,429-14,492","12,960",4%,,Bangalore,Residential - Multi Storey Apartment
JCR Layout,Jan-Mar 2024,"10,649-14,248","12,449",7%,,Bangalore,Residential - Multi Storey Apartment
JCR Layout,Oct-Dec 2023,"9,364-13,846","11,605",4%,,Bangalore,Residential - Multi Storey Apartment
JCR Layout,Jan-Mar 2023,"7,658-9,946","8,802",0.50%,,Bangalore,Residential - Multi Storey Apartment
JCR Layout,Oct-Dec 2022,"7,621-10,070","8,845",0%,,Bangalore,Residential - Multi Storey Apartment
JCR Layout,Apr-Jun 2022,"6,463-9,521","7,992",0%,,Bangalore,Residential - Multi Storey Apartment
JCR Layout,Jan-Mar 2022,"6,499-9,530","8,071",1%,,Bangalore,Residential - Multi Storey Apartment
JCR Layout,Oct-Dec 2021,"6,421-9,412","7,984",1%,,Bangalore,Residential - Multi Storey Apartment
JCR Layout,Jul-Sep 2021,"6,383-9,350","7,905",-1%,,Bangalore,Residential - Multi Storey Apartment
JCR Layout,Apr-Jun 2021,"6,360-9,320","7,960",1%,,Bangalore,Residential - Multi Storey Apartment
JCR Layout,Jan-Mar 2021,"6,295-9,200","7,922",1%,,Bangalore,Residential - Multi Storey Apartment
JCR Layout,Oct-Dec 2020,"6,211-9,080","7,870",1%,,Bangalore,Residential - Multi Storey Apartment
JCR Layout,Jul-Sep 2020,"6,170-9,015","7,800",-1%,,Bangalore,Residential - Multi Storey Apartment
JCR Layout,Apr-Jun 2020,"6,140-8,975","7,839",0%,,Bangalore,Residential - Multi Storey Apartment
JCR Layout,Jan-Mar 2020,"6,122-8,943","7,785",1%,,Bangalore,Residential - Multi Storey Apartment
JCR Layout,Oct-Dec 2019,"6,071-8,900","7,740",1%,,Bangalore,Residential - Multi Storey Apartment
JCR Layout,Jul-Sep 2019,"6,045-8,870","7,712",0%,,Bangalore,Residential - Multi Storey Apartment
JCR Layout,Apr-Jun 2019,"6,028-8,845","7,698",0%,,Bangalore,Residential - Multi Storey Apartment
JCR Layout,Jan-Mar 2019,"6,002-8,800","7,721",1%,,Bangalore,Residential - Multi Storey Apartment
JCR Layout,Oct-Dec 2018,"5,978-8,765","7,678",0%,,Bangalore,Residential - Multi Storey Apartment
JCR Layout,Jul-Sep 2018,"5,950-8,730","7,710",0%,,Bangalore,Residential - Multi Storey Apartment
Carmelaram,Apr-Jun 2024,"7,887-12,292","10,090",4%,,Bangalore,Residential - Multi Storey Apartment
Carmelaram,Jan-Mar 2024,"7,434-11,913","9,673",5%,,Bangalore,Residential - Multi Storey Apartment
Carmelaram,Oct-Dec 2023,"7,477-10,937","9,207",5%,,Bangalore,Residential - Multi Storey Apartment
Carmelaram,Jul-Sep 2023,"6,847-9,960","8,404",5%,,Bangalore,Residential - Multi Storey Apartment
Carmelaram,Apr-Jun 2023,"5,958-8,735","7,346",5%,,Bangalore,Residential - Multi Storey Apartment
Carmelaram,Jul-Sep 2022,"5,321-8,193","6,757",5%,,Bangalore,Residential - Multi Storey Apartment
Carmelaram,Apr-Jun 2022,"5,335-8,210","6,822",2.00%,,Bangalore,Residential - Multi Storey Apartment
Carmelaram,Jan-Mar 2022,"5,281-8,123","6,755",2.00%,,Bangalore,Residential - Multi Storey Apartment
Carmelaram,Oct-Dec 2021,"5,295-8,135","6,788",2.00%,,Bangalore,Residential - Multi Storey Apartment
Carmelaram,Jul-Sep 2021,"5,271-8,100","6,755",2.00%,,Bangalore,Residential - Multi Storey Apartment
Carmelaram,Apr-Jun 2021,"5,284-8,122","6,780",2.00%,,Bangalore,Residential - Multi Storey Apartment
Carmelaram,Jan-Mar 2021,"5,241-8,055","6,748",2.00%,,Bangalore,Residential - Multi Storey Apartment
Carmelaram,Oct-Dec 2020,"5,233-8,043","6,735",2.00%,,Bangalore,Residential - Multi Storey Apartment
Carmelaram,Jul-Sep 2020,"5,245-8,050","6,742",2.00%,,Bangalore,Residential - Multi Storey Apartment
Carmelaram,Apr-Jun 2020,"5,237-8,045","6,740",2.00%,,Bangalore,Residential - Multi Storey Apartment
Carmelaram,Jan-Mar 2020,"5,230-8,033","6,725",2.00%,,Bangalore,Residential - Multi Storey Apartment
Carmelaram,Oct-Dec 2019,"5,238-8,043","6,738",2.00%,,Bangalore,Residential - Multi Storey Apartment
Carmelaram,Jul-Sep 2019,"5,250-8,055","6,742",2.00%,,Bangalore,Residential - Multi Storey Apartment
Carmelaram,Apr-Jun 2019,"5,243-8,040","6,732",2.00%,,Bangalore,Residential - Multi Storey Apartment
Carmelaram,Jan-Mar 2019,"5,230-8,020","6,725",2.00%,,Bangalore,Residential - Multi Storey Apartment
Carmelaram,Oct-Dec 2018,"5,225-8,015","6,720",2.00%,,Bangalore,Residential - Multi Storey Apartment
Carmelaram,Jul-Sep 2018,"5,210-8,000","6,715",2.00%,,Bangalore,Residential - Multi Storey Apartment
Thimmaiah Road,Jul-Sep 2024,"12,698-22,813","17,756",,,Bangalore,Residential - Multi Storey Apartment
Thimmaiah Road,Apr-Jun 2024,"13,309-22,040","17,674",,,Bangalore,Residential - Multi Storey Apartment
Thimmaiah Road,Jan-Mar 2024,"12,331-20,255","16,293",,,Bangalore,Residential - Multi Storey Apartment
Thimmaiah Road,Oct-Dec 2023,"11,432-19,098","15,265",,,Bangalore,Residential - Multi Storey Apartment
Thimmaiah Road,Jul-Sep 2023,"11,547-19,216","15,382",,,Bangalore,Residential - Multi Storey Apartment
Thimmaiah Road,Apr-Jun 2023,"11,480-19,100","15,290",,,Bangalore,Residential - Multi Storey Apartment
Thimmaiah Road,Jan-Mar 2023,"11,610-19,275","15,443",,,Bangalore,Residential - Multi Storey Apartment
Thimmaiah Road,Oct-Dec 2022,"11,220-18,900","15,060",,,Bangalore,Residential - Multi Storey Apartment
Thimmaiah Road,Jul-Sep 2022,"11,255-18,950","15,102",,,Bangalore,Residential - Multi Storey Apartment
Thimmaiah Road,Apr-Jun 2022,"11,200-18,850","15,025",,,Bangalore,Residential - Multi Storey Apartment
Thimmaiah Road,Jan-Mar 2022,"11,160-18,800","14,980",,,Bangalore,Residential - Multi Storey Apartment
Thimmaiah Road,Oct-Dec 2021,"11,100-18,750","14,925",,,Bangalore,Residential - Multi Storey Apartment
Thimmaiah Road,Jul-Sep 2021,"11,050-18,690","14,870",,,Bangalore,Residential - Multi Storey Apartment
Thimmaiah Road,Apr-Jun 2021,"11,000-18,630","14,815",,,Bangalore,Residential - Multi Storey Apartment
Thimmaiah Road,Jan-Mar 2021,"10,980-18,600","14,790",,,Bangalore,Residential - Multi Storey Apartment
Thimmaiah Road,Oct-Dec 2020,"10,960-18,570","14,765",,,Bangalore,Residential - Multi Storey Apartment
Thimmaiah Road,Jul-Sep 2020,"10,950-18,550","14,750",,,Bangalore,Residential - Multi Storey Apartment
Thimmaiah Road,Apr-Jun 2020,"10,940-18,540","14,740",,,Bangalore,Residential - Multi Storey Apartment
Thimmaiah Road,Jan-Mar 2020,"10,920-18,500","14,710",,,Bangalore,Residential - Multi Storey Apartment
Thimmaiah Road,Oct-Dec 2019,"10,890-18,470","14,680",,,Bangalore,Residential - Multi Storey Apartment
Thimmaiah Road,Jul-Sep 2019,"10,870-18,450","14,660",,,Bangalore,Residential - Multi Storey Apartment
Thimmaiah Road,Apr-Jun 2019,"10,860-18,440","14,650",,,Bangalore,Residential - Multi Storey Apartment
Thimmaiah Road,Jan-Mar 2019,"10,840-18,400","14,620",,,Bangalore,Residential - Multi Storey Apartment
Thimmaiah Road,Oct-Dec 2018,"10,810-18,370","14,590",,,Bangalore,Residential - Multi Storey Apartment
Thimmaiah Road,Jul-Sep 2018,"10,790-18,350","14,570",,,Bangalore,Residential - Multi Storey Apartment
Jigani,Jul-Sep 2024,"3,700-5,670","4,685",4%,,Bangalore,Residential - Multi Storey Apartment
Jigani,Apr-Jun 2024,"3,670-5,625","4,650",3%,,Bangalore,Residential - Multi Storey Apartment
Jigani,Jan-Mar 2024,"3,560-5,510","4,535",2%,,Bangalore,Residential - Multi Storey Apartment
Jigani,Oct-Dec 2023,"3,540-5,480","4,510",3%,,Bangalore,Residential - Multi Storey Apartment
Jigani,Jul-Sep 2023,"3,450-5,370","4,400",4%,,Bangalore,Residential - Multi Storey Apartment
Jigani,Apr-Jun 2023,"3,430-5,350","4,250",5%,,Bangalore,Residential - Multi Storey Apartment
Jigani,Jan-Mar 2023,"3,410-5,320","4,050",3%,,Bangalore,Residential - Multi Storey Apartment
Jigani,Oct-Dec 2022,"3,390-5,300","3,930",2%,,Bangalore,Residential - Multi Storey Apartment
Jigani,Jul-Sep 2022,"3,360-5,250","3,850",4%,,Bangalore,Residential - Multi Storey Apartment
Jigani,Apr-Jun 2022,"3,320-5,200","3,700",3%,,Bangalore,Residential - Multi Storey Apartment
Jigani,Jan-Mar 2022,"3,300-5,180","3,600",2%,,Bangalore,Residential - Multi Storey Apartment
Jigani,Oct-Dec 2021,"3,270-5,140","3,525",3%,,Bangalore,Residential - Multi Storey Apartment
Jigani,Jul-Sep 2021,"3,434-5,247","3,450",4%,,Bangalore,Residential - Multi Storey Apartment
Jigani,Apr-Jun 2021,"3,220-5,123","3,320",7%,,Bangalore,Residential - Multi Storey Apartment
Jigani,Jan-Mar 2021,"3,365-5,618","3,100",7%,,Bangalore,Residential - Multi Storey Apartment
Jigani,Oct-Dec 2020,"3,184-5,183","2,900",6%,,Bangalore,Residential - Multi Storey Apartment
Jigani,Jul-Sep 2020,"3,298-5,563","2,750",1%,,Bangalore,Residential - Multi Storey Apartment
Jigani,Apr-Jun 2020,"3,460-5,353","2,725",2%,,Bangalore,Residential - Multi Storey Apartment
Jigani,Jan-Mar 2020,"3,637-5,346","2,675",2%,,Bangalore,Residential - Multi Storey Apartment
Jigani,Oct-Dec 2019,"3,732-5,420","2,600",5%,,Bangalore,Residential - Multi Storey Apartment
Jigani,Jul-Sep 2019,"3,830-5,691","2,500",3%,,Bangalore,Residential - Multi Storey Apartment
Jigani,Apr-Jun 2019,"3,920-5,520","2,450",4%,,Bangalore,Residential - Multi Storey Apartment
Jigani,Jan-Mar 2019,"3,997-5,731","2,400",5%,,Bangalore,Residential - Multi Storey Apartment
Jigani,Oct-Dec 2018,"4,120-5,970","2,300",3%,,Bangalore,Residential - Multi Storey Apartment
Jigani,Jul-Sep 2018,"4,160-6,015","2,200",4%,,Bangalore,Residential - Multi Storey Apartment
Cambridge Road,Jul-Sep 2024,"11,224-18,823","15,024",5%,,Bangalore,Residential - Multi Storey Apartment
Cambridge Road,Apr-Jun 2024,"10,938-17,785","14,361",10%,,Bangalore,Residential - Multi Storey Apartment
Cambridge Road,Jan-Mar 2024,"9,820-16,252","13,036",2%,,Bangalore,Residential - Multi Storey Apartment
Cambridge Road,Oct-Dec 2023,"9,869-15,733","12,801",0.40%,,Bangalore,Residential - Multi Storey Apartment
Cambridge Road,Jul-Sep 2023,"9,424-16,272","12,848",0.40%,,Bangalore,Residential - Multi Storey Apartment
Cambridge Road,Apr-Jun 2023,"9,761-15,843","12,802",0.20%,,Bangalore,Residential - Multi Storey Apartment
Cambridge Road,Jan-Mar 2023,"10,058-15,484","12,771",5%,,Bangalore,Residential - Multi Storey Apartment
Cambridge Road,Oct-Dec 2022,"9,432-15,220","12,355",3%,,Bangalore,Residential - Multi Storey Apartment
Cambridge Road,Jul-Sep 2022,"9,251-15,050","12,151",2%,,Bangalore,Residential - Multi Storey Apartment
Cambridge Road,Apr-Jun 2022,"9,156-14,834","12,046",2%,,Bangalore,Residential - Multi Storey Apartment
Cambridge Road,Jan-Mar 2022,"8,924-14,488","11,739",3%,,Bangalore,Residential - Multi Storey Apartment
Cambridge Road,Oct-Dec 2021,"8,756-14,335","11,546",1%,,Bangalore,Residential - Multi Storey Apartment
Cambridge Road,Jul-Sep 2021,"8,460-13,894","11,177",2%,,Bangalore,Residential - Multi Storey Apartment
Cambridge Road,Apr-Jun 2021,"8,313-13,540","10,923",3%,,Bangalore,Residential - Multi Storey Apartment
Cambridge Road,Jan-Mar 2021,"8,225-13,342","10,783",2%,,Bangalore,Residential - Multi Storey Apartment
Cambridge Road,Oct-Dec 2020,"8,151-13,178","10,664",1%,,Bangalore,Residential - Multi Storey Apartment
Cambridge Road,Jul-Sep 2020,"8,090-13,052","10,566",3%,,Bangalore,Residential - Multi Storey Apartment
Cambridge Road,Apr-Jun 2020,"8,012-12,980","10,396",1%,,Bangalore,Residential - Multi Storey Apartment
Cambridge Road,Jan-Mar 2020,"7,905-12,781","10,333",1%,,Bangalore,Residential - Multi Storey Apartment
Cambridge Road,Oct-Dec 2019,"7,803-12,583","10,195",4%,,Bangalore,Residential - Multi Storey Apartment
Cambridge Road,Jul-Sep 2019,"7,725-12,453","10,090",2%,,Bangalore,Residential - Multi Storey Apartment
Cambridge Road,Apr-Jun 2019,"7,660-12,335","9,970",3%,,Bangalore,Residential - Multi Storey Apartment
Cambridge Road,Jan-Mar 2019,"7,590-12,200","9,860",2%,,Bangalore,Residential - Multi Storey Apartment
Cambridge Road,Oct-Dec 2018,"7,495-12,100","9,795",3%,,Bangalore,Residential - Multi Storey Apartment
Cambridge Road,Jul-Sep 2018,"7,389-11,956","9,723",3%,,Bangalore,Residential - Multi Storey Apartment
Queens Road,Jul-Sep 2024,"12,512-22,634","17,573",1%,,Bangalore,Residential - Multi Storey Apartment
Queens Road,Apr-Jun 2024,"12,821-22,103","17,462",9%,,Bangalore,Residential - Multi Storey Apartment
Queens Road,Jan-Mar 2024,"11,932-20,044","16,400",1%,,Bangalore,Residential - Multi Storey Apartment
Queens Road,Oct-Dec 2023,"11,929-20,224","16,600",3%,,Bangalore,Residential - Multi Storey Apartment
Queens Road,Jul-Sep 2023,"11,997-21,032","16,514",3%,,Bangalore,Residential - Multi Storey Apartment
Queens Road,Apr-Jun 2023,"11,545-20,617","16,081",2%,,Bangalore,Residential - Multi Storey Apartment
Queens Road,Jan-Mar 2023,"12,234-20,712","16,473",3%,,Bangalore,Residential - Multi Storey Apartment
Queens Road,Oct-Dec 2022,"11,123-19,543","15,833",4%,,Bangalore,Residential - Multi Storey Apartment
Queens Road,Jul-Sep 2022,"10,978-19,234","15,606",3%,,Bangalore,Residential - Multi Storey Apartment
Queens Road,Apr-Jun 2022,"10,852-18,935","15,445",3%,,Bangalore,Residential - Multi Storey Apartment
Queens Road,Jan-Mar 2022,"10,564-18,431","15,233",3%,,Bangalore,Residential - Multi Storey Apartment
Queens Road,Oct-Dec 2021,"10,234-17,758","14,996",4%,,Bangalore,Residential - Multi Storey Apartment
Queens Road,Jul-Sep 2021,"9,945-17,345","14,644",3%,,Bangalore,Residential - Multi Storey Apartment
Queens Road,Apr-Jun 2021,"9,689-16,834","14,353",3%,,Bangalore,Residential - Multi Storey Apartment
Queens Road,Jan-Mar 2021,"9,532-16,453","14,179",2%,,Bangalore,Residential - Multi Storey Apartment
Queens Road,Oct-Dec 2020,"9,352-16,102","14,010",1%,,Bangalore,Residential - Multi Storey Apartment
Queens Road,Jul-Sep 2020,"9,202-15,845","13,901",2%,,Bangalore,Residential - Multi Storey Apartment
Queens Road,Apr-Jun 2020,"9,052-15,732","13,815",1%,,Bangalore,Residential - Multi Storey Apartment
Queens Road,Jan-Mar 2020,"8,912-15,620","13,726",1%,,Bangalore,Residential - Multi Storey Apartment
Queens Road,Oct-Dec 2019,"8,783-15,448","13,637",2%,,Bangalore,Residential - Multi Storey Apartment
Queens Road,Jul-Sep 2019,"8,673-15,244","13,487",3%,,Bangalore,Residential - Multi Storey Apartment
Queens Road,Apr-Jun 2019,"8,544-15,051","13,300",2%,,Bangalore,Residential - Multi Storey Apartment
Queens Road,Jan-Mar 2019,"8,443-14,951","13,152",2%,,Bangalore,Residential - Multi Storey Apartment
Queens Road,Oct-Dec 2018,"8,312-14,734","13,023",3%,,Bangalore,Residential - Multi Storey Apartment
Queens Road,Jul-Sep 2018,"8,201-14,533","12,917",2%,,Bangalore,Residential - Multi Storey Apartment
Jigani Road,Jul-Sep 2024,"3,392-5,796","5,600",,,,
Jigani Road,Apr-Jun 2024,"3,055-6,250","5,300",,,,
Jigani Road,Jan-Mar 2024,"3,000-6,100","5,150",,,,
Jigani Road,Oct-Dec 2023,"3,392-5,796","4,594",3.50%,,Bangalore,Residential - Multi Storey Apartment
Jigani Road,Jul-Sep 2023,"3,055-6,250","4,900",0.10%,,Bangalore,Residential - Multi Storey Apartment
Jigani Road,Apr-Jun 2023,"3,000-6,100","4,150",1.80%,,Bangalore,Residential - Multi Storey Apartment
Jigani Road,Jan-Mar 2023,"2,950-6,050","2,950",2.30%,,Bangalore,Residential - Multi Storey Apartment
Jigani Road,Oct-Dec 2022,"2,900-6,000","4,550",2.10%,,Bangalore,Residential - Multi Storey Apartment
Jigani Road,Jul-Sep 2022,"2,850-5,950","4,000",1.90%,,Bangalore,Residential - Multi Storey Apartment
Jigani Road,Apr-Jun 2022,"2,800 - 5,900","3,900",1.60%,,Bangalore,Residential - Multi Storey Apartment
Jigani Road,Jan-Mar 2022,"2,750 - 5,850","3,800",2%,,Bangalore,Residential - Multi Storey Apartment
Jigani Road,Oct-Dec 2021,"2,700-5,800","4,650",1.50%,,Bangalore,Residential - Multi Storey Apartment
Jigani Road,Jul-Sep 2021,"2,650-5,750","4,400",1.20%,,Bangalore,Residential - Multi Storey Apartment
Jigani Road,Apr-Jun 2021,"2,600-5,700","4,350",1.80%,,Bangalore,Residential - Multi Storey Apartment
Jigani Road,Jan-Mar 2021,"2,550-5,650","3,750",1.90%,,Bangalore,Residential - Multi Storey Apartment
Jigani Road,Oct-Dec 2020,"2,500-5,600","4,150",1.60%,,Bangalore,Residential - Multi Storey Apartment
Jigani Road,Jul-Sep 2020,"2,450-5,550","4,000",1.50%,,Bangalore,Residential - Multi Storey Apartment
Jigani Road,Apr-Jun 2020,"2,400-5,500","3,350",1.80%,,Bangalore,Residential - Multi Storey Apartment
Jigani Road,Jan-Mar 2020,"2,350-5,450","4,600",2%,,Bangalore,Residential - Multi Storey Apartment
Jigani Road,Oct-Dec 2019,"2,300-5,400","4,300",2.10%,,Bangalore,Residential - Multi Storey Apartment
Jigani Road,Jul-Sep 2019,"2,250-5,350","4,700",2%,,Bangalore,Residential - Multi Storey Apartment
Jigani Road,Apr-Jun 2019,"2,200-5,300","4,300",1.80%,,Bangalore,Residential - Multi Storey Apartment
Jigani Road,Jan-Mar 2019,"2,150-5,250","3,900",2.20%,,Bangalore,Residential - Multi Storey Apartment
Jigani Road,Oct-Dec 2018,"2,100-5,200","4,150",2%,,Bangalore,Residential - Multi Storey Apartment
Byatarayanapura,Jul-Sep 2024,"8,488-15,876","12,182",23%,,Bangalore,Residential - Multi Storey Apartment
Byatarayanapura,Apr-Jun 2024,"7,146-12,734","11,800",2%,,Bangalore,Residential - Multi Storey Apartment
Byatarayanapura,Jan-Mar 2024,"7,179-12,283","11,000",1%,,Bangalore,Residential - Multi Storey Apartment
Byatarayanapura,Oct-Dec 2023,"7,036-12,540","10,250",4%,,Bangalore,Residential - Multi Storey Apartment
Byatarayanapura,Jul-Sep 2023,"7,461-12,932","10,196",2%,,Bangalore,Residential - Multi Storey Apartment
Byatarayanapura,Apr-Jun 2023,"7,252-12,769","10,011",3%,,Bangalore,Residential - Multi Storey Apartment
Byatarayanapura,Jan-Mar 2023,"7,168-12,220","9,694",,,Bangalore,Residential - Multi Storey Apartment
Byatarayanapura,Oct-Dec 2022,"6,960-12,135","9,548",3%,,Bangalore,Residential - Multi Storey Apartment
Byatarayanapura,Jul-Sep 2022,"6,830-12,046","9,396",4%,,Bangalore,Residential - Multi Storey Apartment
Byatarayanapura,Apr-Jun 2022,"6,710-11,950","9,264",3%,,Bangalore,Residential - Multi Storey Apartment
Byatarayanapura,Jan-Mar 2022,"6,590-11,845","9,139",2%,,Bangalore,Residential - Multi Storey Apartment
Byatarayanapura,Oct-Dec 2021,"6,380-11,740","9,058",4%,,Bangalore,Residential - Multi Storey Apartment
Byatarayanapura,Jul-Sep 2021,"6,220-11,510","8,865",3%,,Bangalore,Residential - Multi Storey Apartment
Byatarayanapura,Apr-Jun 2021,"6,150-11,380","8,765",2%,,Bangalore,Residential - Multi Storey Apartment
Byatarayanapura,Jan-Mar 2021,"6,090-11,220","8,658",1%,,Bangalore,Residential - Multi Storey Apartment
Byatarayanapura,Oct-Dec 2020,"5,960-11,150","8,555",2%,,Bangalore,Residential - Multi Storey Apartment
Byatarayanapura,Jul-Sep 2020,"5,870-11,080","8,453",1%,,Bangalore,Residential - Multi Storey Apartment
Byatarayanapura,Apr-Jun 2020,"5,780-10,960","8,342",2%,,Bangalore,Residential - Multi Storey Apartment
Byatarayanapura,Jan-Mar 2020,"5,690-10,870","8,230",3%,,Bangalore,Residential - Multi Storey Apartment
Byatarayanapura,Oct-Dec 2019,"5,600-10,780","8,118",2%,,Bangalore,Residential - Multi Storey Apartment
Byatarayanapura,Jul-Sep 2019,"5,510-10,690","8,006",3%,,Bangalore,Residential - Multi Storey Apartment
Byatarayanapura,Apr-Jun 2019,"5,420-10,600","7,894",2%,,Bangalore,Residential - Multi Storey Apartment
Byatarayanapura,Jan-Mar 2019,"5,330-10,510","7,783",2%,,Bangalore,Residential - Multi Storey Apartment
Byatarayanapura,Oct-Dec 2018,"5,240-10,420","7,672",3%,,Bangalore,Residential - Multi Storey Apartment
Byatarayanapura,Jul-Sep 2018,"5,150-10,330","7,561",2%,,Bangalore,Residential - Multi Storey Apartment
Thubarahalli,Jul-Sep 2024,"5,385-10,058","7,721",12%,,Bangalore,Residential - Multi Storey Apartment
Thubarahalli,Apr-Jun 2024,"5,300-8,526","6,913",9%,,Bangalore,Residential - Multi Storey Apartment
Thubarahalli,Jan-Mar 2024,"4,879-7,826","6,600",3.20%,,Bangalore,Residential - Multi Storey Apartment
Thubarahalli,Oct-Dec 2023,"4,848-8,021","6,501",1.50%,,Bangalore,Residential - Multi Storey Apartment
Thubarahalli,Jul-Sep 2023,"4,890-8,150","6,601",1.80%,,Bangalore,Residential - Multi Storey Apartment
Thubarahalli,Apr-Jun 2023,"4,850-8,100","6,515",0.70%,,Bangalore,Residential - Multi Storey Apartment
Thubarahalli,Jan-Mar 2023,"4,994-7,863","6,600",2%,,Bangalore,Residential - Multi Storey Apartment
Thubarahalli,Oct-Dec 2022,"4,683-7,948","6,400",5%,,Bangalore,Residential - Multi Storey Apartment
Thubarahalli,Jul-Sep 2022,"4,890-7,134","6,280",1%,,Bangalore,Residential - Multi Storey Apartment
Thubarahalli,Apr-Jun 2022,"4,916-7,186","6,250",2%,,Bangalore,Residential - Multi Storey Apartment
Thubarahalli,Jan-Mar 2022,"4,695-7,208","6,200",3%,,Bangalore,Residential - Multi Storey Apartment
Thubarahalli,Oct-Dec 2021,"4,951-7,336","6,144",10%,,Bangalore,Residential - Multi Storey Apartment
Thubarahalli,Jul-Sep 2021,"4,401-6,808","6,051",3.60%,,Bangalore,Residential - Multi Storey Apartment
Thubarahalli,Apr-Jun 2021,"4,563-6,646","6,000",1%,,Bangalore,Residential - Multi Storey Apartment
Thubarahalli,Jan-Mar 2021,"4,603-6,762","5,800",0.20%,,Bangalore,Residential - Multi Storey Apartment
Thubarahalli,Oct-Dec 2020,"4,628-6,713","6,000",2%,,Bangalore,Residential - Multi Storey Apartment
Thubarahalli,Jul-Sep 2020,"4,379-6,762","5,900",1%,,Bangalore,Residential - Multi Storey Apartment
Thubarahalli,Apr-Jun 2020,"4,237-6,984","5,880",4%,,Bangalore,Residential - Multi Storey Apartment
Thubarahalli,Jan-Mar 2020,"4,673-7,014","5,700",3%,,Bangalore,Residential - Multi Storey Apartment
Thubarahalli,Oct-Dec 2019,"4,528-6,836","5,830",1%,,Bangalore,Residential - Multi Storey Apartment
Thubarahalli,Jul-Sep 2019,"4,567-6,879","5,800",5%,,Bangalore,Residential - Multi Storey Apartment
Thubarahalli,Apr-Jun 2019,"4,397-6,504","5,750",0.20%,,Bangalore,Residential - Multi Storey Apartment
Thubarahalli,Jan-Mar 2019,"4,325-6,601","5,650",3%,,Bangalore,Residential - Multi Storey Apartment
Thubarahalli,Oct-Dec 2018,"4,532-6,767","5,650",1%,,Bangalore,Residential - Multi Storey Apartment
Thubarahalli,Jul-Sep 2018,"5,300-8,256","5,611",3%,,Bangalore,Residential - Multi Storey Apartment
JP Nagar,Jul-Sep 2024,"7,030-12,164","9,597",3%,,Bangalore,Residential - Multi Storey Apartment
JP Nagar,Apr-Jun 2024,"6,725-11,887","9,306",4%,,Bangalore,Residential - Multi Storey Apartment
JP Nagar,Jan-Mar 2024,"6,387-11,508","8,947",10%,,Bangalore,Residential - Multi Storey Apartment
JP Nagar,Oct-Dec 2023,"5,656-10,604","8,130",0.20%,,Bangalore,Residential - Multi Storey Apartment
JP Nagar,Jul-Sep 2023,"5,578-10,648","8,113",5%,,Bangalore,Residential - Multi Storey Apartment
JP Nagar,Apr-Jun 2023,"5,326-10,179","7,753",13%,,Bangalore,Residential - Multi Storey Apartment
JP Nagar,Jan-Mar 2023,"4,713-8,953","6,950",3%,,Bangalore,Residential - Multi Storey Apartment
JP Nagar,Oct-Dec 2022,"4,664-8,620","6,690",1%,,Bangalore,Residential - Multi Storey Apartment
JP Nagar,Jul-Sep 2022,"4,782-8,593","6,687",6%,,Bangalore,Residential - Multi Storey Apartment
JP Nagar,Apr-Jun 2022,"4,564-8,106","6,335",2%,,Bangalore,Residential - Multi Storey Apartment
JP Nagar,Jan-Mar 2022,"4,488-7,916","6,202",5%,,Bangalore,Residential - Multi Storey Apartment
JP Nagar,Oct-Dec 2021,"4,301-7,479","6,100",1%,,Bangalore,Residential - Multi Storey Apartment
JP Nagar,Jul-Sep 2021,"4,273-7,406","6,000",6%,,Bangalore,Residential - Multi Storey Apartment
JP Nagar,Apr-Jun 2021,"4,563-7,858","6,350",2%,,Bangalore,Residential - Multi Storey Apartment
JP Nagar,Jan-Mar 2021,"4,520-7,671","6,096",3%,,Bangalore,Residential - Multi Storey Apartment
JP Nagar,Oct-Dec 2020,"4,452-7,412","6,300",3%,,Bangalore,Residential - Multi Storey Apartment
JP Nagar,Jul-Sep 2020,"4,355-7,197","6,250",2%,,Bangalore,Residential - Multi Storey Apartment
JP Nagar,Apr-Jun 2020,"4,372-7,378","6,300",4%,,Bangalore,Residential - Multi Storey Apartment
JP Nagar,Jan-Mar 2020,"4,500-7,682","6,200",1%,,Bangalore,Residential - Multi Storey Apartment
JP Nagar,Oct-Dec 2019,"4,498-7,823","6,161",2%,,Bangalore,Residential - Multi Storey Apartment
JP Nagar,Jul-Sep 2019,"4,436-7,613","6,025",5%,,Bangalore,Residential - Multi Storey Apartment
JP Nagar,Apr-Jun 2019,"4,244-7,287","5,850",2%,,Bangalore,Residential - Multi Storey Apartment
JP Nagar,Jan-Mar 2019,"4,155-7,158","5,800",0.40%,,Bangalore,Residential - Multi Storey Apartment
JP Nagar,Oct-Dec 2018,"4,114-7,240","5,677",3%,,Bangalore,Residential - Multi Storey Apartment
JP Nagar,Jul-Sep 2018,"3,921-7,094","5,507",6%,,Bangalore,Residential - Multi Storey Apartment
Budigere Road,Jul-Sep 2024,"7,229-12,168","9,699",3%,,Bangalore,Residential - Multi Storey Apartment
Budigere Road,Apr-Jun 2024,"7,019-11,905","9,462",23%,,Bangalore,Residential - Multi Storey Apartment
Budigere Road,Jan-Mar 2024,"5,772-9,664","8,250",14%,,Bangalore,Residential - Multi Storey Apartment
Budigere Road,Oct-Dec 2023,"5,193-8,347","8,200",,,Bangalore,Residential - Multi Storey Apartment
Budigere Road,Jul-Sep 2023,"5,454-22,688","8,050",2.80%,,Bangalore,Residential - Multi Storey Apartment
Budigere Road,Apr-Jun 2023,"5,300-22,000","7,950",2.50%,,Bangalore,Residential - Multi Storey Apartment
Budigere Road,Jan-Mar 2023,"5,200-21,500","7,500",2.40%,,Bangalore,Residential - Multi Storey Apartment
Budigere Road,Oct-Dec 2022,"5,000-20,000","7,100",3%,,Bangalore,Residential - Multi Storey Apartment
Budigere Road,Jul-Sep 2022,"4,850-19,200","6,800",2.80%,,Bangalore,Residential - Multi Storey Apartment
Budigere Road,Apr-Jun 2022,"4,700-18,500","6,700",2.50%,,Bangalore,Residential - Multi Storey Apartment
Budigere Road,Jan-Mar 2022,"4,500-18,000","6,600",2.90%,,Bangalore,Residential - Multi Storey Apartment
Budigere Road,Oct-Dec 2021,"4,300-17,500","6,400",3%,,Bangalore,Residential - Multi Storey Apartment
Budigere Road,Jul-Sep 2021,"4,150-17,000","6,200",3.50%,,Bangalore,Residential - Multi Storey Apartment
Budigere Road,Apr-Jun 2021,"4,000-16,800","6,150",2.80%,,Bangalore,Residential - Multi Storey Apartment
Budigere Road,Jan-Mar 2021,"3,900-16,500","5,850",3.10%,,Bangalore,Residential - Multi Storey Apartment
Budigere Road,Oct-Dec 2020,"3,750-16,000","5,900",3.20%,,Bangalore,Residential - Multi Storey Apartment
Budigere Road,Jul-Sep 2020,"3,600-15,500","5,780",3.50%,,Bangalore,Residential - Multi Storey Apartment
Budigere Road,Apr-Jun 2020,"3,450-15,000","5,750",3.10%,,Bangalore,Residential - Multi Storey Apartment
Budigere Road,Jan-Mar 2020,"3,300-14,500","5,750",2.80%,,Bangalore,Residential - Multi Storey Apartment
Budigere Road,Oct-Dec 2019,"3,200-14,000","5,600",3%,,Bangalore,Residential - Multi Storey Apartment
Budigere Road,Jul-Sep 2019,"3,100-13,700","5,650",3.10%,,Bangalore,Residential - Multi Storey Apartment
Budigere Road,Apr-Jun 2019,"3,000-13,500","5,500",3.50%,,Bangalore,Residential - Multi Storey Apartment
Budigere Road,Jan-Mar 2019,"2,900-13,200","5,600",3%,,Bangalore,Residential - Multi Storey Apartment
Budigere Road,Oct-Dec 2018,"2,800-13,000","5,200",2.80%,,Bangalore,Residential - Multi Storey Apartment
Budigere Road,Jul-Sep 2018,"2,750-12,800","5,200",2.50%,,Bangalore,Residential - Multi Storey Apartment
Channasandra Main road,Jul-Sep 2024,"6,370-10,957","9,000",1%,,Bangalore,Residential - Multi Storey Apartment
Channasandra Main road,Apr-Jun 2024,"6,407-11,083","9,200",4%,,Bangalore,Residential - Multi Storey Apartment
Channasandra Main road,Jan-Mar 2024,"6,542-11,770","9,156",11%,,Bangalore,Residential - Multi Storey Apartment
Channasandra Main road,Oct-Dec 2023,"5,818-10,743","8,280",2.50%,,Bangalore,Residential - Multi Storey Apartment
Channasandra Main road,Jul-Sep 2023,"5,675-10,486","8,270",3.00%,,Bangalore,Residential - Multi Storey Apartment
Channasandra Main road,Apr-Jun 2023,"5,800-10,545","8,250",2.00%,,Bangalore,Residential - Multi Storey Apartment
Channasandra Main road,Jan-Mar 2023,"5,925-10,858","8,391",3.00%,,Bangalore,Residential - Multi Storey Apartment
Channasandra Main road,Oct-Dec 2022,"5,800-10,550","8,175",4.00%,,Bangalore,Residential - Multi Storey Apartment
Channasandra Main road,Jul-Sep 2022,"5,680-10,400","8,120",5.00%,,Bangalore,Residential - Multi Storey Apartment
Channasandra Main road,Apr-Jun 2022,"5,500-10,250","7,875",3.00%,,Bangalore,Residential - Multi Storey Apartment
Channasandra Main road,Jan-Mar 2022,"5,420-10,100","7,760",2.00%,,Bangalore,Residential - Multi Storey Apartment
Channasandra Main road,Oct-Dec 2021,"5,300-9,950","7,625",2.00%,,Bangalore,Residential - Multi Storey Apartment
Channasandra Main road,Jul-Sep 2021,"5,180-9,800","7,490",3.00%,,Bangalore,Residential - Multi Storey Apartment
Channasandra Main road,Apr-Jun 2021,"5,130-9,700","7,390",1.00%,,Bangalore,Residential - Multi Storey Apartment
Channasandra Main road,Jan-Mar 2021,"5,100-9,500","7,320",2.00%,,Bangalore,Residential - Multi Storey Apartment
Channasandra Main road,Oct-Dec 2020,"4,950-9,300","7,125",3.00%,,Bangalore,Residential - Multi Storey Apartment
Channasandra Main road,Jul-Sep 2020,"4,850-9,150","7,000",2.00%,,Bangalore,Residential - Multi Storey Apartment
Channasandra Main road,Apr-Jun 2020,"4,800-9,050","6,930",3.00%,,Bangalore,Residential - Multi Storey Apartment
Channasandra Main road,Jan-Mar 2020,"4,750-8,950","6,820",2.00%,,Bangalore,Residential - Multi Storey Apartment
Channasandra Main road,Oct-Dec 2019,"4,600-8,800","6,700",3.00%,,Bangalore,Residential - Multi Storey Apartment
Channasandra Main road,Jul-Sep 2019,"4,500-8,650","6,575",2.00%,,Bangalore,Residential - Multi Storey Apartment
Channasandra Main road,Apr-Jun 2019,"4,400-8,500","6,450",2.00%,,Bangalore,Residential - Multi Storey Apartment
Channasandra Main road,Jan-Mar 2019,"4,300-8,350","6,325",3.00%,,Bangalore,Residential - Multi Storey Apartment
Channasandra Main road,Oct-Dec 2018,"4,200-8,150","6,210",3.00%,,Bangalore,Residential - Multi Storey Apartment
Channasandra Main road,Jul-Sep 2018,"4,100-8,000","6,095",2.00%,,Bangalore,Residential - Multi Storey Apartment
Chellikere,Jul-Sep 2024,"7,474-11,988","9,731",2.50%,,Bangalore,Residential - Multi Storey Apartment
Chellikere,Apr-Jun 2024,"5,200-5,800","8,800",3%,,Bangalore,Residential - Multi Storey Apartment
Chellikere,Jan-Mar 2024,"5,000-5,500","8,600",5%,,Bangalore,Residential - Multi Storey Apartment
Chellikere,Oct-Dec 2023,"6,430-10,589","8,510",11%,,Bangalore,Residential - Multi Storey Apartment
Chellikere,Jul-Sep 2023,"5,926-9,425","7,676",17%,,Bangalore,Residential - Multi Storey Apartment
Chellikere,Apr-Jun 2023,"4,773-8,302","6,537",3.50%,,Bangalore,Residential - Multi Storey Apartment
Chellikere,Jan-Mar 2023,"4,720-8,120","6,420",4%,,Bangalore,Residential - Multi Storey Apartment
Chellikere,Oct-Dec 2022,"4,650-7,980","6,300",5%,,Bangalore,Residential - Multi Storey Apartment
Chellikere,Jul-Sep 2022,"4,590-7,900","6,250",4%,,Bangalore,Residential - Multi Storey Apartment
Chellikere,Apr-Jun 2022,"4,500-7,750","6,100",4%,,Bangalore,Residential - Multi Storey Apartment
Chellikere,Jan-Mar 2022,"4,450-7,600","6,025",4%,,Bangalore,Residential - Multi Storey Apartment
Chellikere,Oct-Dec 2021,"4,400-7,500","5,950",5%,,Bangalore,Residential - Multi Storey Apartment
Chellikere,Jul-Sep 2021,"4,350-7,350","5,950",4%,,Bangalore,Residential - Multi Storey Apartment
Chellikere,Apr-Jun 2021,"4,300-7,200","5,750",4%,,Bangalore,Residential - Multi Storey Apartment
Chellikere,Jan-Mar 2021,"4,250-7,100","5,675",4%,,Bangalore,Residential - Multi Storey Apartment
Chellikere,Oct-Dec 2020,"4,150-6,900","5,500",5%,,Bangalore,Residential - Multi Storey Apartment
Chellikere,Jul-Sep 2020,"4,100-6,800","5,450",4%,,Bangalore,Residential - Multi Storey Apartment
Chellikere,Apr-Jun 2020,"4,050-6,750","5,400",4%,,Bangalore,Residential - Multi Storey Apartment
Chellikere,Jan-Mar 2020,"4,000-6,650","5,300",4%,,Bangalore,Residential - Multi Storey Apartment
Chellikere,Oct-Dec 2019,"3,950-6,500","5,200",5%,,Bangalore,Residential - Multi Storey Apartment
Chellikere,Jul-Sep 2019,"3,900-6,450","5,100",4%,,Bangalore,Residential - Multi Storey Apartment
Chellikere,Apr-Jun 2019,"3,850-6,400","5,050",4%,,Bangalore,Residential - Multi Storey Apartment
Chellikere,Jan-Mar 2019,"3,800-6,350","4,975",4%,,Bangalore,Residential - Multi Storey Apartment
Chellikere,Oct-Dec 2018,"3,750-6,300","4,900",5%,,Bangalore,Residential - Multi Storey Apartment
Chellikere,Jul-Sep 2018,"3,700-6,250","4,850",4%,,Bangalore,Residential - Multi Storey Apartment
Huskur Road,Jul-Sep 2024,"4,733-8,322","6,528",5%,,Bangalore,Residential - Multi Storey Apartment
Huskur Road,Apr-Jun 2024,"4,472-7,926","6,300",3%,,Bangalore,Residential - Multi Storey Apartment
Huskur Road,Jan-Mar 2024,"4,385-7,662","6,250",7%,,Bangalore,Residential - Multi Storey Apartment
Huskur Road,Oct-Dec 2023,"4,082-7,207","5,900",5%,,Bangalore,Residential - Multi Storey Apartment
Huskur Road,Jul-Sep 2023,"4,236-7,500","5,868",6%,,Bangalore,Residential - Multi Storey Apartment
Huskur Road,Apr-Jun 2023,"4,150-7,350","5,750",4%,,Bangalore,Residential - Multi Storey Apartment
Huskur Road,Jan-Mar 2023,"4,100-7,200","5,650",4%,,Bangalore,Residential - Multi Storey Apartment
Huskur Road,Oct-Dec 2022,"4,020-7,100","5,560",5%,,Bangalore,Residential - Multi Storey Apartment
Huskur Road,Jul-Sep 2022,"3,980-7,050","5,480",3%,,Bangalore,Residential - Multi Storey Apartment
Huskur Road,Apr-Jun 2022,"3,920-7,000","5,460",4%,,Bangalore,Residential - Multi Storey Apartment
Huskur Road,Jan-Mar 2022,"3,890-6,950","5,430",4%,,Bangalore,Residential - Multi Storey Apartment
Huskur Road,Oct-Dec 2021,"3,850-6,900","5,375",5%,,Bangalore,Residential - Multi Storey Apartment
Huskur Road,Jul-Sep 2021,"3,800-6,850","5,300",4%,,Bangalore,Residential - Multi Storey Apartment
Huskur Road,Apr-Jun 2021,"3,750-6,800","5,225",3%,,Bangalore,Residential - Multi Storey Apartment
Huskur Road,Jan-Mar 2021,"3,700-6,750","5,200",4%,,Bangalore,Residential - Multi Storey Apartment
Huskur Road,Oct-Dec 2020,"3,650-6,700","5,150",5%,,Bangalore,Residential - Multi Storey Apartment
Huskur Road,Jul-Sep 2020,"3,600-6,650","5,125",4%,,Bangalore,Residential - Multi Storey Apartment
Huskur Road,Apr-Jun 2020,"3,550-6,600","5,100",4%,,Bangalore,Residential - Multi Storey Apartment
Huskur Road,Jan-Mar 2020,"3,500-6,550","5,075",4%,,Bangalore,Residential - Multi Storey Apartment
Huskur Road,Oct-Dec 2019,"3,450-6,500","5,050",5%,,Bangalore,Residential - Multi Storey Apartment
Huskur Road,Jul-Sep 2019,"3,400-6,450","5,000",4%,,Bangalore,Residential - Multi Storey Apartment
Huskur Road,Apr-Jun 2019,"3,350-6,400","4,950",4%,,Bangalore,Residential - Multi Storey Apartment
Huskur Road,Jan-Mar 2019,"3,300-6,350","4,900",4%,,Bangalore,Residential - Multi Storey Apartment
Huskur Road,Oct-Dec 2018,"3,250-6,300","4,850",5%,,Bangalore,Residential - Multi Storey Apartment
Huskur Road,Jul-Sep 2018,"3,200-6,250","4,800",4%,,Bangalore,Residential - Multi Storey Apartment
Jakkur Road,Jul-Sep 2024,"5,949-9,163","7,556",6%,,Bangalore,Residential - Multi Storey Apartment
Jakkur Road,Apr-Jun 2024,"5,456-8,800","7,500",5%,,Bangalore,Residential - Multi Storey Apartment
Jakkur Road,Jan-Mar 2024,"5,743-9,285","7,514",1%,,Bangalore,Residential - Multi Storey Apartment
Jakkur Road,Oct-Dec 2023,"5,773-9,100","7,436",2%,,Bangalore,Residential - Multi Storey Apartment
Jakkur Road,Jul-Sep 2023,"6,092-9,058","7,575",5%,,Bangalore,Residential - Multi Storey Apartment
Jakkur Road,Apr-Jun 2023,"5,549-8,849","7,199",5%,,Bangalore,Residential - Multi Storey Apartment
Jakkur Road,Jan-Mar 2023,"5,036-8,675","6,856",4%,,Bangalore,Residential - Multi Storey Apartment
Jakkur Road,Oct-Dec 2022,"4,900-8,450","6,675",4%,,Bangalore,Residential - Multi Storey Apartment
Jakkur Road,Jul-Sep 2022,"4,850-8,400","6,625",4%,,Bangalore,Residential - Multi Storey Apartment
Jakkur Road,Apr-Jun 2022,"4,800-8,350","6,600",3%,,Bangalore,Residential - Multi Storey Apartment
Jakkur Road,Jan-Mar 2022,"4,750-8,300","6,575",4%,,Bangalore,Residential - Multi Storey Apartment
Jakkur Road,Oct-Dec 2021,"4,700-8,250","6,550",5%,,Bangalore,Residential - Multi Storey Apartment
Jakkur Road,Jul-Sep 2021,"4,650-8,200","6,525",4%,,Bangalore,Residential - Multi Storey Apartment
Jakkur Road,Apr-Jun 2021,"4,600-8,150","6,500",3%,,Bangalore,Residential - Multi Storey Apartment
Jakkur Road,Jan-Mar 2021,"4,550-8,100","6,475",4%,,Bangalore,Residential - Multi Storey Apartment
Jakkur Road,Oct-Dec 2020,"4,500-8,050","6,450",5%,,Bangalore,Residential - Multi Storey Apartment
Jakkur Road,Jul-Sep 2020,"4,450-8,000","6,425",4%,,Bangalore,Residential - Multi Storey Apartment
Jakkur Road,Apr-Jun 2020,"4,400-7,950","6,400",4%,,Bangalore,Residential - Multi Storey Apartment
Jakkur Road,Jan-Mar 2020,"4,350-7,900","6,375",4%,,Bangalore,Residential - Multi Storey Apartment
Jakkur Road,Oct-Dec 2019,"4,300-7,850","6,400",5%,,Bangalore,Residential - Multi Storey Apartment
Jakkur Road,Jul-Sep 2019,"4,250-7,800","6,600",4%,,Bangalore,Residential - Multi Storey Apartment
Jakkur Road,Apr-Jun 2019,"4,200-7,750","6,500",4%,,Bangalore,Residential - Multi Storey Apartment
Jakkur Road,Jan-Mar 2019,"4,150-7,700","6,400",4%,,Bangalore,Residential - Multi Storey Apartment
Jakkur Road,Oct-Dec 2018,"4,100-7,650","6,300",5%,,Bangalore,Residential - Multi Storey Apartment
Jakkur Road,Jul-Sep 2018,"4,050-7,600","6,225",4%,,Bangalore,Residential - Multi Storey Apartment
Hutchins Road,Jul-Sep 2024,"8,906-15,507","12,206",2%,,Bangalore,Residential - Multi Storey Apartment
Hutchins Road,Apr-Jun 2024,"8,818-15,049","11,933",9%,,Bangalore,Residential - Multi Storey Apartment
Hutchins Road,Jan-Mar 2024,"8,049-13,945","10,997",4%,,Bangalore,Residential - Multi Storey Apartment
Hutchins Road,Oct-Dec 2023,"7,509-13,590","10,550",2%,,Bangalore,Residential - Multi Storey Apartment
Hutchins Road,Jul-Sep 2023,"7,792-12,815","10,303",1%,,Bangalore,Residential - Multi Storey Apartment
Hutchins Road,Apr-Jun 2023,"7,789-12,686","10,237",2%,,Bangalore,Residential - Multi Storey Apartment
Hutchins Road,Jan-Mar 2023,"7,712-13,029","10,370",3%,,Bangalore,Residential - Multi Storey Apartment
Hutchins Road,Oct-Dec 2022,"7,689-12,561","10,125",4%,,Bangalore,Residential - Multi Storey Apartment
Hutchins Road,Jul-Sep 2022,"7,670-12,543","10,000",4%,,Bangalore,Residential - Multi Storey Apartment
Hutchins Road,Apr-Jun 2022,"7,650-12,520","9,875",3%,,Bangalore,Residential - Multi Storey Apartment
Hutchins Road,Jan-Mar 2022,"7,630-12,500","9,850",3%,,Bangalore,Residential - Multi Storey Apartment
Hutchins Road,Oct-Dec 2021,"7,610-12,480","9,825",4%,,Bangalore,Residential - Multi Storey Apartment
Hutchins Road,Jul-Sep 2021,"7,590-12,460","9,800",3%,,Bangalore,Residential - Multi Storey Apartment
Hutchins Road,Apr-Jun 2021,"7,570-12,440","9,775",3%,,Bangalore,Residential - Multi Storey Apartment
Hutchins Road,Jan-Mar 2021,"7,550-12,420","9,750",3%,,Bangalore,Residential - Multi Storey Apartment
Hutchins Road,Oct-Dec 2020,"7,530-12,400","9,725",3%,,Bangalore,Residential - Multi Storey Apartment
Hutchins Road,Jul-Sep 2020,"7,510-12,380","9,700",3%,,Bangalore,Residential - Multi Storey Apartment
Hutchins Road,Apr-Jun 2020,"7,490-12,360","9,675",3%,,Bangalore,Residential - Multi Storey Apartment
Hutchins Road,Jan-Mar 2020,"7,470-12,340","9,650",3%,,Bangalore,Residential - Multi Storey Apartment
Hutchins Road,Oct-Dec 2019,"7,450-12,320","9,625",3%,,Bangalore,Residential - Multi Storey Apartment
Hutchins Road,Jul-Sep 2019,"7,430-12,300","9,600",3%,,Bangalore,Residential - Multi Storey Apartment
Hutchins Road,Apr-Jun 2019,"7,410-12,280","9,575",3%,,Bangalore,Residential - Multi Storey Apartment
Hutchins Road,Jan-Mar 2019,"7,390-12,260","9,550",4%,,Bangalore,Residential - Multi Storey Apartment
Hutchins Road,Oct-Dec 2018,"7,370-12,240","9,525",3%,,Bangalore,Residential - Multi Storey Apartment
Hutchins Road,Jul-Sep 2018,"7,350-12,220","9,500",3%,,Bangalore,Residential - Multi Storey Apartment
Chunchgatta Main Road,Jul-Sep 2024,"6,202-10,774","8,800",2%,,Bangalore,Residential - Multi Storey Apartment
Chunchgatta Main Road,Apr-Jun 2024,"6,207-11,178","8,693",8%,,Bangalore,Residential - Multi Storey Apartment
Chunchgatta Main Road,Oct-Dec 2023,"6,834-10,799","8,817",2%,,Bangalore,Residential - Multi Storey Apartment
Chunchgatta Main Road,Jul-Sep 2023,"6,759-10,714","8,738",1%,,Bangalore,Residential - Multi Storey Apartment
Chunchgatta Main Road,Apr-Jun 2023,"6,547-10,600","8,573",3%,,Bangalore,Residential - Multi Storey Apartment
Chunchgatta Main Road,Jan-Mar 2023,"6,325-10,398","8,451",4%,,Bangalore,Residential - Multi Storey Apartment
Chunchgatta Main Road,Oct-Dec 2022,"6,151-10,285","8,302",3%,,Bangalore,Residential - Multi Storey Apartment
Chunchgatta Main Road,Jul-Sep 2022,"6,003-10,179","8,140",3%,,Bangalore,Residential - Multi Storey Apartment
Chunchgatta Main Road,Apr-Jun 2022,"5,876-10,078","8,006",2%,,Bangalore,Residential - Multi Storey Apartment
Chunchgatta Main Road,Jan-Mar 2022,"5,762-9,972","7,890",2%,,Bangalore,Residential - Multi Storey Apartment
Chunchgatta Main Road,Oct-Dec 2021,"5,612-9,865","7,759",3%,,Bangalore,Residential - Multi Storey Apartment
Chunchgatta Main Road,Jul-Sep 2021,"5,507-9,751","7,632",3%,,Bangalore,Residential - Multi Storey Apartment
Chunchgatta Main Road,Apr-Jun 2021,"5,402-9,635","7,505",3%,,Bangalore,Residential - Multi Storey Apartment
Chunchgatta Main Road,Jan-Mar 2021,"5,298-9,519","7,377",3%,,Bangalore,Residential - Multi Storey Apartment
Chunchgatta Main Road,Oct-Dec 2020,"5,192-9,404","7,251",3%,,Bangalore,Residential - Multi Storey Apartment
Chunchgatta Main Road,Jul-Sep 2020,"5,084-9,300","7,127",3%,,Bangalore,Residential - Multi Storey Apartment
Chunchgatta Main Road,Apr-Jun 2020,"4,976-9,196","6,996",3%,,Bangalore,Residential - Multi Storey Apartment
Chunchgatta Main Road,Jan-Mar 2020,"4,869-9,090","6,860",4%,,Bangalore,Residential - Multi Storey Apartment
Chunchgatta Main Road,Oct-Dec 2019,"4,764-8,984","6,724",3%,,Bangalore,Residential - Multi Storey Apartment
Chunchgatta Main Road,Jul-Sep 2019,"4,660-8,880","6,600",3%,,Bangalore,Residential - Multi Storey Apartment
Chunchgatta Main Road,Apr-Jun 2019,"4,556-8,776","6,475",4%,,Bangalore,Residential - Multi Storey Apartment
Chunchgatta Main Road,Jan-Mar 2019,"4,453-8,672","6,350",4%,,Bangalore,Residential - Multi Storey Apartment
Chunchgatta Main Road,Oct-Dec 2018,"4,351-8,570","6,225",3%,,Bangalore,Residential - Multi Storey Apartment
Chunchgatta Main Road,Jul-Sep 2018,"4,249-8,468","6,100",4%,,Bangalore,Residential - Multi Storey Apartment
Talaghattapura,Jul-Sep 2024,"5,782-9,910","10,250",22%,,Bangalore,Residential - Multi Storey Apartment
Talaghattapura,Apr-Jun 2024,"7,411-12,775","10,093",19%,,Bangalore,Residential - Multi Storey Apartment
Talaghattapura,Jan-Mar 2024,"6,018-10,917","8,467",29%,,Bangalore,Residential - Multi Storey Apartment
Talaghattapura,Oct-Dec 2023,"4,744-8,432","7,200",4%,,Bangalore,Residential - Multi Storey Apartment
Talaghattapura,Jul-Sep 2023,"4,770-7,895","7,000",3%,,Bangalore,Residential - Multi Storey Apartment
Talaghattapura,Apr-Jun 2023,"4,724-8,312","6,518",7%,,Bangalore,Residential - Multi Storey Apartment
Talaghattapura,Jan-Mar 2023,"4,826-9,221","6,600",6%,,Bangalore,Residential - Multi Storey Apartment
Talaghattapura,Oct-Dec 2022,"4,982-8,291","6,637",26%,,Bangalore,Residential - Multi Storey Apartment
Talaghattapura,Jul-Sep 2022,"4,140-6,402","5,650",6%,,Bangalore,Residential - Multi Storey Apartment
Talaghattapura,Apr-Jun 2022,"4,391-6,858","5,625",5%,,Bangalore,Residential - Multi Storey Apartment
Talaghattapura,Jan-Mar 2022,"4,291-6,448","5,369",3%,,Bangalore,Residential - Multi Storey Apartment
Talaghattapura,Oct-Dec 2021,"4,426-6,321","5,373",15%,,Bangalore,Residential - Multi Storey Apartment
Talaghattapura,Jul-Sep 2021,"4,369-8,221","5,200",25%,,Bangalore,Residential - Multi Storey Apartment
Talaghattapura,Apr-Jun 2021,"4,213-5,860","5,036",2%,,Bangalore,Residential - Multi Storey Apartment
Talaghattapura,Jan-Mar 2021,"3,775-6,455","5,115",1.50%,,Bangalore,Residential - Multi Storey Apartment
Talaghattapura,Oct-Dec 2020,"5,000-12,000","5,200",3%,,Bangalore,Residential - Multi Storey Apartment
Talaghattapura,Jul-Sep 2020,"4,204-6,242","5,223",0.40%,,Bangalore,Residential - Multi Storey Apartment
Talaghattapura,Apr-Jun 2020,"4,177-6,310","5,244",3%,,Bangalore,Residential - Multi Storey Apartment
Talaghattapura,Jan-Mar 2020,"4,076-6,128","5,102",20%,,Bangalore,Residential - Multi Storey Apartment
Talaghattapura,Oct-Dec 2019,"4,559-8,211","5,050",27%,,Bangalore,Residential - Multi Storey Apartment
Talaghattapura,Jul-Sep 2019,"3,980-6,076","5,028",1.50%,,Bangalore,Residential - Multi Storey Apartment
Talaghattapura,Apr-Jun 2019,"6,800-8,000","5,000",3%,,Bangalore,Residential - Multi Storey Apartment
Choodasandra,Jul-Sep 2024,"6,209-10,590","8,399",8%,,Bangalore,Residential - Multi Storey Apartment
Choodasandra,Apr-Jun 2024,"6,023-9,572","7,798",1%,,Bangalore,Residential - Multi Storey Apartment
Choodasandra,Jan-Mar 2024,"6,038-9,397","7,717",7%,,Bangalore,Residential - Multi Storey Apartment
Choodasandra,Oct-Dec 2023,"5,822-8,652","7,237",4%,,Bangalore,Residential - Multi Storey Apartment
Choodasandra,Jul-Sep 2023,"5,706-8,220","6,963",2%,,Bangalore,Residential - Multi Storey Apartment
Choodasandra,Apr-Jun 2023,"5,507-8,084","6,796",2%,,Bangalore,Residential - Multi Storey Apartment
Choodasandra,Jan-Mar 2023,"5,714-8,193","6,953",0.20%,,Bangalore,Residential - Multi Storey Apartment
Choodasandra,Oct-Dec 2022,"5,471-8,402","6,800",9%,,Bangalore,Residential - Multi Storey Apartment
Choodasandra,Jul-Sep 2022,"5,100-6,000","5,900",4%,,Bangalore,Residential - Multi Storey Apartment
Choodasandra,Apr-Jun 2022,"4,900-5,800","5,950",3%,,Bangalore,Residential - Multi Storey Apartment
Choodasandra,Jan-Mar 2022,"4,750-5,600","5,600",2%,,Bangalore,Residential - Multi Storey Apartment
Choodasandra,Oct-Dec 2021,"4,650-5,500","4,800",2%,,Bangalore,Residential - Multi Storey Apartment
Choodasandra,Jul-Sep 2021,"4,600-5,400","4,750",3%,,Bangalore,Residential - Multi Storey Apartment
Choodasandra,Jan-Mar 2021,"4,500-5,300","4,850",4%,,Bangalore,Residential - Multi Storey Apartment
Choodasandra,Oct-Dec 2019,"3,800-4,200","4,950",1%,,Bangalore,Residential - Multi Storey Apartment
Choodasandra,Oct-Dec 2018,"3,700-4,000","4,900",2%,,Bangalore,Residential - Multi Storey Apartment
Choodasandra,Jul-Sep 2018,"3,650-3,900","4,800",0.30%,,Bangalore,Residential - Multi Storey Apartment
Rashtriya Vidyalaya Road,Jul-Sep 2024,"8,728-15,146","11,937",2%,,Bangalore,Residential - Multi Storey Apartment
Rashtriya Vidyalaya Road,Apr-Jun 2024,"8,437-14,865","11,651",4%,,Bangalore,Residential - Multi Storey Apartment
Rashtriya Vidyalaya Road,Jan-Mar 2024,"8,201-14,291","11,246",4%,,Bangalore,Residential - Multi Storey Apartment
Rashtriya Vidyalaya Road,Oct-Dec 2023,"8,719-14,737","11,728",4%,,Bangalore,Residential - Multi Storey Apartment
Rashtriya Vidyalaya Road,Apr-Jun 2023,"9,021-14,654","11,837",0.50%,,Bangalore,Residential - Multi Storey Apartment
Rashtriya Vidyalaya Road,Jan-Mar 2023,"8,972-14,594","11,783",0.04%,,Bangalore,Residential - Multi Storey Apartment
Rashtriya Vidyalaya Road,Oct-Dec 2022,"8,899-14,440","11,690",2.00%,,Bangalore,Residential - Multi Storey Apartment
Rashtriya Vidyalaya Road,Jul-Sep 2022,"8,760-14,272","11,516",3.00%,,Bangalore,Residential - Multi Storey Apartment
Rashtriya Vidyalaya Road,Apr-Jun 2022,"8,650-14,143","11,397",1.50%,,Bangalore,Residential - Multi Storey Apartment
Rashtriya Vidyalaya Road,Jan-Mar 2022,"8,530-14,033","11,275",2.00%,,Bangalore,Residential - Multi Storey Apartment
Rashtriya Vidyalaya Road,Oct-Dec 2021,"8,400-13,825","11,112",2.00%,,Bangalore,Residential - Multi Storey Apartment
Rashtriya Vidyalaya Road,Jul-Sep 2021,"8,270-13,600","10,986",1.50%,,Bangalore,Residential - Multi Storey Apartment
Rashtriya Vidyalaya Road,Apr-Jun 2021,"8,115-13,450","10,775",2.00%,,Bangalore,Residential - Multi Storey Apartment
Rashtriya Vidyalaya Road,Jan-Mar 2021,"7,988-13,350","10,589",2.50%,,Bangalore,Residential - Multi Storey Apartment
Rashtriya Vidyalaya Road,Oct-Dec 2020,"7,860-13,210","10,487",1.50%,,Bangalore,Residential - Multi Storey Apartment
Rashtriya Vidyalaya Road,Jul-Sep 2020,"7,735-13,070","10,332",1.00%,,Bangalore,Residential - Multi Storey Apartment
Rashtriya Vidyalaya Road,Apr-Jun 2020,"7,615-12,930","10,218",2.00%,,Bangalore,Residential - Multi Storey Apartment
Rashtriya Vidyalaya Road,Jan-Mar 2020,"7,490-12,800","10,112",1.50%,,Bangalore,Residential - Multi Storey Apartment
Rashtriya Vidyalaya Road,Oct-Dec 2019,"7,370-12,680","9,978",2.00%,,Bangalore,Residential - Multi Storey Apartment
Rashtriya Vidyalaya Road,Jul-Sep 2019,"7,245-12,400","9,854",3.00%,,Bangalore,Residential - Multi Storey Apartment
Rashtriya Vidyalaya Road,Apr-Jun 2019,"7,120-12,225","9,744",2.50%,,Bangalore,Residential - Multi Storey Apartment
Rashtriya Vidyalaya Road,Jan-Mar 2019,"6,980-12,020","9,622",3.00%,,Bangalore,Residential - Multi Storey Apartment
Rashtriya Vidyalaya Road,Oct-Dec 2018,"6,850-11,850","9,488",2.50%,,Bangalore,Residential - Multi Storey Apartment
Rashtriya Vidyalaya Road,Jul-Sep 2018,"6,720-11,580","9,375",3.00%,,Bangalore,Residential - Multi Storey Apartment
Immadihalli,Jul-Sep 2024,"9,779-15,712","12,745",15.30%,,Bangalore,Residential - Multi Storey Apartment
Immadihalli,Apr-Jun 2024,"9,450-14,700","12,230",8%,,Bangalore,Residential - Multi Storey Apartment
Immadihalli,Jan-Mar 2024,"9,100-14,300","11,790",7%,,Bangalore,Residential - Multi Storey Apartment
Immadihalli,Oct-Dec 2023,"8,800-14,000","11,400",5%,,Bangalore,Residential - Multi Storey Apartment
Immadihalli,Jul-Sep 2023,"8,500-13,800","11,200",5%,,Bangalore,Residential - Multi Storey Apartment
Immadihalli,Apr-Jun 2023,"8,300-13,500","11,050",4.00%,,Bangalore,Residential - Multi Storey Apartment
Immadihalli,Jan-Mar 2023,"8,000-13,000","10,850",4%,,Bangalore,Residential - Multi Storey Apartment
Immadihalli,Oct-Dec 2022,"7,700-12,800","10,500",3%,,Bangalore,Residential - Multi Storey Apartment
Immadihalli,Jul-Sep 2022,"4,266-5,454","8,000",32%,,Bangalore,Residential - Multi Storey Apartment
Immadihalli,Apr-Jun 2022,"5,404-8,917","7,160",16%,,Bangalore,Residential - Multi Storey Apartment
Immadihalli,Jan-Mar 2022,"4,275-8,091","6,283",5%,,Bangalore,Residential - Multi Storey Apartment
Immadihalli,Oct-Dec 2021,"4,225-7,585","6,200",6%,,Bangalore,Residential - Multi Storey Apartment
Immadihalli,Jul-Sep 2021,"4,630-7,990","6,310",0%,,Bangalore,Residential - Multi Storey Apartment
Immadihalli,Oct-Dec 2019,"3,793-6,577","5,185",6%,,Bangalore,Residential - Multi Storey Apartment
Immadihalli,Jul-Sep 2019,"3,690-6,132","5,100",3%,,Bangalore,Residential - Multi Storey Apartment
Immadihalli,Apr-Jun 2019,"3,669-5,835","5,000",8%,,Bangalore,Residential - Multi Storey Apartment
Immadihalli,Oct-Dec 2018,"3,799-6,350","5,074",3%,,Bangalore,Residential - Multi Storey Apartment
Immadihalli,Jul-Sep 2018,"3,890-6,555","5,223",8%,,Bangalore,Residential - Multi Storey Apartment
Chokkanahalli,Jul-Sep 2024,"7,083-11,982","9,533",3%,,Bangalore,Residential - Multi Storey Apartment
Chokkanahalli,Apr-Jun 2024,"7,267-11,224","9,246",1%,,Bangalore,Residential - Multi Storey Apartment
Chokkanahalli,Jan-Mar 2024,"7,361-10,918","9,139",0.01%,,Bangalore,Residential - Multi Storey Apartment
Chokkanahalli,Oct-Dec 2023,"7,458-11,550","9,200",2%,,Bangalore,Residential - Multi Storey Apartment
Chokkanahalli,Jul-Sep 2023,"7,323-11,370","9,347",2%,,Bangalore,Residential - Multi Storey Apartment
Chokkanahalli,Apr-Jun 2023,"7,185-11,210","9,198",2%,,Bangalore,Residential - Multi Storey Apartment
Chokkanahalli,Jan-Mar 2023,"7,123-11,090","9,106",1%,,Bangalore,Residential - Multi Storey Apartment
Chokkanahalli,Oct-Dec 2022,"7,047-10,898","9,230",3%,,Bangalore,Residential - Multi Storey Apartment
Chokkanahalli,Jul-Sep 2022,"6,955-10,800","9,134",3%,,Bangalore,Residential - Multi Storey Apartment
Chokkanahalli,Apr-Jun 2022,"6,847-10,580","9,110",3%,,Bangalore,Residential - Multi Storey Apartment
Chokkanahalli,Jan-Mar 2022,"6,730-10,456","9,035",2%,,Bangalore,Residential - Multi Storey Apartment
Chokkanahalli,Oct-Dec 2021,"6,600-10,123","8,950",2%,,Bangalore,Residential - Multi Storey Apartment
Chokkanahalli,Jul-Sep 2021,"6,500-10,000","8,800",3%,,Bangalore,Residential - Multi Storey Apartment
Chokkanahalli,Apr-Jun 2021,"6,400-9,800","8,600",2%,,Bangalore,Residential - Multi Storey Apartment
Chokkanahalli,Jan-Mar 2021,"6,200-9,600","8,400",2%,,Bangalore,Residential - Multi Storey Apartment
Chokkanahalli,Oct-Dec 2020,"6,100-9,400","8,250",2%,,Bangalore,Residential - Multi Storey Apartment
Chokkanahalli,Jul-Sep 2020,"6,000-9,200","8,100",2%,,Bangalore,Residential - Multi Storey Apartment
Chokkanahalli,Apr-Jun 2020,"5,900-9,000","7,850",2%,,Bangalore,Residential - Multi Storey Apartment
Chokkanahalli,Jan-Mar 2020,"5,800-8,800","7,700",2%,,Bangalore,Residential - Multi Storey Apartment
Chokkanahalli,Oct-Dec 2019,"5,700-8,600","7,550",1%,,Bangalore,Residential - Multi Storey Apartment
Chokkanahalli,Jul-Sep 2019,"5,600-8,500","7,400",2%,,Bangalore,Residential - Multi Storey Apartment
Chokkanahalli,Apr-Jun 2019,"5,500-8,400","7,250",2%,,Bangalore,Residential - Multi Storey Apartment
Chokkanahalli,Jan-Mar 2019,"5,400-8,200","7,100",2%,,Bangalore,Residential - Multi Storey Apartment
Chokkanahalli,Oct-Dec 2018,"5,300-8,100","6,950",2%,,Bangalore,Residential - Multi Storey Apartment
Chokkanahalli,Oct-Dec 2018,"5,300-8,100","6,950",2%,,Bangalore,Residential - Multi Storey Apartment
Thalaghattapura Main Road,Jul-Sep 2024,"6,616-11,462","9,085",9%,,Bangalore,Residential - Multi Storey Apartment
Thalaghattapura Main Road,Apr-Jun 2024,"7,288-12,502","9,895",17%,,Bangalore,Residential - Multi Storey Apartment
Thalaghattapura Main Road,Jan-Mar 2024,"6,158-10,812","8,485",8%,,Bangalore,Residential - Multi Storey Apartment
Thalaghattapura Main Road,Oct-Dec 2023,"5,446-10,277","7,862",7.70%,,Bangalore,Residential - Multi Storey Apartment
Thalaghattapura Main Road,Jul-Sep 2023,"5,347-9,890","7,618",5.00%,,Bangalore,Residential - Multi Storey Apartment
Thalaghattapura Main Road,Apr-Jun 2023,"5,258-9,540","7,399",6.00%,,Bangalore,Residential - Multi Storey Apartment
Thalaghattapura Main Road,Jan-Mar 2023,"5,085-9,230","7,133",4.00%,,Bangalore,Residential - Multi Storey Apartment
Thalaghattapura Main Road,Oct-Dec 2022,"4,956-8,900","7,070",3.00%,,Bangalore,Residential - Multi Storey Apartment
Thalaghattapura Main Road,Jul-Sep 2022,"4,845-8,650","7,000",2.50%,,Bangalore,Residential - Multi Storey Apartment
Thalaghattapura Main Road,Apr-Jun 2022,"4,732-8,470","6,850",2.00%,,Bangalore,Residential - Multi Storey Apartment
Thalaghattapura Main Road,Jan-Mar 2022,"4,616-8,200","6,733",1.50%,,Bangalore,Residential - Multi Storey Apartment
Thalaghattapura Main Road,Oct-Dec 2021,"4,520-8,070","6,610",2.00%,,Bangalore,Residential - Multi Storey Apartment
Thalaghattapura Main Road,Jul-Sep 2021,"4,400-7,800","6,500",1.50%,,Bangalore,Residential - Multi Storey Apartment
Thalaghattapura Main Road,Apr-Jun 2021,"4,300-7,600","6,375",2.00%,,Bangalore,Residential - Multi Storey Apartment
Thalaghattapura Main Road,Jan-Mar 2021,"4,200-7,500","6,150",1.50%,,Bangalore,Residential - Multi Storey Apartment
Thalaghattapura Main Road,Oct-Dec 2020,"4,100-7,400","6,000",2.00%,,Bangalore,Residential - Multi Storey Apartment
Thalaghattapura Main Road,Jul-Sep 2020,"4,000-7,200","5,850",1.50%,,Bangalore,Residential - Multi Storey Apartment
Thalaghattapura Main Road,Apr-Jun 2020,"3,900-7,000","5,700",2.00%,,Bangalore,Residential - Multi Storey Apartment
Thalaghattapura Main Road,Jan-Mar 2020,"3,800-6,900","5,550",1.50%,,Bangalore,Residential - Multi Storey Apartment
Thalaghattapura Main Road,Oct-Dec 2019,"3,700-6,800","5,400",1.50%,,Bangalore,Residential - Multi Storey Apartment
Thalaghattapura Main Road,Jul-Sep 2019,"3,600-6,700","5,250",1.50%,,Bangalore,Residential - Multi Storey Apartment
Thalaghattapura Main Road,Apr-Jun 2019,"3,500-6,600","5,100",1.50%,,Bangalore,Residential - Multi Storey Apartment
Thalaghattapura Main Road,Jan-Mar 2019,"3,400-6,400","4,950",1.00%,,Bangalore,Residential - Multi Storey Apartment
Thalaghattapura Main Road,Oct-Dec 2018,"3,300-6,200","4,800",2.00%,,Bangalore,Residential - Multi Storey Apartment
Thalaghattapura Main Road,Jul-Sep 2018,"3,200-6,000","4,650",1.50%,,Bangalore,Residential - Multi Storey Apartment
Indiranagar,Jul-Sep 2024,"12,030-19,360","15,695",0.10%,,Bangalore,Residential - Multi Storey Apartment
Indiranagar,Apr-Jun 2024,"12,395-18,962","15,679",2%,,Bangalore,Residential - Multi Storey Apartment
Indiranagar,Jan-Mar 2024,"12,065-18,597","15,331",2%,,Bangalore,Residential - Multi Storey Apartment
Indiranagar,Oct-Dec 2023,"11,707-18,417","15,062",1%,,Bangalore,Residential - Multi Storey Apartment
Indiranagar,Jul-Sep 2023,"11,390-18,298","14,844",6%,,Bangalore,Residential - Multi Storey Apartment
Indiranagar,Apr-Jun 2023,"10,676-17,207","13,942",1%,,Bangalore,Residential - Multi Storey Apartment
Indiranagar,Jan-Mar 2023,"10,669-17,015","13,842",9%,,Bangalore,Residential - Multi Storey Apartment
Indiranagar,Oct-Dec 2022,"9,354-15,956","12,655",3%,,Bangalore,Residential - Multi Storey Apartment
Indiranagar,Jul-Sep 2022,"9,015-15,498","12,256",9%,,Bangalore,Residential - Multi Storey Apartment
Indiranagar,Apr-Jun 2022,"8,218-14,269","12,000",4%,,Bangalore,Residential - Multi Storey Apartment
Indiranagar,Jan-Mar 2022,"7,696-13,914","11,900",8%,,Bangalore,Residential - Multi Storey Apartment
Indiranagar,Oct-Dec 2021,"8,400-15,152","11,776",0.40%,,Bangalore,Residential - Multi Storey Apartment
Indiranagar,Jul-Sep 2021,"8,504-15,145","11,824",2%,,Bangalore,Residential - Multi Storey Apartment
Indiranagar,Apr-Jun 2021,"8,339-14,811","11,575",1%,,Bangalore,Residential - Multi Storey Apartment
Indiranagar,Jan-Mar 2021,"8,188-14,702","11,445",3%,,Bangalore,Residential - Multi Storey Apartment
Indiranagar,Oct-Dec 2020,"7,949-14,300","11,125",3%,,Bangalore,Residential - Multi Storey Apartment
Indiranagar,Jul-Sep 2020,"8,693-14,257","11,475",3%,,Bangalore,Residential - Multi Storey Apartment
Indiranagar,Apr-Jun 2020,"8,445-13,777","11,111",2%,,Bangalore,Residential - Multi Storey Apartment
Indiranagar,Jan-Mar 2020,"8,568-13,316","10,942",1%,,Bangalore,Residential - Multi Storey Apartment
Indiranagar,Oct-Dec 2019,"8,027-13,611","10,819",10%,,Bangalore,Residential - Multi Storey Apartment
Indiranagar,Jul-Sep 2019,"9,019-15,152","10,500",3%,,Bangalore,Residential - Multi Storey Apartment
Indiranagar,Apr-Jun 2019,"8,657-14,713","11,000",13%,,Bangalore,Residential - Multi Storey Apartment
Indiranagar,Jan-Mar 2019,"7,448-13,197","10,600",3.60%,,Bangalore,Residential - Multi Storey Apartment
Indiranagar,Oct-Dec 2018,"7,413-13,242","10,525",2%,,Bangalore,Residential - Multi Storey Apartment
Indiranagar,Jul-Sep 2018,"7,869-13,247","10,300",3%,,Bangalore,Residential - Multi Storey Apartment
Ramamurthy Nagar,Jul-Sep 2024,"4,662-7,046","5,854",0.40%,,Bangalore,Residential - Multi Storey Apartment
Ramamurthy Nagar,Apr-Jun 2024,"4,530-7,130","5,830",4.00%,,Bangalore,Residential - Multi Storey Apartment
Ramamurthy Nagar,Jan-Mar 2024,"4,428-6,800","5,614",0.50%,,Bangalore,Residential - Multi Storey Apartment
Ramamurthy Nagar,Oct-Dec 2023,"4,476-6,804","5,640",5%,,Bangalore,Residential - Multi Storey Apartment
Ramamurthy Nagar,Jul-Sep 2023,"4,319-6,465","5,392",3%,,Bangalore,Residential - Multi Storey Apartment
Ramamurthy Nagar,Apr-Jun 2023,"4,189-6,234","5,211",1%,,Bangalore,Residential - Multi Storey Apartment
Ramamurthy Nagar,Jan-Mar 2023,"4,057-6,264","5,160",1%,,Bangalore,Residential - Multi Storey Apartment
Ramamurthy Nagar,Oct-Dec 2022,"4,154-6,022","5,088",2%,,Bangalore,Residential - Multi Storey Apartment
Ramamurthy Nagar,Jul-Sep 2022,"3,950-6,034","4,992",1%,,Bangalore,Residential - Multi Storey Apartment
Ramamurthy Nagar,Apr-Jun 2022,"3,956-5,944","4,950",1%,,Bangalore,Residential - Multi Storey Apartment
Ramamurthy Nagar,Jan-Mar 2022,"3,934-5,900","4,917",0.40%,,Bangalore,Residential - Multi Storey Apartment
Ramamurthy Nagar,Oct-Dec 2021,"3,924-5,872","4,898",2%,,Bangalore,Residential - Multi Storey Apartment
Ramamurthy Nagar,Jul-Sep 2021,"4,086-5,959","4,900",2%,,Bangalore,Residential - Multi Storey Apartment
Ramamurthy Nagar,Apr-Jun 2021,"4,053-6,235","4,600",6%,,Bangalore,Residential - Multi Storey Apartment
Ramamurthy Nagar,Jan-Mar 2021,"3,826-5,887","4,856",4%,,Bangalore,Residential - Multi Storey Apartment
Ramamurthy Nagar,Oct-Dec 2020,"3,685-5,648","4,667",3%,,Bangalore,Residential - Multi Storey Apartment
Ramamurthy Nagar,Jul-Sep 2020,"3,836-5,826","4,831",4%,,Bangalore,Residential - Multi Storey Apartment
Ramamurthy Nagar,Apr-Jun 2020,"3,662-5,656","4,659",8%,,Bangalore,Residential - Multi Storey Apartment
Ramamurthy Nagar,Jan-Mar 2020,"3,520-5,113","4,600",8%,,Bangalore,Residential - Multi Storey Apartment
Ramamurthy Nagar,Oct-Dec 2019,"3,730-5,625","4,677",1%,,Bangalore,Residential - Multi Storey Apartment
Ramamurthy Nagar,Jul-Sep 2019,"3,799-5,696","4,748",1%,,Bangalore,Residential - Multi Storey Apartment
Ramamurthy Nagar,Apr-Jun 2019,"3,684-5,695","4,689",4%,,Bangalore,Residential - Multi Storey Apartment
Ramamurthy Nagar,Jan-Mar 2019,"3,520-5,497","4,509",1%,,Bangalore,Residential - Multi Storey Apartment
Ramamurthy Nagar,Oct-Dec 2018,"3,586-5,554","4,570",2%,,Bangalore,Residential - Multi Storey Apartment
Ramamurthy Nagar,Jul-Sep 2018,"3,463-5,527","4,495",10%,,Bangalore,Residential - Multi Storey Apartment
ITPL,Jul-Sep 2024,"9,556-16,564","13,060",2%,,Bangalore,Residential - Multi Storey Apartment
ITPL,Apr-Jun 2024,"10,072-16,584","13,328",2%,,Bangalore,Residential - Multi Storey Apartment
ITPL,Jan-Mar 2024,"10,179-15,987","13,083",3%,,Bangalore,Residential - Multi Storey Apartment
ITPL,Oct-Dec 2023,"10,072-15,384","12,728",4%,,Bangalore,Residential - Multi Storey Apartment
ITPL,Jul-Sep 2023,"9,306-14,679","11,993",7%,,Bangalore,Residential - Multi Storey Apartment
ITPL,Apr-Jun 2023,"8,568-13,804","11,186",1%,,Bangalore,Residential - Multi Storey Apartment
ITPL,Jan-Mar 2023,"8,439-13,653","11,046",7%,,Bangalore,Residential - Multi Storey Apartment
ITPL,Oct-Dec 2022,"8,054-12,567","10,311",17%,,Bangalore,Residential - Multi Storey Apartment
ITPL,Jul-Sep 2022,"6,348-11,346","8,847",9%,,Bangalore,Residential - Multi Storey Apartment
ITPL,Apr-Jun 2022,"5,749-10,446","8,098",5%,,Bangalore,Residential - Multi Storey Apartment
ITPL,Jan-Mar 2022,"5,607-9,879","8,000",2%,,Bangalore,Residential - Multi Storey Apartment
ITPL,Oct-Dec 2021,"6,055-9,762","7,908",6%,,Bangalore,Residential - Multi Storey Apartment
ITPL,Jul-Sep 2021,"5,421-9,449","7,435",6%,,Bangalore,Residential - Multi Storey Apartment
ITPL,Apr-Jun 2021,"5,337-8,720","7,150",1%,,Bangalore,Residential - Multi Storey Apartment
ITPL,Jan-Mar 2021,"5,572-8,637","7,105",5%,,Bangalore,Residential - Multi Storey Apartment
ITPL,Oct-Dec 2020,"5,207-8,315","6,950",1%,,Bangalore,Residential - Multi Storey Apartment
ITPL,Jul-Sep 2020,"5,076-8,269","6,900",3%,,Bangalore,Residential - Multi Storey Apartment
ITPL,Apr-Jun 2020,"5,206-8,616","6,911",1%,,Bangalore,Residential - Multi Storey Apartment
ITPL,Jan-Mar 2020,"5,401-8,623","6,800",5%,,Bangalore,Residential - Multi Storey Apartment
ITPL,Oct-Dec 2019,"5,036-8,276","6,656",4%,,Bangalore,Residential - Multi Storey Apartment
ITPL,Jul-Sep 2019,"5,348-8,463","6,905",0.50%,,Bangalore,Residential - Multi Storey Apartment
ITPL,Apr-Jun 2019,"5,554-8,190","6,872",1%,,Bangalore,Residential - Multi Storey Apartment
ITPL,Jan-Mar 2019,"5,439-8,130","6,784",2%,,Bangalore,Residential - Multi Storey Apartment
ITPL,Oct-Dec 2018,"5,258-8,104","6,681",1%,,Bangalore,Residential - Multi Storey Apartment
ITPL,Jul-Sep 2018,"5,292-8,163","6,728",1%,,Bangalore,Residential - Multi Storey Apartment
Thambu Chetty Palya,Jul-Sep 2024,"7,804-13,025","8,000",2%,,Bangalore,Residential - Multi Storey Apartment
Thambu Chetty Palya,Apr-Jun 2024,"7,750-12,760","7,500",1.80%,,Bangalore,Residential - Multi Storey Apartment
Thambu Chetty Palya,Jan-Mar 2023,"3,963-6,891","6,501",4%,,Bangalore,Residential - Multi Storey Apartment
Thambu Chetty Palya,Oct-Dec 2022,"4,060-7,287","6,500",3%,,Bangalore,Residential - Multi Storey Apartment
Thambu Chetty Palya,Jul-Sep 2022,"4,406-7,323","6,220",1%,,Bangalore,Residential - Multi Storey Apartment
Thambu Chetty Palya,Apr-Jun 2022,"4,564-7,312","6,100",1%,,Bangalore,Residential - Multi Storey Apartment
Thambu Chetty Palya,Jan-Mar 2022,"4,505-7,287","6,000",2%,,Bangalore,Residential - Multi Storey Apartment
Thambu Chetty Palya,Oct-Dec 2021,"4,611-7,412","6,011",4%,,Bangalore,Residential - Multi Storey Apartment
Thambu Chetty Palya,Jul-Sep 2021,"4,558-6,953","6,200",7%,,Bangalore,Residential - Multi Storey Apartment
Thambu Chetty Palya,Apr-Jun 2021,"5,041-7,288","6,165",38%,,Bangalore,Residential - Multi Storey Apartment
Thambu Chetty Palya,Jan-Mar 2021,"3,275-5,688","5,800",21%,,Bangalore,Residential - Multi Storey Apartment
Thambu Chetty Palya,Oct-Dec 2020,"4,349-7,024","5,687",8%,,Bangalore,Residential - Multi Storey Apartment
Thambu Chetty Palya,Jul-Sep 2020,"3,692-6,812","5,252",2%,,Bangalore,Residential - Multi Storey Apartment
Thambu Chetty Palya,Apr-Jun 2020,"3,483-6,787","5,135",6%,,Bangalore,Residential - Multi Storey Apartment
Thambu Chetty Palya,Jan-Mar 2020,"3,281-6,440","4,860",17%,,Bangalore,Residential - Multi Storey Apartment
Thambu Chetty Palya,Oct-Dec 2019,"3,400-6,550","4,900",5%,,Bangalore,Residential - Multi Storey Apartment
Thambu Chetty Palya,Jul-Sep 2019,"3,300-6,400","4,750",7%,,Bangalore,Residential - Multi Storey Apartment
Thambu Chetty Palya,Apr-Jun 2019,"3,200-6,200","4,550",6%,,Bangalore,Residential - Multi Storey Apartment
Thambu Chetty Palya,Jan-Mar 2019,"3,100-6,000","4,400",6%,,Bangalore,Residential - Multi Storey Apartment
Thambu Chetty Palya,Oct-Dec 2018,"3,332-5,440","4,386",3%,,Bangalore,Residential - Multi Storey Apartment
Thambu Chetty Palya,Jul-Sep 2018,"3,446-5,031","4,238",8%,,Bangalore,Residential - Multi Storey Apartment
Chikkakannalli,Jul-Sep 2024,"9,101-15,378","12,239",9%,,Bangalore,Residential - Multi Storey Apartment
Chikkakannalli,Apr-Jun 2024,"8,328-14,132","11,230",2%,,Bangalore,Residential - Multi Storey Apartment
Chikkakannalli,Jan-Mar 2024,"8,581-14,244","11,413",1%,,Bangalore,Residential - Multi Storey Apartment
Chikkakannalli,Oct-Dec 2023,"8,360-14,704","11,532",9%,,Bangalore,Residential - Multi Storey Apartment
Chikkakannalli,Jul-Sep 2023,"7,993-13,203","10,598",7%,,Bangalore,Residential - Multi Storey Apartment
Chikkakannalli,Apr-Jun 2023,"7,203-12,536","9,869",11%,,Bangalore,Residential - Multi Storey Apartment
Chikkakannalli,Jan-Mar 2023,"6,485-11,375","8,930",4%,,Bangalore,Residential - Multi Storey Apartment
Chikkakannalli,Oct-Dec 2022,"4,500-6,000","8,800",5%,,Bangalore,Residential - Multi Storey Apartment
Chikkakannalli,Jul-Sep 2022,"4,300-5,800","8,500",7%,,Bangalore,Residential - Multi Storey Apartment
Chikkakannalli,Apr-Jun 2022,"4,000-5,500","8,300",6%,,Bangalore,Residential - Multi Storey Apartment
Chikkakannalli,Jul-Sep 2019,"3,800-5,000","8,150",5%,,Bangalore,Residential - Multi Storey Apartment
Chikkakannalli,Apr-Jun 2019,"3,600-4,800","8,600",4%,,Bangalore,Residential - Multi Storey Apartment
Chikkakannalli,Jan-Mar 2019,"3,400-4,600","8,700",5%,,Bangalore,Residential - Multi Storey Apartment
Chikkakannalli,Oct-Dec 2018,"3,200-4,400","8,650",6%,,Bangalore,Residential - Multi Storey Apartment
Chikkakannalli,Jul-Sep 2018,"3,000-4,200","8,150",7%,,Bangalore,Residential - Multi Storey Apartment
Jakkur,Jul-Sep 2024,"6,811-11,664","9,238",1%,,Bangalore,Residential - Multi Storey Apartment
Jakkur,Apr-Jun 2024,"6,843-11,363","9,103",6.00%,,Bangalore,Residential - Multi Storey Apartment
Jakkur,Jan-Mar 2024,"6,615-10,572","8,594",0.20%,,Bangalore,Residential - Multi Storey Apartment
Jakkur,Oct-Dec 2023,"6,549-10,610","8,580",4%,,Bangalore,Residential - Multi Storey Apartment
Jakkur,Jul-Sep 2023,"6,251-10,226","8,238",9%,,Bangalore,Residential - Multi Storey Apartment
Jakkur,Apr-Jun 2023,"5,578-9,480","7,529",1%,,Bangalore,Residential - Multi Storey Apartment
Jakkur,Jan-Mar 2023,"5,501-9,467","7,484",2%,,Bangalore,Residential - Multi Storey Apartment
Jakkur,Oct-Dec 2022,"5,269-9,360","7,314",3%,,Bangalore,Residential - Multi Storey Apartment
Jakkur,Jul-Sep 2022,"5,111-9,045","7,078",2%,,Bangalore,Residential - Multi Storey Apartment
Jakkur,Apr-Jun 2022,"4,994-8,871","6,932",8%,,Bangalore,Residential - Multi Storey Apartment
Jakkur,Jan-Mar 2022,"4,854-7,949","6,402",2%,,Bangalore,Residential - Multi Storey Apartment
Jakkur,Oct-Dec 2021,"4,921-7,663","6,292",2%,,Bangalore,Residential - Multi Storey Apartment
Jakkur,Jul-Sep 2021,"4,808-7,529","6,169",1%,,Bangalore,Residential - Multi Storey Apartment
Jakkur,Apr-Jun 2021,"4,847-7,641","6,244",4%,,Bangalore,Residential - Multi Storey Apartment
Jakkur,Jan-Mar 2021,"4,702-7,362","6,032",1%,,Bangalore,Residential - Multi Storey Apartment
Jakkur,Oct-Dec 2020,"4,734-7,480","6,107",1%,,Bangalore,Residential - Multi Storey Apartment
Jakkur,Jul-Sep 2020,"4,774-7,509","6,141",1%,,Bangalore,Residential - Multi Storey Apartment
Jakkur,Apr-Jun 2020,"4,684-7,489","6,086",3%,,Bangalore,Residential - Multi Storey Apartment
Jakkur,Jan-Mar 2020,"4,626-7,181","5,904",5%,,Bangalore,Residential - Multi Storey Apartment
Jakkur,Oct-Dec 2019,"4,413-6,829","5,621",0.30%,,Bangalore,Residential - Multi Storey Apartment
Jakkur,Jul-Sep 2019,"4,440-6,835","5,638",0.20%,,Bangalore,Residential - Multi Storey Apartment
Jakkur,Apr-Jun 2019,"4,460-6,795","5,628",1%,,Bangalore,Residential - Multi Storey Apartment
Jakkur,Jan-Mar 2019,"4,326-6,852","5,589",2%,,Bangalore,Residential - Multi Storey Apartment
Jakkur,Oct-Dec 2018,"4,283-6,702","5,493",1%,,Bangalore,Residential - Multi Storey Apartment
Jakkur,Jul-Sep 2018,"4,247-6,801","5,524",3%,,Bangalore,Residential - Multi Storey Apartment
Thambu Chetty Palya Main Road,Jul-Sep 2024,"5,035-9,293","9,500",4%,,Bangalore,Residential - Multi Storey Apartment
Thambu Chetty Palya Main Road,Apr-Jun 2024,"4,936-8,844","9,200",3%,,Bangalore,Residential - Multi Storey Apartment
Thambu Chetty Palya Main Road,Jan-Mar 2024,"4,796-8,583","9,001",2.40%,,Bangalore,Residential - Multi Storey Apartment
Thambu Chetty Palya Main Road,Jul-Sep 2024,"5,628-11,176","9,000",2%,,Bangalore,Residential - Multi Storey Apartment
Thambu Chetty Palya Main Road,Apr-Jun 2024,"5,517-10,949","8,788",3%,,Bangalore,Residential - Multi Storey Apartment
Thambu Chetty Palya Main Road,Jan-Mar 2024,"5,409-10,724","8,580",3%,,Bangalore,Residential - Multi Storey Apartment
Thambu Chetty Palya Main Road,Oct-Dec 2023,"5,303-10,502","8,376",3%,,Bangalore,Residential - Multi Storey Apartment
Thambu Chetty Palya Main Road,Jul-Sep 2023,"5,199-10,283","8,177",3%,,Bangalore,Residential - Multi Storey Apartment
Thambu Chetty Palya Main Road,Apr-Jun 2023,"5,097-10,066","7,983",3%,,Bangalore,Residential - Multi Storey Apartment
Thambu Chetty Palya Main Road,Jan-Mar 2023,"4,997-9,852","7,790",3%,,Bangalore,Residential - Multi Storey Apartment
Thambu Chetty Palya Main Road,Oct-Dec 2022,"4,899-9,641","7,603",3%,,Bangalore,Residential - Multi Storey Apartment
Thambu Chetty Palya Main Road,Jul-Sep 2022,"4,803-9,432","7,418",3%,,Bangalore,Residential - Multi Storey Apartment
Thambu Chetty Palya Main Road,Apr-Jun 2022,"4,709-9,226","7,239",3%,,Bangalore,Residential - Multi Storey Apartment
Thambu Chetty Palya Main Road,Jan-Mar 2022,"4,617-9,023","7,063",3%,,Bangalore,Residential - Multi Storey Apartment
Thambu Chetty Palya Main Road,Oct-Dec 2021,"4,527-8,823","6,891",3%,,Bangalore,Residential - Multi Storey Apartment
Thambu Chetty Palya Main Road,Jul-Sep 2021,"4,438-8,625","6,723",3%,,Bangalore,Residential - Multi Storey Apartment
Thambu Chetty Palya Main Road,Apr-Jun 2021,"4,351-8,431","6,559",3%,,Bangalore,Residential - Multi Storey Apartment
Thambu Chetty Palya Main Road,Jan-Mar 2021,"4,265-8,240","6,399",3%,,Bangalore,Residential - Multi Storey Apartment
Thambu Chetty Palya Main Road,Oct-Dec 2020,"4,182-8,052","6,243",3%,,Bangalore,Residential - Multi Storey Apartment
Thambu Chetty Palya Main Road,Jul-Sep 2020,"4,100-7,866","6,091",3%,,Bangalore,Residential - Multi Storey Apartment
Thambu Chetty Palya Main Road,Apr-Jun 2020,"4,020-7,684","5,942",3%,,Bangalore,Residential - Multi Storey Apartment
Thambu Chetty Palya Main Road,Jan-Mar 2020,"3,941-7,506","5,797",3%,,Bangalore,Residential - Multi Storey Apartment
Thambu Chetty Palya Main Road,Oct-Dec 2019,"3,864-7,330","5,656",3%,,Bangalore,Residential - Multi Storey Apartment
Thambu Chetty Palya Main Road,Jul-Sep 2019,"3,788-7,158","5,518",3%,,Bangalore,Residential - Multi Storey Apartment
Thambu Chetty Palya Main Road,Apr-Jun 2019,"3,714-6,988","5,384",3%,,Bangalore,Residential - Multi Storey Apartment
Thambu Chetty Palya Main Road,Jan-Mar 2019,"3,641-6,823","5,253",3%,,Bangalore,Residential - Multi Storey Apartment
Thambu Chetty Palya Main Road,Oct-Dec 2018,"3,570-6,660","5,125",3%,,Bangalore,Residential - Multi Storey Apartment
Thambu Chetty Palya Main Road,Jul-Sep 2018,"3,500-6,500","5,000",3%,,Bangalore,Residential - Multi Storey Apartment
Ramagondanahalli Whitefield,Jul-Sep 2024,"10,320-15,826","13,073",7%,,Bangalore,Residential - Multi Storey Apartment
Ramagondanahalli Whitefield,Apr-Jun 2024,"9,812-14,599","12,205",1%,,Bangalore,Residential - Multi Storey Apartment
Ramagondanahalli Whitefield,Jan-Mar 2024,"10,409-14,306","12,358",6%,,Bangalore,Residential - Multi Storey Apartment
Ramagondanahalli Whitefield,Oct-Dec 2023,"9,513-13,813","11,663",3%,,Bangalore,Residential - Multi Storey Apartment
Ramagondanahalli Whitefield,Jul-Sep 2023,"9,160-13,506","11,333",15%,,Bangalore,Residential - Multi Storey Apartment
Ramagondanahalli Whitefield,Apr-Jun 2023,"7,180-12,451","9,816",10%,,Bangalore,Residential - Multi Storey Apartment
Ramagondanahalli Whitefield,Jan-Mar 2023,"6,390-11,454","8,922",6%,,Bangalore,Residential - Multi Storey Apartment
Ramagondanahalli Whitefield,Oct-Dec 2022,"6,690-10,096","8,393",1%,,Bangalore,Residential - Multi Storey Apartment
Ramagondanahalli Whitefield,Jul-Sep 2022,"6,552-10,004","8,278",5%,,Bangalore,Residential - Multi Storey Apartment
Ramagondanahalli Whitefield,Apr-Jun 2022,"5,853-9,940","7,897",9%,,Bangalore,Residential - Multi Storey Apartment
Ramagondanahalli Whitefield,Jan-Mar 2022,"5,373-9,140","7,257",6.20%,,Bangalore,Residential - Multi Storey Apartment
Ramagondanahalli Whitefield,Jan-Mar 2021,"5,098-8,634","6,866",19%,,Bangalore,Residential - Multi Storey Apartment
Ramagondanahalli Whitefield,Oct-Dec 2020,"4,270-7,259","6,600",16%,,Bangalore,Residential - Multi Storey Apartment
Ramagondanahalli Whitefield,Jul-Sep 2020,"5,350-8,352","6,851",1%,,Bangalore,Residential - Multi Storey Apartment
Ramagondanahalli Whitefield,Apr-Jun 2020,"5,221-8,641","6,931",4%,,Bangalore,Residential - Multi Storey Apartment
Ramagondanahalli Whitefield,Jan-Mar 2020,"5,529-8,861","6,800",7%,,Bangalore,Residential - Multi Storey Apartment
Ramagondanahalli Whitefield,Oct-Dec 2019,"5,128-8,294","6,711",1%,,Bangalore,Residential - Multi Storey Apartment
Ramagondanahalli Whitefield,Jul-Sep 2019,"4,981-8,294","6,637",4%,,Bangalore,Residential - Multi Storey Apartment
Ramagondanahalli Whitefield,Apr-Jun 2019,"4,877-7,869","6,373",7%,,Bangalore,Residential - Multi Storey Apartment
Ramagondanahalli Whitefield,Jan-Mar 2019,"5,378-8,266","6,822",9.30%,,Bangalore,Residential - Multi Storey Apartment
Ramagondanahalli Whitefield,Oct-Dec 2018,"5,189-8,444","6,817",1%,,Bangalore,Residential - Multi Storey Apartment
Ramagondanahalli Whitefield,Jul-Sep 2018,"5,158-8,331","6,744",8.20%,,Bangalore,Residential - Multi Storey Apartment
Pulikeshi Nagar,Jul-Sep 2024,"8,631-15,729","13,200",5%,,Bangalore,Residential - Multi Storey Apartment
Pulikeshi Nagar,Apr-Jun 2024,"9,482-16,095","13,050",2%,,Bangalore,Residential - Multi Storey Apartment
Pulikeshi Nagar,Jan-Mar 2024,"9,592-16,630","13,111",4%,,Bangalore,Residential - Multi Storey Apartment
Pulikeshi Nagar,Oct-Dec 2023,"9,318-15,845","12,582",5%,,Bangalore,Residential - Multi Storey Apartment
Pulikeshi Nagar,Jul-Sep 2023,"8,883-15,094","11,988",22%,,Bangalore,Residential - Multi Storey Apartment
Pulikeshi Nagar,Apr-Jun 2023,"7,462-12,223","10,500",3%,,Bangalore,Residential - Multi Storey Apartment
Pulikeshi Nagar,Jan-Mar 2023,"7,385-12,950","10,168",1%,,Bangalore,Residential - Multi Storey Apartment
Pulikeshi Nagar,Oct-Dec 2022,"7,494-12,740","10,117",1%,,Bangalore,Residential - Multi Storey Apartment
Pulikeshi Nagar,Jul-Sep 2022,"7,567-12,773","10,170",3%,,Bangalore,Residential - Multi Storey Apartment
Pulikeshi Nagar,Apr-Jun 2022,"7,284-12,468","10,100",1%,,Bangalore,Residential - Multi Storey Apartment
Pulikeshi Nagar,Jan-Mar 2022,"7,223-12,781","10,002",0.20%,,Bangalore,Residential - Multi Storey Apartment
Pulikeshi Nagar,Oct-Dec 2021,"7,331-12,632","10,050",5%,,Bangalore,Residential - Multi Storey Apartment
Pulikeshi Nagar,Jul-Sep 2021,"7,125-11,874","10,000",1%,,Bangalore,Residential - Multi Storey Apartment
Pulikeshi Nagar,Apr-Jun 2021,"7,277-11,891","9,950",3%,,Bangalore,Residential - Multi Storey Apartment
Pulikeshi Nagar,Jan-Mar 2021,"7,178-11,457","9,900",3%,,Bangalore,Residential - Multi Storey Apartment
Pulikeshi Nagar,Oct-Dec 2020,"6,794-11,309","9,700",6%,,Bangalore,Residential - Multi Storey Apartment
Pulikeshi Nagar,Jul-Sep 2020,"7,250-12,034","9,642",1%,,Bangalore,Residential - Multi Storey Apartment
Pulikeshi Nagar,Apr-Jun 2020,"7,014-12,104","9,559",5%,,Bangalore,Residential - Multi Storey Apartment
Pulikeshi Nagar,Jan-Mar 2020,"7,371-12,789","9,540",6%,,Bangalore,Residential - Multi Storey Apartment
Pulikeshi Nagar,Oct-Dec 2019,"7,157-11,849","9,503",1%,,Bangalore,Residential - Multi Storey Apartment
Pulikeshi Nagar,Jul-Sep 2019,"7,218-11,977","9,598",8%,,Bangalore,Residential - Multi Storey Apartment
Pulikeshi Nagar,Apr-Jun 2019,"7,503-13,356","9,400",12%,,Bangalore,Residential - Multi Storey Apartment
Pulikeshi Nagar,Jan-Mar 2019,"6,955-11,624","9,290",6%,,Bangalore,Residential - Multi Storey Apartment
Pulikeshi Nagar,Oct-Dec 2018,"6,331-11,197","8,764",1%,,Bangalore,Residential - Multi Storey Apartment
Pulikeshi Nagar,Jul-Sep 2018,"6,394-11,340","8,867",6%,,Bangalore,Residential - Multi Storey Apartment
Judicial Layout,Jul-Sep 2024,"9,435-14,574","12,005",7%,,Bangalore,Residential - Multi Storey Apartment
Judicial Layout,Apr-Jun 2024,"8,438-13,915","11,177",6%,,Bangalore,Residential - Multi Storey Apartment
Judicial Layout,Jan-Mar 2024,"7,841-13,270","10,555",11%,,Bangalore,Residential - Multi Storey Apartment
Judicial Layout,Oct-Dec 2023,"7,539-11,417","9,478",3%,,Bangalore,Residential - Multi Storey Apartment
Judicial Layout,Jul-Sep 2023,"7,254-11,146","9,200",4%,,Bangalore,Residential - Multi Storey Apartment
Judicial Layout,Apr-Jun 2023,"7,125-10,529","8,827",5%,,Bangalore,Residential - Multi Storey Apartment
Judicial Layout,Jan-Mar 2023,"6,630-10,210","8,420",5%,,Bangalore,Residential - Multi Storey Apartment
Judicial Layout,Oct-Dec 2022,"6,205-9,793","7,999",8%,,Bangalore,Residential - Multi Storey Apartment
Judicial Layout,Jul-Sep 2022,"5,877-8,982","7,429",10%,,Bangalore,Residential - Multi Storey Apartment
Judicial Layout,Apr-Jun 2022,"5,430-8,069","7,400",8%,,Bangalore,Residential - Multi Storey Apartment
Judicial Layout,Jan-Mar 2022,"5,703-9,022","7,363",3%,,Bangalore,Residential - Multi Storey Apartment
Judicial Layout,Oct-Dec 2021,"6,129-8,232","7,180",6%,,Bangalore,Residential - Multi Storey Apartment
Judicial Layout,Jul-Sep 2021,"5,457-8,077","6,767",13%,,Bangalore,Residential - Multi Storey Apartment
Judicial Layout,Jul-Sep 2020,"4,856-7,442","6,149",5.80%,,Bangalore,Residential - Multi Storey Apartment
Judicial Layout,Apr-Jun 2020,"5,800-7,800","6,000",30%,,Bangalore,Residential - Multi Storey Apartment
Judicial Layout,Jan-Mar 2020,"4,853-7,135","5,994",10%,,Bangalore,Residential - Multi Storey Apartment
Judicial Layout,Apr-Jun 2019,"4,971-7,013","5,992",2.60%,,Bangalore,Residential - Multi Storey Apartment
Budigere Cross,Jul-Sep 2024,"7,826-11,383","9,605",2%,,Bangalore,Residential - Multi Storey Apartment
Budigere Cross,Apr-Jun 2024,"7,708-11,140","9,424",10%,,Bangalore,Residential - Multi Storey Apartment
Budigere Cross,Jan-Mar 2024,"6,851-10,242","8,547",4%,,Bangalore,Residential - Multi Storey Apartment
Budigere Cross,Oct-Dec 2023,"6,598-9,829","8,213",5%,,Bangalore,Residential - Multi Storey Apartment
Budigere Cross,Jul-Sep 2023,"6,373-9,266","7,819",15%,,Bangalore,Residential - Multi Storey Apartment
Budigere Cross,Apr-Jun 2023,"5,268-8,368","6,800",1%,,Bangalore,Residential - Multi Storey Apartment
Budigere Cross,Jan-Mar 2023,"5,340-8,436","6,818",14%,,Bangalore,Residential - Multi Storey Apartment
Budigere Cross,Oct-Dec 2022,"4,830-7,223","6,100",1%,,Bangalore,Residential - Multi Storey Apartment
Budigere Cross,Jul-Sep 2022,"4,763-7,384","6,150",2%,,Bangalore,Residential - Multi Storey Apartment
Budigere Cross,Apr-Jun 2022,"5,141-7,250","6,250",3%,,Bangalore,Residential - Multi Storey Apartment
Budigere Cross,Jan-Mar 2022,"5,013-7,016","6,200",0.10%,,Bangalore,Residential - Multi Storey Apartment
Budigere Cross,Oct-Dec 2021,"4,828-7,186","6,100",4.00%,,Bangalore,Residential - Multi Storey Apartment
Budigere Cross,Jul-Sep 2021,"5,106-7,416","6,261",2%,,Bangalore,Residential - Multi Storey Apartment
Budigere Cross,Apr-Jun 2021,"4,948-7,334","6,141",6%,,Bangalore,Residential - Multi Storey Apartment
Budigere Cross,Jan-Mar 2021,"4,663-6,955","5,809",2%,,Bangalore,Residential - Multi Storey Apartment
Budigere Cross,Oct-Dec 2020,"4,827-6,582","5,704",1%,,Bangalore,Residential - Multi Storey Apartment
Budigere Cross,Jul-Sep 2020,"4,772-6,474","5,623",2%,,Bangalore,Residential - Multi Storey Apartment
Budigere Cross,Apr-Jun 2020,"4,585-6,413","5,499",0.20%,,Bangalore,Residential - Multi Storey Apartment
Budigere Cross,Jan-Mar 2020,"4,557-6,465","5,511",5%,,Bangalore,Residential - Multi Storey Apartment
Budigere Cross,Oct-Dec 2019,"4,221-6,271","5,400",4%,,Bangalore,Residential - Multi Storey Apartment
Budigere Cross,Jul-Sep 2019,"4,425-6,494","5,459",8%,,Bangalore,Residential - Multi Storey Apartment
Budigere Cross,Apr-Jun 2019,"3,982-6,120","5,051",5%,,Bangalore,Residential - Multi Storey Apartment
Budigere Cross,Jan-Mar 2019,"3,967-6,646","5,306",11%,,Bangalore,Residential - Multi Storey Apartment
Budigere Cross,Oct-Dec 2018,"3,594-5,978","4,786",0.20%,,Bangalore,Residential - Multi Storey Apartment
Budigere Cross,Jul-Sep 2018,"3,658-5,894","4,776",3.20%,,Bangalore,Residential - Multi Storey Apartment
Kalkere Main Road,Jul-Sep 2024,"4,421-6,805","5,613",1%,,Bangalore,Residential - Multi Storey Apartment
Kalkere Main Road,Apr-Jun 2024,"4,457-6,925","5,691",4%,,Bangalore,Residential - Multi Storey Apartment
Kalkere Main Road,Jan-Mar 2024,"4,302-6,638","5,470",3.80%,,Bangalore,Residential - Multi Storey Apartment
Kalkere Main Road,Oct-Dec 2023,"4,216-6,482","5,270",4%,,Bangalore,Residential - Multi Storey Apartment
Kalkere Main Road,Jul-Sep 2023,"4,150-6,306","5,092",3.40%,,Bangalore,Residential - Multi Storey Apartment
Kalkere Main Road,Apr-Jun 2023,"4,086-6,140","4,927",3%,,Bangalore,Residential - Multi Storey Apartment
Kalkere Main Road,Jan-Mar 2023,"4,217-6,040","5,128",8%,,Bangalore,Residential - Multi Storey Apartment
Kalkere Main Road,Oct-Dec 2022,"4,122-5,890","4,761",3%,,Bangalore,Residential - Multi Storey Apartment
Kalkere Main Road,Jul-Sep 2022,"4,000-5,710","4,620",3%,,Bangalore,Residential - Multi Storey Apartment
Kalkere Main Road,Apr-Jun 2022,"3,900-5,535","4,485",3%,,Bangalore,Residential - Multi Storey Apartment
Kalkere Main Road,Jan-Mar 2022,"3,822-5,390","4,354",3%,,Bangalore,Residential - Multi Storey Apartment
Kalkere Main Road,Oct-Dec 2021,"3,745-5,247","4,228",3%,,Bangalore,Residential - Multi Storey Apartment
Kalkere Main Road,Jul-Sep 2021,"3,670-5,107","4,106",3%,,Bangalore,Residential - Multi Storey Apartment
Kalkere Main Road,Apr-Jun 2021,"3,597-4,970","3,989",3%,,Bangalore,Residential - Multi Storey Apartment
Kalkere Main Road,Jan-Mar 2021,"3,525-4,835","3,874",3%,,Bangalore,Residential - Multi Storey Apartment
Kalkere Main Road,Oct-Dec 2020,"3,455-4,702","3,762",3%,,Bangalore,Residential - Multi Storey Apartment
Kalkere Main Road,Jul-Sep 2020,"3,387-4,572","3,653",3%,,Bangalore,Residential - Multi Storey Apartment
Kalkere Main Road,Apr-Jun 2020,"3,320-4,444","3,547",3%,,Bangalore,Residential - Multi Storey Apartment
Kalkere Main Road,Jan-Mar 2020,"3,254-4,318","3,444",3%,,Bangalore,Residential - Multi Storey Apartment
Kalkere Main Road,Oct-Dec 2019,"3,189-4,195","3,343",3%,,Bangalore,Residential - Multi Storey Apartment
Kalkere Main Road,Jul-Sep 2019,"3,125-4,073","3,245",3%,,Bangalore,Residential - Multi Storey Apartment
Kalkere Main Road,Apr-Jun 2019,"3,062-3,953","3,150",3%,,Bangalore,Residential - Multi Storey Apartment
Kalkere Main Road,Jan-Mar 2019,"3,000-3,835","3,057",3%,,Bangalore,Residential - Multi Storey Apartment
Kalkere Main Road,Oct-Dec 2018,"2,940-3,718","2,967",3%,,Bangalore,Residential - Multi Storey Apartment
Kalkere Main Road,Jul-Sep 2018,"2,881-3,604","2,879",3%,,Bangalore,Residential - Multi Storey Apartment
Block 9th Jayanagara,Jul-Sep 2024,"13,047-18,208","16,250",4%,,Bangalore,Residential - Multi Storey Apartment
Block 9th Jayanagara,Apr-Jun 2024,"12,747-17,217","16,000",3%,,Bangalore,Residential - Multi Storey Apartment
Block 9th Jayanagara,Jan-Mar 2024,"12,922-16,079","15,900",1%,,Bangalore,Residential - Multi Storey Apartment
Block 9th Jayanagara,Oct-Dec 2023,"12,580-16,048","15,900",2.02%,,Bangalore,Residential - Multi Storey Apartment
Block 9th Jayanagara,Jan-Mar 2023,"11,085-14,820","15,800",3.30%,,Bangalore,Residential - Multi Storey Apartment
Block 9th Jayanagara,Jul-Sep 2024,"13,047-18,208","15,627",4%,,Bangalore,Residential - Multi Storey Apartment
Block 9th Jayanagara,Apr-Jun 2024,"12,747-17,217","14,982",3%,,Bangalore,Residential - Multi Storey Apartment
Block 9th Jayanagara,Jan-Mar 2024,"12,922-16,079","14,500",1%,,Bangalore,Residential - Multi Storey Apartment
Block 9th Jayanagara,Oct-Dec 2023,"12,580-16,048","14,314",2%,,Bangalore,Residential - Multi Storey Apartment
Block 9th Jayanagara,Jul-Sep 2023,"12,334-15,824","14,021",2%,,Bangalore,Residential - Multi Storey Apartment
Block 9th Jayanagara,Apr-Jun 2023,"12,087-15,503","13,745",3%,,Bangalore,Residential - Multi Storey Apartment
Block 9th Jayanagara,Jan-Mar 2023,"11,085-14,820","12,952",3%,,Bangalore,Residential - Multi Storey Apartment
Block 9th Jayanagara,Oct-Dec 2022,"10,856-14,300","12,536",3%,,Bangalore,Residential - Multi Storey Apartment
Block 9th Jayanagara,Jul-Sep 2022,"10,620-13,900","12,194",3%,,Bangalore,Residential - Multi Storey Apartment
Block 9th Jayanagara,Apr-Jun 2022,"10,385-13,520","11,867",3%,,Bangalore,Residential - Multi Storey Apartment
Block 9th Jayanagara,Jan-Mar 2022,"10,152-13,150","11,554",3%,,Bangalore,Residential - Multi Storey Apartment
Block 9th Jayanagara,Oct-Dec 2021,"9,928-12,790","11,255",3%,,Bangalore,Residential - Multi Storey Apartment
Block 9th Jayanagara,Jul-Sep 2021,"9,707-12,440","10,969",3%,,Bangalore,Residential - Multi Storey Apartment
Block 9th Jayanagara,Apr-Jun 2021,"9,487-12,100","10,695",3%,,Bangalore,Residential - Multi Storey Apartment
Block 9th Jayanagara,Jan-Mar 2021,"9,277-11,770","10,432",3%,,Bangalore,Residential - Multi Storey Apartment
Block 9th Jayanagara,Oct-Dec 2020,"9,067-11,450","10,180",3%,,Bangalore,Residential - Multi Storey Apartment
Block 9th Jayanagara,Jul-Sep 2020,"8,859-11,140","9,939",2%,,Bangalore,Residential - Multi Storey Apartment
Block 9th Jayanagara,Apr-Jun 2020,"8,652-10,840","9,708",2%,,Bangalore,Residential - Multi Storey Apartment
Block 9th Jayanagara,Jan-Mar 2020,"8,445-10,550","9,487",2%,,Bangalore,Residential - Multi Storey Apartment
Block 9th Jayanagara,Oct-Dec 2019,"8,239-10,270","9,276",2%,,Bangalore,Residential - Multi Storey Apartment
Block 9th Jayanagara,Jul-Sep 2019,"8,033-10,000","9,075",2%,,Bangalore,Residential - Multi Storey Apartment
Block 9th Jayanagara,Apr-Jun 2019,"7,828-9,740","8,883",2%,,Bangalore,Residential - Multi Storey Apartment
Block 9th Jayanagara,Jan-Mar 2019,"7,624-9,490","8,701",2%,,Bangalore,Residential - Multi Storey Apartment
Block 9th Jayanagara,Oct-Dec 2018,"7,420-9,250","8,528",2%,,Bangalore,Residential - Multi Storey Apartment
Block 9th Jayanagara,Jul-Sep 2018,"7,217-9,020","8,363",2%,,Bangalore,Residential - Multi Storey Apartment
Kalyan Nagar,Jul-Sep 2024,"5,599-9,606","7,603",4%,,Bangalore,Residential - Multi Storey Apartment
Kalyan Nagar,Apr-Jun 2024,"5,394-9,248","7,321",1%,,Bangalore,Residential - Multi Storey Apartment
Kalyan Nagar,Jan-Mar 2024,"5,398-9,177","7,287",6%,,Bangalore,Residential - Multi Storey Apartment
Kalyan Nagar,Oct-Dec 2023,"5,016-8,705","7,120",3%,,Bangalore,Residential - Multi Storey Apartment
Kalyan Nagar,Jul-Sep 2023,"4,849-8,431","7,000",4%,,Bangalore,Residential - Multi Storey Apartment
Kalyan Nagar,Apr-Jun 2023,"5,006-8,793","6,900",1%,,Bangalore,Residential - Multi Storey Apartment
Kalyan Nagar,Jan-Mar 2023,"4,957-8,644","6,801",11%,,Bangalore,Residential - Multi Storey Apartment
Kalyan Nagar,Oct-Dec 2022,"4,443-7,806","6,800",9%,,Bangalore,Residential - Multi Storey Apartment
Kalyan Nagar,Jul-Sep 2022,"4,008-7,211","6,900",1%,,Bangalore,Residential - Multi Storey Apartment
Kalyan Nagar,Apr-Jun 2022,"4,210-6,900","6,800",4%,,Bangalore,Residential - Multi Storey Apartment
Kalyan Nagar,Jan-Mar 2022,"4,126-6,538","6,700",2%,,Bangalore,Residential - Multi Storey Apartment
Kalyan Nagar,Oct-Dec 2021,"4,248-6,687","6,600",0.20%,,Bangalore,Residential - Multi Storey Apartment
Kalyan Nagar,Jul-Sep 2021,"4,190-6,722","6,500",10%,,Bangalore,Residential - Multi Storey Apartment
Kalyan Nagar,Apr-Jun 2021,"4,054-5,885","6,400",2%,,Bangalore,Residential - Multi Storey Apartment
Kalyan Nagar,Jan-Mar 2021,"4,077-6,094","6,300",2%,,Bangalore,Residential - Multi Storey Apartment
Kalyan Nagar,Oct-Dec 2020,"4,242-6,176","6,000",4%,,Bangalore,Residential - Multi Storey Apartment
Kalyan Nagar,Jul-Sep 2020,"3,883-6,129","6,300",0.30%,,Bangalore,Residential - Multi Storey Apartment
Kalyan Nagar,Apr-Jun 2020,"3,728-6,257","6,200",1%,,Bangalore,Residential - Multi Storey Apartment
Kalyan Nagar,Jan-Mar 2020,"3,929-6,155","6,000",6%,,Bangalore,Residential - Multi Storey Apartment
Kalyan Nagar,Oct-Dec 2019,"4,198-6,476","5,900",3.20%,,Bangalore,Residential - Multi Storey Apartment
Kalyan Nagar,Jul-Sep 2019,"4,000-7,000","5,800",2.70%,,Bangalore,Residential - Multi Storey Apartment
Kalyan Nagar,Apr-Jun 2019,"4,500-7,000","5,800",3%,,Bangalore,Residential - Multi Storey Apartment
Kalyan Nagar,Jan-Mar 2019,"4,461-7,604","5,500",15%,,Bangalore,Residential - Multi Storey Apartment
Kalyan Nagar,Oct-Dec 2018,"4,081-6,456","5,268",7%,,Bangalore,Residential - Multi Storey Apartment
Kalyan Nagar,Jul-Sep 2018,"3,943-5,874","4,908",11%,,Bangalore,Residential - Multi Storey Apartment
Block 1st Koramangala,Jul-Sep 2024,"12,326-18,888","15,607",1.20%,,Bangalore,Residential - Multi Storey Apartment
Block 1st Koramangala,Jul-Sep 2023,"10,058-15,053","12,555",2%,,Bangalore,Residential - Multi Storey Apartment
Block 1st Koramangala,Apr-Jun 2023,"9,835-14,757","12,296",2%,,Bangalore,Residential - Multi Storey Apartment
Block 1st Koramangala,Jan-Mar 2023,"9,438-14,706","12,072",1%,,Bangalore,Residential - Multi Storey Apartment
Block 1st Koramangala,Oct-Dec 2022,"9,342-14,522","11,932",2%,,Bangalore,Residential - Multi Storey Apartment
Block 1st Koramangala,Jul-Sep 2022,"9,924-14,519","12,222",8%,,Bangalore,Residential - Multi Storey Apartment
Block 1st Koramangala,Apr-Jun 2022,"8,553-14,040","11,297",5%,,Bangalore,Residential - Multi Storey Apartment
Block 1st Koramangala,Jan-Mar 2022,"7,968-13,607","10,787",2%,,Bangalore,Residential - Multi Storey Apartment
Block 1st Koramangala,Oct-Dec 2021,"7,795-13,258","10,526",7.20%,,Bangalore,Residential - Multi Storey Apartment
Block 1st Koramangala,Oct-Dec 2020,"8,973-14,659","11,816",3%,,Bangalore,Residential - Multi Storey Apartment
Block 1st Koramangala,Jul-Sep 2020,"10,010-14,364","12,187",5%,,Bangalore,Residential - Multi Storey Apartment
Block 1st Koramangala,Apr-Jun 2020,"8,847-14,428","11,638",3%,,Bangalore,Residential - Multi Storey Apartment
Block 1st Koramangala,Jan-Mar 2020,"8,517-14,108","11,313",3%,,Bangalore,Residential - Multi Storey Apartment
Block 1st Koramangala,Oct-Dec 2019,"8,905-13,058","10,982",2%,,Bangalore,Residential - Multi Storey Apartment
Block 1st Koramangala,Jul-Sep 2019,"8,991-13,472","11,231",5.10%,,Bangalore,Residential - Multi Storey Apartment
Vajarahalli,Jul-Sep 2024,"6,261-10,124","8,193",7%,,Bangalore,Residential - Multi Storey Apartment
Vajarahalli,Apr-Jun 2024,"5,640-9,614","7,627",1%,,Bangalore,Residential - Multi Storey Apartment
Vajarahalli,Jan-Mar 2024,"5,523-9,594","7,559",5.30%,,Bangalore,Residential - Multi Storey Apartment
Vajarahalli,Oct-Dec 2023,"5,424-9,686","7,555",5%,,Bangalore,Residential - Multi Storey Apartment
Vajarahalli,Jul-Sep 2023,"5,082-9,154","7,300",4%,,Bangalore,Residential - Multi Storey Apartment
Vajarahalli,Apr-Jun 2023,"5,002-8,742","7,200",3%,,Bangalore,Residential - Multi Storey Apartment
Vajarahalli,Jan-Mar 2023,"4,995-9,101","7,048",3%,,Bangalore,Residential - Multi Storey Apartment
Vajarahalli,Oct-Dec 2022,"5,137-8,761","6,200",4%,,Bangalore,Residential - Multi Storey Apartment
Vajarahalli,Jul-Sep 2022,"4,108-7,294","6,100",3%,,Bangalore,Residential - Multi Storey Apartment
Vajarahalli,Apr-Jun 2022,"4,450-7,697","6,073",4%,,Bangalore,Residential - Multi Storey Apartment
Vajarahalli,Jan-Mar 2022,"4,017-5,958","5,500",3%,,Bangalore,Residential - Multi Storey Apartment
Vajarahalli,Oct-Dec 2021,"3,800-6,800","5,300",3%,,Bangalore,Residential - Multi Storey Apartment
Vajarahalli,Jul-Sep 2021,"3,700-6,700","5,200",4%,,Bangalore,Residential - Multi Storey Apartment
Vajarahalli,Apr-Jun 2021,"3,600-6,600","5,100",3%,,Bangalore,Residential - Multi Storey Apartment
Vajarahalli,Jan-Mar 2021,"3,500-6,500","5,000",4%,,Bangalore,Residential - Multi Storey Apartment
Vajarahalli,Oct-Dec 2020,"3,200-6,200","4,700",3%,,Bangalore,Residential - Multi Storey Apartment
Vajarahalli,Jul-Sep 2020,"3,000-6,000","4,500",2%,,Bangalore,Residential - Multi Storey Apartment
Vajarahalli,Apr-Jun 2020,"2,900-5,900","4,400",3%,,Bangalore,Residential - Multi Storey Apartment
Vajarahalli,Jan-Mar 2020,"2,800-5,800","4,300",2%,,Bangalore,Residential - Multi Storey Apartment
Vajarahalli,Oct-Dec 2019,"2,600-5,600","4,100",3%,,Bangalore,Residential - Multi Storey Apartment
Vajarahalli,Jul-Sep 2019,"2,700-5,700","4,200",3%,,Bangalore,Residential - Multi Storey Apartment
Vajarahalli,Apr-Jun 2019,"2,600-5,600","4,000",4%,,Bangalore,Residential - Multi Storey Apartment
Vajarahalli,Jan-Mar 2019,"2,500-5,500","3,900",3%,,Bangalore,Residential - Multi Storey Apartment
Vajarahalli,Oct-Dec 2018,"2,400-5,400","3,800",2%,,Bangalore,Residential - Multi Storey Apartment
Vajarahalli,Jul-Sep 2018,"2,500-5,500","3,900",3%,,Bangalore,Residential - Multi Storey Apartment
Kammanahalli,Jul-Sep 2024,"10,701-18,558","14,630",5%,,Bangalore,Residential - Multi Storey Apartment
Kammanahalli,Apr-Jun 2024,"9,893-17,968","13,931",16%,,Bangalore,Residential - Multi Storey Apartment
Kammanahalli,Jan-Mar 2024,"8,943-15,035","12,800",5%,,Bangalore,Residential - Multi Storey Apartment
Kammanahalli,Oct-Dec 2023,"9,987-15,166","12,576",3%,,Bangalore,Residential - Multi Storey Apartment
Kammanahalli,Jul-Sep 2023,"10,260-14,210","12,235",4%,,Bangalore,Residential - Multi Storey Apartment
Kammanahalli,Apr-Jun 2023,"10,108-13,495","11,802",5%,,Bangalore,Residential - Multi Storey Apartment
Kammanahalli,Jan-Mar 2023,"9,346-13,108","11,227",0.40%,,Bangalore,Residential - Multi Storey Apartment
Kammanahalli,Oct-Dec 2022,"9,405-12,952","11,179",2%,,Bangalore,Residential - Multi Storey Apartment
Kammanahalli,Jul-Sep 2022,"9,113-12,702","10,907",6%,,Bangalore,Residential - Multi Storey Apartment
Kammanahalli,Apr-Jun 2022,"8,282-12,213","10,247",4%,,Bangalore,Residential - Multi Storey Apartment
Kammanahalli,Jan-Mar 2022,"7,736-11,937","9,836",5.70%,,Bangalore,Residential - Multi Storey Apartment
Kammanahalli,Jul-Sep 2021,"5,060-10,219","8,000",5%,,Bangalore,Residential - Multi Storey Apartment
Kammanahalli,Apr-Jun 2021,"4,813-9,784","7,800",3%,,Bangalore,Residential - Multi Storey Apartment
Kammanahalli,Jan-Mar 2021,"4,932-9,189","7,500",11%,,Bangalore,Residential - Multi Storey Apartment
Kammanahalli,Oct-Dec 2020,"4,574-8,096","7,300",5.20%,,Bangalore,Residential - Multi Storey Apartment
Kammanahalli,Jul-Sep 2020,"4,500-5,000","7,150",5.50%,,Bangalore,Residential - Multi Storey Apartment
Kammanahalli,Jan-Mar 2020,"7,440-10,724","7,200",4.30%,,Bangalore,Residential - Multi Storey Apartment
Kammanahalli,Apr-Jun 2019,"4,200-10,000","7,100",5%,,Bangalore,Residential - Multi Storey Apartment
Binny Pete,Jul-Sep 2024,"10,965-14,211","12,588",4%,,Bangalore,Residential - Multi Storey Apartment
Binny Pete,Apr-Jun 2024,"10,578-13,630","12,104",3%,,Bangalore,Residential - Multi Storey Apartment
Binny Pete,Jan-Mar 2024,"10,177-13,338","11,757",4%,,Bangalore,Residential - Multi Storey Apartment
Binny Pete,Oct-Dec 2023,"9,978-12,655","11,316",1%,,Bangalore,Residential - Multi Storey Apartment
Binny Pete,Jul-Sep 2023,"9,751-12,631","11,191",2%,,Bangalore,Residential - Multi Storey Apartment
Binny Pete,Apr-Jun 2023,"9,493-12,410","10,951",4%,,Bangalore,Residential - Multi Storey Apartment
Binny Pete,Jan-Mar 2023,"9,170-11,852","10,511",2%,,Bangalore,Residential - Multi Storey Apartment
Binny Pete,Oct-Dec 2022,"9,149-11,528","10,338",2%,,Bangalore,Residential - Multi Storey Apartment
Binny Pete,Jul-Sep 2022,"9,026-11,226","10,250",1%,,Bangalore,Residential - Multi Storey Apartment
Binny Pete,Apr-Jun 2022,"8,760-11,249","10,200",2%,,Bangalore,Residential - Multi Storey Apartment
Binny Pete,Jan-Mar 2022,"8,858-11,535","10,197",0.20%,,Bangalore,Residential - Multi Storey Apartment
Binny Pete,Oct-Dec 2021,"8,767-11,581","10,174",2.00%,,Bangalore,Residential - Multi Storey Apartment
Binny Pete,Jul-Sep 2021,"8,458-11,515","9,987",5%,,Bangalore,Residential - Multi Storey Apartment
Binny Pete,Apr-Jun 2021,"8,331-10,758","9,950",1%,,Bangalore,Residential - Multi Storey Apartment
Binny Pete,Jan-Mar 2021,"8,320-10,944","9,900",2%,,Bangalore,Residential - Multi Storey Apartment
Binny Pete,Oct-Dec 2020,"8,674-11,072","9,873",3%,,Bangalore,Residential - Multi Storey Apartment
Binny Pete,Jul-Sep 2020,"8,104-11,123","9,614",1%,,Bangalore,Residential - Multi Storey Apartment
Binny Pete,Apr-Jun 2020,"8,141-10,963","9,552",0.20%,,Bangalore,Residential - Multi Storey Apartment
Binny Pete,Jan-Mar 2020,"8,099-11,036","9,567",2%,,Bangalore,Residential - Multi Storey Apartment
Binny Pete,Oct-Dec 2019,"7,633-11,123","9,378",3%,,Bangalore,Residential - Multi Storey Apartment
Binny Pete,Jul-Sep 2019,"7,370-10,796","9,083",4%,,Bangalore,Residential - Multi Storey Apartment
Binny Pete,Apr-Jun 2019,"7,103-10,376","9,050",4%,,Bangalore,Residential - Multi Storey Apartment
Binny Pete,Jan-Mar 2019,"7,246-10,901","9,073",0.10%,,Bangalore,Residential - Multi Storey Apartment
Binny Pete,Oct-Dec 2018,"7,212-10,915","9,063",9%,,Bangalore,Residential - Multi Storey Apartment
Binny Pete,Jul-Sep 2018,"6,751-9,914","8,333",1%,,Bangalore,Residential - Multi Storey Apartment
Phase 2nd Judicial Layout,Jul-Sep 2024,"8,323-11,293","9,808",4%,,Bangalore,Residential - Multi Storey Apartment
Phase 2nd Judicial Layout,Apr-Jun 2024,"7,979-10,960","9,469",5%,,Bangalore,Residential - Multi Storey Apartment
Phase 2nd Judicial Layout,Jan-Mar 2024,"7,682-10,392","9,037",6%,,Bangalore,Residential - Multi Storey Apartment
Phase 2nd Judicial Layout,Oct-Dec 2023,"7,375-9,747","8,700",1%,,Bangalore,Residential - Multi Storey Apartment
Phase 2nd Judicial Layout,Jul-Sep 2023,"7,417-9,814","8,616",6.50%,,Bangalore,Residential - Multi Storey Apartment
Phase 2nd Judicial Layout,Apr-Jun 2023,"7,050-9,392","8,089",5%,,Bangalore,Residential - Multi Storey Apartment
Phase 2nd Judicial Layout,Jan-Mar 2023,"6,786-8,945","7,705",5%,,Bangalore,Residential - Multi Storey Apartment
Phase 2nd Judicial Layout,Oct-Dec 2022,"6,460-8,524","7,343",5%,,Bangalore,Residential - Multi Storey Apartment
Phase 2nd Judicial Layout,Jul-Sep 2022,"6,156-8,116","7,003",5%,,Bangalore,Residential - Multi Storey Apartment
Phase 2nd Judicial Layout,Apr-Jun 2022,"5,895-7,740","6,693",5%,,Bangalore,Residential - Multi Storey Apartment
Phase 2nd Judicial Layout,Jan-Mar 2022,"5,652-7,385","6,403",4%,,Bangalore,Residential - Multi Storey Apartment
Phase 2nd Judicial Layout,Oct-Dec 2021,"5,426-7,051","6,131",4%,,Bangalore,Residential - Multi Storey Apartment
Phase 2nd Judicial Layout,Jul-Sep 2021,"5,217-6,738","5,877",4%,,Bangalore,Residential - Multi Storey Apartment
Phase 2nd Judicial Layout,Apr-Jun 2021,"5,014-6,445","5,640",4%,,Bangalore,Residential - Multi Storey Apartment
Phase 2nd Judicial Layout,Jan-Mar 2021,"4,818-6,171","5,419",4%,,Bangalore,Residential - Multi Storey Apartment
Phase 2nd Judicial Layout,Oct-Dec 2020,"4,630-5,916","5,213",4%,,Bangalore,Residential - Multi Storey Apartment
Phase 2nd Judicial Layout,Jul-Sep 2020,"4,448-5,678","5,022",4%,,Bangalore,Residential - Multi Storey Apartment
Phase 2nd Judicial Layout,Apr-Jun 2020,"4,271-5,457","4,846",4%,,Bangalore,Residential - Multi Storey Apartment
Phase 2nd Judicial Layout,Jan-Mar 2020,"4,101-5,252","4,683",4%,,Bangalore,Residential - Multi Storey Apartment
Phase 2nd Judicial Layout,Oct-Dec 2019,"3,936-5,062","4,533",4%,,Bangalore,Residential - Multi Storey Apartment
Phase 2nd Judicial Layout,Jul-Sep 2019,"3,777-4,887","4,395",3%,,Bangalore,Residential - Multi Storey Apartment
Phase 2nd Judicial Layout,Apr-Jun 2019,"3,623-4,725","4,269",3%,,Bangalore,Residential - Multi Storey Apartment
Phase 2nd Judicial Layout,Jan-Mar 2019,"3,475-4,577","4,153",3%,,Bangalore,Residential - Multi Storey Apartment
Phase 2nd Judicial Layout,Oct-Dec 2018,"3,331-4,440","4,047",3%,,Bangalore,Residential - Multi Storey Apartment
Phase 2nd Judicial Layout,Jul-Sep 2018,"3,191-4,314","3,950",3%,,Bangalore,Residential - Multi Storey Apartment
Bilekahalli,Jul-Sep 2024,"5,518-9,888","7,703",1%,,Bangalore,Residential - Multi Storey Apartment
Bilekahalli,Apr-Jun 2024,"5,409-10,127","7,768",6.00%,,Bangalore,Residential - Multi Storey Apartment
Bilekahalli,Jan-Mar 2024,"5,020-9,661","7,340",0.10%,,Bangalore,Residential - Multi Storey Apartment
Bilekahalli,Oct-Dec 2023,"5,108-9,556","7,332",2%,,Bangalore,Residential - Multi Storey Apartment
Bilekahalli,Jul-Sep 2023,"4,785-9,576","7,181",21%,,Bangalore,Residential - Multi Storey Apartment
Bilekahalli,Apr-Jun 2023,"4,510-7,373","6,000",6%,,Bangalore,Residential - Multi Storey Apartment
Bilekahalli,Jan-Mar 2023,"4,367-6,838","5,800",1%,,Bangalore,Residential - Multi Storey Apartment
Bilekahalli,Oct-Dec 2022,"4,241-6,888","5,564",8%,,Bangalore,Residential - Multi Storey Apartment
Bilekahalli,Jul-Sep 2022,"3,977-6,369","5,450",5%,,Bangalore,Residential - Multi Storey Apartment
Bilekahalli,Apr-Jun 2022,"3,942-6,899","5,420",7%,,Bangalore,Residential - Multi Storey Apartment
Bilekahalli,Jan-Mar 2022,"3,850-6,272","5,061",3%,,Bangalore,Residential - Multi Storey Apartment
Bilekahalli,Oct-Dec 2021,"3,760-6,085","5,300",1%,,Bangalore,Residential - Multi Storey Apartment
Bilekahalli,Jul-Sep 2021,"3,725-5,983","5,200",3%,,Bangalore,Residential - Multi Storey Apartment
Bilekahalli,Apr-Jun 2021,"3,928-6,098","5,100",19%,,Bangalore,Residential - Multi Storey Apartment
Bilekahalli,Jan-Mar 2021,"3,181-5,226","5,000",18%,,Bangalore,Residential - Multi Storey Apartment
Bilekahalli,Oct-Dec 2020,"3,883-6,314","4,800",0.40%,,Bangalore,Residential - Multi Storey Apartment
Bilekahalli,Jul-Sep 2020,"3,916-6,236","4,600",1%,,Bangalore,Residential - Multi Storey Apartment
Bilekahalli,Apr-Jun 2020,"3,804-6,406","4,500",1%,,Bangalore,Residential - Multi Storey Apartment
Bilekahalli,Jan-Mar 2020,"3,936-6,355","4,340",8%,,Bangalore,Residential - Multi Storey Apartment
Bilekahalli,Oct-Dec 2019,"4,082-7,125","4,200",5%,,Bangalore,Residential - Multi Storey Apartment
Bilekahalli,Jul-Sep 2019,"3,929-6,765","4,500",0.20%,,Bangalore,Residential - Multi Storey Apartment
Bilekahalli,Apr-Jun 2019,"4,139-6,533","4,700",10%,,Bangalore,Residential - Multi Storey Apartment
Bilekahalli,Jan-Mar 2019,"3,888-5,841","4,864",6.20%,,Bangalore,Residential - Multi Storey Apartment
Bilekahalli,Oct-Dec 2018,"3,714-6,010","4,862",8%,,Bangalore,Residential - Multi Storey Apartment
Bilekahalli,Jul-Sep 2018,"4,003-6,597","5,300",5%,,Bangalore,Residential - Multi Storey Apartment
Kammasandra Electronic City,Jul-Sep 2024,"3,641-6,238","5,600",9%,,Bangalore,Residential - Multi Storey Apartment
Kammasandra Electronic City,Apr-Jun 2024,"3,483-5,612","5,800",1%,,Bangalore,Residential - Multi Storey Apartment
Kammasandra Electronic City,Jan-Mar 2024,"3,523-5,501","5,400",3%,,Bangalore,Residential - Multi Storey Apartment
Kammasandra Electronic City,Oct-Dec 2023,"3,340-5,412","5,250",1%,,Bangalore,Residential - Multi Storey Apartment
Kammasandra Electronic City,Jul-Sep 2023,"3,371-5,257","5,200",4%,,Bangalore,Residential - Multi Storey Apartment
Kammasandra Electronic City,Apr-Jun 2023,"3,150-5,111","5,500",5%,,Bangalore,Residential - Multi Storey Apartment
Kammasandra Electronic City,Jan-Mar 2023,"3,080-4,823","5,800",,,Bangalore,Residential - Multi Storey Apartment
Kammasandra Electronic City,Oct-Dec 2022,"4,800-5,700","5,300",5.70%,,Bangalore,Residential - Multi Storey Apartment
Kammasandra Electronic City,Jul-Sep 2022,"4,500-5,300","5,200",6..1%,,Bangalore,Residential - Multi Storey Apartment
Kammasandra Electronic City,Apr-Jun 2022,"4,200-5,000","5,500",10.80%,,Bangalore,Residential - Multi Storey Apartment
Kammasandra Electronic City,Jan-Mar 2022,"3,800-4,500","5,400",11.20%,,Bangalore,Residential - Multi Storey Apartment
Kammasandra Electronic City,Oct-Dec 2021,"3,400-4,100","5,300",8.80%,,Bangalore,Residential - Multi Storey Apartment
Kammasandra Electronic City,Jul-Sep 2021,"3,100-3,800","5,250",9.12%,,Bangalore,Residential - Multi Storey Apartment
Kammasandra Electronic City,Apr-Jun 2021,"2,800-3,500","5,150",11.30%,,Bangalore,Residential - Multi Storey Apartment
Kammasandra Electronic City,Jan-Mar 2021,"2,500-3,000","4,900",10.20%,,Bangalore,Residential - Multi Storey Apartment
Kammasandra Electronic City,Oct-Dec 2020,"2,300-2,800","4,800",8.50%,,Bangalore,Residential - Multi Storey Apartment
Kammasandra Electronic City,Jul-Sep 2020,"2,100-2,600","4,800",7%,,Bangalore,Residential - Multi Storey Apartment
Kammasandra Electronic City,Apr-Jun 2020,"2,000-2,400","4,800",6.10%,,Bangalore,Residential - Multi Storey Apartment
Kammasandra Electronic City,Jan-Mar 2020,"1,900-2,300","4,700",5.80%,,Bangalore,Residential - Multi Storey Apartment
Kammasandra Electronic City,Oct-Dec 2019,"1,800-2,100","4,600",6.40%,,Bangalore,Residential - Multi Storey Apartment
Kammasandra Electronic City,Jul-Sep 2019,"1,700-2,000","4,500",6.80%,,Bangalore,Residential - Multi Storey Apartment
Kammasandra Electronic City,Apr-Jun 2019,"1,500-2,000","4,450",5.80%,,Bangalore,Residential - Multi Storey Apartment
Kammasandra Electronic City,Jan-Mar 2019,"1,400-1,800","4,450",6.20%,,Bangalore,Residential - Multi Storey Apartment
Kammasandra Electronic City,Oct-Dec 2018,"1,300-1,800","4,300",6.50%,,Bangalore,Residential - Multi Storey Apartment
Kammasandra Electronic City,Jul-Sep 2018,"1,200-1,600","4,250",5%,,Bangalore,Residential - Multi Storey Apartment
Varthur,Jul-Sep 2024,"10,251-15,181","12,716",8%,,Bangalore,Residential - Multi Storey Apartment
Varthur,Apr-Jun 2024,"9,112-14,348","11,730",10%,,Bangalore,Residential - Multi Storey Apartment
Varthur,Jan-Mar 2024,"8,031-13,331","10,681",5%,,Bangalore,Residential - Multi Storey Apartment
Varthur,Oct-Dec 2023,"7,934-12,470","10,202",2%,,Bangalore,Residential - Multi Storey Apartment
Varthur,Jul-Sep 2023,"7,805-12,149","9,977",4%,,Bangalore,Residential - Multi Storey Apartment
Varthur,Apr-Jun 2023,"7,298-11,860","9,579",30%,,Bangalore,Residential - Multi Storey Apartment
Varthur,Jan-Mar 2023,"5,214-9,501","7,358",9%,,Bangalore,Residential - Multi Storey Apartment
Varthur,Oct-Dec 2022,"4,923-8,586","6,900",8%,,Bangalore,Residential - Multi Storey Apartment
Varthur,Jul-Sep 2022,"4,738-7,812","6,800",4%,,Bangalore,Residential - Multi Storey Apartment
Varthur,Apr-Jun 2022,"4,623-7,392","6,500",1%,,Bangalore,Residential - Multi Storey Apartment
Varthur,Jan-Mar 2022,"4,557-7,362","6,400",4%,,Bangalore,Residential - Multi Storey Apartment
Varthur,Oct-Dec 2021,"4,504-6,916","6,300",1%,,Bangalore,Residential - Multi Storey Apartment
Varthur,Jul-Sep 2021,"4,407-6,918","6,200",5%,,Bangalore,Residential - Multi Storey Apartment
Varthur,Apr-Jun 2021,"4,207-6,624","6,100",6%,,Bangalore,Residential - Multi Storey Apartment
Varthur,Jan-Mar 2021,"4,466-7,053","6,000",2%,,Bangalore,Residential - Multi Storey Apartment
Varthur,Oct-Dec 2020,"4,515-6,829","5,900",3%,,Bangalore,Residential - Multi Storey Apartment
Varthur,Jul-Sep 2020,"4,240-6,785","5,800",3%,,Bangalore,Residential - Multi Storey Apartment
Varthur,Apr-Jun 2020,"4,404-6,965","5,700",2%,,Bangalore,Residential - Multi Storey Apartment
Varthur,Jan-Mar 2020,"4,331-6,857","5,625",3%,,Bangalore,Residential - Multi Storey Apartment
Varthur,Oct-Dec 2019,"4,108-6,788","5,600",2%,,Bangalore,Residential - Multi Storey Apartment
Varthur,Jul-Sep 2019,"4,262-6,908","5,585",3%,,Bangalore,Residential - Multi Storey Apartment
Varthur,Apr-Jun 2019,"4,058-6,800","5,429",0.30%,,Bangalore,Residential - Multi Storey Apartment
Varthur,Jan-Mar 2019,"4,055-6,837","5,446",2%,,Bangalore,Residential - Multi Storey Apartment
Varthur,Oct-Dec 2018,"3,994-6,672","5,333",4%,,Bangalore,Residential - Multi Storey Apartment
Varthur,Jul-Sep 2018,"3,836-6,401","5,119",8%,,Bangalore,Residential - Multi Storey Apartment
Phase 2 Electronic City,Jul-Sep 2024,"5,188-8,635","6,911",3%,,Bangalore,Residential - Multi Storey Apartment
Phase 2 Electronic City,Apr-Jun 2024,"5,098-8,346","6,722",8%,,Bangalore,Residential - Multi Storey Apartment
Phase 2 Electronic City,Jan-Mar 2024,"4,627-7,775","6,201",16%,,Bangalore,Residential - Multi Storey Apartment
Phase 2 Electronic City,Oct-Dec 2023,"3,698-6,980","5,339",20%,,Bangalore,Residential - Multi Storey Apartment
Phase 2 Electronic City,Jul-Sep 2023,"3,112-5,756","4,434",0.30%,,Bangalore,Residential - Multi Storey Apartment
Phase 2 Electronic City,Apr-Jun 2023,"3,036-5,803","4,420",10%,,Bangalore,Residential - Multi Storey Apartment
Phase 2 Electronic City,Jan-Mar 2023,"3,430-6,367","4,899",5%,,Bangalore,Residential - Multi Storey Apartment
Phase 2 Electronic City,Oct-Dec 2022,"3,204-6,161","4,683",1%,,Bangalore,Residential - Multi Storey Apartment
Phase 2 Electronic City,Jul-Sep 2022,"3,205-6,263","4,734",0.40%,,Bangalore,Residential - Multi Storey Apartment
Phase 2 Electronic City,Apr-Jun 2022,"3,249-6,179","4,714",7%,,Bangalore,Residential - Multi Storey Apartment
Phase 2 Electronic City,Jan-Mar 2022,"3,637-6,494","5,065",2%,,Bangalore,Residential - Multi Storey Apartment
Phase 2 Electronic City,Oct-Dec 2021,"3,547-6,424","4,985",4%,,Bangalore,Residential - Multi Storey Apartment
Phase 2 Electronic City,Jul-Sep 2021,"3,365-6,217","4,791",1%,,Bangalore,Residential - Multi Storey Apartment
Phase 2 Electronic City,Apr-Jun 2021,"3,522-6,186","4,854",0.10%,,Bangalore,Residential - Multi Storey Apartment
Phase 2 Electronic City,Jan-Mar 2021,"3,583-6,110","4,847",2%,,Bangalore,Residential - Multi Storey Apartment
Phase 2 Electronic City,Oct-Dec 2020,"3,495-5,994","4,745",3%,,Bangalore,Residential - Multi Storey Apartment
Phase 2 Electronic City,Jul-Sep 2020,"3,674-6,116","4,895",2%,,Bangalore,Residential - Multi Storey Apartment
Phase 2 Electronic City,Apr-Jun 2020,"3,835-6,176","5,005",3%,,Bangalore,Residential - Multi Storey Apartment
Phase 2 Electronic City,Jan-Mar 2020,"4,001-6,269","5,135",2%,,Bangalore,Residential - Multi Storey Apartment
Phase 2 Electronic City,Oct-Dec 2019,"3,857-6,221","5,039",5%,,Bangalore,Residential - Multi Storey Apartment
Phase 2 Electronic City,Jul-Sep 2019,"3,661-5,957","4,809",1%,,Bangalore,Residential - Multi Storey Apartment
Phase 2 Electronic City,Apr-Jun 2019,"3,731-5,956","4,844",3%,,Bangalore,Residential - Multi Storey Apartment
Phase 2 Electronic City,Jan-Mar 2019,"3,580-5,832","4,706",1%,,Bangalore,Residential - Multi Storey Apartment
Phase 2 Electronic City,Oct-Dec 2018,"3,491-5,983","4,737",5%,,Bangalore,Residential - Multi Storey Apartment
Phase 2 Electronic City,Jul-Sep 2018,"3,241-5,797","4,519",3%,,Bangalore,Residential - Multi Storey Apartment
Kanakapura,Jul-Sep 2024,"6,950-11,706","9,328",8%,,Bangalore,Residential - Multi Storey Apartment
Kanakapura,Apr-Jun 2024,"6,800-10,438","9,600",5%,,Bangalore,Residential - Multi Storey Apartment
Kanakapura,Jan-Mar 2024,"7,116-10,971","9,044",1%,,Bangalore,Residential - Multi Storey Apartment
Kanakapura,Oct-Dec 2023,"6,906-10,988","8,947",3.10%,,Bangalore,Residential - Multi Storey Apartment
Kanakapura,Jul-Sep 2023,"6,500-7,200","7,400",4.80%,,Bangalore,Residential - Multi Storey Apartment
Kanakapura,Apr-Jun 2023,"6,000-6,700","7,320",8%,,Bangalore,Residential - Multi Storey Apartment
Kanakapura,Jan-Mar 2023,"5,500-6,200","7,300",7.50%,,Bangalore,Residential - Multi Storey Apartment
Kanakapura,Oct-Dec 2022,"5,100-5,800","7,250",9.80%,,Bangalore,Residential - Multi Storey Apartment
Kanakapura,Jul-Sep 2022,"4,700-5,300","7,000",7.10%,,Bangalore,Residential - Multi Storey Apartment
Kanakapura,Apr-Jun 2022,"4,300-5,000","6,600",6.60%,,Bangalore,Residential - Multi Storey Apartment
Kanakapura,Jan-Mar 2022,"4,000-4,700","6,200",4.10%,,Bangalore,Residential - Multi Storey Apartment
Kanakapura,Oct-Dec 2021,"3,900-4,500","5,850",4.50%,,Bangalore,Residential - Multi Storey Apartment
Kanakapura,Jul-Sep 2021,"3,700-4,300","5,550",7.50%,,Bangalore,Residential - Multi Storey Apartment
Kanakapura,Jul-Sep 2020,"3,400-4,000","4,400",6.50%,,Bangalore,Residential - Multi Storey Apartment
Kanakapura,Apr-Jun 2020,"3,200-3,800","4,550",5.80%,,Bangalore,Residential - Multi Storey Apartment
Kanakapura,Jan-Mar 2020,"3,000-3,600","4,500",6.40%,,Bangalore,Residential - Multi Storey Apartment
Kanakapura,Oct-Dec 2019,"2,800-3,400","4,350",5.10%,,Bangalore,Residential - Multi Storey Apartment
Kanakapura,Jul-Sep 2019,"2,700-3,200","4,200",4.30%,,Bangalore,Residential - Multi Storey Apartment
Kanakapura,Apr-Jun 2019,"2,500-3,000","3,900",5%,,Bangalore,Residential - Multi Storey Apartment
Kanakapura,Jan-Mar 2019,"2,400-2,900","3,800",4.60%,,Bangalore,Residential - Multi Storey Apartment
Kanakapura,Oct-Dec 2018,"2,300-2,800","3,500",5%,,Bangalore,Residential - Multi Storey Apartment
Kanakapura Road,Jul-Sep 2024,"6,878-11,779","9,328",4%,,Bangalore,Residential - Multi Storey Apartment
Kanakapura Road,Apr-Jun 2024,"6,673-11,348","9,010",5%,,Bangalore,Residential - Multi Storey Apartment
Kanakapura Road,Jan-Mar 2024,"6,301-10,897","8,599",3%,,Bangalore,Residential - Multi Storey Apartment
Kanakapura Road,Oct-Dec 2023,"6,048-10,630","8,339",6%,,Bangalore,Residential - Multi Storey Apartment
Kanakapura Road,Jul-Sep 2023,"5,536-10,142","7,839",5%,,Bangalore,Residential - Multi Storey Apartment
Kanakapura Road,Apr-Jun 2023,"5,291-9,634","7,463",6%,,Bangalore,Residential - Multi Storey Apartment
Kanakapura Road,Jan-Mar 2023,"5,031-9,047","7,039",4%,,Bangalore,Residential - Multi Storey Apartment
Kanakapura Road,Oct-Dec 2022,"5,019-8,548","6,784",8%,,Bangalore,Residential - Multi Storey Apartment
Kanakapura Road,Jul-Sep 2022,"4,621-7,994","6,308",3%,,Bangalore,Residential - Multi Storey Apartment
Kanakapura Road,Apr-Jun 2022,"4,530-7,737","6,133",1%,,Bangalore,Residential - Multi Storey Apartment
Kanakapura Road,Jan-Mar 2022,"4,447-7,732","6,089",1%,,Bangalore,Residential - Multi Storey Apartment
Kanakapura Road,Oct-Dec 2021,"4,403-7,654","6,029",2%,,Bangalore,Residential - Multi Storey Apartment
Kanakapura Road,Jul-Sep 2021,"4,364-7,452","5,908",2%,,Bangalore,Residential - Multi Storey Apartment
Kanakapura Road,Apr-Jun 2021,"4,278-7,288","5,783",1%,,Bangalore,Residential - Multi Storey Apartment
Kanakapura Road,Jan-Mar 2021,"4,242-7,173","5,707",3%,,Bangalore,Residential - Multi Storey Apartment
Kanakapura Road,Oct-Dec 2020,"4,221-7,487","5,854",2%,,Bangalore,Residential - Multi Storey Apartment
Kanakapura Road,Jul-Sep 2020,"4,247-7,675","5,961",3%,,Bangalore,Residential - Multi Storey Apartment
Kanakapura Road,Apr-Jun 2020,"4,216-7,401","5,808",6%,,Bangalore,Residential - Multi Storey Apartment
Kanakapura Road,Jan-Mar 2020,"4,284-7,327","5,806",0.40%,,Bangalore,Residential - Multi Storey Apartment
Kanakapura Road,Oct-Dec 2019,"4,275-7,390","5,832",2%,,Bangalore,Residential - Multi Storey Apartment
Kanakapura Road,Jul-Sep 2019,"4,240-7,195","5,717",5%,,Bangalore,Residential - Multi Storey Apartment
Kanakapura Road,Apr-Jun 2019,"4,146-6,762","5,454",4%,,Bangalore,Residential - Multi Storey Apartment
Kanakapura Road,Jan-Mar 2019,"3,960-6,574","5,267",1%,,Bangalore,Residential - Multi Storey Apartment
Kanakapura Road,Oct-Dec 2018,"3,982-6,610","5,296",2%,,Bangalore,Residential - Multi Storey Apartment
Kanakapura Road,Jul-Sep 2018,"4,008-6,416","5,212",2%,,Bangalore,Residential - Multi Storey Apartment
Bhoganhalli,Jul-Sep 2024,"12,998-18,713","15,855",10.50%,,Bangalore,Residential - Multi Storey Apartment
Bhoganhalli,Oct-Dec 2023,"11,910-16,774","14,342",5%,,Bangalore,Residential - Multi Storey Apartment
Bhoganhalli,Jul-Sep 2023,"12,453-17,607","15,030",4.86%,,Bangalore,Residential - Multi Storey Apartment
Bhoganhalli,Jan-Mar 2023,"12,800-17,500","8,900",5%,,Bangalore,Residential - Multi Storey Apartment
Bhoganhalli,Oct-Dec 2022,"11,800-16,500","7,000",3.70%,,Bangalore,Residential - Multi Storey Apartment
Bhoganhalli,Jul-Sep 2022,"11,500-15,500","6,750",6%,,Bangalore,Residential - Multi Storey Apartment
Bhoganhalli,Apr-Jun 2022,"10,800-14,500","8,400",6.20%,,Bangalore,Residential - Multi Storey Apartment
Bhoganhalli,Oct-Dec 2021,"10,500-14,000","9,550",6.60%,,Bangalore,Residential - Multi Storey Apartment
Bhoganhalli,Jul-Sep 2021,"9,500-13,500","8,800",6.10%,,Bangalore,Residential - Multi Storey Apartment
Bhoganhalli,Jan-Mar 2021,"9,000-12,000","6,500",9.20%,,Bangalore,Residential - Multi Storey Apartment
Bhoganhalli,Oct-Dec 2020,"8,500-11,500","7,700",7.70%,,Bangalore,Residential - Multi Storey Apartment
Bhoganhalli,Jul-Sep 2020,"8,000-10,000","7,700",7.10%,,Bangalore,Residential - Multi Storey Apartment
Bhoganhalli,Apr-Jun 2020,"7,500-9,500","7,150",5%,,Bangalore,Residential - Multi Storey Apartment
Bhoganhalli,Jan-Mar 2020,"7,000-9,000","8,600",6.60%,,Bangalore,Residential - Multi Storey Apartment
Bhoganhalli,Oct-Dec 2019,"5,885-7,467","6,676",2%,,Bangalore,Residential - Multi Storey Apartment
Bhoganhalli,Jul-Sep 2019,"5,794-7,314","6,554",1%,,Bangalore,Residential - Multi Storey Apartment
Bhoganhalli,Apr-Jun 2019,"5,664-7,262","6,463",2%,,Bangalore,Residential - Multi Storey Apartment
Bhoganhalli,Jan-Mar 2019,"5,310-7,340","6,325",2%,,Bangalore,Residential - Multi Storey Apartment
Bhoganhalli,Oct-Dec 2018,"5,449-6,956","6,203",1%,,Bangalore,Residential - Multi Storey Apartment
Bhoganhalli,Jul-Sep 2018,"5,464-6,857","6,161",3%,,Bangalore,Residential - Multi Storey Apartment
Varthur Lake Road,Jul-Sep 2024,"10,517-15,763","13,140",7%,,Bangalore,Residential - Multi Storey Apartment
Varthur Lake Road,Apr-Jun 2024,"9,838-14,661","12,249",1%,,Bangalore,Residential - Multi Storey Apartment
Varthur Lake Road,Jan-Mar 2024,"10,457-14,344","12,400",,,Bangalore,Residential - Multi Storey Apartment
Varthur Lake Road,Oct-Dec 2023,"10,100-14,000","9,600",3.30%,,Bangalore,Residential - Multi Storey Apartment
Varthur Lake Road,Jul-Sep 2023,"9,800-13,500","9,150",2.60%,,Bangalore,Residential - Multi Storey Apartment
Varthur Lake Road,Apr-Jun 2023,"9,650-13,200","7,950",4.60%,,Bangalore,Residential - Multi Storey Apartment
Varthur Lake Road,Jan-Mar 2023,"9,150-12,800","6,800",5.80%,,Bangalore,Residential - Multi Storey Apartment
Varthur Lake Road,Oct-Dec 2022,"8,800-12,300","6,350",5.10%,,Bangalore,Residential - Multi Storey Apartment
Varthur Lake Road,Jul-Sep 2022,"8,500-11,800","6,300",3.20%,,Bangalore,Residential - Multi Storey Apartment
Varthur Lake Road,Apr-Jun 2022,"8,200-11,400","6,000",4.50%,,Bangalore,Residential - Multi Storey Apartment
Varthur Lake Road,Jan-Mar 2022,"7,900-10,900","5,900",5%,,Bangalore,Residential - Multi Storey Apartment
Varthur Lake Road,Oct-Dec 2021,"7,500-10,500","5,300",6.20%,,Bangalore,Residential - Multi Storey Apartment
Varthur Lake Road,Jul-Sep 2021,"7,200-10,000","5,550",6.60%,,Bangalore,Residential - Multi Storey Apartment
Varthur Lake Road,Apr-Jun 2021,"6,800-9,500","5,500",7%,,Bangalore,Residential - Multi Storey Apartment
Varthur Lake Road,Jan-Mar 2021,"6,400-9,000","5,100",7.70%,,Bangalore,Residential - Multi Storey Apartment
Varthur Lake Road,Oct-Dec 2020,"6,000-8,500","5,950",8.30%,,Bangalore,Residential - Multi Storey Apartment
Varthur Lake Road,Jul-Sep 2020,"5,800-8,000","6,100",9%,,Bangalore,Residential - Multi Storey Apartment
Varthur Lake Road,Apr-Jun 2020,"5,500-7,600","6,250",7.80%,,Bangalore,Residential - Multi Storey Apartment
Varthur Lake Road,Jan-Mar 2020,"5,300-7,300","4,800",6.20%,,Bangalore,Residential - Multi Storey Apartment
Varthur Lake Road,Oct-Dec 2019,"5,000-7,000","4,550",4.30%,,Bangalore,Residential - Multi Storey Apartment
Varthur Lake Road,Jul-Sep 2019,"4,800-6,700","4,650",4.50%,,Bangalore,Residential - Multi Storey Apartment
Varthur Lake Road,Apr-Jun 2019,"4,600-6,400","4,300",4.70%,,Bangalore,Residential - Multi Storey Apartment
Varthur Lake Road,Jan-Mar 2019,"4,400-6,200","4,200",5%,,Bangalore,Residential - Multi Storey Apartment
Varthur Lake Road,Oct-Dec 2018,"4,200-6,000","4,700",5.20%,,Bangalore,Residential - Multi Storey Apartment
Varthur Lake Road,Jul-Sep 2018,"4,000-5,800","5,100",3%,,Bangalore,Residential - Multi Storey Apartment
Phase 1 Electronics City,Jul-Sep 2024,"5,242-9,532","7,387",5%,,Bangalore,Residential - Multi Storey Apartment
Phase 1 Electronics City,Apr-Jun 2024,"4,918-9,188","7,053",1%,,Bangalore,Residential - Multi Storey Apartment
Phase 1 Electronics City,Jan-Mar 2024,"5,055-9,143","7,099",11%,,Bangalore,Residential - Multi Storey Apartment
Phase 1 Electronics City,Oct-Dec 2023,"4,712-8,088","6,400",5%,,Bangalore,Residential - Multi Storey Apartment
Phase 1 Electronics City,Jul-Sep 2023,"4,513-7,694","6,104",1%,,Bangalore,Residential - Multi Storey Apartment
Phase 1 Electronics City,Apr-Jun 2023,"4,526-7,797","6,162",9%,,Bangalore,Residential - Multi Storey Apartment
Phase 1 Electronics City,Jan-Mar 2023,"4,125-7,186","5,656",1%,,Bangalore,Residential - Multi Storey Apartment
Phase 1 Electronics City,Oct-Dec 2022,"4,130-7,116","5,623",6%,,Bangalore,Residential - Multi Storey Apartment
Phase 1 Electronics City,Jul-Sep 2022,"3,829-6,798","5,313",0.10%,,Bangalore,Residential - Multi Storey Apartment
Phase 1 Electronics City,Apr-Jun 2022,"3,897-6,718","5,307",7%,,Bangalore,Residential - Multi Storey Apartment
Phase 1 Electronics City,Jan-Mar 2022,"5,242-9,532","4,981",1%,,Bangalore,Residential - Multi Storey Apartment
Phase 1 Electronics City,Oct-Dec 2021,"3,668-6,201","4,934",2%,,Bangalore,Residential - Multi Storey Apartment
Phase 1 Electronics City,Jul-Sep 2021,"3,531-6,100","4,816",4%,,Bangalore,Residential - Multi Storey Apartment
Phase 1 Electronics City,Apr-Jun 2021,"3,792-6,213","5,003",0.30%,,Bangalore,Residential - Multi Storey Apartment
Phase 1 Electronics City,Jan-Mar 2021,"3,750-6,230","4,990",4%,,Bangalore,Residential - Multi Storey Apartment
Phase 1 Electronics City,Oct-Dec 2020,"3,556-6,043","4,800",2%,,Bangalore,Residential - Multi Storey Apartment
Phase 1 Electronics City,Jul-Sep 2020,"3,678-6,143","4,911",2%,,Bangalore,Residential - Multi Storey Apartment
Phase 1 Electronics City,Apr-Jun 2020,"3,814-6,195","5,004",3%,,Bangalore,Residential - Multi Storey Apartment
Phase 1 Electronics City,Jan-Mar 2020,"3,988-6,318","5,153",3%,,Bangalore,Residential - Multi Storey Apartment
Phase 1 Electronics City,Oct-Dec 2019,"3,943-6,366","5,154",5%,,Bangalore,Residential - Multi Storey Apartment
Phase 1 Electronics City,Jul-Sep 2019,"3,737-6,065","4,901",4%,,Bangalore,Residential - Multi Storey Apartment
Phase 1 Electronics City,Apr-Jun 2019,"3,515-5,953","4,734",2%,,Bangalore,Residential - Multi Storey Apartment
Phase 1 Electronics City,Jan-Mar 2019,"3,460-5,846","4,653",1%,,Bangalore,Residential - Multi Storey Apartment
Phase 1 Electronics City,Oct-Dec 2018,"3,367-5,828","4,597",0.40%,,Bangalore,Residential - Multi Storey Apartment
Phase 1 Electronics City,Jul-Sep 2018,"3,345-5,889","4,617",4%,,Bangalore,Residential - Multi Storey Apartment
Kannamangala,Jul-Sep 2024,"7,493-12,244","9,869",5%,,Bangalore,Residential - Multi Storey Apartment
Kannamangala,Apr-Jun 2024,"7,356-11,417","9,386",9.00%,,Bangalore,Residential - Multi Storey Apartment
Kannamangala,Jan-Mar 2024,"6,758-10,477","8,617",0.30%,,Bangalore,Residential - Multi Storey Apartment
Kannamangala,Oct-Dec 2023,"6,891-10,293","8,592",5%,,Bangalore,Residential - Multi Storey Apartment
Kannamangala,Jul-Sep 2023,"6,470-9,963","8,216",3%,,Bangalore,Residential - Multi Storey Apartment
Kannamangala,Apr-Jun 2023,"6,286-9,695","7,990",6%,,Bangalore,Residential - Multi Storey Apartment
Kannamangala,Jan-Mar 2023,"5,620-9,483","7,551",5%,,Bangalore,Residential - Multi Storey Apartment
Kannamangala,Oct-Dec 2022,"5,500-7,500","7,150",2%,,Bangalore,Residential - Multi Storey Apartment
Kannamangala,Jul-Sep 2022,"6,500-8,000","7,300",5%,,Bangalore,Residential - Multi Storey Apartment
Kannamangala,Apr-Jun 2022,"5,241-8,106","6,674",6%,,Bangalore,Residential - Multi Storey Apartment
Kannamangala,Jan-Mar 2022,"4,687-7,851","6,269",5%,,Bangalore,Residential - Multi Storey Apartment
Kannamangala,Oct-Dec 2021,"2,899-11,494","6,300",4.40%,,Bangalore,Residential - Multi Storey Apartment
Kannamangala,Jul-Sep 2021,"2,415-9,578","6,650",2%,,Bangalore,Residential - Multi Storey Apartment
Kannamangala,Apr-Jun 2021,"2,102-7,980","5,550",2%,,Bangalore,Residential - Multi Storey Apartment
Kannamangala,Jan-Mar 2021,"4,670-7,111","5,891",10%,,Bangalore,Residential - Multi Storey Apartment
Kannamangala,Oct-Dec 2020,"2,500-8,250","5,300",5%,,Bangalore,Residential - Multi Storey Apartment
Kannamangala,Jul-Sep 2020,"2,160-6,875","5,750",10%,,Bangalore,Residential - Multi Storey Apartment
Kannamangala,Apr-Jun 2020,"2,100-6,530","5,650",5%,,Bangalore,Residential - Multi Storey Apartment
Kannamangala,Jan-Mar 2020,"2,000-6,200","5,750",2%,,Bangalore,Residential - Multi Storey Apartment
Kannamangala,Oct-Dec 2019,"1,940-6,050","5,450",3%,,Bangalore,Residential - Multi Storey Apartment
Kannamangala,Jul-Sep 2019,"1,850-5,775","5,350",5%,,Bangalore,Residential - Multi Storey Apartment
Kannamangala,Apr-Jun 2019,"1,760-5,500","5,700",5%,,Bangalore,Residential - Multi Storey Apartment
Kannamangala,Jan-Mar 2019,"1,680-5,240","5,750",4%,,Bangalore,Residential - Multi Storey Apartment
Kannamangala,Oct-Dec 2018,"1,630-5,100","5,250",3%,,Bangalore,Residential - Multi Storey Apartment
Kannamangala,Jul-Sep 2018,"1,580-4,950","5,250",7%,,Bangalore,Residential - Multi Storey Apartment
Bhoganahalli Road,Jul-Sep 2024,"12,822-18,731","15,777",9%,,Bangalore,Residential - Multi Storey Apartment
Bhoganahalli Road,Apr-Jun 2024,"11,098-17,789","14,444",7%,,Bangalore,Residential - Multi Storey Apartment
Bhoganahalli Road,Jan-Mar 2024,"10,958-16,098","13,528",5%,,Bangalore,Residential - Multi Storey Apartment
Bhoganahalli Road,Oct-Dec 2023,"11,842-16,766","14,304",11.20%,,Bangalore,Residential - Multi Storey Apartment
Bhoganahalli Road,Jul-Sep 2023,"11,749-16,718","14,234",5%,,Bangalore,Residential - Multi Storey Apartment
Kannamangala Main Road,Jul-Sep 2024,"7,623-12,163","9,893",5%,,Bangalore,Residential - Multi Storey Apartment
Kannamangala Main Road,Apr-Jun 2024,"7,450-11,375","9,412",9%,,Bangalore,Residential - Multi Storey Apartment
Kannamangala Main Road,Jan-Mar 2024,"6,761-10,437","8,599",19%,,Bangalore,Residential - Multi Storey Apartment
Uttarahalli Main Road,Jul-Sep 2024,"5,379-9,495","7,437",4%,,Bangalore,Residential - Multi Storey Apartment
Uttarahalli Main Road,Apr-Jun 2024,"5,190-9,110","7,150",4%,,Bangalore,Residential - Multi Storey Apartment
Uttarahalli Main Road,Jan-Mar 2024,"5,056-8,739","6,897",2%,,Bangalore,Residential - Multi Storey Apartment
Uttarahalli Main Road,Oct-Dec 2023,"4,895-8,572","6,734",10%,,Bangalore,Residential - Multi Storey Apartment
Uttarahalli Main Road,Jul-Sep 2023,"4,659-7,581","6,120",6%,,Bangalore,Residential - Multi Storey Apartment
Uttarahalli Main Road,Apr-Jun 2023,"4,425-7,174","5,799",4%,,Bangalore,Residential - Multi Storey Apartment
Uttarahalli Main Road,Jan-Mar 2023,"4,285-6,905","5,595",7%,,Bangalore,Residential - Multi Storey Apartment
Uttarahalli Main Road,Oct-Dec 2022,"4,492-7,540","6,016",5%,,Bangalore,Residential - Multi Storey Apartment
Uttarahalli Main Road,Jul-Sep 2022,"4,344-7,118","5,731",5%,,Bangalore,Residential - Multi Storey Apartment
Uttarahalli Main Road,Apr-Jun 2022,"4,154-6,803","5,479",0.30%,,Bangalore,Residential - Multi Storey Apartment
Uttarahalli Main Road,Jan-Mar 2022,"4,169-6,824","5,497",2%,,Bangalore,Residential - Multi Storey Apartment
Uttarahalli Main Road,Oct-Dec 2021,"4,322-6,920","5,621",3%,,Bangalore,Residential - Multi Storey Apartment
Uttarahalli Main Road,Jul-Sep 2021,"4,275-6,686","5,480",1%,,Bangalore,Residential - Multi Storey Apartment
Uttarahalli Main Road,Apr-Jun 2021,"4,263-6,561","5,412",0.40%,,Bangalore,Residential - Multi Storey Apartment
Uttarahalli Main Road,Jan-Mar 2021,"4,278-6,592","5,435",4%,,Bangalore,Residential - Multi Storey Apartment
Uttarahalli Main Road,Oct-Dec 2020,"4,056-6,429","5,243",3%,,Bangalore,Residential - Multi Storey Apartment
Uttarahalli Main Road,Jul-Sep 2020,"3,922-6,216","5,069",1%,,Bangalore,Residential - Multi Storey Apartment
Uttarahalli Main Road,Apr-Jun 2020,"3,872-6,160","5,016",1%,,Bangalore,Residential - Multi Storey Apartment
Uttarahalli Main Road,Jan-Mar 2020,"3,947-6,160","5,054",4%,,Bangalore,Residential - Multi Storey Apartment
Uttarahalli Main Road,Oct-Dec 2019,"3,736-5,941","4,838",15%,,Bangalore,Residential - Multi Storey Apartment
Uttarahalli Main Road,Jul-Sep 2019,"3,827-5,896","4,862",14.60%,,Bangalore,Residential - Multi Storey Apartment
Uttarahalli Main Road,Apr-Jun 2019,"3,823-5,896","4,859",5%,,Bangalore,Residential - Multi Storey Apartment
Uttarahalli Main Road,Jan-Mar 2019,"3,620-5,665","4,643",1%,,Bangalore,Residential - Multi Storey Apartment
Uttarahalli Main Road,Oct-Dec 2018,"3,733-5,644","4,688",1%,,Bangalore,Residential - Multi Storey Apartment
Uttarahalli Main Road,Jul-Sep 2018,"3,888-5,606","4,747",2%,,Bangalore,Residential - Multi Storey Apartment
Bommanahalli,Jul-Sep 2024,"4,677-8,035","6,356",4%,,Bangalore,Residential - Multi Storey Apartment
Bommanahalli,Apr-Jun 2024,"4,811-8,406","6,609",9%,,Bangalore,Residential - Multi Storey Apartment
Bommanahalli,Jan-Mar 2024,"4,391-7,688","6,039",6%,,Bangalore,Residential - Multi Storey Apartment
Bommanahalli,Oct-Dec 2023,"4,163-7,190","5,677",2%,,Bangalore,Residential - Multi Storey Apartment
Bommanahalli,Jul-Sep 2023,"4,171-6,966","5,569",10%,,Bangalore,Residential - Multi Storey Apartment
Bommanahalli,Apr-Jun 2023,"3,906-6,188","5,047",1%,,Bangalore,Residential - Multi Storey Apartment
Bommanahalli,Jan-Mar 2023,"3,844-6,142","4,993",2%,,Bangalore,Residential - Multi Storey Apartment
Bommanahalli,Oct-Dec 2022,"3,808-6,005","4,906",1%,,Bangalore,Residential - Multi Storey Apartment
Bommanahalli,Jul-Sep 2022,"3,636-6,068","4,852",0.50%,,Bangalore,Residential - Multi Storey Apartment
Bommanahalli,Apr-Jun 2022,"3,717-6,031","4,874",0.20%,,Bangalore,Residential - Multi Storey Apartment
Bommanahalli,Jan-Mar 2022,"3,633-6,094","4,863",5.00%,,Bangalore,Residential - Multi Storey Apartment
Bommanahalli,Oct-Dec 2021,"3,680-6,578","5,129",0.30%,,Bangalore,Residential - Multi Storey Apartment
Bommanahalli,Jul-Sep 2021,"3,729-6,555","5,142",1.00%,,Bangalore,Residential - Multi Storey Apartment
Bommanahalli,Apr-Jun 2021,"3,919-6,508","5,213",4%,,Bangalore,Residential - Multi Storey Apartment
Bommanahalli,Jan-Mar 2021,"4,048-6,863","5,455",5%,,Bangalore,Residential - Multi Storey Apartment
Bommanahalli,Oct-Dec 2020,"4,059-6,857","5,458",3%,,Bangalore,Residential - Multi Storey Apartment
Bommanahalli,Jul-Sep 2020,"3,978-6,656","5,317",1%,,Bangalore,Residential - Multi Storey Apartment
Bommanahalli,Apr-Jun 2020,"3,980-6,594","5,287",5%,,Bangalore,Residential - Multi Storey Apartment
Bommanahalli,Jan-Mar 2020,"3,953-6,613","5,283",1%,,Bangalore,Residential - Multi Storey Apartment
Bommanahalli,Oct-Dec 2019,"4,067-6,348","5,208",0.30%,,Bangalore,Residential - Multi Storey Apartment
Bommanahalli,Jul-Sep 2019,"3,955-6,491","5,223",6%,,Bangalore,Residential - Multi Storey Apartment
Bommanahalli,Apr-Jun 2019,"3,719-6,116","4,918",6%,,Bangalore,Residential - Multi Storey Apartment
Bommanahalli,Jan-Mar 2019,"3,619-5,688","4,653",0.10%,,Bangalore,Residential - Multi Storey Apartment
Bommanahalli,Oct-Dec 2018,"3,541-5,776","4,659",1%,,Bangalore,Residential - Multi Storey Apartment
Bommanahalli,Jul-Sep 2018,"3,464-5,973","4,718",2%,,Bangalore,Residential - Multi Storey Apartment
Kadugodi,Jul-Sep 2024,"5,923-10,052","7,987",2%,,Bangalore,Residential - Multi Storey Apartment
Kadugodi,Apr-Jun 2024,"5,731-9,855","7,793",2%,,Bangalore,Residential - Multi Storey Apartment
Kadugodi,Jan-Mar 2024,"5,690-9,641","7,666",9%,,Bangalore,Residential - Multi Storey Apartment
Kadugodi,Oct-Dec 2023,"5,096-8,934","7,015",5%,,Bangalore,Residential - Multi Storey Apartment
Kadugodi,Jul-Sep 2023,"5,371-9,320","7,346",11%,,Bangalore,Residential - Multi Storey Apartment
Kadugodi,Apr-Jun 2023,"4,827-8,446","6,637",5%,,Bangalore,Residential - Multi Storey Apartment
Kadugodi,Jan-Mar 2023,"4,627-7,964","6,296",4%,,Bangalore,Residential - Multi Storey Apartment
Kadugodi,Oct-Dec 2022,"4,587-7,490","6,039",2%,,Bangalore,Residential - Multi Storey Apartment
Kadugodi,Jul-Sep 2022,"4,428-7,456","5,942",13%,,Bangalore,Residential - Multi Storey Apartment
Kadugodi,Apr-Jun 2022,"4,107-6,383","5,245",2%,,Bangalore,Residential - Multi Storey Apartment
Kadugodi,Jan-Mar 2022,"4,180-6,537","5,358",2%,,Bangalore,Residential - Multi Storey Apartment
Kadugodi,Oct-Dec 2021,"4,075-6,421","5,248",0.20%,,Bangalore,Residential - Multi Storey Apartment
Kadugodi,Jul-Sep 2021,"4,075-6,398","5,236",1%,,Bangalore,Residential - Multi Storey Apartment
Kadugodi,Apr-Jun 2021,"4,037-6,370","5,204",2%,,Bangalore,Residential - Multi Storey Apartment
Kadugodi,Jan-Mar 2021,"3,956-6,242","5,099",1%,,Bangalore,Residential - Multi Storey Apartment
Kadugodi,Oct-Dec 2020,"3,958-6,359","5,159",6%,,Bangalore,Residential - Multi Storey Apartment
Kadugodi,Jul-Sep 2020,"3,768-6,009","4,888",0.30%,,Bangalore,Residential - Multi Storey Apartment
Kadugodi,Apr-Jun 2020,"3,859-5,886","4,872",1%,,Bangalore,Residential - Multi Storey Apartment
Kadugodi,Jan-Mar 2020,"3,800-4,400","4,500",5%,,Bangalore,Residential - Multi Storey Apartment
Kadugodi,Oct-Dec 2019,"3,500-4,000","4,600",9%,,Bangalore,Residential - Multi Storey Apartment
Kadugodi,Jul-Sep 2019,"3,891-6,179","5,035",4%,,Bangalore,Residential - Multi Storey Apartment
Kadugodi,Apr-Jun 2019,"3,703-5,969","4,836",2%,,Bangalore,Residential - Multi Storey Apartment
Kadugodi,Jan-Mar 2019,"3,726-5,792","4,759",0.10%,,Bangalore,Residential - Multi Storey Apartment
Kadugodi,Oct-Dec 2018,"3,762-5,770","4,766",1%,,Bangalore,Residential - Multi Storey Apartment
Kadugodi,Jul-Sep 2018,"3,829-5,788","4,808",0.40%,,Bangalore,Residential - Multi Storey Apartment
Thurahalli,Jul-Sep 2024,"7,841-11,421","9,631",4%,,Bangalore,Residential - Multi Storey Apartment
Thurahalli,Apr-Jun 2024,"7,858-10,699","9,278",4%,,Bangalore,Residential - Multi Storey Apartment
Thurahalli,Jan-Mar 2024,"7,489-10,378","8,934",1%,,Bangalore,Residential - Multi Storey Apartment
Thurahalli,Oct-Dec 2023,"7,392-10,378","8,885",3%,,Bangalore,Residential - Multi Storey Apartment
Thurahalli,Jul-Sep 2023,"6,528-10,658","8,593",32%,,Bangalore,Residential - Multi Storey Apartment
Thurahalli,Apr-Jun 2023,"4,998-8,015","6,507",20%,,Bangalore,Residential - Multi Storey Apartment
Budigere,Jul-Sep 2024,"7,794-11,389","9,591",3%,,Bangalore,Residential - Multi Storey Apartment
Budigere,Apr-Jun 2024,"7,517-11,172","9,344",8%,,Bangalore,Residential - Multi Storey Apartment
Budigere,Jan-Mar 2024,"6,845-10,439","8,642",5%,,Bangalore,Residential - Multi Storey Apartment
Budigere,Oct-Dec 2023,"6,481-9,911","8,196",6%,,Bangalore,Residential - Multi Storey Apartment
Budigere,Jul-Sep 2023,"6,071-9,349","7,710",6%,,Bangalore,Residential - Multi Storey Apartment
Budigere,Apr-Jun 2023,"5,798-8,688","7,243",7%,,Bangalore,Residential - Multi Storey Apartment
Budigere,Jan-Mar 2023,"5,550-8,050","6,800",5%,,Bangalore,Residential - Multi Storey Apartment
Budigere,Oct-Dec 2022,"5,372-7,571","6,472",3%,,Bangalore,Residential - Multi Storey Apartment
Budigere,Jul-Sep 2022,"5,288-7,245","6,266",1%,,Bangalore,Residential - Multi Storey Apartment
Budigere,Apr-Jun 2022,"5,250-7,103","6,176",2%,,Bangalore,Residential - Multi Storey Apartment
Budigere,Jan-Mar 2022,"5,125-6,978","6,052",1%,,Bangalore,Residential - Multi Storey Apartment
Budigere,Oct-Dec 2021,"5,064-6,891","5,978",0.30%,,Bangalore,Residential - Multi Storey Apartment
Budigere,Jul-Sep 2021,"5,018-6,899","5,958",1.00%,,Bangalore,Residential - Multi Storey Apartment
Budigere,Apr-Jun 2021,"5,174-6,577","5,875",2%,,Bangalore,Residential - Multi Storey Apartment
Budigere,Jan-Mar 2021,"5,037-6,523","5,780",1%,,Bangalore,Residential - Multi Storey Apartment
Budigere,Oct-Dec 2020,"5,025-6,690","5,858",2%,,Bangalore,Residential - Multi Storey Apartment
Budigere,Jul-Sep 2020,"4,955-6,492","5,723",1%,,Bangalore,Residential - Multi Storey Apartment
Budigere,Apr-Jun 2020,"4,864-6,462","5,663",1%,,Bangalore,Residential - Multi Storey Apartment
Budigere,Jan-Mar 2020,"4,822-6,401","5,611",3%,,Bangalore,Residential - Multi Storey Apartment
Budigere,Oct-Dec 2019,"4,568-6,290","5,429",4%,,Bangalore,Residential - Multi Storey Apartment
Budigere,Jul-Sep 2019,"4,410-6,075","5,243",0.30%,,Bangalore,Residential - Multi Storey Apartment
Budigere,Apr-Jun 2019,"4,415-6,039","5,227",1%,,Bangalore,Residential - Multi Storey Apartment
Budigere,Jan-Mar 2019,"4,386-5,992","5,189",0.30%,,Bangalore,Residential - Multi Storey Apartment
Budigere,Oct-Dec 2018,"4,449-5,901","5,175",1%,,Bangalore,Residential - Multi Storey Apartment
Budigere,Jul-Sep 2018,"4,400-5,800","5,100",3%,,Bangalore,Residential - Multi Storey Apartment
Kadubeesanahalli,Jul-Sep 2024,"8,147-15,137","11,642",9%,,Bangalore,Residential - Multi Storey Apartment
Kadubeesanahalli,Apr-Jun 2024,"7,446-13,853","10,649",8%,,Bangalore,Residential - Multi Storey Apartment
Kadubeesanahalli,Jan-Mar 2024,"7,390-12,376","9,883",5%,,Bangalore,Residential - Multi Storey Apartment
Kadubeesanahalli,Oct-Dec 2023,"7,418-11,323","9,370",4%,,Bangalore,Residential - Multi Storey Apartment
Kadubeesanahalli,Jul-Sep 2023,"7,062-10,949","9,005",13%,,Bangalore,Residential - Multi Storey Apartment
Kadubeesanahalli,Apr-Jun 2023,"7,200-11,200","7,000",2.30%,,Bangalore,Residential - Multi Storey Apartment
Kadubeesanahalli,Jan-Mar 2023,"7,100-11,100","7,250",3.70%,,Bangalore,Residential - Multi Storey Apartment
Kadubeesanahalli,Oct-Dec 2022,"6,900-10,700","6,750",2%,,Bangalore,Residential - Multi Storey Apartment
Kadubeesanahalli,Jul-Sep 2022,"5,495-9,193","7,344",3.10%,,Bangalore,Residential - Multi Storey Apartment
Kadubeesanahalli,Apr-Jun 2022,"6,500-10,200","7,050",1%,,Bangalore,Residential - Multi Storey Apartment
Kadubeesanahalli,Jan-Mar 2022,"4,826-8,186","6,506",0.40%,,Bangalore,Residential - Multi Storey Apartment
Kadubeesanahalli,Oct-Dec 2021,"4,926-8,033","6,480",8%,,Bangalore,Residential - Multi Storey Apartment
Kadubeesanahalli,Jul-Sep 2021,"5,524-8,552","7,038",1%,,Bangalore,Residential - Multi Storey Apartment
Kadubeesanahalli,Apr-Jun 2021,"5,728-8,153","6,941",7%,,Bangalore,Residential - Multi Storey Apartment
Kadubeesanahalli,Jan-Mar 2021,"5,091-7,887","6,489",2%,,Bangalore,Residential - Multi Storey Apartment
Kadubeesanahalli,Oct-Dec 2020,"4,803-7,868","6,335",12%,,Bangalore,Residential - Multi Storey Apartment
Kadubeesanahalli,Jul-Sep 2020,"4,887-7,720","6,304",12%,,Bangalore,Residential - Multi Storey Apartment
Kadubeesanahalli,Apr-Jun 2020,"5,200-6,000","6,310",-,,Bangalore,Residential - Multi Storey Apartment
Kadubeesanahalli,Jan-Mar 2020,"6,400-6,800","6,400",-,,Bangalore,Residential - Multi Storey Apartment
Kadubeesanahalli,Oct-Dec 2019,"5,040-7,645","6,343",4.10%,,Bangalore,Residential - Multi Storey Apartment
Kadubeesanahalli,Jul-Sep 2019,"6,200-6,800","6,700",,,Bangalore,Residential - Multi Storey Apartment
Kadubeesanahalli,Apr-Jun 2019,"6,000-6,500","6,400",,,Bangalore,Residential - Multi Storey Apartment
Kadubeesanahalli,Jan-Mar 2019,"5,800-6,200","6,350",,,Bangalore,Residential - Multi Storey Apartment
Kadubeesanahalli,Oct-Dec 2018,"5,500-6,000","6,050",,,Bangalore,Residential - Multi Storey Apartment
BTM Layout,Jul-Sep 2024,"7,622-12,962","10,292",4%,,Bangalore,Residential - Multi Storey Apartment
BTM Layout,Apr-Jun 2024,"7,263-12,564","9,914",10%,,Bangalore,Residential - Multi Storey Apartment
BTM Layout,Jan-Mar 2024,"6,270-11,724","8,997",5%,,Bangalore,Residential - Multi Storey Apartment
BTM Layout,Oct-Dec 2023,"5,837-11,370","8,603",9%,,Bangalore,Residential - Multi Storey Apartment
BTM Layout,Jul-Sep 2023,"5,112-10,615","7,863",23%,,Bangalore,Residential - Multi Storey Apartment
BTM Layout,Apr-Jun 2023,"7,575-12,867","10,221",10%,,Bangalore,Residential - Multi Storey Apartment
BTM Layout,Jan-Mar 2023,"6,420-12,173","9,296",57%,,Bangalore,Residential - Multi Storey Apartment
BTM Layout,Oct-Dec 2022,"4,306-7,566","5,936",1%,,Bangalore,Residential - Multi Storey Apartment
BTM Layout,Jul-Sep 2022,"4,386-7,588","5,987",2%,,Bangalore,Residential - Multi Storey Apartment
BTM Layout,Apr-Jun 2022,"4,234-7,560","5,897",4%,,Bangalore,Residential - Multi Storey Apartment
BTM Layout,Jan-Mar 2022,"4,316-6,982","5,649",3%,,Bangalore,Residential - Multi Storey Apartment
BTM Layout,Oct-Dec 2021,"4,353-7,343","5,848",2%,,Bangalore,Residential - Multi Storey Apartment
BTM Layout,Jul-Sep 2021,"4,286-7,213","5,750",0.20%,,Bangalore,Residential - Multi Storey Apartment
BTM Layout,Apr-Jun 2021,"4,424-7,054","5,739",5%,,Bangalore,Residential - Multi Storey Apartment
BTM Layout,Jan-Mar 2021,"4,054-6,887","5,470",1%,,Bangalore,Residential - Multi Storey Apartment
BTM Layout,Oct-Dec 2020,"4,028-6,849","5,439",4%,,Bangalore,Residential - Multi Storey Apartment
BTM Layout,Jul-Sep 2020,"3,912-7,439","5,675",9%,,Bangalore,Residential - Multi Storey Apartment
BTM Layout,Apr-Jun 2020,"3,846-6,610","5,228",5%,,Bangalore,Residential - Multi Storey Apartment
BTM Layout,Jan-Mar 2020,"4,060-6,998","5,529",4%,,Bangalore,Residential - Multi Storey Apartment
BTM Layout,Oct-Dec 2019,"4,196-7,316","5,756",1%,,Bangalore,Residential - Multi Storey Apartment
BTM Layout,Jul-Sep 2019,"4,190-7,197","5,694",1%,,Bangalore,Residential - Multi Storey Apartment
BTM Layout,Apr-Jun 2019,"4,096-7,194","5,645",1%,,Bangalore,Residential - Multi Storey Apartment
BTM Layout,Jan-Mar 2019,"4,259-6,921","5,590",0.50%,,Bangalore,Residential - Multi Storey Apartment
BTM Layout,Oct-Dec 2018,"4,096-7,136","5,616",1.80%,,Bangalore,Residential - Multi Storey Apartment
BTM Layout,Jul-Sep 2018,"4,398-6,842","5,620",4%,,Bangalore,Residential - Multi Storey Apartment
Tumkur Road,Jul-Sep 2024,"7,838-14,033","10,936",6%,,Bangalore,Residential - Multi Storey Apartment
Tumkur Road,Apr-Jun 2024,"7,560-13,004","10,282",1%,,Bangalore,Residential - Multi Storey Apartment
Tumkur Road,Jan-Mar 2024,"7,513-12,912","10,212",6%,,Bangalore,Residential - Multi Storey Apartment
Tumkur Road,Oct-Dec 2023,"7,031-12,257","9,644",9%,,Bangalore,Residential - Multi Storey Apartment
Tumkur Road,Jul-Sep 2023,"7,591-13,523","10,557",1%,,Bangalore,Residential - Multi Storey Apartment
Tumkur Road,Apr-Jun 2023,"7,603-13,652","10,627",7%,,Bangalore,Residential - Multi Storey Apartment
Tumkur Road,Jan-Mar 2023,"7,085-12,701","9,893",45%,,Bangalore,Residential - Multi Storey Apartment
Tumkur Road,Oct-Dec 2022,"5,391-8,293","6,842",2%,,Bangalore,Residential - Multi Storey Apartment
Tumkur Road,Jul-Sep 2022,"5,341-8,127","6,734",3%,,Bangalore,Residential - Multi Storey Apartment
Tumkur Road,Apr-Jun 2022,"5,167-7,954","6,561",3%,,Bangalore,Residential - Multi Storey Apartment
Tumkur Road,Jan-Mar 2022,"5,110-7,675","6,392",1%,,Bangalore,Residential - Multi Storey Apartment
Tumkur Road,Oct-Dec 2021,"5,001-7,594","6,298",2%,,Bangalore,Residential - Multi Storey Apartment
Tumkur Road,Jul-Sep 2021,"4,968-7,420","6,194",2%,,Bangalore,Residential - Multi Storey Apartment
Tumkur Road,Apr-Jun 2021,"4,877-7,261","6,069",3%,,Bangalore,Residential - Multi Storey Apartment
Tumkur Road,Jan-Mar 2021,"4,765-7,056","5,911",1%,,Bangalore,Residential - Multi Storey Apartment
Tumkur Road,Oct-Dec 2020,"4,769-6,894","5,831",2%,,Bangalore,Residential - Multi Storey Apartment
Tumkur Road,Jul-Sep 2020,"4,643-6,750","5,696",4%,,Bangalore,Residential - Multi Storey Apartment
Tumkur Road,Apr-Jun 2020,"4,500-6,504","5,502",1%,,Bangalore,Residential - Multi Storey Apartment
Tumkur Road,Jan-Mar 2020,"4,567-6,365","5,466",2%,,Bangalore,Residential - Multi Storey Apartment
Tumkur Road,Oct-Dec 2019,"4,479-6,292","5,385",1%,,Bangalore,Residential - Multi Storey Apartment
Tumkur Road,Jul-Sep 2019,"4,494-6,370","5,432",1%,,Bangalore,Residential - Multi Storey Apartment
Tumkur Road,Apr-Jun 2019,"4,463-6,264","5,364",1%,,Bangalore,Residential - Multi Storey Apartment
Tumkur Road,Jan-Mar 2019,"4,414-6,197","5,306",3%,,Bangalore,Residential - Multi Storey Apartment
Tumkur Road,Oct-Dec 2018,"4,262-6,066","5,164",2%,,Bangalore,Residential - Multi Storey Apartment
Tumkur Road,Jul-Sep 2018,"4,380-6,162","5,271",0.20%,,Bangalore,Residential - Multi Storey Apartment
Phase 8th JP Nagar,Jul-Sep 2024,"5,258-8,358","6,808",5%,,Bangalore,Residential - Multi Storey Apartment
Phase 8th JP Nagar,Apr-Jun 2024,"4,947-7,993","6,470",1%,,Bangalore,Residential - Multi Storey Apartment
Phase 8th JP Nagar,Jan-Mar 2024,"5,175-7,862","6,519",3%,,Bangalore,Residential - Multi Storey Apartment
Phase 8th JP Nagar,Oct-Dec 2023,"5,108-7,580","6,344",7%,,Bangalore,Residential - Multi Storey Apartment
Phase 8th JP Nagar,Jul-Sep 2023,"4,690-7,216","5,953",2%,,Bangalore,Residential - Multi Storey Apartment
Phase 8th JP Nagar,Apr-Jun 2023,"4,763-6,957","5,860",8%,,Bangalore,Residential - Multi Storey Apartment
Phase 8th JP Nagar,Jan-Mar 2023,"4,281-6,549","5,415",4%,,Bangalore,Residential - Multi Storey Apartment
Phase 8th JP Nagar,Oct-Dec 2022,"4,470-6,787","5,628",4%,,Bangalore,Residential - Multi Storey Apartment
Phase 8th JP Nagar,Jul-Sep 2022,"4,132-6,663","5,398",3%,,Bangalore,Residential - Multi Storey Apartment
Phase 8th JP Nagar,Apr-Jun 2022,"4,007-6,476","5,241",5%,,Bangalore,Residential - Multi Storey Apartment
Phase 8th JP Nagar,Jan-Mar 2022,"3,846-6,125","4,985",1%,,Bangalore,Residential - Multi Storey Apartment
Phase 8th JP Nagar,Oct-Dec 2021,"3,924-6,171","5,047",0.20%,,Bangalore,Residential - Multi Storey Apartment
Phase 8th JP Nagar,Jul-Sep 2021,"3,856-6,217","5,036",3%,,Bangalore,Residential - Multi Storey Apartment
Phase 8th JP Nagar,Apr-Jun 2021,"4,089-6,283","5,186",1%,,Bangalore,Residential - Multi Storey Apartment
Phase 8th JP Nagar,Jan-Mar 2021,"4,155-6,284","5,219",0.50%,,Bangalore,Residential - Multi Storey Apartment
Phase 8th JP Nagar,Oct-Dec 2020,"4,124-6,361","5,243",1%,,Bangalore,Residential - Multi Storey Apartment
Phase 8th JP Nagar,Jul-Sep 2020,"4,202-6,436","5,319",1.30%,,Bangalore,Residential - Multi Storey Apartment
Phase 8th JP Nagar,Apr-Jun 2020,"4,195-6,446","5,320",2%,,Bangalore,Residential - Multi Storey Apartment
Phase 8th JP Nagar,Jan-Mar 2020,"4,085-6,362","5,224",1%,,Bangalore,Residential - Multi Storey Apartment
Phase 8th JP Nagar,Oct-Dec 2019,"3,940-6,381","5,160",1%,,Bangalore,Residential - Multi Storey Apartment
Phase 8th JP Nagar,Jul-Sep 2019,"4,033-6,428","5,230",12%,,Bangalore,Residential - Multi Storey Apartment
Phase 8th JP Nagar,Apr-Jun 2019,"3,574-5,762","4,668",2%,,Bangalore,Residential - Multi Storey Apartment
Phase 8th JP Nagar,Jan-Mar 2019,"3,638-5,888","4,763",5%,,Bangalore,Residential - Multi Storey Apartment
Phase 8th JP Nagar,Oct-Dec 2018,"3,426-5,658","4,542",1%,,Bangalore,Residential - Multi Storey Apartment
Phase 8th JP Nagar,Jul-Sep 2018,"3,485-5,511","4,498",0.20%,,Bangalore,Residential - Multi Storey Apartment
Kadubeesanahalli Road,Jul-Sep 2024,"10,210-15,409","12,810",4%,,Bangalore,Residential - Multi Storey Apartment
Kadubeesanahalli Road,Apr-Jun 2024,"9,693-15,052","12,373",3%,,Bangalore,Residential - Multi Storey Apartment
Kadubeesanahalli Road,Jan-Mar 2024,"9,489-14,628","12,059",2%,,Bangalore,Residential - Multi Storey Apartment
Kadubeesanahalli Road,Oct-Dec 2023,"9,149-14,484","11,817",0.60%,,Bangalore,Residential - Multi Storey Apartment
Kadubeesanahalli Road,Jul-Sep 2023,"9,091-14,221","11,656",4.00%,,Bangalore,Residential - Multi Storey Apartment
Kadubeesanahalli Road,Apr-Jun 2023,"8,778-13,950","11,362",3.50%,,Bangalore,Residential - Multi Storey Apartment
Kadubeesanahalli Road,Jan-Mar 2023,"8,455-13,655","11,089",4.00%,,Bangalore,Residential - Multi Storey Apartment
Kadubeesanahalli Road,Oct-Dec 2022,"8,091-13,450","10,804",5.00%,,Bangalore,Residential - Multi Storey Apartment
Kadubeesanahalli Road,Jul-Sep 2022,"7,828-12,933","10,648",3.50%,,Bangalore,Residential - Multi Storey Apartment
Kadubeesanahalli Road,Apr-Jun 2022,"7,545-12,750","10,508",4.00%,,Bangalore,Residential - Multi Storey Apartment
Kadubeesanahalli Road,Jan-Mar 2022,"7,233-12,345","10,220",3.00%,,Bangalore,Residential - Multi Storey Apartment
Kadubeesanahalli Road,Oct-Dec 2021,"6,989-11,950","9,920",3.50%,,Bangalore,Residential - Multi Storey Apartment
Kadubeesanahalli Road,Jul-Sep 2021,"6,795-11,600","9,855",4.00%,,Bangalore,Residential - Multi Storey Apartment
Kadubeesanahalli Road,Apr-Jun 2021,"6,470-11,200","9,635",4.50%,,Bangalore,Residential - Multi Storey Apartment
Kadubeesanahalli Road,Jan-Mar 2021,"6,320-10,900","9,535",5.00%,,Bangalore,Residential - Multi Storey Apartment
Kadubeesanahalli Road,Oct-Dec 2020,"6,150-10,600","9,200",3.00%,,Bangalore,Residential - Multi Storey Apartment
Kadubeesanahalli Road,Jul-Sep 2020,"5,975-10,300","9,100",4.00%,,Bangalore,Residential - Multi Storey Apartment
Kadubeesanahalli Road,Apr-Jun 2020,"5,850-10,000","8,925",4.20%,,Bangalore,Residential - Multi Storey Apartment
Kadubeesanahalli Road,Jan-Mar 2020,"5,725-9,800","8,825",4.00%,,Bangalore,Residential - Multi Storey Apartment
Kadubeesanahalli Road,Oct-Dec 2019,"5,620-9,650","8,635",3.80%,,Bangalore,Residential - Multi Storey Apartment
Kadubeesanahalli Road,Jul-Sep 2019,"5,510-9,480","8,400",4.00%,,Bangalore,Residential - Multi Storey Apartment
Kadubeesanahalli Road,Apr-Jun 2019,"5,400-9,250","8,250",4.50%,,Bangalore,Residential - Multi Storey Apartment
Kadubeesanahalli Road,Jan-Mar 2019,"5,300-9,050","8,125",4.20%,,Bangalore,Residential - Multi Storey Apartment
Kadubeesanahalli Road,Oct-Dec 2018,"5,200-8,950","8,000",4.30%,,Bangalore,Residential - Multi Storey Apartment
Kadubeesanahalli Road,Jul-Sep 2018,"5,100-8,800","7,900",4.00%,,Bangalore,Residential - Multi Storey Apartment
Brookefield,Jul-Sep 2024,"7,856-14,792","11,324",0.30%,,Bangalore,Residential - Multi Storey Apartment
Brookefield,Apr-Jun 2024,"7,762-14,825","11,294",1%,,Bangalore,Residential - Multi Storey Apartment
Brookefield,Jan-Mar 2024,"8,080-14,840","11,460",24%,,Bangalore,Residential - Multi Storey Apartment
Brookefield,Oct-Dec 2023,"6,252-12,298","9,275",5%,,Bangalore,Residential - Multi Storey Apartment
Brookefield,Jul-Sep 2023,"6,924-12,517","9,720",6%,,Bangalore,Residential - Multi Storey Apartment
Brookefield,Apr-Jun 2023,"6,223-12,053","9,138",15%,,Bangalore,Residential - Multi Storey Apartment
Brookefield,Jan-Mar 2023,"5,565-10,389","7,977",30%,,Bangalore,Residential - Multi Storey Apartment
Brookefield,Oct-Dec 2022,"4,651-7,659","6,155",4%,,Bangalore,Residential - Multi Storey Apartment
Brookefield,Jul-Sep 2022,"4,458-7,398","5,928",3%,,Bangalore,Residential - Multi Storey Apartment
Brookefield,Apr-Jun 2022,"4,626-7,601","6,114",0.10%,,Bangalore,Residential - Multi Storey Apartment
Brookefield,Jan-Mar 2022,"4,536-7,706","6,121",2%,,Bangalore,Residential - Multi Storey Apartment
Brookefield,Oct-Dec 2021,"4,488-7,500","5,994",2%,,Bangalore,Residential - Multi Storey Apartment
Brookefield,Jul-Sep 2021,"4,525-7,661","6,093",0.50%,,Bangalore,Residential - Multi Storey Apartment
Brookefield,Apr-Jun 2021,"4,611-7,635","6,123",1%,,Bangalore,Residential - Multi Storey Apartment
Brookefield,Jan-Mar 2021,"4,648-7,463","6,056",1%,,Bangalore,Residential - Multi Storey Apartment
Brookefield,Oct-Dec 2020,"4,548-7,448","5,998",0.50%,,Bangalore,Residential - Multi Storey Apartment
Brookefield,Jul-Sep 2020,"4,575-7,476","6,026",4%,,Bangalore,Residential - Multi Storey Apartment
Brookefield,Apr-Jun 2020,"4,767-7,840","6,304",3%,,Bangalore,Residential - Multi Storey Apartment
Brookefield,Jan-Mar 2020,"5,123-7,836","6,480",5%,,Bangalore,Residential - Multi Storey Apartment
Brookefield,Oct-Dec 2019,"4,712-7,576","6,144",3%,,Bangalore,Residential - Multi Storey Apartment
Brookefield,Jul-Sep 2019,"4,861-7,748","6,304",5%,,Bangalore,Residential - Multi Storey Apartment
Brookefield,Apr-Jun 2019,"4,647-7,337","5,992",2%,,Bangalore,Residential - Multi Storey Apartment
Brookefield,Jan-Mar 2019,"4,494-7,210","5,852",1%,,Bangalore,Residential - Multi Storey Apartment
Brookefield,Oct-Dec 2018,"4,427-7,166","5,797",1%,,Bangalore,Residential - Multi Storey Apartment
Brookefield,Jul-Sep 2018,"4,348-7,405","5,877",2%,,Bangalore,Residential - Multi Storey Apartment
Borewell Road,Jul-Sep 2024,"8,268-13,500","10,884",2%,,Bangalore,Residential - Multi Storey Apartment
Borewell Road,Apr-Jun 2024,"8,046-13,369","10,708",3%,,Bangalore,Residential - Multi Storey Apartment
Borewell Road,Jan-Mar 2024,"8,082-13,944","11,013",8%,,Bangalore,Residential - Multi Storey Apartment
Borewell Road,Oct-Dec 2023,"7,535-12,913","10,224",5%,,Bangalore,Residential - Multi Storey Apartment
Borewell Road,Jul-Sep 2023,"7,104-12,282","9,693",6%,,Bangalore,Residential - Multi Storey Apartment
Borewell Road,Apr-Jun 2023,"6,564-11,698","9,131",10%,,Bangalore,Residential - Multi Storey Apartment
Borewell Road,Jan-Mar 2023,"5,894-10,654","8,274",6.60%,,Bangalore,Residential - Multi Storey Apartment
Phase 5 JP Nagar,Jul-Sep 2024,"4,811-8,870","6,840",12%,,Bangalore,Residential - Multi Storey Apartment
Phase 5 JP Nagar,Oct-Dec 2023,"5,050-9,215","5,500",4%,,Bangalore,Residential - Multi Storey Apartment
Phase 5 JP Nagar,Jul-Sep 2023,"4,811-8,870","5,050",2%,,Bangalore,Residential - Multi Storey Apartment
Phase 5 JP Nagar,Apr-Jun 2023,"5,268-11,172","8,220",63%,,Bangalore,Residential - Multi Storey Apartment
Phase 5 JP Nagar,Jan-Mar 2023,"4,139-5,971","5,055",1%,,Bangalore,Residential - Multi Storey Apartment
Phase 5 JP Nagar,Oct-Dec 2022,"4,097-5,893","4,995",7%,,Bangalore,Residential - Multi Storey Apartment
Phase 5 JP Nagar,Jul-Sep 2022,"4,253-6,506","5,379",2%,,Bangalore,Residential - Multi Storey Apartment
Phase 5 JP Nagar,Apr-Jun 2022,"4,139-6,390","5,265",2%,,Bangalore,Residential - Multi Storey Apartment
Phase 5 JP Nagar,Jan-Mar 2022,"4,269-6,422","5,346",3%,,Bangalore,Residential - Multi Storey Apartment
Phase 5 JP Nagar,Oct-Dec 2021,"4,004-6,333","5,169",2%,,Bangalore,Residential - Multi Storey Apartment
Phase 5 JP Nagar,Jul-Sep 2021,"3,955-6,131","5,043",7%,,Bangalore,Residential - Multi Storey Apartment
Phase 5 JP Nagar,Apr-Jun 2021,"4,251-6,570","5,411",0.20%,,Bangalore,Residential - Multi Storey Apartment
Phase 5 JP Nagar,Jan-Mar 2021,"4,240-6,607","5,424",1%,,Bangalore,Residential - Multi Storey Apartment
Phase 5 JP Nagar,Oct-Dec 2020,"4,136-6,589","5,362",1%,,Bangalore,Residential - Multi Storey Apartment
Phase 5 JP Nagar,Jul-Sep 2020,"4,180-6,599","5,389",1%,,Bangalore,Residential - Multi Storey Apartment
Phase 5 JP Nagar,Apr-Jun 2020,"4,100-6,833","5,466",1%,,Bangalore,Residential - Multi Storey Apartment
Phase 5 JP Nagar,Jan-Mar 2020,"4,178-6,654","5,416",5%,,Bangalore,Residential - Multi Storey Apartment
Phase 5 JP Nagar,Oct-Dec 2019,"4,206-6,617","5,412",2%,,Bangalore,Residential - Multi Storey Apartment
Phase 5 JP Nagar,Jul-Sep 2019,"4,138-6,915","5,526",8%,,Bangalore,Residential - Multi Storey Apartment
Phase 5 JP Nagar,Apr-Jun 2019,"3,809-6,427","5,118",0.50%,,Bangalore,Residential - Multi Storey Apartment
Phase 5 JP Nagar,Jan-Mar 2019,"4,026-6,205","5,116",0.80%,,Bangalore,Residential - Multi Storey Apartment
Phase 5 JP Nagar,Oct-Dec 2018,"4,107-6,127","5,117",1%,,Bangalore,Residential - Multi Storey Apartment
Phase 5 JP Nagar,Jul-Sep 2018,"4,020-6,343","5,181",4%,,Bangalore,Residential - Multi Storey Apartment
Phase 7 JP Nagar,Jul-Sep 2024,"7,993-12,309","10,151",7%,,Bangalore,Residential - Multi Storey Apartment
Phase 7 JP Nagar,Apr-Jun 2024,"7,237-11,703","9,470",3%,,Bangalore,Residential - Multi Storey Apartment
Phase 7 JP Nagar,Jan-Mar 2024,"6,962-11,364","9,163",5%,,Bangalore,Residential - Multi Storey Apartment
Phase 7 JP Nagar,Oct-Dec 2023,"6,556-10,832","8,694",9%,,Bangalore,Residential - Multi Storey Apartment
Phase 7 JP Nagar,Jul-Sep 2023,"5,850-10,063","7,957",4%,,Bangalore,Residential - Multi Storey Apartment
Phase 7 JP Nagar,Apr-Jun 2023,"6,380-10,202","8,291",3%,,Bangalore,Residential - Multi Storey Apartment
Phase 7 JP Nagar,Jan-Mar 2023,"6,018-10,105","8,062",11%,,Bangalore,Residential - Multi Storey Apartment
Phase 7 JP Nagar,Oct-Dec 2022,"5,435-9,147","7,291",3%,,Bangalore,Residential - Multi Storey Apartment
Phase 7 JP Nagar,Jul-Sep 2022,"5,484-8,706","7,095",6%,,Bangalore,Residential - Multi Storey Apartment
Phase 7 JP Nagar,Apr-Jun 2022,"5,018-8,399","6,708",3%,,Bangalore,Residential - Multi Storey Apartment
Phase 7 JP Nagar,Jan-Mar 2022,"4,887-8,119","6,503",3%,,Bangalore,Residential - Multi Storey Apartment
Phase 7 JP Nagar,Oct-Dec 2021,"4,610-7,989","6,299",2%,,Bangalore,Residential - Multi Storey Apartment
Phase 7 JP Nagar,Jul-Sep 2021,"4,636-7,764","6,200",6%,,Bangalore,Residential - Multi Storey Apartment
Phase 7 JP Nagar,Apr-Jun 2021,"5,185-7,993","6,589",0.30%,,Bangalore,Residential - Multi Storey Apartment
Phase 7 JP Nagar,Jan-Mar 2021,"5,190-8,025","6,608",4%,,Bangalore,Residential - Multi Storey Apartment
Phase 7 JP Nagar,Oct-Dec 2020,"4,876-7,831","6,354",3%,,Bangalore,Residential - Multi Storey Apartment
Phase 7 JP Nagar,Jul-Sep 2020,"4,714-7,590","6,152",2%,,Bangalore,Residential - Multi Storey Apartment
Phase 7 JP Nagar,Apr-Jun 2020,"4,732-7,768","6,250",4%,,Bangalore,Residential - Multi Storey Apartment
Phase 7 JP Nagar,Jan-Mar 2020,"4,908-8,064","6,486",0.20%,,Bangalore,Residential - Multi Storey Apartment
Phase 7 JP Nagar,Oct-Dec 2019,"4,873-8,080","6,476",1%,,Bangalore,Residential - Multi Storey Apartment
Phase 7 JP Nagar,Jul-Sep 2019,"4,927-8,106","6,516",4%,,Bangalore,Residential - Multi Storey Apartment
Phase 7 JP Nagar,Apr-Jun 2019,"4,654-7,920","6,287",1%,,Bangalore,Residential - Multi Storey Apartment
Phase 7 JP Nagar,Jan-Mar 2019,"4,772-7,953","6,363",1%,,Bangalore,Residential - Multi Storey Apartment
Phase 7 JP Nagar,Oct-Dec 2018,"4,850-7,997","6,423",0.80%,,Bangalore,Residential - Multi Storey Apartment
Phase 7 JP Nagar,Jul-Sep 2018,"4,848-7,985","6,417",11%,,Bangalore,Residential - Multi Storey Apartment
Ulsoor Road,Jul-Sep 2024,"11,783-19,413","15,598",1%,,Bangalore,Residential - Multi Storey Apartment
Ulsoor Road,Apr-Jun 2024,"12,041-18,811","15,426",7%,,Bangalore,Residential - Multi Storey Apartment
Ulsoor Road,Jan-Mar 2024,"10,762-17,988","14,375",4%,,Bangalore,Residential - Multi Storey Apartment
Ulsoor Road,Oct-Dec 2023,"10,637-17,068","13,852",11%,,Bangalore,Residential - Multi Storey Apartment
Ulsoor Road,Jul-Sep 2023,"12,424-18,848","15,636",1.50%,,Bangalore,Residential - Multi Storey Apartment
Ulsoor Road,Apr-Jun 2023,"11,850-19,350","15,100",1.30%,,Bangalore,Residential - Multi Storey Apartment
Ulsoor Road,Jan-Mar 2023,"11,300-18,400","14,900",2.50%,,Bangalore,Residential - Multi Storey Apartment
Ulsoor Road,Oct-Dec 2022,"11,100-18,300","12,550",2%,,Bangalore,Residential - Multi Storey Apartment
Ulsoor Road,Jul-Sep 2022,"10,900-17,700","12,100",1.80%,,Bangalore,Residential - Multi Storey Apartment
Ulsoor Road,Apr-Jun 2022,"10,700-17,400","14,050",1.60%,,Bangalore,Residential - Multi Storey Apartment
Ulsoor Road,Jan-Mar 2022,"10,500-17,100","6,900",2%,,Bangalore,Residential - Multi Storey Apartment
Ulsoor Road,Apr-Jun 2019,"9,200-14,800","16,800",0.50%,,Bangalore,Residential - Multi Storey Apartment
Ulsoor Road,Jan-Mar 2019,"9,150-14,700","11,940",0.80%,,Bangalore,Residential - Multi Storey Apartment
Ulsoor Road,Oct-Dec 2018,"9,100-14,600","15,000",0.70%,,Bangalore,Residential - Multi Storey Apartment
Ulsoor Road,Jul-Sep 2018,"9,050-14,500","11,775",0.70%,,Bangalore,Residential - Multi Storey Apartment
Kaggadasapura,Jul-Sep 2024,"4,499-6,971","5,735",2%,,Bangalore,Residential - Multi Storey Apartment
Kaggadasapura,Apr-Jun 2024,"4,482-6,713","5,598",4%,,Bangalore,Residential - Multi Storey Apartment
Kaggadasapura,Jan-Mar 2024,"4,194-6,590","5,392",1%,,Bangalore,Residential - Multi Storey Apartment
Kaggadasapura,Oct-Dec 2023,"4,193-6,452","5,322",1%,,Bangalore,Residential - Multi Storey Apartment
Kaggadasapura,Jul-Sep 2023,"4,174-6,416","5,295",6%,,Bangalore,Residential - Multi Storey Apartment
Kaggadasapura,Apr-Jun 2023,"3,963-6,064","5,013",1%,,Bangalore,Residential - Multi Storey Apartment
Kaggadasapura,Jan-Mar 2023,"3,919-6,010","4,964",3%,,Bangalore,Residential - Multi Storey Apartment
Kaggadasapura,Oct-Dec 2022,"3,847-5,779","4,813",1%,,Bangalore,Residential - Multi Storey Apartment
Kaggadasapura,Jul-Sep 2022,"3,758-5,762","4,760",1%,,Bangalore,Residential - Multi Storey Apartment
Kaggadasapura,Apr-Jun 2022,"3,731-5,670","4,700",2%,,Bangalore,Residential - Multi Storey Apartment
Kaggadasapura,Jan-Mar 2022,"3,698-5,523","4,611",2%,,Bangalore,Residential - Multi Storey Apartment
Kaggadasapura,Oct-Dec 2021,"3,734-5,642","4,688",0.10%,,Bangalore,Residential - Multi Storey Apartment
Kaggadasapura,Jul-Sep 2021,"3,767-5,622","4,694",1%,,Bangalore,Residential - Multi Storey Apartment
Kaggadasapura,Apr-Jun 2021,"3,835-5,626","4,731",8%,,Bangalore,Residential - Multi Storey Apartment
Kaggadasapura,Jan-Mar 2021,"3,391-5,343","4,367",6%,,Bangalore,Residential - Multi Storey Apartment
Kaggadasapura,Oct-Dec 2020,"3,693-5,598","4,646",0.50%,,Bangalore,Residential - Multi Storey Apartment
Kaggadasapura,Jul-Sep 2020,"3,718-5,618","4,668",0.20%,,Bangalore,Residential - Multi Storey Apartment
Kaggadasapura,Apr-Jun 2020,"3,730-5,623","4,677",3%,,Bangalore,Residential - Multi Storey Apartment
Kaggadasapura,Jan-Mar 2020,"3,689-5,391","4,540",1%,,Bangalore,Residential - Multi Storey Apartment
Kaggadasapura,Oct-Dec 2019,"3,669-5,283","4,476",3%,,Bangalore,Residential - Multi Storey Apartment
Kaggadasapura,Jul-Sep 2019,"3,703-5,555","4,629",2%,,Bangalore,Residential - Multi Storey Apartment
Kaggadasapura,Apr-Jun 2019,"3,778-5,256","4,517",1%,,Bangalore,Residential - Multi Storey Apartment
Kaggadasapura,Jan-Mar 2019,"3,482-5,487","4,485",1%,,Bangalore,Residential - Multi Storey Apartment
Kaggadasapura,Oct-Dec 2018,"3,560-5,503","4,532",3%,,Bangalore,Residential - Multi Storey Apartment
Kaggadasapura,Jul-Sep 2018,"3,517-5,246","4,381",3%,,Bangalore,Residential - Multi Storey Apartment
Kaikondrahalli,Jul-Sep 2024,"8,684-14,038","11,361",9%,,Bangalore,Residential - Multi Storey Apartment
Kaikondrahalli,Apr-Jun 2024,"8,992-16,006","12,499",14%,,Bangalore,Residential - Multi Storey Apartment
Kaikondrahalli,Jan-Mar 2024,"7,874-13,998","10,936",4%,,Bangalore,Residential - Multi Storey Apartment
Kaikondrahalli,Oct-Dec 2023,"6,895-14,166","10,530",16%,,Bangalore,Residential - Multi Storey Apartment
Kaikondrahalli,Jul-Sep 2023,"6,150-12,027","9,089",4%,,Bangalore,Residential - Multi Storey Apartment
Kaikondrahalli,Apr-Jun 2023,"6,207-11,326","8,767",4%,,Bangalore,Residential - Multi Storey Apartment
Kaikondrahalli,Jan-Mar 2023,"7,016-11,165","9,091",8%,,Bangalore,Residential - Multi Storey Apartment
Kaikondrahalli,Oct-Dec 2022,"6,531-10,378","8,455",5%,,Bangalore,Residential - Multi Storey Apartment
Kaikondrahalli,Jul-Sep 2022,"6,800-10,500","7,450",2%,,Bangalore,Residential - Multi Storey Apartment
Kaikondrahalli,Apr-Jun 2022,"6,500-10,000","7,400",2%,,Bangalore,Residential - Multi Storey Apartment
Kaikondrahalli,Jan-Mar 2022,"6,200-9,500","7,050",3%,,Bangalore,Residential - Multi Storey Apartment
Kaikondrahalli,Oct-Dec 2021,"5,269-8,594","6,931",4%,,Bangalore,Residential - Multi Storey Apartment
Kaikondrahalli,Jul-Sep 2021,"5,282-9,157","7,219",7%,,Bangalore,Residential - Multi Storey Apartment
Kaikondrahalli,Apr-Jun 2021,"5,087-8,444","6,765",1%,,Bangalore,Residential - Multi Storey Apartment
Kaikondrahalli,Jan-Mar 2021,"5,102-8,610","6,856",4%,,Bangalore,Residential - Multi Storey Apartment
Kaikondrahalli,Oct-Dec 2020,"5,148-7,978","6,563",2%,,Bangalore,Residential - Multi Storey Apartment
Kaikondrahalli,Jul-Sep 2020,"4,500-6,800","6,400",1%,,Bangalore,Residential - Multi Storey Apartment
Kaikondrahalli,Apr-Jun 2020,"4,200-6,500","5,350",2%,,Bangalore,Residential - Multi Storey Apartment
Kaikondrahalli,Jan-Mar 2020,"4,000-6,200","7,000",2%,,Bangalore,Residential - Multi Storey Apartment
Kaikondrahalli,Oct-Dec 2019,"3,800-6,000","6,700",2%,,Bangalore,Residential - Multi Storey Apartment
Kaikondrahalli,Jul-Sep 2019,"3,500-5,800","7,100",2%,,Bangalore,Residential - Multi Storey Apartment
Kaikondrahalli,Apr-Jun 2019,"3,200-5,500","6,000",2%,,Bangalore,Residential - Multi Storey Apartment
Kaikondrahalli,Jan-Mar 2019,"3,000-5,200","6,650",2%,,Bangalore,Residential - Multi Storey Apartment
Kaikondrahalli,Oct-Dec 2018,"2,800-5,000","5,900",2%,,Bangalore,Residential - Multi Storey Apartment
Kaikondrahalli,Jul-Sep 2018,"2,500-4,800","3,650",2%,,Bangalore,Residential - Multi Storey Apartment
Phase 6 JP nagar,Jul-Sep 2024,"7,576-13,605","10,590",2.90%,,Bangalore,Residential - Multi Storey Apartment
Phase 6 JP nagar,Apr-Jun 2024,"8,174-12,994","10,584",5%,,Bangalore,Residential - Multi Storey Apartment
Phase 6 JP nagar,Jan-Mar 2024,"7,663-12,583","10,123",8%,,Bangalore,Residential - Multi Storey Apartment
Phase 6 JP nagar,Oct-Dec 2023,"6,837-11,899","9,368",5%,,Bangalore,Residential - Multi Storey Apartment
Phase 6 JP nagar,Jul-Sep 2023,"7,666-12,077","9,872",7%,,Bangalore,Residential - Multi Storey Apartment
Phase 6 JP nagar,Apr-Jun 2023,"6,835-11,682","9,258",12%,,Bangalore,Residential - Multi Storey Apartment
Phase 6 JP nagar,Jan-Mar 2023,"5,637-10,840","8,238",6%,,Bangalore,Residential - Multi Storey Apartment
Phase 6 JP nagar,Oct-Dec 2022,"6,565-11,011","8,788",2%,,Bangalore,Residential - Multi Storey Apartment
Phase 6 JP nagar,Jul-Sep 2022,"6,691-11,208","8,949",4%,,Bangalore,Residential - Multi Storey Apartment
Phase 6 JP nagar,Apr-Jun 2022,"6,159-10,990","8,574",1%,,Bangalore,Residential - Multi Storey Apartment
Phase 6 JP nagar,Jan-Mar 2022,"6,420-10,852","8,636",13%,,Bangalore,Residential - Multi Storey Apartment
Phase 6 JP nagar,Oct-Dec 2021,"5,717-9,617","7,667",7%,,Bangalore,Residential - Multi Storey Apartment
Phase 6 JP nagar,Jul-Sep 2021,"5,016-9,289","7,153",6%,,Bangalore,Residential - Multi Storey Apartment
Phase 6 JP nagar,Apr-Jun 2021,"5,503-9,716","7,610",3%,,Bangalore,Residential - Multi Storey Apartment
Phase 6 JP nagar,Jan-Mar 2021,"5,973-9,710","7,842",5%,,Bangalore,Residential - Multi Storey Apartment
Phase 6 JP nagar,Oct-Dec 2020,"5,574-9,411","7,493",1%,,Bangalore,Residential - Multi Storey Apartment
Phase 6 JP nagar,Jul-Sep 2020,"5,465-9,304","7,384",7%,,Bangalore,Residential - Multi Storey Apartment
Phase 6 JP nagar,Apr-Jun 2020,"4,770-9,069","6,920",2%,,Bangalore,Residential - Multi Storey Apartment
Phase 6 JP nagar,Jan-Mar 2020,"5,036-9,030","7,033",5%,,Bangalore,Residential - Multi Storey Apartment
Phase 6 JP nagar,Oct-Dec 2019,"5,673-9,083","7,378",14%,,Bangalore,Residential - Multi Storey Apartment
Phase 6 JP nagar,Jul-Sep 2019,"4,818-8,082","6,450",1%,,Bangalore,Residential - Multi Storey Apartment
Phase 6 JP nagar,Apr-Jun 2019,"4,965-8,028","6,496",3%,,Bangalore,Residential - Multi Storey Apartment
Phase 6 JP nagar,Jan-Mar 2019,"4,964-8,469","6,717",0.30%,,Bangalore,Residential - Multi Storey Apartment
Phase 6 JP nagar,Oct-Dec 2018,"4,759-8,713","6,736",12%,,Bangalore,Residential - Multi Storey Apartment
Phase 6 JP nagar,Jul-Sep 2018,"4,281-7,786","6,033",11%,,Bangalore,Residential - Multi Storey Apartment
Bommasandra,Jul-Sep 2024,"3,734-6,946","5,340",15%,,Bangalore,Residential - Multi Storey Apartment
Bommasandra,Apr-Jun 2024,"3,410-5,898","4,654",3%,,Bangalore,Residential - Multi Storey Apartment
Bommasandra,Jan-Mar 2024,"3,498-6,061","4,780",6%,,Bangalore,Residential - Multi Storey Apartment
Bommasandra,Oct-Dec 2023,"3,332-5,722","4,527",5%,,Bangalore,Residential - Multi Storey Apartment
Bommasandra,Jul-Sep 2023,"3,510-6,066","4,788",15%,,Bangalore,Residential - Multi Storey Apartment
Bommasandra,Apr-Jun 2023,"3,137-5,178","4,158",2%,,Bangalore,Residential - Multi Storey Apartment
Bommasandra,Jan-Mar 2023,"3,200-4,938","4,069",2%,,Bangalore,Residential - Multi Storey Apartment
Bommasandra,Oct-Dec 2022,"2,879-5,413","4,146",10%,,Bangalore,Residential - Multi Storey Apartment
Bommasandra,Jul-Sep 2022,"2,858-4,685","3,772",1%,,Bangalore,Residential - Multi Storey Apartment
Bommasandra,Apr-Jun 2022,"3,007-4,494","3,750",1%,,Bangalore,Residential - Multi Storey Apartment
Bommasandra,Jan-Mar 2022,"2,934-4,489","3,712",3%,,Bangalore,Residential - Multi Storey Apartment
Bommasandra,Oct-Dec 2021,"2,700-4,541","3,620",3%,,Bangalore,Residential - Multi Storey Apartment
Bommasandra,Jul-Sep 2021,"2,916-4,530","3,723",2%,,Bangalore,Residential - Multi Storey Apartment
Bommasandra,Apr-Jun 2021,"2,775-4,518","3,646",4%,,Bangalore,Residential - Multi Storey Apartment
Bommasandra,Jan-Mar 2021,"2,672-4,330","3,501",2.50%,,Bangalore,Residential - Multi Storey Apartment
Bommasandra,Oct-Dec 2020,"3,500-4,500","3,750",2.50%,,Bangalore,Residential - Multi Storey Apartment
Bommasandra,Jul-Sep 2020,"2,741-4,214","3,477",7%,,Bangalore,Residential - Multi Storey Apartment
Bommasandra,Apr-Jun 2020,"2,776-4,182","3,479",5%,,Bangalore,Residential - Multi Storey Apartment
Bommasandra,Jan-Mar 2020,"2,686-3,957","3,321",12%,,Bangalore,Residential - Multi Storey Apartment
Bommasandra,Oct-Dec 2019,"2,971-4,545","3,758",10%,,Bangalore,Residential - Multi Storey Apartment
Bommasandra,Jul-Sep 2019,"2,822-4,037","3,430",1%,,Bangalore,Residential - Multi Storey Apartment
Bommasandra,Apr-Jun 2019,"2,724-4,208","3,466",2.50%,,Bangalore,Residential - Multi Storey Apartment
Bommasandra,Jan-Mar 2019,"3,500-4,500","3,700",5%,,Bangalore,Residential - Multi Storey Apartment
Bommasandra,Oct-Dec 2018,"3,000-4,000","3,200",,,Bangalore,Residential - Multi Storey Apartment
Bommasandra,Jul-Sep 2018,"2,800-3,700","2,950",7.20%,,Bangalore,Residential - Multi Storey Apartment
Kalena Agrahara,Jul-Sep 2024,"6,469-10,620","8,545",3%,,Bangalore,Residential - Multi Storey Apartment
Kalena Agrahara,Apr-Jun 2024,"5,945-10,616","8,281",15%,,Bangalore,Residential - Multi Storey Apartment
Kalena Agrahara,Jan-Mar 2024,"6,051-10,518","8,285",6%,,Bangalore,Residential - Multi Storey Apartment
Kalena Agrahara,Oct-Dec 2023,"5,047-10,601","7,824",4%,,Bangalore,Residential - Multi Storey Apartment
Kalena Agrahara,Jul-Sep 2023,"5,499-10,788","8,143",4%,,Bangalore,Residential - Multi Storey Apartment
Kalena Agrahara,Apr-Jun 2023,"6,073-10,806","8,440",13%,,Bangalore,Residential - Multi Storey Apartment
Kalena Agrahara,Jan-Mar 2023,"5,388-9,574","7,481",4%,,Bangalore,Residential - Multi Storey Apartment
Kalena Agrahara,Oct-Dec 2022,"5,269-9,118","7,194",10%,,Bangalore,Residential - Multi Storey Apartment
Kalena Agrahara,Jul-Sep 2022,"4,647-8,389","6,518",19%,,Bangalore,Residential - Multi Storey Apartment
Kalena Agrahara,Apr-Jun 2022,"3,816-7,170","5,493",1%,,Bangalore,Residential - Multi Storey Apartment
Kalena Agrahara,Jan-Mar 2022,"3,972-7,139","5,555",8%,,Bangalore,Residential - Multi Storey Apartment
Kalena Agrahara,Oct-Dec 2021,"4,205-7,843","6,024",6%,,Bangalore,Residential - Multi Storey Apartment
Kalena Agrahara,Jul-Sep 2021,"4,616-8,165","6,391",10%,,Bangalore,Residential - Multi Storey Apartment
Kalena Agrahara,Apr-Jun 2021,"4,260-7,397","5,829",4%,,Bangalore,Residential - Multi Storey Apartment
Kalena Agrahara,Jan-Mar 2021,"4,071-7,188","5,630",10%,,Bangalore,Residential - Multi Storey Apartment
Kalena Agrahara,Oct-Dec 2020,"4,546-7,940","6,243",2.50%,,Bangalore,Residential - Multi Storey Apartment
Kalena Agrahara,Jul-Sep 2020,"4,000-8,000","5,650",3.40%,,Bangalore,Residential - Multi Storey Apartment
Kalena Agrahara,Apr-Jun 2020,"4,200-7,800","5,900",-,,Bangalore,Residential - Multi Storey Apartment
Kalena Agrahara,Jan-Mar 2020,"3,500-7,000","6,550",6.50%,,Bangalore,Residential - Multi Storey Apartment
Kalena Agrahara,Oct-Dec 2019,"4,397-7,747","6,072",7%,,Bangalore,Residential - Multi Storey Apartment
Kalena Agrahara,Jul-Sep 2019,"5,137-7,973","6,555",18%,,Bangalore,Residential - Multi Storey Apartment
Kalena Agrahara,Apr-Jun 2019,"3,941-7,141","5,541",8%,,Bangalore,Residential - Multi Storey Apartment
Kalena Agrahara,Jan-Mar 2019,"3,874-6,402","5,138",5%,,Bangalore,Residential - Multi Storey Apartment
Kalena Agrahara,Oct-Dec 2018,"3,837-7,033","5,435",11%,,Bangalore,Residential - Multi Storey Apartment
Kalena Agrahara,Jul-Sep 2018,"4,726-7,544","6,135",9%,,Bangalore,Residential - Multi Storey Apartment
Uttarahalli Hobli,Jul-Sep 2024,"5,416-8,956","7,186",2%,,Bangalore,Residential - Multi Storey Apartment
Uttarahalli Hobli,Apr-Jun 2024,"5,289-8,740","7,015",3%,,Bangalore,Residential - Multi Storey Apartment
Uttarahalli Hobli,Jan-Mar 2024,"5,197-8,375","6,786",1%,,Bangalore,Residential - Multi Storey Apartment
Uttarahalli Hobli,Oct-Dec 2023,"5,033-8,422","6,727",8%,,Bangalore,Residential - Multi Storey Apartment
Uttarahalli Hobli,Jul-Sep 2023,"4,671-7,767","6,219",10%,,Bangalore,Residential - Multi Storey Apartment
Uttarahalli Hobli,Apr-Jun 2023,"4,282-6,995","5,638",1%,,Bangalore,Residential - Multi Storey Apartment
Uttarahalli Hobli,Jan-Mar 2023,"4,249-6,966","5,607",7%,,Bangalore,Residential - Multi Storey Apartment
Uttarahalli Hobli,Oct-Dec 2022,"4,513-7,533","6,023",5%,,Bangalore,Residential - Multi Storey Apartment
Uttarahalli Hobli,Jul-Sep 2022,"4,357-7,096","5,726",5%,,Bangalore,Residential - Multi Storey Apartment
Uttarahalli Hobli,Apr-Jun 2022,"4,164-6,754","5,459",1%,,Bangalore,Residential - Multi Storey Apartment
Uttarahalli Hobli,Jan-Mar 2022,"4,176-6,833","5,505",2%,,Bangalore,Residential - Multi Storey Apartment
Uttarahalli Hobli,Oct-Dec 2021,"4,314-6,940","5,627",2%,,Bangalore,Residential - Multi Storey Apartment
Uttarahalli Hobli,Jul-Sep 2021,"4,317-6,701","5,509",1%,,Bangalore,Residential - Multi Storey Apartment
Uttarahalli Hobli,Apr-Jun 2021,"4,276-6,591","5,433",0.50%,,Bangalore,Residential - Multi Storey Apartment
Uttarahalli Hobli,Jan-Mar 2021,"4,291-6,625","5,458",4%,,Bangalore,Residential - Multi Storey Apartment
Uttarahalli Hobli,Oct-Dec 2020,"4,075-6,452","5,264",4%,,Bangalore,Residential - Multi Storey Apartment
Uttarahalli Hobli,Jul-Sep 2020,"3,925-6,206","5,066",1%,,Bangalore,Residential - Multi Storey Apartment
Uttarahalli Hobli,Apr-Jun 2020,"3,872-6,178","5,025",1%,,Bangalore,Residential - Multi Storey Apartment
Uttarahalli Hobli,Jan-Mar 2020,"3,953-6,172","5,062",4%,,Bangalore,Residential - Multi Storey Apartment
Uttarahalli Hobli,Oct-Dec 2019,"3,711-6,033","4,872",2%,,Bangalore,Residential - Multi Storey Apartment
Uttarahalli Hobli,Jul-Sep 2019,"3,785-5,810","4,797",1%,,Bangalore,Residential - Multi Storey Apartment
Uttarahalli Hobli,Apr-Jun 2019,"3,844-5,897","4,870",4%,,Bangalore,Residential - Multi Storey Apartment
Uttarahalli Hobli,Jan-Mar 2019,"3,645-5,705","4,675",1%,,Bangalore,Residential - Multi Storey Apartment
Uttarahalli Hobli,Oct-Dec 2018,"3,750-5,648","4,699",1%,,Bangalore,Residential - Multi Storey Apartment
Uttarahalli Hobli,Jul-Sep 2018,"3,899-5,594","4,747",2%,,Bangalore,Residential - Multi Storey Apartment
Bommanahalli Road,Jul-Sep 2024,"4,834-9,114","6,974",2%,,Bangalore,Residential - Multi Storey Apartment
Bommanahalli Road,Apr-Jun 2024,"4,833-8,879","6,856",6%,,Bangalore,Residential - Multi Storey Apartment
Bommanahalli Road,Jan-Mar 2024,"4,527-8,431","6,479",,,Bangalore,Residential - Multi Storey Apartment
Bommanahalli Road,Oct-Dec 2023,"5,000-6,000","5,600",3.60%,,Bangalore,Residential - Multi Storey Apartment
Bommanahalli Road,Jul-Sep 2023,"5,400-6,400","5,150",3.50%,,Bangalore,Residential - Multi Storey Apartment
Bommanahalli Road,Apr-Jun 2023,"5,600-6,600","4,900",3.30%,,Bangalore,Residential - Multi Storey Apartment
Bommanahalli Road,Jan-Mar 2023,"5,800-6,800","4,850",3.10%,,Bangalore,Residential - Multi Storey Apartment
Bommanahalli Road,Oct-Dec 2022,"6,000-7,000","4,950",7.10%,,Bangalore,Residential - Multi Storey Apartment
Bommanahalli Road,Jul-Sep 2022,"6,200-7,200","4,800",3%,,Bangalore,Residential - Multi Storey Apartment
Bommanahalli Road,Apr-Jun 2022,"6,400-7,400","4,800",6%,,Bangalore,Residential - Multi Storey Apartment
Bommanahalli Road,Jan-Mar 2022,"6,600-7,600","4,950",2.80%,,Bangalore,Residential - Multi Storey Apartment
Bommanahalli Road,Oct-Dec 2021,"6,800-7,800","4,500",3.50%,,Bangalore,Residential - Multi Storey Apartment
Bommanahalli Road,Jul-Sep 2021,"7,000-8,000","4,600",0.60%,,Bangalore,Residential - Multi Storey Apartment
Bommanahalli Road,Apr-Jun 2021,"7,200-8,200","5,150",2.60%,,Bangalore,Residential - Multi Storey Apartment
Bommanahalli Road,Jan-Mar 2021,"7,400-8,400","5,750",2.60%,,Bangalore,Residential - Multi Storey Apartment
Bommanahalli Road,Oct-Dec 2020,"7,600-8,600","5,500",2.50%,,Bangalore,Residential - Multi Storey Apartment
Bommanahalli Road,Jul-Sep 2020,"7,800-8,800","4,850",2.40%,,Bangalore,Residential - Multi Storey Apartment
Bommanahalli Road,Apr-Jun 2020,"8,000-9,000","5,300",2.50%,,Bangalore,Residential - Multi Storey Apartment
Bommanahalli Road,Jan-Mar 2020,"8,200-9,200","4,900",2.30%,,Bangalore,Residential - Multi Storey Apartment
Bommanahalli Road,Oct-Dec 2019,"8,400-9,400","4,850",2%,,Bangalore,Residential - Multi Storey Apartment
Bommanahalli Road,Jul-Sep 2019,"8,600-9,600","5,000",2%,,Bangalore,Residential - Multi Storey Apartment
Bommanahalli Road,Apr-Jun 2019,"8,800-9,800","4,700",3%,,Bangalore,Residential - Multi Storey Apartment
Bommanahalli Road,Jan-Mar 2019,"9,000-10,000","4,550",4%,,Bangalore,Residential - Multi Storey Apartment
Bommanahalli Road,Oct-Dec 2018,"9,200-10,200","4,550",6%,,Bangalore,Residential - Multi Storey Apartment
Bommanahalli Road,Jul-Sep 2018,"9,400-10,400","4,600",9%,,Bangalore,Residential - Multi Storey Apartment
Kalkere,Jul-Sep 2024,"4,652-6,843","5,747",2%,,Bangalore,Residential - Multi Storey Apartment
Kalkere,Apr-Jun 2024,"4,848-6,824","5,836",1%,,Bangalore,Residential - Multi Storey Apartment
Kalkere,Jan-Mar 2024,"4,785-6,741","5,763",2%,,Bangalore,Residential - Multi Storey Apartment
Kalkere,Oct-Dec 2023,"4,578-6,735","5,657",3.40%,,Bangalore,Residential - Multi Storey Apartment
Kalkere,Jul-Sep 2023,"4,429-6,513","5,469",3.40%,,Bangalore,Residential - Multi Storey Apartment
Kalkere,Apr-Jun 2023,"4,802-6,060","5,431",1%,,Bangalore,Residential - Multi Storey Apartment
Kalkere,Jan-Mar 2023,"4,629-6,077","5,353",4%,,Bangalore,Residential - Multi Storey Apartment
Kalkere,Oct-Dec 2022,"4,293-5,989","5,141",4%,,Bangalore,Residential - Multi Storey Apartment
Kalkere,Jul-Sep 2022,"4,091-5,833","4,962",1%,,Bangalore,Residential - Multi Storey Apartment
Kalkere,Apr-Jun 2022,"4,075-5,780","4,928",3%,,Bangalore,Residential - Multi Storey Apartment
Kalkere,Jan-Mar 2022,"3,964-5,611","4,788",4%,,Bangalore,Residential - Multi Storey Apartment
Kalkere,Oct-Dec 2021,"3,812-5,434","4,623",1%,,Bangalore,Residential - Multi Storey Apartment
Kalkere,Jul-Sep 2021,"3,753-5,378","4,565",1%,,Bangalore,Residential - Multi Storey Apartment
Kalkere,Apr-Jun 2021,"3,876-5,339","4,608",3%,,Bangalore,Residential - Multi Storey Apartment
Kalkere,Jan-Mar 2021,"3,702-5,279","4,490",3%,,Bangalore,Residential - Multi Storey Apartment
Kalkere,Oct-Dec 2020,"3,605-5,094","4,350",1%,,Bangalore,Residential - Multi Storey Apartment
Kalkere,Jul-Sep 2020,"3,573-5,052","4,312",6%,,Bangalore,Residential - Multi Storey Apartment
Kalkere,Apr-Jun 2020,"3,389-4,740","4,064",0.10%,,Bangalore,Residential - Multi Storey Apartment
Kalkere,Jan-Mar 2020,"3,385-4,756","4,070",10%,,Bangalore,Residential - Multi Storey Apartment
Kalkere,Oct-Dec 2019,"3,437-5,628","4,533",8%,,Bangalore,Residential - Multi Storey Apartment
Kalkere,Jul-Sep 2019,"3,220-5,148","4,184",8%,,Bangalore,Residential - Multi Storey Apartment
Kalkere,Apr-Jun 2019,"3,104-4,630","3,867",8%,,Bangalore,Residential - Multi Storey Apartment
Kalkere,Jan-Mar 2019,"3,408-5,019","4,214",9%,,Bangalore,Residential - Multi Storey Apartment
Kalkere,Oct-Dec 2018,"3,817-5,408","4,613",3%,,Bangalore,Residential - Multi Storey Apartment
Kalkere,Jul-Sep 2018,"4,030-4,926","4,478",10%,,Bangalore,Residential - Multi Storey Apartment
Rayasandra,Jul-Sep 2024,"5,757-9,125","7,441",4%,,Bangalore,Residential - Multi Storey Apartment
Rayasandra,Apr-Jun 2024,"5,381-8,892","7,136",6%,,Bangalore,Residential - Multi Storey Apartment
Rayasandra,Jan-Mar 2024,"5,114-8,314","6,714",2%,,Bangalore,Residential - Multi Storey Apartment
Rayasandra,Oct-Dec 2023,"5,312-7,892","6,602",3%,,Bangalore,Residential - Multi Storey Apartment
Rayasandra,Jul-Sep 2023,"4,590-5,610","6,050",3%,,Bangalore,Residential - Multi Storey Apartment
Rayasandra,Apr-Jun 2023,"4455-5,445","5,700",3.10%,,Bangalore,Residential - Multi Storey Apartment
Rayasandra,Jan-Mar 2023,"4,320-5,280","5,450",3.20%,,Bangalore,Residential - Multi Storey Apartment
Rayasandra,Oct-Dec 2022,"4,185-5,115","5,050",3.40%,,Bangalore,Residential - Multi Storey Apartment
Rayasandra,Jul-Sep 2022,"4,113-6,254","5,183",3%,,Bangalore,Residential - Multi Storey Apartment
Rayasandra,Apr-Jun 2022,"3,991-6,057","5,024",1%,,Bangalore,Residential - Multi Storey Apartment
Rayasandra,Jan-Mar 2022,"3,999-5,998","4,999",1%,,Bangalore,Residential - Multi Storey Apartment
Rayasandra,Oct-Dec 2021,"4,011-6,062","5,037",2%,,Bangalore,Residential - Multi Storey Apartment
Rayasandra,Jul-Sep 2021,"3,857-5,975","4,916",2.50%,,Bangalore,Residential - Multi Storey Apartment
Rayasandra,Apr-Jun 2021,"4,350-5,850","4,800",3%,,Bangalore,Residential - Multi Storey Apartment
Rayasandra,Jan-Mar 2021,"4,200-5,700","3,850",3%,,Bangalore,Residential - Multi Storey Apartment
Rayasandra,Oct-Dec 2020,"3,782-5,912","4,847",2%,,Bangalore,Residential - Multi Storey Apartment
Rayasandra,Jul-Sep 2020,"3,948-5,970","4,959",1%,,Bangalore,Residential - Multi Storey Apartment
Rayasandra,Apr-Jun 2020,"4,129-5,913","5,021",3.40%,,Bangalore,Residential - Multi Storey Apartment
Rayasandra,Jan-Mar 2020,"4,400-5,900","4,300",4.10%,,Bangalore,Residential - Multi Storey Apartment
Rayasandra,Oct-Dec 2019,"3,723-5,776","4,749",1%,,Bangalore,Residential - Multi Storey Apartment
Rayasandra,Jul-Sep 2019,"3,716-5,666","4,691",11%,,Bangalore,Residential - Multi Storey Apartment
Rayasandra,Apr-Jun 2019,"3,363-5,080","4,222",1%,,Bangalore,Residential - Multi Storey Apartment
Rayasandra,Jan-Mar 2019,"3,245-5,084","4,165",6%,,Bangalore,Residential - Multi Storey Apartment
Rayasandra,Oct-Dec 2018,"3,264-4,622","3,943",6%,,Bangalore,Residential - Multi Storey Apartment
Rayasandra,Jul-Sep 2018,"3,414-4,953","4,184",4.70%,,Bangalore,Residential - Multi Storey Apartment
Church Street,Jul-Sep 2024,"15,222-24,506","19,864",3%,,Bangalore,Residential - Multi Storey Apartment
Church Street,Apr-Jun 2024,"16,286-24,615","20,450",1%,,Bangalore,Residential - Multi Storey Apartment
Church Street,Jan-Mar 2024,"15,895-25,527","20,711",4%,,Bangalore,Residential - Multi Storey Apartment
Church Street,Oct-Dec 2023,"15,457-24,155","19,806",2%,,Bangalore,Residential - Multi Storey Apartment
Church Street,Jul-Sep 2023,"15,923-23,987","19,777",3%,,Bangalore,Residential - Multi Storey Apartment
Church Street,Apr-Jun 2023,"16,137-24,104","20,020",3%,,Bangalore,Residential - Multi Storey Apartment
Church Street,Jan-Mar 2023,"15,675-23,821","19,733",2%,,Bangalore,Residential - Multi Storey Apartment
Church Street,Oct-Dec 2022,"15,358-23,256","19,307",2%,,Bangalore,Residential - Multi Storey Apartment
Church Street,Jul-Sep 2022,"15,084-22,587","18,886",3%,,Bangalore,Residential - Multi Storey Apartment
Church Street,Apr-Jun 2022,"14,800-22,124","18,547",3%,,Bangalore,Residential - Multi Storey Apartment
Church Street,Jan-Mar 2022,"14,529-21,812","18,370",3%,,Bangalore,Residential - Multi Storey Apartment
Church Street,Oct-Dec 2021,"14,210-21,472","18,091",3%,,Bangalore,Residential - Multi Storey Apartment
Church Street,Jul-Sep 2021,"13,950-21,268","17,834",3%,,Bangalore,Residential - Multi Storey Apartment
Church Street,Apr-Jun 2021,"13,715-20,986","17,751",3%,,Bangalore,Residential - Multi Storey Apartment
Church Street,Jan-Mar 2021,"13,520-20,610","17,565",2%,,Bangalore,Residential - Multi Storey Apartment
Church Street,Oct-Dec 2020,"13,215-19,951","17,305",3%,,Bangalore,Residential - Multi Storey Apartment
Church Street,Jul-Sep 2020,"13,001-19,450","17,060",3%,,Bangalore,Residential - Multi Storey Apartment
Church Street,Apr-Jun 2020,"12,812-18,732","16,896",4%,,Bangalore,Residential - Multi Storey Apartment
Church Street,Jan-Mar 2020,"12,650-18,543","16,695",3%,,Bangalore,Residential - Multi Storey Apartment
Church Street,Oct-Dec 2019,"12,467-18,220","16,389",3%,,Bangalore,Residential - Multi Storey Apartment
Church Street,Jul-Sep 2019,"12,210-17,978","16,052",3%,,Bangalore,Residential - Multi Storey Apartment
Church Street,Apr-Jun 2019,"12,054-17,650","15,837",3%,,Bangalore,Residential - Multi Storey Apartment
Church Street,Jan-Mar 2019,"11,980-17,200","15,588",3%,,Bangalore,Residential - Multi Storey Apartment
Church Street,Oct-Dec 2018,"11,820-16,876","15,431",3%,,Bangalore,Residential - Multi Storey Apartment
Church Street,Jul-Sep 2018,"11,650-16,500","15,236",3%,,Bangalore,Residential - Multi Storey Apartment
Peenya,Jul-Sep 2024,"7,253-11,763","9,508",2%,,Bangalore,Residential - Multi Storey Apartment
Peenya,Apr-Jun 2024,"4,838-8,530","9,665",4%,,Bangalore,Residential - Multi Storey Apartment
Peenya,Jan-Mar 2024,"6,907-11,671","9,289",8%,,Bangalore,Residential - Multi Storey Apartment
Peenya,Oct-Dec 2023,"6,321-10,852","8,587",1%,,Bangalore,Residential - Multi Storey Apartment
Peenya,Jul-Sep 2023,"6,544-10,819","8,682",2%,,Bangalore,Residential - Multi Storey Apartment
Peenya,Apr-Jun 2023,"6,376-10,717","8,547",4%,,Bangalore,Residential - Multi Storey Apartment
Peenya,Jan-Mar 2023,"6,237-10,263","8,250",13.40%,,Bangalore,Residential - Multi Storey Apartment
Peenya,Oct-Dec 2022,"6,105-10,030","8,090",3%,,Bangalore,Residential - Multi Storey Apartment
Peenya,Jul-Sep 2022,"6,012-9,739","7,887",3%,,Bangalore,Residential - Multi Storey Apartment
Peenya,Apr-Jun 2022,"5,980-9,622","7,846",3%,,Bangalore,Residential - Multi Storey Apartment
Peenya,Jan-Mar 2022,"5,846-9,210","7,610",4%,,Bangalore,Residential - Multi Storey Apartment
Peenya,Oct-Dec 2021,"5,723-8,978","7,422",3%,,Bangalore,Residential - Multi Storey Apartment
Peenya,Jul-Sep 2021,"5,532-8,645","7,297",2%,,Bangalore,Residential - Multi Storey Apartment
Peenya,Apr-Jun 2021,"5,434-8,378","7,143",2%,,Bangalore,Residential - Multi Storey Apartment
Peenya,Jan-Mar 2021,"5,310-8,065","7,070",2%,,Bangalore,Residential - Multi Storey Apartment
Peenya,Oct-Dec 2020,"5,100-7,850","6,950",2%,,Bangalore,Residential - Multi Storey Apartment
Peenya,Jul-Sep 2020,"4,935-7,630","6,773",3%,,Bangalore,Residential - Multi Storey Apartment
Peenya,Apr-Jun 2020,"4,800-7,420","6,650",2%,,Bangalore,Residential - Multi Storey Apartment
Peenya,Jan-Mar 2020,"4,650-7,200","6,480",2%,,Bangalore,Residential - Multi Storey Apartment
Peenya,Oct-Dec 2019,"4,540-7,080","6,365",2%,,Bangalore,Residential - Multi Storey Apartment
Peenya,Jul-Sep 2019,"4,350-6,980","6,205",2%,,Bangalore,Residential - Multi Storey Apartment
Peenya,Apr-Jun 2019,"4,210-6,760","6,135",2%,,Bangalore,Residential - Multi Storey Apartment
Peenya,Jan-Mar 2019,"4,105-6,525","6,070",2%,,Bangalore,Residential - Multi Storey Apartment
Peenya,Oct-Dec 2018,"4,000-6,270","5,945",2%,,Bangalore,Residential - Multi Storey Apartment
Peenya,Jul-Sep 2018,"3,950-6,100","5,830",2%,,Bangalore,Residential - Multi Storey Apartment
Mysore Road,Jul-Sep 2024,"5,147-8,581","6,864",2%,,Bangalore,Residential - Multi Storey Apartment
Mysore Road,Apr-Jun 2024,"4,990-8,441","6,716",4%,,Bangalore,Residential - Multi Storey Apartment
Mysore Road,Jan-Mar 2024,"4,921-8,041","6,481",3%,,Bangalore,Residential - Multi Storey Apartment
Mysore Road,Oct-Dec 2023,"4,757-7,838","6,297",5%,,Bangalore,Residential - Multi Storey Apartment
Mysore Road,Jul-Sep 2023,"4,538-7,506","6,022",3%,,Bangalore,Residential - Multi Storey Apartment
Mysore Road,Apr-Jun 2023,"4,457-7,268","5,863",4%,,Bangalore,Residential - Multi Storey Apartment
Mysore Road,Jan-Mar 2023,"4,346-6,930","5,638",3%,,Bangalore,Residential - Multi Storey Apartment
Mysore Road,Oct-Dec 2022,"4,193-6,718","5,456",3%,,Bangalore,Residential - Multi Storey Apartment
Mysore Road,Jul-Sep 2022,"4,141-6,497","5,319",4%,,Bangalore,Residential - Multi Storey Apartment
Mysore Road,Apr-Jun 2022,"4,087-6,102","5,094",1%,,Bangalore,Residential - Multi Storey Apartment
Mysore Road,Jan-Mar 2022,"4,022-6,109","5,065",1%,,Bangalore,Residential - Multi Storey Apartment
Mysore Road,Oct-Dec 2021,"4,084-6,127","5,106",4%,,Bangalore,Residential - Multi Storey Apartment
Mysore Road,Jul-Sep 2021,"3,943-5,908","4,926",4%,,Bangalore,Residential - Multi Storey Apartment
Mysore Road,Apr-Jun 2021,"3,759-5,753","4,756",1%,,Bangalore,Residential - Multi Storey Apartment
Mysore Road,Jan-Mar 2021,"3,720-5,742","4,731",1%,,Bangalore,Residential - Multi Storey Apartment
Mysore Road,Oct-Dec 2020,"3,657-5,682","4,669",1%,,Bangalore,Residential - Multi Storey Apartment
Mysore Road,Jul-Sep 2020,"3,692-5,778","4,735",2%,,Bangalore,Residential - Multi Storey Apartment
Mysore Road,Apr-Jun 2020,"3,767-5,859","4,813",3%,,Bangalore,Residential - Multi Storey Apartment
Mysore Road,Jan-Mar 2020,"3,895-6,069","4,982",1%,,Bangalore,Residential - Multi Storey Apartment
Mysore Road,Oct-Dec 2019,"3,863-5,975","4,919",4%,,Bangalore,Residential - Multi Storey Apartment
Mysore Road,Jul-Sep 2019,"3,697-5,732","4,715",1%,,Bangalore,Residential - Multi Storey Apartment
Mysore Road,Apr-Jun 2019,"3,717-5,799","4,758",0.10%,,Bangalore,Residential - Multi Storey Apartment
Mysore Road,Jan-Mar 2019,"3,672-5,833","4,753",2%,,Bangalore,Residential - Multi Storey Apartment
Mysore Road,Oct-Dec 2018,"3,625-5,709","4,667",0.20%,,Bangalore,Residential - Multi Storey Apartment
Mysore Road,Jul-Sep 2018,"3,644-5,706","4,675",1%,,Bangalore,Residential - Multi Storey Apartment
Halasuru,Jul-Sep 2024,"11,821-19,139","15,480",3%,,Bangalore,Residential - Multi Storey Apartment
Halasuru,Apr-Jun 2024,"11,905-18,245","15,075",10%,,Bangalore,Residential - Multi Storey Apartment
Halasuru,Jan-Mar 2024,"10,461-17,020","13,741",1%,,Bangalore,Residential - Multi Storey Apartment
Halasuru,Oct-Dec 2023,"10,578-16,613","13,596",1%,,Bangalore,Residential - Multi Storey Apartment
Halasuru,Jul-Sep 2023,"10,282-17,082","13,682",0.20%,,Bangalore,Residential - Multi Storey Apartment
Halasuru,Apr-Jun 2023,"10,516-16,892","13,704",2%,,Bangalore,Residential - Multi Storey Apartment
Halasuru,Jan-Mar 2023,"10,608-16,147","13,377",1%,,Bangalore,Residential - Multi Storey Apartment
Halasuru,Oct-Dec 2022,"10,151-16,328","13,240",12%,,Bangalore,Residential - Multi Storey Apartment
Halasuru,Jul-Sep 2022,"9,098-14,642","11,870",8%,,Bangalore,Residential - Multi Storey Apartment
Halasuru,Apr-Jun 2022,"9,632-16,159","12,895",6%,,Bangalore,Residential - Multi Storey Apartment
Halasuru,Jan-Mar 2022,"9,494-14,868","12,181",7%,,Bangalore,Residential - Multi Storey Apartment
Halasuru,Oct-Dec 2021,"10,181-15,907","13,044",0.40%,,Bangalore,Residential - Multi Storey Apartment
Halasuru,Jul-Sep 2020,"7,911-12,640","10,276",-,,Bangalore,Residential - Multi Storey Apartment
Halasuru,Jan-Mar 2020,"9,189-15,781","12,485",1%,,Bangalore,Residential - Multi Storey Apartment
Halasuru,Oct-Dec 2019,"9,094-15,631","12,363",-,,Bangalore,Residential - Multi Storey Apartment
Halasuru,Apr-Jun 2019,"9,409-15,380","12,394",1%,,Bangalore,Residential - Multi Storey Apartment
Halasuru,Jan-Mar 2019,"9,436-15,555","12,495",,,Bangalore,Residential - Multi Storey Apartment
Sanjayanagara,Jul-Sep 2024,"7,045-11,397","9,221",3%,,Bangalore,Residential - Multi Storey Apartment
Sanjayanagara,Apr-Jun 2024,"7,533-11,402","9,468",13%,,Bangalore,Residential - Multi Storey Apartment
Sanjayanagara,Jan-Mar 2024,"6,619-10,141","8,380",3%,,Bangalore,Residential - Multi Storey Apartment
Sanjayanagara,Oct-Dec 2023,"6,562-10,726","8,644",1%,,Bangalore,Residential - Multi Storey Apartment
Sanjayanagara,Jul-Sep 2023,"6,400-10,635","8,517",3%,,Bangalore,Residential - Multi Storey Apartment
Sanjayanagara,Apr-Jun 2023,"6,246-10,295","8,270",1%,,Bangalore,Residential - Multi Storey Apartment
Sanjayanagara,Jan-Mar 2023,"6,079-10,257","8,168",10%,,Bangalore,Residential - Multi Storey Apartment
Sanjayanagara,Oct-Dec 2022,"5,745-9,172","7,459",11%,,Bangalore,Residential - Multi Storey Apartment
Sanjayanagara,Jul-Sep 2022,"5,350-8,092","6,721",11%,,Bangalore,Residential - Multi Storey Apartment
Sanjayanagara,Apr-Jun 2022,"5,698-9,336","7,517",0.30%,,Bangalore,Residential - Multi Storey Apartment
Sanjayanagara,Jan-Mar 2022,"5,638-9,345","7,491",3%,,Bangalore,Residential - Multi Storey Apartment
Sanjayanagara,Oct-Dec 2021,"5,871-9,501","7,686",5%,,Bangalore,Residential - Multi Storey Apartment
Sanjayanagara,Jul-Sep 2021,"6,026-10,172","8,099",5%,,Bangalore,Residential - Multi Storey Apartment
Sanjayanagara,Apr-Jun 2021,"5,920-9,523","7,721",1%,,Bangalore,Residential - Multi Storey Apartment
Sanjayanagara,Jan-Mar 2021,"5,958-9,301","7,629",2%,,Bangalore,Residential - Multi Storey Apartment
Sanjayanagara,Oct-Dec 2020,"5,564-9,345","7,454",4%,,Bangalore,Residential - Multi Storey Apartment
Sanjayanagara,Jul-Sep 2020,"6,049-9,445","7,747",2%,,Bangalore,Residential - Multi Storey Apartment
Sanjayanagara,Apr-Jun 2020,"6,045-9,137","7,591",3%,,Bangalore,Residential - Multi Storey Apartment
Sanjayanagara,Jul-Sep 2019,"5,650-9,246","7,448",0.20%,,Bangalore,Residential - Multi Storey Apartment
Sanjayanagara,Apr-Jun 2019,"5,526-9,396","7,461",3%,,Bangalore,Residential - Multi Storey Apartment
Sanjayanagara,Jan-Mar 2019,"5,790-9,553","7,672",4%,,Bangalore,Residential - Multi Storey Apartment
Sanjayanagara,Oct-Dec 2018,"5,333-9,458","7,396",4%,,Bangalore,Residential - Multi Storey Apartment
Sanjayanagara,Jul-Sep 2018,"5,566-9,806","7,686",5%,,Bangalore,Residential - Multi Storey Apartment
Haralur,Jul-Sep 2024,"7,789-13,729","10,759",7%,,Bangalore,Residential - Multi Storey Apartment
Haralur,Apr-Jun 2024,"7,482-12,673","10,077",2%,,Bangalore,Residential - Multi Storey Apartment
Haralur,Jan-Mar 2024,"7,601-12,064","9,833",1%,,Bangalore,Residential - Multi Storey Apartment
Haralur,Oct-Dec 2023,"7,515-12,048","9,781",7%,,Bangalore,Residential - Multi Storey Apartment
Haralur,Jul-Sep 2023,"6,746-11,619","9,183",0.40%,,Bangalore,Residential - Multi Storey Apartment
Haralur,Apr-Jun 2023,"7,111-11,189","9,150",3%,,Bangalore,Residential - Multi Storey Apartment
Haralur,Jan-Mar 2023,"6,529-10,439","8,484",2.50%,,Bangalore,Residential - Multi Storey Apartment
Haralur,Oct-Dec 2022,"7,500-11,500","6,900",2%,,Bangalore,Residential - Multi Storey Apartment
Haralur,Jul-Sep 2022,"7,300-11,200","7,250",1.50%,,Bangalore,Residential - Multi Storey Apartment
Haralur,Apr-Jun 2022,"7,100-11,000","7,500",1.80%,,Bangalore,Residential - Multi Storey Apartment
Haralur,Jan-Mar 2022,"7,000-10,800","7,700",1.60%,,Bangalore,Residential - Multi Storey Apartment
Haralur,Oct-Dec 2021,"6,800-10,500","7,000",2%,,Bangalore,Residential - Multi Storey Apartment
Haralur,Jul-Sep 2021,"6,600-10,300","6,300",1.50%,,Bangalore,Residential - Multi Storey Apartment
Haralur,Apr-Jun 2021,"6,400-10,100","6,500",1.80%,,Bangalore,Residential - Multi Storey Apartment
Haralur,Jan-Mar 2021,"6,200-9,800","6,700",1.60%,,Bangalore,Residential - Multi Storey Apartment
Haralur,Oct-Dec 2020,"6,000-9,500","7,200",2%,,Bangalore,Residential - Multi Storey Apartment
Haralur,Jul-Sep 2020,"5,800-9,200","7,000",1.50%,,Bangalore,Residential - Multi Storey Apartment
Haralur,Apr-Jun 2020,"5,600-9,000","7,050",1%,,Bangalore,Residential - Multi Storey Apartment
Haralur,Jan-Mar 2020,"5,400-8,800","7,000",1.50%,,Bangalore,Residential - Multi Storey Apartment
Haralur,Oct-Dec 2019,"4,456-7,273","5,865",1%,,Bangalore,Residential - Multi Storey Apartment
Haralur,Jul-Sep 2019,"4,266-7,366","5,816",2%,,Bangalore,Residential - Multi Storey Apartment
Haralur,Apr-Jun 2019,"4,800-8,200","6,800",1%,,Bangalore,Residential - Multi Storey Apartment
Haralur,Jan-Mar 2019,"4,600-8,000","6,800",2.50%,,Bangalore,Residential - Multi Storey Apartment
Haralur,Oct-Dec 2018,"4,400-7,800","6,750",1.50%,,Bangalore,Residential - Multi Storey Apartment
Haralur,Jul-Sep 2018,"4,200-7,600","5,550",2%,,Bangalore,Residential - Multi Storey Apartment
Double Road,Jul-Sep 2024,"9,648-15,998","12,823",6%,,Bangalore,Residential - Multi Storey Apartment
Double Road,Apr-Jun 2024,"9,008-15,180","12,094",6%,,Bangalore,Residential - Multi Storey Apartment
Double Road,Jan-Mar 2024,"8,543-14,331","11,437",2%,,Bangalore,Residential - Multi Storey Apartment
Double Road,Oct-Dec 2023,"8,749-13,596","11,172",6%,,Bangalore,Residential - Multi Storey Apartment
Double Road,Jul-Sep 2023,"7,983-13,074","10,529",4%,,Bangalore,Residential - Multi Storey Apartment
Double Road,Apr-Jun 2023,"7,824-14,003","10,913",2.50%,,Bangalore,Residential - Multi Storey Apartment
Double Road,Jan-Mar 2023,"8,330-13,890","11,110",3%,,Bangalore,Residential - Multi Storey Apartment
Singasandra,Jul-Sep 2024,"4,705-7,512","6,108",1%,,Bangalore,Residential - Multi Storey Apartment
Singasandra,Apr-Jun 2024,"4,644-7,399","6,021",4.00%,,Bangalore,Residential - Multi Storey Apartment
Singasandra,Jan-Mar 2024,"4,792-7,752","6,272",0.40%,,Bangalore,Residential - Multi Storey Apartment
Singasandra,Oct-Dec 2023,"5,014-7,586","6,300",5%,,Bangalore,Residential - Multi Storey Apartment
Singasandra,Jul-Sep 2023,"4,661-7,362","6,012",1%,,Bangalore,Residential - Multi Storey Apartment
Singasandra,Apr-Jun 2023,"4,641-7,448","6,044",0.40%,,Bangalore,Residential - Multi Storey Apartment
Singasandra,Jan-Mar 2023,"4,752-7,381","6,067",7%,,Bangalore,Residential - Multi Storey Apartment
Singasandra,Oct-Dec 2022,"5,229-7,860","6,545",2%,,Bangalore,Residential - Multi Storey Apartment
Singasandra,Jul-Sep 2022,"4,947-7,943","6,445",22%,,Bangalore,Residential - Multi Storey Apartment
Singasandra,Apr-Jun 2022,"4,109-6,418","5,264",9%,,Bangalore,Residential - Multi Storey Apartment
Singasandra,Jan-Mar 2022,"3,854-5,797","4,826",2%,,Bangalore,Residential - Multi Storey Apartment
Singasandra,Oct-Dec 2021,"3,731-5,714","4,723",0.10%,,Bangalore,Residential - Multi Storey Apartment
Singasandra,Jul-Sep 2021,"3,779-5,681","4,730",4%,,Bangalore,Residential - Multi Storey Apartment
Singasandra,Apr-Jun 2021,"3,614-5,483","4,549",1%,,Bangalore,Residential - Multi Storey Apartment
Singasandra,Jan-Mar 2021,"3,711-5,342","4,526",3%,,Bangalore,Residential - Multi Storey Apartment
Singasandra,Oct-Dec 2020,"3,525-5,295","4,410",1%,,Bangalore,Residential - Multi Storey Apartment
Singasandra,Jul-Sep 2020,"3,762-5,192","4,477",0.30%,,Bangalore,Residential - Multi Storey Apartment
Singasandra,Apr-Jun 2020,"3,743-5,239","4,491",3%,,Bangalore,Residential - Multi Storey Apartment
Singasandra,Jan-Mar 2020,"3,846-5,420","4,633",0.50%,,Bangalore,Residential - Multi Storey Apartment
Singasandra,Oct-Dec 2019,"3,790-5,433","4,611",2%,,Bangalore,Residential - Multi Storey Apartment
Singasandra,Jul-Sep 2019,"3,633-5,367","4,500",6%,,Bangalore,Residential - Multi Storey Apartment
Singasandra,Apr-Jun 2019,"3,395-5,065","4,230",7%,,Bangalore,Residential - Multi Storey Apartment
Singasandra,Jan-Mar 2019,"3,473-5,581","4,527",4%,,Bangalore,Residential - Multi Storey Apartment
Singasandra,Oct-Dec 2018,"3,654-5,065","4,359",0.40%,,Bangalore,Residential - Multi Storey Apartment
Singasandra,Jul-Sep 2018,"3,670-5,085","4,377",0.30%,,Bangalore,Residential - Multi Storey Apartment
Haralur Main Road,Jul-Sep 2024,"7,003-11,798","9,400",6%,,Bangalore,Residential - Multi Storey Apartment
Haralur Main Road,Apr-Jun 2024,"7,291-12,616","9,953",12%,,Bangalore,Residential - Multi Storey Apartment
Haralur Main Road,Jan-Mar 2024,"7,979-14,623","11,301",8%,,Bangalore,Residential - Multi Storey Apartment
Haralur Main Road,Oct-Dec 2023,"7,574-13,416","10,495",2%,,Bangalore,Residential - Multi Storey Apartment
Haralur Main Road,Jul-Sep 2023,"7,383-13,289","10,336",1%,,Bangalore,Residential - Multi Storey Apartment
Haralur Main Road,Apr-Jun 2023,"7,403-12,964","10,184",21%,,Bangalore,Residential - Multi Storey Apartment
Haralur Main Road,Jan-Mar 2023,"5,994-10,882","8,438",4%,,Bangalore,Residential - Multi Storey Apartment
Haralur Main Road,Oct-Dec 2022,"6,217-9,934","8,076",0.30%,,Bangalore,Residential - Multi Storey Apartment
Haralur Main Road,Jul-Sep 2022,"6,167-9,933","8,050",2%,,Bangalore,Residential - Multi Storey Apartment
Haralur Main Road,Apr-Jun 2022,"6,077-9,703","7,890",2%,,Bangalore,Residential - Multi Storey Apartment
Haralur Main Road,Jan-Mar 2022,"6,038-9,388","7,713",3%,,Bangalore,Residential - Multi Storey Apartment
Haralur Main Road,Oct-Dec 2021,"5,831-9,095","7,463",4%,,Bangalore,Residential - Multi Storey Apartment
Haralur Main Road,Jul-Sep 2021,"5,604-8,773","7,188",2%,,Bangalore,Residential - Multi Storey Apartment
Haralur Main Road,Apr-Jun 2021,"5,421-8,734","7,078",0.10%,,Bangalore,Residential - Multi Storey Apartment
Haralur Main Road,Jan-Mar 2021,"5,450-8,686","7,068",4%,,Bangalore,Residential - Multi Storey Apartment
Haralur Main Road,Oct-Dec 2020,"5,290-8,280","6,785",2%,,Bangalore,Residential - Multi Storey Apartment
Haralur Main Road,Jul-Sep 2020,"5,155-8,120","6,638",2%,,Bangalore,Residential - Multi Storey Apartment
Haralur Main Road,Apr-Jun 2020,"5,249-8,029","6,639",10%,,Bangalore,Residential - Multi Storey Apartment
Haralur Main Road,Jan-Mar 2020,"5,372-7,912","6,642",0.20%,,Bangalore,Residential - Multi Storey Apartment
Haralur Main Road,Oct-Dec 2019,"5,324-7,932","6,628",1%,,Bangalore,Residential - Multi Storey Apartment
Haralur Main Road,Jul-Sep 2019,"5,395-8,003","6,699",1%,,Bangalore,Residential - Multi Storey Apartment
Haralur Main Road,Apr-Jun 2019,"5,524-7,749","6,637",1%,,Bangalore,Residential - Multi Storey Apartment
Haralur Main Road,Jan-Mar 2019,"5,377-7,798","6,587",0.20%,,Bangalore,Residential - Multi Storey Apartment
Haralur Main Road,Oct-Dec 2018,"5,380-7,774","6,577",1%,,Bangalore,Residential - Multi Storey Apartment
Haralur Main Road,Jul-Sep 2018,"5,336-7,744","6,540",0.20%,,Bangalore,Residential - Multi Storey Apartment
Dommasandra,Jul-Sep 2024,"7,409-12,370","9,889",4%,,Bangalore,Residential - Multi Storey Apartment
Dommasandra,Apr-Jun 2024,"8,082-12,455","10,268",3%,,Bangalore,Residential - Multi Storey Apartment
Dommasandra,Jan-Mar 2024,"8,058-11,952","10,005",1%,,Bangalore,Residential - Multi Storey Apartment
Dommasandra,Oct-Dec 2023,"8,003-11,865","9,934",5%,,Bangalore,Residential - Multi Storey Apartment
Dommasandra,Jul-Sep 2023,"4,700-7,500","5,000",4%,,Bangalore,Residential - Multi Storey Apartment
Dommasandra,Apr-Jun 2023,"4,447-6,766","5,606",3%,,Bangalore,Residential - Multi Storey Apartment
Dommasandra,Jan-Mar 2023,"4,227-6,583","5,405",2%,,Bangalore,Residential - Multi Storey Apartment
Dommasandra,Oct-Dec 2022,"4,019-6,969","5,494",4%,,Bangalore,Residential - Multi Storey Apartment
Dommasandra,Jul-Sep 2022,"4,443-7,165","5,804",1%,,Bangalore,Residential - Multi Storey Apartment
Dommasandra,Apr-Jun 2022,"4,612-6,897","5,755",7%,,Bangalore,Residential - Multi Storey Apartment
Dommasandra,Jan-Mar 2022,"4,054-6,653","5,354",3%,,Bangalore,Residential - Multi Storey Apartment
Dommasandra,Oct-Dec 2021,"3,794-6,579","5,187",16%,,Bangalore,Residential - Multi Storey Apartment
Dommasandra,Jul-Sep 2021,"3,440-5,503","4,471",2%,,Bangalore,Residential - Multi Storey Apartment
Dommasandra,Apr-Jun 2021,"3,209-5,551","4,380",2%,,Bangalore,Residential - Multi Storey Apartment
Dommasandra,Jan-Mar 2021,"3,322-5,639","4,480",3%,,Bangalore,Residential - Multi Storey Apartment
Dommasandra,Oct-Dec 2020,"3,800-6,200","3,250",1%,,Bangalore,Residential - Multi Storey Apartment
Dommasandra,Jul-Sep 2020,"3,500-6,000","3,900",2%,,Bangalore,Residential - Multi Storey Apartment
Dommasandra,Oct-Dec 2019,"4,500-7,000","3,900",1%,,Bangalore,Residential - Multi Storey Apartment
Dommasandra,Jul-Sep 2019,"4,400-6,900","3,150",2%,,Bangalore,Residential - Multi Storey Apartment
Dommasandra,Apr-Jun 2019,"4,300-6,800","3,900",3%,,Bangalore,Residential - Multi Storey Apartment
Dommasandra,Jul-Sep 2018,"3,800-6,000","3,600",5%,,Bangalore,Residential - Multi Storey Apartment
Sanjay Nagar Main Road,Jul-Sep 2024,"7,993-15,651","11,822",13%,,Bangalore,Residential - Multi Storey Apartment
Sanjay Nagar Main Road,Apr-Jun 2024,"7,533-13,428","10,481",8%,,Bangalore,Residential - Multi Storey Apartment
Sanjay Nagar Main Road,Jan-Mar 2024,"7,358-13,060","10,216",7%,,Bangalore,Residential - Multi Storey Apartment
Sanjay Nagar Main Road,Oct-Dec 2023,"6,934-12,767","9,850",6%,,Bangalore,Residential - Multi Storey Apartment
Sanjay Nagar Main Road,Jul-Sep 2023,"6,513-12,214","9,381",3%,,Bangalore,Residential - Multi Storey Apartment
Sanjay Nagar Main Road,Apr-Jun 2023,"6,246-11,908","8,920",4%,,Bangalore,Residential - Multi Storey Apartment
Sanjay Nagar Main Road,Jan-Mar 2023,"5,908-9,749","7,828",4%,,Bangalore,Residential - Multi Storey Apartment
Sanjay Nagar Main Road,Oct-Dec 2022,"6,134-8,886","7,510",1%,,Bangalore,Residential - Multi Storey Apartment
Sanjay Nagar Main Road,Jul-Sep 2022,"5,973-8,744","7,359",3%,,Bangalore,Residential - Multi Storey Apartment
Sanjay Nagar Main Road,Apr-Jun 2022,"5,799-8,560","7,190",2%,,Bangalore,Residential - Multi Storey Apartment
Sanjay Nagar Main Road,Jan-Mar 2022,"5,678-8,412","7,015",3%,,Bangalore,Residential - Multi Storey Apartment
Sanjay Nagar Main Road,Oct-Dec 2021,"5,541-8,150","6,845",2%,,Bangalore,Residential - Multi Storey Apartment
Sanjay Nagar Main Road,Jul-Sep 2021,"5,382-7,856","6,628",2%,,Bangalore,Residential - Multi Storey Apartment
Sanjay Nagar Main Road,Apr-Jun 2021,"5,243-7,570","6,457",1%,,Bangalore,Residential - Multi Storey Apartment
Sanjay Nagar Main Road,Jan-Mar 2021,"5,089-7,283","6,176",2%,,Bangalore,Residential - Multi Storey Apartment
Sanjay Nagar Main Road,Oct-Dec 2020,"4,970-7,120","6,040",3%,,Bangalore,Residential - Multi Storey Apartment
Sanjay Nagar Main Road,Jul-Sep 2020,"4,828-6,992","5,910",3%,,Bangalore,Residential - Multi Storey Apartment
Sanjay Nagar Main Road,Apr-Jun 2020,"4,760-6,700","5,730",2%,,Bangalore,Residential - Multi Storey Apartment
Sanjay Nagar Main Road,Jan-Mar 2020,"5,908-9,749","7,828",4%,,Bangalore,Residential - Multi Storey Apartment
Sanjay Nagar Main Road,Oct-Dec 2019,"6,134-8,886","7,510",1%,,Bangalore,Residential - Multi Storey Apartment
Sanjay Nagar Main Road,Jul-Sep 2019,"5,824-8,490","7,157",2%,,Bangalore,Residential - Multi Storey Apartment
Sanjay Nagar Main Road,Apr-Jun 2019,"5,671-8,261","7,015",3%,,Bangalore,Residential - Multi Storey Apartment
Sanjay Nagar Main Road,Jan-Mar 2019,"5,468-7,951","6,710",4%,,Bangalore,Residential - Multi Storey Apartment
Sanjay Nagar Main Road,Oct-Dec 2018,"5,202-7,619","6,410",3%,,Bangalore,Residential - Multi Storey Apartment
Sanjay Nagar Main Road,Jul-Sep 2018,"5,096-7,291","6,126",2%,,Bangalore,Residential - Multi Storey Apartment
HBR Layout,Jul-Sep 2024,"5,495-9,181","7,338",6%,,Bangalore,Residential - Multi Storey Apartment
HBR Layout,Apr-Jun 2024,"5,370-8,451","6,911",5%,,Bangalore,Residential - Multi Storey Apartment
HBR Layout,Jan-Mar 2024,"5,099-8,078","6,588",2%,,Bangalore,Residential - Multi Storey Apartment
HBR Layout,Oct-Dec 2023,"5,079-7,796","6,437",1%,,Bangalore,Residential - Multi Storey Apartment
HBR Layout,Jul-Sep 2023,"5,177-7,834","6,506",4%,,Bangalore,Residential - Multi Storey Apartment
HBR Layout,Apr-Jun 2023,"4,871-7,632","6,251",10%,,Bangalore,Residential - Multi Storey Apartment
HBR Layout,Jan-Mar 2023,"4,849-7,711","6,280",14%,,Bangalore,Residential - Multi Storey Apartment
HBR Layout,Oct-Dec 2022,"4,997-7,918","6,457",4%,,Bangalore,Residential - Multi Storey Apartment
HBR Layout,Jul-Sep 2022,"4,790-7,549","6,169",10%,,Bangalore,Residential - Multi Storey Apartment
HBR Layout,Apr-Jun 2022,"4,316-6,896","5,606",5%,,Bangalore,Residential - Multi Storey Apartment
HBR Layout,Jan-Mar 2022,"4,255-6,472","5,363",1%,,Bangalore,Residential - Multi Storey Apartment
HBR Layout,Oct-Dec 2021,"4,290-6,545","5,418",4%,,Bangalore,Residential - Multi Storey Apartment
HBR Layout,Jul-Sep 2021,"4,569-6,773","5,671",0.40%,,Bangalore,Residential - Multi Storey Apartment
HBR Layout,Apr-Jun 2021,"4,654-6,738","5,696",1%,,Bangalore,Residential - Multi Storey Apartment
HBR Layout,Jan-Mar 2021,"4,647-6,594","5,621",4%,,Bangalore,Residential - Multi Storey Apartment
HBR Layout,Oct-Dec 2020,"4,265-6,518","5,392",2%,,Bangalore,Residential - Multi Storey Apartment
HBR Layout,Jul-Sep 2020,"4,202-6,385","5,294",3%,,Bangalore,Residential - Multi Storey Apartment
HBR Layout,Apr-Jun 2020,"4,138-6,172","5,155",1%,,Bangalore,Residential - Multi Storey Apartment
HBR Layout,Jan-Mar 2020,"4,176-6,066","5,121",7%,,Bangalore,Residential - Multi Storey Apartment
HBR Layout,Oct-Dec 2019,"4,342-6,656","5,499",4%,,Bangalore,Residential - Multi Storey Apartment
HBR Layout,Jul-Sep 2019,"4,200-7,800","4,800",6%,,Bangalore,Residential - Multi Storey Apartment
HBR Layout,Apr-Jun 2019,"3,958-6,104","5,031",4%,,Bangalore,Residential - Multi Storey Apartment
HBR Layout,Jan-Mar 2019,"4,120-6,395","5,258",5%,,Bangalore,Residential - Multi Storey Apartment
HBR Layout,Oct-Dec 2018,"4,283-6,757","5,520",4%,,Bangalore,Residential - Multi Storey Apartment
HBR Layout,Jul-Sep 2018,"4,200-9,200","5,200",5%,,Bangalore,Residential - Multi Storey Apartment
Domlur,Jul-Sep 2024,"8,168-15,828","11,998",9%,,Bangalore,Residential - Multi Storey Apartment
Domlur,Apr-Jun 2024,"8,888-17,485","13,187",15%,,Bangalore,Residential - Multi Storey Apartment
Domlur,Jan-Mar 2024,"8,607-14,367","11,487",1%,,Bangalore,Residential - Multi Storey Apartment
Domlur,Oct-Dec 2023,"8,591-14,172","11,381",7%,,Bangalore,Residential - Multi Storey Apartment
Domlur,Jul-Sep 2023,"7,861-13,414","10,637",1%,,Bangalore,Residential - Multi Storey Apartment
Domlur,Apr-Jun 2023,"7,647-13,394","10,521",2%,,Bangalore,Residential - Multi Storey Apartment
Domlur,Jan-Mar 2023,"7,566-12,974","10,270",3%,,Bangalore,Residential - Multi Storey Apartment
Domlur,Oct-Dec 2022,"7,606-12,386","9,996",6%,,Bangalore,Residential - Multi Storey Apartment
Domlur,Jul-Sep 2022,"7,504-11,403","9,453",2%,,Bangalore,Residential - Multi Storey Apartment
Domlur,Apr-Jun 2022,"7,470-11,919","9,695",4%,,Bangalore,Residential - Multi Storey Apartment
Domlur,Jan-Mar 2022,"7,559-12,645","10,102",9%,,Bangalore,Residential - Multi Storey Apartment
Domlur,Oct-Dec 2021,"7,145-11,367","9,256",7%,,Bangalore,Residential - Multi Storey Apartment
Domlur,Jul-Sep 2021,"6,692-10,549","8,621",6%,,Bangalore,Residential - Multi Storey Apartment
Domlur,Apr-Jun 2021,"6,151-10,159","8,155",2.50%,,Bangalore,Residential - Multi Storey Apartment
Domlur,Jan-Mar 2021,"6,502-9,820","8,161",8%,,Bangalore,Residential - Multi Storey Apartment
Domlur,Oct-Dec 2020,"6,482-11,257","8,870",1%,,Bangalore,Residential - Multi Storey Apartment
Domlur,Jul-Sep 2020,"6,671-11,171","8,921",8%,,Bangalore,Residential - Multi Storey Apartment
Domlur,Apr-Jun 2020,"6,355-10,171","8,263",2%,,Bangalore,Residential - Multi Storey Apartment
Domlur,Jan-Mar 2020,"6,433-10,379","8,406",3%,,Bangalore,Residential - Multi Storey Apartment
Domlur,Oct-Dec 2019,"5,871-10,391","8,131",1.80%,,Bangalore,Residential - Multi Storey Apartment
Domlur,Jul-Sep 2019,"7,100-9,200","8,450",2.30%,,Bangalore,Residential - Multi Storey Apartment
Domlur,Apr-Jun 2019,"6,900-9,000","7,950",1.50%,,Bangalore,Residential - Multi Storey Apartment
Domlur,Jan-Mar 2019,"6,125-9,354","7,740",5%,,Bangalore,Residential - Multi Storey Apartment
Domlur,Oct-Dec 2018,"6,264-10,097","8,180",7%,,Bangalore,Residential - Multi Storey Apartment
Domlur,Jul-Sep 2018,"6,262-11,356","8,809",16%,,Bangalore,Residential - Multi Storey Apartment
Somasundarapalya Main Road,Jul-Sep 2024,"6,999-10,987","8,993",11%,,Bangalore,Residential - Multi Storey Apartment
Somasundarapalya Main Road,Apr-Jun 2024,"7,235-12,903","10,069",18%,,Bangalore,Residential - Multi Storey Apartment
Somasundarapalya Main Road,Jan-Mar 2024,"9,246-15,436","12,341",1%,,Bangalore,Residential - Multi Storey Apartment
Somasundarapalya Main Road,Oct-Dec 2023,"9,334-15,084","12,209",3%,,Bangalore,Residential - Multi Storey Apartment
Somasundarapalya Main Road,Jul-Sep 2023,"8,852-14,767","11,809",2%,,Bangalore,Residential - Multi Storey Apartment
Somasundarapalya Main Road,Apr-Jun 2023,"8,543-14,283","11,502",4%,,Bangalore,Residential - Multi Storey Apartment
Somasundarapalya Main Road,Jan-Mar 2023,"8,320-13,860","11,087",3%,,Bangalore,Residential - Multi Storey Apartment
Somasundarapalya Main Road,Oct-Dec 2022,"8,032-13,482","10,756",5%,,Bangalore,Residential - Multi Storey Apartment
Somasundarapalya Main Road,Jul-Sep 2022,"7,914-13,254","10,585",3%,,Bangalore,Residential - Multi Storey Apartment
Somasundarapalya Main Road,Apr-Jun 2022,"7,646-12,732","10,319",4%,,Bangalore,Residential - Multi Storey Apartment
Somasundarapalya Main Road,Jan-Mar 2022,"7,435-12,225","10,077",3%,,Bangalore,Residential - Multi Storey Apartment
Somasundarapalya Main Road,Oct-Dec 2021,"7,167-11,895","9,781",2%,,Bangalore,Residential - Multi Storey Apartment
Somasundarapalya Main Road,Jul-Sep 2021,"6,978-11,572","9,275",1%,,Bangalore,Residential - Multi Storey Apartment
Somasundarapalya Main Road,Apr-Jun 2021,"6,833-11,225","9,029",2%,,Bangalore,Residential - Multi Storey Apartment
Somasundarapalya Main Road,Jan-Mar 2021,"6,570-10,976","8,723",2%,,Bangalore,Residential - Multi Storey Apartment
Somasundarapalya Main Road,Oct-Dec 2020,"6,233-10,542","8,389",3%,,Bangalore,Residential - Multi Storey Apartment
Somasundarapalya Main Road,Jul-Sep 2020,"6,105-10,268","8,086",2%,,Bangalore,Residential - Multi Storey Apartment
Somasundarapalya Main Road,Apr-Jun 2020,"5,897-9,810","7,734",2%,,Bangalore,Residential - Multi Storey Apartment
Somasundarapalya Main Road,Jan-Mar 2020,"5,754-9,512","7,632",2%,,Bangalore,Residential - Multi Storey Apartment
Somasundarapalya Main Road,Oct-Dec 2019,"5,490-9,060","7,375",3%,,Bangalore,Residential - Multi Storey Apartment
Somasundarapalya Main Road,Jul-Sep 2019,"5,352-8,640","7,126",2%,,Bangalore,Residential - Multi Storey Apartment
Somasundarapalya Main Road,Apr-Jun 2019,"5,199-8,290","6,794",4%,,Bangalore,Residential - Multi Storey Apartment
Somasundarapalya Main Road,Jan-Mar 2019,"5,043-7,842","6,428",3%,,Bangalore,Residential - Multi Storey Apartment
Somasundarapalya Main Road,Oct-Dec 2018,"4,970-7,582","6,225",2%,,Bangalore,Residential - Multi Storey Apartment
Somasundarapalya Main Road,Jul-Sep 2018,"4,815-7,321","6,045",2%,,Bangalore,Residential - Multi Storey Apartment
Hebbal,Jul-Sep 2024,"10,281-16,611","13,446",7%,,Bangalore,Residential - Multi Storey Apartment
Hebbal,Apr-Jun 2024,"9,408-15,690","12,549",7%,,Bangalore,Residential - Multi Storey Apartment
Hebbal,Jan-Mar 2024,"8,797-14,725","11,761",4%,,Bangalore,Residential - Multi Storey Apartment
Hebbal,Oct-Dec 2023,"8,532-14,002","11,267",3%,,Bangalore,Residential - Multi Storey Apartment
Hebbal,Jul-Sep 2023,"8,473-13,437","10,955",2%,,Bangalore,Residential - Multi Storey Apartment
Hebbal,Apr-Jun 2023,"8,465-13,026","10,745",5%,,Bangalore,Residential - Multi Storey Apartment
Hebbal,Jan-Mar 2023,"8,007-12,406","10,206",2%,,Bangalore,Residential - Multi Storey Apartment
Hebbal,Oct-Dec 2022,"7,708-12,382","10,045",1%,,Bangalore,Residential - Multi Storey Apartment
Hebbal,Jul-Sep 2022,"7,772-12,022","9,897",2%,,Bangalore,Residential - Multi Storey Apartment
Hebbal,Apr-Jun 2022,"7,594-11,753","9,673",4%,,Bangalore,Residential - Multi Storey Apartment
Hebbal,Jan-Mar 2022,"7,158-11,493","9,325",3%,,Bangalore,Residential - Multi Storey Apartment
Hebbal,Oct-Dec 2021,"6,946-11,245","9,096",4%,,Bangalore,Residential - Multi Storey Apartment
Hebbal,Jul-Sep 2021,"6,690-10,852","8,771",1%,,Bangalore,Residential - Multi Storey Apartment
Hebbal,Apr-Jun 2021,"6,750-10,692","8,721",3%,,Bangalore,Residential - Multi Storey Apartment
Hebbal,Jan-Mar 2021,"6,501-10,357","8,429",1%,,Bangalore,Residential - Multi Storey Apartment
Hebbal,Oct-Dec 2020,"6,519-10,182","8,351",2%,,Bangalore,Residential - Multi Storey Apartment
Hebbal,Jul-Sep 2020,"6,343-10,106","8,224",0.10%,,Bangalore,Residential - Multi Storey Apartment
Hebbal,Apr-Jun 2020,"6,401-10,064","8,233",1%,,Bangalore,Residential - Multi Storey Apartment
Hebbal,Jan-Mar 2020,"6,420-9,927","8,174",2%,,Bangalore,Residential - Multi Storey Apartment
Hebbal,Oct-Dec 2019,"6,377-9,625","8,001",0.40%,,Bangalore,Residential - Multi Storey Apartment
Hebbal,Jul-Sep 2019,"6,320-9,749","8,034",2%,,Bangalore,Residential - Multi Storey Apartment
Hebbal,Apr-Jun 2019,"6,043-9,681","7,862",0.40%,,Bangalore,Residential - Multi Storey Apartment
Hebbal,Jan-Mar 2019,"6,122-9,667","7,895",2%,,Bangalore,Residential - Multi Storey Apartment
Hebbal,Oct-Dec 2018,"6,073-9,443","7,758",0.30%,,Bangalore,Residential - Multi Storey Apartment
Hebbal,Jul-Sep 2018,"6,029-9,441","7,735",3%,,Bangalore,Residential - Multi Storey Apartment
Dollars Colony stage 2nd RMV,Jul-Sep 2024,"10,304-19,653","14,978",13%,,Bangalore,Residential - Multi Storey Apartment
Dollars Colony stage 2nd RMV,Apr-Jun 2024,"9,246-17,349","13,298",1%,,Bangalore,Residential - Multi Storey Apartment
Dollars Colony stage 2nd RMV,Jan-Mar 2024,"9,452-16,771","13,112",6%,,Bangalore,Residential - Multi Storey Apartment
Dollars Colony stage 2nd RMV,Oct-Dec 2023,"9,435-15,196","12,316",6%,,Bangalore,Residential - Multi Storey Apartment
Dollars Colony stage 2nd RMV,Jul-Sep 2023,"8,508-14,667","11,587",0.20%,,Bangalore,Residential - Multi Storey Apartment
Dollars Colony stage 2nd RMV,Apr-Jun 2023,"8,494-14,639","11,567",4.20%,,Bangalore,Residential - Multi Storey Apartment
Dollars Colony stage 2nd RMV,Jan-Mar 2023,"7,000-10,500","11,750",3.20%,,Bangalore,Residential - Multi Storey Apartment
Dollars Colony stage 2nd RMV,Oct-Dec 2022,"6,800-10,200","11,350",2.50%,,Bangalore,Residential - Multi Storey Apartment
Dollars Colony stage 2nd RMV,Jul-Sep 2022,"6,600-10,000","11,800",1.80%,,Bangalore,Residential - Multi Storey Apartment
Dollars Colony stage 2nd RMV,Apr-Jun 2022,"6,400-9,800","11,238",1%,,Bangalore,Residential - Multi Storey Apartment
Dollars Colony stage 2nd RMV,Jan-Mar 2022,"8,285-12,753","10,519",0.20%,,Bangalore,Residential - Multi Storey Apartment
Dollars Colony stage 2nd RMV,Oct-Dec 2021,"8,197-12,881","10,539",12%,,Bangalore,Residential - Multi Storey Apartment
Dollars Colony stage 2nd RMV,Jul-Sep 2021,"7,270-11,619","9,444",1%,,Bangalore,Residential - Multi Storey Apartment
Dollars Colony stage 2nd RMV,Apr-Jun 2021,"7,139-11,907","9,523",3%,,Bangalore,Residential - Multi Storey Apartment
Dollars Colony stage 2nd RMV,Jan-Mar 2020,"5,000-7,000","10,500",1%,,Bangalore,Residential - Multi Storey Apartment
Dollars Colony stage 2nd RMV,Jul-Sep 2019,"4,500-6,500","10,950",9%,,Bangalore,Residential - Multi Storey Apartment
Sampige Road,Jul-Sep 2024,"9,432-15,157","12,294",3%,,Bangalore,Residential - Multi Storey Apartment
Sampige Road,Apr-Jun 2024,"9,104-14,883","11,994",14.50%,,Bangalore,Residential - Multi Storey Apartment
Hebbal Kempapura,Jul-Sep 2024,"6,052-9,925","7,989",12%,,Bangalore,Residential - Multi Storey Apartment
Hebbal Kempapura,Apr-Jun 2024,"6,413-11,744","9,079",11%,,Bangalore,Residential - Multi Storey Apartment
Hebbal Kempapura,Jan-Mar 2024,"5,811-10,586","8,198",2%,,Bangalore,Residential - Multi Storey Apartment
Hebbal Kempapura,Oct-Dec 2023,"6,044-10,618","8,331",12%,,Bangalore,Residential - Multi Storey Apartment
Hebbal Kempapura,Jul-Sep 2023,"6,624-12,338","9,481",2%,,Bangalore,Residential - Multi Storey Apartment
Hebbal Kempapura,Apr-Jun 2023,"7,223-12,217","9,720",2.50%,,Bangalore,Residential - Multi Storey Apartment
Hebbal Kempapura,Jan-Mar 2023,"7,617-12,438","10,027",3.20%,,Bangalore,Residential - Multi Storey Apartment
Hebbal Kempapura,Oct-Dec 2022,"7,065-11,897","9,481",1.80%,,Bangalore,Residential - Multi Storey Apartment
Hebbal Kempapura,Jul-Sep 2022,"7,469-11,545","9,507",2%,,Bangalore,Residential - Multi Storey Apartment
Hebbal Kempapura,Apr-Jun 2022,"7,261-11,469","9,365",6%,,Bangalore,Residential - Multi Storey Apartment
Hebbal Kempapura,Jan-Mar 2022,"6,745-10,884","8,815",0.20%,,Bangalore,Residential - Multi Storey Apartment
Hebbal Kempapura,Oct-Dec 2021,"6,884-10,785","8,835",3%,,Bangalore,Residential - Multi Storey Apartment
Hebbal Kempapura,Jul-Sep 2021,"6,678-10,554","8,616",2%,,Bangalore,Residential - Multi Storey Apartment
Hebbal Kempapura,Apr-Jun 2021,"6,753-10,188","8,471",4%,,Bangalore,Residential - Multi Storey Apartment
Hebbal Kempapura,Jan-Mar 2021,"6,343-9,993","8,168",1%,,Bangalore,Residential - Multi Storey Apartment
Hebbal Kempapura,Oct-Dec 2020,"6,457-9,991","8,224",3%,,Bangalore,Residential - Multi Storey Apartment
Hebbal Kempapura,Jul-Sep 2020,"6,212-9,757","7,984",3%,,Bangalore,Residential - Multi Storey Apartment
Hebbal Kempapura,Apr-Jun 2020,"6,421-9,961","8,191",2%,,Bangalore,Residential - Multi Storey Apartment
Hebbal Kempapura,Jan-Mar 2020,"6,372-9,613","7,993",2%,,Bangalore,Residential - Multi Storey Apartment
Hebbal Kempapura,Oct-Dec 2019,"6,192-9,553","7,872",5%,,Bangalore,Residential - Multi Storey Apartment
Hebbal Kempapura,Jul-Sep 2019,"5,565-9,491","7,528",5%,,Bangalore,Residential - Multi Storey Apartment
Hebbal Kempapura,Apr-Jun 2019,"6,092-9,714","7,903",1%,,Bangalore,Residential - Multi Storey Apartment
Hebbal Kempapura,Jan-Mar 2019,"6,322-9,599","7,960",3%,,Bangalore,Residential - Multi Storey Apartment
Hebbal Kempapura,Oct-Dec 2018,"5,970-9,464","7,717",6%,,Bangalore,Residential - Multi Storey Apartment
Hebbal Kempapura,Jul-Sep 2018,"6,661-9,760","8,211",3%,,Bangalore,Residential - Multi Storey Apartment
Doddanekundi,Jul-Sep 2024,"4,948-8,868","6,908",2%,,Bangalore,Residential - Multi Storey Apartment
Doddanekundi,Apr-Jun 2024,"4,681-8,845","6,763",13%,,Bangalore,Residential - Multi Storey Apartment
Doddanekundi,Jan-Mar 2024,"4,545-7,394","5,969",5%,,Bangalore,Residential - Multi Storey Apartment
Doddanekundi,Oct-Dec 2023,"4,436-6,931","5,683",6%,,Bangalore,Residential - Multi Storey Apartment
Doddanekundi,Jul-Sep 2023,"4,337-6,417","5,377",6%,,Bangalore,Residential - Multi Storey Apartment
Doddanekundi,Apr-Jun 2023,"4,467-6,947","5,707",2.30%,,Bangalore,Residential - Multi Storey Apartment
Doddanekundi,Jan-Mar 2023,"4,356-6,258","5,307",3%,,Bangalore,Residential - Multi Storey Apartment
Doddanekundi,Oct-Dec 2022,"4,175-5,983","5,079",1.50%,,Bangalore,Residential - Multi Storey Apartment
Doddanekundi,Jul-Sep 2022,"4,078-6,116","5,097",3%,,Bangalore,Residential - Multi Storey Apartment
Doddanekundi,Apr-Jun 2022,"3,977-5,941","4,959",1%,,Bangalore,Residential - Multi Storey Apartment
Doddanekundi,Jan-Mar 2022,"3,999-5,857","4,928",4%,,Bangalore,Residential - Multi Storey Apartment
Doddanekundi,Oct-Dec 2021,"4,048-6,220","5,134",4%,,Bangalore,Residential - Multi Storey Apartment
Doddanekundi,Jul-Sep 2021,"3,764-6,148","4,956",4%,,Bangalore,Residential - Multi Storey Apartment
Doddanekundi,Apr-Jun 2021,"3,866-6,440","5,153",2%,,Bangalore,Residential - Multi Storey Apartment
Doddanekundi,Jan-Mar 2021,"4,142-6,396","5,269",3%,,Bangalore,Residential - Multi Storey Apartment
Doddanekundi,Oct-Dec 2020,"3,917-6,337","5,127",11%,,Bangalore,Residential - Multi Storey Apartment
Doddanekundi,Jul-Sep 2020,"3,468-5,750","4,609",1.80%,,Bangalore,Residential - Multi Storey Apartment
Doddanekundi,Apr-Jun 2020,"3,850-6,300","5,075",1.20%,,Bangalore,Residential - Multi Storey Apartment
Doddanekundi,Jan-Mar 2020,"3,917-6,373","5,145",8%,,Bangalore,Residential - Multi Storey Apartment
Doddanekundi,Oct-Dec 2019,"3,845-5,671","4,758",2.60%,,Bangalore,Residential - Multi Storey Apartment
Doddanekundi,Jul-Sep 2019,"3,700-6,000","5,550",3.20%,,Bangalore,Residential - Multi Storey Apartment
Doddanekundi,Apr-Jun 2019,"3,990-6,317","5,154",4%,,Bangalore,Residential - Multi Storey Apartment
Doddanekundi,Jan-Mar 2019,"4,358-6,351","5,355",5%,,Bangalore,Residential - Multi Storey Apartment
Doddanekundi,Oct-Dec 2018,"4,008-6,150","5,079",1%,,Bangalore,Residential - Multi Storey Apartment
Doddanekundi,Jul-Sep 2018,"3,955-6,071","5,013",3%,,Bangalore,Residential - Multi Storey Apartment
Hennur Bagalur Main Road,Jul-Sep 2024,"6,332-10,982","8,657",11%,,Bangalore,Residential - Multi Storey Apartment
Hennur Bagalur Main Road,Apr-Jun 2024,"5,810-9,854","7,832",1%,,Bangalore,Residential - Multi Storey Apartment
Hennur Bagalur Main Road,Jan-Mar 2024,"5,735-9,758","7,746",1.80%,,Bangalore,Residential - Multi Storey Apartment
Hennur Bagalur Main Road,Oct-Dec 2023,"5,800-8,750","8,100",2.50%,,Bangalore,Residential - Multi Storey Apartment
Hennur Bagalur Main Road,Jul-Sep 2023,"5,650-8,550","8,050",1.90%,,Bangalore,Residential - Multi Storey Apartment
Hennur Bagalur Main Road,Apr-Jun 2023,"5,550-8,400","7,450",1.80%,,Bangalore,Residential - Multi Storey Apartment
Hennur Bagalur Main Road,Jan-Mar 2023,"5,450-8,250","7,100",1.70%,,Bangalore,Residential - Multi Storey Apartment
Hennur Bagalur Main Road,Oct-Dec 2022,"5,350-8,100","6,950",2.30%,,Bangalore,Residential - Multi Storey Apartment
Hennur Bagalur Main Road,Jul-Sep 2022,"5,230-7,950","7,050",1.50%,,Bangalore,Residential - Multi Storey Apartment
Hennur Bagalur Main Road,Apr-Jun 2022,"5,150-7,850","6,300",1.90%,,Bangalore,Residential - Multi Storey Apartment
Hennur Bagalur Main Road,Jan-Mar 2022,"5050-7,700","6,400",2.10%,,Bangalore,Residential - Multi Storey Apartment
Hennur Bagalur Main Road,Oct-Dec 2021,"4,950-7,550","6,450",2.40%,,Bangalore,Residential - Multi Storey Apartment
Hennur Bagalur Main Road,Jul-Sep 2021,"4,850-7,400","6,250",2%,,Bangalore,Residential - Multi Storey Apartment
Hennur Bagalur Main Road,Apr-Jun 2021,"4,750-7,250","6,650",1.60%,,Bangalore,Residential - Multi Storey Apartment
Hennur Bagalur Main Road,Jan-Mar 2021,"4,680-7,150","5,800",1.40%,,Bangalore,Residential - Multi Storey Apartment
Hennur Bagalur Main Road,Oct-Dec 2020,"4,600-7,000","5,750",2.10%,,Bangalore,Residential - Multi Storey Apartment
Hennur Bagalur Main Road,Jul-Sep 2020,"4,500-6,850","5,900",1.80%,,Bangalore,Residential - Multi Storey Apartment
Hennur Bagalur Main Road,Apr-Jun 2020,"4,400-6,700","6,000",2%,,Bangalore,Residential - Multi Storey Apartment
Hennur Bagalur Main Road,Jan-Mar 2020,"4,300-6,550","5,800",2.40%,,Bangalore,Residential - Multi Storey Apartment
Hennur Bagalur Main Road,Oct-Dec 2019,"4,200-6,400","6,050",1.90%,,Bangalore,Residential - Multi Storey Apartment
Hennur Bagalur Main Road,Jul-Sep 2019,"4,150-6,300","5,900",1.50%,,Bangalore,Residential - Multi Storey Apartment
Hennur Bagalur Main Road,Apr-Jun 2019,"4,100-6,200","5,700",2.20%,,Bangalore,Residential - Multi Storey Apartment
Hennur Bagalur Main Road,Jan-Mar 2019,"4,000-6,000","5,750",1.80%,,Bangalore,Residential - Multi Storey Apartment
Hennur Bagalur Main Road,Oct-Dec 2018,"3,950-5,900","5,350",2%,,Bangalore,Residential - Multi Storey Apartment
Hennur Bagalur Main Road,Jul-Sep 2018,"3,900-5,800","5,500",1.60%,,Bangalore,Residential - Multi Storey Apartment
Sompura,Jul-Sep 2024,"5,557-8,895","7,226",1%,,Bangalore,Residential - Multi Storey Apartment
Sompura,Apr-Jun 2024,"5,384-9,160","7,272",9%,,Bangalore,Residential - Multi Storey Apartment
Sompura,Jan-Mar 2024,"5,507-7,825","6,666",2.60%,,Bangalore,Residential - Multi Storey Apartment
Sompura,Oct-Dec 2023,"4,800-7,000","5,250",2.30%,,Bangalore,Residential - Multi Storey Apartment
Sompura,Jul-Sep 2023,"4,700-6,850","4,400",2%,,Bangalore,Residential - Multi Storey Apartment
Sompura,Apr-Jun 2023,"4,600-6,700","4,850",1.70%,,Bangalore,Residential - Multi Storey Apartment
Sompura,Jan-Mar 2023,"4,520-6,600","4,400",1.50%,,Bangalore,Residential - Multi Storey Apartment
Sompura,Oct-Dec 2022,"4,450-6,500","3,650",1.90%,,Bangalore,Residential - Multi Storey Apartment
Sompura,Jul-Sep 2022,"4,360-6,400","4,750",1.80%,,Bangalore,Residential - Multi Storey Apartment
Sompura,Apr-Jun 2022,"4,300-6,300","4,500",1.60%,,Bangalore,Residential - Multi Storey Apartment
Sompura,Jan-Mar 2022,"4,230-6,200","4,350",1.70%,,Bangalore,Residential - Multi Storey Apartment
Sompura,Oct-Dec 2021,"4,160-6,100","4,200",1.90%,,Bangalore,Residential - Multi Storey Apartment
Sompura,Jul-Sep 2021,"4,080-6,000","4,300",1.50%,,Bangalore,Residential - Multi Storey Apartment
Sompura,Apr-Jun 2021,"4,000-5,950","4,975",1.30%,,Bangalore,Residential - Multi Storey Apartment
Sompura,Jan-Mar 2021,"3,950-5,900","3,900",1.60%,,Bangalore,Residential - Multi Storey Apartment
Sompura,Oct-Dec 2020,"3,890-5,850","4,200",1.40%,,Bangalore,Residential - Multi Storey Apartment
Sompura,Jul-Sep 2020,"3,850-5,800","4,000",1.80%,,Bangalore,Residential - Multi Storey Apartment
Sompura,Apr-Jun 2020,"3,800-5,750","4,775",1.50%,,Bangalore,Residential - Multi Storey Apartment
Sompura,Jan-Mar 2020,"3,750-5,700","3,850",1.70%,,Bangalore,Residential - Multi Storey Apartment
Sompura,Oct-Dec 2019,"3,700-5,650","3,350",1.90%,,Bangalore,Residential - Multi Storey Apartment
Sompura,Jul-Sep 2019,"3,650-5,600","3,800",1.50%,,Bangalore,Residential - Multi Storey Apartment
Sompura,Apr-Jun 2019,"3,600-5,550","3,750",1.80%,,Bangalore,Residential - Multi Storey Apartment
Saint Johns Road,Jul-Sep 2024,"14,757-23,225","18,991",1%,,Bangalore,Residential - Multi Storey Apartment
Saint Johns Road,Apr-Jun 2024,"14,994-22,721","18,858",4%,,Bangalore,Residential - Multi Storey Apartment
Saint Johns Road,Jan-Mar 2024,"13,547-22,788","18,168",2%,,Bangalore,Residential - Multi Storey Apartment
Saint Johns Road,Oct-Dec 2023,"14,056-21,688","17,872",10%,,Bangalore,Residential - Multi Storey Apartment
Saint Johns Road,Jul-Sep 2023,"13,129-19,229","16,179",3%,,Bangalore,Residential - Multi Storey Apartment
Saint Johns Road,Apr-Jun 2023,"12,573-18,807","15,690",2.70%,,Bangalore,Residential - Multi Storey Apartment
Hennur Bande,Jul-Sep 2024,"7,474-11,988","9,731",4%,,Bangalore,Residential - Multi Storey Apartment
Hennur Bande,Apr-Jun 2024,"7,465-11,233","9,349",3%,,Bangalore,Residential - Multi Storey Apartment
Hennur Bande,Jan-Mar 2024,"7,183-11,007","9,095",6%,,Bangalore,Residential - Multi Storey Apartment
Hennur Bande,Oct-Dec 2023,"6,508-10,626","8,567",11%,,Bangalore,Residential - Multi Storey Apartment
Hennur Bande,Jul-Sep 2023,"5,942-9,443","7,693",15%,,Bangalore,Residential - Multi Storey Apartment
Hennur Bande,Apr-Jun 2023,"4,803-8,542","6,673",2.10%,,Bangalore,Residential - Multi Storey Apartment
Hennur Bande,Jan-Mar 2023,"4,634-7,654","6,096",4%,,Bangalore,Residential - Multi Storey Apartment
Hennur Bande,Oct-Dec 2022,"4,276-7,321","5,795",6%,,Bangalore,Residential - Multi Storey Apartment
Hennur Bande,Jul-Sep 2022,"4,124-7,153","5,574",5%,,Bangalore,Residential - Multi Storey Apartment
Hennur Bande,Apr-Jun 2022,"3,992-6,903","5,147",7%,,Bangalore,Residential - Multi Storey Apartment
Hennur Bande,Jan-Mar 2022,"3,821-6,487","5,002",3%,,Bangalore,Residential - Multi Storey Apartment
Hennur Bande,Oct-Dec 2021,"3,721-6,345","4,808",4%,,Bangalore,Residential - Multi Storey Apartment
Hennur Bande,Jul-Sep 2021,"3,592-6,120","4,856",2%,,Bangalore,Residential - Multi Storey Apartment
Hennur Bande,Apr-Jun 2021,"3,432-5,957","4,546",5%,,Bangalore,Residential - Multi Storey Apartment
Hennur Bande,Jan-Mar 2021,"3,267-5,734","4,408",4%,,Bangalore,Residential - Multi Storey Apartment
Hennur Bande,Oct-Dec 2020,"3,124-5,346","4,250",3%,,Bangalore,Residential - Multi Storey Apartment
Hennur Bande,Jul-Sep 2020,"3,072-5,204","4,115",3%,,Bangalore,Residential - Multi Storey Apartment
Hennur Bande,Apr-Jun 2020,"2,892-4,972","3,877",2%,,Bangalore,Residential - Multi Storey Apartment
Hennur Bande,Jan-Mar 2020,"2,724-4,831","3,745",2%,,Bangalore,Residential - Multi Storey Apartment
Hennur Bande,Oct-Dec 2019,"2,623-4,679","3,651",1%,,Bangalore,Residential - Multi Storey Apartment
Hennur Bande,Jul-Sep 2019,"2,512-4,522","3,493",3%,,Bangalore,Residential - Multi Storey Apartment
Hennur Bande,Apr-Jun 2019,"2,402-4,370","3,249",2%,,Bangalore,Residential - Multi Storey Apartment
Hennur Bande,Jan-Mar 2019,"2,303-4,198","3,124",1%,,Bangalore,Residential - Multi Storey Apartment
Hennur Bande,Oct-Dec 2018,"2,148-4,098","3,081",3%,,Bangalore,Residential - Multi Storey Apartment
Hennur Bande,Jul-Sep 2018,"2,045-3,812","2,929",2%,,Bangalore,Residential - Multi Storey Apartment
Hennur Gardens,Jul-Sep 2024,"6,529-11,154","8,842",7%,,Bangalore,Residential - Multi Storey Apartment
Hennur Gardens,Apr-Jun 2024,"6,231-10,320","8,275",2%,,Bangalore,Residential - Multi Storey Apartment
Hennur Gardens,Jan-Mar 2024,"5,999-10,165","8,082",3%,,Bangalore,Residential - Multi Storey Apartment
Hennur Gardens,Oct-Dec 2023,"5,888-9,865","7,876",4%,,Bangalore,Residential - Multi Storey Apartment
Hennur Gardens,Jul-Sep 2023,"5,702-9,470","7,586",5%,,Bangalore,Residential - Multi Storey Apartment
Hennur Gardens,Apr-Jun 2023,"5,276-9,132","7,204",3.80%,,Bangalore,Residential - Multi Storey Apartment
Hennur Gardens,Jan-Mar 2023,"5,357-9,099","7,228",4.70%,,Bangalore,Residential - Multi Storey Apartment
Hennur Gardens,Oct-Dec 2022,"5,428-9,128","7,278",4%,,Bangalore,Residential - Multi Storey Apartment
Hennur Gardens,Jul-Sep 2022,"5,524-8,987","7,256",10%,,Bangalore,Residential - Multi Storey Apartment
Hennur Gardens,Apr-Jun 2022,"5,042-8,194","6,618",4%,,Bangalore,Residential - Multi Storey Apartment
Hennur Gardens,Jan-Mar 2022,"4,948-7,784","6,366",1%,,Bangalore,Residential - Multi Storey Apartment
Hennur Gardens,Oct-Dec 2021,"4,885-7,741","6,313",0.40%,,Bangalore,Residential - Multi Storey Apartment
Hennur Gardens,Jul-Sep 2021,"4,886-7,684","6,285",3.60%,,Bangalore,Residential - Multi Storey Apartment
Hennur Gardens,Apr-Jun 2021,"4,891-7,685","6,288",1%,,Bangalore,Residential - Multi Storey Apartment
Hennur Gardens,Jan-Mar 2021,"4,723-7,723","6,223",3%,,Bangalore,Residential - Multi Storey Apartment
Hennur Gardens,Oct-Dec 2020,"4,561-7,561","6,061",1%,,Bangalore,Residential - Multi Storey Apartment
Hennur Gardens,Jul-Sep 2020,"4,637-7,342","5,989",1.90%,,Bangalore,Residential - Multi Storey Apartment
Hennur Gardens,Apr-Jun 2020,"4,682-7,289","5,985",3%,,Bangalore,Residential - Multi Storey Apartment
Hennur Gardens,Jan-Mar 2020,"4,512-7,115","5,814",1%,,Bangalore,Residential - Multi Storey Apartment
Hennur Gardens,Oct-Dec 2019,"4,670-7,125","5,897",1%,,Bangalore,Residential - Multi Storey Apartment
Hennur Gardens,Jul-Sep 2019,"4,597-7,292","5,945",8%,,Bangalore,Residential - Multi Storey Apartment
Hennur Gardens,Apr-Jun 2019,"4,135-6,870","5,502",1%,,Bangalore,Residential - Multi Storey Apartment
Hennur Gardens,Jan-Mar 2019,"4,153-6,924","5,539",5%,,Bangalore,Residential - Multi Storey Apartment
Hennur Gardens,Oct-Dec 2018,"3,914-6,649","5,281",0.20%,,Bangalore,Residential - Multi Storey Apartment
Hennur Gardens,Jul-Sep 2018,"4,002-6,541","5,272",0.30%,,Bangalore,Residential - Multi Storey Apartment
Doddakannelli Chikkanayakana Halli Road,Jul-Sep 2024,"8,562-12,757","10,659",3%,,Bangalore,Residential - Multi Storey Apartment
Doddakannelli Chikkanayakana Halli Road,Apr-Jun 2024,"8,114-12,544","10,329",2%,,Bangalore,Residential - Multi Storey Apartment
Doddakannelli Chikkanayakana Halli Road,Jan-Mar 2024,"7,827-12,364","10,095",1.50%,,Bangalore,Residential - Multi Storey Apartment
Doddakannelli Chikkanayakana Halli Road,Jul-Sep 2024,"8,562-12,757","10,659",3%,,Bangalore,Residential - Multi Storey Apartment
Doddakannelli Chikkanayakana Halli Road,Apr-Jun 2024,"8,114-12,544","10,329",2%,,Bangalore,Residential - Multi Storey Apartment
Doddakannelli Chikkanayakana Halli Road,Jan-Mar 2024,"7,827-12,364","10,095",2%,,Bangalore,Residential - Multi Storey Apartment
Doddakannelli Chikkanayakana Halli Road,Oct-Dec 2023,"7,123-11,974","9,762",3%,,Bangalore,Residential - Multi Storey Apartment
Doddakannelli Chikkanayakana Halli Road,Jul-Sep 2023,"6,825-11,823","9,403",4%,,Bangalore,Residential - Multi Storey Apartment
Doddakannelli Chikkanayakana Halli Road,Apr-Jun 2023,"6,432-11,452","9,150",3%,,Bangalore,Residential - Multi Storey Apartment
Doddakannelli Chikkanayakana Halli Road,Jan-Mar 2023,"6,210-10,978","8,860",2%,,Bangalore,Residential - Multi Storey Apartment
Doddakannelli Chikkanayakana Halli Road,Oct-Dec 2022,"5,987-10,853","8,725",3%,,Bangalore,Residential - Multi Storey Apartment
Doddakannelli Chikkanayakana Halli Road,Jul-Sep 2022,"5,873-10,467","8,370",3%,,Bangalore,Residential - Multi Storey Apartment
Doddakannelli Chikkanayakana Halli Road,Apr-Jun 2022,"5,603-9,923","8,250",4%,,Bangalore,Residential - Multi Storey Apartment
Doddakannelli Chikkanayakana Halli Road,Jan-Mar 2022,"5,365-9,671","8,021",2%,,Bangalore,Residential - Multi Storey Apartment
Doddakannelli Chikkanayakana Halli Road,Oct-Dec 2021,"5,125-9,236","7,811",2%,,Bangalore,Residential - Multi Storey Apartment
Doddakannelli Chikkanayakana Halli Road,Jul-Sep 2021,"4,983-8,775","7,379",3%,,Bangalore,Residential - Multi Storey Apartment
Doddakannelli Chikkanayakana Halli Road,Apr-Jun 2021,"4,845-8,321","7,128",2%,,Bangalore,Residential - Multi Storey Apartment
Doddakannelli Chikkanayakana Halli Road,Jan-Mar 2021,"4,733-8,102","6,899",2%,,Bangalore,Residential - Multi Storey Apartment
Doddakannelli Chikkanayakana Halli Road,Oct-Dec 2020,"4,586-7,935","6,759",2%,,Bangalore,Residential - Multi Storey Apartment
Doddakannelli Chikkanayakana Halli Road,Jul-Sep 2020,"4,378-7,710","6,549",1%,,Bangalore,Residential - Multi Storey Apartment
Doddakannelli Chikkanayakana Halli Road,Apr-Jun 2020,"4,151-7,430","6,255",2%,,Bangalore,Residential - Multi Storey Apartment
Doddakannelli Chikkanayakana Halli Road,Jan-Mar 2020,"4,015-7,210","6,112",2%,,Bangalore,Residential - Multi Storey Apartment
Doddakannelli Chikkanayakana Halli Road,Oct-Dec 2019,"3,890-7,070","5,970",2%,,Bangalore,Residential - Multi Storey Apartment
Doddakannelli Chikkanayakana Halli Road,Jul-Sep 2019,"3,763-6,982","5,811",3%,,Bangalore,Residential - Multi Storey Apartment
Doddakannelli Chikkanayakana Halli Road,Apr-Jun 2019,"3,639-6,845","5,670",2%,,Bangalore,Residential - Multi Storey Apartment
Doddakannelli Chikkanayakana Halli Road,Jan-Mar 2019,"3,510-6,650","5,439",1%,,Bangalore,Residential - Multi Storey Apartment
Doddakannelli Chikkanayakana Halli Road,Oct-Dec 2018,"3,342-6,456","5,280",2%,,Bangalore,Residential - Multi Storey Apartment
Doddakannelli Chikkanayakana Halli Road,Jul-Sep 2018,"3,210-6,237","5,058",3%,,Bangalore,Residential - Multi Storey Apartment
Dr Rajkumar Road,Jul-Sep 2024,"10,297-15,017","12,657",8%,,Bangalore,Residential - Multi Storey Apartment
Dr Rajkumar Road,Apr-Jun 2024,"9,339-14,027","11,683",0.30%,,Bangalore,Residential - Multi Storey Apartment
Dr Rajkumar Road,Jan-Mar 2024,"9,722-13,720","11,721",0.40%,,Bangalore,Residential - Multi Storey Apartment
Dr Rajkumar Road,Oct-Dec 2023,"9,342-14,200","11,771",2%,,Bangalore,Residential - Multi Storey Apartment
Dr Rajkumar Road,Jul-Sep 2023,"9,783-14,159","11,971",4.20%,,Bangalore,Residential - Multi Storey Apartment
Dr Rajkumar Road,Apr-Jun 2023,"9,200-13,800","11,400",3%,,Bangalore,Residential - Multi Storey Apartment
Dr Rajkumar Road,Jan-Mar 2023,"9,400-14,100","11,600",2%,,Bangalore,Residential - Multi Storey Apartment
Dr Rajkumar Road,Oct-Dec 2022,"9,200-13,900","11,450",2%,,Bangalore,Residential - Multi Storey Apartment
Dr Rajkumar Road,Jul-Sep 2022,"9,100-13,500","11,300",3%,,Bangalore,Residential - Multi Storey Apartment
Dr Rajkumar Road,Apr-Jun 2022,"8,900-13,200","11,100",2%,,Bangalore,Residential - Multi Storey Apartment
Dr Rajkumar Road,Jan-Mar 2022,"8,800-13,000","10,950",2%,,Bangalore,Residential - Multi Storey Apartment
Dr Rajkumar Road,Oct-Dec 2021,"8,600-12,800","10,800",2%,,Bangalore,Residential - Multi Storey Apartment
Dr Rajkumar Road,Jul-Sep 2021,"8,500-12,700","10,700",2%,,Bangalore,Residential - Multi Storey Apartment
Dr Rajkumar Road,Apr-Jun 2021,"8,300-12,500","10,400",2%,,Bangalore,Residential - Multi Storey Apartment
Dr Rajkumar Road,Jan-Mar 2021,"8,200-12,200","10,300",2%,,Bangalore,Residential - Multi Storey Apartment
Dr Rajkumar Road,Oct-Dec 2020,"8,000-12,000","10,150",2%,,Bangalore,Residential - Multi Storey Apartment
Dr Rajkumar Road,Jul-Sep 2020,"7,800-11,800","9,950",2%,,Bangalore,Residential - Multi Storey Apartment
Dr Rajkumar Road,Apr-Jun 2020,"7,700-11,700","9,900",2%,,Bangalore,Residential - Multi Storey Apartment
Dr Rajkumar Road,Jan-Mar 2020,"7,600-11,600","9,800",1%,,Bangalore,Residential - Multi Storey Apartment
Dr Rajkumar Road,Oct-Dec 2019,"7,500-11,500","9,750",1%,,Bangalore,Residential - Multi Storey Apartment
Dr Rajkumar Road,Jul-Sep 2019,"7,400-11,400","9,600",1%,,Bangalore,Residential - Multi Storey Apartment
Dr Rajkumar Road,Apr-Jun 2019,"7,200-11,200","9,400",1%,,Bangalore,Residential - Multi Storey Apartment
Dr Rajkumar Road,Jan-Mar 2019,"7,100-11,100","9,250",1%,,Bangalore,Residential - Multi Storey Apartment
Dr Rajkumar Road,Oct-Dec 2018,"7,000-11,000","9,100",1%,,Bangalore,Residential - Multi Storey Apartment
Dr Rajkumar Road,Jul-Sep 2018,"6,800-10,800","8,900",2%,,Bangalore,Residential - Multi Storey Apartment
Subramanyapura Main Road,Jul-Sep 2024,"5,224-8,758","6,991",1%,,Bangalore,Residential - Multi Storey Apartment
Subramanyapura Main Road,Apr-Jun 2024,"5,221-8,615","6,918",5%,,Bangalore,Residential - Multi Storey Apartment
Subramanyapura Main Road,Jan-Mar 2024,"5,009-8,144","6,577",3%,,Bangalore,Residential - Multi Storey Apartment
Subramanyapura Main Road,Oct-Dec 2023,"4,843-7,975","6,409",4.20%,,Bangalore,Residential - Multi Storey Apartment
Subramanyapura Main Road,Jul-Sep 2023,"4,750-7,100","6,050",3%,,Bangalore,Residential - Multi Storey Apartment
Subramanyapura Main Road,Apr-Jun 2023,"4,720-7,000","6,550",2.60%,,Bangalore,Residential - Multi Storey Apartment
Subramanyapura Main Road,Jan-Mar 2023,"4,600-6,900","5,750",3.50%,,Bangalore,Residential - Multi Storey Apartment
Subramanyapura Main Road,Oct-Dec 2022,"4,500-6,800","5,850",4%,,Bangalore,Residential - Multi Storey Apartment
Subramanyapura Main Road,Jul-Sep 2022,"4,450-6,700","6,300",2.30%,,Bangalore,Residential - Multi Storey Apartment
Subramanyapura Main Road,Apr-Jun 2022,"4,400-6,600","5,850",3.20%,,Bangalore,Residential - Multi Storey Apartment
Subramanyapura Main Road,Jan-Mar 2022,"4,350-6,500","5,200",3.80%,,Bangalore,Residential - Multi Storey Apartment
Subramanyapura Main Road,Oct-Dec 2021,"4,300-6,400","5,350",3.40%,,Bangalore,Residential - Multi Storey Apartment
Subramanyapura Main Road,Jul-Sep 2021,"4,250-6,300","5,500",3%,,Bangalore,Residential - Multi Storey Apartment
Subramanyapura Main Road,Apr-Jun 2021,"4,200-6,200","5,450",3%,,Bangalore,Residential - Multi Storey Apartment
Subramanyapura Main Road,Jan-Mar 2021,"4,150-6,100","5,250",2.70%,,Bangalore,Residential - Multi Storey Apartment
Subramanyapura Main Road,Oct-Dec 2020,"4,100-6,000","5,050",3.30%,,Bangalore,Residential - Multi Storey Apartment
Subramanyapura Main Road,Jul-Sep 2020,"4,050-5,950","5,050",3%,,Bangalore,Residential - Multi Storey Apartment
Subramanyapura Main Road,Apr-Jun 2020,"4,000-5,900","5,000",2.70%,,Bangalore,Residential - Multi Storey Apartment
Subramanyapura Main Road,Jan-Mar 2020,"3,950-5,850","4,900",3.20%,,Bangalore,Residential - Multi Storey Apartment
Subramanyapura Main Road,Oct-Dec 2019,"3,900-5,800","4,950",3.50%,,Bangalore,Residential - Multi Storey Apartment
Subramanyapura Main Road,Jul-Sep 2019,"3,850-5,750","4,950",3%,,Bangalore,Residential - Multi Storey Apartment
Subramanyapura Main Road,Apr-Jun 2019,"3,800-5,700","4,650",3%,,Bangalore,Residential - Multi Storey Apartment
Subramanyapura Main Road,Jan-Mar 2019,"3,750-5,650","4,250",3%,,Bangalore,Residential - Multi Storey Apartment
Subramanyapura Main Road,Oct-Dec 2018,"3,700-5,600","4,050",3.20%,,Bangalore,Residential - Multi Storey Apartment
Subramanyapura Main Road,Jul-Sep 2018,"3,650-5,550","4,250",3.10%,,Bangalore,Residential - Multi Storey Apartment
HAL Old Airport Road,Jul-Sep 2024,"9,402-15,570","12,486",5%,,Bangalore,Residential - Multi Storey Apartment
HAL Old Airport Road,Apr-Jun 2024,"8,710-14,993","11,852",7%,,Bangalore,Residential - Multi Storey Apartment
HAL Old Airport Road,Jan-Mar 2024,"8,148-14,107","11,128",7%,,Bangalore,Residential - Multi Storey Apartment
HAL Old Airport Road,Oct-Dec 2023,"7,641-13,176","10,408",1%,,Bangalore,Residential - Multi Storey Apartment
HAL Old Airport Road,Jul-Sep 2023,"7,544-13,036","10,290",5%,,Bangalore,Residential - Multi Storey Apartment
HAL Old Airport Road,Apr-Jun 2023,"7,033-12,530","9,781",2.80%,,Bangalore,Residential - Multi Storey Apartment
HAL Old Airport Road,Jan-Mar 2023,"5,954-11,275","8,615",3%,,Bangalore,Residential - Multi Storey Apartment
HAL Old Airport Road,Oct-Dec 2022,"8,276-14,293","11,284",2.60%,,Bangalore,Residential - Multi Storey Apartment
HAL Old Airport Road,Jul-Sep 2022,"8,100-13,800","10,950",3%,,Bangalore,Residential - Multi Storey Apartment
HAL Old Airport Road,Apr-Jun 2022,"7,850-13,400","10,250",2%,,Bangalore,Residential - Multi Storey Apartment
HAL Old Airport Road,Jan-Mar 2022,"7,700-13,000","9,850",2%,,Bangalore,Residential - Multi Storey Apartment
HAL Old Airport Road,Oct-Dec 2021,"7,500-12,800","9,650",2%,,Bangalore,Residential - Multi Storey Apartment
HAL Old Airport Road,Jul-Sep 2021,"7,300-12,500","9,400",2%,,Bangalore,Residential - Multi Storey Apartment
HAL Old Airport Road,Apr-Jun 2021,"7,100-12,300","9,200",2%,,Bangalore,Residential - Multi Storey Apartment
HAL Old Airport Road,Jan-Mar 2021,"6,900-12,100","9,000",2%,,Bangalore,Residential - Multi Storey Apartment
HAL Old Airport Road,Oct-Dec 2020,"6,700-11,900","8,800",2%,,Bangalore,Residential - Multi Storey Apartment
HAL Old Airport Road,Jul-Sep 2020,"6,500-11,600","8,550",2%,,Bangalore,Residential - Multi Storey Apartment
HAL Old Airport Road,Apr-Jun 2020,"6,300-11,400","8,300",1%,,Bangalore,Residential - Multi Storey Apartment
HAL Old Airport Road,Jan-Mar 2020,"6,100-11,200","8,100",1%,,Bangalore,Residential - Multi Storey Apartment
HAL Old Airport Road,Oct-Dec 2019,"6,000-11,000","7,900",1%,,Bangalore,Residential - Multi Storey Apartment
HAL Old Airport Road,Jul-Sep 2019,"5,800-10,800","7,600",1%,,Bangalore,Residential - Multi Storey Apartment
HAL Old Airport Road,Apr-Jun 2019,"5,600-10,600","7,400",1%,,Bangalore,Residential - Multi Storey Apartment
HAL Old Airport Road,Jan-Mar 2019,"5,400-10,400","7,200",1%,,Bangalore,Residential - Multi Storey Apartment
HAL Old Airport Road,Oct-Dec 2018,"5,200-10,200","7,000",1%,,Bangalore,Residential - Multi Storey Apartment
HAL Old Airport Road,Jul-Sep 2018,"5,000-10,000","6,800",1%,,Bangalore,Residential - Multi Storey Apartment
Seegehalli,Jul-Sep 2024,"6,828-10,105","8,467",2%,,Bangalore,Residential - Multi Storey Apartment
Seegehalli,Apr-Jun 2024,"6,900-10,372","8,636",2.00%,,Bangalore,Residential - Multi Storey Apartment
Seegehalli,Jan-Mar 2024,"6,565-10,363","8,464",0.50%,,Bangalore,Residential - Multi Storey Apartment
Seegehalli,Oct-Dec 2023,"6,782-10,069","8,426",2%,,Bangalore,Residential - Multi Storey Apartment
Seegehalli,Jul-Sep 2023,"6,631-9,963","8,297",3.20%,,Bangalore,Residential - Multi Storey Apartment
Seegehalli,Apr-Jun 2023,"6,400-9,700","5,700",3%,,Bangalore,Residential - Multi Storey Apartment
Seegehalli,Jan-Mar 2023,"6,175-9,465","5,450",3.40%,,Bangalore,Residential - Multi Storey Apartment
Seegehalli,Oct-Dec 2022,"6,020-9,290","4,500",3%,,Bangalore,Residential - Multi Storey Apartment
Seegehalli,Jul-Sep 2022,"5,900-9,100","5,300",3.30%,,Bangalore,Residential - Multi Storey Apartment
Seegehalli,Apr-Jun 2022,"5,760-8,850","5,300",3.10%,,Bangalore,Residential - Multi Storey Apartment
Seegehalli,Jan-Mar 2022,"5,600-8,750","5,350",3%,,Bangalore,Residential - Multi Storey Apartment
Seegehalli,Oct-Dec 2021,"5,470-8,600","4,850",3%,,Bangalore,Residential - Multi Storey Apartment
Seegehalli,Jul-Sep 2021,"5,350-8,450","4,000",3.20%,,Bangalore,Residential - Multi Storey Apartment
Seegehalli,Apr-Jun 2021,"5,230-8,300","4,300",3%,,Bangalore,Residential - Multi Storey Apartment
Seegehalli,Jan-Mar 2021,"5,110-8,150","3,900",2.80%,,Bangalore,Residential - Multi Storey Apartment
Seegehalli,Oct-Dec 2020,"4,990-8,000","3,800",3.10%,,Bangalore,Residential - Multi Storey Apartment
Seegehalli,Jul-Sep 2020,"4,870-7,850","3,600",3%,,Bangalore,Residential - Multi Storey Apartment
Seegehalli,Jan-Mar 2020,"4,750-7,700","4,750",3.20%,,Bangalore,Residential - Multi Storey Apartment
Seegehalli,Oct-Dec 2019,"4,630-7,550","4,400",3%,,Bangalore,Residential - Multi Storey Apartment
Seegehalli,Jul-Sep 2019,"4,510-7,400","4,350",3.10%,,Bangalore,Residential - Multi Storey Apartment
Seegehalli,Apr-Jun 2019,"4,390-7,250","4,900",3%,,Bangalore,Residential - Multi Storey Apartment
Seegehalli,Jan-Mar 2019,"4,270-7,100","4,850",2.80%,,Bangalore,Residential - Multi Storey Apartment
Seegehalli,Oct-Dec 2018,"4,150-6,950","3,800",3%,,Bangalore,Residential - Multi Storey Apartment
Seegehalli,Jul-Sep 2018,"4,030-6,800","3,750",3.20%,,Bangalore,Residential - Multi Storey Apartment
Gottigere,Jul-Sep 2024,"4,329-8,008","6,169",1%,,Bangalore,Residential - Multi Storey Apartment
Gottigere,Apr-Jun 2024,"4,472-7,790","6,131",2%,,Bangalore,Residential - Multi Storey Apartment
Gottigere,Jan-Mar 2024,"4,545-7,496","6,020",5%,,Bangalore,Residential - Multi Storey Apartment
Gottigere,Oct-Dec 2023,"4,439-7,081","5,760",5%,,Bangalore,Residential - Multi Storey Apartment
Gottigere,Jul-Sep 2023,"4,347-6,634","5,491",3%,,Bangalore,Residential - Multi Storey Apartment
Gottigere,Apr-Jun 2023,"4,303-7,058","5,680",3.10%,,Bangalore,Residential - Multi Storey Apartment
Gottigere,Jan-Mar 2023,"4,245-7,002","5,624",3.20%,,Bangalore,Residential - Multi Storey Apartment
Gottigere,Oct-Dec 2022,"5,632-9,665","7,649",3%,,Bangalore,Residential - Multi Storey Apartment
Gottigere,Jul-Sep 2022,"4,352-8,384","6,368",3%,,Bangalore,Residential - Multi Storey Apartment
Gottigere,Apr-Jun 2022,"4,277-8,047","6,162",9%,,Bangalore,Residential - Multi Storey Apartment
Gottigere,Jan-Mar 2022,"4,047-7,294","5,670",4%,,Bangalore,Residential - Multi Storey Apartment
Gottigere,Oct-Dec 2021,"4,292-7,501","5,896",9%,,Bangalore,Residential - Multi Storey Apartment
Gottigere,Jul-Sep 2021,"3,911-6,886","5,399",1%,,Bangalore,Residential - Multi Storey Apartment
Gottigere,Apr-Jun 2021,"4,013-6,923","5,468",1%,,Bangalore,Residential - Multi Storey Apartment
Gottigere,Jan-Mar 2021,"3,999-7,066","5,532",6%,,Bangalore,Residential - Multi Storey Apartment
Gottigere,Oct-Dec 2020,"3,940-6,471","5,206",7%,,Bangalore,Residential - Multi Storey Apartment
Gottigere,Jul-Sep 2020,"3,568-6,159","4,864",2%,,Bangalore,Residential - Multi Storey Apartment
Gottigere,Apr-Jun 2020,"3,703-6,252","4,978",10%,,Bangalore,Residential - Multi Storey Apartment
Gottigere,Jan-Mar 2020,"4,162-6,940","5,551",1%,,Bangalore,Residential - Multi Storey Apartment
Gottigere,Oct-Dec 2019,"4,237-6,769","5,503",7%,,Bangalore,Residential - Multi Storey Apartment
Gottigere,Jul-Sep 2019,"3,877-6,365","5,121",4%,,Bangalore,Residential - Multi Storey Apartment
Gottigere,Apr-Jun 2019,"3,782-6,096","4,939",3%,,Bangalore,Residential - Multi Storey Apartment
Gottigere,Jan-Mar 2019,"3,932-6,287","5,109",2%,,Bangalore,Residential - Multi Storey Apartment
Gottigere,Oct-Dec 2018,"3,936-6,108","5,022",1%,,Bangalore,Residential - Multi Storey Apartment
Gottigere,Jul-Sep 2018,"3,815-6,372","5,094",4%,,Bangalore,Residential - Multi Storey Apartment
GKVK Road,Jul-Sep 2024,"5,230-9,044","7,137",5%,,Bangalore,Residential - Multi Storey Apartment
GKVK Road,Apr-Jun 2024,"5,046-8,507","6,776",0.20%,,Bangalore,Residential - Multi Storey Apartment
GKVK Road,Jan-Mar 2024,"5,004-8,576","6,790",8%,,Bangalore,Residential - Multi Storey Apartment
GKVK Road,Oct-Dec 2023,"4,685-7,859","6,272",5.20%,,Bangalore,Residential - Multi Storey Apartment
GKVK Road,Jul-Sep 2023,"4,600-7,780","6,090",4%,,Bangalore,Residential - Multi Storey Apartment
GKVK Road,Apr-Jun 2023,"4,500-7,600","5,950",3%,,Bangalore,Residential - Multi Storey Apartment
GKVK Road,Jan-Mar 2023,"4,300-7,500","5,850",3%,,Bangalore,Residential - Multi Storey Apartment
GKVK Road,Oct-Dec 2022,"4,200-7,400","5,600",3%,,Bangalore,Residential - Multi Storey Apartment
GKVK Road,Jul-Sep 2022,"4,100-7,200","5,450",3%,,Bangalore,Residential - Multi Storey Apartment
GKVK Road,Apr-Jun 2022,"4,000-7,000","5,200",3%,,Bangalore,Residential - Multi Storey Apartment
GKVK Road,Jan-Mar 2022,"3,900-6,900","5,000",3%,,Bangalore,Residential - Multi Storey Apartment
GKVK Road,Oct-Dec 2021,"3,800-6,800","4,900",3%,,Bangalore,Residential - Multi Storey Apartment
GKVK Road,Jul-Sep 2021,"3,700-6,600","4,750",3%,,Bangalore,Residential - Multi Storey Apartment
GKVK Road,Apr-Jun 2021,"3,600-6,500","4,650",3%,,Bangalore,Residential - Multi Storey Apartment
GKVK Road,Jan-Mar 2021,"3,500-6,300","4,500",3%,,Bangalore,Residential - Multi Storey Apartment
GKVK Road,Oct-Dec 2020,"3,400-6,100","4,350",2%,,Bangalore,Residential - Multi Storey Apartment
GKVK Road,Jul-Sep 2020,"3,300-6,000","4,200",2%,,Bangalore,Residential - Multi Storey Apartment
GKVK Road,Apr-Jun 2020,"3,200-5,900","4,100",2%,,Bangalore,Residential - Multi Storey Apartment
GKVK Road,Jan-Mar 2020,"3,100-5,800","4,000",2%,,Bangalore,Residential - Multi Storey Apartment
GKVK Road,Oct-Dec 2019,"3,000-5,700","3,850",2%,,Bangalore,Residential - Multi Storey Apartment
GKVK Road,Jul-Sep 2019,"2,900-5,600","3,750",2%,,Bangalore,Residential - Multi Storey Apartment
GKVK Road,Apr-Jun 2019,"2,800-5,400","3,650",1%,,Bangalore,Residential - Multi Storey Apartment
GKVK Road,Jan-Mar 2019,"2,700-5,300","3,550",1%,,Bangalore,Residential - Multi Storey Apartment
GKVK Road,Oct-Dec 2018,"2,600-5,200","3,400",1%,,Bangalore,Residential - Multi Storey Apartment
GKVK Road,Jul-Sep 2018,"2,500-5,100","3,250",1%,,Bangalore,Residential - Multi Storey Apartment
Gottigere Main Road,Jul-Sep 2024,"4,765-8,367","6,566",4%,,Bangalore,Residential - Multi Storey Apartment
Gottigere Main Road,Apr-Jun 2024,"4,674-7,918","6,296",2%,,Bangalore,Residential - Multi Storey Apartment
Gottigere Main Road,Jan-Mar 2024,"4,714-7,656","6,185",7%,,Bangalore,Residential - Multi Storey Apartment
Gottigere Main Road,Oct-Dec 2023,"4,592-6,973","5,783",4%,,Bangalore,Residential - Multi Storey Apartment
Gottigere Main Road,Jul-Sep 2023,"4,430-6,685","5,557",2%,,Bangalore,Residential - Multi Storey Apartment
Gottigere Main Road,Apr-Jun 2023,"4,413-6,930","5,671",4.50%,,Bangalore,Residential - Multi Storey Apartment
Gottigere Main Road,Jan-Mar 2023,"4,217-6,766","5,491",2.30%,,Bangalore,Residential - Multi Storey Apartment
Gottigere Main Road,Oct-Dec 2022,"4,100-6,600","5,650",3%,,Bangalore,Residential - Multi Storey Apartment
Gottigere Main Road,Jul-Sep 2022,"4,050-6,000","5,400",1.50%,,Bangalore,Residential - Multi Storey Apartment
Gottigere Main Road,Apr-Jun 2022,"4,000-6,400","4,500",2%,,Bangalore,Residential - Multi Storey Apartment
Gottigere Main Road,Jan-Mar 2022,"3,950-6,300","4,800",2.80%,,Bangalore,Residential - Multi Storey Apartment
Gottigere Main Road,Oct-Dec 2021,"3,900-6,200","4,400",3.20%,,Bangalore,Residential - Multi Storey Apartment
Gottigere Main Road,Jul-Sep 2021,"3,850-6,100","4,600",3.70%,,Bangalore,Residential - Multi Storey Apartment
Gottigere Main Road,Apr-Jun 2021,"3,800-6,000","4,550",1.90%,,Bangalore,Residential - Multi Storey Apartment
Gottigere Main Road,Jan-Mar 2021,"3,750-5,900","4,450",2.50%,,Bangalore,Residential - Multi Storey Apartment
Gottigere Main Road,Oct-Dec 2020,"3,650-5,800","4,300",2.90%,,Bangalore,Residential - Multi Storey Apartment
Gottigere Main Road,Jul-Sep 2020,"3,550-5,700","4,200",3.50%,,Bangalore,Residential - Multi Storey Apartment
Gottigere Main Road,Apr-Jun 2020,"3,450-5,600","4,600",1.20%,,Bangalore,Residential - Multi Storey Apartment
Gottigere Main Road,Jan-Mar 2020,"3,350-5,500","4,000",2.30%,,Bangalore,Residential - Multi Storey Apartment
Gottigere Main Road,Oct-Dec 2019,"3,250-5,400","4,250",2.70%,,Bangalore,Residential - Multi Storey Apartment
Gottigere Main Road,Jul-Sep 2019,"3,150-5,300","4,350",3%,,Bangalore,Residential - Multi Storey Apartment
Gottigere Main Road,Apr-Jun 2019,"3,050-5,200","4,250",2.50%,,Bangalore,Residential - Multi Storey Apartment
Gottigere Main Road,Jan-Mar 2019,"2,950-5,100","4,000",3.20%,,Bangalore,Residential - Multi Storey Apartment
Gottigere Main Road,Oct-Dec 2018,"2,850-5,000","4,400",2.10%,,Bangalore,Residential - Multi Storey Apartment
Gottigere Main Road,Jul-Sep 2018,"2,750-4,900","3,500",3.40%,,Bangalore,Residential - Multi Storey Apartment
Seegehalli Krishnarajapura,Jul-Sep 2024,"5,128-9,915","7,522",5.20%,,Bangalore,Residential - Multi Storey Apartment
Seegehalli Krishnarajapura,Oct-Dec 2022,"3,709-5,496","4,603",2%,,Bangalore,Residential - Multi Storey Apartment
Seegehalli Krishnarajapura,Jul-Sep 2022,"3,729-5,620","4,675",3%,,Bangalore,Residential - Multi Storey Apartment
Seegehalli Krishnarajapura,Apr-Jun 2022,"3,525-5,524","4,525",3%,,Bangalore,Residential - Multi Storey Apartment
Seegehalli Krishnarajapura,Jan-Mar 2022,"3,655-5,643","4,649",4.70%,,Bangalore,Residential - Multi Storey Apartment
Seegehalli Krishnarajapura,Jan-Mar 2021,"3,585-5,692","4,639",3.30%,,Bangalore,Residential - Multi Storey Apartment
Seegehalli Krishnarajapura,Oct-Dec 2019,"3,336-4,612","3,974",3%,,Bangalore,Residential - Multi Storey Apartment
Seegehalli Krishnarajapura,Jul-Sep 2019,"3,386-4,331","3,858",4%,,Bangalore,Residential - Multi Storey Apartment
Seegehalli Krishnarajapura,Apr-Jun 2019,"3,265-4,808","4,036",7%,,Bangalore,Residential - Multi Storey Apartment
Seegehalli Krishnarajapura,Jan-Mar 2019,"3,311-5,336","4,324",2%,,Bangalore,Residential - Multi Storey Apartment
Seegehalli Krishnarajapura,Oct-Dec 2018,"3,300-5,152","4,226",4%,,Bangalore,Residential - Multi Storey Apartment
Seegehalli Krishnarajapura,Jul-Sep 2018,"3,129-4,966","4,048",1%,,Bangalore,Residential - Multi Storey Apartment
Sarjapura Attibele Road,Jul-Sep 2024,"5,708-11,244","8,476",11%,,Bangalore,Residential - Multi Storey Apartment
Sarjapura Attibele Road,Apr-Jun 2024,"5,100-10,108","7,604",5%,,Bangalore,Residential - Multi Storey Apartment
Sarjapura Attibele Road,Jan-Mar 2024,"4,905-9,631","7,268",25%,,Bangalore,Residential - Multi Storey Apartment
Sarjapura Attibele Road,Oct-Dec 2023,"4,010-7,655","5,833",4%,,Bangalore,Residential - Multi Storey Apartment
Sarjapura Attibele Road,Jul-Sep 2023,"3,878-7,301","5,590",42%,,Bangalore,Residential - Multi Storey Apartment
Sarjapura Attibele Road,Apr-Jun 2023,"3,065-4,785","3,925",1%,,Bangalore,Residential - Multi Storey Apartment
Sarjapura Attibele Road,Jan-Mar 2023,"3,128-4,825","3,976",12%,,Bangalore,Residential - Multi Storey Apartment
Sarjapura Attibele Road,Oct-Dec 2022,"3,187-5,865","4,526",3%,,Bangalore,Residential - Multi Storey Apartment
Sarjapura Attibele Road,Jul-Sep 2022,"3,239-6,099","4,669",10%,,Bangalore,Residential - Multi Storey Apartment
Sarjapura Attibele Road,Apr-Jun 2022,"3,709-6,660","5,184",3%,,Bangalore,Residential - Multi Storey Apartment
Sarjapura Attibele Road,Jan-Mar 2022,"3,799-6,873","5,336",5%,,Bangalore,Residential - Multi Storey Apartment
Sarjapura Attibele Road,Oct-Dec 2021,"3,604-6,529","5,066",19%,,Bangalore,Residential - Multi Storey Apartment
Sarjapura Attibele Road,Jul-Sep 2021,"3,068-5,457","4,263",4%,,Bangalore,Residential - Multi Storey Apartment
Sarjapura Attibele Road,Apr-Jun 2021,"3,057-5,113","4,085",1%,,Bangalore,Residential - Multi Storey Apartment
Sarjapura Attibele Road,Jan-Mar 2021,"3,038-5,029","4,033",2%,,Bangalore,Residential - Multi Storey Apartment
Sarjapura Attibele Road,Oct-Dec 2020,"2,964-4,934","3,949",4%,,Bangalore,Residential - Multi Storey Apartment
Sarjapura Attibele Road,Jul-Sep 2020,"3,005-5,204","4,105",3%,,Bangalore,Residential - Multi Storey Apartment
Sarjapura Attibele Road,Apr-Jun 2020,"3,037-5,407","4,222",11%,,Bangalore,Residential - Multi Storey Apartment
Sarjapura Attibele Road,Jan-Mar 2020,"3,219-6,238","4,728",2%,,Bangalore,Residential - Multi Storey Apartment
Sarjapura Attibele Road,Oct-Dec 2019,"3,165-6,107","4,636",2%,,Bangalore,Residential - Multi Storey Apartment
Sarjapura Attibele Road,Jul-Sep 2019,"3,173-5,901","4,537",3%,,Bangalore,Residential - Multi Storey Apartment
Sarjapura Attibele Road,Apr-Jun 2019,"3,267-6,062","4,664",15%,,Bangalore,Residential - Multi Storey Apartment
Sarjapura Attibele Road,Jan-Mar 2019,"2,926-5,186","4,056",3%,,Bangalore,Residential - Multi Storey Apartment
Sarjapura Attibele Road,Oct-Dec 2018,"2,855-5,002","3,928",2%,,Bangalore,Residential - Multi Storey Apartment
Sarjapura Attibele Road,Jul-Sep 2018,"2,908-5,071","3,990",7%,,Bangalore,Residential - Multi Storey Apartment
Gear School Road,Jul-Sep 2024,"10,397-15,790","13,094",5.10%,,Bangalore,Residential - Multi Storey Apartment
Gubbalala,Jul-Sep 2024,"5,222-8,057","6,640",4%,,Bangalore,Residential - Multi Storey Apartment
Gubbalala,Apr-Jun 2024,"5,071-7,682","6,376",6%,,Bangalore,Residential - Multi Storey Apartment
Gubbalala,Jan-Mar 2024,"4,950-7,136","6,043",2%,,Bangalore,Residential - Multi Storey Apartment
Gubbalala,Oct-Dec 2023,"4,751-7,094","5,923",0.30%,,Bangalore,Residential - Multi Storey Apartment
Gubbalala,Jul-Sep 2023,"4,853-6,962","5,908",5%,,Bangalore,Residential - Multi Storey Apartment
Gubbalala,Apr-Jun 2023,"4,438-6,799","5,618",3.70%,,Bangalore,Residential - Multi Storey Apartment
Gubbalala,Jan-Mar 2023,"4,257-6,141","5,199",2.40%,,Bangalore,Residential - Multi Storey Apartment
Gubbalala,Oct-Dec 2022,"4,097-5,978","5,037",1.60%,,Bangalore,Residential - Multi Storey Apartment
Gubbalala,Jul-Sep 2022,"4,220-5,984","5,102",1%,,Bangalore,Residential - Multi Storey Apartment
Gubbalala,Apr-Jun 2022,"4,206-6,109","5,157",1%,,Bangalore,Residential - Multi Storey Apartment
Gubbalala,Jan-Mar 2022,"4,288-6,140","5,214",1%,,Bangalore,Residential - Multi Storey Apartment
Gubbalala,Oct-Dec 2021,"4,258-6,063","5,161",2%,,Bangalore,Residential - Multi Storey Apartment
Gubbalala,Jul-Sep 2021,"4,285-5,862","5,073",3%,,Bangalore,Residential - Multi Storey Apartment
Gubbalala,Apr-Jun 2021,"4,118-5,746","4,932",1%,,Bangalore,Residential - Multi Storey Apartment
Gubbalala,Jan-Mar 2021,"4,116-5,842","4,979",2.30%,,Bangalore,Residential - Multi Storey Apartment
Gubbalala,Oct-Dec 2020,"4,108-5,849","4,978",1%,,Bangalore,Residential - Multi Storey Apartment
Gubbalala,Jul-Sep 2020,"3,965-6,060","5,013",1%,,Bangalore,Residential - Multi Storey Apartment
Gubbalala,Apr-Jun 2020,"3,882-6,068","4,975",5%,,Bangalore,Residential - Multi Storey Apartment
Gubbalala,Jan-Mar 2020,"4,148-6,321","5,235",3%,,Bangalore,Residential - Multi Storey Apartment
Gubbalala,Oct-Dec 2019,"4,338-6,462","5,400",3%,,Bangalore,Residential - Multi Storey Apartment
Gubbalala,Jul-Sep 2019,"4,327-6,178","5,252",4%,,Bangalore,Residential - Multi Storey Apartment
Gubbalala,Apr-Jun 2019,"4,086-5,980","5,033",1%,,Bangalore,Residential - Multi Storey Apartment
Gubbalala,Jan-Mar 2019,"4,109-5,865","4,987",6%,,Bangalore,Residential - Multi Storey Apartment
Gubbalala,Oct-Dec 2018,"4,210-6,348","5,279",5%,,Bangalore,Residential - Multi Storey Apartment
Gubbalala,Jul-Sep 2018,"4,012-6,019","5,015",1.80%,,Bangalore,Residential - Multi Storey Apartment
Gubbalala Main Road,Jul-Sep 2024,"5,158-8,027","6,593",5%,,Bangalore,Residential - Multi Storey Apartment
Gubbalala Main Road,Apr-Jun 2024,"4,885-7,660","6,272",5%,,Bangalore,Residential - Multi Storey Apartment
Gubbalala Main Road,Jan-Mar 2024,"4,803-7,121","5,962",2.50%,,Bangalore,Residential - Multi Storey Apartment
Gatthalli Road,Jul-Sep 2024,"8,133-13,197","10,665",11%,,Bangalore,Residential - Multi Storey Apartment
Gatthalli Road,Apr-Jun 2024,"6,954-12,233","9,593",0.20%,,Bangalore,Residential - Multi Storey Apartment
Gatthalli Road,Jan-Mar 2024,"6,991-12,150","9,570",28%,,Bangalore,Residential - Multi Storey Apartment
Gatthalli Road,Oct-Dec 2023,"5,276-9,663","7,470",3%,,Bangalore,Residential - Multi Storey Apartment
Seegehalli Road,Jul-Sep 2024,"6,858-10,147","8,502",2%,,Bangalore,Residential - Multi Storey Apartment
Seegehalli Road,Apr-Jun 2024,"6,932-10,402","8,667",2.50%,,Bangalore,Residential - Multi Storey Apartment
Sarjapura,Jul-Sep 2024,"8,201-13,475","10,838",1%,,Bangalore,Residential - Multi Storey Apartment
Sarjapura,Apr-Jun 2024,"7,901-13,583","10,742",5%,,Bangalore,Residential - Multi Storey Apartment
Sarjapura,Jan-Mar 2024,"7,618-12,939","10,278",16%,,Bangalore,Residential - Multi Storey Apartment
Sarjapura,Oct-Dec 2023,"6,374-11,341","8,857",16%,,Bangalore,Residential - Multi Storey Apartment
Sarjapura,Jul-Sep 2023,"5,469-9,754","7,612",8%,,Bangalore,Residential - Multi Storey Apartment
Sarjapura,Apr-Jun 2023,"5,148-8,922","7,035",8%,,Bangalore,Residential - Multi Storey Apartment
Sarjapura,Jan-Mar 2023,"4,654-8,344","6,499",5%,,Bangalore,Residential - Multi Storey Apartment
Sarjapura,Oct-Dec 2022,"4,439-7,977","6,208",1%,,Bangalore,Residential - Multi Storey Apartment
Sarjapura,Jul-Sep 2022,"4,724-7,876","6,300",3%,,Bangalore,Residential - Multi Storey Apartment
Sarjapura,Apr-Jun 2022,"4,638-7,547","6,093",0.40%,,Bangalore,Residential - Multi Storey Apartment
Sarjapura,Jan-Mar 2022,"4,613-7,522","6,067",1%,,Bangalore,Residential - Multi Storey Apartment
Sarjapura,Oct-Dec 2021,"4,560-7,449","6,005",1.80%,,Bangalore,Residential - Multi Storey Apartment
Sarjapura,Jul-Sep 2021,"4,324-7,689","6,007",2%,,Bangalore,Residential - Multi Storey Apartment
Sarjapura,Apr-Jun 2021,"4,216-7,544","5,880",2%,,Bangalore,Residential - Multi Storey Apartment
Sarjapura,Jan-Mar 2021,"4,039-7,481","5,760",5%,,Bangalore,Residential - Multi Storey Apartment
Sarjapura,Oct-Dec 2020,"3,854-7,075","5,464",2%,,Bangalore,Residential - Multi Storey Apartment
Sarjapura,Jul-Sep 2020,"3,896-6,853","5,374",11%,,Bangalore,Residential - Multi Storey Apartment
Sarjapura,Apr-Jun 2020,"4,573-7,565","6,069",0.50%,,Bangalore,Residential - Multi Storey Apartment
Sarjapura,Jan-Mar 2020,"4,599-7,483","6,041",1%,,Bangalore,Residential - Multi Storey Apartment
Sarjapura,Oct-Dec 2019,"4,523-7,651","6,087",10%,,Bangalore,Residential - Multi Storey Apartment
Sarjapura,Jul-Sep 2019,"4,064-7,046","5,555",2%,,Bangalore,Residential - Multi Storey Apartment
Sarjapura,Apr-Jun 2019,"4,195-7,151","5,673",0.10%,,Bangalore,Residential - Multi Storey Apartment
Sarjapura,Jan-Mar 2019,"4,172-7,189","5,680",0.20%,,Bangalore,Residential - Multi Storey Apartment
Sarjapura,Oct-Dec 2018,"4,091-7,295","5,693",2%,,Bangalore,Residential - Multi Storey Apartment
Sarjapura,Jul-Sep 2018,"3,945-7,243","5,594",3%,,Bangalore,Residential - Multi Storey Apartment
Gunjur,Jul-Sep 2024,"8,204-11,897","10,050",3%,,Bangalore,Residential - Multi Storey Apartment
Gunjur,Apr-Jun 2024,"8,111-11,324","9,718",4%,,Bangalore,Residential - Multi Storey Apartment
Gunjur,Jan-Mar 2024,"7,773-10,903","9,338",5%,,Bangalore,Residential - Multi Storey Apartment
Gunjur,Oct-Dec 2023,"7,220-10,609","8,914",7%,,Bangalore,Residential - Multi Storey Apartment
Gunjur,Jul-Sep 2023,"6,790-9,835","8,313",4%,,Bangalore,Residential - Multi Storey Apartment
Gunjur,Apr-Jun 2023,"6,339-9,605","7,972",2.50%,,Bangalore,Residential - Multi Storey Apartment
Gunjur,Jan-Mar 2023,"5,122-8,517","6,820",3.20%,,Bangalore,Residential - Multi Storey Apartment
Gunjur,Oct-Dec 2022,"5,083-8,615","6,849",1.80%,,Bangalore,Residential - Multi Storey Apartment
Gunjur,Jul-Sep 2022,"5,054-8,800","6,927",11%,,Bangalore,Residential - Multi Storey Apartment
Gunjur,Apr-Jun 2022,"4,360-8,083","6,221",25%,,Bangalore,Residential - Multi Storey Apartment
Gunjur,Jan-Mar 2022,"3,928-6,017","4,973",3%,,Bangalore,Residential - Multi Storey Apartment
Gunjur,Oct-Dec 2021,"3,905-5,752","4,828",1%,,Bangalore,Residential - Multi Storey Apartment
Gunjur,Jul-Sep 2021,"3,875-5,663","4,769",0.10%,,Bangalore,Residential - Multi Storey Apartment
Gunjur,Apr-Jun 2021,"3,837-5,687","4,762",1%,,Bangalore,Residential - Multi Storey Apartment
Gunjur,Jan-Mar 2021,"3,766-5,701","4,734",3%,,Bangalore,Residential - Multi Storey Apartment
Gunjur,Oct-Dec 2020,"3,732-5,485","4,609",2%,,Bangalore,Residential - Multi Storey Apartment
Gunjur,Jul-Sep 2020,"3,698-5,307","4,503",2%,,Bangalore,Residential - Multi Storey Apartment
Gunjur,Apr-Jun 2020,"3,792-5,394","4,593",1%,,Bangalore,Residential - Multi Storey Apartment
Gunjur,Jan-Mar 2020,"3,816-5,295","4,555",3%,,Bangalore,Residential - Multi Storey Apartment
Gunjur,Oct-Dec 2019,"4,015-5,426","4,720",3%,,Bangalore,Residential - Multi Storey Apartment
Gunjur,Jul-Sep 2019,"3,745-5,415","4,580",1%,,Bangalore,Residential - Multi Storey Apartment
Gunjur,Apr-Jun 2019,"3,669-5,559","4,614",5%,,Bangalore,Residential - Multi Storey Apartment
Gunjur,Jan-Mar 2019,"3,875-5,829","4,852",3%,,Bangalore,Residential - Multi Storey Apartment
Gunjur,Oct-Dec 2018,"3,764-5,650","4,707",5%,,Bangalore,Residential - Multi Storey Apartment
Gunjur,Jul-Sep 2018,"3,631-5,314","4,472",6%,,Bangalore,Residential - Multi Storey Apartment
EPIP Zone,Jul-Sep 2024,"12,033-17,649","14,841",1%,,Bangalore,Residential - Multi Storey Apartment
EPIP Zone,Apr-Jun 2024,"12,054-17,190","14,622",4%,,Bangalore,Residential - Multi Storey Apartment
EPIP Zone,Jan-Mar 2024,"11,730-16,452","14,091",5%,,Bangalore,Residential - Multi Storey Apartment
EPIP Zone,Oct-Dec 2023,"11,213-15,562","13,387",6%,,Bangalore,Residential - Multi Storey Apartment
EPIP Zone,Jul-Sep 2023,"10,202-14,980","12,591",0.50%,,Bangalore,Residential - Multi Storey Apartment
EPIP Zone,Apr-Jun 2023,"10,550-14,511","12,531",13%,,Bangalore,Residential - Multi Storey Apartment
EPIP Zone,Jan-Mar 2023,"8,792-13,313","11,053",5%,,Bangalore,Residential - Multi Storey Apartment
EPIP Zone,Oct-Dec 2022,"8,178-12,804","10,491",4%,,Bangalore,Residential - Multi Storey Apartment
EPIP Zone,Jul-Sep 2022,"8,103-12,103","10,103",8%,,Bangalore,Residential - Multi Storey Apartment
EPIP Zone,Apr-Jun 2022,"7,118-11,647","9,383",2%,,Bangalore,Residential - Multi Storey Apartment
EPIP Zone,Jan-Mar 2022,"7,279-11,899","9,589",2%,,Bangalore,Residential - Multi Storey Apartment
EPIP Zone,Oct-Dec 2021,"7,214-11,576","9,395",3%,,Bangalore,Residential - Multi Storey Apartment
EPIP Zone,Jul-Sep 2021,"7,237-10,986","9,111",2.40%,,Bangalore,Residential - Multi Storey Apartment
EPIP Zone,Apr-Jun 2021,"6,700-10,300","8,500",2.10%,,Bangalore,Residential - Multi Storey Apartment
EPIP Zone,Jan-Mar 2021,"6,560-10,000","7,900",1.80%,,Bangalore,Residential - Multi Storey Apartment
EPIP Zone,Oct-Dec 2020,"6,821-10,188","8,504",6%,,Bangalore,Residential - Multi Storey Apartment
EPIP Zone,Jul-Sep 2020,"6,720-9,356","8,038",4%,,Bangalore,Residential - Multi Storey Apartment
EPIP Zone,Apr-Jun 2020,"6,998-9,776","8,387",2%,,Bangalore,Residential - Multi Storey Apartment
EPIP Zone,Jan-Mar 2020,"7,136-9,940","8,538",0.30%,,Bangalore,Residential - Multi Storey Apartment
EPIP Zone,Oct-Dec 2019,"6,230-9,350","9,450",1.10%,,Bangalore,Residential - Multi Storey Apartment
EPIP Zone,Jul-Sep 2019,"6,150-9,200","7,850",0.90%,,Bangalore,Residential - Multi Storey Apartment
EPIP Zone,Apr-Jun 2019,"6,100-9,100","7,800",0.60%,,Bangalore,Residential - Multi Storey Apartment
EPIP Zone,Jan-Mar 2019,"6,050-9,000","7,700",0.50%,,Bangalore,Residential - Multi Storey Apartment
EPIP Zone,Oct-Dec 2018,"6,020-8,950","7,100",1.20%,,Bangalore,Residential - Multi Storey Apartment
EPIP Zone,Jul-Sep 2018,"5,950-8,800","8,150",0.80%,,Bangalore,Residential - Multi Storey Apartment
Gunjur Balagere Road,Jul-Sep 2024,"6,289-11,974","9,132",4%,,Bangalore,Residential - Multi Storey Apartment
Gunjur Balagere Road,Apr-Jun 2024,"6,684-12,362","9,523",10%,,Bangalore,Residential - Multi Storey Apartment
Gunjur Balagere Road,Jan-Mar 2024,"6,279-11,111","8,695",2.30%,,Bangalore,Residential - Multi Storey Apartment
Gunjur Balagere Road,Oct-Dec 2023,"6,150-10,890","6,850",1.90%,,Bangalore,Residential - Multi Storey Apartment
Gunjur Balagere Road,Jul-Sep 2023,"6,020-10,670","7,700",2%,,Bangalore,Residential - Multi Storey Apartment
Gunjur Balagere Road,Apr-Jun 2023,"5,860-10,400","5,950",2.50%,,Bangalore,Residential - Multi Storey Apartment
Gunjur Balagere Road,Jan-Mar 2023,"5,750-10,200","5,900",1.40%,,Bangalore,Residential - Multi Storey Apartment
Gunjur Balagere Road,Oct-Dec 2022,"5,660-10,030","7,300",1.60%,,Bangalore,Residential - Multi Storey Apartment
Gunjur Balagere Road,Jul-Sep 2022,"5,580-9,870","7,350",1.40%,,Bangalore,Residential - Multi Storey Apartment
Gunjur Balagere Road,Apr-Jun 2022,"5,500-9,720","6,250",1.30%,,Bangalore,Residential - Multi Storey Apartment
Gunjur Balagere Road,Jan-Mar 2022,"5,420-9,600","5,450",1.40%,,Bangalore,Residential - Multi Storey Apartment
Gunjur Balagere Road,Oct-Dec 2021,"5,340-9,480","4,550",1.50%,,Bangalore,Residential - Multi Storey Apartment
Gunjur Balagere Road,Jul-Sep 2021,"5,250-9,320","5,150",1.70%,,Bangalore,Residential - Multi Storey Apartment
Gunjur Balagere Road,Apr-Jun 2021,"5,150-9,170","4,750",1.90%,,Bangalore,Residential - Multi Storey Apartment
Gunjur Balagere Road,Jan-Mar 2021,"5,100-9,090","4,650",0.80%,,Bangalore,Residential - Multi Storey Apartment
Gunjur Balagere Road,Oct-Dec 2020,"5,030-8,970","6,500",1.20%,,Bangalore,Residential - Multi Storey Apartment
Gunjur Balagere Road,Jul-Sep 2020,"4,990-8,890","4,950",0.80%,,Bangalore,Residential - Multi Storey Apartment
Gunjur Balagere Road,Apr-Jun 2020,"4,950-8,850","4,500",0.40%,,Bangalore,Residential - Multi Storey Apartment
Gunjur Balagere Road,Jan-Mar 2020,"4,970-8,880","4,600",0.40%,,Bangalore,Residential - Multi Storey Apartment
Gunjur Balagere Road,Oct-Dec 2019,"4,950-8,850","4,550",0.40%,,Bangalore,Residential - Multi Storey Apartment
Gunjur Balagere Road,Jul-Sep 2019,"4,920-8,800","5,100",0.60%,,Bangalore,Residential - Multi Storey Apartment
Gunjur Balagere Road,Apr-Jun 2019,"4,850-8,700","4,700",1.40%,,Bangalore,Residential - Multi Storey Apartment
Gunjur Balagere Road,Jan-Mar 2019,"4,800-8,630","4,200",1%,,Bangalore,Residential - Multi Storey Apartment
Gunjur Balagere Road,Oct-Dec 2018,"4,750-8,560","6,655",1%,,Bangalore,Residential - Multi Storey Apartment
Gunjur Balagere Road,Jul-Sep 2018,"4,700-,8,500","4,400",1.10%,,Bangalore,Residential - Multi Storey Apartment
Electronic City,Jul-Sep 2024,"4,723-8,315","6,519",6%,,Bangalore,Residential - Multi Storey Apartment
Electronic City,Apr-Jun 2024,"4,461-7,823","6,142",2%,,Bangalore,Residential - Multi Storey Apartment
Electronic City,Jan-Mar 2024,"4,393-7,612","6,003",7%,,Bangalore,Residential - Multi Storey Apartment
Electronic City,Oct-Dec 2023,"4,083-7,174","5,629",4%,,Bangalore,Residential - Multi Storey Apartment
Electronic City,Jul-Sep 2023,"3,793-7,016","5,405",2%,,Bangalore,Residential - Multi Storey Apartment
Electronic City,Apr-Jun 2023,"3,782-6,840","5,311",5%,,Bangalore,Residential - Multi Storey Apartment
Electronic City,Jan-Mar 2023,"3,637-6,482","5,059",2%,,Bangalore,Residential - Multi Storey Apartment
Electronic City,Oct-Dec 2022,"3,569-6,360","4,965",3%,,Bangalore,Residential - Multi Storey Apartment
Electronic City,Jul-Sep 2022,"3,403-6,233","4,818",2%,,Bangalore,Residential - Multi Storey Apartment
Electronic City,Apr-Jun 2022,"3,318-6,169","4,744",1%,,Bangalore,Residential - Multi Storey Apartment
Electronic City,Jan-Mar 2022,"3,340-6,033","4,686",1.20%,,Bangalore,Residential - Multi Storey Apartment
Electronic City,Oct-Dec 2021,"3,385-5,981","4,683",2%,,Bangalore,Residential - Multi Storey Apartment
Electronic City,Jul-Sep 2021,"3,454-6,090","4,772",1%,,Bangalore,Residential - Multi Storey Apartment
Electronic City,Apr-Jun 2021,"3,575-6,096","4,836",0.30%,,Bangalore,Residential - Multi Storey Apartment
Electronic City,Jan-Mar 2021,"3,555-6,092","4,823",4%,,Bangalore,Residential - Multi Storey Apartment
Electronic City,Oct-Dec 2020,"3,442-5,875","4,658",3%,,Bangalore,Residential - Multi Storey Apartment
Electronic City,Jul-Sep 2020,"3,550-6,012","4,781",2%,,Bangalore,Residential - Multi Storey Apartment
Electronic City,Apr-Jun 2020,"3,662-6,110","4,886",3%,,Bangalore,Residential - Multi Storey Apartment
Electronic City,Jan-Mar 2020,"3,836-6,222","5,029",0.40%,,Bangalore,Residential - Multi Storey Apartment
Electronic City,Oct-Dec 2019,"3,819-6,202","5,011",5%,,Bangalore,Residential - Multi Storey Apartment
Electronic City,Jul-Sep 2019,"3,560-6,027","4,793",1%,,Bangalore,Residential - Multi Storey Apartment
Electronic City,Apr-Jun 2019,"3,521-5,950","4,735",2%,,Bangalore,Residential - Multi Storey Apartment
Electronic City,Jan-Mar 2019,"3,466-5,813","4,639",2.30%,,Bangalore,Residential - Multi Storey Apartment
Electronic City,Oct-Dec 2018,"3,443-5,838","4,640",0.20%,,Bangalore,Residential - Multi Storey Apartment
Electronic City,Jul-Sep 2018,"3,393-5,873","4,633",5%,,Bangalore,Residential - Multi Storey Apartment
Sarjapur Road,Jul-Sep 2024,"7,942-13,561","10,751",2%,,Bangalore,Residential - Multi Storey Apartment
Sarjapur Road,Apr-Jun 2024,"7,647-13,455","10,551",1%,,Bangalore,Residential - Multi Storey Apartment
Sarjapur Road,Jan-Mar 2024,"7,566-13,355","10,461",15%,,Bangalore,Residential - Multi Storey Apartment
Sarjapur Road,Oct-Dec 2023,"6,485-11,753","9,119",18%,,Bangalore,Residential - Multi Storey Apartment
Sarjapur Road,Jul-Sep 2023,"5,557-9,952","7,754",6%,,Bangalore,Residential - Multi Storey Apartment
Sarjapur Road,Apr-Jun 2023,"5,330-9,347","7,338",3%,,Bangalore,Residential - Multi Storey Apartment
Sarjapur Road,Jan-Mar 2023,"5,200-9,029","7,114",2%,,Bangalore,Residential - Multi Storey Apartment
Sarjapur Road,Oct-Dec 2022,"5,227-8,686","6,956",3%,,Bangalore,Residential - Multi Storey Apartment
Sarjapur Road,Jul-Sep 2022,"5,091-8,412","6,752",4%,,Bangalore,Residential - Multi Storey Apartment
Sarjapur Road,Apr-Jun 2022,"4,966-7,995","6,481",3%,,Bangalore,Residential - Multi Storey Apartment
Sarjapur Road,Jan-Mar 2022,"4,783-7,819","6,301",0.40%,,Bangalore,Residential - Multi Storey Apartment
Sarjapur Road,Oct-Dec 2021,"4,748-7,806","6,277",2%,,Bangalore,Residential - Multi Storey Apartment
Sarjapur Road,Jul-Sep 2021,"4,634-7,712","6,173",1%,,Bangalore,Residential - Multi Storey Apartment
Sarjapur Road,Apr-Jun 2021,"4,573-7,669","6,121",0.50%,,Bangalore,Residential - Multi Storey Apartment
Sarjapur Road,Jan-Mar 2021,"4,568-7,617","6,092",2%,,Bangalore,Residential - Multi Storey Apartment
Sarjapur Road,Oct-Dec 2020,"4,512-7,486","5,999",2%,,Bangalore,Residential - Multi Storey Apartment
Sarjapur Road,Jul-Sep 2020,"4,436-7,304","5,870",3%,,Bangalore,Residential - Multi Storey Apartment
Sarjapur Road,Apr-Jun 2020,"4,598-7,500","6,049",1.70%,,Bangalore,Residential - Multi Storey Apartment
Sarjapur Road,Jan-Mar 2020,"4,633-7,406","6,019",0.40%,,Bangalore,Residential - Multi Storey Apartment
Sarjapur Road,Oct-Dec 2019,"4,547-7,445","5,996",0.30%,,Bangalore,Residential - Multi Storey Apartment
Sarjapur Road,Jul-Sep 2019,"4,625-7,405","6,015",2%,,Bangalore,Residential - Multi Storey Apartment
Sarjapur Road,Apr-Jun 2019,"4,570-7,278","5,924",1%,,Bangalore,Residential - Multi Storey Apartment
Sarjapur Road,Jan-Mar 2019,"4,522-7,221","5,871",1%,,Bangalore,Residential - Multi Storey Apartment
Sarjapur Road,Oct-Dec 2018,"4,421-7,152","5,787",2%,,Bangalore,Residential - Multi Storey Apartment
Sarjapur Road,Jul-Sep 2018,"4,487-7,330","5,908",1%,,Bangalore,Residential - Multi Storey Apartment
Silver County Road,Jul-Sep 2024,"6,304-11,110","8,707",1%,,Bangalore,Residential - Multi Storey Apartment
Silver County Road,Apr-Jun 2024,"6,304-10,878","8,591",3%,,Bangalore,Residential - Multi Storey Apartment
Silver County Road,Jan-Mar 2024,"6,213-10,512","8,362",3%,,Bangalore,Residential - Multi Storey Apartment
Silver County Road,Oct-Dec 2023,"5,950-10,355","8,153",19%,,Bangalore,Residential - Multi Storey Apartment
Silver County Road,Jul-Sep 2023,"4,883-7,799","6,341",1%,,Bangalore,Residential - Multi Storey Apartment
Silver County Road,Apr-Jun 2023,"4,708-7,847","6,278",6%,,Bangalore,Residential - Multi Storey Apartment
Silver County Road,Jan-Mar 2023,"4,317-7,505","5,911",2.50%,,Bangalore,Residential - Multi Storey Apartment
Hadosiddapura,Jul-Sep 2024,"10,302-17,054","13,678",4%,,Bangalore,Residential - Multi Storey Apartment
Hadosiddapura,Apr-Jun 2024,"9,902-16,485","13,194",5%,,Bangalore,Residential - Multi Storey Apartment
Hadosiddapura,Jan-Mar 2024,"9,445-15,618","12,531",5%,,Bangalore,Residential - Multi Storey Apartment
Hadosiddapura,Oct-Dec 2023,"8,854-15,022","11,938",11%,,Bangalore,Residential - Multi Storey Apartment
Hadosiddapura,Jul-Sep 2023,"8,242-13,348","10,795",4%,,Bangalore,Residential - Multi Storey Apartment
Hadosiddapura,Apr-Jun 2023,"7,802-12,998","10,400",5%,,Bangalore,Residential - Multi Storey Apartment
Hadosiddapura,Jan-Mar 2023,"7,347-12,387","9,867",5%,,Bangalore,Residential - Multi Storey Apartment
Hadosiddapura,Oct-Dec 2022,"6,875-11,960","9,417",30%,,Bangalore,Residential - Multi Storey Apartment
Hadosiddapura,Jul-Sep 2022,"5,597-8,889","7,243",3.20%,,Bangalore,Residential - Multi Storey Apartment
Hadosiddapura,Apr-Jun 2022,"5,695-8,782","7,239",4%,,Bangalore,Residential - Multi Storey Apartment
Hadosiddapura,Jan-Mar 2022,"5,408-8,573","6,990",8%,,Bangalore,Residential - Multi Storey Apartment
Hadosiddapura,Oct-Dec 2021,"4,771-8,150","6,460",4%,,Bangalore,Residential - Multi Storey Apartment
Hadosiddapura,Jul-Sep 2021,"4,991-8,479","6,735",5%,,Bangalore,Residential - Multi Storey Apartment
Hadosiddapura,Apr-Jun 2021,"5,108-9,118","7,113",6%,,Bangalore,Residential - Multi Storey Apartment
Hadosiddapura,Jan-Mar 2021,"5,125-8,287","6,706",3.20%,,Bangalore,Residential - Multi Storey Apartment
Hadosiddapura,Jul-Sep 2019,"4,919-7,419","6,169",1%,,Bangalore,Residential - Multi Storey Apartment
Hadosiddapura,Apr-Jun 2019,"4,667-7,803","6,235",2.80%,,Bangalore,Residential - Multi Storey Apartment
ECC Road,Jul-Sep 2024,"10,646-17,316","13,981",4.50%,,Bangalore,Residential - Multi Storey Apartment
ECC Road,Jan-Mar 2024,"8,140-13,946","11,043",7%,,Bangalore,Residential - Multi Storey Apartment
ECC Road,Oct-Dec 2023,"7,668-12,982","10,325",4%,,Bangalore,Residential - Multi Storey Apartment
ECC Road,Jul-Sep 2023,"7,327-12,442","9,885",5%,,Bangalore,Residential - Multi Storey Apartment
ECC Road,Apr-Jun 2023,"6,898-12,014","9,456",3.20%,,Bangalore,Residential - Multi Storey Apartment
ECC Road,Jan-Mar 2023,"5,996-10,892","8,444",2.90%,,Bangalore,Residential - Multi Storey Apartment
ECC Road,Oct-Dec 2022,"6,969-11,221","9,095",4.10%,,Bangalore,Residential - Multi Storey Apartment
ECC Road,Jul-Sep 2022,"6,352-10,655","8,504",12%,,Bangalore,Residential - Multi Storey Apartment
ECC Road,Apr-Jun 2022,"5,389-9,849","7,619",7%,,Bangalore,Residential - Multi Storey Apartment
ECC Road,Jan-Mar 2022,"5,560-8,736","7,148",1%,,Bangalore,Residential - Multi Storey Apartment
ECC Road,Oct-Dec 2021,"5,772-8,708","7,240",1%,,Bangalore,Residential - Multi Storey Apartment
ECC Road,Jul-Sep 2021,"5,843-8,534","7,189",4%,,Bangalore,Residential - Multi Storey Apartment
ECC Road,Apr-Jun 2021,"5,546-8,273","6,910",5%,,Bangalore,Residential - Multi Storey Apartment
ECC Road,Jan-Mar 2021,"5,168-7,938","6,553",5%,,Bangalore,Residential - Multi Storey Apartment
ECC Road,Oct-Dec 2020,"5,577-8,172","6,875",0.10%,,Bangalore,Residential - Multi Storey Apartment
ECC Road,Jul-Sep 2020,"5,430-8,306","6,868",8%,,Bangalore,Residential - Multi Storey Apartment
ECC Road,Apr-Jun 2020,"4,811-7,857","6,334",5%,,Bangalore,Residential - Multi Storey Apartment
ECC Road,Jan-Mar 2020,"5,128-8,262","6,695",2%,,Bangalore,Residential - Multi Storey Apartment
ECC Road,Oct-Dec 2019,"4,855-8,286","6,570",5.40%,,Bangalore,Residential - Multi Storey Apartment
ECC Road,Apr-Jun 2019,"4,879-7,602","6,240",1%,,Bangalore,Residential - Multi Storey Apartment
ECC Road,Jan-Mar 2019,"4,911-7,422","6,167",7%,,Bangalore,Residential - Multi Storey Apartment
ECC Road,Oct-Dec 2018,"4,387-7,099","5,743",1%,,Bangalore,Residential - Multi Storey Apartment
ECC Road,Jul-Sep 2018,"4,676-6,885","5,781",1%,,Bangalore,Residential - Multi Storey Apartment
Hagadur Main Road,Jul-Sep 2024,"9,858-15,569","12,713",4%,,Bangalore,Residential - Multi Storey Apartment
Hagadur Main Road,Apr-Jun 2024,"11,164-15,248","13,206",20%,,Bangalore,Residential - Multi Storey Apartment
Hagadur Main Road,Jan-Mar 2024,"8,076-13,971","11,023",8%,,Bangalore,Residential - Multi Storey Apartment
Hagadur Main Road,Oct-Dec 2023,"7,508-12,921","10,214",6%,,Bangalore,Residential - Multi Storey Apartment
Hagadur Main Road,Jul-Sep 2023,"7,087-12,273","9,680",6%,,Bangalore,Residential - Multi Storey Apartment
Hagadur Main Road,Apr-Jun 2023,"6,524-11,675","9,099",3.20%,,Bangalore,Residential - Multi Storey Apartment
Hagadur Main Road,Jan-Mar 2023,"5,895-10,662","8,279",4.50%,,Bangalore,Residential - Multi Storey Apartment
Hagadur Main Road,Apr-Jun 2022,"3,759-6,189","4,974",2.80%,,Bangalore,Residential - Multi Storey Apartment
Sankey Road,Jul-Sep 2024,"11,037-19,479","15,258",2%,,Bangalore,Residential - Multi Storey Apartment
Sankey Road,Apr-Jun 2024,"10,695-19,137","14,916",4%,,Bangalore,Residential - Multi Storey Apartment
Sankey Road,Jan-Mar 2024,"10,327-18,395","14,361",3.20%,,Bangalore,Residential - Multi Storey Apartment
Sankey Road,Oct-Dec 2023,"10,224-18,516","14,370",6%,,Bangalore,Residential - Multi Storey Apartment
Sankey Road,Jul-Sep 2023,"9,669-17,512","13,591",7%,,Bangalore,Residential - Multi Storey Apartment
Sankey Road,Apr-Jun 2023,"9,666-15,850","12,758",4%,,Bangalore,Residential - Multi Storey Apartment
Sankey Road,Jan-Mar 2023,"9,068-15,517","12,292",2.50%,,Bangalore,Residential - Multi Storey Apartment
Soukya Road,Jul-Sep 2024,"7,030-10,030","8,530",1%,,Bangalore,Residential - Multi Storey Apartment
Soukya Road,Apr-Jun 2024,"7,093-9,736","8,414",34%,,Bangalore,Residential - Multi Storey Apartment
Soukya Road,Jan-Mar 2024,"4,473-8,108","6,290",2%,,Bangalore,Residential - Multi Storey Apartment
Soukya Road,Oct-Dec 2023,"5,162-7,730","6,446",1%,,Bangalore,Residential - Multi Storey Apartment
Soukya Road,Jul-Sep 2023,"5,491-7,483","6,487",5%,,Bangalore,Residential - Multi Storey Apartment
Soukya Road,Apr-Jun 2023,"5,535-8,151","6,843",2.80%,,Bangalore,Residential - Multi Storey Apartment
Hennur Main Road,Jul-Sep 2024,"6,686-11,476","9,081",8%,,Bangalore,Residential - Multi Storey Apartment
Hennur Main Road,Apr-Jun 2024,"6,236-10,628","8,432",3%,,Bangalore,Residential - Multi Storey Apartment
Hennur Main Road,Jan-Mar 2024,"6,076-10,372","8,224",4%,,Bangalore,Residential - Multi Storey Apartment
Hennur Main Road,Oct-Dec 2023,"5,895-9,944","7,919",1%,,Bangalore,Residential - Multi Storey Apartment
Hennur Main Road,Jul-Sep 2023,"5,899-9,818","7,859",4%,,Bangalore,Residential - Multi Storey Apartment
Hennur Main Road,Apr-Jun 2023,"5,642-9,482","7,562",1%,,Bangalore,Residential - Multi Storey Apartment
Hennur Main Road,Jan-Mar 2023,"5,546-9,450","7,498",4%,,Bangalore,Residential - Multi Storey Apartment
Hennur Main Road,Oct-Dec 2022,"5,339-9,087","7,213",1%,,Bangalore,Residential - Multi Storey Apartment
Hennur Main Road,Jul-Sep 2022,"5,348-8,934","7,141",6%,,Bangalore,Residential - Multi Storey Apartment
Hennur Main Road,Apr-Jun 2022,"5,075-8,403","6,739",5%,,Bangalore,Residential - Multi Storey Apartment
Hennur Main Road,Jan-Mar 2022,"4,969-7,851","6,410",1%,,Bangalore,Residential - Multi Storey Apartment
Hennur Main Road,Oct-Dec 2021,"4,912-7,824","6,368",1%,,Bangalore,Residential - Multi Storey Apartment
Hennur Main Road,Jul-Sep 2021,"4,852-7,730","6,291",0.20%,,Bangalore,Residential - Multi Storey Apartment
Hennur Main Road,Apr-Jun 2021,"4,846-7,761","6,304",3%,,Bangalore,Residential - Multi Storey Apartment
Hennur Main Road,Jan-Mar 2021,"4,642-7,622","6,132",2%,,Bangalore,Residential - Multi Storey Apartment
Hennur Main Road,Oct-Dec 2020,"4,519-7,522","6,021",2%,,Bangalore,Residential - Multi Storey Apartment
Hennur Main Road,Jul-Sep 2020,"4,557-7,299","5,928",1%,,Bangalore,Residential - Multi Storey Apartment
Hennur Main Road,Apr-Jun 2020,"4,606-7,353","5,979",2%,,Bangalore,Residential - Multi Storey Apartment
Hennur Main Road,Jan-Mar 2020,"4,529-7,217","5,873",2%,,Bangalore,Residential - Multi Storey Apartment
Hennur Main Road,Oct-Dec 2019,"4,693-7,290","5,992",0.20%,,Bangalore,Residential - Multi Storey Apartment
Hennur Main Road,Jul-Sep 2019,"4,638-7,370","6,004",6%,,Bangalore,Residential - Multi Storey Apartment
Hennur Main Road,Apr-Jun 2019,"4,281-7,038","5,659",1%,,Bangalore,Residential - Multi Storey Apartment
Hennur Main Road,Jan-Mar 2019,"4,161-7,020","5,591",2%,,Bangalore,Residential - Multi Storey Apartment
Hennur Main Road,Oct-Dec 2018,"4,070-6,942","5,506",1%,,Bangalore,Residential - Multi Storey Apartment
Hennur Main Road,Jul-Sep 2018,"4,137-6,726","5,431",0.20%,,Bangalore,Residential - Multi Storey Apartment
Doddakannelli,Jul-Sep 2024,"8,502-12,712","10,607",3%,,Bangalore,Residential - Multi Storey Apartment
Doddakannelli,Apr-Jun 2024,"8,067-12,533","10,300",3%,,Bangalore,Residential - Multi Storey Apartment
Doddakannelli,Jan-Mar 2024,"7,749-12,311","10,030",67%,,Bangalore,Residential - Multi Storey Apartment
Doddakannelli,Oct-Dec 2023,"4,626-7,362","5,994",28%,,Bangalore,Residential - Multi Storey Apartment
Doddakannelli,Jul-Sep 2023,"6,150-10,564","8,357",13%,,Bangalore,Residential - Multi Storey Apartment
Doddakannelli,Apr-Jun 2023,"5,738-9,117","7,427",3.20%,,Bangalore,Residential - Multi Storey Apartment
Doddakannelli,Jan-Mar 2023,"5,872-8,969","7,420",2.50%,,Bangalore,Residential - Multi Storey Apartment
Doddakannelli,Oct-Dec 2022,"5,725-8,578","7,151",1.90%,,Bangalore,Residential - Multi Storey Apartment
Doddakannelli,Jul-Sep 2022,"5,515-8,389","6,952",4%,,Bangalore,Residential - Multi Storey Apartment
Doddakannelli,Apr-Jun 2022,"5,287-8,096","6,691",1%,,Bangalore,Residential - Multi Storey Apartment
Doddakannelli,Jan-Mar 2022,"5,241-8,054","6,648",5%,,Bangalore,Residential - Multi Storey Apartment
Doddakannelli,Oct-Dec 2021,"4,910-7,736","6,323",1%,,Bangalore,Residential - Multi Storey Apartment
Doddakannelli,Jul-Sep 2021,"5,102-7,702","6,402",1%,,Bangalore,Residential - Multi Storey Apartment
Doddakannelli,Apr-Jun 2021,"4,945-7,962","6,454",4%,,Bangalore,Residential - Multi Storey Apartment
Doddakannelli,Jan-Mar 2021,"4,837-7,606","6,221",1%,,Bangalore,Residential - Multi Storey Apartment
Doddakannelli,Oct-Dec 2020,"4,838-7,499","6,168",1%,,Bangalore,Residential - Multi Storey Apartment
Doddakannelli,Jul-Sep 2020,"4,949-7,506","6,228",2%,,Bangalore,Residential - Multi Storey Apartment
Doddakannelli,Apr-Jun 2020,"4,984-7,789","6,387",6%,,Bangalore,Residential - Multi Storey Apartment
Doddakannelli,Jan-Mar 2020,"4,713-7,300","6,006",1%,,Bangalore,Residential - Multi Storey Apartment
Doddakannelli,Oct-Dec 2019,"4,538-7,358","5,948",6%,,Bangalore,Residential - Multi Storey Apartment
Doddakannelli,Jul-Sep 2019,"4,554-6,703","5,628",1%,,Bangalore,Residential - Multi Storey Apartment
Doddakannelli,Apr-Jun 2019,"4,532-6,668","5,600",3%,,Bangalore,Residential - Multi Storey Apartment
Doddakannelli,Jan-Mar 2019,"4,340-6,510","5,425",2%,,Bangalore,Residential - Multi Storey Apartment
Doddakannelli,Oct-Dec 2018,"4,766-6,320","5,543",4%,,Bangalore,Residential - Multi Storey Apartment
Doddakannelli,Jul-Sep 2018,"4,388-6,313","5,351",1%,,Bangalore,Residential - Multi Storey Apartment
Hosa Road Area,Jul-Sep 2024,"5,702-8,717","7,210",3%,,Bangalore,Residential - Multi Storey Apartment
Hosa Road Area,Apr-Jun 2024,"5,735-9,059","7,397",5%,,Bangalore,Residential - Multi Storey Apartment
Hosa Road Area,Jan-Mar 2024,"5,569-8,547","7,058",5%,,Bangalore,Residential - Multi Storey Apartment
Hosa Road Area,Oct-Dec 2023,"5,303-8,204","6,753",6%,,Bangalore,Residential - Multi Storey Apartment
Hosa Road Area,Jul-Sep 2023,"5,178-7,618","6,398",3%,,Bangalore,Residential - Multi Storey Apartment
Hosa Road Area,Apr-Jun 2023,"5,139-8,076","6,608",3.20%,,Bangalore,Residential - Multi Storey Apartment
Hosa Road Area,Jan-Mar 2023,"4,990-7,890","5,650",2.80%,,Bangalore,Residential - Multi Storey Apartment
Hosa Road Area,Oct-Dec 2022,"4,850-7,750","5,600",2.40%,,Bangalore,Residential - Multi Storey Apartment
Hosa Road Area,Jul-Sep 2022,"4,705-7,610","5,800",2%,,Bangalore,Residential - Multi Storey Apartment
Hosa Road Area,Apr-Jun 2022,"4,560-7,460","6,100",1.80%,,Bangalore,Residential - Multi Storey Apartment
Hosa Road Area,Jan-Mar 2022,"4,410-7,130","5,850",1.50%,,Bangalore,Residential - Multi Storey Apartment
Hosa Road Area,Oct-Dec 2021,"4,260-6,850","5,950",1.20%,,Bangalore,Residential - Multi Storey Apartment
Hosa Road Area,Jul-Sep 2021,"4,115-6,570","5,200",1%,,Bangalore,Residential - Multi Storey Apartment
Hosa Road Area,Apr-Jun 2021,"3,970-6,290","5,200",0.80%,,Bangalore,Residential - Multi Storey Apartment
Hosa Road Area,Jan-Mar 2021,"3,825-6,020","4,750",0.70%,,Bangalore,Residential - Multi Storey Apartment
Hosa Road Area,Oct-Dec 2020,"3,680-5,750","4,750",0.50%,,Bangalore,Residential - Multi Storey Apartment
Hosa Road Area,Jul-Sep 2020,"3,535-5,480","5,200",0.30%,,Bangalore,Residential - Multi Storey Apartment
Hosa Road Area,Apr-Jun 2020,"3,390-5,220","5,350",0.20%,,Bangalore,Residential - Multi Storey Apartment
Hosa Road Area,Jan-Mar 2020,"3,250-4,950","5,050",0.10%,,Bangalore,Residential - Multi Storey Apartment
Hosa Road Area,Oct-Dec 2019,"3,100-4,800","4,700",1%,,Bangalore,Residential - Multi Storey Apartment
Hosa Road Area,Jul-Sep 2019,"2,950-4,650","4,650",0.10%,,Bangalore,Residential - Multi Storey Apartment
Hosa Road Area,Apr-Jun 2019,"2,800-4,500","4,550",0.20%,,Bangalore,Residential - Multi Storey Apartment
Hosa Road Area,Jan-Mar 2019,"2,650-4,350","4,950",0.30%,,Bangalore,Residential - Multi Storey Apartment
Hosa Road Area,Oct-Dec 2018,"2,500-4,200","4,400",0.40%,,Bangalore,Residential - Multi Storey Apartment
Hosa Road Area,Jul-Sep 2018,"2,350-4,050","4,500",0.50%,,Bangalore,Residential - Multi Storey Apartment
Dasarahalli Main Road,Jul-Sep 2024,"8,026-12,469","10,248",5%,,Bangalore,Residential - Multi Storey Apartment
Dasarahalli Main Road,Apr-Jun 2024,"7,485-12,012","9,748",4%,,Bangalore,Residential - Multi Storey Apartment
Dasarahalli Main Road,Jan-Mar 2024,"7,120-11,688","9,404",3%,,Bangalore,Residential - Multi Storey Apartment
Dasarahalli Main Road,Oct-Dec 2023,"6,633-11,700","9,166",9%,,Bangalore,Residential - Multi Storey Apartment
Dasarahalli Main Road,Jul-Sep 2023,"5,997-10,827","8,412",4%,,Bangalore,Residential - Multi Storey Apartment
Dasarahalli Main Road,Apr-Jun 2023,"6,231-11,276","8,753",2%,,Bangalore,Residential - Multi Storey Apartment
Dasarahalli Main Road,Jan-Mar 2023,"6,454-11,427","8,940",4.50%,,Bangalore,Residential - Multi Storey Apartment
Hosabasavanapura,Jul-Sep 2024,"6,134-10,483","8,308",9%,,Bangalore,Residential - Multi Storey Apartment
Hosabasavanapura,Apr-Jun 2024,"5,608-9,631","7,620",8%,,Bangalore,Residential - Multi Storey Apartment
Hosabasavanapura,Jan-Mar 2024,"5,367-8,686","7,027",6%,,Bangalore,Residential - Multi Storey Apartment
Hosabasavanapura,Oct-Dec 2023,"4,975-8,259","6,617",2%,,Bangalore,Residential - Multi Storey Apartment
Hosabasavanapura,Jul-Sep 2023,"5,209-7,821","6,515",2%,,Bangalore,Residential - Multi Storey Apartment
Hosabasavanapura,Apr-Jun 2023,"5,124-7,611","6,367",3.20%,,Bangalore,Residential - Multi Storey Apartment
Hosabasavanapura,Jan-Mar 2023,"5,154-7,655","6,404",3%,,Bangalore,Residential - Multi Storey Apartment
Hosabasavanapura,Oct-Dec 2022,"5,089-7,475","6,282",4.10%,,Bangalore,Residential - Multi Storey Apartment
Hosabasavanapura,Jul-Sep 2022,"4,720-6,583","5,651",2%,,Bangalore,Residential - Multi Storey Apartment
Hosabasavanapura,Apr-Jun 2022,"4,838-6,658","5,748",3%,,Bangalore,Residential - Multi Storey Apartment
Hosabasavanapura,Jan-Mar 2022,"4,810-6,363","5,586",1%,,Bangalore,Residential - Multi Storey Apartment
Hosabasavanapura,Oct-Dec 2021,"4,684-6,426","5,555",1.80%,,Bangalore,Residential - Multi Storey Apartment
Hosabasavanapura,Jan-Mar 2021,"4,823-6,321","5,572",3%,,Bangalore,Residential - Multi Storey Apartment
Hosabasavanapura,Oct-Dec 2020,"4,376-6,442","5,409",2.50%,,Bangalore,Residential - Multi Storey Apartment
Stage 6th Banashankari,Jul-Sep 2024,"8,052-11,457","9,755",4%,,Bangalore,Residential - Multi Storey Apartment
Stage 6th Banashankari,Apr-Jun 2024,"8,075-10,638","9,357",4%,,Bangalore,Residential - Multi Storey Apartment
Stage 6th Banashankari,Jan-Mar 2024,"7,794-10,249","9,022",1%,,Bangalore,Residential - Multi Storey Apartment
Stage 6th Banashankari,Oct-Dec 2023,"7,469-10,336","8,902",12%,,Bangalore,Residential - Multi Storey Apartment
Stage 6th Banashankari,Jul-Sep 2023,"5,701-10,192","7,946",21%,,Bangalore,Residential - Multi Storey Apartment
Stage 6th Banashankari,Apr-Jun 2023,"5,194-7,929","6,561",0.40%,,Bangalore,Residential - Multi Storey Apartment
Stage 6th Banashankari,Jan-Mar 2023,"5,614-7,459","6,537",2.70%,,Bangalore,Residential - Multi Storey Apartment
Stage 6th Banashankari,Oct-Dec 2022,"5,657-7,409","6,533",4%,,Bangalore,Residential - Multi Storey Apartment
Stage 6th Banashankari,Jul-Sep 2022,"5,416-7,098","6,257",4%,,Bangalore,Residential - Multi Storey Apartment
Stage 6th Banashankari,Apr-Jun 2022,"4,938-7,056","5,997",3%,,Bangalore,Residential - Multi Storey Apartment
Stage 6th Banashankari,Jan-Mar 2022,"4,700-6,957","5,829",1%,,Bangalore,Residential - Multi Storey Apartment
Stage 6th Banashankari,Oct-Dec 2021,"4,792-6,729","5,761",3%,,Bangalore,Residential - Multi Storey Apartment
Stage 6th Banashankari,Jul-Sep 2021,"4,867-6,284","5,575",11%,,Bangalore,Residential - Multi Storey Apartment
Stage 6th Banashankari,Apr-Jun 2021,"4,341-5,734","5,037",1%,,Bangalore,Residential - Multi Storey Apartment
Stage 6th Banashankari,Jan-Mar 2021,"4,287-5,693","4,990",1%,,Bangalore,Residential - Multi Storey Apartment
Stage 6th Banashankari,Oct-Dec 2020,"4,082-5,803","4,942",8%,,Bangalore,Residential - Multi Storey Apartment
Stage 6th Banashankari,Jul-Sep 2020,"4,419-6,274","5,347",1.80%,,Bangalore,Residential - Multi Storey Apartment
Stage 6th Banashankari,Apr-Jun 2020,"4,000-6,500","5,250",2.50%,,Bangalore,Residential - Multi Storey Apartment
Stage 6th Banashankari,Jan-Mar 2020,"4,100-6,600","5,350",1.40%,,Bangalore,Residential - Multi Storey Apartment
Stage 6th Banashankari,Oct-Dec 2019,"4,552-6,265","5,408",8%,,Bangalore,Residential - Multi Storey Apartment
Stage 6th Banashankari,Jul-Sep 2019,"4,375-7,438","5,906",2%,,Bangalore,Residential - Multi Storey Apartment
Stage 6th Banashankari,Apr-Jun 2019,"4,279-7,263","5,771",5%,,Bangalore,Residential - Multi Storey Apartment
Stage 6th Banashankari,Jan-Mar 2019,"4,274-7,892","6,083",3%,,Bangalore,Residential - Multi Storey Apartment
Stage 6th Banashankari,Oct-Dec 2018,"4,365-7,803","6,084",10%,,Bangalore,Residential - Multi Storey Apartment
Stage 6th Banashankari,Jul-Sep 2018,"4,343-6,674","5,509",3.30%,,Bangalore,Residential - Multi Storey Apartment
Richmond Town,Jul-Sep 2024,"12,799-20,630","16,714",6%,,Bangalore,Residential - Multi Storey Apartment
Richmond Town,Apr-Jun 2024,"11,789-19,624","15,707",7.00%,,Bangalore,Residential - Multi Storey Apartment
Richmond Town,Jan-Mar 2024,"10,925-18,314","14,619",0.30%,,Bangalore,Residential - Multi Storey Apartment
Richmond Town,Oct-Dec 2023,"11,093-18,061","14,577",2%,,Bangalore,Residential - Multi Storey Apartment
Richmond Town,Jul-Sep 2023,"10,435-18,108","14,272",9%,,Bangalore,Residential - Multi Storey Apartment
Richmond Town,Apr-Jun 2023,"10,291-15,815","13,053",0.50%,,Bangalore,Residential - Multi Storey Apartment
Richmond Town,Jan-Mar 2023,"9,793-16,188","12,991",5%,,Bangalore,Residential - Multi Storey Apartment
Richmond Town,Oct-Dec 2022,"9,177-15,596","12,387",4%,,Bangalore,Residential - Multi Storey Apartment
Richmond Town,Jul-Sep 2022,"9,405-14,475","11,940",2%,,Bangalore,Residential - Multi Storey Apartment
Richmond Town,Apr-Jun 2022,"9,049-14,382","11,715",2%,,Bangalore,Residential - Multi Storey Apartment
Richmond Town,Jan-Mar 2022,"9,423-14,453","11,938",1%,,Bangalore,Residential - Multi Storey Apartment
Richmond Town,Oct-Dec 2021,"9,777-14,256","12,016",1%,,Bangalore,Residential - Multi Storey Apartment
Richmond Town,Jul-Sep 2021,"9,874-14,358","12,116",0.40%,,Bangalore,Residential - Multi Storey Apartment
Richmond Town,Apr-Jun 2021,"9,427-14,910","12,169",9%,,Bangalore,Residential - Multi Storey Apartment
Richmond Town,Jan-Mar 2021,"9,189-13,178","11,183",5%,,Bangalore,Residential - Multi Storey Apartment
Richmond Town,Oct-Dec 2020,"9,021-14,432","11,726",2%,,Bangalore,Residential - Multi Storey Apartment
Richmond Town,Jul-Sep 2020,"9,162-14,654","11,908",4%,,Bangalore,Residential - Multi Storey Apartment
Richmond Town,Apr-Jun 2020,"9,120-13,786","11,453",13%,,Bangalore,Residential - Multi Storey Apartment
Richmond Town,Jan-Mar 2020,"10,291-16,070","13,180",1%,,Bangalore,Residential - Multi Storey Apartment
Richmond Town,Oct-Dec 2019,"9,469-16,714","13,091",2%,,Bangalore,Residential - Multi Storey Apartment
Richmond Town,Jul-Sep 2019,"8,918-16,793","12,855",20%,,Bangalore,Residential - Multi Storey Apartment
Richmond Town,Apr-Jun 2019,"7,909-13,503","10,706",1%,,Bangalore,Residential - Multi Storey Apartment
Richmond Town,Jan-Mar 2019,"8,367-13,244","10,806",5%,,Bangalore,Residential - Multi Storey Apartment
Richmond Town,Oct-Dec 2018,"8,777-13,883","11,330",4.10%,,Bangalore,Residential - Multi Storey Apartment
Richmond Town,Jul-Sep 2018,"8,200-13,200","10,700",4.80%,,Bangalore,Residential - Multi Storey Apartment
CV Raman Nagar,Jul-Sep 2024,"5,556-9,632","7,594",5%,,Bangalore,Residential - Multi Storey Apartment
CV Raman Nagar,Apr-Jun 2024,"5,555-10,349","7,952",17%,,Bangalore,Residential - Multi Storey Apartment
CV Raman Nagar,Jan-Mar 2024,"4,755-8,834","6,795",6%,,Bangalore,Residential - Multi Storey Apartment
CV Raman Nagar,Oct-Dec 2023,"4,394-8,458","6,426",10%,,Bangalore,Residential - Multi Storey Apartment
CV Raman Nagar,Jul-Sep 2023,"4,277-7,459","5,868",3%,,Bangalore,Residential - Multi Storey Apartment
CV Raman Nagar,Apr-Jun 2023,"4,207-7,184","5,695",2%,,Bangalore,Residential - Multi Storey Apartment
CV Raman Nagar,Jan-Mar 2023,"4,095-7,052","5,574",4%,,Bangalore,Residential - Multi Storey Apartment
CV Raman Nagar,Oct-Dec 2022,"3,954-6,773","5,363",3%,,Bangalore,Residential - Multi Storey Apartment
CV Raman Nagar,Jul-Sep 2022,"4,119-6,981","5,550",0.40%,,Bangalore,Residential - Multi Storey Apartment
CV Raman Nagar,Apr-Jun 2022,"4,122-6,934","5,528",6%,,Bangalore,Residential - Multi Storey Apartment
CV Raman Nagar,Jan-Mar 2022,"3,925-6,523","5,224",2%,,Bangalore,Residential - Multi Storey Apartment
CV Raman Nagar,Oct-Dec 2021,"3,976-6,731","5,353",2%,,Bangalore,Residential - Multi Storey Apartment
CV Raman Nagar,Jul-Sep 2021,"4,090-6,802","5,446",1%,,Bangalore,Residential - Multi Storey Apartment
CV Raman Nagar,Apr-Jun 2021,"3,926-6,896","5,411",5%,,Bangalore,Residential - Multi Storey Apartment
CV Raman Nagar,Jan-Mar 2021,"3,954-6,331","5,143",1%,,Bangalore,Residential - Multi Storey Apartment
CV Raman Nagar,Oct-Dec 2020,"3,753-6,620","5,186",15%,,Bangalore,Residential - Multi Storey Apartment
CV Raman Nagar,Jul-Sep 2020,"4,167-8,104","6,135",13%,,Bangalore,Residential - Multi Storey Apartment
CV Raman Nagar,Apr-Jun 2020,"4,801-9,308","7,055",4%,,Bangalore,Residential - Multi Storey Apartment
CV Raman Nagar,Jan-Mar 2020,"5,250-9,404","7,327",0.30%,,Bangalore,Residential - Multi Storey Apartment
CV Raman Nagar,Oct-Dec 2019,"5,473-9,227","7,350",3%,,Bangalore,Residential - Multi Storey Apartment
CV Raman Nagar,Jul-Sep 2019,"5,131-9,095","7,113",6%,,Bangalore,Residential - Multi Storey Apartment
CV Raman Nagar,Apr-Jun 2019,"4,595-8,806","6,701",5%,,Bangalore,Residential - Multi Storey Apartment
CV Raman Nagar,Jan-Mar 2019,"4,974-9,133","7,053",1%,,Bangalore,Residential - Multi Storey Apartment
CV Raman Nagar,Oct-Dec 2018,"4,938-9,015","6,976",13%,,Bangalore,Residential - Multi Storey Apartment
CV Raman Nagar,Jul-Sep 2018,"4,277-8,092","6,184",3%,,Bangalore,Residential - Multi Storey Apartment
Hosakerehalli,Jul-Sep 2024,"9,893-13,887","11,890",1%,,Bangalore,Residential - Multi Storey Apartment
Hosakerehalli,Apr-Jun 2024,"9,720-13,808","11,764",0.10%,,Bangalore,Residential - Multi Storey Apartment
Hosakerehalli,Jan-Mar 2024,"10,114-13,386","11,750",1%,,Bangalore,Residential - Multi Storey Apartment
Hosakerehalli,Oct-Dec 2023,"9,741-13,545","11,643",3.70%,,Bangalore,Residential - Multi Storey Apartment
Hosakerehalli,Apr-Jun 2023,"6,775-10,165","5,400",2.50%,,Bangalore,Residential - Multi Storey Apartment
Hosakerehalli,Jan-Mar 2023,"6,610-9,910","5,750",3.10%,,Bangalore,Residential - Multi Storey Apartment
Hosakerehalli,Apr-Jun 2022,"6,190-9,290","6,800",2.80%,,Bangalore,Residential - Multi Storey Apartment
Hosakerehalli,Jan-Mar 2022,"4,235-7,793","6,014",15%,,Bangalore,Residential - Multi Storey Apartment
Hosakerehalli,Oct-Dec 2021,"4,061-6,412","5,237",7%,,Bangalore,Residential - Multi Storey Apartment
Hosakerehalli,Jul-Sep 2021,"4,316-6,945","5,630",3%,,Bangalore,Residential - Multi Storey Apartment
Hosakerehalli,Oct-Dec 2019,"5,684-10,368","8,026",10%,,Bangalore,Residential - Multi Storey Apartment
Hosakerehalli,Jul-Sep 2019,"5,151-9,447","7,299",1.80%,,Bangalore,Residential - Multi Storey Apartment
Hoskote,Jul-Sep 2024,"3,766-6,803","5,284",17%,,Bangalore,Residential - Multi Storey Apartment
Hoskote,Apr-Jun 2024,"3,354-5,689","4,522",4%,,Bangalore,Residential - Multi Storey Apartment
Hoskote,Jan-Mar 2024,"3,295-5,425","4,360",1%,,Bangalore,Residential - Multi Storey Apartment
Hoskote,Oct-Dec 2023,"3,251-5,406","4,329",6%,,Bangalore,Residential - Multi Storey Apartment
Hoskote,Jul-Sep 2023,"3,167-5,030","4,099",3%,,Bangalore,Residential - Multi Storey Apartment
Hoskote,Apr-Jun 2023,"3,198-4,787","3,993",2.50%,,Bangalore,Residential - Multi Storey Apartment
Hoskote,Jan-Mar 2023,"3,072-4,904","3,988",1.80%,,Bangalore,Residential - Multi Storey Apartment
Hoskote,Oct-Dec 2022,"2,984-4,463","3,723",2.10%,,Bangalore,Residential - Multi Storey Apartment
Hoskote,Jul-Sep 2022,"3,032-4,701","3,867",3%,,Bangalore,Residential - Multi Storey Apartment
Hoskote,Apr-Jun 2022,"3,101-4,422","3,762",1%,,Bangalore,Residential - Multi Storey Apartment
Hoskote,Jan-Mar 2022,"3,060-4,569","3,814",0.30%,,Bangalore,Residential - Multi Storey Apartment
Hoskote,Oct-Dec 2021,"2,943-4,709","3,826",1%,,Bangalore,Residential - Multi Storey Apartment
Hoskote,Jul-Sep 2021,"3,069-4,501","3,785",1%,,Bangalore,Residential - Multi Storey Apartment
Hoskote,Apr-Jun 2021,"2,982-4,537","3,759",2%,,Bangalore,Residential - Multi Storey Apartment
Hoskote,Jan-Mar 2021,"3,134-4,572","3,853",1.20%,,Bangalore,Residential - Multi Storey Apartment
Hoskote,Oct-Dec 2020,"3,750-5,400","4,575",1.10%,,Bangalore,Residential - Multi Storey Apartment
Hoskote,Jul-Sep 2020,"2,950-4,394","3,672",2%,,Bangalore,Residential - Multi Storey Apartment
Hoskote,Apr-Jun 2020,"2,826-4,405","3,615",4%,,Bangalore,Residential - Multi Storey Apartment
Hoskote,Jan-Mar 2020,"2,954-4,601","3,777",0.40%,,Bangalore,Residential - Multi Storey Apartment
Hoskote,Oct-Dec 2019,"2,966-4,560","3,763",3%,,Bangalore,Residential - Multi Storey Apartment
Hoskote,Jul-Sep 2019,"3,114-4,191","3,653",4%,,Bangalore,Residential - Multi Storey Apartment
Hoskote,Apr-Jun 2019,"2,997-4,602","3,800",13%,,Bangalore,Residential - Multi Storey Apartment
Hoskote,Jan-Mar 2019,"2,751-3,999","3,375",0.90%,,Bangalore,Residential - Multi Storey Apartment
Cunningham Road,Jul-Sep 2024,"14,578-24,297","19,437",3%,,Bangalore,Residential - Multi Storey Apartment
Cunningham Road,Apr-Jun 2024,"14,655-24,228","19,442",6%,,Bangalore,Residential - Multi Storey Apartment
Cunningham Road,Jan-Mar 2024,"13,571-23,075","18,323",2%,,Bangalore,Residential - Multi Storey Apartment
Cunningham Road,Oct-Dec 2023,"13,699-22,357","18,028",4%,,Bangalore,Residential - Multi Storey Apartment
Cunningham Road,Jul-Sep 2023,"14,233-23,521","18,877",1%,,Bangalore,Residential - Multi Storey Apartment
Cunningham Road,Apr-Jun 2023,"14,136-24,121","19,129",2%,,Bangalore,Residential - Multi Storey Apartment
Cunningham Road,Jan-Mar 2023,"14,576-23,780","19,178",2.30%,,Bangalore,Residential - Multi Storey Apartment
Cunningham Road,Oct-Dec 2022,"14,556-24,980","19,768",1.70%,,Bangalore,Residential - Multi Storey Apartment
Cunningham Road,Jul-Sep 2022,"15,658-25,802","20,730",4%,,Bangalore,Residential - Multi Storey Apartment
Cunningham Road,Apr-Jun 2022,"16,562-26,463","21,513",10%,,Bangalore,Residential - Multi Storey Apartment
Cunningham Road,Jan-Mar 2022,"14,853-24,238","19,545",0.40%,,Bangalore,Residential - Multi Storey Apartment
Cunningham Road,Oct-Dec 2021,"15,106-24,160","19,633",2%,,Bangalore,Residential - Multi Storey Apartment
Cunningham Road,Jul-Sep 2021,"14,850-23,799","19,325",2%,,Bangalore,Residential - Multi Storey Apartment
Cunningham Road,Apr-Jun 2021,"14,100-23,848","18,974",2%,,Bangalore,Residential - Multi Storey Apartment
Cunningham Road,Jan-Mar 2021,"14,080-24,516","19,298",20%,,Bangalore,Residential - Multi Storey Apartment
Cunningham Road,Oct-Dec 2020,"12,324-19,924","16,124",1.20%,,Bangalore,Residential - Multi Storey Apartment
Cunningham Road,Jul-Sep 2019,"12,346-20,737","16,542",0.80%,,Bangalore,Residential - Multi Storey Apartment
Cunningham Road,Jan-Mar 2019,"12,690-21,209","16,949",4%,,Bangalore,Residential - Multi Storey Apartment
Cunningham Road,Oct-Dec 2018,"13,793-21,700","17,746",3%,,Bangalore,Residential - Multi Storey Apartment
Cunningham Road,Jul-Sep 2018,"14,016-22,420","18,218",1%,,Bangalore,Residential - Multi Storey Apartment
State Highway 35,Jul-Sep 2024,"7,546-13,409","10,477",6%,,Bangalore,Residential - Multi Storey Apartment
State Highway 35,Apr-Jun 2024,"7,095-12,581","9,838",2%,,Bangalore,Residential - Multi Storey Apartment
State Highway 35,Jan-Mar 2024,"7,290-12,851","10,071",9%,,Bangalore,Residential - Multi Storey Apartment
State Highway 35,Oct-Dec 2023,"6,667-11,815","9,241",3.50%,,Bangalore,Residential - Multi Storey Apartment
Richmond Road,Jul-Sep 2024,"13,835-24,347","19,091",12%,,Bangalore,Residential - Multi Storey Apartment
Richmond Road,Apr-Jun 2024,"12,081-21,979","17,030",7%,,Bangalore,Residential - Multi Storey Apartment
Richmond Road,Jan-Mar 2024,"11,622-20,144","15,883",1%,,Bangalore,Residential - Multi Storey Apartment
Richmond Road,Oct-Dec 2023,"11,547-19,836","15,692",1%,,Bangalore,Residential - Multi Storey Apartment
Richmond Road,Jul-Sep 2023,"11,670-19,913","15,792",9%,,Bangalore,Residential - Multi Storey Apartment
Richmond Road,Apr-Jun 2023,"10,124-18,788","14,456",8%,,Bangalore,Residential - Multi Storey Apartment
Richmond Road,Jan-Mar 2023,"10,899-20,441","15,670",24%,,Bangalore,Residential - Multi Storey Apartment
Richmond Road,Oct-Dec 2022,"16,775-24,383","20,579",5%,,Bangalore,Residential - Multi Storey Apartment
Richmond Road,Jul-Sep 2022,"15,164-24,033","19,598",4%,,Bangalore,Residential - Multi Storey Apartment
Richmond Road,Apr-Jun 2022,"14,326-23,268","18,797",9%,,Bangalore,Residential - Multi Storey Apartment
Richmond Road,Jan-Mar 2022,"15,037-26,104","20,571",6%,,Bangalore,Residential - Multi Storey Apartment
Richmond Road,Oct-Dec 2021,"15,946-27,724","21,835",2.50%,,Bangalore,Residential - Multi Storey Apartment
Richmond Road,Jan-Mar 2020,"14,700-25,700","13,200",1.80%,,Bangalore,Residential - Multi Storey Apartment
Richmond Road,Oct-Dec 2019,"14,400-24,800","10,700",2%,,Bangalore,Residential - Multi Storey Apartment
Richmond Road,Jul-Sep 2019,"14,000-24,300","12,800",2.20%,,Bangalore,Residential - Multi Storey Apartment
Richmond Road,Apr-Jun 2019,"13,800-23,700","13,200",1.90%,,Bangalore,Residential - Multi Storey Apartment
Richmond Road,Jan-Mar 2019,"13,600-23,300","12,050",2.30%,,Bangalore,Residential - Multi Storey Apartment
Hoskote Chintamani Road,Jul-Sep 2024,"3,683-6,663","5,173",15%,,Bangalore,Residential - Multi Storey Apartment
Hoskote Chintamani Road,Apr-Jun 2024,"3,387-5,637","4,512",4%,,Bangalore,Residential - Multi Storey Apartment
Hoskote Chintamani Road,Jan-Mar 2024,"3,303-5,416","4,359",2%,,Bangalore,Residential - Multi Storey Apartment
Hoskote Chintamani Road,Jul-Sep 2023,"3,172-5,022","4,097",3%,,Bangalore,Residential - Multi Storey Apartment
Hoskote Chintamani Road,Apr-Jun 2023,"3,205-4,780","3,993",1.50%,,Bangalore,Residential - Multi Storey Apartment
Hoskote Chintamani Road,Jan-Mar 2023,"3,160-4,750","3,935",2%,,Bangalore,Residential - Multi Storey Apartment
Hoskote Chintamani Road,Oct-Dec 2022,"3,122-4,690","3,877",2%,,Bangalore,Residential - Multi Storey Apartment
Hoskote Chintamani Road,Jul-Sep 2022,"3,085-4,640","3,819",2%,,Bangalore,Residential - Multi Storey Apartment
Hoskote Chintamani Road,Apr-Jun 2022,"3,048-4,590","3,762",2%,,Bangalore,Residential - Multi Storey Apartment
Hoskote Chintamani Road,Jan-Mar 2022,"3,012-4,540","3,705",2%,,Bangalore,Residential - Multi Storey Apartment
Hoskote Chintamani Road,Oct-Dec 2021,"2,976-4,490","3,649",2%,,Bangalore,Residential - Multi Storey Apartment
Hoskote Chintamani Road,Jul-Sep 2021,"2,941-4,440","3,593",2%,,Bangalore,Residential - Multi Storey Apartment
Hoskote Chintamani Road,Apr-Jun 2021,"2,906-4,390","3,537",2%,,Bangalore,Residential - Multi Storey Apartment
Hoskote Chintamani Road,Jan-Mar 2021,"2,871-4,340","3,482",2%,,Bangalore,Residential - Multi Storey Apartment
Hoskote Chintamani Road,Oct-Dec 2020,"2,837-4,290","3,427",2%,,Bangalore,Residential - Multi Storey Apartment
Hoskote Chintamani Road,Jul-Sep 2020,"2,804-4,240","3,373",2%,,Bangalore,Residential - Multi Storey Apartment
Hoskote Chintamani Road,Apr-Jun 2020,"2,770-4,190","3,319",2%,,Bangalore,Residential - Multi Storey Apartment
Hoskote Chintamani Road,Jan-Mar 2020,"2,738-4,140","3,265",2%,,Bangalore,Residential - Multi Storey Apartment
Hoskote Chintamani Road,Oct-Dec 2019,"2,705-4,090","3,211",2%,,Bangalore,Residential - Multi Storey Apartment
Hoskote Chintamani Road,Jul-Sep 2019,"2,673-4,040","3,158",2%,,Bangalore,Residential - Multi Storey Apartment
Hoskote Chintamani Road,Apr-Jun 2019,"2,641-3,990","3,105",2%,,Bangalore,Residential - Multi Storey Apartment
Hoskote Chintamani Road,Jan-Mar 2019,"2,610-3,940","3,052",2%,,Bangalore,Residential - Multi Storey Apartment
Hoskote Chintamani Road,Oct-Dec 2018,"2,579-3,890","3,000",2%,,Bangalore,Residential - Multi Storey Apartment
Hoskote Chintamani Road,Jul-Sep 2018,"2,548-3,840","2,948",2%,,Bangalore,Residential - Multi Storey Apartment
Cox Town,Jul-Sep 2024,"6,183-10,628","8,405",4%,,Bangalore,Residential - Multi Storey Apartment
Cox Town,Apr-Jun 2024,"6,086-10,072","8,079",1%,,Bangalore,Residential - Multi Storey Apartment
Cox Town,Jan-Mar 2024,"6,073-10,234","8,153",1%,,Bangalore,Residential - Multi Storey Apartment
Cox Town,Oct-Dec 2023,"6,196-9,950","8,073",7%,,Bangalore,Residential - Multi Storey Apartment
Cox Town,Jul-Sep 2023,"6,704-10,622","8,663",11%,,Bangalore,Residential - Multi Storey Apartment
Cox Town,Apr-Jun 2023,"5,779-9,829","7,804",1%,,Bangalore,Residential - Multi Storey Apartment
Cox Town,Jan-Mar 2023,"5,751-9,655","7,703",1.50%,,Bangalore,Residential - Multi Storey Apartment
Cox Town,Oct-Dec 2022,"6,007-9,394","7,700",1.20%,,Bangalore,Residential - Multi Storey Apartment
Cox Town,Jul-Sep 2022,"6,177-9,599","7,888",1%,,Bangalore,Residential - Multi Storey Apartment
Cox Town,Apr-Jun 2022,"6,238-9,751","7,994",5%,,Bangalore,Residential - Multi Storey Apartment
Cox Town,Jan-Mar 2022,"6,210-8,994","7,602",5%,,Bangalore,Residential - Multi Storey Apartment
Cox Town,Oct-Dec 2021,"6,336-9,652","7,994",8%,,Bangalore,Residential - Multi Storey Apartment
Cox Town,Jul-Sep 2021,"5,769-9,074","7,421",1.70%,,Bangalore,Residential - Multi Storey Apartment
Cox Town,Apr-Jun 2021,"5,312-8,750","7,950",1.30%,,Bangalore,Residential - Multi Storey Apartment
Cox Town,Jan-Mar 2021,"5,210-8,450","8,800",0.80%,,Bangalore,Residential - Multi Storey Apartment
Cox Town,Oct-Dec 2020,"5,150-8,250","6,700",1.50%,,Bangalore,Residential - Multi Storey Apartment
Cox Town,Jul-Sep 2020,"5,020-8,050","8,000",1.20%,,Bangalore,Residential - Multi Storey Apartment
Cox Town,Apr-Jun 2020,"4,980-7,980","6,480",0.90%,,Bangalore,Residential - Multi Storey Apartment
Cox Town,Jan-Mar 2020,"4,950-7,900","7,700",1.10%,,Bangalore,Residential - Multi Storey Apartment
Cox Town,Oct-Dec 2019,"4,850-7,850","8,800",1.60%,,Bangalore,Residential - Multi Storey Apartment
Hosur Main Road,Jul-Sep 2024,"9,210-15,944","12,577",10%,,Bangalore,Residential - Multi Storey Apartment
Hosur Main Road,Apr-Jun 2024,"8,031-14,743","11,387",4%,,Bangalore,Residential - Multi Storey Apartment
Hosur Main Road,Jan-Mar 2024,"8,339-15,381","11,860",5%,,Bangalore,Residential - Multi Storey Apartment
Hosur Main Road,Oct-Dec 2023,"9,156-15,896","12,526",4.50%,,Bangalore,Residential - Multi Storey Apartment
Cooke Town,Jul-Sep 2024,"9,058-15,758","12,408",4%,,Bangalore,Residential - Multi Storey Apartment
Cooke Town,Apr-Jun 2024,"8,836-15,028","11,932",9%,,Bangalore,Residential - Multi Storey Apartment
Cooke Town,Jan-Mar 2024,"7,973-13,932","10,952",2%,,Bangalore,Residential - Multi Storey Apartment
Cooke Town,Oct-Dec 2023,"7,636-13,766","10,701",2%,,Bangalore,Residential - Multi Storey Apartment
Cooke Town,Jul-Sep 2023,"7,686-13,284","10,485",3%,,Bangalore,Residential - Multi Storey Apartment
Cooke Town,Apr-Jun 2023,"7,645-12,689","10,167",6%,,Bangalore,Residential - Multi Storey Apartment
Cooke Town,Jan-Mar 2023,"7,707-13,868","10,787",5%,,Bangalore,Residential - Multi Storey Apartment
Cooke Town,Oct-Dec 2022,"7,551-13,069","10,310",3%,,Bangalore,Residential - Multi Storey Apartment
Cooke Town,Jul-Sep 2022,"7,808-12,304","10,056",4%,,Bangalore,Residential - Multi Storey Apartment
Cooke Town,Apr-Jun 2022,"7,341-11,918","9,629",10%,,Bangalore,Residential - Multi Storey Apartment
Cooke Town,Jan-Mar 2022,"7,988-13,316","10,652",2%,,Bangalore,Residential - Multi Storey Apartment
Cooke Town,Oct-Dec 2021,"8,108-13,642","10,875",2%,,Bangalore,Residential - Multi Storey Apartment
Cooke Town,Jul-Sep 2021,"8,307-13,892","11,100",4%,,Bangalore,Residential - Multi Storey Apartment
Cooke Town,Apr-Jun 2021,"8,360-14,839","11,600",15%,,Bangalore,Residential - Multi Storey Apartment
Cooke Town,Jan-Mar 2021,"7,404-12,694","10,049",1%,,Bangalore,Residential - Multi Storey Apartment
Cooke Town,Oct-Dec 2020,"7,373-12,598","9,985",2.80%,,Bangalore,Residential - Multi Storey Apartment
Cooke Town,Jul-Sep 2020,"7,391-12,579","9,985",5%,,Bangalore,Residential - Multi Storey Apartment
Cooke Town,Apr-Jun 2020,"7,854-13,057","10,456",1%,,Bangalore,Residential - Multi Storey Apartment
Cooke Town,Jan-Mar 2020,"7,572-13,204","10,388",0.40%,,Bangalore,Residential - Multi Storey Apartment
Cooke Town,Oct-Dec 2019,"7,752-12,950","10,351",3%,,Bangalore,Residential - Multi Storey Apartment
Cooke Town,Jul-Sep 2019,"7,792-12,211","10,001",3%,,Bangalore,Residential - Multi Storey Apartment
Cooke Town,Apr-Jun 2019,"7,613-11,757","9,685",7%,,Bangalore,Residential - Multi Storey Apartment
Cooke Town,Jan-Mar 2019,"7,119-11,006","9,062",2%,,Bangalore,Residential - Multi Storey Apartment
Cooke Town,Oct-Dec 2018,"7,528-10,922","9,225",5%,,Bangalore,Residential - Multi Storey Apartment
Cooke Town,Jul-Sep 2018,"6,725-10,820","8,772",1%,,Bangalore,Residential - Multi Storey Apartment
Richards Town,Jul-Sep 2024,"9,412-14,712","12,062",1%,,Bangalore,Residential - Multi Storey Apartment
Richards Town,Apr-Jun 2024,"9,209-15,157","12,183",2.50%,,Bangalore,Residential - Multi Storey Apartment
Richards Town,Jul-Sep 2023,"9,205-15,853","12,529",1.90%,,Bangalore,Residential - Multi Storey Apartment
Richards Town,Oct-Dec 2022,"9,400-14,800","12,650",2.20%,,Bangalore,Residential - Multi Storey Apartment
Richards Town,Jul-Sep 2022,"9,205-14,500","12,380",2%,,Bangalore,Residential - Multi Storey Apartment
Richards Town,Apr-Jun 2022,"9,030-14,200","12,120",2%,,Bangalore,Residential - Multi Storey Apartment
Richards Town,Jan-Mar 2022,"8,860-13,900","11,870",2%,,Bangalore,Residential - Multi Storey Apartment
Richards Town,Oct-Dec 2021,"8,700-13,620","11,640",2%,,Bangalore,Residential - Multi Storey Apartment
Richards Town,Jul-Sep 2021,"8,550-13,350","11,430",2%,,Bangalore,Residential - Multi Storey Apartment
Richards Town,Apr-Jun 2021,"8,400-13,080","11,220",2%,,Bangalore,Residential - Multi Storey Apartment
Richards Town,Jan-Mar 2021,"8,260-12,820","11,020",2%,,Bangalore,Residential - Multi Storey Apartment
Richards Town,Oct-Dec 2020,"8,130-12,570","10,830",2%,,Bangalore,Residential - Multi Storey Apartment
Richards Town,Jul-Sep 2020,"8,000-12,330","10,650",2%,,Bangalore,Residential - Multi Storey Apartment
Richards Town,Apr-Jun 2020,"7,870-12,100","10,470",2%,,Bangalore,Residential - Multi Storey Apartment
Richards Town,Jan-Mar 2020,"7,750-11,880","10,300",2%,,Bangalore,Residential - Multi Storey Apartment
Richards Town,Oct-Dec 2019,"7,640-11,670","10,140",2%,,Bangalore,Residential - Multi Storey Apartment
Richards Town,Jul-Sep 2019,"7,540-11,470","9,990",2%,,Bangalore,Residential - Multi Storey Apartment
Richards Town,Apr-Jun 2019,"7,440-11,270","9,840",2%,,Bangalore,Residential - Multi Storey Apartment
Richards Town,Jan-Mar 2019,"7,350-11,080","9,700",2%,,Bangalore,Residential - Multi Storey Apartment
Richards Town,Oct-Dec 2018,"7,260-10,900","9,570",2%,,Bangalore,Residential - Multi Storey Apartment
Richards Town,Jul-Sep 2018,"7,180-10,730","9,450",2%,,Bangalore,Residential - Multi Storey Apartmen
Subramanyapura,Jul-Sep 2024,"5,084-8,394","6,739",3%,,Bangalore,Residential - Multi Storey Apartment
Subramanyapura,Apr-Jun 2024,"5,060-8,423","6,741",10%,,Bangalore,Residential - Multi Storey Apartment
Subramanyapura,Jan-Mar 2024,"4,849-7,379","6,114",3%,,Bangalore,Residential - Multi Storey Apartment
Subramanyapura,Oct-Dec 2023,"4,668-7,247","5,958",3%,,Bangalore,Residential - Multi Storey Apartment
Subramanyapura,Jul-Sep 2023,"4,652-6,883","5,768",4%,,Bangalore,Residential - Multi Storey Apartment
Subramanyapura,Apr-Jun 2023,"4,331-6,793","5,562",5%,,Bangalore,Residential - Multi Storey Apartment
Subramanyapura,Jan-Mar 2023,"4,256-6,375","5,316",1%,,Bangalore,Residential - Multi Storey Apartment
Subramanyapura,Oct-Dec 2022,"4,199-6,352","5,276",1%,,Bangalore,Residential - Multi Storey Apartment
Subramanyapura,Jul-Sep 2022,"4,235-6,179","5,207",1%,,Bangalore,Residential - Multi Storey Apartment
Subramanyapura,Apr-Jun 2022,"4,178-6,167","5,173",2%,,Bangalore,Residential - Multi Storey Apartment
Subramanyapura,Jan-Mar 2022,"4,154-6,351","5,253",3.20%,,Bangalore,Residential - Multi Storey Apartment
Subramanyapura,Oct-Dec 2021,"4,261-6,254","5,258",2%,,Bangalore,Residential - Multi Storey Apartment
Subramanyapura,Jul-Sep 2021,"4,174-6,131","5,152",3%,,Bangalore,Residential - Multi Storey Apartment
Subramanyapura,Apr-Jun 2021,"4,067-5,896","4,982",4%,,Bangalore,Residential - Multi Storey Apartment
Subramanyapura,Jan-Mar 2021,"4,179-6,208","5,194",1%,,Bangalore,Residential - Multi Storey Apartment
Subramanyapura,Oct-Dec 2020,"4,208-6,268","5,238",2%,,Bangalore,Residential - Multi Storey Apartment
Subramanyapura,Jul-Sep 2020,"4,105-6,202","5,153",2%,,Bangalore,Residential - Multi Storey Apartment
Subramanyapura,Apr-Jun 2020,"4,000-6,086","5,043",2%,,Bangalore,Residential - Multi Storey Apartment
Subramanyapura,Jan-Mar 2020,"4,094-6,241","5,167",1%,,Bangalore,Residential - Multi Storey Apartment
Subramanyapura,Oct-Dec 2019,"4,206-6,284","5,245",3%,,Bangalore,Residential - Multi Storey Apartment
Subramanyapura,Jul-Sep 2019,"4,034-6,119","5,076",2%,,Bangalore,Residential - Multi Storey Apartment
Subramanyapura,Apr-Jun 2019,"4,013-5,920","4,966",6%,,Bangalore,Residential - Multi Storey Apartment
Subramanyapura,Jan-Mar 2019,"3,669-5,745","4,707",0.20%,,Bangalore,Residential - Multi Storey Apartment
Subramanyapura,Oct-Dec 2018,"3,615-5,821","4,718",2%,,Bangalore,Residential - Multi Storey Apartment
Subramanyapura,Jul-Sep 2018,"3,736-5,499","4,617",2.50%,,Bangalore,Residential - Multi Storey Apartment
Hosur Road,Jul-Sep 2024,"5,375-9,637","7,506",8%,,Bangalore,Residential - Multi Storey Apartment
Hosur Road,Apr-Jun 2024,"4,928-8,994","6,961",6%,,Bangalore,Residential - Multi Storey Apartment
Hosur Road,Jan-Mar 2024,"4,691-8,398","6,544",5%,,Bangalore,Residential - Multi Storey Apartment
Hosur Road,Oct-Dec 2023,"4,510-7,924","6,217",3.50%,,Bangalore,Residential - Multi Storey Apartment
Hosur Road,Jul-Sep 2023,"4,507-7,924","6,216",1%,,Bangalore,Residential - Multi Storey Apartment
Hosur Road,Apr-Jun 2023,"4,367-7,973","6,170",6%,,Bangalore,Residential - Multi Storey Apartment
Hosur Road,Jan-Mar 2023,"4,177-7,504","5,841",15%,,Bangalore,Residential - Multi Storey Apartment
Hosur Road,Oct-Dec 2022,"3,646-6,486","5,066",5%,,Bangalore,Residential - Multi Storey Apartment
Hosur Road,Jul-Sep 2022,"3,418-6,252","4,835",3%,,Bangalore,Residential - Multi Storey Apartment
Hosur Road,Apr-Jun 2022,"3,298-6,049","4,674",1%,,Bangalore,Residential - Multi Storey Apartment
Hosur Road,Jan-Mar 2022,"3,335-5,952","4,643",0.10%,,Bangalore,Residential - Multi Storey Apartment
Hosur Road,Oct-Dec 2021,"3,371-5,924","4,648",1%,,Bangalore,Residential - Multi Storey Apartment
Hosur Road,Jul-Sep 2021,"3,403-5,961","4,682",2%,,Bangalore,Residential - Multi Storey Apartment
Hosur Road,Apr-Jun 2021,"3,526-6,042","4,784",1%,,Bangalore,Residential - Multi Storey Apartment
Hosur Road,Jan-Mar 2021,"3,490-6,024","4,757",2%,,Bangalore,Residential - Multi Storey Apartment
Hosur Road,Oct-Dec 2020,"3,428-5,867","4,648",2%,,Bangalore,Residential - Multi Storey Apartment
Hosur Road,Jul-Sep 2020,"3,503-5,972","4,738",2%,,Bangalore,Residential - Multi Storey Apartment
Hosur Road,Apr-Jun 2020,"3,597-6,084","4,841",2%,,Bangalore,Residential - Multi Storey Apartment
Hosur Road,Jan-Mar 2020,"3,715-6,182","4,949",1%,,Bangalore,Residential - Multi Storey Apartment
Hosur Road,Oct-Dec 2019,"3,703-6,128","4,915",3%,,Bangalore,Residential - Multi Storey Apartment
Hosur Road,Jul-Sep 2019,"3,562-6,016","4,789",2%,,Bangalore,Residential - Multi Storey Apartment
Hosur Road,Apr-Jun 2019,"3,493-5,921","4,707",2%,,Bangalore,Residential - Multi Storey Apartment
Hosur Road,Jan-Mar 2019,"3,421-5,788","4,604",0.20%,,Bangalore,Residential - Multi Storey Apartment
Hosur Road,Oct-Dec 2018,"3,380-5,815","4,597",1%,,Bangalore,Residential - Multi Storey Apartment
Hosur Road,Jul-Sep 2018,"3,306-5,787","4,546",4%,,Bangalore,Residential - Multi Storey Apartment
Commissariat Road,Jul-Sep 2024,"14,544-22,953","18,748",3%,,Bangalore,Residential - Multi Storey Apartment
Commissariat Road,Apr-Jun 2024,"15,582-23,109","19,346",4%,,Bangalore,Residential - Multi Storey Apartment
Commissariat Road,Jan-Mar 2024,"14,999-25,148","20,073",4.20%,,Bangalore,Residential - Multi Storey Apartment
Commissariat Road,Oct-Dec 2023,"14,400-24,230","19,250",4%,,Bangalore,Residential - Multi Storey Apartment
Commissariat Road,Jul-Sep 2023,"14,200-23,640","18,600",4%,,Bangalore,Residential - Multi Storey Apartment
Commissariat Road,Apr-Jun 2023,"13,700-23,100","18,000",4%,,Bangalore,Residential - Multi Storey Apartment
Commissariat Road,Jan-Mar 2023,"13,300-22,500","17,500",4%,,Bangalore,Residential - Multi Storey Apartment
Commissariat Road,Oct-Dec 2022,"13,000-21,900","16,950",4%,,Bangalore,Residential - Multi Storey Apartment
Commissariat Road,Jul-Sep 2022,"12,700-21,300","16,400",4%,,Bangalore,Residential - Multi Storey Apartment
Commissariat Road,Apr-Jun 2022,"12,300-20,700","15,800",4%,,Bangalore,Residential - Multi Storey Apartment
Commissariat Road,Jan-Mar 2022,"11,900-20,100","15,300",4%,,Bangalore,Residential - Multi Storey Apartment
Commissariat Road,Oct-Dec 2021,"11,500-19,500","14,750",4%,,Bangalore,Residential - Multi Storey Apartment
Commissariat Road,Jul-Sep 2021,"11,000-18,900","14,200",4%,,Bangalore,Residential - Multi Storey Apartment
Commissariat Road,Apr-Jun 2021,"10,600-18,300","13,650",4%,,Bangalore,Residential - Multi Storey Apartment
Commissariat Road,Jan-Mar 2021,"10,200-17,700","13,150",4%,,Bangalore,Residential - Multi Storey Apartment
Commissariat Road,Oct-Dec 2020,"9,800-17,100","12,700",4%,,Bangalore,Residential - Multi Storey Apartment
Commissariat Road,Jul-Sep 2020,"9,400-16,500","12,250",4%,,Bangalore,Residential - Multi Storey Apartment
Commissariat Road,Apr-Jun 2020,"9,000-15,900","11,800",4%,,Bangalore,Residential - Multi Storey Apartment
Commissariat Road,Jan-Mar 2020,"8,700-15,300","11,350",4%,,Bangalore,Residential - Multi Storey Apartment
Commissariat Road,Oct-Dec 2019,"8,400-14,700","10,950",4%,,Bangalore,Residential - Multi Storey Apartment
Commissariat Road,Jul-Sep 2019,"8,100-14,100","10,550",4%,,Bangalore,Residential - Multi Storey Apartment
Commissariat Road,Apr-Jun 2019,"7,800-13,500","10,150",4%,,Bangalore,Residential - Multi Storey Apartment
Commissariat Road,Jan-Mar 2019,"7,500-12,900","9,750",4%,,Bangalore,Residential - Multi Storey Apartment
Commissariat Road,Oct-Dec 2018,"7,200-12,300","9,400",4%,,Bangalore,Residential - Multi Storey Apartment
Commissariat Road,Jul-Sep 2018,"6,900-11,700","9,050",4%,,Bangalore,Residential - Multi Storey Apartment
HSR Layout,Jul-Sep 2024,"7,025-11,018","9,021",11%,,Bangalore,Residential - Multi Storey Apartment
HSR Layout,Apr-Jun 2024,"7,269-12,940","10,105",18%,,Bangalore,Residential - Multi Storey Apartment
HSR Layout,Jan-Mar 2024,"9,326-15,444","12,385",1%,,Bangalore,Residential - Multi Storey Apartment
HSR Layout,Oct-Dec 2023,"9,386-15,083","12,235",4%,,Bangalore,Residential - Multi Storey Apartment
HSR Layout,Jul-Sep 2023,"8,744-14,806","11,775",0.30%,,Bangalore,Residential - Multi Storey Apartment
HSR Layout,Apr-Jun 2023,"9,259-14,368","11,813",12%,,Bangalore,Residential - Multi Storey Apartment
HSR Layout,Jan-Mar 2023,"7,672-13,447","10,560",55%,,Bangalore,Residential - Multi Storey Apartment
HSR Layout,Oct-Dec 2022,"4,683-8,924","6,804",10%,,Bangalore,Residential - Multi Storey Apartment
HSR Layout,Jul-Sep 2022,"4,491-7,835","6,163",1%,,Bangalore,Residential - Multi Storey Apartment
HSR Layout,Apr-Jun 2022,"4,624-7,864","6,244",2%,,Bangalore,Residential - Multi Storey Apartment
HSR Layout,Jan-Mar 2022,"4,559-7,734","6,147",5%,,Bangalore,Residential - Multi Storey Apartment
HSR Layout,Oct-Dec 2021,"4,732-8,152","6,442",1%,,Bangalore,Residential - Multi Storey Apartment
HSR Layout,Jul-Sep 2021,"4,813-8,208","6,511",1%,,Bangalore,Residential - Multi Storey Apartment
HSR Layout,Apr-Jun 2021,"4,762-8,179","6,471",3%,,Bangalore,Residential - Multi Storey Apartment
HSR Layout,Jan-Mar 2021,"4,677-7,877","6,277",5%,,Bangalore,Residential - Multi Storey Apartment
HSR Layout,Oct-Dec 2020,"4,501-7,468","5,985",2%,,Bangalore,Residential - Multi Storey Apartment
HSR Layout,Jul-Sep 2020,"4,505-7,668","6,087",6%,,Bangalore,Residential - Multi Storey Apartment
HSR Layout,Apr-Jun 2020,"4,645-8,272","6,459",1%,,Bangalore,Residential - Multi Storey Apartment
HSR Layout,Jan-Mar 2020,"4,696-8,326","6,511",1%,,Bangalore,Residential - Multi Storey Apartment
HSR Layout,Oct-Dec 2019,"4,770-8,060","6,415",4%,,Bangalore,Residential - Multi Storey Apartment
HSR Layout,Jul-Sep 2019,"4,944-8,379","6,662",8%,,Bangalore,Residential - Multi Storey Apartment
HSR Layout,Apr-Jun 2019,"5,223-9,270","7,246",5%,,Bangalore,Residential - Multi Storey Apartment
HSR Layout,Jan-Mar 2019,"4,948-8,886","6,917",7%,,Bangalore,Residential - Multi Storey Apartment
HSR Layout,Oct-Dec 2018,"4,550-8,393","6,471",2%,,Bangalore,Residential - Multi Storey Apartment
HSR Layout,Jul-Sep 2018,"4,497-8,181","6,339",3%,,Bangalore,Residential - Multi Storey Apartment
Rayasandra Main Road,Jul-Sep 2024,"5,762-9,356","7,559",4%,,Bangalore,Residential - Multi Storey Apartment
Rayasandra Main Road,Apr-Jun 2024,"5,476-9,051","7,264",3%,,Bangalore,Residential - Multi Storey Apartment
Rayasandra Main Road,Jan-Mar 2024,"5,313-8,838","7,076",2.30%,,Bangalore,Residential - Multi Storey Apartment
Rayasandra Main Road,Oct-Dec 2023,"4,800-7,400","6,137",3.60%,,Bangalore,Residential - Multi Storey Apartment
Rayasandra Main Road,Jul-Sep 2023,"4,700-7,300","6,000",4%,,Bangalore,Residential - Multi Storey Apartment
Rayasandra Main Road,Apr-Jun 2023,"4,500-7,100","5,800",3%,,Bangalore,Residential - Multi Storey Apartment
Rayasandra Main Road,Jan-Mar 2023,"4,400-6,900","5,650",4%,,Bangalore,Residential - Multi Storey Apartment
Rayasandra Main Road,Oct-Dec 2022,"4,200-6,700","5,450",4%,,Bangalore,Residential - Multi Storey Apartment
Rayasandra Main Road,Jul-Sep 2022,"4,100-6,500","5,300",4%,,Bangalore,Residential - Multi Storey Apartment
Rayasandra Main Road,Apr-Jun 2022,"4,000-6,300","5,100",4%,,Bangalore,Residential - Multi Storey Apartment
Rayasandra Main Road,Jan-Mar 2022,"3,900-6,100","4,900",4%,,Bangalore,Residential - Multi Storey Apartment
Rayasandra Main Road,Oct-Dec 2021,"3,800-6,000","4,850",4%,,Bangalore,Residential - Multi Storey Apartment
Rayasandra Main Road,Jul-Sep 2021,"3,700-5,900","4,750",4%,,Bangalore,Residential - Multi Storey Apartment
Rayasandra Main Road,Apr-Jun 2021,"3,600-5,800","4,650",4%,,Bangalore,Residential - Multi Storey Apartment
Rayasandra Main Road,Jan-Mar 2021,"3,500-5,700","4,550",4%,,Bangalore,Residential - Multi Storey Apartment
Rayasandra Main Road,Oct-Dec 2020,"3,400-5,600","4,450",4%,,Bangalore,Residential - Multi Storey Apartment
Rayasandra Main Road,Jul-Sep 2020,"3,300-5,400","4,300",4%,,Bangalore,Residential - Multi Storey Apartment
Rayasandra Main Road,Apr-Jun 2020,"3,200-5,200","4,150",4%,,Bangalore,Residential - Multi Storey Apartment
Rayasandra Main Road,Jan-Mar 2020,"3,100-5,100","4,000",4%,,Bangalore,Residential - Multi Storey Apartment
Rayasandra Main Road,Oct-Dec 2019,"3,000-5,000","3,900",4%,,Bangalore,Residential - Multi Storey Apartment
Rayasandra Main Road,Jul-Sep 2019,"2,900-4,900","3,800",4%,,Bangalore,Residential - Multi Storey Apartment
Rayasandra Main Road,Apr-Jun 2019,"2,800-4,800","3,700",4%,,Bangalore,Residential - Multi Storey Apartment
Rayasandra Main Road,Jan-Mar 2019,"2,700-4,700","3,600",4%,,Bangalore,Residential - Multi Storey Apartment
Rayasandra Main Road,Oct-Dec 2018,"2,600-4,600","3,500",4%,,Bangalore,Residential - Multi Storey Apartment
Rayasandra Main Road,Jul-Sep 2018,"2,500-4,500","3,400",4%,,Bangalore,Residential - Multi Storey Apartment
Coles Road,Jul-Sep 2024,"8,815-15,682","12,248",4%,,Bangalore,Residential - Multi Storey Apartment
Coles Road,Apr-Jun 2024,"9,650-15,910","12,780",2%,,Bangalore,Residential - Multi Storey Apartment
Coles Road,Jan-Mar 2024,"9,738-16,410","13,074",4%,,Bangalore,Residential - Multi Storey Apartment
Coles Road,Oct-Dec 2023,"9,444-15,628","12,536",3%,,Bangalore,Residential - Multi Storey Apartment
Coles Road,Jul-Sep 2023,"9,261-15,187","12,224",19%,,Bangalore,Residential - Multi Storey Apartment
Coles Road,Apr-Jun 2023,"7,661-12,917","10,289",4%,,Bangalore,Residential - Multi Storey Apartment
Coles Road,Jan-Mar 2023,"7,876-13,604","10,740",0%,,Bangalore,Residential - Multi Storey Apartment
Coles Road,Oct-Dec 2022,"7,210-12,348","9,779",2%,,Bangalore,Residential - Multi Storey Apartment
Coles Road,Jul-Sep 2022,"6,800-11,950","9,375",3%,,Bangalore,Residential - Multi Storey Apartment
Coles Road,Apr-Jun 2022,"6,600-11,700","9,150",3%,,Bangalore,Residential - Multi Storey Apartment
Coles Road,Jan-Mar 2022,"6,400-11,450","8,925",3%,,Bangalore,Residential - Multi Storey Apartment
Coles Road,Oct-Dec 2021,"6,300-11,300","8,800",3%,,Bangalore,Residential - Multi Storey Apartment
Coles Road,Jul-Sep 2021,"6,200-11,100","8,650",3%,,Bangalore,Residential - Multi Storey Apartment
Coles Road,Apr-Jun 2021,"6,100-10,900","8,500",3%,,Bangalore,Residential - Multi Storey Apartment
Coles Road,Jan-Mar 2021,"6,000-10,800","8,350",3%,,Bangalore,Residential - Multi Storey Apartment
Coles Road,Oct-Dec 2020,"5,900-10,700","8,250",3%,,Bangalore,Residential - Multi Storey Apartment
Coles Road,Jul-Sep 2020,"5,800-10,600","8,100",3%,,Bangalore,Residential - Multi Storey Apartment
Coles Road,Apr-Jun 2020,"5,700-10,500","7,950",3%,,Bangalore,Residential - Multi Storey Apartment
Coles Road,Jan-Mar 2020,"5,600-10,400","7,850",3%,,Bangalore,Residential - Multi Storey Apartment
Coles Road,Oct-Dec 2019,"5,500-10,300","7,750",3%,,Bangalore,Residential - Multi Storey Apartment
Coles Road,Jul-Sep 2019,"5,400-10,200","7,600",3%,,Bangalore,Residential - Multi Storey Apartment
Coles Road,Apr-Jun 2019,"5,300-10,100","7,500",3%,,Bangalore,Residential - Multi Storey Apartment
Coles Road,Jan-Mar 2019,"5,200-10,000","7,400",3%,,Bangalore,Residential - Multi Storey Apartment
Coles Road,Oct-Dec 2018,"5,100-9,900","7,300",3%,,Bangalore,Residential - Multi Storey Apartment
Coles Road,Jul-Sep 2018,"5,000-9,800","7,200",3%,,Bangalore,Residential - Multi Storey Apartment
Hulimavu,Jul-Sep 2024,"6,009-11,237","8,623",15%,,Bangalore,Residential - Multi Storey Apartment
Hulimavu,Apr-Jun 2024,"5,216-9,776","7,496",12%,,Bangalore,Residential - Multi Storey Apartment
Hulimavu,Jan-Mar 2024,"6,081-10,889","8,485",4%,,Bangalore,Residential - Multi Storey Apartment
Hulimavu,Oct-Dec 2023,"5,630-10,661","8,145",5%,,Bangalore,Residential - Multi Storey Apartment
Hulimavu,Jul-Sep 2023,"6,077-10,993","8,535",4%,,Bangalore,Residential - Multi Storey Apartment
Hulimavu,Apr-Jun 2023,"6,089-10,320","8,204",1.80%,,Bangalore,Residential - Multi Storey Apartment
Hulimavu,Jan-Mar 2023,"5,916-9,933","7,924",2%,,Bangalore,Residential - Multi Storey Apartment
Hulimavu,Oct-Dec 2022,"6,271-10,038","8,154",0.50%,,Bangalore,Residential - Multi Storey Apartment
Hulimavu,Jul-Sep 2022,"5,628-9,876","7,752",16%,,Bangalore,Residential - Multi Storey Apartment
Hulimavu,Apr-Jun 2022,"4,618-8,773","6,695",20%,,Bangalore,Residential - Multi Storey Apartment
Hulimavu,Jan-Mar 2022,"4,173-7,003","5,588",2%,,Bangalore,Residential - Multi Storey Apartment
Hulimavu,Oct-Dec 2021,"4,167-6,747","5,457",1%,,Bangalore,Residential - Multi Storey Apartment
Hulimavu,Jul-Sep 2021,"4,074-6,999","5,537",5%,,Bangalore,Residential - Multi Storey Apartment
Hulimavu,Apr-Jun 2021,"4,333-7,275","5,804",5%,,Bangalore,Residential - Multi Storey Apartment
Hulimavu,Jan-Mar 2021,"4,143-6,937","5,540",8%,,Bangalore,Residential - Multi Storey Apartment
Hulimavu,Oct-Dec 2020,"3,906-6,362","5,134",2%,,Bangalore,Residential - Multi Storey Apartment
Hulimavu,Jul-Sep 2020,"3,939-6,528","5,233",3%,,Bangalore,Residential - Multi Storey Apartment
Hulimavu,Apr-Jun 2020,"4,108-6,718","5,413",10%,,Bangalore,Residential - Multi Storey Apartment
Hulimavu,Jan-Mar 2020,"4,384-7,671","6,028",4%,,Bangalore,Residential - Multi Storey Apartment
Hulimavu,Oct-Dec 2019,"4,087-7,559","5,823",5%,,Bangalore,Residential - Multi Storey Apartment
Hulimavu,Jul-Sep 2019,"4,070-7,047","5,559",5%,,Bangalore,Residential - Multi Storey Apartment
Hulimavu,Apr-Jun 2019,"3,785-6,839","5,312",6%,,Bangalore,Residential - Multi Storey Apartment
Hulimavu,Jan-Mar 2019,"3,902-6,164","5,033",2%,,Bangalore,Residential - Multi Storey Apartment
Hulimavu,Oct-Dec 2018,"3,958-5,889","4,924",2%,,Bangalore,Residential - Multi Storey Apartment
Hulimavu,Jul-Sep 2018,"4,150-6,408","5,279",3%,,Bangalore,Residential - Multi Storey Apartment
RK Hegde Nagar,Jul-Sep 2024,"6,204-11,924","9,064",2%,,Bangalore,Residential - Multi Storey Apartment
RK Hegde Nagar,Apr-Jun 2024,"6,627-11,114","8,870",2%,,Bangalore,Residential - Multi Storey Apartment
RK Hegde Nagar,Jan-Mar 2024,"6,927-11,195","9,061",2%,,Bangalore,Residential - Multi Storey Apartment
RK Hegde Nagar,Oct-Dec 2023,"7,214-11,300","9,257",19%,,Bangalore,Residential - Multi Storey Apartment
RK Hegde Nagar,Jul-Sep 2023,"5,395-10,211","7,803",6%,,Bangalore,Residential - Multi Storey Apartment
RK Hegde Nagar,Apr-Jun 2023,"6,023-10,541","8,282",14%,,Bangalore,Residential - Multi Storey Apartment
RK Hegde Nagar,Jan-Mar 2023,"5,337-9,155","7,246",1%,,Bangalore,Residential - Multi Storey Apartment
RK Hegde Nagar,Oct-Dec 2022,"5,540-9,170","7,355",3%,,Bangalore,Residential - Multi Storey Apartment
RK Hegde Nagar,Jul-Sep 2022,"5,245-9,048","7,147",1%,,Bangalore,Residential - Multi Storey Apartment
RK Hegde Nagar,Apr-Jun 2022,"5,358-8,737","7,048",3%,,Bangalore,Residential - Multi Storey Apartment
RK Hegde Nagar,Jan-Mar 2022,"5,437-8,310","6,874",1%,,Bangalore,Residential - Multi Storey Apartment
RK Hegde Nagar,Oct-Dec 2021,"5,455-8,497","6,976",7%,,Bangalore,Residential - Multi Storey Apartment
RK Hegde Nagar,Jul-Sep 2021,"4,949-8,073","6,511",3%,,Bangalore,Residential - Multi Storey Apartment
RK Hegde Nagar,Apr-Jun 2021,"4,802-7,798","6,300",3%,,Bangalore,Residential - Multi Storey Apartment
RK Hegde Nagar,Jan-Mar 2021,"4,508-7,685","6,096",1%,,Bangalore,Residential - Multi Storey Apartment
RK Hegde Nagar,Oct-Dec 2020,"4,622-7,705","6,164",3%,,Bangalore,Residential - Multi Storey Apartment
RK Hegde Nagar,Jul-Sep 2020,"4,455-7,459","5,957",1%,,Bangalore,Residential - Multi Storey Apartment
RK Hegde Nagar,Apr-Jun 2020,"4,496-7,487","5,991",13%,,Bangalore,Residential - Multi Storey Apartment
RK Hegde Nagar,Jan-Mar 2020,"3,910-6,740","5,325",7%,,Bangalore,Residential - Multi Storey Apartment
RK Hegde Nagar,Oct-Dec 2019,"4,386-7,107","5,746",1%,,Bangalore,Residential - Multi Storey Apartment
RK Hegde Nagar,Jul-Sep 2019,"4,348-7,264","5,806",1%,,Bangalore,Residential - Multi Storey Apartment
RK Hegde Nagar,Apr-Jun 2019,"4,570-7,120","5,845",0.50%,,Bangalore,Residential - Multi Storey Apartment
RK Hegde Nagar,Jan-Mar 2019,"4,435-7,202","5,818",6%,,Bangalore,Residential - Multi Storey Apartment
RK Hegde Nagar,Oct-Dec 2018,"4,195-6,743","5,469",2%,,Bangalore,Residential - Multi Storey Apartment
RK Hegde Nagar,Jul-Sep 2018,"4,304-6,885","5,594",1%,,Bangalore,Residential - Multi Storey Apartment
Davis Road,Jul-Sep 2024,"8,926-15,307","12,117",1%,,Bangalore,Residential - Multi Storey Apartment
Davis Road,Apr-Jun 2024,"8,970-15,116","12,043",9.00%,,Bangalore,Residential - Multi Storey Apartment
Davis Road,Jan-Mar 2024,"8,072-14,115","11,093",0.40%,,Bangalore,Residential - Multi Storey Apartment
Davis Road,Oct-Dec 2023,"7,984-14,114","11,049",3%,,Bangalore,Residential - Multi Storey Apartment
Davis Road,Jul-Sep 2023,"8,232-14,516","11,374",6%,,Bangalore,Residential - Multi Storey Apartment
Davis Road,Apr-Jun 2023,"7,976-13,395","10,685",1.80%,,Bangalore,Residential - Multi Storey Apartment
Davis Road,Jan-Mar 2023,"7,921-14,668","11,294",2%,,Bangalore,Residential - Multi Storey Apartment
Hosa Road,Jul-Sep 2024,"4,993-8,677","6,835",7%,,Bangalore,Residential - Multi Storey Apartment
Hosa Road,Apr-Jun 2024,"4,649-8,104","6,376",2%,,Bangalore,Residential - Multi Storey Apartment
Hosa Road,Jan-Mar 2024,"4,581-7,979","6,280",5%,,Bangalore,Residential - Multi Storey Apartment
Hosa Road,Oct-Dec 2023,"4,375-7,624","5,999",5%,,Bangalore,Residential - Multi Storey Apartment
Hosa Road,Jul-Sep 2023,"4,081-7,310","5,695",1%,,Bangalore,Residential - Multi Storey Apartment
Hosa Road,Apr-Jun 2023,"4,047-7,219","5,633",1.80%,,Bangalore,Residential - Multi Storey Apartment
Hosa Road,Jan-Mar 2023,"3,783-6,721","5,252",2%,,Bangalore,Residential - Multi Storey Apartment
Hosa Road,Oct-Dec 2022,"4,406-7,172","5,789",1.50%,,Bangalore,Residential - Multi Storey Apartment
Hosa Road,Jul-Sep 2022,"4,336-7,333","5,834",2%,,Bangalore,Residential - Multi Storey Apartment
Hosa Road,Apr-Jun 2022,"4,243-7,220","5,731",0.40%,,Bangalore,Residential - Multi Storey Apartment
Hosa Road,Jan-Mar 2022,"4,180-7,241","5,711",1%,,Bangalore,Residential - Multi Storey Apartment
Hosa Road,Oct-Dec 2021,"4,193-7,300","5,747",1%,,Bangalore,Residential - Multi Storey Apartment
Hosa Road,Jul-Sep 2021,"4,083-7,271","5,677",6%,,Bangalore,Residential - Multi Storey Apartment
Hosa Road,Apr-Jun 2021,"3,983-6,757","5,370",2%,,Bangalore,Residential - Multi Storey Apartment
Hosa Road,Jan-Mar 2021,"3,912-6,615","5,264",2%,,Bangalore,Residential - Multi Storey Apartment
Hosa Road,Oct-Dec 2020,"3,994-6,326","5,160",1%,,Bangalore,Residential - Multi Storey Apartment
Hosa Road,Jul-Sep 2020,"4,142-6,264","5,203",1%,,Bangalore,Residential - Multi Storey Apartment
Hosa Road,Apr-Jun 2020,"4,163-6,302","5,232",1%,,Bangalore,Residential - Multi Storey Apartment
Hosa Road,Jan-Mar 2020,"4,105-6,240","5,173",1%,,Bangalore,Residential - Multi Storey Apartment
Hosa Road,Oct-Dec 2019,"4,122-6,124","5,123",3%,,Bangalore,Residential - Multi Storey Apartment
Hosa Road,Jul-Sep 2019,"3,960-5,974","4,967",5%,,Bangalore,Residential - Multi Storey Apartment
Hosa Road,Apr-Jun 2019,"4,105-6,307","5,206",4%,,Bangalore,Residential - Multi Storey Apartment
Hosa Road,Jan-Mar 2019,"3,883-6,124","5,004",2%,,Bangalore,Residential - Multi Storey Apartment
Hosa Road,Oct-Dec 2018,"4,018-6,161","5,089",3%,,Bangalore,Residential - Multi Storey Apartment
Hosa Road,Jul-Sep 2018,"3,897-5,950","4,923",4%,,Bangalore,Residential - Multi Storey Apartment
Stage 2 RMV,Jul-Sep 2024,"12,318-20,821","16,570",42%,,Bangalore,Residential - Multi Storey Apartment
Stage 2 RMV,Apr-Jun 2024,"8,226-15,082","11,654",10%,,Bangalore,Residential - Multi Storey Apartment
Stage 2 RMV,Jan-Mar 2024,"7,561-13,533","10,547",4%,,Bangalore,Residential - Multi Storey Apartment
Stage 2 RMV,Oct-Dec 2023,"7,297-12,992","10,144",14%,,Bangalore,Residential - Multi Storey Apartment
Stage 2 RMV,Jul-Sep 2023,"6,585-11,218","8,902",2%,,Bangalore,Residential - Multi Storey Apartment
Stage 2 RMV,Apr-Jun 2023,"6,820-11,411","9,115",3%,,Bangalore,Residential - Multi Storey Apartment
Stage 2 RMV,Jan-Mar 2023,"6,918-11,815","9,367",20%,,Bangalore,Residential - Multi Storey Apartment
Stage 2 RMV,Oct-Dec 2022,"9,137-14,317","11,727",4%,,Bangalore,Residential - Multi Storey Apartment
Stage 2 RMV,Jul-Sep 2022,"8,651-13,797","11,224",1.20%,,Bangalore,Residential - Multi Storey Apartment
Stage 2 RMV,Apr-Jun 2022,"8,688-13,748","11,218",8%,,Bangalore,Residential - Multi Storey Apartment
Stage 2 RMV,Jan-Mar 2022,"7,415-13,287","10,351",0.50%,,Bangalore,Residential - Multi Storey Apartment
Stage 2 RMV,Oct-Dec 2021,"7,268-13,337","10,302",8%,,Bangalore,Residential - Multi Storey Apartment
Stage 2 RMV,Jul-Sep 2021,"8,564-13,802","11,183",2%,,Bangalore,Residential - Multi Storey Apartment
Stage 2 RMV,Apr-Jun 2021,"8,323-13,669","10,996",0.30%,,Bangalore,Residential - Multi Storey Apartment
Stage 2 RMV,Jan-Mar 2021,"8,267-13,782","11,025",1%,,Bangalore,Residential - Multi Storey Apartment
Stage 2 RMV,Oct-Dec 2020,"8,264-13,586","10,925",11%,,Bangalore,Residential - Multi Storey Apartment
Stage 2 RMV,Jul-Sep 2020,"7,372-12,360","9,866",0.30%,,Bangalore,Residential - Multi Storey Apartment
Stage 2 RMV,Apr-Jun 2020,"7,552-12,244","9,898",7%,,Bangalore,Residential - Multi Storey Apartment
Stage 2 RMV,Jan-Mar 2020,"8,964-12,222","10,593",0.80%,,Bangalore,Residential - Multi Storey Apartment
Stage 2 RMV,Oct-Dec 2019,"8,849-12,327","10,588",2%,,Bangalore,Residential - Multi Storey Apartment
Stage 2 RMV,Jul-Sep 2019,"8,665-12,195","10,430",11%,,Bangalore,Residential - Multi Storey Apartment
Stage 2 RMV,Apr-Jun 2019,"6,685-12,104","9,395",2%,,Bangalore,Residential - Multi Storey Apartment
Stage 2 RMV,Jan-Mar 2019,"7,172-12,078","9,625",8%,,Bangalore,Residential - Multi Storey Apartment
Stage 2 RMV,Oct-Dec 2018,"8,245-12,739","10,492",18%,,Bangalore,Residential - Multi Storey Apartment
Stage 2 RMV,Jul-Sep 2018,"6,205-11,508","8,857",1%,,Bangalore,Residential - Multi Storey Apartment
Hesarghatta Road,Jul-Sep 2024,"7,001-11,928","9,465",1%,,Bangalore,Residential - Multi Storey Apartment
Hesarghatta Road,Apr-Jun 2024,"6,980-11,802","9,391",4%,,Bangalore,Residential - Multi Storey Apartment
Hesarghatta Road,Jan-Mar 2024,"6,590-11,460","9,025",8%,,Bangalore,Residential - Multi Storey Apartment
Hesarghatta Road,Oct-Dec 2023,"6,191-10,500","8,346",2%,,Bangalore,Residential - Multi Storey Apartment
Hesarghatta Road,Jul-Sep 2023,"6,360-10,617","8,489",1%,,Bangalore,Residential - Multi Storey Apartment
Hesarghatta Road,Apr-Jun 2023,"6,366-10,414","8,390",1.40%,,Bangalore,Residential - Multi Storey Apartment
Hesarghatta Road,Jan-Mar 2023,"5,928-9,949","7,938",0.90%,,Bangalore,Residential - Multi Storey Apartment
Hesarghatta Road,Apr-Jun 2022,"4,754-6,482","5,618",1%,,Bangalore,Residential - Multi Storey Apartment
Hesarghatta Road,Jan-Mar 2022,"4,655-6,499","5,577",0.60%,,Bangalore,Residential - Multi Storey Apartment
Hesarghatta Road,Oct-Dec 2019,"4,130-5,658","4,894",3%,,Bangalore,Residential - Multi Storey Apartment
Hesarghatta Road,Jul-Sep 2019,"4,008-5,500","4,754",0.20%,,Bangalore,Residential - Multi Storey Apartment
Hesarghatta Road,Apr-Jun 2019,"3,976-5,548","4,762",2%,,Bangalore,Residential - Multi Storey Apartment
Hesarghatta Road,Jan-Mar 2019,"3,903-5,395","4,649",1.40%,,Bangalore,Residential - Multi Storey Apartment
Hesarghatta Road,Jul-Sep 2018,"3,956-5,352","4,654",4%,,Bangalore,Residential - Multi Storey Apartment
Doddakallasandra,Jul-Sep 2024,"6,446-10,661","8,554",5%,,Bangalore,Residential - Multi Storey Apartment
Doddakallasandra,Apr-Jun 2024,"6,074-10,257","8,166",4.80%,,Bangalore,Residential - Multi Storey Apartment
Doddakallasandra,Jan-Mar 2024,"6,201-10,117","8,159",1%,,Bangalore,Residential - Multi Storey Apartment
Doddakallasandra,Oct-Dec 2023,"6,473-9,957","8,215",4%,,Bangalore,Residential - Multi Storey Apartment
Doddakallasandra,Jul-Sep 2023,"6,123-9,605","7,864",3%,,Bangalore,Residential - Multi Storey Apartment
Doddakallasandra,Apr-Jun 2023,"5,994-9,307","7,651",3%,,Bangalore,Residential - Multi Storey Apartment
Doddakallasandra,Jan-Mar 2023,"5,647-9,234","7,441",1%,,Bangalore,Residential - Multi Storey Apartment
Doddakallasandra,Oct-Dec 2022,"5,460-9,286","7,373",11%,,Bangalore,Residential - Multi Storey Apartment
Doddakallasandra,Jul-Sep 2022,"4,860-8,432","6,646",2%,,Bangalore,Residential - Multi Storey Apartment
Doddakallasandra,Apr-Jun 2022,"4,818-8,764","6,791",8%,,Bangalore,Residential - Multi Storey Apartment
Doddakallasandra,Jan-Mar 2022,"5,202-9,505","7,353",1%,,Bangalore,Residential - Multi Storey Apartment
Doddakallasandra,Oct-Dec 2021,"5,195-9,733","7,464",11%,,Bangalore,Residential - Multi Storey Apartment
Doddakallasandra,Jul-Sep 2021,"4,944-8,503","6,724",9%,,Bangalore,Residential - Multi Storey Apartment
Doddakallasandra,Apr-Jun 2021,"4,584-7,752","6,168",7%,,Bangalore,Residential - Multi Storey Apartment
Doddakallasandra,Jan-Mar 2021,"4,477-7,080","5,779",9%,,Bangalore,Residential - Multi Storey Apartment
Doddakallasandra,Oct-Dec 2020,"4,548-8,213","6,380",3.20%,,Bangalore,Residential - Multi Storey Apartment
Doddakallasandra,Oct-Dec 2019,"4,366-7,876","5,150",4.50%,,Bangalore,Residential - Multi Storey Apartment
Doddakallasandra,Jul-Sep 2019,"4,103-6,776","5,440",5%,,Bangalore,Residential - Multi Storey Apartment
Doddakallasandra,Jul-Sep 2018,"3,970-7,425","4,500",3%,,Bangalore,Residential - Multi Storey Apartment
Sahakar Nagar,Jul-Sep 2024,"6,344-10,694","8,519",4%,,Bangalore,Residential - Multi Storey Apartment
Sahakar Nagar,Apr-Jun 2024,"5,760-10,587","8,173",4%,,Bangalore,Residential - Multi Storey Apartment
Sahakar Nagar,Jan-Mar 2024,"5,918-9,813","7,865",5%,,Bangalore,Residential - Multi Storey Apartment
Sahakar Nagar,Oct-Dec 2023,"6,120-10,376","8,248",16%,,Bangalore,Residential - Multi Storey Apartment
Sahakar Nagar,Jul-Sep 2023,"5,404-8,807","7,105",14%,,Bangalore,Residential - Multi Storey Apartment
Sahakar Nagar,Apr-Jun 2023,"4,774-7,652","6,213",10%,,Bangalore,Residential - Multi Storey Apartment
Sahakar Nagar,Jan-Mar 2023,"5,262-8,512","6,887",9%,,Bangalore,Residential - Multi Storey Apartment
Sahakar Nagar,Oct-Dec 2022,"4,869-7,815","6,342",1%,,Bangalore,Residential - Multi Storey Apartment
Sahakar Nagar,Jul-Sep 2022,"4,977-7,817","6,397",1%,,Bangalore,Residential - Multi Storey Apartment
Sahakar Nagar,Apr-Jun 2022,"4,874-7,839","6,357",1%,,Bangalore,Residential - Multi Storey Apartment
Sahakar Nagar,Jan-Mar 2022,"4,952-7,843","6,398",2%,,Bangalore,Residential - Multi Storey Apartment
Sahakar Nagar,Oct-Dec 2021,"4,822-7,774","6,298",1%,,Bangalore,Residential - Multi Storey Apartment
Sahakar Nagar,Jul-Sep 2021,"4,679-7,740","6,210",6%,,Bangalore,Residential - Multi Storey Apartment
Sahakar Nagar,Apr-Jun 2021,"4,946-8,237","6,592",1%,,Bangalore,Residential - Multi Storey Apartment
Sahakar Nagar,Jan-Mar 2021,"4,816-8,270","6,543",3%,,Bangalore,Residential - Multi Storey Apartment
Sahakar Nagar,Oct-Dec 2020,"4,786-7,941","6,364",5%,,Bangalore,Residential - Multi Storey Apartment
Sahakar Nagar,Jul-Sep 2020,"4,726-7,377","6,051",2%,,Bangalore,Residential - Multi Storey Apartment
Sahakar Nagar,Apr-Jun 2020,"4,861-6,965","5,913",4%,,Bangalore,Residential - Multi Storey Apartment
Sahakar Nagar,Jan-Mar 2020,"5,159-7,120","6,140",5%,,Bangalore,Residential - Multi Storey Apartment
Sahakar Nagar,Oct-Dec 2019,"4,655-7,023","5,839",4%,,Bangalore,Residential - Multi Storey Apartment
Sahakar Nagar,Jul-Sep 2019,"4,818-7,348","6,083",1%,,Bangalore,Residential - Multi Storey Apartment
Sahakar Nagar,Apr-Jun 2019,"4,802-7,460","6,131",4%,,Bangalore,Residential - Multi Storey Apartment
Sahakar Nagar,Jan-Mar 2019,"4,935-7,777","6,356",4%,,Bangalore,Residential - Multi Storey Apartment
Sahakar Nagar,Oct-Dec 2018,"4,594-7,679","6,137",4%,,Bangalore,Residential - Multi Storey Apartment
Sahakar Nagar,Jul-Sep 2018,"4,726-8,123","6,424",12%,,Bangalore,Residential - Multi Storey Apartment
Spencer Road,Jul-Sep 2024,"9,233-16,140","12,686",4%,,Bangalore,Residential - Multi Storey Apartment
Spencer Road,Apr-Jun 2024,"9,736-16,613","13,174",1%,,Bangalore,Residential - Multi Storey Apartment
Spencer Road,Jan-Mar 2024,"9,806-16,762","13,284",5%,,Bangalore,Residential - Multi Storey Apartment
Spencer Road,Oct-Dec 2023,"9,473-15,908","12,690",4%,,Bangalore,Residential - Multi Storey Apartment
Spencer Road,Jul-Sep 2023,"9,042-15,432","12,237",24%,,Bangalore,Residential - Multi Storey Apartment
Spencer Road,Apr-Jun 2023,"7,491-12,246","9,869",4%,,Bangalore,Residential - Multi Storey Apartment
Spencer Road,Jan-Mar 2023,"7,422-13,064","10,243",3.50%,,Bangalore,Residential - Multi Storey Apartment
Holiday Village Road,Jul-Sep 2024,"7,961-11,242","9,602",3%,,Bangalore,Residential - Multi Storey Apartment
Holiday Village Road,Apr-Jun 2024,"7,803-10,898","9,350",4%,,Bangalore,Residential - Multi Storey Apartment
Holiday Village Road,Jan-Mar 2024,"7,468-10,555","9,011",6%,,Bangalore,Residential - Multi Storey Apartment
Holiday Village Road,Oct-Dec 2023,"7,251-9,721","8,486",4.20%,,Bangalore,Residential - Multi Storey Apartment
Holiday Village Road,Jul-Sep 2023,"7,000-9,400","8,200",5%,,Bangalore,Residential - Multi Storey Apartment
Holiday Village Road,Apr-Jun 2023,"6,800-9,200","8,000",5%,,Bangalore,Residential - Multi Storey Apartment
Holiday Village Road,Jan-Mar 2023,"6,600-9,000","7,800",4%,,Bangalore,Residential - Multi Storey Apartment
Holiday Village Road,Oct-Dec 2022,"6,400-8,800","7,600",4%,,Bangalore,Residential - Multi Storey Apartment
Holiday Village Road,Jul-Sep 2022,"6,200-8,400","7,300",4%,,Bangalore,Residential - Multi Storey Apartment
Holiday Village Road,Apr-Jun 2022,"6,000-8,200","7,100",3%,,Bangalore,Residential - Multi Storey Apartment
Holiday Village Road,Jan-Mar 2022,"5,800-8,000","6,900",3%,,Bangalore,Residential - Multi Storey Apartment
Holiday Village Road,Oct-Dec 2021,"5,600-7,800","6,700",3%,,Bangalore,Residential - Multi Storey Apartment
Holiday Village Road,Jul-Sep 2021,"5,400-7,600","6,500",3%,,Bangalore,Residential - Multi Storey Apartment
Holiday Village Road,Apr-Jun 2021,"5,200-7,400","6,300",3%,,Bangalore,Residential - Multi Storey Apartment
Holiday Village Road,Jan-Mar 2021,"5,000-7,200","6,100",3%,,Bangalore,Residential - Multi Storey Apartment
Holiday Village Road,Oct-Dec 2020,"4,800-7,000","5,900",3%,,Bangalore,Residential - Multi Storey Apartment
Holiday Village Road,Jul-Sep 2020,"4,600-6,800","5,700",3%,,Bangalore,Residential - Multi Storey Apartment
Holiday Village Road,Apr-Jun 2020,"4,400-6,600","5,500",3%,,Bangalore,Residential - Multi Storey Apartment
Holiday Village Road,Jan-Mar 2020,"4,200-6,400","5,300",3%,,Bangalore,Residential - Multi Storey Apartment
Holiday Village Road,Oct-Dec 2019,"4,000-6,200","5,100",3%,,Bangalore,Residential - Multi Storey Apartment
Holiday Village Road,Jul-Sep 2019,"3,800-6,000","4,900",3%,,Bangalore,Residential - Multi Storey Apartment
Holiday Village Road,Apr-Jun 2019,"3,600-5,800","4,700",3%,,Bangalore,Residential - Multi Storey Apartment
Holiday Village Road,Jan-Mar 2019,"3,400-5,600","4,500",3%,,Bangalore,Residential - Multi Storey Apartment
Holiday Village Road,Oct-Dec 2018,"3,200-5,400","4,300",3%,,Bangalore,Residential - Multi Storey Apartment
Holiday Village Road,Jul-Sep 2018,"3,000-5,200","4,100",3%,,Bangalore,Residential - Multi Storey Apartment
Doddagubbi Main Road,Jul-Sep 2024,"4,167-6,696","5,431",20%,,Bangalore,Residential - Multi Storey Apartment
Doddagubbi Main Road,Apr-Jun 2024,"3,547-5,482","4,515",4%,,Bangalore,Residential - Multi Storey Apartment
Doddagubbi Main Road,Jan-Mar 2024,"3,210-5,054","4,132",2.80%,,Bangalore,Residential - Multi Storey Apartment
Doddagubbi Main Road,Oct-Dec 2023,"3,100-4,800","3,950",3%,,Bangalore,Residential - Multi Storey Apartment
Doddagubbi Main Road,Jul-Sep 2023,"3,020-4,600","3,810",3%,,Bangalore,Residential - Multi Storey Apartment
Doddagubbi Main Road,Apr-Jun 2023,"2,900-4,400","3,650",3%,,Bangalore,Residential - Multi Storey Apartment
Doddagubbi Main Road,Jan-Mar 2023,"2,850-4,300","3,575",3%,,Bangalore,Residential - Multi Storey Apartment
Doddagubbi Main Road,Oct-Dec 2022,"2,700-4,100","3,400",3%,,Bangalore,Residential - Multi Storey Apartment
Doddagubbi Main Road,Jul-Sep 2022,"2,600-4,000","3,300",3%,,Bangalore,Residential - Multi Storey Apartment
Doddagubbi Main Road,Apr-Jun 2022,"2,500-3,800","3,150",3%,,Bangalore,Residential - Multi Storey Apartment
Doddagubbi Main Road,Jan-Mar 2022,"2,400-3,700","3,050",3%,,Bangalore,Residential - Multi Storey Apartment
Doddagubbi Main Road,Oct-Dec 2021,"2,300-3,600","2,950",3%,,Bangalore,Residential - Multi Storey Apartment
Doddagubbi Main Road,Jul-Sep 2021,"2,200-3,500","2,850",3%,,Bangalore,Residential - Multi Storey Apartment
Doddagubbi Main Road,Apr-Jun 2021,"2,100-3,400","2,750",3%,,Bangalore,Residential - Multi Storey Apartment
Doddagubbi Main Road,Jan-Mar 2021,"2,000-3,300","2,650",3%,,Bangalore,Residential - Multi Storey Apartment
Doddagubbi Main Road,Oct-Dec 2020,"1,900-3,200","2,550",3%,,Bangalore,Residential - Multi Storey Apartment
Doddagubbi Main Road,Jul-Sep 2020,"1,800-3,100","2,450",3%,,Bangalore,Residential - Multi Storey Apartment
Doddagubbi Main Road,Apr-Jun 2020,"1,700-3,000","2,400",3%,,Bangalore,Residential - Multi Storey Apartment
Doddagubbi Main Road,Jan-Mar 2020,"1,600-2,900","2,350",3%,,Bangalore,Residential - Multi Storey Apartment
Doddagubbi Main Road,Oct-Dec 2019,"1,500-2,800","2,200",3%,,Bangalore,Residential - Multi Storey Apartment
Doddagubbi Main Road,Jul-Sep 2019,"1,400-2,700","2,100",3%,,Bangalore,Residential - Multi Storey Apartment
Doddagubbi Main Road,Apr-Jun 2019,"1,300-2,600","2,050",3%,,Bangalore,Residential - Multi Storey Apartment
Doddagubbi Main Road,Jan-Mar 2019,"1,200-2,500","1,950",3%,,Bangalore,Residential - Multi Storey Apartment
Doddagubbi Main Road,Oct-Dec 2018,"1,100-2,400","1,750",3%,,Bangalore,Residential - Multi Storey Apartment
Doddagubbi Main Road,Jul-Sep 2018,"1,000-2,300","1,650",3%,,Bangalore,Residential - Multi Storey Apartment
Hoodi,Jul-Sep 2024,"6,636-11,368","9,002",6%,,Bangalore,Residential - Multi Storey Apartment
Hoodi,Apr-Jun 2024,"6,395-10,648","8,521",3%,,Bangalore,Residential - Multi Storey Apartment
Hoodi,Jan-Mar 2024,"6,154-10,413","8,284",8%,,Bangalore,Residential - Multi Storey Apartment
Hoodi,Oct-Dec 2023,"5,512-9,768","7,640",3%,,Bangalore,Residential - Multi Storey Apartment
Hoodi,Jul-Sep 2023,"5,521-9,265","7,393",9%,,Bangalore,Residential - Multi Storey Apartment
Hoodi,Jan-Mar 2022,"4,437-7,354","5,895",1%,,Bangalore,Residential - Multi Storey Apartment
Hoodi,Oct-Dec 2021,"4,486-7,377","5,931",1%,,Bangalore,Residential - Multi Storey Apartment
Hoodi,Jul-Sep 2021,"4,373-7,640","6,006",5%,,Bangalore,Residential - Multi Storey Apartment
Hoodi,Apr-Jun 2021,"4,564-8,096","6,330",2%,,Bangalore,Residential - Multi Storey Apartment
Hoodi,Jan-Mar 2021,"4,765-8,178","6,472",3%,,Bangalore,Residential - Multi Storey Apartment
Hoodi,Oct-Dec 2020,"4,656-7,852","6,254",2%,,Bangalore,Residential - Multi Storey Apartment
Hoodi,Jul-Sep 2020,"4,542-7,724","6,133",5%,,Bangalore,Residential - Multi Storey Apartment
Hoodi,Apr-Jun 2020,"4,747-8,183","6,465",2%,,Bangalore,Residential - Multi Storey Apartment
Hoodi,Jan-Mar 2020,"4,648-8,034","6,341",3%,,Bangalore,Residential - Multi Storey Apartment
Hoodi,Oct-Dec 2019,"4,686-7,610","6,148",1%,,Bangalore,Residential - Multi Storey Apartment
Sadarmangala Main Road,Jul-Sep 2024,"5,609-9,640","7,625",5%,,Bangalore,Residential - Multi Storey Apartment
Sadarmangala Main Road,Apr-Jun 2024,"5,294-9,258","7,276",1%,,Bangalore,Residential - Multi Storey Apartment
Sadarmangala Main Road,Jan-Mar 2024,"5,263-9,141","7,202",3%,,Bangalore,Residential - Multi Storey Apartment
Doddaballapura Main Road,Jul-Sep 2024,"5,773-9,691","7,732",6%,,Bangalore,Residential - Multi Storey Apartment
Doddaballapura Main Road,Apr-Jun 2024,"5,551-9,043","7,297",3%,,Bangalore,Residential - Multi Storey Apartment
Doddaballapura Main Road,Jan-Mar 2024,"5,435-8,731","7,083",3%,,Bangalore,Residential - Multi Storey Apartment
Doddaballapura Main Road,Oct-Dec 2023,"5,307-8,426","6,866",4.30%,,Bangalore,Residential - Multi Storey Apartment
Hoodi Main Road,Jul-Sep 2024,"5,874-10,626","8,250",6%,,Bangalore,Residential - Multi Storey Apartment
Hoodi Main Road,Apr-Jun 2024,"5,573-9,921","7,747",7%,,Bangalore,Residential - Multi Storey Apartment
Hoodi Main Road,Jan-Mar 2024,"5,251-9,252","7,251",11%,,Bangalore,Residential - Multi Storey Apartment
Hoodi Main Road,Oct-Dec 2023,"4,670-8,438","6,554",2.10%,,Bangalore,Residential - Multi Storey Apartment
Hoodi Main Road,Jul-Sep 2023,"4,625-8,400","6,900",2%,,Bangalore,Residential - Multi Storey Apartment
Hoodi Main Road,Apr-Jun 2023,"4,600-8,375","6,200",2%,,Bangalore,Residential - Multi Storey Apartment
Hoodi Main Road,Jan-Mar 2023,"4,590-8,360","6,850",2.20%,,Bangalore,Residential - Multi Storey Apartment
Hoodi Main Road,Oct-Dec 2022,"4,555-8,320","5,850",1.80%,,Bangalore,Residential - Multi Storey Apartment
Hoodi Main Road,Jul-Sep 2022,"4,520-8,290","6,100",1.70%,,Bangalore,Residential - Multi Storey Apartment
Hoodi Main Road,Apr-Jun 2022,"4,480-8,260","6,500",1.50%,,Bangalore,Residential - Multi Storey Apartment
Hoodi Main Road,Jan-Mar 2022,"4,460-8,240","6,850",1.60%,,Bangalore,Residential - Multi Storey Apartment
Hoodi Main Road,Oct-Dec 2021,"4,410-8,210","6,250",1.30%,,Bangalore,Residential - Multi Storey Apartment
Hoodi Main Road,Jul-Sep 2021,"4,370-8,180","6,700",1.40%,,Bangalore,Residential - Multi Storey Apartment
Hoodi Main Road,Apr-Jun 2021,"4,340-8,150","6,300",1.50%,,Bangalore,Residential - Multi Storey Apartment
Hoodi Main Road,Jan-Mar 2021,"4,320-8,120","6,000",1.20%,,Bangalore,Residential - Multi Storey Apartment
Hoodi Main Road,Oct-Dec 2020,"4,300-8,090","6,300",1.10%,,Bangalore,Residential - Multi Storey Apartment
Hoodi Main Road,Jul-Sep 2020,"4,270-8,060","5,250",1.30%,,Bangalore,Residential - Multi Storey Apartment
Hoodi Main Road,Apr-Jun 2020,"4,250-8,030","6,450",1.20%,,Bangalore,Residential - Multi Storey Apartment
Hoodi Main Road,Jan-Mar 2020,"4,230-8,000","5,900",1%,,Bangalore,Residential - Multi Storey Apartment
Hoodi Main Road,Oct-Dec 2019,"4,180-7,950","5,450",0.80%,,Bangalore,Residential - Multi Storey Apartment
Hoodi Main Road,Jul-Sep 2019,"4,150-7,920","5,850",0.90%,,Bangalore,Residential - Multi Storey Apartment
Hoodi Main Road,Apr-Jun 2019,"4,120-7,890","5,700",1%,,Bangalore,Residential - Multi Storey Apartment
Hoodi Main Road,Jan-Mar 2019,"4,100-7,860","5,650",0.70%,,Bangalore,Residential - Multi Storey Apartment
Hoodi Main Road,Oct-Dec 2018,"4,050-7,830","6,150",2%,,Bangalore,Residential - Multi Storey Apartment
Hoodi Main Road,Jul-Sep 2018,"4,020-7,800","7,250",5%,,Bangalore,Residential - Multi Storey Apartment
Doddaballapur Main Road,Jul-Sep 2024,"5,817-10,007","7,912",6%,,Bangalore,Residential - Multi Storey Apartment
Doddaballapur Main Road,Apr-Jun 2024,"5,559-9,330","7,445",4%,,Bangalore,Residential - Multi Storey Apartment
Doddaballapur Main Road,Jan-Mar 2024,"5,462-8,914","7,188",4%,,Bangalore,Residential - Multi Storey Apartment
Doddaballapur Main Road,Oct-Dec 2023,"5,313-8,500","6,907",2%,,Bangalore,Residential - Multi Storey Apartment
Doddaballapur Main Road,Jul-Sep 2023,"5,105-8,418","6,761",3%,,Bangalore,Residential - Multi Storey Apartment
Doddaballapur Main Road,Apr-Jun 2023,"4,964-8,133","6,549",2.40%,,Bangalore,Residential - Multi Storey Apartment
Doddaballapur Main Road,Jan-Mar 2023,"4,813-7,941","6,377",2.10%,,Bangalore,Residential - Multi Storey Apartment
Doddaballapur Main Road,Oct-Dec 2022,"3,710-6,535","5,122",1.90%,,Bangalore,Residential - Multi Storey Apartment
Doddaballapur Main Road,Jul-Sep 2022,"4,020-6,700","5,360",2%,,Bangalore,Residential - Multi Storey Apartment
Doddaballapur Main Road,Apr-Jun 2022,"4,291-6,617","5,454",2%,,Bangalore,Residential - Multi Storey Apartment
Doddaballapur Main Road,Jan-Mar 2022,"4,123-6,600","5,361",1%,,Bangalore,Residential - Multi Storey Apartment
Doddaballapur Main Road,Oct-Dec 2021,"4,296-6,492","5,394",0.30%,,Bangalore,Residential - Multi Storey Apartment
Doddaballapur Main Road,Jul-Sep 2021,"4,287-6,469","5,378",2%,,Bangalore,Residential - Multi Storey Apartment
Doddaballapur Main Road,Apr-Jun 2021,"4,236-6,339","5,288",1%,,Bangalore,Residential - Multi Storey Apartment
Doddaballapur Main Road,Jan-Mar 2021,"4,300-6,344","5,322",1%,,Bangalore,Residential - Multi Storey Apartment
Doddaballapur Main Road,Oct-Dec 2020,"4,258-6,286","5,272",2%,,Bangalore,Residential - Multi Storey Apartment
Doddaballapur Main Road,Jul-Sep 2020,"4,064-6,258","5,161",1%,,Bangalore,Residential - Multi Storey Apartment
Doddaballapur Main Road,Apr-Jun 2020,"4,092-6,128","5,110",1%,,Bangalore,Residential - Multi Storey Apartment
Doddaballapur Main Road,Jan-Mar 2020,"4,150-6,141","5,145",0.40%,,Bangalore,Residential - Multi Storey Apartment
Doddaballapur Main Road,Oct-Dec 2019,"4,250-6,002","5,126",1%,,Bangalore,Residential - Multi Storey Apartment
Doddaballapur Main Road,Jul-Sep 2019,"4,280-6,104","5,192",2%,,Bangalore,Residential - Multi Storey Apartment
Doddaballapur Main Road,Apr-Jun 2019,"4,091-6,060","5,076",3%,,Bangalore,Residential - Multi Storey Apartment
Doddaballapur Main Road,Jan-Mar 2019,"3,869-5,991","4,930",3%,,Bangalore,Residential - Multi Storey Apartment
Doddaballapur Main Road,Oct-Dec 2018,"3,864-6,005","4,934",1%,,Bangalore,Residential - Multi Storey Apartment
Doddaballapur Main Road,Jul-Sep 2018,"3,912-6,030","4,971",1.80%,,Bangalore,Residential - Multi Storey Apartment
Stage 3rd Banashankari,Jul-Sep 2024,"5,787-11,083","8,435",10%,,Bangalore,Residential - Multi Storey Apartment
Stage 3rd Banashankari,Apr-Jun 2024,"5,518-9,861","7,690",1%,,Bangalore,Residential - Multi Storey Apartment
Stage 3rd Banashankari,Jan-Mar 2024,"5,550-9,948","7,749",2%,,Bangalore,Residential - Multi Storey Apartment
Stage 3rd Banashankari,Oct-Dec 2023,"5,573-10,179","7,876",8%,,Bangalore,Residential - Multi Storey Apartment
Stage 3rd Banashankari,Jul-Sep 2023,"5,235-9,404","7,319",16%,,Bangalore,Residential - Multi Storey Apartment
Stage 3rd Banashankari,Apr-Jun 2023,"4,510-8,152","6,331",7%,,Bangalore,Residential - Multi Storey Apartment
Stage 3rd Banashankari,Jan-Mar 2023,"4,932-8,691","6,811",14%,,Bangalore,Residential - Multi Storey Apartment
Stage 3rd Banashankari,Oct-Dec 2022,"4,613-7,288","5,951",2%,,Bangalore,Residential - Multi Storey Apartment
Stage 3rd Banashankari,Jul-Sep 2022,"4,741-7,403","6,072",2%,,Bangalore,Residential - Multi Storey Apartment
Stage 3rd Banashankari,Apr-Jun 2022,"4,601-7,321","5,961",1%,,Bangalore,Residential - Multi Storey Apartment
Stage 3rd Banashankari,Jan-Mar 2022,"4,482-7,278","5,880",1%,,Bangalore,Residential - Multi Storey Apartment
Stage 3rd Banashankari,Oct-Dec 2021,"4,593-7,313","5,953",3%,,Bangalore,Residential - Multi Storey Apartment
Stage 3rd Banashankari,Jul-Sep 2021,"4,427-7,107","5,767",0.10%,,Bangalore,Residential - Multi Storey Apartment
Stage 3rd Banashankari,Apr-Jun 2021,"4,383-7,137","5,760",1%,,Bangalore,Residential - Multi Storey Apartment
Stage 3rd Banashankari,Jan-Mar 2021,"4,454-6,916","5,685",2%,,Bangalore,Residential - Multi Storey Apartment
Stage 3rd Banashankari,Oct-Dec 2020,"4,530-7,122","5,826",5%,,Bangalore,Residential - Multi Storey Apartment
Stage 3rd Banashankari,Jul-Sep 2020,"4,350-6,766","5,558",3%,,Bangalore,Residential - Multi Storey Apartment
Stage 3rd Banashankari,Apr-Jun 2020,"4,407-7,062","5,734",3%,,Bangalore,Residential - Multi Storey Apartment
Stage 3rd Banashankari,Jan-Mar 2020,"4,398-7,452","5,925",7%,,Bangalore,Residential - Multi Storey Apartment
Stage 3rd Banashankari,Oct-Dec 2019,"4,199-6,862","5,530",16%,,Bangalore,Residential - Multi Storey Apartment
Stage 3rd Banashankari,Jul-Sep 2019,"4,680-8,471","6,576",7%,,Bangalore,Residential - Multi Storey Apartment
Stage 3rd Banashankari,Apr-Jun 2019,"4,583-7,709","6,146",2%,,Bangalore,Residential - Multi Storey Apartment
Stage 3rd Banashankari,Jan-Mar 2019,"4,599-7,989","6,294",0.30%,,Bangalore,Residential - Multi Storey Apartment
Stage 3rd Banashankari,Oct-Dec 2018,"4,499-8,053","6,276",3%,,Bangalore,Residential - Multi Storey Apartment
Stage 3rd Banashankari,Jul-Sep 2018,"4,592-8,309","6,451",2%,,Bangalore,Residential - Multi Storey Apartment
Horamavu,Jul-Sep 2024,"4,397-6,931","5,664",1%,,Bangalore,Residential - Multi Storey Apartment
Horamavu,Apr-Jun 2024,"4,442-7,028","5,735",4%,,Bangalore,Residential - Multi Storey Apartment
Horamavu,Jan-Mar 2024,"4,291-6,774","5,532",3%,,Bangalore,Residential - Multi Storey Apartment
Horamavu,Oct-Dec 2023,"4,227-6,535","5,381",2%,,Bangalore,Residential - Multi Storey Apartment
Horamavu,Jul-Sep 2023,"4,189-6,316","5,253",1%,,Bangalore,Residential - Multi Storey Apartment
Horamavu,Apr-Jun 2023,"4,227-6,180","5,203",1%,,Bangalore,Residential - Multi Storey Apartment
Horamavu,Jan-Mar 2023,"4,174-6,129","5,152",2%,,Bangalore,Residential - Multi Storey Apartment
Horamavu,Oct-Dec 2022,"4,060-6,055","5,057",3%,,Bangalore,Residential - Multi Storey Apartment
Horamavu,Jul-Sep 2022,"3,930-5,918","4,924",0.20%,,Bangalore,Residential - Multi Storey Apartment
Horamavu,Apr-Jun 2022,"3,954-5,876","4,915",0.20%,,Bangalore,Residential - Multi Storey Apartment
Horamavu,Jan-Mar 2022,"3,924-5,924","4,924",2%,,Bangalore,Residential - Multi Storey Apartment
Horamavu,Oct-Dec 2021,"3,846-5,772","4,809",3.20%,,Bangalore,Residential - Multi Storey Apartment
Horamavu,Jul-Sep 2021,"3,893-5,773","4,833",2.50%,,Bangalore,Residential - Multi Storey Apartment
Horamavu,Apr-Jun 2021,"3,853-5,765","4,809",2%,,Bangalore,Residential - Multi Storey Apartment
Horamavu,Jan-Mar 2021,"3,766-5,681","4,724",3%,,Bangalore,Residential - Multi Storey Apartment
Horamavu,Oct-Dec 2020,"3,722-6,009","4,865",2%,,Bangalore,Residential - Multi Storey Apartment
Horamavu,Jul-Sep 2020,"3,730-6,161","4,945",4%,,Bangalore,Residential - Multi Storey Apartment
Horamavu,Apr-Jun 2020,"3,569-5,920","4,745",0.40%,,Bangalore,Residential - Multi Storey Apartment
Horamavu,Jan-Mar 2020,"3,571-5,956","4,764",10%,,Bangalore,Residential - Multi Storey Apartment
Horamavu,Oct-Dec 2019,"3,897-6,713","5,305",5%,,Bangalore,Residential - Multi Storey Apartment
Horamavu,Jul-Sep 2019,"3,642-6,453","5,048",6%,,Bangalore,Residential - Multi Storey Apartment
Horamavu,Apr-Jun 2019,"3,534-5,967","4,750",4%,,Bangalore,Residential - Multi Storey Apartment
Horamavu,Jan-Mar 2019,"3,531-5,592","4,562",2%,,Bangalore,Residential - Multi Storey Apartment
Horamavu,Oct-Dec 2018,"3,550-5,803","4,677",0.40%,,Bangalore,Residential - Multi Storey Apartment
Horamavu,Jul-Sep 2018,"3,511-5,808","4,660",2%,,Bangalore,Residential - Multi Storey Apartment
RT Nagar,Jul-Sep 2024,"4,797-8,195","6,496",8%,,Bangalore,Residential - Multi Storey Apartment
RT Nagar,Apr-Jun 2024,"4,777-9,368","7,072",10%,,Bangalore,Residential - Multi Storey Apartment
RT Nagar,Jan-Mar 2024,"4,700-8,201","6,450",3%,,Bangalore,Residential - Multi Storey Apartment
RT Nagar,Oct-Dec 2023,"4,720-7,822","6,271",1%,,Bangalore,Residential - Multi Storey Apartment
RT Nagar,Jul-Sep 2023,"4,865-7,795","6,330",2%,,Bangalore,Residential - Multi Storey Apartment
RT Nagar,Apr-Jun 2023,"4,906-7,510","6,208",1%,,Bangalore,Residential - Multi Storey Apartment
RT Nagar,Jan-Mar 2023,"4,706-7,561","6,133",1%,,Bangalore,Residential - Multi Storey Apartment
RT Nagar,Oct-Dec 2022,"4,708-7,385","6,047",0.30%,,Bangalore,Residential - Multi Storey Apartment
RT Nagar,Jul-Sep 2022,"4,564-7,491","6,028",4%,,Bangalore,Residential - Multi Storey Apartment
RT Nagar,Apr-Jun 2022,"4,779-7,796","6,288",3%,,Bangalore,Residential - Multi Storey Apartment
RT Nagar,Jan-Mar 2022,"4,728-7,516","6,122",3%,,Bangalore,Residential - Multi Storey Apartment
RT Nagar,Oct-Dec 2021,"4,814-7,744","6,279",6%,,Bangalore,Residential - Multi Storey Apartment
RT Nagar,Jul-Sep 2021,"4,674-7,199","5,936",2%,,Bangalore,Residential - Multi Storey Apartment
RT Nagar,Apr-Jun 2021,"4,685-7,439","6,062",1%,,Bangalore,Residential - Multi Storey Apartment
RT Nagar,Jan-Mar 2021,"4,707-7,302","6,005",1%,,Bangalore,Residential - Multi Storey Apartment
RT Nagar,Oct-Dec 2020,"4,570-7,587","6,079",1%,,Bangalore,Residential - Multi Storey Apartment
RT Nagar,Jul-Sep 2020,"4,504-7,562","6,033",2%,,Bangalore,Residential - Multi Storey Apartment
RT Nagar,Apr-Jun 2020,"4,608-7,662","6,135",3%,,Bangalore,Residential - Multi Storey Apartment
RT Nagar,Jan-Mar 2020,"4,417-7,548","5,982",1%,,Bangalore,Residential - Multi Storey Apartment
RT Nagar,Oct-Dec 2019,"4,275-7,552","5,913",4%,,Bangalore,Residential - Multi Storey Apartment
RT Nagar,Jul-Sep 2019,"4,250-7,116","5,683",8%,,Bangalore,Residential - Multi Storey Apartment
RT Nagar,Apr-Jun 2019,"3,911-6,620","5,265",4%,,Bangalore,Residential - Multi Storey Apartment
RT Nagar,Jan-Mar 2019,"4,078-6,898","5,488",1%,,Bangalore,Residential - Multi Storey Apartment
RT Nagar,Oct-Dec 2018,"4,277-6,854","5,566",1%,,Bangalore,Residential - Multi Storey Apartment
RT Nagar,Jul-Sep 2018,"4,183-6,792","5,488",4%,,Bangalore,Residential - Multi Storey Apartment
Hormavu Agara,Jul-Sep 2024,"4,288-6,694","5,491",5%,,Bangalore,Residential - Multi Storey Apartment
Hormavu Agara,Apr-Jun 2024,"4,300-7,213","5,756",10%,,Bangalore,Residential - Multi Storey Apartment
Hormavu Agara,Jan-Mar 2024,"4,021-6,404","5,212",6%,,Bangalore,Residential - Multi Storey Apartment
Hormavu Agara,Oct-Dec 2023,"3,906-5,911","4,909",1%,,Bangalore,Residential - Multi Storey Apartment
Hormavu Agara,Jul-Sep 2023,"3,961-5,772","4,867",4%,,Bangalore,Residential - Multi Storey Apartment
Hormavu Agara,Jan-Mar 2022,"3,832-5,727","4,779",2%,,Bangalore,Residential - Multi Storey Apartment
Hormavu Agara,Oct-Dec 2021,"3,861-5,746","4,803",0.10%,,Bangalore,Residential - Multi Storey Apartment
Hormavu Agara,Jul-Sep 2021,"3,797-5,798","4,797",1%,,Bangalore,Residential - Multi Storey Apartment
Hormavu Agara,Apr-Jun 2021,"3,733-5,729","4,731",3%,,Bangalore,Residential - Multi Storey Apartment
Hormavu Agara,Jan-Mar 2021,"3,636-5,577","4,606",9%,,Bangalore,Residential - Multi Storey Apartment
Hormavu Agara,Oct-Dec 2020,"3,754-6,321","5,037",1%,,Bangalore,Residential - Multi Storey Apartment
Hormavu Agara,Jul-Sep 2020,"3,818-6,132","4,975",4%,,Bangalore,Residential - Multi Storey Apartment
Hormavu Agara,Apr-Jun 2020,"3,703-6,674","5,188",9%,,Bangalore,Residential - Multi Storey Apartment
Hormavu Agara,Jan-Mar 2020,"3,602-5,939","4,771",9%,,Bangalore,Residential - Multi Storey Apartment
Hormavu Agara,Oct-Dec 2019,"3,925-6,564","5,245",7%,,Bangalore,Residential - Multi Storey Apartment
Devasthanagalu,Jul-Sep 2024,"9,005-14,687","11,846",2.10%,,Bangalore,Residential - Multi Storey Apartment
Devasthanagalu,Apr-Jun 2024,"8,400-13,800","11,100",3.50%,,Bangalore,Residential - Multi Storey Apartment
Devasthanagalu,Jan-Mar 2024,"8,156-12,840","10,498",8%,,Bangalore,Residential - Multi Storey Apartment
Devasthanagalu,Oct-Dec 2023,"7,376-12,144","9,760",2.20%,,Bangalore,Residential - Multi Storey Apartment
Devasthanagalu,Oct-Dec 2019,"4,344-7,455","5,900",1%,,Bangalore,Residential - Multi Storey Apartment
Devasthanagalu,Jul-Sep 2019,"4,316-7,348","5,832",1%,,Bangalore,Residential - Multi Storey Apartment
Devasthanagalu,Apr-Jun 2019,"4,291-7,304","5,798",6%,,Bangalore,Residential - Multi Storey Apartment
Devasthanagalu,Jan-Mar 2019,"3,982-6,967","5,475",2.30%,,Bangalore,Residential - Multi Storey Apartment
Devasthanagalu,Oct-Dec 2018,"3,800-6,500","5,150",1%,,Bangalore,Residential - Multi Storey Apartment
Devasthanagalu,Jul-Sep 2018,"3,700-6,200","4,950",1.50%,,Bangalore,Residential - Multi Storey Apartment
Stage 2nd BTM Layout,Jul-Sep 2024,"8,756-13,137","10,947",7%,,Bangalore,Residential - Multi Storey Apartment
Stage 2nd BTM Layout,Apr-Jun 2024,"8,009-12,542","10,275",7%,,Bangalore,Residential - Multi Storey Apartment
Stage 2nd BTM Layout,Jan-Mar 2024,"7,062-12,180","9,621",3%,,Bangalore,Residential - Multi Storey Apartment
Stage 2nd BTM Layout,Oct-Dec 2023,"6,719-11,937","9,328",9%,,Bangalore,Residential - Multi Storey Apartment
Stage 2nd BTM Layout,Jul-Sep 2023,"8,193-12,338","10,266",2.10%,,Bangalore,Residential - Multi Storey Apartment
Stage 2nd BTM Layout,Apr-Jun 2023,"7,950-12,597","10,273",0.20%,,Bangalore,Residential - Multi Storey Apartment
Stage 2nd BTM Layout,Jan-Mar 2023,"7,943-12,647","10,295",64%,,Bangalore,Residential - Multi Storey Apartment
Stage 2nd BTM Layout,Oct-Dec 2022,"4,733-7,800","6,267",6%,,Bangalore,Residential - Multi Storey Apartment
Stage 2nd BTM Layout,Jul-Sep 2022,"4,681-7,196","5,939",1%,,Bangalore,Residential - Multi Storey Apartment
Stage 2nd BTM Layout,Apr-Jun 2022,"4,358-7,448","5,903",1%,,Bangalore,Residential - Multi Storey Apartment
Stage 2nd BTM Layout,Jan-Mar 2022,"4,528-7,107","5,818",8%,,Bangalore,Residential - Multi Storey Apartment
Stage 2nd BTM Layout,Oct-Dec 2021,"4,697-8,012","6,355",3%,,Bangalore,Residential - Multi Storey Apartment
Stage 2nd BTM Layout,Jul-Sep 2021,"4,468-7,919","6,194",1%,,Bangalore,Residential - Multi Storey Apartment
Stage 2nd BTM Layout,Apr-Jun 2021,"5,128-7,167","6,148",5%,,Bangalore,Residential - Multi Storey Apartment
Stage 2nd BTM Layout,Jan-Mar 2021,"4,685-7,018","5,851",4%,,Bangalore,Residential - Multi Storey Apartment
Stage 2nd BTM Layout,Oct-Dec 2020,"4,212-7,049","5,630",6%,,Bangalore,Residential - Multi Storey Apartment
Stage 2nd BTM Layout,Jul-Sep 2020,"4,391-7,652","6,021",2.50%,,Bangalore,Residential - Multi Storey Apartment
Stage 2nd BTM Layout,Apr-Jun 2020,"5,477-8,300","5,650",1.20%,,Bangalore,Residential - Multi Storey Apartment
Stage 2nd BTM Layout,Jan-Mar 2020,"4,307-6,884","5,595",7%,,Bangalore,Residential - Multi Storey Apartment
Stage 2nd BTM Layout,Oct-Dec 2019,"4,688-7,293","5,991",1.50%,,Bangalore,Residential - Multi Storey Apartment
Stage 2nd BTM Layout,Jul-Sep 2019,"5,300-8,000","8,250",3.20%,,Bangalore,Residential - Multi Storey Apartment
Stage 2nd BTM Layout,Apr-Jun 2019,"5,100-7,800","7,300",0.40%,,Bangalore,Residential - Multi Storey Apartment
Stage 2nd BTM Layout,Jan-Mar 2019,"5,000-7,650","6,900",0.80%,,Bangalore,Residential - Multi Storey Apartment
Stage 2nd BTM Layout,Oct-Dec 2018,"4,900-7,500","5,650",2.30%,,Bangalore,Residential - Multi Storey Apartment
Stage 2nd BTM Layout,Jul-Sep 2018,"4,800-7,400","5,650",1.70%,,Bangalore,Residential - Multi Storey Apartment
Horamavu Agara Main Road,Jul-Sep 2024,"4,374-6,868","5,621",1%,,Bangalore,Residential - Multi Storey Apartment
Horamavu Agara Main Road,Apr-Jun 2024,"4,439-6,964","5,701",4%,,Bangalore,Residential - Multi Storey Apartment
Horamavu Agara Main Road,Jan-Mar 2024,"4,300-6,675","5,488",2%,,Bangalore,Residential - Multi Storey Apartment
Horamavu Agara Main Road,Oct-Dec 2023,"4,271-6,538","5,405",2.70%,,Bangalore,Residential - Multi Storey Apartment
Horamavu Agara Main Road,Jul-Sep 2023,"4,188-6,400","5,100",2.10%,,Bangalore,Residential - Multi Storey Apartment
Horamavu Agara Main Road,Apr-Jun 2023,"4,124-6,306","5,450",1.50%,,Bangalore,Residential - Multi Storey Apartment
Horamavu Agara Main Road,Jan-Mar 2023,"4,089-6,230","5,300",1.20%,,Bangalore,Residential - Multi Storey Apartment
Horamavu Agara Main Road,Oct-Dec 2022,"4,030-6,135","5,250",1.40%,,Bangalore,Residential - Multi Storey Apartment
Horamavu Agara Main Road,Jul-Sep 2022,"3,990-6,080","5,000",1%,,Bangalore,Residential - Multi Storey Apartment
Horamavu Agara Main Road,Apr-Jun 2022,"3,950-6,015","4,800",1%,,Bangalore,Residential - Multi Storey Apartment
Horamavu Agara Main Road,Jan-Mar 2022,"3,920-5,970","4,500",0.70%,,Bangalore,Residential - Multi Storey Apartment
Horamavu Agara Main Road,Oct-Dec 2021,"3,870-5,920","4,400",1.30%,,Bangalore,Residential - Multi Storey Apartment
Horamavu Agara Main Road,Jul-Sep 2021,"3,840-5,890","4,650",0.80%,,Bangalore,Residential - Multi Storey Apartment
Horamavu Agara Main Road,Apr-Jun 2021,"3,800-5,860","4,800",1.40%,,Bangalore,Residential - Multi Storey Apartment
Horamavu Agara Main Road,Jan-Mar 2021,"3,760-5,830","4,450",1.50%,,Bangalore,Residential - Multi Storey Apartment
Horamavu Agara Main Road,Oct-Dec 2020,"3,720-5,800","4,750",0.60%,,Bangalore,Residential - Multi Storey Apartment
Horamavu Agara Main Road,Jul-Sep 2020,"3,690-5,750","4,600",0.80%,,Bangalore,Residential - Multi Storey Apartment
Horamavu Agara Main Road,Apr-Jun 2020,"3,660-5,710","4,700",0.80%,,Bangalore,Residential - Multi Storey Apartment
Horamavu Agara Main Road,Jan-Mar 2020,"3,630-5,680","4,550",1.20%,,Bangalore,Residential - Multi Storey Apartment
Horamavu Agara Main Road,Oct-Dec 2019,"3,600-5,650","4,550",0.30%,,Bangalore,Residential - Multi Storey Apartment
Devarachikkanahalli Road,Jul-Sep 2024,"5,835-9,903","7,869",2%,,Bangalore,Residential - Multi Storey Apartment
Devarachikkanahalli Road,Apr-Jun 2024,"5,512-9,989","7,750",16%,,Bangalore,Residential - Multi Storey Apartment
Devarachikkanahalli Road,Jan-Mar 2024,"4,652-8,740","6,696",2.10%,,Bangalore,Residential - Multi Storey Apartment
Devarachikkanahalli Road,Oct-Dec 2023,"5,553-8,757","5,500",1.80%,,Bangalore,Residential - Multi Storey Apartment
Devarachikkanahalli Road,Jul-Sep 2023,"5,451-8,600","5,050",1.50%,,Bangalore,Residential - Multi Storey Apartment
Devarachikkanahalli Road,Apr-Jun 2023,"5,370-8,470","5,970",1.60%,,Bangalore,Residential - Multi Storey Apartment
Devarachikkanahalli Road,Jan-Mar 2023,"5,284-8,337","5,300",2%,,Bangalore,Residential - Multi Storey Apartment
Devarachikkanahalli Road,Oct-Dec 2022,"5,185-8,175","5,400",1.50%,,Bangalore,Residential - Multi Storey Apartment
Devarachikkanahalli Road,Jul-Sep 2022,"5,102-8,038","4,900",1.40%,,Bangalore,Residential - Multi Storey Apartment
Devarachikkanahalli Road,Apr-Jun 2022,"5,030-7,924","4,850",1.10%,,Bangalore,Residential - Multi Storey Apartment
Devarachikkanahalli Road,Jan-Mar 2022,"4,950-7,797","4,500",2.30%,,Bangalore,Residential - Multi Storey Apartment
Devarachikkanahalli Road,Oct-Dec 2021,"4,851-7,646","4,400",2%,,Bangalore,Residential - Multi Storey Apartment
Devarachikkanahalli Road,Jan-Mar 2021,"4,760-7,500","3,700",1.50%,,Bangalore,Residential - Multi Storey Apartment
Devarachikkanahalli Road,Apr-Jun 2019,"3,960-6,210","4,600",3%,,Bangalore,Residential - Multi Storey Apartment
RR Nagar,Jul-Sep 2024,"5,565-9,484","7,524",2%,,Bangalore,Residential - Multi Storey Apartment
RR Nagar,Apr-Jun 2024,"5,486-9,248","7,367",5%,,Bangalore,Residential - Multi Storey Apartment
RR Nagar,Jan-Mar 2024,"5,230-8,770","7,000",3%,,Bangalore,Residential - Multi Storey Apartment
RR Nagar,Oct-Dec 2023,"5,132-8,451","6,792",6%,,Bangalore,Residential - Multi Storey Apartment
RR Nagar,Jul-Sep 2023,"4,805-8,023","6,414",5%,,Bangalore,Residential - Multi Storey Apartment
RR Nagar,Apr-Jun 2023,"4,715-7,488","6,102",4%,,Bangalore,Residential - Multi Storey Apartment
RR Nagar,Jan-Mar 2023,"4,560-7,158","5,859",4%,,Bangalore,Residential - Multi Storey Apartment
RR Nagar,Oct-Dec 2022,"4,370-6,856","5,613",1%,,Bangalore,Residential - Multi Storey Apartment
RR Nagar,Jul-Sep 2022,"4,455-6,910","5,682",0.20%,,Bangalore,Residential - Multi Storey Apartment
RR Nagar,Apr-Jun 2022,"4,469-6,877","5,673",4%,,Bangalore,Residential - Multi Storey Apartment
RR Nagar,Jan-Mar 2022,"4,323-6,625","5,474",1%,,Bangalore,Residential - Multi Storey Apartment
RR Nagar,Oct-Dec 2021,"4,369-6,657","5,513",2%,,Bangalore,Residential - Multi Storey Apartment
RR Nagar,Jul-Sep 2021,"4,313-6,515","5,414",2%,,Bangalore,Residential - Multi Storey Apartment
RR Nagar,Apr-Jun 2021,"4,386-6,619","5,502",,,Bangalore,Residential - Multi Storey Apartment
RR Nagar,Jan-Mar 2021,"4,406-6,599","5,502",1%,,Bangalore,Residential - Multi Storey Apartment
RR Nagar,Oct-Dec 2020,"4,400-6,669","5,534",1%,,Bangalore,Residential - Multi Storey Apartment
RR Nagar,Jul-Sep 2020,"4,341-6,823","5,582",3%,,Bangalore,Residential - Multi Storey Apartment
RR Nagar,Apr-Jun 2020,"4,188-6,632","5,410",2%,,Bangalore,Residential - Multi Storey Apartment
RR Nagar,Jan-Mar 2020,"4,315-6,759","5,537",1%,,Bangalore,Residential - Multi Storey Apartment
RR Nagar,Oct-Dec 2019,"4,214-6,918","5,566",5%,,Bangalore,Residential - Multi Storey Apartment
RR Nagar,Jul-Sep 2019,"4,018-6,619","5,318",6%,,Bangalore,Residential - Multi Storey Apartment
RR Nagar,Apr-Jun 2019,"3,868-6,139","5,004",4%,,Bangalore,Residential - Multi Storey Apartment
RR Nagar,Jan-Mar 2019,"3,793-5,832","4,813",2%,,Bangalore,Residential - Multi Storey Apartment
RR Nagar,Oct-Dec 2018,"3,739-5,718","4,729",1%,,Bangalore,Residential - Multi Storey Apartment
RR Nagar,Jul-Sep 2018,"3,689-5,821","4,755",2%,,Bangalore,Residential - Multi Storey Apartment
Horamavu Main Road,Jul-Sep 2024,"4,411-6,822","5,617",1%,,Bangalore,Residential - Multi Storey Apartment
Horamavu Main Road,Apr-Jun 2024,"4,460-6,909","5,684",4%,,Bangalore,Residential - Multi Storey Apartment
Horamavu Main Road,Jan-Mar 2024,"4,293-6,651","5,472",2.50%,,Bangalore,Residential - Multi Storey Apartment
Horamavu Main Road,Oct-Dec 2023,"4,145-6,428","5,287",2%,,Bangalore,Residential - Multi Storey Apartment
Horamavu Main Road,Jul-Sep 2023,"4,062-6,291","5,176",3%,,Bangalore,Residential - Multi Storey Apartment
Horamavu Main Road,Apr-Jun 2023,"3,950-6,152","5,051",2%,,Bangalore,Residential - Multi Storey Apartment
Horamavu Main Road,Jan-Mar 2023,"3,912-6,089","5,013",2%,,Bangalore,Residential - Multi Storey Apartment
Horamavu Main Road,Oct-Dec 2022,"3,841-5,981","4,911",2%,,Bangalore,Residential - Multi Storey Apartment
Horamavu Main Road,Jul-Sep 2022,"3,746-5,838","4,792",2%,,Bangalore,Residential - Multi Storey Apartment
Horamavu Main Road,Apr-Jun 2022,"3,690-5,760","4,725",2%,,Bangalore,Residential - Multi Storey Apartment
Horamavu Main Road,Jan-Mar 2022,"3,615-5,642","4,629",2%,,Bangalore,Residential - Multi Storey Apartment
Horamavu Main Road,Oct-Dec 2021,"3,541-5,510","4,526",2%,,Bangalore,Residential - Multi Storey Apartment
Horamavu Main Road,Jul-Sep 2021,"3,450-5,378","4,414",2%,,Bangalore,Residential - Multi Storey Apartment
Horamavu Main Road,Apr-Jun 2021,"3,389-5,283","4,336",2%,,Bangalore,Residential - Multi Storey Apartment
Horamavu Main Road,Jan-Mar 2021,"3,340-5,210","4,275",2%,,Bangalore,Residential - Multi Storey Apartment
Horamavu Main Road,Oct-Dec 2020,"3,298-5,112","4,205",2%,,Bangalore,Residential - Multi Storey Apartment
Horamavu Main Road,Jul-Sep 2020,"3,250-5,000","4,125",1%,,Bangalore,Residential - Multi Storey Apartment
Horamavu Main Road,Apr-Jun 2020,"3,205-4,918","4,062",1%,,Bangalore,Residential - Multi Storey Apartment
Horamavu Main Road,Jan-Mar 2020,"3,150-4,812","3,981",1%,,Bangalore,Residential - Multi Storey Apartment
Horamavu Main Road,Oct-Dec 2019,"3,102-4,705","3,904",1%,,Bangalore,Residential - Multi Storey Apartment
Horamavu Main Road,Jul-Sep 2019,"3,062-4,611","3,836",1%,,Bangalore,Residential - Multi Storey Apartment
Horamavu Main Road,Apr-Jun 2019,"3,020-4,512","3,766",1%,,Bangalore,Residential - Multi Storey Apartment
Horamavu Main Road,Jan-Mar 2019,"2,980-4,415","3,697",1%,,Bangalore,Residential - Multi Storey Apartment
Horamavu Main Road,Oct-Dec 2018,"2,930-4,312","3,621",1%,,Bangalore,Residential - Multi Storey Apartment
Horamavu Main Road,Jul-Sep 2018,"2,880-4,200","3,540",1%,,Bangalore,Residential - Multi Storey Apartment
Devanahalli,Jul-Sep 2024,"6,236-9,610","7,923",9%,,Bangalore,Residential - Multi Storey Apartment
Devanahalli,Apr-Jun 2024,"5,854-8,745","7,299",4%,,Bangalore,Residential - Multi Storey Apartment
Devanahalli,Jan-Mar 2024,"5,655-8,402","7,029",3%,,Bangalore,Residential - Multi Storey Apartment
Devanahalli,Oct-Dec 2023,"5,449-8,243","6,846",4%,,Bangalore,Residential - Multi Storey Apartment
Devanahalli,Jul-Sep 2023,"5,202-8,000","6,601",9%,,Bangalore,Residential - Multi Storey Apartment
Devanahalli,Apr-Jun 2023,"4,882-7,273","6,078",6%,,Bangalore,Residential - Multi Storey Apartment
Devanahalli,Jan-Mar 2023,"4,566-6,888","5,727",2%,,Bangalore,Residential - Multi Storey Apartment
Devanahalli,Oct-Dec 2022,"4,619-6,578","5,598",2%,,Bangalore,Residential - Multi Storey Apartment
Devanahalli,Jul-Sep 2022,"4,512-6,445","5,479",2%,,Bangalore,Residential - Multi Storey Apartment
Devanahalli,Apr-Jun 2022,"4,415-6,319","5,367",2%,,Bangalore,Residential - Multi Storey Apartment
Devanahalli,Jan-Mar 2022,"4,217-6,305","5,261",4%,,Bangalore,Residential - Multi Storey Apartment
Devanahalli,Oct-Dec 2021,"4,115-6,045","5,080",2%,,Bangalore,Residential - Multi Storey Apartment
Devanahalli,Jul-Sep 2021,"4,176-6,197","5,186",3%,,Bangalore,Residential - Multi Storey Apartment
Devanahalli,Apr-Jun 2021,"4,374-6,337","5,355",2%,,Bangalore,Residential - Multi Storey Apartment
Devanahalli,Jan-Mar 2021,"4,240-6,286","5,263",0.10%,,Bangalore,Residential - Multi Storey Apartment
Devanahalli,Oct-Dec 2020,"4,155-6,360","5,257",1.80%,,Bangalore,Residential - Multi Storey Apartment
Devanahalli,Jul-Sep 2020,"4,153-6,369","5,261",2%,,Bangalore,Residential - Multi Storey Apartment
Devanahalli,Apr-Jun 2020,"4,159-6,139","5,149",2%,,Bangalore,Residential - Multi Storey Apartment
Devanahalli,Jan-Mar 2020,"4,211-6,281","5,246",2%,,Bangalore,Residential - Multi Storey Apartment
Devanahalli,Oct-Dec 2019,"4,225-6,062","5,144",0.30%,,Bangalore,Residential - Multi Storey Apartment
Devanahalli,Jul-Sep 2019,"4,168-6,093","5,131",0.30%,,Bangalore,Residential - Multi Storey Apartment
Devanahalli,Apr-Jun 2019,"4,176-6,121","5,148",3%,,Bangalore,Residential - Multi Storey Apartment
Devanahalli,Jan-Mar 2019,"4,225-6,345","5,285",5%,,Bangalore,Residential - Multi Storey Apartment
Devanahalli,Oct-Dec 2018,"4,122-5,968","5,045",1%,,Bangalore,Residential - Multi Storey Apartment
Devanahalli,Jul-Sep 2018,"4,147-5,995","5,071",1%,,Bangalore,Residential - Multi Storey Apartment
Bhattarahalli,Jul-Sep 2024,"6,183-10,478","8,330",13%,,Bangalore,Residential - Multi Storey Apartment
Bhattarahalli,Apr-Jun 2024,"5,553-9,227","7,390",2%,,Bangalore,Residential - Multi Storey Apartment
Bhattarahalli,Jan-Mar 2024,"5,710-8,722","7,216",8%,,Bangalore,Residential - Multi Storey Apartment
Bhattarahalli,Oct-Dec 2023,"5,128-8,292","6,710",1%,,Bangalore,Residential - Multi Storey Apartment
Bhattarahalli,Jul-Sep 2023,"5,435-7,816","6,626",3%,,Bangalore,Residential - Multi Storey Apartment
Bhattarahalli,Apr-Jun 2023,"5,254-7,625","6,439",0.2,,Bangalore,Residential - Multi Storey Apartment
Bhattarahalli,Jan-Mar 2023,"5,243-7,656","6,450",2%,,Bangalore,Residential - Multi Storey Apartment
Bhattarahalli,Oct-Dec 2022,"5,109-7,484","6,296",11%,,Bangalore,Residential - Multi Storey Apartment
Bhattarahalli,Jul-Sep 2022,"4,752-6,580","5,666",2%,,Bangalore,Residential - Multi Storey Apartment
Bhattarahalli,Apr-Jun 2022,"4,875-6,655","5,765",3%,,Bangalore,Residential - Multi Storey Apartment
Bhattarahalli,Jan-Mar 2022,"4,805-6,344","5,575",1%,,Bangalore,Residential - Multi Storey Apartment
Bhattarahalli,Oct-Dec 2021,"4,661-6,395","5,528",2%,,Bangalore,Residential - Multi Storey Apartment
Bhattarahalli,Jul-Sep 2021,"4,640-6,234","5,437",1%,,Bangalore,Residential - Multi Storey Apartment
Bhattarahalli,Apr-Jun 2021,"4,616-6,390","5,503",1%,,Bangalore,Residential - Multi Storey Apartment
Bhattarahalli,Jan-Mar 2021,"4,826-6,331","5,578",3%,,Bangalore,Residential - Multi Storey Apartment
Bhattarahalli,Oct-Dec 2020,"4,370-6,460","5,415",1.50%,,Bangalore,Residential - Multi Storey Apartment
Bommasandra Jigani Link Road,Jul-Sep 2024,"4,319-7,716","6,017",6%,,Bangalore,Residential - Multi Storey Apartment
Bommasandra Jigani Link Road,Apr-Jun 2024,"4,043-7,282","5,662",4%,,Bangalore,Residential - Multi Storey Apartment
Bommasandra Jigani Link Road,Jan-Mar 2024,"3,942-6,995","5,469",6%,,Bangalore,Residential - Multi Storey Apartment
Bommasandra Jigani Link Road,Oct-Dec 2023,"3,680-6,682","5,181",3%,,Bangalore,Residential - Multi Storey Apartment
Bommasandra Jigani Link Road,Jul-Sep 2023,"3,580-6,446","5,013",6%,,Bangalore,Residential - Multi Storey Apartment
Bommasandra Jigani Link Road,Apr-Jun 2023,"3,349-6,112","4,731",3%,,Bangalore,Residential - Multi Storey Apartment
Bommasandra Jigani Link Road,Jan-Mar 2023,"3,345-5,854","4,600",13%,,Bangalore,Residential - Multi Storey Apartment
Bommasandra Jigani Link Road,Oct-Dec 2022,"4,381-6,210","5,295",3%,,Bangalore,Residential - Multi Storey Apartment
Bommasandra Jigani Link Road,Jul-Sep 2022,"4,342-5,914","5,128",1%,,Bangalore,Residential - Multi Storey Apartment
Bommasandra Jigani Link Road,Apr-Jun 2022,"4,239-5,881","5,060",1.30%,,Bangalore,Residential - Multi Storey Apartment
Varthur Road,Jul-Sep 2024,"9,167-15,344","12,256",5%,,Bangalore,Residential - Multi Storey Apartment
Varthur Road,Apr-Jun 2024,"8,630-14,746","11,688",6%,,Bangalore,Residential - Multi Storey Apartment
Varthur Road,Jan-Mar 2024,"8,085-13,973","11,029",8%,,Bangalore,Residential - Multi Storey Apartment
Varthur Road,Oct-Dec 2023,"7,526-12,943","10,235",2.50%,,Bangalore,Residential - Multi Storey Apartment
Varthur Road,Jul-Sep 2024,"9,167-15,344","12,256",5%,,Bangalore,Residential - Multi Storey Apartment
Varthur Road,Apr-Jun 2024,"8,630-14,746","11,688",6%,,Bangalore,Residential - Multi Storey Apartment
Varthur Road,Jan-Mar 2024,"8,085-13,973","11,029",8%,,Bangalore,Residential - Multi Storey Apartment
Varthur Road,Oct-Dec 2023,"7,526-12,943","10,235",3%,,Bangalore,Residential - Multi Storey Apartment
Varthur Road,Jul-Sep 2023,"7,045-12,186","9,616",4%,,Bangalore,Residential - Multi Storey Apartment
Varthur Road,Apr-Jun 2023,"6,835-11,835","9,335",3%,,Bangalore,Residential - Multi Storey Apartment
Varthur Road,Jan-Mar 2023,"6,582-11,367","8,975",5%,,Bangalore,Residential - Multi Storey Apartment
Varthur Road,Oct-Dec 2022,"6,302-10,875","8,634",4%,,Bangalore,Residential - Multi Storey Apartment
Varthur Road,Jul-Sep 2022,"6,123-10,528","8,326",3%,,Bangalore,Residential - Multi Storey Apartment
Varthur Road,Apr-Jun 2022,"5,962-10,173","8,068",3%,,Bangalore,Residential - Multi Storey Apartment
Varthur Road,Jan-Mar 2022,"5,745-9,812","7,779",2%,,Bangalore,Residential - Multi Storey Apartment
Varthur Road,Oct-Dec 2021,"5,601-9,452","7,527",2%,,Bangalore,Residential - Multi Storey Apartment
Varthur Road,Jul-Sep 2021,"5,432-9,085","7,259",2%,,Bangalore,Residential - Multi Storey Apartment
Varthur Road,Apr-Jun 2021,"5,312-8,752","7,032",2%,,Bangalore,Residential - Multi Storey Apartment
Varthur Road,Jan-Mar 2021,"5,201-8,473","6,837",1%,,Bangalore,Residential - Multi Storey Apartment
Varthur Road,Oct-Dec 2020,"5,042-8,168","6,605",1%,,Bangalore,Residential - Multi Storey Apartment
Varthur Road,Jul-Sep 2020,"4,932-7,915","6,424",1%,,Bangalore,Residential - Multi Storey Apartment
Varthur Road,Apr-Jun 2020,"4,825-7,635","6,230",1%,,Bangalore,Residential - Multi Storey Apartment
Varthur Road,Jan-Mar 2020,"4,712-7,342","6,027",1%,,Bangalore,Residential - Multi Storey Apartment
Varthur Road,Oct-Dec 2019,"4,623-7,105","5,864",1%,,Bangalore,Residential - Multi Storey Apartment
Varthur Road,Jul-Sep 2019,"4,523-6,918","5,721",1%,,Bangalore,Residential - Multi Storey Apartment
Varthur Road,Apr-Jun 2019,"4,425-6,735","5,580",1%,,Bangalore,Residential - Multi Storey Apartment
Varthur Road,Jan-Mar 2019,"4,325-6,562","5,444",1%,,Bangalore,Residential - Multi Storey Apartment
Varthur Road,Oct-Dec 2018,"4,223-6,389","5,306",1%,,Bangalore,Residential - Multi Storey Apartment
Varthur Road,Jul-Sep 2018,"4,125-6,208","5,167",0%,,Bangalore,Residential - Multi Storey Apartment
NRI Layout Main Road,Jul-Sep 2024,"4,827-8,563","6,695",2%,,Bangalore,Residential - Multi Storey Apartment
NRI Layout Main Road,Apr-Jun 2024,"4,820-6,705","5,763",3%,,Bangalore,Residential - Multi Storey Apartment
NRI Layout Main Road,Jan-Mar 2024,"4,571-7,876","6,224",1%,,Bangalore,Residential - Multi Storey Apartment
NRI Layout Main Road,Oct-Dec 2023,"4,301-7,419","5,860",2.10%,,Bangalore,Residential - Multi Storey Apartment
NRI Layout Main Road,Jul-Sep 2023,"4,400-7,348","5,874",1.80%,,Bangalore,Residential - Multi Storey Apartment
NRI Layout Main Road,Apr-Jun 2023,"4,250-7,200","5,725",2.30%,,Bangalore,Residential - Multi Storey Apartment
NRI Layout Main Road,Jan-Mar 2023,"4,100-6,900","5,500",2.00%,,Bangalore,Residential - Multi Storey Apartment
NRI Layout Main Road,Oct-Dec 2022,"4,000-6,800","5,400",2.50%,,Bangalore,Residential - Multi Storey Apartment
NRI Layout Main Road,Jul-Sep 2022,"3,900-6,700","5,300",2.20%,,Bangalore,Residential - Multi Storey Apartment
NRI Layout Main Road,Apr-Jun 2022,"3,800-6,600","5,200",2.00%,,Bangalore,Residential - Multi Storey Apartment
NRI Layout Main Road,Jan-Mar 2022,"3,700-6,500","5,100",2.00%,,Bangalore,Residential - Multi Storey Apartment
NRI Layout Main Road,Oct-Dec 2021,"3,600-6,400","5,000",2.00%,,Bangalore,Residential - Multi Storey Apartment
NRI Layout Main Road,Jul-Sep 2021,"3,500-6,300","4,900",2.00%,,Bangalore,Residential - Multi Storey Apartment
NRI Layout Main Road,Apr-Jun 2021,"3,400-6,200","4,800",1.80%,,Bangalore,Residential - Multi Storey Apartment
NRI Layout Main Road,Jan-Mar 2021,"3,300-6,100","4,700",1.90%,,Bangalore,Residential - Multi Storey Apartment
NRI Layout Main Road,Oct-Dec 2020,"3,200-6,000","4,600",1.80%,,Bangalore,Residential - Multi Storey Apartment
NRI Layout Main Road,Jul-Sep 2020,"3,100-5,900","4,500",1.70%,,Bangalore,Residential - Multi Storey Apartment
NRI Layout Main Road,Apr-Jun 2020,"3,000-5,800","4,400",1.50%,,Bangalore,Residential - Multi Storey Apartment
NRI Layout Main Road,Jan-Mar 2020,"2,900-5,700","4,300",1.50%,,Bangalore,Residential - Multi Storey Apartment
NRI Layout Main Road,Oct-Dec 2019,"2,800-5,600","4,200",1.40%,,Bangalore,Residential - Multi Storey Apartment
NRI Layout Main Road,Jul-Sep 2019,"2,700-5,400","4,050",1.30%,,Bangalore,Residential - Multi Storey Apartment
NRI Layout Main Road,Apr-Jun 2019,"2,600-5,200","3,900",1.20%,,Bangalore,Residential - Multi Storey Apartment
NRI Layout Main Road,Jan-Mar 2019,"2,500-5,100","3,800",1.10%,,Bangalore,Residential - Multi Storey Apartment
NRI Layout Main Road,Oct-Dec 2018,"2,400-5,000","3,700",1.00%,,Bangalore,Residential - Multi Storey Apartment
NRI Layout Main Road,Jul-Sep 2018,"2,300-4,800","3,550",0.90%,,Bangalore,Residential - Multi Storey Apartment
Kudlu Gate,Jul-Sep 2024,"6,365-9,343","7,854",0.30%,,Bangalore,Residential - Multi Storey Apartment
Kudlu Gate,Apr-Jun 2024,"6,038-9,716","7,877",1%,,Bangalore,Residential - Multi Storey Apartment
Kudlu Gate,Jan-Mar 2024,"5,911-9,698","7,804",24%,,Bangalore,Residential - Multi Storey Apartment
Kudlu Gate,Oct-Dec 2023,"7,293-13,365","10,329",51%,,Bangalore,Residential - Multi Storey Apartment
Kudlu Gate,Jul-Sep 2023,"5,118-8,564","6,841",2%,,Bangalore,Residential - Multi Storey Apartment
Kudlu Gate,Apr-Jun 2023,"4,658-8,744","6,701",1%,,Bangalore,Residential - Multi Storey Apartment
Kudlu Gate,Jan-Mar 2023,"4,447-8,782","6,614",3%,,Bangalore,Residential - Multi Storey Apartment
Kudlu Gate,Oct-Dec 2022,"4,647-8,952","6,800",13%,,Bangalore,Residential - Multi Storey Apartment
Kudlu Gate,Jul-Sep 2022,"4,413-7,588","6,001",12%,,Bangalore,Residential - Multi Storey Apartment
Kudlu Gate,Apr-Jun 2022,"4,647-9,020","6,833",7%,,Bangalore,Residential - Multi Storey Apartment
Kudlu Gate,Jan-Mar 2022,"4,592-8,237","6,415",5%,,Bangalore,Residential - Multi Storey Apartment
Kudlu Gate,Oct-Dec 2021,"4,451-7,712","6,082",3%,,Bangalore,Residential - Multi Storey Apartment
Kudlu Gate,Jul-Sep 2021,"4,352-7,821","6,087",8%,,Bangalore,Residential - Multi Storey Apartment
Kudlu Gate,Apr-Jun 2021,"4,787-8,515","6,651",4%,,Bangalore,Residential - Multi Storey Apartment
Kudlu Gate,Jan-Mar 2021,"4,785-8,059","6,422",4%,,Bangalore,Residential - Multi Storey Apartment
Kudlu Gate,Oct-Dec 2020,"5,167-8,196","6,682",0.10%,,Bangalore,Residential - Multi Storey Apartment
Kudlu Gate,Jul-Sep 2020,"5,242-8,141","6,692",3%,,Bangalore,Residential - Multi Storey Apartment
Kudlu Gate,Apr-Jun 2020,"5,010-8,019","6,515",3%,,Bangalore,Residential - Multi Storey Apartment
Kudlu Gate,Jan-Mar 2020,"5,179-8,201","6,690",6%,,Bangalore,Residential - Multi Storey Apartment
Kudlu Gate,Oct-Dec 2019,"4,692-7,876","6,284",7%,,Bangalore,Residential - Multi Storey Apartment
Kudlu Gate,Jul-Sep 2019,"5,477-8,070","6,773",2%,,Bangalore,Residential - Multi Storey Apartment
Kudlu Gate,Apr-Jun 2019,"5,177-8,160","6,668",2%,,Bangalore,Residential - Multi Storey Apartment
Kudlu Gate,Jan-Mar 2019,"5,083-8,004","6,544",4%,,Bangalore,Residential - Multi Storey Apartment
Kudlu Gate,Oct-Dec 2018,"5,508-8,165","6,836",5%,,Bangalore,Residential - Multi Storey Apartment
Kudlu Gate,Jul-Sep 2018,"5,231-7,785","6,508",3%,,Bangalore,Residential - Multi Storey Apartment
Kudlu Main Road,Jul-Sep 2024,"5,745-9,541","7,643",1%,,Bangalore,Residential - Multi Storey Apartment
Kudlu Main Road,Apr-Jun 2024,"5,548-9,603","7,576",6%,,Bangalore,Residential - Multi Storey Apartment
Kudlu Main Road,Jan-Mar 2024,"5,412-8,900","7,156",10%,,Bangalore,Residential - Multi Storey Apartment
Kudlu Main Road,Oct-Dec 2023,"4,955-8,050","6,503",3%,,Bangalore,Residential - Multi Storey Apartment
Kudlu Main Road,Jul-Sep 2024,"5,745-9,541","7,643",1%,,Bangalore,Residential - Multi Storey Apartment
Kudlu Main Road,Apr-Jun 2024,"5,548-9,603","7,576",6%,,Bangalore,Residential - Multi Storey Apartment
Kudlu Main Road,Jan-Mar 2024,"5,412-8,900","7,156",10%,,Bangalore,Residential - Multi Storey Apartment
Kudlu Main Road,Oct-Dec 2023,"4,955-8,050","6,503",3%,,Bangalore,Residential - Multi Storey Apartment
Kudlu Main Road,Jul-Sep 2023,"4,758-7,814","6,319",5%,,Bangalore,Residential - Multi Storey Apartment
Kudlu Main Road,Apr-Jun 2023,"4,543-7,562","6,017",5%,,Bangalore,Residential - Multi Storey Apartment
Kudlu Main Road,Jan-Mar 2023,"4,365-7,288","5,827",6%,,Bangalore,Residential - Multi Storey Apartment
Kudlu Main Road,Oct-Dec 2022,"4,132-6,954","5,495",4%,,Bangalore,Residential - Multi Storey Apartment
Kudlu Main Road,Jul-Sep 2022,"4,005-6,804","5,404",3%,,Bangalore,Residential - Multi Storey Apartment
Kudlu Main Road,Apr-Jun 2022,"3,928-6,658","5,293",3%,,Bangalore,Residential - Multi Storey Apartment
Kudlu Main Road,Jan-Mar 2022,"3,841-6,472","5,157",2%,,Bangalore,Residential - Multi Storey Apartment
Kudlu Main Road,Oct-Dec 2021,"3,742-6,289","5,015",2%,,Bangalore,Residential - Multi Storey Apartment
Kudlu Main Road,Jul-Sep 2021,"3,654-6,117","4,885",2%,,Bangalore,Residential - Multi Storey Apartment
Kudlu Main Road,Apr-Jun 2021,"3,571-5,984","4,778",2%,,Bangalore,Residential - Multi Storey Apartment
Kudlu Main Road,Jan-Mar 2021,"3,482-5,832","4,657",1%,,Bangalore,Residential - Multi Storey Apartment
Kudlu Main Road,Oct-Dec 2020,"3,412-5,685","4,549",1%,,Bangalore,Residential - Multi Storey Apartment
Kudlu Main Road,Jul-Sep 2020,"3,365-5,532","4,449",1%,,Bangalore,Residential - Multi Storey Apartment
Kudlu Main Road,Apr-Jun 2020,"3,314-5,395","4,355",1%,,Bangalore,Residential - Multi Storey Apartment
Kudlu Main Road,Jan-Mar 2020,"3,261-5,252","4,260",1%,,Bangalore,Residential - Multi Storey Apartment
Kudlu Main Road,Oct-Dec 2019,"3,212-5,126","4,169",1%,,Bangalore,Residential - Multi Storey Apartment
Kudlu Main Road,Jul-Sep 2019,"3,165-5,005","4,086",1%,,Bangalore,Residential - Multi Storey Apartment
Kudlu Main Road,Apr-Jun 2019,"3,119-4,891","4,005",1%,,Bangalore,Residential - Multi Storey Apartment
Kudlu Main Road,Jan-Mar 2019,"3,073-4,782","3,926",1%,,Bangalore,Residential - Multi Storey Apartment
Kudlu Main Road,Oct-Dec 2018,"3,027-4,673","3,847",1%,,Bangalore,Residential - Multi Storey Apartment
Kudlu Main Road,Jul-Sep 2018,"2,983-4,568","3,771",0%,,Bangalore,Residential - Multi Storey Apartment
Bagaluru,Jul-Sep 2024,"7,150-9,962","8,556",5%,,Bangalore,Residential - Multi Storey Apartment
Bagaluru,Apr-Jun 2024,"6,709-9,529","8,119",7%,,Bangalore,Residential - Multi Storey Apartment
Bagaluru,Jan-Mar 2024,"6,332-8,869","7,601",8%,,Bangalore,Residential - Multi Storey Apartment
Bagaluru,Oct-Dec 2023,"5,858-8,220","7,039",3%,,Bangalore,Residential - Multi Storey Apartment
Bagaluru,Jul-Sep 2023,"5,426-9,069","7,248",2.80%,,Bangalore,Residential - Multi Storey Apartment
Bagaluru,Apr-Jun 2023,"5,277-8,817","6,500",3.10%,,Bangalore,Residential - Multi Storey Apartment
Bagaluru,Jan-Mar 2023,"5,118-8,561","5,700",2.50%,,Bangalore,Residential - Multi Storey Apartment
Bagaluru,Oct-Dec 2022,"4,994-8,363","5,250",2.80%,,Bangalore,Residential - Multi Storey Apartment
Bagaluru,Jul-Sep 2022,"4,856-8,130","5,350",3%,,Bangalore,Residential - Multi Storey Apartment
Bagaluru,Apr-Jun 2022,"4,715-7,891","5,300",3%,,Bangalore,Residential - Multi Storey Apartment
Bagaluru,Jan-Mar 2022,"4,582-7,664","5,200",2.60%,,Bangalore,Residential - Multi Storey Apartment
Bagaluru,Oct-Dec 2021,"4,466-7,474","5,450",2.80%,,Bangalore,Residential - Multi Storey Apartment
Bagaluru,Jul-Sep 2021,"4,345-7,278","5,000",3%,,Bangalore,Residential - Multi Storey Apartment
Bagaluru,Apr-Jun 2021,"4,220-7,068","5,644",3%,,Bangalore,Residential - Multi Storey Apartment
Bagaluru,Jan-Mar 2021,"4,100-6,867","4,300",2.50%,,Bangalore,Residential - Multi Storey Apartment
Bagaluru,Oct-Dec 2020,"3,998-6,688","4,343",4%,,Bangalore,Residential - Multi Storey Apartment
Bagaluru,Jul-Sep 2020,"3,889-6,498","4,400",2.70%,,Bangalore,Residential - Multi Storey Apartment
Bagaluru,Oct-Dec 2019,"3,786-6,335","4,150",3%,,Bangalore,Residential - Multi Storey Apartment
Whitefield Hoskote Road,Jul-Sep 2024,"5,830-10,449","8,139",5%,,Bangalore,Residential - Multi Storey Apartment
Whitefield Hoskote Road,Apr-Jun 2024,"5,574-9,895","7,734",23%,,Bangalore,Residential - Multi Storey Apartment
Whitefield Hoskote Road,Jan-Mar 2024,"7,268-12,882","10,075",8%,,Bangalore,Residential - Multi Storey Apartment
Whitefield Hoskote Road,Oct-Dec 2023,"6,700-11,929","9,314",6%,,Bangalore,Residential - Multi Storey Apartment
Whitefield Hoskote Road,Jul-Sep 2023,"6,298-11,320","8,809",12%,,Bangalore,Residential - Multi Storey Apartment
Whitefield Hoskote Road,Apr-Jun 2023,"5,582-10,099","7,841",9%,,Bangalore,Residential - Multi Storey Apartment
Whitefield Hoskote Road,Jan-Mar 2023,"5,212-9,182","7,197",3%,,Bangalore,Residential - Multi Storey Apartment
Whitefield Hoskote Road,Oct-Dec 2022,"5,072-8,939","6,800",3%,,Bangalore,Residential - Multi Storey Apartment
Whitefield Hoskote Road,Jul-Sep 2022,"4,944-8,704","6,750",5%,,Bangalore,Residential - Multi Storey Apartment
Whitefield Hoskote Road,Apr-Jun 2022,"4,820-8,474","6,500",3.10%,,Bangalore,Residential - Multi Storey Apartment
Whitefield Hoskote Road,Jan-Mar 2022,"4,710-8,258","6,450",3%,,Bangalore,Residential - Multi Storey Apartment
Whitefield Hoskote Road,Oct-Dec 2021,"4,602-8,036","6,050",2.80%,,Bangalore,Residential - Multi Storey Apartment
Whitefield Hoskote Road,Jul-Sep 2021,"4,495-7,822","6,850",6%,,Bangalore,Residential - Multi Storey Apartment
Whitefield Hoskote Road,Apr-Jun 2021,"4,391-7,612","6,300",2.50%,,Bangalore,Residential - Multi Storey Apartment
Whitefield Hoskote Road,Jan-Mar 2021,"4,287-7,408","5,800",7%,,Bangalore,Residential - Multi Storey Apartment
Whitefield Hoskote Road,Oct-Dec 2020,"4,179-7,206","6,400",9%,,Bangalore,Residential - Multi Storey Apartment
Whitefield Hoskote Road,Jul-Sep 2020,"4,073-7,010","6,150",6%,,Bangalore,Residential - Multi Storey Apartment
Whitefield Hoskote Road,Apr-Jun 2020,"3,968-6,819","6,300",3%,,Bangalore,Residential - Multi Storey Apartment
Whitefield Hoskote Road,Jan-Mar 2020,"3,866-6,635","6,650",2%,,Bangalore,Residential - Multi Storey Apartment
Whitefield Hoskote Road,Oct-Dec 2019,"3,767-6,457","6,000",3%,,Bangalore,Residential - Multi Storey Apartment
Whitefield Hoskote Road,Jul-Sep 2019,"3,670-6,285","5,900",4%,,Bangalore,Residential - Multi Storey Apartment
Whitefield Hoskote Road,Apr-Jun 2019,"3,576-6,115","5,700",1%,,Bangalore,Residential - Multi Storey Apartment
Whitefield Hoskote Road,Jan-Mar 2019,"3,484-5,950","5,900",5%,,Bangalore,Residential - Multi Storey Apartment
Whitefield Hoskote Road,Oct-Dec 2018,"3,394-5,788","5,900",4%,,Bangalore,Residential - Multi Storey Apartment
Whitefield Hoskote Road,Jul-Sep 2018,"3,308-5,630","5,450",3%,,Bangalore,Residential - Multi Storey Apartment
Nice Ring Road,Jul-Sep 2024,"4,827-8,563","6,695",6%,,Bangalore,Residential - Multi Storey Apartment
Nice Ring Road,Apr-Jun 2024,"4,581-8,009","6,295",1%,,Bangalore,Residential - Multi Storey Apartment
Nice Ring Road,Jan-Mar 2024,"4,571-7,876","6,224",6%,,Bangalore,Residential - Multi Storey Apartment
Nice Ring Road,Oct-Dec 2023,"4,301-7,419","5,860",0.20%,,Bangalore,Residential - Multi Storey Apartment
Nice Ring Road,Jul-Sep 2023,"4,400-7,348","5,874",6%,,Bangalore,Residential - Multi Storey Apartment
Nice Ring Road,Apr-Jun 2023,"4,138-6,940","5,539",4%,,Bangalore,Residential - Multi Storey Apartment
Nice Ring Road,Jan-Mar 2023,"4,034-6,655","5,345",2.50%,,Bangalore,Residential - Multi Storey Apartment
Nice Ring Road,Oct-Dec 2022,"3,900-6,500","5,200",2%,,Bangalore,Residential - Multi Storey Apartment
Nice Ring Road,Jul-Sep 2022,"3,800-6,400","5,100",2%,,Bangalore,Residential - Multi Storey Apartment
Nice Ring Road,Apr-Jun 2022,"3,700-6,300","4,900",2%,,Bangalore,Residential - Multi Storey Apartment
Nice Ring Road,Jan-Mar 2022,"3,600-6,200","4,800",2%,,Bangalore,Residential - Multi Storey Apartment
Nice Ring Road,Oct-Dec 2021,"3,500-6,100","4,700",2%,,Bangalore,Residential - Multi Storey Apartment
Nice Ring Road,Jul-Sep 2021,"3,400-6,000","4,600",2%,,Bangalore,Residential - Multi Storey Apartment
Nice Ring Road,Apr-Jun 2021,"3,300-5,800","4,500",2%,,Bangalore,Residential - Multi Storey Apartment
Nice Ring Road,Jan-Mar 2021,"3,200-5,700","4,400",2%,,Bangalore,Residential - Multi Storey Apartment
Nice Ring Road,Oct-Dec 2020,"3,100-5,500","4,300",2%,,Bangalore,Residential - Multi Storey Apartment
Nice Ring Road,Jul-Sep 2020,"3,000-5,400","4,200",1%,,Bangalore,Residential - Multi Storey Apartment
Nice Ring Road,Apr-Jun 2020,"2,900-5,300","4,100",1%,,Bangalore,Residential - Multi Storey Apartment
Nice Ring Road,Jan-Mar 2020,"2,800-5,100","4,000",1%,,Bangalore,Residential - Multi Storey Apartment
Nice Ring Road,Oct-Dec 2019,"2,700-5,000","3,900",1%,,Bangalore,Residential - Multi Storey Apartment
Nice Ring Road,Jul-Sep 2019,"2,600-4,900","3,800",1%,,Bangalore,Residential - Multi Storey Apartment
Nice Ring Road,Apr-Jun 2019,"2,500-4,800","3,700",1%,,Bangalore,Residential - Multi Storey Apartment
Nice Ring Road,Jan-Mar 2019,"2,400-4,700","3,600",1%,,Bangalore,Residential - Multi Storey Apartment
Nice Ring Road,Oct-Dec 2018,"2,300-4,600","3,500",1%,,Bangalore,Residential - Multi Storey Apartment
Nice Ring Road,Jul-Sep 2018,"2,200-4,400","3,400",1%,,Bangalore,Residential - Multi Storey Apartment
Kumaraswamy Layout,Jul-Sep 2024,"5,314-9,296","7,305",4%,,Bangalore,Residential - Multi Storey Apartment
Kumaraswamy Layout,Apr-Jun 2024,"5,000-8,999","6,999",4%,,Bangalore,Residential - Multi Storey Apartment
Kumaraswamy Layout,Jan-Mar 2024,"5,001-8,520","6,760",15%,,Bangalore,Residential - Multi Storey Apartment
Kumaraswamy Layout,Oct-Dec 2023,"4,439-7,300","5,869",1%,,Bangalore,Residential - Multi Storey Apartment
Kumaraswamy Layout,Jul-Sep 2023,"4,471-7,403","5,937",5%,,Bangalore,Residential - Multi Storey Apartment
Kumaraswamy Layout,Apr-Jun 2023,"4,430-6,826","5,628",0.20%,,Bangalore,Residential - Multi Storey Apartment
Kumaraswamy Layout,Jan-Mar 2023,"4,365-6,908","5,637",7%,,Bangalore,Residential - Multi Storey Apartment
Kumaraswamy Layout,Oct-Dec 2022,"4,146-6,346","5,246",7%,,Bangalore,Residential - Multi Storey Apartment
Kumaraswamy Layout,Jul-Sep 2022,"3,955-5,865","4,910",6%,,Bangalore,Residential - Multi Storey Apartment
Kumaraswamy Layout,Apr-Jun 2022,"4,112-6,379","5,245",0.30%,,Bangalore,Residential - Multi Storey Apartment
Kumaraswamy Layout,Jan-Mar 2022,"4,118-6,342","5,230",1%,,Bangalore,Residential - Multi Storey Apartment
Kumaraswamy Layout,Oct-Dec 2021,"4,059-6,331","5,195",2%,,Bangalore,Residential - Multi Storey Apartment
Kumaraswamy Layout,Jul-Sep 2021,"3,929-6,230","5,080",3%,,Bangalore,Residential - Multi Storey Apartment
Kumaraswamy Layout,Apr-Jun 2021,"4,130-6,350","5,240",0.10%,,Bangalore,Residential - Multi Storey Apartment
Kumaraswamy Layout,Jan-Mar 2021,"4,157-6,309","5,233",6%,,Bangalore,Residential - Multi Storey Apartment
Kumaraswamy Layout,Oct-Dec 2020,"4,171-5,697","4,934",1%,,Bangalore,Residential - Multi Storey Apartment
Kumaraswamy Layout,Jul-Sep 2020,"4,120-5,687","4,903",0.30%,,Bangalore,Residential - Multi Storey Apartment
Kumaraswamy Layout,Apr-Jun 2020,"4,033-5,800","4,917",1%,,Bangalore,Residential - Multi Storey Apartment
Kumaraswamy Layout,Jan-Mar 2020,"4,106-5,813","4,959",1%,,Bangalore,Residential - Multi Storey Apartment
Kumaraswamy Layout,Oct-Dec 2019,"4,153-5,697","4,925",0.20%,,Bangalore,Residential - Multi Storey Apartment
Kumaraswamy Layout,Jul-Sep 2019,"4,206-5,665","4,936",1.80%,,Bangalore,Residential - Multi Storey Apartment
Kumaraswamy Layout,Jan-Mar 2019,"3,870-5,677","4,774",1%,,Bangalore,Residential - Multi Storey Apartment
Kumaraswamy Layout,Oct-Dec 2018,"3,800-5,880","4,840",7%,,Bangalore,Residential - Multi Storey Apartment
Kumaraswamy Layout,Jul-Sep 2018,"4,314-6,118","5,216",0.20%,,Bangalore,Residential - Multi Storey Apartment
Bagalur Main Road,Jul-Sep 2024,"7,253-10,265","8,759",4%,,Bangalore,Residential - Multi Storey Apartment
Bagalur Main Road,Apr-Jun 2024,"6,965-9,809","8,387",6%,,Bangalore,Residential - Multi Storey Apartment
Bagalur Main Road,Jan-Mar 2024,"6,724-9,041","7,882",6%,,Bangalore,Residential - Multi Storey Apartment
Bagalur Main Road,Oct-Dec 2023,"6,322-8,610","7,466",5%,,Bangalore,Residential - Multi Storey Apartment
Bagalur Main Road,Jul-Sep 2023,"5,830-8,395","7,113",12%,,Bangalore,Residential - Multi Storey Apartment
Bagalur Main Road,Apr-Jun 2023,"5,127-7,575","6,351",8%,,Bangalore,Residential - Multi Storey Apartment
Bagalur Main Road,Jan-Mar 2023,"4,655-7,079","5,867",4%,,Bangalore,Residential - Multi Storey Apartment
Bagalur Main Road,Oct-Dec 2022,"4,612-6,627","5,619",0.40%,,Bangalore,Residential - Multi Storey Apartment
Bagalur Main Road,Jul-Sep 2022,"4,551-6,645","5,598",4%,,Bangalore,Residential - Multi Storey Apartment
Bagalur Main Road,Apr-Jun 2022,"4,315-6,427","5,371",5%,,Bangalore,Residential - Multi Storey Apartment
Bagalur Main Road,Jan-Mar 2022,"4,180-6,071","5,125",4%,,Bangalore,Residential - Multi Storey Apartment
Bagalur Main Road,Oct-Dec 2021,"4,229-5,656","4,943",3%,,Bangalore,Residential - Multi Storey Apartment
Bagalur Main Road,Jul-Sep 2021,"4,162-5,456","4,809",1%,,Bangalore,Residential - Multi Storey Apartment
Bagalur Main Road,Apr-Jun 2021,"4,187-5,291","4,739",0.10%,,Bangalore,Residential - Multi Storey Apartment
Bagalur Main Road,Jan-Mar 2021,"4,141-5,326","4,734",2%,,Bangalore,Residential - Multi Storey Apartment
Bagalur Main Road,Oct-Dec 2020,"3,993-5,291","4,642",1%,,Bangalore,Residential - Multi Storey Apartment
Bagalur Main Road,Jul-Sep 2020,"4,049-5,340","4,695",2%,,Bangalore,Residential - Multi Storey Apartment
Bagalur Main Road,Apr-Jun 2020,"3,960-5,616","4,788",0.20%,,Bangalore,Residential - Multi Storey Apartment
Bagalur Main Road,Jan-Mar 2020,"3,956-5,637","4,797",9%,,Bangalore,Residential - Multi Storey Apartment
Bagalur Main Road,Oct-Dec 2019,"3,807-5,002","4,404",2%,,Bangalore,Residential - Multi Storey Apartment
Bagalur Main Road,Jul-Sep 2019,"3,836-4,792","4,314",2.10%,,Bangalore,Residential - Multi Storey Apartment
Kundalahalli,Jul-Sep 2024,"7,625-14,220","10,923",21%,,Bangalore,Residential - Multi Storey Apartment
Kundalahalli,Apr-Jun 2024,"6,030-11,971","9,000",6%,,Bangalore,Residential - Multi Storey Apartment
Kundalahalli,Jan-Mar 2024,"5,798-11,187","8,493",12%,,Bangalore,Residential - Multi Storey Apartment
Kundalahalli,Oct-Dec 2023,"4,804-10,418","7,611",4%,,Bangalore,Residential - Multi Storey Apartment
Kundalahalli,Jul-Sep 2023,"5,168-9,434","7,301",15%,,Bangalore,Residential - Multi Storey Apartment
Kundalahalli,Apr-Jun 2023,"4,754-7,969","6,362",3%,,Bangalore,Residential - Multi Storey Apartment
Kundalahalli,Jan-Mar 2023,"4,985-8,177","6,581",8%,,Bangalore,Residential - Multi Storey Apartment
Kundalahalli,Oct-Dec 2022,"4,523-7,646","6,085",4%,,Bangalore,Residential - Multi Storey Apartment
Kundalahalli,Jul-Sep 2022,"4,302-7,345","5,823",4%,,Bangalore,Residential - Multi Storey Apartment
Kundalahalli,Apr-Jun 2022,"4,508-7,581","6,045",2%,,Bangalore,Residential - Multi Storey Apartment
Kundalahalli,Jan-Mar 2022,"4,545-7,772","6,159",0.10%,,Bangalore,Residential - Multi Storey Apartment
Kundalahalli,Oct-Dec 2021,"4,557-7,776","6,166",0.20%,,Bangalore,Residential - Multi Storey Apartment
Kundalahalli,Jul-Sep 2021,"4,496-7,862","6,179",1%,,Bangalore,Residential - Multi Storey Apartment
Kundalahalli,Apr-Jun 2021,"4,657-7,855","6,256",2%,,Bangalore,Residential - Multi Storey Apartment
Kundalahalli,Jan-Mar 2021,"4,646-7,635","6,140",1%,,Bangalore,Residential - Multi Storey Apartment
Kundalahalli,Oct-Dec 2020,"4,736-7,619","6,177",0.30%,,Bangalore,Residential - Multi Storey Apartment
Kundalahalli,Jul-Sep 2020,"4,717-7,669","6,193",6%,,Bangalore,Residential - Multi Storey Apartment
Kundalahalli,Apr-Jun 2020,"5,132-8,014","6,573",3%,,Bangalore,Residential - Multi Storey Apartment
Kundalahalli,Jan-Mar 2020,"4,886-7,897","6,392",3%,,Bangalore,Residential - Multi Storey Apartment
Kundalahalli,Oct-Dec 2019,"4,689-7,712","6,200",1%,,Bangalore,Residential - Multi Storey Apartment
Kundalahalli,Jul-Sep 2019,"4,720-7,752","6,236",9%,,Bangalore,Residential - Multi Storey Apartment
Kundalahalli,Apr-Jun 2019,"4,408-7,051","5,730",0.30%,,Bangalore,Residential - Multi Storey Apartment
Kundalahalli,Jan-Mar 2019,"4,390-7,036","5,713",2%,,Bangalore,Residential - Multi Storey Apartment
Kundalahalli,Oct-Dec 2018,"4,285-6,927","5,606",0.20%,,Bangalore,Residential - Multi Storey Apartment
Kundalahalli,Jul-Sep 2018,"4,273-6,967","5,620",1%,,Bangalore,Residential - Multi Storey Apartment
Bagalur Colony,Jul-Sep 2024,"6,892-10,046","8,469",4%,,Bangalore,Residential - Multi Storey Apartment
Bagalur Colony,Apr-Jun 2024,"6,624-9,698","8,161",11%,,Bangalore,Residential - Multi Storey Apartment
Bagalur Colony,Jan-Mar 2024,"6,443-8,272","7,358",2.80%,,Bangalore,Residential - Multi Storey Apartment
Bagalur Colony,Oct-Dec 2023,"6,200-8,800","7,450",5%,,Bangalore,Residential - Multi Storey Apartment
Bagalur Colony,Jul-Sep 2023,"6,000-8,500","7,250",3%,,Bangalore,Residential - Multi Storey Apartment
Bagalur Colony,Apr-Jun 2023,"5,800-8,200","6,950",4%,,Bangalore,Residential - Multi Storey Apartment
Bagalur Colony,Jan-Mar 2023,"5,500-7,800","6,650",3%,,Bangalore,Residential - Multi Storey Apartment
Bagalur Colony,Oct-Dec 2022,"5,300-7,500","6,400",2%,,Bangalore,Residential - Multi Storey Apartment
Bagalur Colony,Jul-Sep 2022,"5,100-7,300","6,200",2%,,Bangalore,Residential - Multi Storey Apartment
Bagalur Colony,Apr-Jun 2022,"4,900-7,000","6,000",2%,,Bangalore,Residential - Multi Storey Apartment
Bagalur Colony,Jan-Mar 2022,"4,800-6,800","5,800",1%,,Bangalore,Residential - Multi Storey Apartment
Bagalur Colony,Oct-Dec 2021,"4,700-6,700","5,600",1%,,Bangalore,Residential - Multi Storey Apartment
Bagalur Colony,Jul-Sep 2021,"4,600-6,600","5,500",2%,,Bangalore,Residential - Multi Storey Apartment
Bagalur Colony,Apr-Jun 2021,"4,500-6,500","5,400",2%,,Bangalore,Residential - Multi Storey Apartment
Bagalur Colony,Jan-Mar 2021,"4,400-6,400","5,300",2%,,Bangalore,Residential - Multi Storey Apartment
Bagalur Colony,Oct-Dec 2020,"4,300-6,300","5,200",2%,,Bangalore,Residential - Multi Storey Apartment
Bagalur Colony,Jul-Sep 2020,"4,200-6,200","5,100",1%,,Bangalore,Residential - Multi Storey Apartment
Bagalur Colony,Apr-Jun 2020,"4,100-6,100","5,000",1%,,Bangalore,Residential - Multi Storey Apartment
Bagalur Colony,Jan-Mar 2020,"4,000-6,000","4,900",1%,,Bangalore,Residential - Multi Storey Apartment
Bagalur Colony,Oct-Dec 2019,"3,900-5,900","4,800",1%,,Bangalore,Residential - Multi Storey Apartment
Bagalur Colony,Jul-Sep 2019,"3,800-5,800","4,700",1%,,Bangalore,Residential - Multi Storey Apartment
Bagalur Colony,Apr-Jun 2019,"3,700-5,700","4,600",1%,,Bangalore,Residential - Multi Storey Apartment
Bagalur Colony,Jan-Mar 2019,"3,600-5,600","4,500",1%,,Bangalore,Residential - Multi Storey Apartment
Bagalur Colony,Oct-Dec 2018,"3,500-5,500","4,400",0%,,Bangalore,Residential - Multi Storey Apartment
Bagalur Colony,Jul-Sep 2018,"3,400-5,400","4,300",0%,,Bangalore,Residential - Multi Storey Apartment
New BEL Road,Jul-Sep 2024,"8,513-16,177","12,345",17%,,Bangalore,Residential - Multi Storey Apartment
New BEL Road,Apr-Jun 2024,"7,486-13,595","10,541",8%,,Bangalore,Residential - Multi Storey Apartment
New BEL Road,Jan-Mar 2024,"6,837-12,676","9,757",9%,,Bangalore,Residential - Multi Storey Apartment
New BEL Road,Oct-Dec 2023,"6,575-11,367","8,971",3%,,Bangalore,Residential - Multi Storey Apartment
New BEL Road,Jul-Sep 2023,"6,403-11,072","8,738",2%,,Bangalore,Residential - Multi Storey Apartment
New BEL Road,Apr-Jun 2023,"6,490-11,303","8,896",2%,,Bangalore,Residential - Multi Storey Apartment
New BEL Road,Jan-Mar 2023,"6,154-11,250","8,702",3.50%,,Bangalore,Residential - Multi Storey Apartment
New BEL Road,Oct-Dec 2022,"6,020-10,900","8,460",2%,,Bangalore,Residential - Multi Storey Apartment
New BEL Road,Jul-Sep 2022,"5,800-10,600","8,200",2%,,Bangalore,Residential - Multi Storey Apartment
New BEL Road,Apr-Jun 2022,"5,600-10,400","7,950",2%,,Bangalore,Residential - Multi Storey Apartment
New BEL Road,Jan-Mar 2022,"5,400-10,200","7,800",1%,,Bangalore,Residential - Multi Storey Apartment
New BEL Road,Oct-Dec 2021,"5,200-10,000","7,600",1%,,Bangalore,Residential - Multi Storey Apartment
New BEL Road,Jul-Sep 2021,"5,000-9,800","7,400",2%,,Bangalore,Residential - Multi Storey Apartment
New BEL Road,Apr-Jun 2021,"4,800-9,600","7,200",2%,,Bangalore,Residential - Multi Storey Apartment
New BEL Road,Jan-Mar 2021,"4,600-9,400","7,000",2%,,Bangalore,Residential - Multi Storey Apartment
New BEL Road,Oct-Dec 2020,"4,400-9,200","6,800",1%,,Bangalore,Residential - Multi Storey Apartment
New BEL Road,Jul-Sep 2020,"4,200-9,000","6,600",1%,,Bangalore,Residential - Multi Storey Apartment
New BEL Road,Apr-Jun 2020,"4,000-8,800","6,400",1%,,Bangalore,Residential - Multi Storey Apartment
New BEL Road,Jan-Mar 2020,"3,800-8,600","6,200",1%,,Bangalore,Residential - Multi Storey Apartment
New BEL Road,Oct-Dec 2019,"3,600-8,400","6,000",1%,,Bangalore,Residential - Multi Storey Apartment
New BEL Road,Jul-Sep 2019,"3,500-8,200","5,900",1%,,Bangalore,Residential - Multi Storey Apartment
New BEL Road,Apr-Jun 2019,"3,400-8,000","5,800",0%,,Bangalore,Residential - Multi Storey Apartment
New BEL Road,Jan-Mar 2019,"3,300-7,800","5,700",0%,,Bangalore,Residential - Multi Storey Apartment
New BEL Road,Oct-Dec 2018,"3,200-7,600","5,600",0%,,Bangalore,Residential - Multi Storey Apartment
Whitefield Main Road,Jul-Sep 2024,"8,423-14,667","11,545",5%,,Bangalore,Residential - Multi Storey Apartment
Whitefield Main Road,Apr-Jun 2024,"7,958-13,982","10,970",6%,,Bangalore,Residential - Multi Storey Apartment
Whitefield Main Road,Jan-Mar 2024,"7,507-13,227","10,367",8%,,Bangalore,Residential - Multi Storey Apartment
Whitefield Main Road,Oct-Dec 2023,"6,993-12,282","9,638",4.20%,,Bangalore,Residential - Multi Storey Apartment
Whitefield Main Road,Jul-Sep 2023,"6,673-12,050","9,362",3%,,Bangalore,Residential - Multi Storey Apartment
Whitefield Main Road,Apr-Jun 2023,"6,412-11,420","8,916",4%,,Bangalore,Residential - Multi Storey Apartment
Whitefield Main Road,Jan-Mar 2023,"6,287-11,120","8,701",2%,,Bangalore,Residential - Multi Storey Apartment
Whitefield Main Road,Oct-Dec 2022,"6,018-10,895","8,458",3%,,Bangalore,Residential - Multi Storey Apartment
Whitefield Main Road,Jul-Sep 2022,"5,890-10,505","8,200",2%,,Bangalore,Residential - Multi Storey Apartment
Whitefield Main Road,Apr-Jun 2022,"5,740-10,150","7,900",2%,,Bangalore,Residential - Multi Storey Apartment
Whitefield Main Road,Jan-Mar 2022,"5,500-9,890","7,720",2%,,Bangalore,Residential - Multi Storey Apartment
Whitefield Main Road,Oct-Dec 2021,"5,300-9,650","7,475",2%,,Bangalore,Residential - Multi Storey Apartment
Whitefield Main Road,Jul-Sep 2021,"5,150-9,200","7,150",1%,,Bangalore,Residential - Multi Storey Apartment
Whitefield Main Road,Apr-Jun 2021,"5,000-9,000","7,050",1%,,Bangalore,Residential - Multi Storey Apartment
Whitefield Main Road,Jan-Mar 2021,"4,850-8,850","6,850",1%,,Bangalore,Residential - Multi Storey Apartment
Whitefield Main Road,Oct-Dec 2020,"4,600-8,600","6,500",1%,,Bangalore,Residential - Multi Storey Apartment
Whitefield Main Road,Jul-Sep 2020,"4,400-8,400","6,200",1%,,Bangalore,Residential - Multi Storey Apartment
Whitefield Main Road,Apr-Jun 2020,"4,300-8,200","6,100",1%,,Bangalore,Residential - Multi Storey Apartment
Whitefield Main Road,Jan-Mar 2020,"4,100-8,000","5,950",0%,,Bangalore,Residential - Multi Storey Apartment
Whitefield Main Road,Oct-Dec 2019,"4,000-7,800","5,850",0%,,Bangalore,Residential - Multi Storey Apartment
Whitefield Main Road,Jul-Sep 2019,"3,900-7,500","5,650",0%,,Bangalore,Residential - Multi Storey Apartment
Whitefield Main Road,Apr-Jun 2019,"3,800-7,400","5,500",0%,,Bangalore,Residential - Multi Storey Apartment
Whitefield Main Road,Jan-Mar 2019,"3,700-7,200","5,400",0%,,Bangalore,Residential - Multi Storey Apartment
Lalbagh Main Road,Jul-Sep 2024,"12,001-17,971","14,986",6%,,Bangalore,Residential - Multi Storey Apartment
Lalbagh Main Road,Apr-Jun 2024,"10,684-21,285","15,984",9%,,Bangalore,Residential - Multi Storey Apartment
Lalbagh Main Road,Jan-Mar 2024,"13,221-21,747","17,484",1%,,Bangalore,Residential - Multi Storey Apartment
Lalbagh Main Road,Oct-Dec 2023,"14,209-20,580","17,395",1.20%,,Bangalore,Residential - Multi Storey Apartment
Lalbagh Main Road,Apr-Jun 2023,"11,949-18,148","15,049",2.50%,,Bangalore,Residential - Multi Storey Apartment
Lalbagh Main Road,Jan-Mar 2023,"11,658-17,529","14,561",1%,,Bangalore,Residential - Multi Storey Apartment
Lalbagh Main Road,Oct-Dec 2022,"10,998-16,984","13,991",2%,,Bangalore,Residential - Multi Storey Apartment
Lalbagh Main Road,Jul-Sep 2022,"10,598-16,461","13,529",1%,,Bangalore,Residential - Multi Storey Apartment
Lalbagh Main Road,Apr-Jun 2022,"10,290-15,934","13,222",1%,,Bangalore,Residential - Multi Storey Apartment
Lalbagh Main Road,Jan-Mar 2022,"10,120-15,420","13,100",1%,,Bangalore,Residential - Multi Storey Apartment
Lalbagh Main Road,Oct-Dec 2021,"9,600-14,910","12,755",1%,,Bangalore,Residential - Multi Storey Apartment
Lalbagh Main Road,Jul-Sep 2021,"9,400-14,600","12,500",0%,,Bangalore,Residential - Multi Storey Apartment
Lalbagh Main Road,Apr-Jun 2021,"9,200-14,200","12,100",0%,,Bangalore,Residential - Multi Storey Apartment
Lalbagh Main Road,Jan-Mar 2021,"9,000-13,800","11,900",0%,,Bangalore,Residential - Multi Storey Apartment
Lalbagh Main Road,Oct-Dec 2020,"8,800-13,500","11,500",0%,,Bangalore,Residential - Multi Storey Apartment
Lalbagh Main Road,Jul-Sep 2020,"8,500-13,200","11,250",0%,,Bangalore,Residential - Multi Storey Apartment
Lalbagh Main Road,Apr-Jun 2020,"8,200-12,800","11,000",0%,,Bangalore,Residential - Multi Storey Apartment
Lalbagh Main Road,Jan-Mar 2020,"8,000-12,400","10,700",0%,,Bangalore,Residential - Multi Storey Apartment
Langford Road,Jul-Sep 2024,"11,768-19,349","15,559",9%,,Bangalore,Residential - Multi Storey Apartment
Langford Road,Apr-Jun 2024,"10,503-17,988","14,245",3%,,Bangalore,Residential - Multi Storey Apartment
Langford Road,Jan-Mar 2024,"10,238-17,360","13,799",1%,,Bangalore,Residential - Multi Storey Apartment
Langford Road,Oct-Dec 2023,"10,281-17,041","13,661",7%,,Bangalore,Residential - Multi Storey Apartment
Langford Road,Jul-Sep 2023,"9,296-16,199","12,748",7%,,Bangalore,Residential - Multi Storey Apartment
Langford Road,Apr-Jun 2023,"9,091-14,691","11,891",1%,,Bangalore,Residential - Multi Storey Apartment
Langford Road,Jan-Mar 2023,"8,965-14,597","11,781",3%,,Bangalore,Residential - Multi Storey Apartment
New Airport Road,Jul-Sep 2024,"6,546-10,760","8,653",7%,,Bangalore,Residential - Multi Storey Apartment
New Airport Road,Apr-Jun 2024,"6,207-10,014","8,110",5%,,Bangalore,Residential - Multi Storey Apartment
New Airport Road,Jan-Mar 2024,"5,892-9,626","7,759",5%,,Bangalore,Residential - Multi Storey Apartment
New Airport Road,Oct-Dec 2023,"5,600-9,219","7,409",3.20%,,Bangalore,Residential - Multi Storey Apartment
New Airport Road,Jul-Sep 2023,"5,450-8,870","7,246",4%,,Bangalore,Residential - Multi Storey Apartment
New Airport Road,Apr-Jun 2023,"5,280-8,470","6,875",3%,,Bangalore,Residential - Multi Storey Apartment
New Airport Road,Jan-Mar 2023,"5,130-8,120","6,541",2%,,Bangalore,Residential - Multi Storey Apartment
New Airport Road,Oct-Dec 2022,"4,900-7,850","6,352",2%,,Bangalore,Residential - Multi Storey Apartment
New Airport Road,Jul-Sep 2022,"4,750-7,600","6,173",2%,,Bangalore,Residential - Multi Storey Apartment
New Airport Road,Apr-Jun 2022,"4,500-7,350","6,032",2%,,Bangalore,Residential - Multi Storey Apartment
New Airport Road,Jan-Mar 2022,"4,400-7,100","5,751",1%,,Bangalore,Residential - Multi Storey Apartment
New Airport Road,Oct-Dec 2021,"4,250-6,900","5,575",1%,,Bangalore,Residential - Multi Storey Apartment
New Airport Road,Jul-Sep 2021,"4,000-6,750","5,375",1%,,Bangalore,Residential - Multi Storey Apartment
New Airport Road,Apr-Jun 2021,"3,800-6,500","5,150",1%,,Bangalore,Residential - Multi Storey Apartment
New Airport Road,Jan-Mar 2021,"3,600-6,200","4,900",1%,,Bangalore,Residential - Multi Storey Apartment
New Airport Road,Oct-Dec 2020,"3,400-5,900","4,640",1%,,Bangalore,Residential - Multi Storey Apartment
New Airport Road,Jul-Sep 2020,"3,200-5,650","4,430",0%,,Bangalore,Residential - Multi Storey Apartment
New Airport Road,Apr-Jun 2020,"3,000-5,400","4,200",0%,,Bangalore,Residential - Multi Storey Apartment
New Airport Road,Jan-Mar 2020,"2,800-5,100","3,950",0%,,Bangalore,Residential - Multi Storey Apartment
New Airport Road,Oct-Dec 2019,"2,600-4,800","3,750",0%,,Bangalore,Residential - Multi Storey Apartment
New Airport Road,Jul-Sep 2019,"2,500-4,600","3,550",0%,,Bangalore,Residential - Multi Storey Apartment
New Airport Road,Apr-Jun 2019,"2,400-4,400","3,250",0%,,Bangalore,Residential - Multi Storey Apartment
New Airport Road,Jan-Mar 2019,"2,200-4,100","3,000",0%,,Bangalore,Residential - Multi Storey Apartment
New Airport Road,Oct-Dec 2018,"2,000-3,800","2,900",0%,,Bangalore,Residential - Multi Storey Apartment
New Airport Road,Jul-Sep 2018,"1,800-3,600","2,700",0%,,Bangalore,Residential - Multi Storey Apartment
Attibele Anekal Road,Jul-Sep 2024,"3,706-6,563","5,134",12%,,Bangalore,Residential - Multi Storey Apartment
Attibele Anekal Road,Apr-Jun 2024,"3,334-5,797","4,565",10%,,Bangalore,Residential - Multi Storey Apartment
Attibele Anekal Road,Jan-Mar 2024,"3,230-5,053","4,141",4%,,Bangalore,Residential - Multi Storey Apartment
Attibele Anekal Road,Oct-Dec 2023,"3,294-5,367","4,330",8%,,Bangalore,Residential - Multi Storey Apartment
Attibele Anekal Road,Jul-Sep 2023,"3,002-4,980","3,991",1%,,Bangalore,Residential - Multi Storey Apartment
Attibele Anekal Road,Apr-Jun 2023,"3,033-4,904","3,968",3%,,Bangalore,Residential - Multi Storey Apartment
Attibele Anekal Road,Jan-Mar 2023,"3,019-4,702","3,861",2.80%,,Bangalore,Residential - Multi Storey Apartment
Attibele Anekal Road,Oct-Dec 2022,"3,740-6,150","4,250",1.50%,,Bangalore,Residential - Multi Storey Apartment
Attibele Anekal Road,Jul-Sep 2022,"3,685-6,055","4,550",1.20%,,Bangalore,Residential - Multi Storey Apartment
Attibele Anekal Road,Apr-Jun 2022,"3,640-5,980","4,250",1%,,Bangalore,Residential - Multi Storey Apartment
Attibele Anekal Road,Jan-Mar 2022,"3,605-5,920","3,850",0.80%,,Bangalore,Residential - Multi Storey Apartment
Attibele Anekal Road,Oct-Dec 2021,"3,575-5,865","3,900",1.30%,,Bangalore,Residential - Multi Storey Apartment
Attibele Anekal Road,Jul-Sep 2021,"3,530-5,790","4,000",1%,,Bangalore,Residential - Multi Storey Apartment
Attibele Anekal Road,Apr-Jun 2021,"3,495-5,730","3,750",0.90%,,Bangalore,Residential - Multi Storey Apartment
Attibele Anekal Road,Jan-Mar 2021,"3,465-5,685","3,200",0.70%,,Bangalore,Residential - Multi Storey Apartment
Attibele Anekal Road,Oct-Dec 2020,"3,440-5,640","3,500",0.60%,,Bangalore,Residential - Multi Storey Apartment
Attibele Anekal Road,Jul-Sep 2020,"3,420-5,600","3,600",0.50%,,Bangalore,Residential - Multi Storey Apartment
Attibele Anekal Road,Apr-Jun 2020,"3,435-5,625","3,100",1.20%,,Bangalore,Residential - Multi Storey Apartment
Attibele Anekal Road,Jan-Mar 2020,"3,480-5,700","3,350",0.80%,,Bangalore,Residential - Multi Storey Apartment
Attibele Anekal Road,Oct-Dec 2019,"3,510-5,750","3,900",0.50%,,Bangalore,Residential - Multi Storey Apartment
Attibele Anekal Road,Jul-Sep 2019,"3,495-5,730","3,000",1%,,Bangalore,Residential - Multi Storey Apartment
Attibele Anekal Road,Apr-Jun 2019,"3,460-5,680","2,900",1.30%,,Bangalore,Residential - Multi Storey Apartment
Attibele Anekal Road,Jan-Mar 2019,"3,415-5,600","3,250",1.20%,,Bangalore,Residential - Multi Storey Apartment
Attibele Anekal Road,Oct-Dec 2018,"3,375-5,525","3,450",1.50%,,Bangalore,Residential - Multi Storey Apartment
Attibele Anekal Road,Jul-Sep 2018,"3,325-5,450","3,000",1.80%,,Bangalore,Residential - Multi Storey Apartment
Magadi Chord Road,Jul-Sep 2024,"6,603-10,269","8,436",2%,,Bangalore,Residential - Multi Storey Apartment
Magadi Chord Road,Apr-Jun 2024,"6,262-10,236","8,249",6%,,Bangalore,Residential - Multi Storey Apartment
Magadi Chord Road,Jan-Mar 2024,"6,092-9,407","7,750",11%,,Bangalore,Residential - Multi Storey Apartment
Magadi Chord Road,Oct-Dec 2023,"5,896-8,062","6,979",3%,,Bangalore,Residential - Multi Storey Apartment
Magadi Chord Road,Apr-Jun 2022,"5,568-7,617","8,650",2.50%,,Bangalore,Residential - Multi Storey Apartment
Magadi Chord Road,Jan-Mar 2022,"5,478-7,485","6,100",1.90%,,Bangalore,Residential - Multi Storey Apartment
Magadi Chord Road,Oct-Dec 2021,"5,375-7,340","6,358",3.20%,,Bangalore,Residential - Multi Storey Apartment
Magadi Chord Road,Jul-Sep 2021,"5,209-7,113","6,000",2.80%,,Bangalore,Residential - Multi Storey Apartment
Magadi Chord Road,Jan-Mar 2021,"5,067-6,922","4,950",1.70%,,Bangalore,Residential - Multi Storey Apartment
Magadi Chord Road,Oct-Dec 2020,"4,981-6,809","4,950",3%,,Bangalore,Residential - Multi Storey Apartment
Magadi Chord Road,Apr-Jun 2020,"4,825-6,589","5,350",1.50%,,Bangalore,Residential - Multi Storey Apartment
Magadi Chord Road,Jan-Mar 2020,"4,899-6,690","6,600",2.10%,,Bangalore,Residential - Multi Storey Apartment
Magadi Chord Road,Oct-Dec 2019,"4,799-6,566","4,750",3.50%,,Bangalore,Residential - Multi Storey Apartment
Magadi Chord Road,Oct-Dec 2018,"4,636-6,338","5,900",2%,,Bangalore,Residential - Multi Storey Apartment
Attibele,Jul-Sep 2024,"3,843-6,708","5,276",20%,,Bangalore,Residential - Multi Storey Apartment
Attibele,Apr-Jun 2024,"3,356-5,447","4,402",8%,,Bangalore,Residential - Multi Storey Apartment
Attibele,Jan-Mar 2024,"3,189-4,999","4,094",3%,,Bangalore,Residential - Multi Storey Apartment
Attibele,Oct-Dec 2023,"3,287-5,132","4,210",2%,,Bangalore,Residential - Multi Storey Apartment
Attibele,Jul-Sep 2023,"3,109-5,150","4,129",10%,,Bangalore,Residential - Multi Storey Apartment
Attibele,Apr-Jun 2023,"3,021-4,457","3,739",2%,,Bangalore,Residential - Multi Storey Apartment
Attibele,Jan-Mar 2023,"3,036-4,616","3,826",2%,,Bangalore,Residential - Multi Storey Apartment
Attibele,Oct-Dec 2022,"2,898-4,578","3,738",8%,,Bangalore,Residential - Multi Storey Apartment
Attibele,Jul-Sep 2022,"3,001-5,086","4,044",1%,,Bangalore,Residential - Multi Storey Apartment
Attibele,Apr-Jun 2022,"2,955-5,019","3,987",2%,,Bangalore,Residential - Multi Storey Apartment
Attibele,Jan-Mar 2022,"2,927-4,864","3,895",5%,,Bangalore,Residential - Multi Storey Apartment
Attibele,Oct-Dec 2021,"2,855-4,540","3,698",1%,,Bangalore,Residential - Multi Storey Apartment
Attibele,Jul-Sep 2021,"2,842-4,467","3,654",3%,,Bangalore,Residential - Multi Storey Apartment
Attibele,Apr-Jun 2021,"2,765-4,348","3,557",1%,,Bangalore,Residential - Multi Storey Apartment
Attibele,Jan-Mar 2021,"2,848-4,332","3,590",5%,,Bangalore,Residential - Multi Storey Apartment
Attibele,Oct-Dec 2020,"2,620-4,222","3,421",0.40%,,Bangalore,Residential - Multi Storey Apartment
Attibele,Jul-Sep 2020,"2,610-4,201","3,406",3%,,Bangalore,Residential - Multi Storey Apartment
Attibele,Apr-Jun 2020,"2,558-4,073","3,315",4%,,Bangalore,Residential - Multi Storey Apartment
Attibele,Jan-Mar 2020,"2,454-3,904","3,179",6%,,Bangalore,Residential - Multi Storey Apartment
Attibele,Oct-Dec 2019,"2,590-4,141","3,365",2%,,Bangalore,Residential - Multi Storey Apartment
Attibele,Jul-Sep 2019,"2,440-4,178","3,309",3%,,Bangalore,Residential - Multi Storey Apartment
Attibele,Apr-Jun 2019,"2,609-4,187","3,398",1%,,Bangalore,Residential - Multi Storey Apartment
Attibele,Jan-Mar 2019,"2,586-4,119","3,352",1%,,Bangalore,Residential - Multi Storey Apartment
Attibele,Oct-Dec 2018,"2,636-4,010","3,323",3%,,Bangalore,Residential - Multi Storey Apartment
Attibele,Jul-Sep 2018,"2,536-3,933","3,234",6%,,Bangalore,Residential - Multi Storey Apartment
Magadi Main Road,Jul-Sep 2024,"8,659-15,847","12,253",5%,,Bangalore,Residential - Multi Storey Apartment
Magadi Main Road,Apr-Jun 2024,"8,387-15,019","11,703",0.50%,,Bangalore,Residential - Multi Storey Apartment
Magadi Main Road,Jan-Mar 2024,"8,637-14,883","11,760",1%,,Bangalore,Residential - Multi Storey Apartment
Magadi Main Road,Oct-Dec 2023,"8,740-14,983","11,862",2%,,Bangalore,Residential - Multi Storey Apartment
Magadi Main Road,Jul-Sep 2023,"8,429-14,827","11,628",1%,,Bangalore,Residential - Multi Storey Apartment
Magadi Main Road,Apr-Jun 2023,"8,194-14,854","11,524",5%,,Bangalore,Residential - Multi Storey Apartment
Magadi Main Road,Jan-Mar 2023,"7,647-14,257","10,952",3%,,Bangalore,Residential - Multi Storey Apartment
Magadi Main Road,Oct-Dec 2022,"7,953-13,301","10,627",90%,,Bangalore,Residential - Multi Storey Apartment
Magadi Main Road,Jul-Sep 2022,"4,182-6,993","5,588",5%,,Bangalore,Residential - Multi Storey Apartment
Magadi Main Road,Apr-Jun 2022,"4,293-7,478","5,886",29%,,Bangalore,Residential - Multi Storey Apartment
Magadi Main Road,Jan-Mar 2022,"5,548-11,123","8,336",15%,,Bangalore,Residential - Multi Storey Apartment
Magadi Main Road,Oct-Dec 2021,"7,997-11,692","9,844",1%,,Bangalore,Residential - Multi Storey Apartment
Magadi Main Road,Jul-Sep 2021,"8,265-11,616","9,941",1%,,Bangalore,Residential - Multi Storey Apartment
Magadi Main Road,Apr-Jun 2021,"8,439-11,710","10,074",7%,,Bangalore,Residential - Multi Storey Apartment
Magadi Main Road,Jan-Mar 2021,"7,265-11,634","9,449",1%,,Bangalore,Residential - Multi Storey Apartment
Magadi Main Road,Oct-Dec 2020,"7,564-11,487","9,525",4%,,Bangalore,Residential - Multi Storey Apartment
Magadi Main Road,Jul-Sep 2020,"6,852-11,448","9,150",3%,,Bangalore,Residential - Multi Storey Apartment
Magadi Main Road,Apr-Jun 2020,"7,087-11,790","9,439",2%,,Bangalore,Residential - Multi Storey Apartment
Magadi Main Road,Jan-Mar 2020,"7,449-11,721","9,585",3%,,Bangalore,Residential - Multi Storey Apartment
Magadi Main Road,Oct-Dec 2019,"8,140-11,672","9,906",3%,,Bangalore,Residential - Multi Storey Apartment
Magadi Main Road,Jul-Sep 2019,"7,862-11,455","9,659",14%,,Bangalore,Residential - Multi Storey Apartment
Magadi Main Road,Apr-Jun 2019,"6,062-10,884","8,473",3%,,Bangalore,Residential - Multi Storey Apartment
Magadi Main Road,Jan-Mar 2019,"5,713-10,737","8,225",6%,,Bangalore,Residential - Multi Storey Apartment
Magadi Main Road,Oct-Dec 2018,"6,504-10,962","8,733",3%,,Bangalore,Residential - Multi Storey Apartment
Magadi Main Road,Jul-Sep 2018,"6,551-10,480","8,515",13%,,Bangalore,Residential - Multi Storey Apartment
Balagere Road,Apr-Jun 2024,"8,933-14,280","11,607",9%,,Bangalore,Residential - Multi Storey Apartment
Balagere Road,Jan-Mar 2024,"7,987-13,282","10,634",5%,,Bangalore,Residential - Multi Storey Apartment
Balagere Road,Oct-Dec 2023,"7,795-12,450","10,122",2%,,Bangalore,Residential - Multi Storey Apartment
Balagere Road,Jul-Sep 2023,"7,646-12,212","11,350",2%,,Bangalore,Residential - Multi Storey Apartment
Balagere Road,Apr-Jun 2023,"7,497-11,975","9,150",1.80%,,Bangalore,Residential - Multi Storey Apartment
Balagere Road,Jan-Mar 2023,"7,358-11,759","8,000",2.10%,,Bangalore,Residential - Multi Storey Apartment
Balagere Road,Oct-Dec 2022,"7,210-11,519","8,150",1.70%,,Bangalore,Residential - Multi Storey Apartment
Balagere Road,Jul-Sep 2022,"7,091-11,337","7,950",2%,,Bangalore,Residential - Multi Storey Apartment
Balagere Road,Apr-Jun 2022,"6,949-11,091","7,900",1.80%,,Bangalore,Residential - Multi Storey Apartment
Balagere Road,Jan-Mar 2022,"6,818-10,866","7,450",2.20%,,Bangalore,Residential - Multi Storey Apartment
Balagere Road,Oct-Dec 2021,"6,679-10,628","7,600",2%,,Bangalore,Residential - Multi Storey Apartment
Balagere Road,Jul-Sep 2021,"6,552-10,437","7,450",2.10%,,Bangalore,Residential - Multi Storey Apartment
Balagere Road,Apr-Jun 2021,"6,419-10,213","7,400",1.80%,,Bangalore,Residential - Multi Storey Apartment
Balagere Road,Jan-Mar 2021,"6,282-9,986","6,500",2%,,Bangalore,Residential - Multi Storey Apartment
Balagere Road,Oct-Dec 2020,"6,157-9,782","6,500",2%,,Bangalore,Residential - Multi Storey Apartment
Balagere Road,Jul-Sep 2020,"6,041-9,593","6,700",1.80%,,Bangalore,Residential - Multi Storey Apartment
Balagere Road,Apr-Jun 2020,"5,927-9,401","6,850",1.70%,,Bangalore,Residential - Multi Storey Apartment
Balagere Road,Jan-Mar 2020,"5,814-9,221","6,900",2%,,Bangalore,Residential - Multi Storey Apartment
Balagere Road,Oct-Dec 2019,"5,701-9,041","6,700",2%,,Bangalore,Residential - Multi Storey Apartment
Balagere Road,Jul-Sep 2019,"5,814-9,221","6,800",2%,,Bangalore,Residential - Multi Storey Apartment
Balagere Road,Apr-Jun 2019,"5,479-8,687","6,800",1.80%,,Bangalore,Residential - Multi Storey Apartment
Balagere Road,Jan-Mar 2019,"5,369-8,516","6,450",2.10%,,Bangalore,Residential - Multi Storey Apartment
Balagere Road,Oct-Dec 2018,"5,261-8,351","6,400",1.80%,,Bangalore,Residential - Multi Storey Apartment
Balagere Road,Jul-Sep 2018,"5,153-8,186","6,300",1.90%,,Bangalore,Residential - Multi Storey Apartment
Whitefield,Jul-Sep 2024,"8,976-15,367","12,172",4%,,Bangalore,Residential - Multi Storey Apartment
Whitefield,Apr-Jun 2024,"8,616-14,728","11,672",6%,,Bangalore,Residential - Multi Storey Apartment
Whitefield,Jan-Mar 2024,"8,072-13,942","11,500",8%,,Bangalore,Residential - Multi Storey Apartment
Whitefield,Oct-Dec 2023,"7,503-12,904","11,200",5%,,Bangalore,Residential - Multi Storey Apartment
Whitefield,Jul-Sep 2023,"7,100-12,278","11,000",6%,,Bangalore,Residential - Multi Storey Apartment
Whitefield,Jan-Mar 2022,"7,100-12,279","10,980",2%,,Bangalore,Residential - Multi Storey Apartment
Whitefield,Oct-Dec 2021,"7,100-12,280","10,800",3%,,Bangalore,Residential - Multi Storey Apartment
Whitefield,Jul-Sep 2021,"7,100-12,281","10,700",1%,,Bangalore,Residential - Multi Storey Apartment
Whitefield,Apr-Jun 2021,"7,100-12,282","10,600",2%,,Bangalore,Residential - Multi Storey Apartment
Whitefield,Jan-Mar 2021,"7,100-12,283","10,500",2%,,Bangalore,Residential - Multi Storey Apartment
Whitefield,Oct-Dec 2020,"7,100-12,284","10,400",1%,,Bangalore,Residential - Multi Storey Apartment
Whitefield,Jul-Sep 2020,"7,100-12,285","10,300",1%,,Bangalore,Residential - Multi Storey Apartment
Whitefield,Apr-Jun 2020,"7,100-12,286","10,200",1%,,Bangalore,Residential - Multi Storey Apartment
Whitefield,Jan-Mar 2020,"7,100-12,287","10,100",1.80%,,Bangalore,Residential - Multi Storey Apartment
Whitefield,Oct-Dec 2019,"7,100-12,288","10,030",1.60%,,Bangalore,Residential - Multi Storey Apartment
Whitefield,Jul-Sep 2019,"7,100-12,289","10,020",0.10%,,Bangalore,Residential - Multi Storey Apartment
Whitefield,Apr-Jun 2019,"7,100-12,290","9,900",2%,,Bangalore,Residential - Multi Storey Apartment
Whitefield,Jan-Mar 2019,"7,100-12,291","9,800",2%,,Bangalore,Residential - Multi Storey Apartment
Whitefield,Oct-Dec 2018,"7,100-12,292","9,700",0.10%,,Bangalore,Residential - Multi Storey Apartment
Whitefield,Jul-Sep 2018,"7,100-12,293","9,689",2%,,Bangalore,Residential - Multi Storey Apartment
Kudlu,Jul-Sep 2024,"5,880-9,600","7,740",3%,,Bangalore,Residential - Multi Storey Apartment
Kudlu,Apr-Jun 2024,"5,540-9,470","7,505",10%,,Bangalore,Residential - Multi Storey Apartment
Kudlu,Jan-Mar 2024,"5,005-8,660","6,833",2.40%,,Bangalore,Residential - Multi Storey Apartment
Kudlu,Oct-Dec 2023,"5,295-8,165","5,900",3.10%,,Bangalore,Residential - Multi Storey Apartment
Kudlu,Jul-Sep 2023,"5,137-7,918","6,350",2.90%,,Bangalore,Residential - Multi Storey Apartment
Kudlu,Jan-Mar 2022,"4,278-7,166","5,722",5%,,Bangalore,Residential - Multi Storey Apartment
Kudlu,Oct-Dec 2021,"4,024-6,884","5,454",2%,,Bangalore,Residential - Multi Storey Apartment
Kudlu,Jul-Sep 2021,"4,090-7,044","5,567",2%,,Bangalore,Residential - Multi Storey Apartment
Kudlu,Apr-Jun 2021,"3,929-6,937","5,433",6%,,Bangalore,Residential - Multi Storey Apartment
Kudlu,Jan-Mar 2021,"4,082-7,470","5,776",9%,,Bangalore,Residential - Multi Storey Apartment
Kudlu,Oct-Dec 2020,"4,716-7,921","6,318",1%,,Bangalore,Residential - Multi Storey Apartment
Kudlu,Jul-Sep 2020,"4,589-7,896","6,242",1%,,Bangalore,Residential - Multi Storey Apartment
Kudlu,Apr-Jun 2020,"4,586-7,754","6,170",1%,,Bangalore,Residential - Multi Storey Apartment
Kudlu,Jan-Mar 2020,"4,397-7,863","6,130",3%,,Bangalore,Residential - Multi Storey Apartment
Kudlu,Oct-Dec 2019,"4,307-7,644","5,976",10%,,Bangalore,Residential - Multi Storey Apartment
Kudlu,Jul-Sep 2019,"5,233-8,076","6,654",5%,,Bangalore,Residential - Multi Storey Apartment
Kudlu,Apr-Jun 2019,"4,721-7,950","6,336",2%,,Bangalore,Residential - Multi Storey Apartment
Kudlu,Jan-Mar 2019,"4,609-7,782","6,195",4%,,Bangalore,Residential - Multi Storey Apartment
Kudlu,Oct-Dec 2018,"4,990-7,941","6,465",3%,,Bangalore,Residential - Multi Storey Apartment
Kudlu,Jul-Sep 2018,"4,871-7,649","6,260",1%,,Bangalore,Residential - Multi Storey Apartment
Outer Ring Road,Jul-Sep 2024,"6,893-12,320","9,606",4%,,Bangalore,Residential - Multi Storey Apartment
Outer Ring Road,Apr-Jun 2024,"6,570-11,842","9,206",3%,,Bangalore,Residential - Multi Storey Apartment
Outer Ring Road,Jan-Mar 2024,"6,341-11,578","8,959",7%,,Bangalore,Residential - Multi Storey Apartment
Outer Ring Road,Oct-Dec 2023,"5,827-10,855","8,341",12%,,Bangalore,Residential - Multi Storey Apartment
Outer Ring Road,Jul-Sep 2023,"5,163-9,674","7,418",2%,,Bangalore,Residential - Multi Storey Apartment
Outer Ring Road,Apr-Jun 2023,"5,062-9,486","7,274",7%,,Bangalore,Residential - Multi Storey Apartment
Outer Ring Road,Jan-Mar 2023,"4,824-8,770","6,797",22%,,Bangalore,Residential - Multi Storey Apartment
Outer Ring Road,Oct-Dec 2022,"6,988-10,498","8,743",2%,,Bangalore,Residential - Multi Storey Apartment
Outer Ring Road,Jul-Sep 2022,"6,991-10,925","8,958",9%,,Bangalore,Residential - Multi Storey Apartment
Outer Ring Road,Apr-Jun 2022,"6,415-10,071","8,243",2%,,Bangalore,Residential - Multi Storey Apartment
Outer Ring Road,Jan-Mar 2022,"6,261-9,855","8,058",5%,,Bangalore,Residential - Multi Storey Apartment
Outer Ring Road,Oct-Dec 2021,"5,880-9,426","7,653",4%,,Bangalore,Residential - Multi Storey Apartment
Outer Ring Road,Jul-Sep 2021,"6,238-9,715","7,976",6%,,Bangalore,Residential - Multi Storey Apartment
Outer Ring Road,Apr-Jun 2021,"6,531-10,367","8,449",4%,,Bangalore,Residential - Multi Storey Apartment
Outer Ring Road,Jan-Mar 2021,"6,168-10,027","8,098",4%,,Bangalore,Residential - Multi Storey Apartment
Outer Ring Road,Oct-Dec 2020,"6,140-9,364","7,752",2%,,Bangalore,Residential - Multi Storey Apartment
Outer Ring Road,Jul-Sep 2020,"6,226-9,034","7,630",1%,,Bangalore,Residential - Multi Storey Apartment
Outer Ring Road,Apr-Jun 2020,"6,315-8,864","7,589",2%,,Bangalore,Residential - Multi Storey Apartment
Outer Ring Road,Jan-Mar 2020,"6,178-8,770","7,474",0.20%,,Bangalore,Residential - Multi Storey Apartment
Outer Ring Road,Oct-Dec 2019,"6,374-8,538","7,456",0.40%,,Bangalore,Residential - Multi Storey Apartment
Outer Ring Road,Jul-Sep 2019,"6,167-8,810","7,488",1%,,Bangalore,Residential - Multi Storey Apartment
Outer Ring Road,Apr-Jun 2019,"6,142-8,751","7,446",2%,,Bangalore,Residential - Multi Storey Apartment
Outer Ring Road,Jan-Mar 2019,"5,872-8,698","7,285",1%,,Bangalore,Residential - Multi Storey Apartment
Outer Ring Road,Oct-Dec 2018,"5,798-8,627","7,212",0.40%,,Bangalore,Residential - Multi Storey Apartment
Outer Ring Road,Jul-Sep 2018,"5,666-8,695","7,181",2%,,Bangalore,Residential - Multi Storey Apartment
Basapaura Main Road,Jul-Sep 2024,"5,952-10,508","8,230",4%,,Bangalore,Residential - Multi Storey Apartment
Basapaura Main Road,Apr-Jun 2024,"5,654-10,204","7,929",8%,,Bangalore,Residential - Multi Storey Apartment
Basapaura Main Road,Jan-Mar 2024,"5,516-9,112","7,314",1%,,Bangalore,Residential - Multi Storey Apartment
Basapaura Main Road,Oct-Dec 2023,"5,600-8,941","7,271",3.70%,,Bangalore,Residential - Multi Storey Apartment
Basapaura Main Road,Jul-Sep 2023,"5,421-8,754","7,087",5%,,Bangalore,Residential - Multi Storey Apartment
Basapaura Main Road,Apr-Jun 2023,"5,190-8,403","6,801",3%,,Bangalore,Residential - Multi Storey Apartment
Basapaura Main Road,Jan-Mar 2023,"4,950-8,100","6,420",2%,,Bangalore,Residential - Multi Storey Apartment
Basapaura Main Road,Oct-Dec 2022,"4,800-7,850","6,200",2%,,Bangalore,Residential - Multi Storey Apartment
Basapaura Main Road,Jul-Sep 2022,"4,600-7,500","6,050",1%,,Bangalore,Residential - Multi Storey Apartment
Basapaura Main Road,Apr-Jun 2022,"4,500-7,200","5,850",1%,,Bangalore,Residential - Multi Storey Apartment
Basapaura Main Road,Jan-Mar 2022,"4,300-7,000","5,620",1%,,Bangalore,Residential - Multi Storey Apartment
Basapaura Main Road,Oct-Dec 2021,"4,100-6,800","5,460",1%,,Bangalore,Residential - Multi Storey Apartment
Basapaura Main Road,Jul-Sep 2021,"3,950-6,500","5,225",1%,,Bangalore,Residential - Multi Storey Apartment
Basapaura Main Road,Apr-Jun 2021,"3,850-6,300","5,025",1%,,Bangalore,Residential - Multi Storey Apartment
Basapaura Main Road,Jan-Mar 2021,"3,750-6,100","4,925",1%,,Bangalore,Residential - Multi Storey Apartment
Basapaura Main Road,Oct-Dec 2020,"3,500-5,800","4,650",0%,,Bangalore,Residential - Multi Storey Apartment
Basapaura Main Road,Jul-Sep 2020,"3,300-5,500","4,400",0%,,Bangalore,Residential - Multi Storey Apartment
Basapaura Main Road,Apr-Jun 2020,"3,100-5,300","4,150",0%,,Bangalore,Residential - Multi Storey Apartment
Basapaura Main Road,Jan-Mar 2020,"2,900-5,100","4,000",0%,,Bangalore,Residential - Multi Storey Apartment
Basapaura Main Road,Oct-Dec 2019,"2,700-4,800","3,800",0%,,Bangalore,Residential - Multi Storey Apartment
Basapaura Main Road,Jul-Sep 2019,"2,600-4,700","3,650",0%,,Bangalore,Residential - Multi Storey Apartment
Basapaura Main Road,Apr-Jun 2019,"2,500-4,500","3,400",0%,,Bangalore,Residential - Multi Storey Apartment
Basapaura Main Road,Jan-Mar 2019,"2,400-4,300","3,150",0%,,Bangalore,Residential - Multi Storey Apartment
Basapaura Main Road,Oct-Dec 2018,"2,200-4,000","2,600",0%,,Bangalore,Residential - Multi Storey Apartment
Basapaura Main Road,Jul-Sep 2018,"2,100-3,800","2,500",0%,,Bangalore,Residential - Multi Storey Apartment
Kogilu,Jul-Sep 2024,"7,937-11,207","9,572",2%,,Bangalore,Residential - Multi Storey Apartment
Kogilu,Apr-Jun 2024,"7,709-11,011","9,360",8%,,Bangalore,Residential - Multi Storey Apartment
Kogilu,Jan-Mar 2024,"7,049-10,354","8,702",3%,,Bangalore,Residential - Multi Storey Apartment
Kogilu,Oct-Dec 2023,"6,604-10,308","8,456",8%,,Bangalore,Residential - Multi Storey Apartment
Kogilu,Jul-Sep 2023,"5,808-9,877","7,843",2%,,Bangalore,Residential - Multi Storey Apartment
Kogilu,Apr-Jun 2023,"5,663-9,789","7,726",2%,,Bangalore,Residential - Multi Storey Apartment
Kogilu,Jan-Mar 2023,"5,853-9,853","7,853",11%,,Bangalore,Residential - Multi Storey Apartment
Kogilu,Oct-Dec 2022,"5,097-9,019","7,058",4%,,Bangalore,Residential - Multi Storey Apartment
Kogilu,Jul-Sep 2022,"5,050-8,497","6,774",6%,,Bangalore,Residential - Multi Storey Apartment
Kogilu,Apr-Jun 2022,"4,623-8,156","6,389",0.10%,,Bangalore,Residential - Multi Storey Apartment
Kogilu,Jan-Mar 2022,"4,626-8,138","6,382",2%,,Bangalore,Residential - Multi Storey Apartment
Kogilu,Oct-Dec 2021,"4,720-8,361","6,540",9%,,Bangalore,Residential - Multi Storey Apartment
Kogilu,Jul-Sep 2021,"4,379-7,614","5,997",19%,,Bangalore,Residential - Multi Storey Apartment
Kogilu,Apr-Jun 2021,"3,939-6,107","5,023",1%,,Bangalore,Residential - Multi Storey Apartment
Kogilu,Jan-Mar 2021,"3,935-6,201","5,068",13%,,Bangalore,Residential - Multi Storey Apartment
Kogilu,Oct-Dec 2020,"4,324-7,315","5,820",2%,,Bangalore,Residential - Multi Storey Apartment
Kogilu,Jul-Sep 2020,"4,414-6,995","5,705",3%,,Bangalore,Residential - Multi Storey Apartment
Kogilu,Apr-Jun 2020,"4,371-6,690","5,531",2%,,Bangalore,Residential - Multi Storey Apartment
Kogilu,Jan-Mar 2020,"4,289-6,606","5,447",2%,,Bangalore,Residential - Multi Storey Apartment
Kogilu,Oct-Dec 2019,"4,263-6,862","5,563",1%,,Bangalore,Residential - Multi Storey Apartment
Kogilu,Jul-Sep 2019,"4,208-6,802","5,505",3%,,Bangalore,Residential - Multi Storey Apartment
Kogilu,Apr-Jun 2019,"4,141-6,522","5,331",1%,,Bangalore,Residential - Multi Storey Apartment
Kogilu,Jan-Mar 2019,"4,149-6,669","5,409",1%,,Bangalore,Residential - Multi Storey Apartment
Kogilu,Oct-Dec 2018,"4,225-6,685","5,455",1%,,Bangalore,Residential - Multi Storey Apartment
Kogilu,Jul-Sep 2018,"4,212-6,622","5,417",4%,,Bangalore,Residential - Multi Storey Apartment
Vittal Mallya Road,Jul-Sep 2024,"15,009-24,122","19,565",0.20%,,Bangalore,Residential - Multi Storey Apartment
Vittal Mallya Road,Apr-Jun 2024,"15,777-23,263","19,520",2%,,Bangalore,Residential - Multi Storey Apartment
Vittal Mallya Road,Jan-Mar 2024,"15,001-24,832","19,917",12%,,Bangalore,Residential - Multi Storey Apartment
Vittal Mallya Road,Oct-Dec 2023,"13,604-22,085","17,844",11%,,Bangalore,Residential - Multi Storey Apartment
Vittal Mallya Road,Jul-Sep 2023,"14,219-25,975","20,097",4.10%,,Bangalore,Residential - Multi Storey Apartment
Vittal Mallya Road,Apr-Jun 2023,"13,560-24,120","18,840",4%,,Bangalore,Residential - Multi Storey Apartment
Vittal Mallya Road,Jan-Mar 2023,"13,300-23,500","18,450",3%,,Bangalore,Residential - Multi Storey Apartment
Vittal Mallya Road,Oct-Dec 2022,"12,800-22,000","17,400",3%,,Bangalore,Residential - Multi Storey Apartment
Vittal Mallya Road,Jul-Sep 2022,"12,300-21,500","16,900",2%,,Bangalore,Residential - Multi Storey Apartment
Vittal Mallya Road,Apr-Jun 2022,"12,000-20,500","16,250",2%,,Bangalore,Residential - Multi Storey Apartment
Vittal Mallya Road,Jan-Mar 2022,"11,700-20,000","15,850",1%,,Bangalore,Residential - Multi Storey Apartment
Vittal Mallya Road,Oct-Dec 2021,"11,200-19,500","15,350",1%,,Bangalore,Residential - Multi Storey Apartment
Vittal Mallya Road,Jul-Sep 2021,"10,800-18,700","14,750",1%,,Bangalore,Residential - Multi Storey Apartment
Vittal Mallya Road,Apr-Jun 2021,"10,500-18,200","14,350",1%,,Bangalore,Residential - Multi Storey Apartment
Vittal Mallya Road,Jan-Mar 2021,"10,200-17,800","13,950",1%,,Bangalore,Residential - Multi Storey Apartment
Vittal Mallya Road,Oct-Dec 2020,"9,900-17,200","13,550",0%,,Bangalore,Residential - Multi Storey Apartment
Vittal Mallya Road,Jul-Sep 2020,"9,500-16,500","13,000",0%,,Bangalore,Residential - Multi Storey Apartment
Vittal Mallya Road,Apr-Jun 2020,"9,200-16,100","12,650",0%,,Bangalore,Residential - Multi Storey Apartment
Vittal Mallya Road,Jan-Mar 2020,"8,900-15,800","12,350",0%,,Bangalore,Residential - Multi Storey Apartment
Vittal Mallya Road,Oct-Dec 2019,"8,600-15,200","12,000",0%,,Bangalore,Residential - Multi Storey Apartment
Vittal Mallya Road,Jul-Sep 2019,"8,300-14,800","11,550",0%,,Bangalore,Residential - Multi Storey Apartment
Vittal Mallya Road,Apr-Jun 2019,"8,000-14,500","11,200",0%,,Bangalore,Residential - Multi Storey Apartment
Vittal Mallya Road,Jan-Mar 2019,"7,700-14,200","10,850",0%,,Bangalore,Residential - Multi Storey Apartment
Vittal Mallya Road,Oct-Dec 2018,"7,400-13,800","10,500",0%,,Bangalore,Residential - Multi Storey Apartment
Vittal Mallya Road,Jul-Sep 2018,"7,100-13,300","10,150",0%,,Bangalore,Residential - Multi Storey Apartment
Bannerughatta,Jul-Sep 2024,"8,256-14,380","11,318",1%,,Bangalore,Residential - Multi Storey Apartment
Bannerughatta,Apr-Jun 2024,"8,218-14,176","11,197",22%,,Bangalore,Residential - Multi Storey Apartment
Bannerughatta,Jan-Mar 2024,"6,452-11,902","9,177",7%,,Bangalore,Residential - Multi Storey Apartment
Bannerughatta,Oct-Dec 2023,"6,044-11,076","8,560",3%,,Bangalore,Residential - Multi Storey Apartment
Bannerughatta,Jul-Sep 2023,"6,724-10,908","8,816",2%,,Bangalore,Residential - Multi Storey Apartment
Bannerughatta,Jan-Mar 2022,"5,326-8,364","6,845",6%,,Bangalore,Residential - Multi Storey Apartment
Bannerughatta,Oct-Dec 2021,"5,893-8,725","7,309",2%,,Bangalore,Residential - Multi Storey Apartment
Bannerughatta,Jul-Sep 2021,"5,881-8,444","7,163",2%,,Bangalore,Residential - Multi Storey Apartment
Bannerughatta,Apr-Jun 2021,"5,429-8,565","6,997",5%,,Bangalore,Residential - Multi Storey Apartment
Bannerughatta,Jan-Mar 2021,"5,212-8,103","6,657",4%,,Bangalore,Residential - Multi Storey Apartment
Bannerughatta,Oct-Dec 2020,"5,180-7,652","6,416",0.20%,,Bangalore,Residential - Multi Storey Apartment
Bannerughatta,Jul-Sep 2020,"4,952-7,848","6,400",1%,,Bangalore,Residential - Multi Storey Apartment
Bannerughatta,Apr-Jun 2020,"4,994-7,991","6,493",4%,,Bangalore,Residential - Multi Storey Apartment
Bannerughatta,Jan-Mar 2020,"5,202-8,273","6,738",4%,,Bangalore,Residential - Multi Storey Apartment
Bannerughatta,Oct-Dec 2019,"5,390-8,672","7,031",4%,,Bangalore,Residential - Multi Storey Apartment
OMBR Layout,Oct-Dec 2023,"5,707-9,144","7,425",3.20%,,Bangalore,Residential - Multi Storey Apartment
OMBR Layout,Oct-Dec 2022,"5,307-8,081","6,694",1%,,Bangalore,Residential - Multi Storey Apartment
OMBR Layout,Jul-Sep 2022,"5,440-8,100","6,770",8%,,Bangalore,Residential - Multi Storey Apartment
OMBR Layout,Apr-Jun 2022,"5,015-7,519","6,267",3.40%,,Bangalore,Residential - Multi Storey Apartment
OMBR Layout,Jan-Mar 2022,"5,130-7,342","6,236",7%,,Bangalore,Residential - Multi Storey Apartment
OMBR Layout,Oct-Dec 2021,"5,317-8,080","6,698",2%,,Bangalore,Residential - Multi Storey Apartment
OMBR Layout,Jul-Sep 2021,"5,319-7,774","6,547",3.30%,,Bangalore,Residential - Multi Storey Apartment
OMBR Layout,Oct-Dec 2018,"4,740-6,559","5,649",2.70%,,Bangalore,Residential - Multi Storey Apartment
Konanakunte,Jul-Sep 2024,"6,163-10,752","8,458",6%,,Bangalore,Residential - Multi Storey Apartment
Konanakunte,Apr-Jun 2024,"6,212-11,833","9,022",6%,,Bangalore,Residential - Multi Storey Apartment
Konanakunte,Jan-Mar 2024,"6,863-10,089","8,476",7%,,Bangalore,Residential - Multi Storey Apartment
Konanakunte,Oct-Dec 2023,"6,849-11,419","9,134",10%,,Bangalore,Residential - Multi Storey Apartment
Konanakunte,Jul-Sep 2023,"6,244-10,420","8,332",11%,,Bangalore,Residential - Multi Storey Apartment
Konanakunte,Apr-Jun 2023,"6,471-12,353","9,412",15%,,Bangalore,Residential - Multi Storey Apartment
Konanakunte,Jan-Mar 2023,"5,753-10,612","8,183",7%,,Bangalore,Residential - Multi Storey Apartment
Konanakunte,Oct-Dec 2022,"6,237-11,438","8,838",14%,,Bangalore,Residential - Multi Storey Apartment
Konanakunte,Jul-Sep 2022,"5,217-10,278","7,748",1%,,Bangalore,Residential - Multi Storey Apartment
Konanakunte,Apr-Jun 2022,"5,024-10,265","7,645",14%,,Bangalore,Residential - Multi Storey Apartment
Konanakunte,Jan-Mar 2022,"6,640-11,096","8,868",1%,,Bangalore,Residential - Multi Storey Apartment
Konanakunte,Oct-Dec 2021,"6,898-10,627","8,762",7%,,Bangalore,Residential - Multi Storey Apartment
Konanakunte,Jul-Sep 2021,"6,292-10,096","8,194",2%,,Bangalore,Residential - Multi Storey Apartment
Konanakunte,Apr-Jun 2021,"6,250-9,835","8,042",3%,,Bangalore,Residential - Multi Storey Apartment
Konanakunte,Jan-Mar 2021,"5,899-9,732","7,815",2%,,Bangalore,Residential - Multi Storey Apartment
Konanakunte,Oct-Dec 2020,"6,344-9,554","7,949",1%,,Bangalore,Residential - Multi Storey Apartment
Konanakunte,Jul-Sep 2020,"6,503-9,481","7,992",2%,,Bangalore,Residential - Multi Storey Apartment
Konanakunte,Apr-Jun 2020,"6,728-9,535","8,131",5%,,Bangalore,Residential - Multi Storey Apartment
Konanakunte,Jan-Mar 2020,"5,902-9,515","7,708",3.10%,,Bangalore,Residential - Multi Storey Apartment
Konanakunte,Oct-Dec 2019,"5,948-9,463","7,705",4%,,Bangalore,Residential - Multi Storey Apartment
Konanakunte,Jul-Sep 2019,"5,553-9,214","7,383",4%,,Bangalore,Residential - Multi Storey Apartment
Konanakunte,Apr-Jun 2019,"5,207-8,947","7,077",16%,,Bangalore,Residential - Multi Storey Apartment
Konanakunte,Jan-Mar 2019,"4,233-8,008","6,120",0.40%,,Bangalore,Residential - Multi Storey Apartment
Konanakunte,Oct-Dec 2018,"4,450-7,738","6,094",6%,,Bangalore,Residential - Multi Storey Apartment
Konanakunte,Jul-Sep 2018,"4,161-7,360","5,761",11%,,Bangalore,Residential - Multi Storey Apartment
Bannerghatta Main Road,Jul-Sep 2024,"6,715-11,937","9,326",8%,,Bangalore,Residential - Multi Storey Apartment
Bannerghatta Main Road,Apr-Jun 2024,"6,003-11,205","8,604",7%,,Bangalore,Residential - Multi Storey Apartment
Bannerghatta Main Road,Jan-Mar 2024,"5,534-10,504","8,019",9%,,Bangalore,Residential - Multi Storey Apartment
Bannerghatta Main Road,Oct-Dec 2023,"4,996-9,675","7,336",7%,,Bangalore,Residential - Multi Storey Apartment
Bannerghatta Main Road,Jul-Sep 2023,"4,684-9,078","6,881",4%,,Bangalore,Residential - Multi Storey Apartment
Bannerghatta Main Road,Apr-Jun 2023,"4,973-9,426","7,200",7%,,Bangalore,Residential - Multi Storey Apartment
Bannerghatta Main Road,Jan-Mar 2023,"4,702-8,720","6,711",1%,,Bangalore,Residential - Multi Storey Apartment
Bannerghatta Main Road,Oct-Dec 2022,"4,653-8,598","6,625",10%,,Bangalore,Residential - Multi Storey Apartment
Bannerghatta Main Road,Jul-Sep 2022,"4,241-7,852","6,047",6%,,Bangalore,Residential - Multi Storey Apartment
Bannerghatta Main Road,Apr-Jun 2022,"4,102-7,297","5,700",7%,,Bangalore,Residential - Multi Storey Apartment
Bannerghatta Main Road,Jan-Mar 2022,"3,937-6,726","5,331",3%,,Bangalore,Residential - Multi Storey Apartment
Bannerghatta Main Road,Oct-Dec 2021,"4,020-6,927","5,473",1%,,Bangalore,Residential - Multi Storey Apartment
Bannerghatta Main Road,Jul-Sep 2021,"3,996-6,845","5,421",0.30%,,Bangalore,Residential - Multi Storey Apartment
Bannerghatta Main Road,Apr-Jun 2021,"4,030-6,844","5,437",9%,,Bangalore,Residential - Multi Storey Apartment
Bannerghatta Main Road,Jan-Mar 2021,"3,713-6,253","4,983",7%,,Bangalore,Residential - Multi Storey Apartment
Bannerghatta Main Road,Oct-Dec 2020,"4,017-6,648","5,333",1%,,Bangalore,Residential - Multi Storey Apartment
Bannerghatta Main Road,Jul-Sep 2020,"3,943-6,572","5,257",1%,,Bangalore,Residential - Multi Storey Apartment
Bannerghatta Main Road,Apr-Jun 2020,"3,963-6,684","5,324",3%,,Bangalore,Residential - Multi Storey Apartment
Bannerghatta Main Road,Jan-Mar 2020,"4,151-6,847","5,499",2%,,Bangalore,Residential - Multi Storey Apartment
Bannerghatta Main Road,Oct-Dec 2019,"4,180-7,052","5,616",3%,,Bangalore,Residential - Multi Storey Apartment
Bannerghatta Main Road,Jul-Sep 2019,"4,107-6,748","5,428",7%,,Bangalore,Residential - Multi Storey Apartment
Bannerghatta Main Road,Apr-Jun 2019,"3,882-6,305","5,093",1%,,Bangalore,Residential - Multi Storey Apartment
Bannerghatta Main Road,Jan-Mar 2019,"3,844-6,203","5,024",0.20%,,Bangalore,Residential - Multi Storey Apartment
Bannerghatta Main Road,Oct-Dec 2018,"3,879-6,184","5,032",1%,,Bangalore,Residential - Multi Storey Apartment
Bannerghatta Main Road,Jul-Sep 2018,"3,859-6,292","5,075",2%,,Bangalore,Residential - Multi Storey Apartment
Viviani Road,Jul-Sep 2024,"8,555-14,631","11,593",4%,,Bangalore,Residential - Multi Storey Apartment
Viviani Road,Apr-Jun 2024,"8,964-15,160","12,062",3.70%,,Bangalore,Residential - Multi Storey Apartment
Viviani Road,Jan-Mar 2024,"9,208-15,620","12,414",5%,,Bangalore,Residential - Multi Storey Apartment
Viviani Road,Oct-Dec 2023,"9,173-15,570","12,351",6.00%,,Bangalore,Residential - Multi Storey Apartment
Viviani Road,Jul-Sep 2023,"9,173-15,949","12,561",8%,,Bangalore,Residential - Multi Storey Apartment
Viviani Road,Apr-Jun 2023,"8,940-14,330","11,635",5%,,Bangalore,Residential - Multi Storey Apartment
Viviani Road,Jan-Mar 2023,"8,657-14,141","11,399",4%,,Bangalore,Residential - Multi Storey Apartment
Viviani Road,Oct-Dec 2022,"8,428-13,824","11,126",3%,,Bangalore,Residential - Multi Storey Apartment
Viviani Road,Jul-Sep 2022,"8,234-13,498","10,866",3%,,Bangalore,Residential - Multi Storey Apartment
Viviani Road,Apr-Jun 2022,"8,052-13,193","10,622",3%,,Bangalore,Residential - Multi Storey Apartment
Viviani Road,Jan-Mar 2022,"7,879-12,876","10,377",2%,,Bangalore,Residential - Multi Storey Apartment
Viviani Road,Oct-Dec 2021,"7,732-12,528","10,130",2%,,Bangalore,Residential - Multi Storey Apartment
Viviani Road,Jul-Sep 2021,"7,591-12,207","9,899",2%,,Bangalore,Residential - Multi Storey Apartment
Viviani Road,Apr-Jun 2021,"7,463-11,899","9,681",2%,,Bangalore,Residential - Multi Storey Apartment
Viviani Road,Jan-Mar 2021,"7,327-11,579","9,453",2%,,Bangalore,Residential - Multi Storey Apartment
Viviani Road,Oct-Dec 2020,"7,189-11,263","9,226",2%,,Bangalore,Residential - Multi Storey Apartment
Viviani Road,Jul-Sep 2020,"7,053-10,941","9,000",2%,,Bangalore,Residential - Multi Storey Apartment
Viviani Road,Apr-Jun 2020,"6,925-10,632","8,779",1%,,Bangalore,Residential - Multi Storey Apartment
Viviani Road,Jan-Mar 2020,"6,801-10,323","8,562",1%,,Bangalore,Residential - Multi Storey Apartment
Viviani Road,Oct-Dec 2019,"6,672-10,018","8,345",1%,,Bangalore,Residential - Multi Storey Apartment
Viviani Road,Jul-Sep 2019,"6,553-9,739","8,146",1%,,Bangalore,Residential - Multi Storey Apartment
Viviani Road,Apr-Jun 2019,"6,435-9,469","7,952",1%,,Bangalore,Residential - Multi Storey Apartment
Viviani Road,Jan-Mar 2019,"6,325-9,204","7,764",1%,,Bangalore,Residential - Multi Storey Apartment
Viviani Road,Oct-Dec 2018,"6,209-8,953","7,581",1%,,Bangalore,Residential - Multi Storey Apartment
Viviani Road,Jul-Sep 2018,"6,098-8,707","7,403",1%,,Bangalore,Residential - Multi Storey Apartment
Koramangala,Jul-Sep 2024,"11,250-18,124","14,687",3%,,Bangalore,Residential - Multi Storey Apartment
Koramangala,Apr-Jun 2024,"10,925-17,493","14,209",3%,,Bangalore,Residential - Multi Storey Apartment
Koramangala,Jan-Mar 2024,"10,852-16,789","13,821",2%,,Bangalore,Residential - Multi Storey Apartment
Koramangala,Oct-Dec 2023,"10,640-16,465","13,553",3%,,Bangalore,Residential - Multi Storey Apartment
Koramangala,Jul-Sep 2023,"10,458-15,937","13,197",3%,,Bangalore,Residential - Multi Storey Apartment
Koramangala,Apr-Jun 2023,"10,046-15,669","12,857",3%,,Bangalore,Residential - Multi Storey Apartment
Koramangala,Jan-Mar 2023,"9,620-15,276","12,448",4%,,Bangalore,Residential - Multi Storey Apartment
Koramangala,Oct-Dec 2022,"9,141-14,863","12,002",0.20%,,Bangalore,Residential - Multi Storey Apartment
Koramangala,Jul-Sep 2022,"9,227-14,833","12,030",4%,,Bangalore,Residential - Multi Storey Apartment
Koramangala,Apr-Jun 2022,"8,745-14,499","11,622",2%,,Bangalore,Residential - Multi Storey Apartment
Koramangala,Jan-Mar 2022,"8,598-14,227","11,413",1%,,Bangalore,Residential - Multi Storey Apartment
Koramangala,Oct-Dec 2021,"8,596-14,033","11,315",5%,,Bangalore,Residential - Multi Storey Apartment
Koramangala,Jul-Sep 2021,"8,000-13,637","10,818",2%,,Bangalore,Residential - Multi Storey Apartment
Koramangala,Apr-Jun 2021,"7,782-13,359","10,571",3%,,Bangalore,Residential - Multi Storey Apartment
Koramangala,Jan-Mar 2021,"8,036-13,688","10,862",6%,,Bangalore,Residential - Multi Storey Apartment
Koramangala,Oct-Dec 2020,"8,817-14,324","11,570",3%,,Bangalore,Residential - Multi Storey Apartment
Koramangala,Jul-Sep 2020,"8,416-14,019","11,218",2%,,Bangalore,Residential - Multi Storey Apartment
Koramangala,Apr-Jun 2020,"8,745-14,196","11,471",2%,,Bangalore,Residential - Multi Storey Apartment
Koramangala,Jan-Mar 2020,"9,066-14,251","11,659",5%,,Bangalore,Residential - Multi Storey Apartment
Koramangala,Oct-Dec 2019,"8,562-13,582","11,072",0.20%,,Bangalore,Residential - Multi Storey Apartment
Koramangala,Jul-Sep 2019,"8,531-13,561","11,046",2%,,Bangalore,Residential - Multi Storey Apartment
Koramangala,Apr-Jun 2019,"8,571-13,876","11,224",6%,,Bangalore,Residential - Multi Storey Apartment
Koramangala,Jan-Mar 2019,"7,814-13,421","10,617",0.30%,,Bangalore,Residential - Multi Storey Apartment
Koramangala,Oct-Dec 2018,"8,102-13,189","10,646",3%,,Bangalore,Residential - Multi Storey Apartment
Koramangala,Jul-Sep 2018,"8,490-13,447","10,968",3%,,Bangalore,Residential - Multi Storey Apartment
Bannerghatta Anekal Road,Jul-Sep 2024,"4,133-6,099","5,116",5%,,Bangalore,Residential - Multi Storey Apartment
Bannerghatta Anekal Road,Apr-Jun 2024,"3,936-5,786","4,861",1%,,Bangalore,Residential - Multi Storey Apartment
Bannerghatta Anekal Road,Jan-Mar 2024,"3,879-5,909","4,894",,,Bangalore,Residential - Multi Storey Apartment
Bannerghatta Anekal Road,Oct-Dec 2023,"3,800-6,300","6,050",,,Bangalore,Residential - Multi Storey Apartment
Bannerghatta Anekal Road,Jul-Sep 2023,"3,850-6,350","6,100",,,Bangalore,Residential - Multi Storey Apartment
Bannerghatta Anekal Road,Apr-Jun 2023,"3,900-6,200","6,050",,,Bangalore,Residential - Multi Storey Apartment
Bannerghatta Anekal Road,Jan-Mar 2023,"3,950-6,350","6,300",,,Bangalore,Residential - Multi Storey Apartment
Bannerghatta Anekal Road,Oct-Dec 2022,"4,000-6,700","6,850",,,Bangalore,Residential - Multi Storey Apartment
Bannerghatta Anekal Road,Jul-Sep 2022,"4,050-6,650","6,600",,,Bangalore,Residential - Multi Storey Apartment
Bannerghatta Anekal Road,Apr-Jun 2022,"3,800-6,400","5,600",,,Bangalore,Residential - Multi Storey Apartment
Bannerghatta Anekal Road,Jan-Mar 2022,"3,850-6,400","5,550",,,Bangalore,Residential - Multi Storey Apartment
Bannerghatta Anekal Road,Oct-Dec 2021,"3,750-6,250","5,300",,,Bangalore,Residential - Multi Storey Apartment
Bannerghatta Anekal Road,Jul-Sep 2021,"3,800-6,250","5,750",,,Bangalore,Residential - Multi Storey Apartment
Bannerghatta Anekal Road,Apr-Jun 2021,"3,700-6,200","5,250",,,Bangalore,Residential - Multi Storey Apartment
Bannerghatta Anekal Road,Jan-Mar 2021,"3,750-6,250","5,500",,,Bangalore,Residential - Multi Storey Apartment
Bannerghatta Anekal Road,Oct-Dec 2020,"3,800-6,300","5,650",-,,Bangalore,Residential - Multi Storey Apartment
Bannerghatta Anekal Road,Jul-Sep 2020,"3,750-6,200","5,100",-,,Bangalore,Residential - Multi Storey Apartment
Bannerghatta Anekal Road,Apr-Jun 2020,"3,700-6,200","5,400",-,,Bangalore,Residential - Multi Storey Apartment
Bannerghatta Anekal Road,Jan-Mar 2020,"3,750-6,200","5,750",-,,Bangalore,Residential - Multi Storey Apartment
Bannerghatta Anekal Road,Oct-Dec 2019,"3,750-6,200","5,650",-,,Bangalore,Residential - Multi Storey Apartment
Bannerghatta Anekal Road,Jul-Sep 2019,"3,800-6,300","5,700",,,Bangalore,Residential - Multi Storey Apartment
Bannerghatta Anekal Road,Apr-Jun 2019,"3,750-6,250","5,300",,,Bangalore,Residential - Multi Storey Apartment
Bannerghatta Anekal Road,Jan-Mar 2019,"3,700-6,150","5,200",,,Bangalore,Residential - Multi Storey Apartment
Bannerghatta Anekal Road,Oct-Dec 2018,"3,600-6,100","4,950",,,Bangalore,Residential - Multi Storey Apartment
Bannerghatta Anekal Road,Jul-Sep 2018,"3,500-6,000","4,700",,,Bangalore,Residential - Multi Storey Apartment
Bangalore University Road,Jul-Sep 2024,"6,597-10,625","8,611",1%,,Bangalore,Residential - Multi Storey Apartment
Bangalore University Road,Apr-Jun 2024,"6,865-10,508","8,687",0.90%,,Bangalore,Residential - Multi Storey Apartment
Bangalore University Road,Jan-Mar 2024,"6,945-10,750","8,748",1%,,Bangalore,Residential - Multi Storey Apartment
Bangalore University Road,Oct-Dec 2023,"6,875-10,653","8,661",2%,,Bangalore,Residential - Multi Storey Apartment
Bangalore University Road,Jul-Sep 2023,"6,739-10,489","8,614",1%,,Bangalore,Residential - Multi Storey Apartment
Bangalore University Road,Apr-Jun 2023,"6,695-10,400","8,511",2%,,Bangalore,Residential - Multi Storey Apartment
Bangalore University Road,Jan-Mar 2023,"6,618-10,208","8,352",3%,,Bangalore,Residential - Multi Storey Apartment
Bangalore University Road,Oct-Dec 2022,"6,495-10,005","8,146",2%,,Bangalore,Residential - Multi Storey Apartment
Bangalore University Road,Jul-Sep 2022,"6,402-9,853","8,007",1%,,Bangalore,Residential - Multi Storey Apartment
Bangalore University Road,Apr-Jun 2022,"6,335-9,741","7,904",1%,,Bangalore,Residential - Multi Storey Apartment
Bangalore University Road,Jan-Mar 2022,"6,257-9,542","7,726",1%,,Bangalore,Residential - Multi Storey Apartment
Bangalore University Road,Oct-Dec 2021,"6,184-9,380","7,651",1%,,Bangalore,Residential - Multi Storey Apartment
Bangalore University Road,Jul-Sep 2021,"6,098-9,193","7,556",,,Bangalore,Residential - Multi Storey Apartment
Bangalore University Road,Apr-Jun 2021,"6,056-9,081","7,498",,,Bangalore,Residential - Multi Storey Apartment
Bangalore University Road,Jan-Mar 2021,"5,980-8,934","7,375",,,Bangalore,Residential - Multi Storey Apartment
Bangalore University Road,Oct-Dec 2020,"5,917-8,812","7,294",,,Bangalore,Residential - Multi Storey Apartment
Bangalore University Road,Jul-Sep 2020,"5,849-8,726","7,900",,,Bangalore,Residential - Multi Storey Apartment
Bangalore University Road,Apr-Jun 2020,"5,799-8,644","7,500",,,Bangalore,Residential - Multi Storey Apartment
Bangalore University Road,Jan-Mar 2020,"5,726-8,524","7,008",,,Bangalore,Residential - Multi Storey Apartment
Bangalore University Road,Oct-Dec 2019,"5,682-8,462","6,945",,,Bangalore,Residential - Multi Storey Apartment
Bangalore University Road,Jul-Sep 2019,"5,624-8,401","6,896",,,Bangalore,Residential - Multi Storey Apartment
Bangalore University Road,Apr-Jun 2019,"5,584-8,312","6,832",,,Bangalore,Residential - Multi Storey Apartment
Bangalore University Road,Jan-Mar 2019,"5,528-8,267","6,774",,,Bangalore,Residential - Multi Storey Apartment
Bangalore University Road,Oct-Dec 2018,"5,478-8,204","6,713",,,Bangalore,Residential - Multi Storey Apartment
Bangalore University Road,Jul-Sep 2018,"5,428-8,158","6,642",,,Bangalore,Residential - Multi Storey Apartment
Kothanur,Jul-Sep 2024,"6,248-10,999","8,624",6%,,Bangalore,Residential - Multi Storey Apartment
Kothanur,Apr-Jun 2024,"5,912-10,330","8,121",3%,,Bangalore,Residential - Multi Storey Apartment
Kothanur,Jan-Mar 2024,"6,235-10,469","8,352",4%,,Bangalore,Residential - Multi Storey Apartment
Kothanur,Oct-Dec 2023,"6,325-9,763","8,044",7%,,Bangalore,Residential - Multi Storey Apartment
Kothanur,Jul-Sep 2023,"5,922-9,170","7,546",6%,,Bangalore,Residential - Multi Storey Apartment
Kothanur,Apr-Jun 2023,"5,305-8,941","7,123",1%,,Bangalore,Residential - Multi Storey Apartment
Kothanur,Jan-Mar 2023,"5,153-9,015","7,084",6%,,Bangalore,Residential - Multi Storey Apartment
Kothanur,Oct-Dec 2022,"4,981-8,350","6,665",7%,,Bangalore,Residential - Multi Storey Apartment
Kothanur,Jul-Sep 2022,"4,778-7,730","6,254",7%,,Bangalore,Residential - Multi Storey Apartment
Kothanur,Apr-Jun 2022,"4,373-7,325","5,849",5%,,Bangalore,Residential - Multi Storey Apartment
Kothanur,Jan-Mar 2022,"4,700-7,566","6,133",1%,,Bangalore,Residential - Multi Storey Apartment
Kothanur,Oct-Dec 2021,"4,797-7,647","6,222",4%,,Bangalore,Residential - Multi Storey Apartment
Kothanur,Jul-Sep 2021,"4,527-7,410","5,968",12%,,Bangalore,Residential - Multi Storey Apartment
Kothanur,Apr-Jun 2021,"3,996-6,618","5,307",5%,,Bangalore,Residential - Multi Storey Apartment
Kothanur,Jan-Mar 2021,"4,159-6,962","5,560",1%,,Bangalore,Residential - Multi Storey Apartment
Kothanur,Oct-Dec 2020,"4,153-6,903","5,528",1%,,Bangalore,Residential - Multi Storey Apartment
Kothanur,Jul-Sep 2020,"4,346-6,861","5,603",3%,,Bangalore,Residential - Multi Storey Apartment
Kothanur,Apr-Jun 2020,"4,494-7,084","5,789",-,,Bangalore,Residential - Multi Storey Apartment
Kothanur,Jan-Mar 2020,"4,363-7,219","5,791",2%,,Bangalore,Residential - Multi Storey Apartment
Kothanur,Oct-Dec 2019,"4,724-7,102","5,913",2%,,Bangalore,Residential - Multi Storey Apartment
Kothanur,Jul-Sep 2019,"4,671-7,433","6,052",7%,,Bangalore,Residential - Multi Storey Apartment
Kothanur,Apr-Jun 2019,"4,534-6,740","5,637",4%,,Bangalore,Residential - Multi Storey Apartment
Kothanur,Jan-Mar 2019,"4,165-6,699","5,432",3%,,Bangalore,Residential - Multi Storey Apartment
Kothanur,Oct-Dec 2018,"4,057-6,492","5,274",3%,,Bangalore,Residential - Multi Storey Apartment
Kothanur,Jul-Sep 2018,"4,280-6,651","5,465",2%,,Bangalore,Residential - Multi Storey Apartment
Banaswadi,Jul-Sep 2024,"6,164-9,927","8,046",4%,,Bangalore,Residential - Multi Storey Apartment
Banaswadi,Apr-Jun 2024,"5,800-9,603","7,701",2%,,Bangalore,Residential - Multi Storey Apartment
Banaswadi,Jan-Mar 2024,"5,978-9,676","7,827",9%,,Bangalore,Residential - Multi Storey Apartment
Banaswadi,Oct-Dec 2023,"5,098-9,241","7,170",3%,,Bangalore,Residential - Multi Storey Apartment
Banaswadi,Jul-Sep 2023,"5,141-9,665","7,403",34%,,Bangalore,Residential - Multi Storey Apartment
Banaswadi,Apr-Jun 2023,"7,471-15,049","11,260",15%,,Bangalore,Residential - Multi Storey Apartment
Banaswadi,Jan-Mar 2023,"10,177-16,303","13,240",103%,,Bangalore,Residential - Multi Storey Apartment
Banaswadi,Oct-Dec 2022,"5,072-7,967","6,520",4%,,Bangalore,Residential - Multi Storey Apartment
Banaswadi,Jul-Sep 2022,"4,813-7,721","6,267",5%,,Bangalore,Residential - Multi Storey Apartment
Banaswadi,Apr-Jun 2022,"4,516-7,399","5,958",2%,,Bangalore,Residential - Multi Storey Apartment
Banaswadi,Jan-Mar 2022,"4,551-7,116","5,834",4%,,Bangalore,Residential - Multi Storey Apartment
Banaswadi,Oct-Dec 2021,"4,677-7,417","6,047",2%,,Bangalore,Residential - Multi Storey Apartment
Banaswadi,Jul-Sep 2021,"4,591-7,315","5,953",5%,,Bangalore,Residential - Multi Storey Apartment
Banaswadi,Apr-Jun 2021,"4,391-6,899","5,645",,,Bangalore,Residential - Multi Storey Apartment
Banaswadi,Jan-Mar 2021,"4,437-6,849","5,643",2%,,Bangalore,Residential - Multi Storey Apartment
Banaswadi,Oct-Dec 2020,"4,313-6,798","5,556",2%,,Bangalore,Residential - Multi Storey Apartment
Banaswadi,Jul-Sep 2020,"4,363-6,554","5,459",0.30%,,Bangalore,Residential - Multi Storey Apartment
Banaswadi,Apr-Jun 2020,"4,362-6,526","5,444",0.10%,,Bangalore,Residential - Multi Storey Apartment
Banaswadi,Jan-Mar 2020,"4,272-6,602","5,437",1%,,Bangalore,Residential - Multi Storey Apartment
Banaswadi,Oct-Dec 2019,"4,279-6,519","5,399",0.20%,,Bangalore,Residential - Multi Storey Apartment
Banaswadi,Jul-Sep 2019,"4,252-6,565","5,408",1%,,Bangalore,Residential - Multi Storey Apartment
Banaswadi,Apr-Jun 2019,"4,195-6,679","5,437",1%,,Bangalore,Residential - Multi Storey Apartment
Banaswadi,Jan-Mar 2019,"4,383-6,605","5,494",4%,,Bangalore,Residential - Multi Storey Apartment
Banaswadi,Oct-Dec 2018,"4,391-6,157","5,274",1%,,Bangalore,Residential - Multi Storey Apartment
Banaswadi,Jul-Sep 2018,"4,166-6,293","5,230",4%,,Bangalore,Residential - Multi Storey Apartment
Old Madras Road,Jul-Sep 2024,"6,442-11,625","9,034",1%,,Bangalore,Residential - Multi Storey Apartment
Old Madras Road,Apr-Jun 2024,"6,380-11,482","8,931",5%,,Bangalore,Residential - Multi Storey Apartment
Old Madras Road,Jan-Mar 2024,"6,064-10,907","8,486",8%,,Bangalore,Residential - Multi Storey Apartment
Old Madras Road,Oct-Dec 2023,"5,621-10,104","7,863",4%,,Bangalore,Residential - Multi Storey Apartment
Old Madras Road,Jul-Sep 2023,"5,350-9,808","7,579",8%,,Bangalore,Residential - Multi Storey Apartment
Old Madras Road,Apr-Jun 2023,"5,064-8,972","7,018",1%,,Bangalore,Residential - Multi Storey Apartment
Old Madras Road,Jan-Mar 2023,"5,113-8,829","6,971",15%,,Bangalore,Residential - Multi Storey Apartment
Old Madras Road,Oct-Dec 2022,"4,535-7,592","6,064",6%,,Bangalore,Residential - Multi Storey Apartment
Old Madras Road,Jul-Sep 2022,"4,387-7,072","5,729",1%,,Bangalore,Residential - Multi Storey Apartment
Old Madras Road,Apr-Jun 2022,"4,390-6,931","5,661",2%,,Bangalore,Residential - Multi Storey Apartment
Old Madras Road,Jan-Mar 2022,"4,417-6,639","5,528",1%,,Bangalore,Residential - Multi Storey Apartment
Old Madras Road,Oct-Dec 2021,"4,315-6,607","5,461",2%,,Bangalore,Residential - Multi Storey Apartment
Old Madras Road,Jul-Sep 2021,"4,306-6,441","5,373",1%,,Bangalore,Residential - Multi Storey Apartment
Old Madras Road,Apr-Jun 2021,"4,167-6,483","5,325",2%,,Bangalore,Residential - Multi Storey Apartment
Old Madras Road,Jan-Mar 2021,"4,082-6,400","5,241",1%,,Bangalore,Residential - Multi Storey Apartment
Old Madras Road,Oct-Dec 2020,"3,988-6,372","5,180",2%,,Bangalore,Residential - Multi Storey Apartment
Old Madras Road,Jul-Sep 2020,"3,853-6,301","5,077",1%,,Bangalore,Residential - Multi Storey Apartment
Old Madras Road,Apr-Jun 2020,"3,854-6,184","5,019",1%,,Bangalore,Residential - Multi Storey Apartment
Old Madras Road,Jan-Mar 2020,"3,872-6,235","5,053",2%,,Bangalore,Residential - Multi Storey Apartment
Old Madras Road,Oct-Dec 2019,"3,759-6,102","4,931",1%,,Bangalore,Residential - Multi Storey Apartment
Old Madras Road,Jul-Sep 2019,"3,762-6,149","4,956",1%,,Bangalore,Residential - Multi Storey Apartment
Old Madras Road,Apr-Jun 2019,"3,770-6,249","5,009",3%,,Bangalore,Residential - Multi Storey Apartment
Old Madras Road,Jan-Mar 2019,"3,716-6,035","4,876",1%,,Bangalore,Residential - Multi Storey Apartment
Old Madras Road,Oct-Dec 2018,"3,732-6,079","4,905",1%,,Bangalore,Residential - Multi Storey Apartment
Old Madras Road,Jul-Sep 2018,"3,692-6,028","4,860",1%,,Bangalore,Residential - Multi Storey Apartment
Krishnarajapura,Jul-Sep 2024,"5,851-10,701","8,276",6%,,Bangalore,Residential - Multi Storey Apartment
Krishnarajapura,Apr-Jun 2024,"5,511-10,112","7,812",8%,,Bangalore,Residential - Multi Storey Apartment
Krishnarajapura,Jan-Mar 2024,"5,113-9,303","7,208",12%,,Bangalore,Residential - Multi Storey Apartment
Krishnarajapura,Oct-Dec 2023,"4,548-8,351","6,449",3%,,Bangalore,Residential - Multi Storey Apartment
Krishnarajapura,Jul-Sep 2023,"4,569-7,952","6,260",3%,,Bangalore,Residential - Multi Storey Apartment
Krishnarajapura,Apr-Jun 2023,"4,469-7,737","6,103",4%,,Bangalore,Residential - Multi Storey Apartment
Krishnarajapura,Jan-Mar 2023,"4,229-7,522","5,875",2%,,Bangalore,Residential - Multi Storey Apartment
Krishnarajapura,Oct-Dec 2022,"4,426-7,543","5,985",6%,,Bangalore,Residential - Multi Storey Apartment
Krishnarajapura,Jul-Sep 2022,"4,281-6,968","5,625",1%,,Bangalore,Residential - Multi Storey Apartment
Krishnarajapura,Apr-Jun 2022,"4,323-6,869","5,596",3%,,Bangalore,Residential - Multi Storey Apartment
Krishnarajapura,Jan-Mar 2022,"4,297-6,606","5,451",3%,,Bangalore,Residential - Multi Storey Apartment
Krishnarajapura,Oct-Dec 2021,"4,185-6,410","5,297",0.30%,,Bangalore,Residential - Multi Storey Apartment
Krishnarajapura,Jul-Sep 2021,"4,233-6,332","5,283",3%,,Bangalore,Residential - Multi Storey Apartment
Krishnarajapura,Apr-Jun 2021,"4,045-6,226","5,136",1%,,Bangalore,Residential - Multi Storey Apartment
Krishnarajapura,Jan-Mar 2021,"4,064-6,302","5,183",3%,,Bangalore,Residential - Multi Storey Apartment
Krishnarajapura,Oct-Dec 2020,"3,900-6,145","5,022",1%,,Bangalore,Residential - Multi Storey Apartment
Krishnarajapura,Jul-Sep 2020,"3,818-6,161","4,990",4%,,Bangalore,Residential - Multi Storey Apartment
Krishnarajapura,Apr-Jun 2020,"3,651-5,950","4,801",1%,,Bangalore,Residential - Multi Storey Apartment
Krishnarajapura,Jan-Mar 2020,"3,731-5,969","4,850",1%,,Bangalore,Residential - Multi Storey Apartment
Krishnarajapura,Oct-Dec 2019,"3,648-5,937","4,793",1%,,Bangalore,Residential - Multi Storey Apartment
Krishnarajapura,Jul-Sep 2019,"3,658-5,985","4,822",1%,,Bangalore,Residential - Multi Storey Apartment
Krishnarajapura,Apr-Jun 2019,"3,591-5,940","4,765",1%,,Bangalore,Residential - Multi Storey Apartment
Krishnarajapura,Jan-Mar 2019,"3,605-5,855","4,730",1%,,Bangalore,Residential - Multi Storey Apartment
Krishnarajapura,Oct-Dec 2018,"3,609-5,913","4,761",0.30%,,Bangalore,Residential - Multi Storey Apartment
Krishnarajapura,Jul-Sep 2018,"3,587-5,907","4,747",4%,,Bangalore,Residential - Multi Storey Apartment
Banashankari,Jul-Sep 2024,"7,063-12,219","9,641",6%,,Bangalore,Residential - Multi Storey Apartment
Banashankari,Apr-Jun 2024,"6,686-11,500","9,093",1.00%,,Bangalore,Residential - Multi Storey Apartment
Banashankari,Jan-Mar 2024,"6,594-11,332","8,963",0.40%,,Bangalore,Residential - Multi Storey Apartment
Banashankari,Oct-Dec 2023,"6,562-11,445","9,003",3%,,Bangalore,Residential - Multi Storey Apartment
Banashankari,Jul-Sep 2023,"6,277-11,191","8,734",21%,,Bangalore,Residential - Multi Storey Apartment
Banashankari,Apr-Jun 2023,"5,084-9,360","7,222",1%,,Bangalore,Residential - Multi Storey Apartment
Banashankari,Jan-Mar 2023,"5,269-8,990","7,130",8%,,Bangalore,Residential - Multi Storey Apartment
Banashankari,Oct-Dec 2022,"4,975-8,203","6,589",2%,,Bangalore,Residential - Multi Storey Apartment
Banashankari,Jul-Sep 2022,"4,871-8,034","6,452",2%,,Bangalore,Residential - Multi Storey Apartment
Banashankari,Apr-Jun 2022,"4,743-7,862","6,302",4%,,Bangalore,Residential - Multi Storey Apartment
Banashankari,Jan-Mar 2022,"4,567-7,594","6,081",0.30%,,Bangalore,Residential - Multi Storey Apartment
Banashankari,Oct-Dec 2021,"4,638-7,489","6,063",4.00%,,Bangalore,Residential - Multi Storey Apartment
Banashankari,Jul-Sep 2021,"4,482-7,187","5,834",0.10%,,Bangalore,Residential - Multi Storey Apartment
Banashankari,Apr-Jun 2021,"4,425-7,230","5,828",4%,,Bangalore,Residential - Multi Storey Apartment
Banashankari,Jan-Mar 2021,"4,305-6,868","5,587",4%,,Bangalore,Residential - Multi Storey Apartment
Banashankari,Oct-Dec 2020,"4,446-7,202","5,824",0.20%,,Bangalore,Residential - Multi Storey Apartment
Banashankari,Jul-Sep 2020,"4,376-7,291","5,833",12%,,Bangalore,Residential - Multi Storey Apartment
Banashankari,Apr-Jun 2020,"4,655-8,612","6,634",0.30%,,Bangalore,Residential - Multi Storey Apartment
Banashankari,Jan-Mar 2020,"4,652-8,572","6,612",7%,,Bangalore,Residential - Multi Storey Apartment
Banashankari,Oct-Dec 2019,"4,394-7,977","6,186",7%,,Bangalore,Residential - Multi Storey Apartment
Banashankari,Jul-Sep 2019,"4,731-8,581","6,656",5%,,Bangalore,Residential - Multi Storey Apartment
Banashankari,Apr-Jun 2019,"4,587-8,151","6,369",1%,,Bangalore,Residential - Multi Storey Apartment
Banashankari,Jan-Mar 2019,"4,579-8,065","6,322",1%,,Bangalore,Residential - Multi Storey Apartment
Banashankari,Oct-Dec 2018,"4,534-8,235","6,385",2%,,Bangalore,Residential - Multi Storey Apartment
Banashankari,Jul-Sep 2018,"4,461-8,016","6,239",6%,,Bangalore,Residential - Multi Storey Apartment
Neotown Road,Jul-Sep 2024,"3,666-6,840","5,253",13%,,Bangalore,Residential - Multi Storey Apartment
Neotown Road,Apr-Jun 2024,"3,410-5,895","4,653",3%,,Bangalore,Residential - Multi Storey Apartment
Neotown Road,Jan-Mar 2024,"3,521-6,098","4,810",4%,,Bangalore,Residential - Multi Storey Apartment
Neotown Road,Oct-Dec 2023,"3,356-5,855","4,605",,,Bangalore,Residential - Multi Storey Apartment
Mahadevapura,Jul-Sep 2024,"6,883-13,378","10,130",21%,,Bangalore,Residential - Multi Storey Apartment
Mahadevapura,Apr-Jun 2024,"9,409-16,264","12,837",7%,,Bangalore,Residential - Multi Storey Apartment
Mahadevapura,Jan-Mar 2024,"8,426-15,529","11,977",73%,,Bangalore,Residential - Multi Storey Apartment
Mahadevapura,Oct-Dec 2023,"5,034-8,803","6,919",17%,,Bangalore,Residential - Multi Storey Apartment
Mahadevapura,Jul-Sep 2023,"4,495-7,376","5,935",0.50%,,Bangalore,Residential - Multi Storey Apartment
Mahadevapura,Apr-Jun 2023,"4,750-7,173","5,962",2%,,Bangalore,Residential - Multi Storey Apartment
Mahadevapura,Jan-Mar 2023,"4,424-7,313","5,868",4%,,Bangalore,Residential - Multi Storey Apartment
Mahadevapura,Oct-Dec 2022,"4,440-7,729","6,085",2%,,Bangalore,Residential - Multi Storey Apartment
Mahadevapura,Jul-Sep 2022,"4,259-7,624","5,942",17%,,Bangalore,Residential - Multi Storey Apartment
Mahadevapura,Apr-Jun 2022,"5,106-9,198","7,152",11%,,Bangalore,Residential - Multi Storey Apartment
Mahadevapura,Jan-Mar 2022,"4,513-8,422","6,468",3%,,Bangalore,Residential - Multi Storey Apartment
Mahadevapura,Oct-Dec 2021,"4,530-8,035","6,283",3%,,Bangalore,Residential - Multi Storey Apartment
Mahadevapura,Jul-Sep 2021,"4,801-8,190","6,495",,,Bangalore,Residential - Multi Storey Apartment
Mahadevapura,Apr-Jun 2021,"4,884-8,102","6,493",1%,,Bangalore,Residential - Multi Storey Apartment
Mahadevapura,Jan-Mar 2021,"5,066-8,104","6,585",1%,,Bangalore,Residential - Multi Storey Apartment
Mahadevapura,Oct-Dec 2020,"4,993-8,039","6,516",1%,,Bangalore,Residential - Multi Storey Apartment
Mahadevapura,Jul-Sep 2020,"5,171-8,059","6,615",1%,,Bangalore,Residential - Multi Storey Apartment
Mahadevapura,Apr-Jun 2020,"5,184-7,879","6,532",2%,,Bangalore,Residential - Multi Storey Apartment
Mahadevapura,Jan-Mar 2020,"5,183-8,117","6,650",2%,,Bangalore,Residential - Multi Storey Apartment
Mahadevapura,Oct-Dec 2019,"5,027-8,066","6,546",3%,,Bangalore,Residential - Multi Storey Apartment
Mahadevapura,Jul-Sep 2019,"5,005-7,698","6,351",2%,,Bangalore,Residential - Multi Storey Apartment
Mahadevapura,Apr-Jun 2019,"4,828-7,590","6,209",0.20%,,Bangalore,Residential - Multi Storey Apartment
Mahadevapura,Jan-Mar 2019,"4,862-7,527","6,195",2%,,Bangalore,Residential - Multi Storey Apartment
Mahadevapura,Oct-Dec 2018,"4,635-7,470","6,053",4%,,Bangalore,Residential - Multi Storey Apartment
Mahadevapura,Jul-Sep 2018,"4,483-7,106","5,795",1%,,Bangalore,Residential - Multi Storey Apartment
Ashok Nagar,Jul-Sep 2024,"14,577-24,056","19,317",4%,,Bangalore,Residential - Multi Storey Apartment
Ashok Nagar,Apr-Jun 2024,"15,527-24,585","20,056",1%,,Bangalore,Residential - Multi Storey Apartment
Ashok Nagar,Jan-Mar 2024,"15,173-25,252","20,213",,,Bangalore,Residential - Multi Storey Apartment
Ashok Nagar,Jan-Mar 2023,-,"18,200",,,Bangalore,Residential - Multi Storey Apartment
Ashok Nagar,Oct-Dec 2022,-,"18,250",,,Bangalore,Residential - Multi Storey Apartment
Ashok Nagar,Jul-Sep 2022,-,"17,900",,,Bangalore,Residential - Multi Storey Apartment
Ashok Nagar,Jan-Mar 2022,-,"19,150",,,Bangalore,Residential - Multi Storey Apartment
Ashok Nagar,Oct-Dec 2021,-,"17,000",,,Bangalore,Residential - Multi Storey Apartment
Ashok Nagar,Apr-Jun 2021,-,"20,000",,,Bangalore,Residential - Multi Storey Apartment
Ashok Nagar,Jul-Sep 2020,-,"19,350",-,,Bangalore,Residential - Multi Storey Apartment
Ashok Nagar,Jan-Mar 2020,-,"34,350",-,,Bangalore,Residential - Multi Storey Apartment
Ashok Nagar,Jul-Sep 2019,-,"24,050",,,Bangalore,Residential - Multi Storey Apartment
Yelachenahalli,Jul-Sep 2024,"4,772-9,075","6,924",5%,,Bangalore,Residential - Multi Storey Apartment
Yelachenahalli,Apr-Jun 2024,"4,438-8,694","6,566",12%,,Bangalore,Residential - Multi Storey Apartment
Yelachenahalli,Jan-Mar 2024,"4,602-7,129","5,865",6%,,Bangalore,Residential - Multi Storey Apartment
Yelachenahalli,Oct-Dec 2023,"4,341-6,714","5,528",1%,,Bangalore,Residential - Multi Storey Apartment
Yelachenahalli,Jul-Sep 2023,"4,379-6,553","5,466",0.30%,,Bangalore,Residential - Multi Storey Apartment
Yelachenahalli,Apr-Jun 2023,"4,579-6,386","5,482",2%,,Bangalore,Residential - Multi Storey Apartment
Yelachenahalli,Jan-Mar 2023,"4,312-6,456","5,384",3%,,Bangalore,Residential - Multi Storey Apartment
Yelachenahalli,Oct-Dec 2022,"4,214-6,300","5,400",4%,,Bangalore,Residential - Multi Storey Apartment
Yelachenahalli,Jul-Sep 2022,"4,151-6,200","5,300",3.50%,,Bangalore,Residential - Multi Storey Apartment
Yelachenahalli,Apr-Jun 2022,"4,100-6,050","5,200",4%,,Bangalore,Residential - Multi Storey Apartment
Yelachenahalli,Jan-Mar 2022,"4,060-6,000","5,150",5%,,Bangalore,Residential - Multi Storey Apartment
Yelachenahalli,Oct-Dec 2021,"4,000-5,900","5,100",4%,,Bangalore,Residential - Multi Storey Apartment
Yelachenahalli,Jul-Sep 2021,"3,950-5,850","5,000",5%,,Bangalore,Residential - Multi Storey Apartment
Yelachenahalli,Apr-Jun 2021,"3,900-5,800","4,950",3%,,Bangalore,Residential - Multi Storey Apartment
Yelachenahalli,Jan-Mar 2021,"3,850-5,700","4,900",4%,,Bangalore,Residential - Multi Storey Apartment
Yelachenahalli,Oct-Dec 2020,"3,800-5,600","4,850",3%,,Bangalore,Residential - Multi Storey Apartment
Yelachenahalli,Jul-Sep 2020,"3,750-5,500","4,800",3%,,Bangalore,Residential - Multi Storey Apartment
Yelachenahalli,Apr-Jun 2020,"3,700-5,400","4,750",2%,,Bangalore,Residential - Multi Storey Apartment
Yelachenahalli,Jan-Mar 2020,"3,650-5,300","4,700",3%,,Bangalore,Residential - Multi Storey Apartment
Yelachenahalli,Oct-Dec 2019,"3,600-5,200","4,650",3%,,Bangalore,Residential - Multi Storey Apartment
Yelachenahalli,Jul-Sep 2019,"3,550-5,100","4,600",3%,,Bangalore,Residential - Multi Storey Apartment
Yelachenahalli,Apr-Jun 2019,"3,500-5,000","4,550",3%,,Bangalore,Residential - Multi Storey Apartment
Yelachenahalli,Jan-Mar 2019,"3,450-4,900","4,500",2%,,Bangalore,Residential - Multi Storey Apartment
Yelachenahalli,Oct-Dec 2018,"3,400-4,800","4,450",2%,,Bangalore,Residential - Multi Storey Apartment
Yelachenahalli,Jul-Sep 2018,"3,350-4,700","4,400",3%,,Bangalore,Residential - Multi Storey Apartment
Nagavara,Jul-Sep 2024,"7,936-12,585","10,261",1%,,Bangalore,Residential - Multi Storey Apartment
Nagavara,Apr-Jun 2024,"8,030-12,620","10,325",5%,,Bangalore,Residential - Multi Storey Apartment
Nagavara,Jan-Mar 2024,"7,478-12,259","9,868",1%,,Bangalore,Residential - Multi Storey Apartment
Nagavara,Oct-Dec 2023,"7,509-12,337","9,923",16%,,Bangalore,Residential - Multi Storey Apartment
Nagavara,Jul-Sep 2023,"6,493-10,549","8,521",9%,,Bangalore,Residential - Multi Storey Apartment
Nagavara,Apr-Jun 2023,"5,963-9,709","7,836",4%,,Bangalore,Residential - Multi Storey Apartment
Nagavara,Jan-Mar 2023,"5,770-9,347","7,558",12%,,Bangalore,Residential - Multi Storey Apartment
Nagavara,Oct-Dec 2022,"6,604-10,662","8,633",1%,,Bangalore,Residential - Multi Storey Apartment
Nagavara,Jul-Sep 2022,"6,894-10,582","8,738",5%,,Bangalore,Residential - Multi Storey Apartment
Nagavara,Apr-Jun 2022,"6,437-10,234","8,335",7%,,Bangalore,Residential - Multi Storey Apartment
Nagavara,Jan-Mar 2022,"5,762-9,754","7,758",1%,,Bangalore,Residential - Multi Storey Apartment
Nagavara,Oct-Dec 2021,"5,625-9,796","7,711",3%,,Bangalore,Residential - Multi Storey Apartment
Nagavara,Jul-Sep 2021,"5,478-9,528","7,503",2%,,Bangalore,Residential - Multi Storey Apartment
Nagavara,Apr-Jun 2021,"5,204-9,459","7,332",2%,,Bangalore,Residential - Multi Storey Apartment
Nagavara,Jan-Mar 2021,"5,379-9,531","7,455",13%,,Bangalore,Residential - Multi Storey Apartment
Nagavara,Oct-Dec 2020,"4,894-8,342","6,618",2%,,Bangalore,Residential - Multi Storey Apartment
Nagavara,Jul-Sep 2020,"4,952-8,011","6,481",3%,,Bangalore,Residential - Multi Storey Apartment
Nagavara,Apr-Jun 2020,"5,078-8,294","6,686",1%,,Bangalore,Residential - Multi Storey Apartment
Nagavara,Jan-Mar 2020,"4,900-8,319","6,610",4%,,Bangalore,Residential - Multi Storey Apartment
Nagavara,Oct-Dec 2019,"5,450-8,254","6,852",1%,,Bangalore,Residential - Multi Storey Apartment
Nagavara,Jul-Sep 2019,"5,472-8,430","6,951",4%,,Bangalore,Residential - Multi Storey Apartment
Nagavara,Apr-Jun 2019,"5,695-8,806","7,251",2%,,Bangalore,Residential - Multi Storey Apartment
Nagavara,Jan-Mar 2019,"5,824-8,926","7,375",1%,,Bangalore,Residential - Multi Storey Apartment
Nagavara,Oct-Dec 2018,"5,931-8,617","7,274",4%,,Bangalore,Residential - Multi Storey Apartment
Nagavara,Jul-Sep 2018,"5,412-8,551","6,981",4%,,Bangalore,Residential - Multi Storey Apartment
Yelahanka Road,Jul-Sep 2024,"5,393-8,636","7,015",,,Bangalore,Residential - Multi Storey Apartment
Yelahanka Road,Apr-Jun 2024,"5,450-8,575","7,013",,,Bangalore,Residential - Multi Storey Apartment
Yelahanka Road,Oct-Dec 2023,"4,812-7,877","6,344",,,Bangalore,Residential - Multi Storey Apartment
Yelahanka Road,Jul-Sep 2023,"5,000-8,400","7,200",,,Bangalore,Residential - Multi Storey Apartment
Yelahanka Road,Apr-Jun 2023,"5,050-8,300","7,100",,,Bangalore,Residential - Multi Storey Apartment
Yelahanka Road,Jan-Mar 2023,"5,000-8,100","6,650",,,Bangalore,Residential - Multi Storey Apartment
Yelahanka Road,Oct-Dec 2022,"5,050-8,200","6,650",,,Bangalore,Residential - Multi Storey Apartment
Yelahanka Road,Jul-Sep 2022,"5,000-8,100","6,550",,,Bangalore,Residential - Multi Storey Apartment
Yelahanka Road,Apr-Jun 2022,"4,800-7,900","5,850",,,Bangalore,Residential - Multi Storey Apartment
Yelahanka Road,Jan-Mar 2022,"4,850-7,950","6,000",,,Bangalore,Residential - Multi Storey Apartment
Yelahanka Road,Oct-Dec 2021,"4,850-7,950","6,000",,,Bangalore,Residential - Multi Storey Apartment
Yelahanka Road,Jul-Sep 2021,"4,750-7,800","5,750",,,Bangalore,Residential - Multi Storey Apartment
Yelahanka Road,Apr-Jun 2021,"4,700-7,750","5,450",,,Bangalore,Residential - Multi Storey Apartment
Yelahanka Road,Jan-Mar 2021,"4,750-7,800","5,550",,,Bangalore,Residential - Multi Storey Apartment
Yelahanka Road,Oct-Dec 2020,"4,700-7,700","5,500",-,,Bangalore,Residential - Multi Storey Apartment
Yelahanka Road,Jul-Sep 2020,"4,750-7,800","5,650",-,,Bangalore,Residential - Multi Storey Apartment
Yelahanka Road,Apr-Jun 2020,"4,700-7,750","5,600",-,,Bangalore,Residential - Multi Storey Apartment
Yelahanka Road,Jan-Mar 2020,"4,650-7,700","5,500",,,Bangalore,Residential - Multi Storey Apartment
Yelahanka Road,Oct-Dec 2019,"4,600-7,700","5,300",,,Bangalore,Residential - Multi Storey Apartment
Yelahanka Road,Jul-Sep 2019,"4,600-7,700","5,300",,,Bangalore,Residential - Multi Storey Apartment
Yelahanka Road,Apr-Jun 2019,"4,650-7,700","5,350",,,Bangalore,Residential - Multi Storey Apartment
Yelahanka Road,Jan-Mar 2019,"4,500-7,600","5,150",,,Bangalore,Residential - Multi Storey Apartment
Yelahanka Road,Oct-Dec 2018,"4,500-7,600","5,150",,,Bangalore,Residential - Multi Storey Apartment
Yelahanka Road,Jul-Sep 2018,"4,500-7,600","5,150",,,Bangalore,Residential - Multi Storey Apartment
Marathahalli Sarjapur Outer Ring Road,Jul-Sep 2024,"9,715-15,870","12,793",2%,,Bangalore,Residential - Multi Storey Apartment
Marathahalli Sarjapur Outer Ring Road,Apr-Jun 2024,"9,609-15,532","12,570",3%,,Bangalore,Residential - Multi Storey Apartment
Marathahalli Sarjapur Outer Ring Road,Jan-Mar 2024,"9,384-15,096","12,240",10%,,Bangalore,Residential - Multi Storey Apartment
Marathahalli Sarjapur Outer Ring Road,Oct-Dec 2023,"8,182-14,140","11,161",13%,,Bangalore,Residential - Multi Storey Apartment
Marathahalli Sarjapur Outer Ring Road,Jul-Sep 2023,"7,187-12,490","9,839",9%,,Bangalore,Residential - Multi Storey Apartment
Marathahalli Sarjapur Outer Ring Road,Apr-Jun 2023,"6,689-11,355","9,022",10%,,Bangalore,Residential - Multi Storey Apartment
Marathahalli Sarjapur Outer Ring Road,Jan-Mar 2023,"6,072-10,318","8,195",5%,,Bangalore,Residential - Multi Storey Apartment
Marathahalli Sarjapur Outer Ring Road,Oct-Dec 2022,"7,634-11,609","9,622",3%,,Bangalore,Residential - Multi Storey Apartment
Marathahalli Sarjapur Outer Ring Road,Jul-Sep 2022,"7,640-11,092","9,366",3%,,Bangalore,Residential - Multi Storey Apartment
Marathahalli Sarjapur Outer Ring Road,Apr-Jun 2022,"7,487-10,715","9,101",2%,,Bangalore,Residential - Multi Storey Apartment
Marathahalli Sarjapur Outer Ring Road,Jan-Mar 2022,"7,373-10,497","8,935",3%,,Bangalore,Residential - Multi Storey Apartment
Marathahalli Sarjapur Outer Ring Road,Oct-Dec 2021,"7,105-10,253","8,679",1%,,Bangalore,Residential - Multi Storey Apartment
Marathahalli Sarjapur Outer Ring Road,Jul-Sep 2021,"7,022-10,198","8,610",7%,,Bangalore,Residential - Multi Storey Apartment
Marathahalli Sarjapur Outer Ring Road,Apr-Jun 2021,"6,511-9,646","8,079",2%,,Bangalore,Residential - Multi Storey Apartment
Marathahalli Sarjapur Outer Ring Road,Jan-Mar 2021,"6,543-9,329","7,936",1%,,Bangalore,Residential - Multi Storey Apartment
Marathahalli Sarjapur Outer Ring Road,Oct-Dec 2020,"6,486-9,192","7,839",3%,,Bangalore,Residential - Multi Storey Apartment
Marathahalli Sarjapur Outer Ring Road,Jul-Sep 2020,"6,546-9,589","8,068",1%,,Bangalore,Residential - Multi Storey Apartment
Marathahalli Sarjapur Outer Ring Road,Apr-Jun 2020,"6,489-9,537","8,013",5%,,Bangalore,Residential - Multi Storey Apartment
Marathahalli Sarjapur Outer Ring Road,Jan-Mar 2020,"6,284-8,986","7,635",4%,,Bangalore,Residential - Multi Storey Apartment
Marathahalli Sarjapur Outer Ring Road,Oct-Dec 2019,"6,252-8,402","7,327",1%,,Bangalore,Residential - Multi Storey Apartment
Marathahalli Sarjapur Outer Ring Road,Jul-Sep 2019,"6,238-8,314","7,276",1%,,Bangalore,Residential - Multi Storey Apartment
Marathahalli Sarjapur Outer Ring Road,Apr-Jun 2019,"6,297-8,149","7,223",1%,,Bangalore,Residential - Multi Storey Apartment
Marathahalli Sarjapur Outer Ring Road,Jan-Mar 2019,"6,408-8,257","7,332",2%,,Bangalore,Residential - Multi Storey Apartment
Marathahalli Sarjapur Outer Ring Road,Oct-Dec 2018,"6,681-8,298","7,490",3%,,Bangalore,Residential - Multi Storey Apartment
Marathahalli Sarjapur Outer Ring Road,Jul-Sep 2018,"6,256-8,327","7,291",7%,,Bangalore,Residential - Multi Storey Apartment
Ambalipura Sarjapur Road,Jul-Sep 2024,"8,107-13,569","10,838",1%,,Bangalore,Residential - Multi Storey Apartment
Ambalipura Sarjapur Road,Apr-Jun 2024,"7,818-13,687","10,753",4%,,Bangalore,Residential - Multi Storey Apartment
Ambalipura Sarjapur Road,Jan-Mar 2024,"7,584-13,069","10,327",17%,,Bangalore,Residential - Multi Storey Apartment
Ambalipura Sarjapur Road,Oct-Dec 2023,"6,295-11,406","8,851",,,Bangalore,Residential - Multi Storey Apartment
Ambalipura Sarjapur Road,Jul-Sep 2023,-,"7,850",,,Bangalore,Residential - Multi Storey Apartment
Ambalipura Sarjapur Road,Apr-Jun 2023,-,"6,000",,,Bangalore,Residential - Multi Storey Apartment
Ambalipura Sarjapur Road,Jan-Mar 2023,-,"6,600",,,Bangalore,Residential - Multi Storey Apartment
Ambalipura Sarjapur Road,Oct-Dec 2022,-,"6,350",,,Bangalore,Residential - Multi Storey Apartment
Ambalipura Sarjapur Road,Jul-Sep 2022,-,"6,350",,,Bangalore,Residential - Multi Storey Apartment
Ambalipura Sarjapur Road,Apr-Jun 2022,-,"6,250",,,Bangalore,Residential - Multi Storey Apartment
Ambalipura Sarjapur Road,Jan-Mar 2022,-,"6,150",,,Bangalore,Residential - Multi Storey Apartment
Ambalipura Sarjapur Road,Oct-Dec 2021,-,"6,100",,,Bangalore,Residential - Multi Storey Apartment
Ambalipura Sarjapur Road,Jul-Sep 2021,-,"6,000",,,Bangalore,Residential - Multi Storey Apartment
Ambalipura Sarjapur Road,Apr-Jun 2021,-,"5,800",,,Bangalore,Residential - Multi Storey Apartment
Ambalipura Sarjapur Road,Jan-Mar 2021,-,"5,700",,,Bangalore,Residential - Multi Storey Apartment
Ambalipura Sarjapur Road,Oct-Dec 2020,-,"6,050",,,Bangalore,Residential - Multi Storey Apartment
Ambalipura Sarjapur Road,Jul-Sep 2020,-,"6,000",,,Bangalore,Residential - Multi Storey Apartment
Ambalipura Sarjapur Road,Apr-Jun 2020,-,"5,950",,,Bangalore,Residential - Multi Storey Apartment
Ambalipura Sarjapur Road,Jan-Mar 2020,-,"5,700",-,,Bangalore,Residential - Multi Storey Apartment
Ambalipura Sarjapur Road,Oct-Dec 2019,-,"5,550",-,,Bangalore,Residential - Multi Storey Apartment
Ambalipura Sarjapur Road,Jul-Sep 2019,-,"5,250",,,Bangalore,Residential - Multi Storey Apartment
Ambalipura Sarjapur Road,Apr-Jun 2019,-,"5,050",,,Bangalore,Residential - Multi Storey Apartment
Ambalipura Sarjapur Road,Jan-Mar 2019,-,"5,850",,,Bangalore,Residential - Multi Storey Apartment
Ambalipura Sarjapur Road,Oct-Dec 2018,-,"5,700",,,Bangalore,Residential - Multi Storey Apartment
Ambalipura Sarjapur Road,Jul-Sep 2018,-,"4,850",,,Bangalore,Residential - Multi Storey Apartment
MedaHalli,Jul-Sep 2024,"4,215-7,980","6,097",,,Bangalore,Residential - Multi Storey Apartment
MedaHalli,Jan-Mar 2023,"6,208-8,315","7,261",83%,,Bangalore,Residential - Multi Storey Apartment
MedaHalli,Oct-Dec 2022,"3,029-4,917","3,973",9%,,Bangalore,Residential - Multi Storey Apartment
MedaHalli,Jul-Sep 2022,"3,002-5,763","4,382",,,Bangalore,Residential - Multi Storey Apartment
Nagasandra,Jul-Sep 2024,"6,959-11,357","9,158",,,Bangalore,Residential - Multi Storey Apartment
Nagasandra,Jan-Mar 2024,"6,612-10,538","8,575",12%,,Bangalore,Residential - Multi Storey Apartment
Nagasandra,Oct-Dec 2023,"6,062-9,258","7,660",4%,,Bangalore,Residential - Multi Storey Apartment
Nagasandra,Jul-Sep 2023,"6,159-8,640","7,399",,,Bangalore,Residential - Multi Storey Apartment
Nagasandra,Jul-Sep 2022,"5,423-7,892","6,657",5%,,Bangalore,Residential - Multi Storey Apartment
Nagasandra,Apr-Jun 2022,"5,175-7,488","6,332",3%,,Bangalore,Residential - Multi Storey Apartment
Nagasandra,Jan-Mar 2022,"5,147-7,144","6,146",2%,,Bangalore,Residential - Multi Storey Apartment
Nagasandra,Oct-Dec 2021,"5,213-7,354","6,283",,,Bangalore,Residential - Multi Storey Apartment
Akshayanagar,Jul-Sep 2024,"6,259-11,530","8,895",20%,,Bangalore,Residential - Multi Storey Apartment
Akshayanagar,Apr-Jun 2024,"5,097-9,758","7,427",13%,,Bangalore,Residential - Multi Storey Apartment
Akshayanagar,Jan-Mar 2024,"4,631-8,547","6,589",14%,,Bangalore,Residential - Multi Storey Apartment
Akshayanagar,Oct-Dec 2023,"4,362-7,174","5,768",1%,,Bangalore,Residential - Multi Storey Apartment
Akshayanagar,Jul-Sep 2023,"4,355-7,033","5,694",3%,,Bangalore,Residential - Multi Storey Apartment
Akshayanagar,Apr-Jun 2023,"4,424-7,295","5,860",3%,,Bangalore,Residential - Multi Storey Apartment
Akshayanagar,Jan-Mar 2023,"4,260-7,088","5,674",1%,,Bangalore,Residential - Multi Storey Apartment
Akshayanagar,Oct-Dec 2022,"4,353-6,891","5,622",9%,,Bangalore,Residential - Multi Storey Apartment
Akshayanagar,Jul-Sep 2022,"4,063-6,274","5,169",2%,,Bangalore,Residential - Multi Storey Apartment
Akshayanagar,Apr-Jun 2022,"4,358-6,172","5,265",0.30%,,Bangalore,Residential - Multi Storey Apartment
Akshayanagar,Jan-Mar 2022,"4,007-6,488","5,248",4%,,Bangalore,Residential - Multi Storey Apartment
Akshayanagar,Oct-Dec 2021,"4,369-6,607","5,488",2%,,Bangalore,Residential - Multi Storey Apartment
Akshayanagar,Jul-Sep 2021,"4,263-6,941","5,602",6%,,Bangalore,Residential - Multi Storey Apartment
Akshayanagar,Apr-Jun 2021,"4,164-6,377","5,271",1%,,Bangalore,Residential - Multi Storey Apartment
Akshayanagar,Jan-Mar 2021,"4,069-6,370","5,219",7%,,Bangalore,Residential - Multi Storey Apartment
Akshayanagar,Oct-Dec 2020,"4,221-7,055","5,638",2%,,Bangalore,Residential - Multi Storey Apartment
Akshayanagar,Jul-Sep 2020,"4,146-6,921","5,533",2%,,Bangalore,Residential - Multi Storey Apartment
Akshayanagar,Apr-Jun 2020,"4,110-7,221","5,666",2%,,Bangalore,Residential - Multi Storey Apartment
Akshayanagar,Jan-Mar 2020,"4,233-6,913","5,573",3%,,Bangalore,Residential - Multi Storey Apartment
Akshayanagar,Oct-Dec 2019,"4,367-6,461","5,414",2%,,Bangalore,Residential - Multi Storey Apartment
Akshayanagar,Jul-Sep 2019,"4,404-6,207","5,306",4%,,Bangalore,Residential - Multi Storey Apartment
Akshayanagar,Apr-Jun 2019,"4,506-6,522","5,514",4%,,Bangalore,Residential - Multi Storey Apartment
Akshayanagar,Jan-Mar 2019,"4,378-6,190","5,284",3%,,Bangalore,Residential - Multi Storey Apartment
Akshayanagar,Oct-Dec 2018,"4,227-6,056","5,142",4%,,Bangalore,Residential - Multi Storey Apartment
Akshayanagar,Jul-Sep 2018,"3,934-5,968","4,951",1%,,Bangalore,Residential - Multi Storey Apartment
Medahalli Kadugodi Road,Jul-Sep 2024,"8,196-12,765","10,481",0.50%,,Bangalore,Residential - Multi Storey Apartment
Medahalli Kadugodi Road,Apr-Jun 2024,"8,085-12,779","10,432",8%,,Bangalore,Residential - Multi Storey Apartment
Medahalli Kadugodi Road,Jan-Mar 2024,"7,553-11,786","9,669",36%,,Bangalore,Residential - Multi Storey Apartment
Medahalli Kadugodi Road,Oct-Dec 2023,"4,967-9,271","7,119",,,Bangalore,Residential - Multi Storey Apartment
Medahalli Kadugodi Road,Jul-Sep 2023,"4,879-9,130","7,005",3%,,Bangalore,Residential - Multi Storey Apartment
Medahalli Kadugodi Road,Apr-Jun 2023,"4,773-9,031","6,902",3%,,Bangalore,Residential - Multi Storey Apartment
Medahalli Kadugodi Road,Jan-Mar 2023,"4,500-8,500","6,500",3%,,Bangalore,Residential - Multi Storey Apartment
Medahalli Kadugodi Road,Oct-Dec 2022,"4,300-8,200","6,250",3%,,Bangalore,Residential - Multi Storey Apartment
Medahalli Kadugodi Road,Jul-Sep 2022,"4,200-8,100","6,150",3%,,Bangalore,Residential - Multi Storey Apartment
Medahalli Kadugodi Road,Apr-Jun 2022,"4,100-7,900","6,000",3%,,Bangalore,Residential - Multi Storey Apartment
Medahalli Kadugodi Road,Jan-Mar 2022,"4,000-7,800","5,900",3%,,Bangalore,Residential - Multi Storey Apartment
Medahalli Kadugodi Road,Oct-Dec 2021,"3,900-7,600","5,750",4%,,Bangalore,Residential - Multi Storey Apartment
Medahalli Kadugodi Road,Jul-Sep 2021,"3,800-7,500","5,650",5%,,Bangalore,Residential - Multi Storey Apartment
Medahalli Kadugodi Road,Apr-Jun 2021,"3,700-7,400","5,550",4%,,Bangalore,Residential - Multi Storey Apartment
Medahalli Kadugodi Road,Jan-Mar 2021,"3,600-7,200","5,400",3%,,Bangalore,Residential - Multi Storey Apartment
Medahalli Kadugodi Road,Oct-Dec 2020,"3,500-7,100","5,300",3%,,Bangalore,Residential - Multi Storey Apartment
Medahalli Kadugodi Road,Jul-Sep 2020,"3,400-7,000","5,200",3%,,Bangalore,Residential - Multi Storey Apartment
Medahalli Kadugodi Road,Apr-Jun 2020,"3,300-6,900","5,100",2%,,Bangalore,Residential - Multi Storey Apartment
Medahalli Kadugodi Road,Jan-Mar 2020,"3,200-6,800","5,000",3%,,Bangalore,Residential - Multi Storey Apartment
Medahalli Kadugodi Road,Oct-Dec 2019,"3,100-6,700","4,950",3%,,Bangalore,Residential - Multi Storey Apartment
Medahalli Kadugodi Road,Jul-Sep 2019,"3,000-6,500","4,800",3%,,Bangalore,Residential - Multi Storey Apartment
Medahalli Kadugodi Road,Apr-Jun 2019,"2,900-6,400","4,650",3%,,Bangalore,Residential - Multi Storey Apartment
Medahalli Kadugodi Road,Jan-Mar 2019,"2,800-6,300","4,500",2%,,Bangalore,Residential - Multi Storey Apartment
Medahalli Kadugodi Road,Oct-Dec 2018,"2,700-6,200","4,400",3%,,Bangalore,Residential - Multi Storey Apartment
Medahalli Kadugodi Road,Jul-Sep 2018,"2,600-6,100","4,300",3%,,Bangalore,Residential - Multi Storey Apartment
Aga Abbas Ali Road,Jul-Sep 2024,"12,068-19,697","15,882",3%,,Bangalore,Residential - Multi Storey Apartment
Aga Abbas Ali Road,Apr-Jun 2024,"11,920-19,059","15,489",8%,,Bangalore,Residential - Multi Storey Apartment
Aga Abbas Ali Road,Jan-Mar 2024,"10,665-18,015","14,340",,,Bangalore,Residential - Multi Storey Apartment
Aga Abbas Ali Road,Oct-Dec 2023,"10,701-17,977","14,339",3%,,Bangalore,Residential - Multi Storey Apartment
Aga Abbas Ali Road,Jul-Sep 2023,"10,408-17,537","13,972",2%,,Bangalore,Residential - Multi Storey Apartment
Aga Abbas Ali Road,Apr-Jun 2023,"10,442-16,834","13,638",2%,,Bangalore,Residential - Multi Storey Apartment
Aga Abbas Ali Road,Jan-Mar 2023,"10,613-16,074","13,344",,,Bangalore,Residential - Multi Storey Apartment
Aga Abbas Ali Road,Oct-Dec 2022,"10,000-15,900","12,950",3%,,Bangalore,Residential - Multi Storey Apartment
Aga Abbas Ali Road,Jul-Sep 2022,"9,800-15,600","12,700",3%,,Bangalore,Residential - Multi Storey Apartment
Aga Abbas Ali Road,Apr-Jun 2022,"9,600-15,400","12,500",3%,,Bangalore,Residential - Multi Storey Apartment
Aga Abbas Ali Road,Jan-Mar 2022,"9,400-15,200","12,350",3%,,Bangalore,Residential - Multi Storey Apartment
Aga Abbas Ali Road,Oct-Dec 2021,"9,200-14,900","12,050",4%,,Bangalore,Residential - Multi Storey Apartment
Aga Abbas Ali Road,Jul-Sep 2021,"9,000-14,700","11,850",3%,,Bangalore,Residential - Multi Storey Apartment
Aga Abbas Ali Road,Apr-Jun 2021,"8,800-14,500","11,650",3%,,Bangalore,Residential - Multi Storey Apartment
Aga Abbas Ali Road,Jan-Mar 2021,"8,600-14,300","11,450",3%,,Bangalore,Residential - Multi Storey Apartment
Aga Abbas Ali Road,Oct-Dec 2020,"8,400-14,100","11,250",3%,,Bangalore,Residential - Multi Storey Apartment
Aga Abbas Ali Road,Jul-Sep 2020,"8,200-13,900","11,050",3%,,Bangalore,Residential - Multi Storey Apartment
Aga Abbas Ali Road,Apr-Jun 2020,"8,000-13,700","10,850",3%,,Bangalore,Residential - Multi Storey Apartment
Aga Abbas Ali Road,Jan-Mar 2020,"7,800-13,500","10,650",3%,,Bangalore,Residential - Multi Storey Apartment
Aga Abbas Ali Road,Oct-Dec 2019,"7,600-13,300","10,500",3%,,Bangalore,Residential - Multi Storey Apartment
Aga Abbas Ali Road,Jul-Sep 2019,"7,400-13,100","10,350",3%,,Bangalore,Residential - Multi Storey Apartment
Aga Abbas Ali Road,Apr-Jun 2019,"7,200-13,000","10,200",3%,,Bangalore,Residential - Multi Storey Apartment
Aga Abbas Ali Road,Jan-Mar 2019,"7,000-12,800","10,050",3%,,Bangalore,Residential - Multi Storey Apartment
Aga Abbas Ali Road,Oct-Dec 2018,"6,800-12,600","9,900",3%,,Bangalore,Residential - Multi Storey Apartment
Aga Abbas Ali Road,Jul-Sep 2018,"6,600-12,400","9,750",3%,,Bangalore,Residential - Multi Storey Apartment
Medahalli Main Road,Jul-Sep 2024,"4,267-7,994","6,131",9%,,Bangalore,Residential - Multi Storey Apartment
Medahalli Main Road,Apr-Jun 2024,"4,893-8,603","6,748",,,Bangalore,Residential - Multi Storey Apartment
Medahalli Main Road,Jan-Mar 2024,"4,621-8,181","6,401",8%,,Bangalore,Residential - Multi Storey Apartment
Medahalli Main Road,Oct-Dec 2023,"4,439-7,926","6,183",7%,,Bangalore,Residential - Multi Storey Apartment
Medahalli Main Road,Jul-Sep 2023,"4,303-7,702","6,003",6%,,Bangalore,Residential - Multi Storey Apartment
Medahalli Main Road,Apr-Jun 2023,"4,233-7,563","5,898",5%,,Bangalore,Residential - Multi Storey Apartment
Medahalli Main Road,Jan-Mar 2023,"4,178-7,389","5,784",4%,,Bangalore,Residential - Multi Storey Apartment
Medahalli Main Road,Oct-Dec 2022,"4,122-7,215","5,669",4%,,Bangalore,Residential - Multi Storey Apartment
Medahalli Main Road,Jul-Sep 2022,"4,067-7,056","5,570",4%,,Bangalore,Residential - Multi Storey Apartment
Medahalli Main Road,Apr-Jun 2022,"4,014-6,892","5,472",4%,,Bangalore,Residential - Multi Storey Apartment
Medahalli Main Road,Jan-Mar 2022,"3,961-6,728","5,375",4%,,Bangalore,Residential - Multi Storey Apartment
Medahalli Main Road,Oct-Dec 2021,"3,910-6,567","5,280",4%,,Bangalore,Residential - Multi Storey Apartment
Medahalli Main Road,Jul-Sep 2021,"3,860-6,406","5,183",4%,,Bangalore,Residential - Multi Storey Apartment
Medahalli Main Road,Apr-Jun 2021,"3,812-6,247","5,089",4%,,Bangalore,Residential - Multi Storey Apartment
Medahalli Main Road,Jan-Mar 2021,"3,765-6,088","4,995",4%,,Bangalore,Residential - Multi Storey Apartment
Medahalli Main Road,Oct-Dec 2020,"3,720-5,933","4,910",4%,,Bangalore,Residential - Multi Storey Apartment
Medahalli Main Road,Jul-Sep 2020,"3,678-5,795","4,825",4%,,Bangalore,Residential - Multi Storey Apartment
Medahalli Main Road,Apr-Jun 2020,"3,637-5,659","4,740",4%,,Bangalore,Residential - Multi Storey Apartment
Medahalli Main Road,Jan-Mar 2020,"3,597-5,523","4,655",4%,,Bangalore,Residential - Multi Storey Apartment
Medahalli Main Road,Oct-Dec 2019,"3,558-5,389","4,570",4%,,Bangalore,Residential - Multi Storey Apartment
Medahalli Main Road,Jul-Sep 2019,"3,519-5,257","4,485",4%,,Bangalore,Residential - Multi Storey Apartment
Medahalli Main Road,Apr-Jun 2019,"3,480-5,126","4,400",3%,,Bangalore,Residential - Multi Storey Apartment
Medahalli Main Road,Jan-Mar 2019,"3,441-4,996","4,315",3%,,Bangalore,Residential - Multi Storey Apartment
Medahalli Main Road,Oct-Dec 2018,"3,403-4,868","4,230",3%,,Bangalore,Residential - Multi Storey Apartment
Medahalli Main Road,Jul-Sep 2018,"3,365-4,740","4,145",3%,,Bangalore,Residential - Multi Storey Apartment
Nagarabhavi Main Road,Jul-Sep 2024,"5,339-9,214","7,276",1%,,Bangalore,Residential - Multi Storey Apartment
Nagarabhavi Main Road,Apr-Jun 2024,"5,237-9,198","7,217",1%,,Bangalore,Residential - Multi Storey Apartment
Nagarabhavi Main Road,Jan-Mar 2024,"5,456-8,838","7,147",6%,,Bangalore,Residential - Multi Storey Apartment
Nagarabhavi Main Road,Oct-Dec 2023,"5,468-8,052","6,760",,,Bangalore,Residential - Multi Storey Apartment
Nagarabhavi Main Road,Jul-Sep 2023,"5,468-8,053","5,750",,,Bangalore,Residential - Multi Storey Apartment
Nagarabhavi Main Road,Apr-Jun 2023,"5,468-8,054","6,400",,,Bangalore,Residential - Multi Storey Apartment
Nagarabhavi Main Road,Jan-Mar 2023,"5,468-8,055","6,150",,,Bangalore,Residential - Multi Storey Apartment
Nagarabhavi Main Road,Oct-Dec 2022,"5,468-8,056","6,150",,,Bangalore,Residential - Multi Storey Apartment
Nagarabhavi Main Road,Jul-Sep 2022,"5,468-8,057","6,200",,,Bangalore,Residential - Multi Storey Apartment
Nagarabhavi Main Road,Apr-Jun 2022,"5,468-8,058","6,200",,,Bangalore,Residential - Multi Storey Apartment
Nagarabhavi Main Road,Jan-Mar 2022,"5,468-8,059","5,450",,,Bangalore,Residential - Multi Storey Apartment
Nagarabhavi Main Road,Oct-Dec 2021,"5,468-8,060","4,950",,,Bangalore,Residential - Multi Storey Apartment
Nagarabhavi Main Road,Jul-Sep 2021,"5,468-8,061","4,900",,,Bangalore,Residential - Multi Storey Apartment
Nagarabhavi Main Road,Apr-Jun 2021,"5,468-8,062","4,900",,,Bangalore,Residential - Multi Storey Apartment
Nagarabhavi Main Road,Jan-Mar 2021,"5,468-8,063","4,750",,,Bangalore,Residential - Multi Storey Apartment
Nagarabhavi Main Road,Oct-Dec 2020,"5,468-8,064","4,800",-,,Bangalore,Residential - Multi Storey Apartment
Nagarabhavi Main Road,Jul-Sep 2020,"5,468-8,065","4,700",-,,Bangalore,Residential - Multi Storey Apartment
Nagarabhavi Main Road,Apr-Jun 2020,"5,468-8,066","4,600",-,,Bangalore,Residential - Multi Storey Apartment
Nagarabhavi Main Road,Jan-Mar 2020,"5,468-8,067","4,600",-,,Bangalore,Residential - Multi Storey Apartment
Nagarabhavi Main Road,Oct-Dec 2019,"5,468-8,068","4,500",-,,Bangalore,Residential - Multi Storey Apartment
Nagarabhavi Main Road,Jul-Sep 2019,"5,468-8,069","4,500",,,Bangalore,Residential - Multi Storey Apartment
Nagarabhavi Main Road,Apr-Jun 2019,"5,468-8,070","5,250",,,Bangalore,Residential - Multi Storey Apartment
Nagarabhavi Main Road,Jan-Mar 2019,"5,468-7500","5,250",,,Bangalore,Residential - Multi Storey Apartment
Nagarabhavi Main Road,Oct-Dec 2018,"5,468-7100","3,850",,,Bangalore,Residential - Multi Storey Apartment
Nagarabhavi Main Road,Jul-Sep 2018,"5,468-7000","4,100",,,Bangalore,Residential - Multi Storey Apartment
Millers Road,Jul-Sep 2024,"10,482-18,365","14,423",0.50%,,Bangalore,Residential - Multi Storey Apartment
Millers Road,Apr-Jun 2024,"10,372-18,344","14,358",,,Bangalore,Residential - Multi Storey Apartment
Millers Road,Jan-Mar 2024,"10,570-18,173","14,371",5%,,Bangalore,Residential - Multi Storey Apartment
Millers Road,Oct-Dec 2023,"10,055-17,257","13,656",8%,,Bangalore,Residential - Multi Storey Apartment
Millers Road,Jul-Sep 2023,"9,080-16,195","12,638",14%,,Bangalore,Residential - Multi Storey Apartment
Millers Road,Apr-Jun 2023,"7,937-14,226","11,082",8%,,Bangalore,Residential - Multi Storey Apartment
Millers Road,Jan-Mar 2023,"8,593-15,434","12,014",,,Bangalore,Residential - Multi Storey Apartment
Millers Road,Oct-Dec 2022,"8,321-14,684","11,502",6%,,Bangalore,Residential - Multi Storey Apartment
Millers Road,Jul-Sep 2022,"8,045-14,291","11,168",6%,,Bangalore,Residential - Multi Storey Apartment
Millers Road,Apr-Jun 2022,"7,789-13,907","10,848",6%,,Bangalore,Residential - Multi Storey Apartment
Millers Road,Jan-Mar 2022,"7,535-13,523","10,535",6%,,Bangalore,Residential - Multi Storey Apartment
Millers Road,Oct-Dec 2021,"7,286-13,151","10,249",6%,,Bangalore,Residential - Multi Storey Apartment
Millers Road,Jul-Sep 2021,"7,046-12,787","9,963",6%,,Bangalore,Residential - Multi Storey Apartment
Millers Road,Apr-Jun 2021,"6,809-12,426","9,679",6%,,Bangalore,Residential - Multi Storey Apartment
Millers Road,Jan-Mar 2021,"6,575-12,063","9,396",6%,,Bangalore,Residential - Multi Storey Apartment
Millers Road,Oct-Dec 2020,"6,345-11,703","9,116",5%,,Bangalore,Residential - Multi Storey Apartment
Millers Road,Jul-Sep 2020,"6,116-11,352","8,828",5%,,Bangalore,Residential - Multi Storey Apartment
Millers Road,Apr-Jun 2020,"5,889-11,003","8,541",5%,,Bangalore,Residential - Multi Storey Apartment
Millers Road,Jan-Mar 2020,"5,664-10,654","8,254",5%,,Bangalore,Residential - Multi Storey Apartment
Millers Road,Oct-Dec 2019,"5,442-10,317","8,014",5%,,Bangalore,Residential - Multi Storey Apartment
Millers Road,Jul-Sep 2019,"5,220-10,028","7,774",5%,,Bangalore,Residential - Multi Storey Apartment
Millers Road,Apr-Jun 2019,"5,000-9,742","7,534",5%,,Bangalore,Residential - Multi Storey Apartment
Millers Road,Jan-Mar 2019,"4,782-9,460","7,293",4%,,Bangalore,Residential - Multi Storey Apartment
Millers Road,Oct-Dec 2018,"4,565-9,182","7,058",4%,,Bangalore,Residential - Multi Storey Apartment
Millers Road,Jul-Sep 2018,"4,350-8,908","6,823",4%,,Bangalore,Residential - Multi Storey Apartment
Avalahalli,Jul-Sep 2024,"8,320-12,654","10,487",,,Bangalore,Residential - Multi Storey Apartment
Avalahalli,Oct-Dec 2021,"4,731-6,976","5,853",1%,,Bangalore,Residential - Multi Storey Apartment
Avalahalli,Jul-Sep 2021,"4,973-6,812","5,892",5%,,Bangalore,Residential - Multi Storey Apartment
Avalahalli,Apr-Jun 2021,"4,555-6,620","5,587",2%,,Bangalore,Residential - Multi Storey Apartment
Avalahalli,Jan-Mar 2021,"4,702-6,714","5,708",,,Bangalore,Residential - Multi Storey Apartment
Avalahalli,Jul-Sep 2019,"4,484-6,554","5,519",,,Bangalore,Residential - Multi Storey Apartment
Avalahalli,Oct-Dec 2018,"3,946-5,994","4,970",3%,,Bangalore,Residential - Multi Storey Apartment
Avalahalli,Jul-Sep 2018,"4,071-6,217","5,144",,,Bangalore,Residential - Multi Storey Apartment
Yeswanthpur,Jul-Sep 2024,"8,693-15,965","12,329",,,Bangalore,Residential - Multi Storey Apartment
Yeswanthpur,Apr-Jun 2024,"8,340-13,804","11,072",,,Bangalore,Residential - Multi Storey Apartment
Yeswanthpur,Jan-Mar 2024,"8,305-13,817","11,061",,,Bangalore,Residential - Multi Storey Apartment
Yeswanthpur,Oct-Dec 2023,"7,823-12,912","10,367",,,Bangalore,Residential - Multi Storey Apartment
Yeswanthpur,Jul-Sep 2023,"7,619-12,322","9,971",,,Bangalore,Residential - Multi Storey Apartment
Yeswanthpur,Apr-Jun 2023,"7,533-12,037","9,785",4%,,Bangalore,Residential - Multi Storey Apartment
Yeswanthpur,Jan-Mar 2023,"7,043-11,719","9,381",,,Bangalore,Residential - Multi Storey Apartment
Yeswanthpur,Oct-Dec 2022,"7,401-11,951","9,676",5%,,Bangalore,Residential - Multi Storey Apartment
Yeswanthpur,Jul-Sep 2022,"7,023-11,446","9,234",2%,,Bangalore,Residential - Multi Storey Apartment
Yeswanthpur,Apr-Jun 2022,"6,784-11,333","9,058",3%,,Bangalore,Residential - Multi Storey Apartment
Yeswanthpur,Jan-Mar 2022,"6,643-10,949","8,796",2%,,Bangalore,Residential - Multi Storey Apartment
Yeswanthpur,Oct-Dec 2021,"6,627-10,577","8,602",10%,,Bangalore,Residential - Multi Storey Apartment
Yeswanthpur,Jul-Sep 2021,"6,028-9,543","7,786",2%,,Bangalore,Residential - Multi Storey Apartment
Yeswanthpur,Apr-Jun 2021,"6,398-9,413","7,905",1%,,Bangalore,Residential - Multi Storey Apartment
Yeswanthpur,Jan-Mar 2021,"6,537-9,446","7,991",0.50%,,Bangalore,Residential - Multi Storey Apartment
Yeswanthpur,Oct-Dec 2020,"6,693-9,362","8,028",1%,,Bangalore,Residential - Multi Storey Apartment
Yeswanthpur,Jul-Sep 2020,"6,512-9,646","8,079",2%,,Bangalore,Residential - Multi Storey Apartment
Yeswanthpur,Apr-Jun 2020,"6,262-9,629","7,945",1%,,Bangalore,Residential - Multi Storey Apartment
Yeswanthpur,Jan-Mar 2020,"6,206-9,508","7,857",0.10%,,Bangalore,Residential - Multi Storey Apartment
Yeswanthpur,Oct-Dec 2019,"6,348-9,382","7,865",3%,,Bangalore,Residential - Multi Storey Apartment
Yeswanthpur,Jul-Sep 2019,"6,413-9,764","8,089",2%,,Bangalore,Residential - Multi Storey Apartment
Yeswanthpur,Apr-Jun 2019,"6,138-9,763","7,951",1%,,Bangalore,Residential - Multi Storey Apartment
Yeswanthpur,Jan-Mar 2019,"6,145-9,904","8,025",1%,,Bangalore,Residential - Multi Storey Apartment
Yeswanthpur,Oct-Dec 2018,"6,390-9,879","8,135",4%,,Bangalore,Residential - Multi Storey Apartment
Yeswanthpur,Jul-Sep 2018,"6,255-9,376","7,815",3%,,Bangalore,Residential - Multi Storey Apartment
MSR College Road,Jul-Sep 2024,"8,084-13,382","10,733",24%,,Bangalore,Residential - Multi Storey Apartment
MSR College Road,Apr-Jun 2024,"6,063-11,207","8,635",16%,,Bangalore,Residential - Multi Storey Apartment
MSR College Road,Jan-Mar 2024,"5,556-9,335","7,445",1%,,Bangalore,Residential - Multi Storey Apartment
MSR College Road,Oct-Dec 2023,"5,758-8,916","7,337",1.20%,,Bangalore,Residential - Multi Storey Apartment
MSR College Road,Jul-Sep 2023,"5,612-8,682","7,249",1.50%,,Bangalore,Residential - Multi Storey Apartment
MSR College Road,Apr-Jun 2023,"5,491-8,430","7,140",2%,,Bangalore,Residential - Multi Storey Apartment
MSR College Road,Jan-Mar 2023,"5,371-8,359","6,865",1.50%,,Bangalore,Residential - Multi Storey Apartment
MSR College Road,Oct-Dec 2022,"5,298-8,243","6,764",2%,,Bangalore,Residential - Multi Storey Apartment
MSR College Road,Jul-Sep 2022,"5,212-8,067","6,632",1.80%,,Bangalore,Residential - Multi Storey Apartment
MSR College Road,Apr-Jun 2022,"5,129-7,913","6,516",1.30%,,Bangalore,Residential - Multi Storey Apartment
MSR College Road,Jan-Mar 2022,"5,049-7,743","6,432",1%,,Bangalore,Residential - Multi Storey Apartment
MSR College Road,Oct-Dec 2021,"4,988-7,583","6,368",0.90%,,Bangalore,Residential - Multi Storey Apartment
MSR College Road,Jul-Sep 2021,"4,938-7,473","6,293",1.10%,,Bangalore,Residential - Multi Storey Apartment
MSR College Road,Apr-Jun 2021,"4,883-7,372","6,224",1%,,Bangalore,Residential - Multi Storey Apartment
MSR College Road,Jan-Mar 2021,"4,829-7,236","6,051",1.20%,,Bangalore,Residential - Multi Storey Apartment
MSR College Road,Oct-Dec 2020,"4,786-7,091","5,979",1%,,Bangalore,Residential - Multi Storey Apartment
MSR College Road,Jul-Sep 2020,"4,741-6,981","5,874",0.90%,,Bangalore,Residential - Multi Storey Apartment
MSR College Road,Apr-Jun 2020,"4,689-6,870","5,821",1.10%,,Bangalore,Residential - Multi Storey Apartment
MSR College Road,Jan-Mar 2020,"4,639-6,752","5,744",1.30%,,Bangalore,Residential - Multi Storey Apartment
MSR College Road,Oct-Dec 2019,"4,593-6,642","5,671",0.90%,,Bangalore,Residential - Multi Storey Apartment
MSR College Road,Jul-Sep 2019,"4,556-6,589","5,622",0.80%,,Bangalore,Residential - Multi Storey Apartment
MSR College Road,Apr-Jun 2019,"4,511-6,498","5,564",1%,,Bangalore,Residential - Multi Storey Apartment
MSR College Road,Jan-Mar 2019,"4,468-6,395","5,531",0.70%,,Bangalore,Residential - Multi Storey Apartment
MSR College Road,Oct-Dec 2018,"4,426-6,324","5,492",0.60%,,Bangalore,Residential - Multi Storey Apartment
MSR College Road,Jul-Sep 2018,"4,385-6,267","5,459",0.50%,,Bangalore,Residential - Multi Storey Apartment
1 st Main Raod Narayanpura,Jul-Sep 2024,"7,504-10,525","9,015",,,Bangalore,Residential - Multi Storey Apartment
1 st Main Raod Narayanpura,Apr-Jun 2024,-,"6,000",-,,Bangalore,Residential - Multi Storey Apartment
1 st Main Raod Narayanpura,Jan-Mar 2024,"7,267-10,437","8,852",,,Bangalore,Residential - Multi Storey Apartment
1 st Main Raod Narayanpura,Apr-Jun 2023,-,"8,200",,,Bangalore,Residential - Multi Storey Apartment
1 st Main Raod Narayanpura,Jan-Mar 2023,-,"6,800",,,Bangalore,Residential - Multi Storey Apartment
1 st Main Raod Narayanpura,Oct-Dec 2022,-,"6,850",,,Bangalore,Residential - Multi Storey Apartment
1 st Main Raod Narayanpura,Jul-Sep 2022,-,"6,350",,,Bangalore,Residential - Multi Storey Apartment
1 st Main Raod Narayanpura,Apr-Jun 2022,-,"5,350",,,Bangalore,Residential - Multi Storey Apartment
1 st Main Raod Narayanpura,Jul-Sep 2021,"4,582-7,273","5,928",,,Bangalore,Residential - Multi Storey Apartment
1 st Main Raod Narayanpura,Oct-Dec 2019,-,"5,050",-,,Bangalore,Residential - Multi Storey Apartment
1 st Main Raod Narayanpura,Jul-Sep 2019,"3,941-6,367","5,154",2%,,Bangalore,Residential - Multi Storey Apartment
1 st Main Raod Narayanpura,Apr-Jun 2019,"3,995-6,483","5,239",8%,,Bangalore,Residential - Multi Storey Apartment
1 st Main Raod Narayanpura,Jan-Mar 2019,"3,827-5,842","4,835",0.20%,,Bangalore,Residential - Multi Storey Apartment
1 st Main Raod Narayanpura,Oct-Dec 2018,"3,976-5,715","4,846",8%,,Bangalore,Residential - Multi Storey Apartment
1 st Main Raod Narayanpura,Jul-Sep 2018,"4,249-6,307","5,278",,,Bangalore,Residential - Multi Storey Apartment
Naagarabhaavi,Apr-Jun 2024,"4,826-7,271","6,048",3.00%,,Bangalore,Residential - Multi Storey Apartment
Naagarabhaavi,Jan-Mar 2024,"5,047-7,479","6,263",0.30%,,Bangalore,Residential - Multi Storey Apartment
Naagarabhaavi,Oct-Dec 2023,"5,084-7,399","6,242",3%,,Bangalore,Residential - Multi Storey Apartment
Naagarabhaavi,Jul-Sep 2023,"4,687-7,433","6,060",2%,,Bangalore,Residential - Multi Storey Apartment
Naagarabhaavi,Apr-Jun 2023,"4,725-7,110","5,918",1%,,Bangalore,Residential - Multi Storey Apartment
Naagarabhaavi,Jan-Mar 2023,"4,503-7,231","5,867",4%,,Bangalore,Residential - Multi Storey Apartment
Naagarabhaavi,Oct-Dec 2022,"4,379-6,900","5,639",2%,,Bangalore,Residential - Multi Storey Apartment
Naagarabhaavi,Jul-Sep 2022,"4,514-7,009","5,762",2%,,Bangalore,Residential - Multi Storey Apartment
Naagarabhaavi,Apr-Jun 2022,"4,508-6,778","5,643",,,Bangalore,Residential - Multi Storey Apartment
Naagarabhaavi,Jan-Mar 2022,"4,573-6,709","5,641",2%,,Bangalore,Residential - Multi Storey Apartment
Naagarabhaavi,Oct-Dec 2021,"4,542-6,572","5,557",2%,,Bangalore,Residential - Multi Storey Apartment
Naagarabhaavi,Jul-Sep 2021,"4,408-6,451","5,429",1%,,Bangalore,Residential - Multi Storey Apartment
Naagarabhaavi,Apr-Jun 2021,"4,406-6,378","5,392",6%,,Bangalore,Residential - Multi Storey Apartment
Naagarabhaavi,Jan-Mar 2021,"4,033-6,132","5,083",3%,,Bangalore,Residential - Multi Storey Apartment
Naagarabhaavi,Oct-Dec 2020,"4,301-6,187","5,244",-,,Bangalore,Residential - Multi Storey Apartment
Naagarabhaavi,Jul-Sep 2020,"4,378-6,117","5,248",5%,,Bangalore,Residential - Multi Storey Apartment
Naagarabhaavi,Apr-Jun 2020,"4,093-5,943","5,018",1%,,Bangalore,Residential - Multi Storey Apartment
Naagarabhaavi,Jan-Mar 2020,"4,187-5,911","5,049",3%,,Bangalore,Residential - Multi Storey Apartment
Naagarabhaavi,Oct-Dec 2019,"4,262-6,158","5,210",2%,,Bangalore,Residential - Multi Storey Apartment
Naagarabhaavi,Jul-Sep 2019,"4,175-6,018","5,097",1%,,Bangalore,Residential - Multi Storey Apartment
Naagarabhaavi,Apr-Jun 2019,"4,200-5,887","5,044",2%,,Bangalore,Residential - Multi Storey Apartment
Naagarabhaavi,Jan-Mar 2019,"3,957-5,918","4,937",2%,,Bangalore,Residential - Multi Storey Apartment
Naagarabhaavi,Oct-Dec 2018,"3,713-5,996","4,855",6%,,Bangalore,Residential - Multi Storey Apartment
Naagarabhaavi,Jul-Sep 2018,"3,742-5,378","4,560",3%,,Bangalore,Residential - Multi Storey Apartment
Museum Road,Jul-Sep 2024,"14,722-24,028","19,375",4%,,Bangalore,Residential - Multi Storey Apartment
Museum Road,Apr-Jun 2024,"15,628-24,567","20,098",1%,,Bangalore,Residential - Multi Storey Apartment
Museum Road,Jan-Mar 2024,"15,271-25,222","20,246",,,Bangalore,Residential - Multi Storey Apartment
11th Main Road Malleshwaram,Jul-Sep 2024,"7,286-11,901","9,593",4%,,Bangalore,Residential - Multi Storey Apartment
11th Main Road Malleshwaram,Apr-Jun 2024,"7,005-11,443","9,352",4%,,Bangalore,Residential - Multi Storey Apartment
11th Main Road Malleshwaram,Jan-Mar 2024,"6,766-10,979","8,958",3.30%,,Bangalore,Residential - Multi Storey Apartment
11th Main Road Malleshwaram,Oct-Dec 2023,"6,552-10,625","8,673",3%,,Bangalore,Residential - Multi Storey Apartment
11th Main Road Malleshwaram,Jul-Sep 2023,"6,329-10,297","8,406",3%,,Bangalore,Residential - Multi Storey Apartment
11th Main Road Malleshwaram,Apr-Jun 2023,"6,140-11,203","8,672",3%,,Bangalore,Residential - Multi Storey Apartment
11th Main Road Malleshwaram,Jan-Mar 2023,"6,072-10,705","8,389",3%,,Bangalore,Residential - Multi Storey Apartment
11th Main Road Malleshwaram,Oct-Dec 2022,"5,896-10,482","8,145",3%,,Bangalore,Residential - Multi Storey Apartment
11th Main Road Malleshwaram,Jul-Sep 2022,"5,721-10,201","7,913",3%,,Bangalore,Residential - Multi Storey Apartment
11th Main Road Malleshwaram,Apr-Jun 2022,"5,598-9,925","7,685",3%,,Bangalore,Residential - Multi Storey Apartment
11th Main Road Malleshwaram,Jan-Mar 2022,"5,412-9,650","7,489",2%,,Bangalore,Residential - Multi Storey Apartment
11th Main Road Malleshwaram,Oct-Dec 2021,"5,276-9,312","7,312",3%,,Bangalore,Residential - Multi Storey Apartment
11th Main Road Malleshwaram,Jul-Sep 2021,"5,152-8,991","7,132",2%,,Bangalore,Residential - Multi Storey Apartment
11th Main Road Malleshwaram,Apr-Jun 2021,"5,023-8,642","6,965",2%,,Bangalore,Residential - Multi Storey Apartment
11th Main Road Malleshwaram,Jan-Mar 2021,"4,912-8,432","6,812",2%,,Bangalore,Residential - Multi Storey Apartment
11th Main Road Malleshwaram,Oct-Dec 2020,"4,823-8,213","6,672",2%,,Bangalore,Residential - Multi Storey Apartment
11th Main Road Malleshwaram,Jul-Sep 2020,"4,742-7,953","6,484",2%,,Bangalore,Residential - Multi Storey Apartment
11th Main Road Malleshwaram,Apr-Jun 2020,"4,653-7,786","6,382",2%,,Bangalore,Residential - Multi Storey Apartment
11th Main Road Malleshwaram,Jan-Mar 2020,"4,572-7,623","6,265",2%,,Bangalore,Residential - Multi Storey Apartment
11th Main Road Malleshwaram,Oct-Dec 2019,"4,501-7,412","6,161",2%,,Bangalore,Residential - Multi Storey Apartment
11th Main Road Malleshwaram,Jul-Sep 2019,"4,433-7,203","6,058",2%,,Bangalore,Residential - Multi Storey Apartment
11th Main Road Malleshwaram,Apr-Jun 2019,"4,362-6,974","5,955",1%,,Bangalore,Residential - Multi Storey Apartment
11th Main Road Malleshwaram,Jan-Mar 2019,"4,293-6,762","5,864",1%,,Bangalore,Residential - Multi Storey Apartment
11th Main Road Malleshwaram,Oct-Dec 2018,"4,228-6,532","5,778",1%,,Bangalore,Residential - Multi Storey Apartment
11th Main Road Malleshwaram,Jul-Sep 2018,"4,166-6,302","5,700",1%,,Bangalore,Residential - Multi Storey Apartment
Amrutahalli,Jul-Sep 2024,"6,167-9,275","7,721",6%,,Bangalore,Residential - Multi Storey Apartment
Amrutahalli,Apr-Jun 2024,"5,603-8,933","7,268",,,Bangalore,Residential - Multi Storey Apartment
Amrutahalli,Jan-Mar 2024,"5,578-8,973","7,275",0.40%,,Bangalore,Residential - Multi Storey Apartment
Amrutahalli,Oct-Dec 2023,"5,613-8,991","7,302",5%,,Bangalore,Residential - Multi Storey Apartment
Amrutahalli,Jul-Sep 2023,"5,923-9,377","7,650",6%,,Bangalore,Residential - Multi Storey Apartment
Amrutahalli,Apr-Jun 2023,"5,459-8,912","7,186",2%,,Bangalore,Residential - Multi Storey Apartment
Amrutahalli,Jan-Mar 2023,"5,316-9,415","7,365",8%,,Bangalore,Residential - Multi Storey Apartment
Amrutahalli,Oct-Dec 2022,"4,907-8,789","6,848",9%,,Bangalore,Residential - Multi Storey Apartment
Amrutahalli,Jul-Sep 2022,"4,801-7,790","6,296",7%,,Bangalore,Residential - Multi Storey Apartment
Amrutahalli,Apr-Jun 2022,"4,675-7,085","5,880",6%,,Bangalore,Residential - Multi Storey Apartment
Amrutahalli,Jan-Mar 2022,"4,212-6,875","5,543",5%,,Bangalore,Residential - Multi Storey Apartment
Amrutahalli,Oct-Dec 2021,"4,246-7,411","5,829",2%,,Bangalore,Residential - Multi Storey Apartment
Amrutahalli,Jul-Sep 2021,"4,313-7,073","5,693",7%,,Bangalore,Residential - Multi Storey Apartment
Amrutahalli,Apr-Jun 2021,"4,619-7,643","6,131",3%,,Bangalore,Residential - Multi Storey Apartment
Amrutahalli,Jan-Mar 2021,"4,699-7,190","5,944",2%,,Bangalore,Residential - Multi Storey Apartment
Amrutahalli,Oct-Dec 2020,"4,583-7,037","5,810",2%,,Bangalore,Residential - Multi Storey Apartment
Amrutahalli,Jul-Sep 2020,"4,588-7,229","5,908",3%,,Bangalore,Residential - Multi Storey Apartment
Amrutahalli,Apr-Jun 2020,"4,497-7,726","6,112",2%,,Bangalore,Residential - Multi Storey Apartment
Amrutahalli,Jan-Mar 2020,"4,655-7,762","6,209",12%,,Bangalore,Residential - Multi Storey Apartment
Amrutahalli,Oct-Dec 2019,"4,492-6,599","5,546",4%,,Bangalore,Residential - Multi Storey Apartment
Amrutahalli,Jul-Sep 2019,"4,420-7,164","5,792",1%,,Bangalore,Residential - Multi Storey Apartment
Amrutahalli,Apr-Jun 2019,"4,885-6,811","5,848",6%,,Bangalore,Residential - Multi Storey Apartment
Amrutahalli,Jan-Mar 2019,"4,349-6,669","5,509",4%,,Bangalore,Residential - Multi Storey Apartment
Amrutahalli,Oct-Dec 2018,"4,409-7,038","5,723",9%,,Bangalore,Residential - Multi Storey Apartment
Amrutahalli,Jul-Sep 2018,"3,785-6,688","5,236",5%,,Bangalore,Residential - Multi Storey Apartment
Marathahalli Main Road,Jul-Sep 2024,"7,033-13,502","10,268",2%,,Bangalore,Residential - Multi Storey Apartment
Marathahalli Main Road,Apr-Jun 2024,"7,387-13,585","10,486",,,Bangalore,Residential - Multi Storey Apartment
Marathahalli Main Road,Jan-Mar 2024,-,"9,850",,,Bangalore,Residential - Multi Storey Apartment
Marathahalli Main Road,Oct-Dec 2023,-,"7,350",,,Bangalore,Residential - Multi Storey Apartment
Marathahalli Main Road,Jul-Sep 2023,-,"6,700",,,Bangalore,Residential - Multi Storey Apartment
Marathahalli Main Road,Apr-Jun 2023,-,"6,550",,,Bangalore,Residential - Multi Storey Apartment
Marathahalli Main Road,Jan-Mar 2023,-,"6,250",,,Bangalore,Residential - Multi Storey Apartment
Marathahalli Main Road,Oct-Dec 2022,-,"6,100",,,Bangalore,Residential - Multi Storey Apartment
Marathahalli Main Road,Jul-Sep 2022,-,"6,250",,,Bangalore,Residential - Multi Storey Apartment
Marathahalli Main Road,Apr-Jun 2022,-,"6,200",,,Bangalore,Residential - Multi Storey Apartment
Marathahalli Main Road,Jan-Mar 2022,-,"6,250",,,Bangalore,Residential - Multi Storey Apartment
Marathahalli Main Road,Oct-Dec 2021,-,"6,200",,,Bangalore,Residential - Multi Storey Apartment
Marathahalli Main Road,Jul-Sep 2021,-,"6,500",,,Bangalore,Residential - Multi Storey Apartment
Marathahalli Main Road,Apr-Jun 2021,-,"6,550",,,Bangalore,Residential - Multi Storey Apartment
Marathahalli Main Road,Jan-Mar 2021,-,"6,050",,,Bangalore,Residential - Multi Storey Apartment
Marathahalli Main Road,Oct-Dec 2020,-,"6,550",-,,Bangalore,Residential - Multi Storey Apartment
Marathahalli Main Road,Jul-Sep 2020,-,"6,500",-,,Bangalore,Residential - Multi Storey Apartment
Marathahalli Main Road,Apr-Jun 2020,-,"6,650",-,,Bangalore,Residential - Multi Storey Apartment
Marathahalli Main Road,Jan-Mar 2020,-,"7,050",-,,Bangalore,Residential - Multi Storey Apartment
Marathahalli Main Road,Oct-Dec 2019,-,"6,750",-,,Bangalore,Residential - Multi Storey Apartment
Marathahalli Main Road,Jul-Sep 2019,-,"6,500",,,Bangalore,Residential - Multi Storey Apartment
Marathahalli Main Road,Apr-Jun 2019,-,"6,500",,,Bangalore,Residential - Multi Storey Apartment
Marathahalli Main Road,Jan-Mar 2019,-,"6,250",,,Bangalore,Residential - Multi Storey Apartment
Marathahalli Main Road,Oct-Dec 2018,-,"6,600",,,Bangalore,Residential - Multi Storey Apartment
Marathahalli Main Road,Jul-Sep 2018,-,"6,400",,,Bangalore,Residential - Multi Storey Apartment
Amruthahalli Main Road,Jul-Sep 2024,"6,307-10,171","8,239",0.40%,,Bangalore,Residential - Multi Storey Apartment
Amruthahalli Main Road,Apr-Jun 2024,"6,349-10,199","8,274",,,Bangalore,Residential - Multi Storey Apartment
Amruthahalli Main Road,Jan-Mar 2024,"6,441-10,241","8,341",,,Bangalore,Residential - Multi Storey Apartment
Malleshwaram,Jul-Sep 2024,"9,713-16,485","13,099",4%,,Bangalore,Residential - Multi Storey Apartment
Malleshwaram,Apr-Jun 2024,"9,537-15,645","12,591",4.00%,,Bangalore,Residential - Multi Storey Apartment
Malleshwaram,Jan-Mar 2024,"9,168-15,018","12,093",0.50%,,Bangalore,Residential - Multi Storey Apartment
Malleshwaram,Oct-Dec 2023,"9,314-14,989","12,151",3%,,Bangalore,Residential - Multi Storey Apartment
Malleshwaram,Jul-Sep 2023,"8,964-14,552","11,758",1%,,Bangalore,Residential - Multi Storey Apartment
Malleshwaram,Apr-Jun 2023,"9,033-14,603","11,818",6%,,Bangalore,Residential - Multi Storey Apartment
Malleshwaram,Jan-Mar 2023,"8,378-13,911","11,145",1%,,Bangalore,Residential - Multi Storey Apartment
Malleshwaram,Oct-Dec 2022,"8,551-13,990","11,270",4%,,Bangalore,Residential - Multi Storey Apartment
Malleshwaram,Jul-Sep 2022,"9,160-14,352","11,756",1%,,Bangalore,Residential - Multi Storey Apartment
Malleshwaram,Apr-Jun 2022,"8,865-14,483","11,674",1%,,Bangalore,Residential - Multi Storey Apartment
Malleshwaram,Jan-Mar 2022,"8,818-14,304","11,561",0.40%,,Bangalore,Residential - Multi Storey Apartment
Malleshwaram,Oct-Dec 2021,"8,544-14,488","11,516",5%,,Bangalore,Residential - Multi Storey Apartment
Malleshwaram,Jul-Sep 2021,"8,145-13,778","10,962",4%,,Bangalore,Residential - Multi Storey Apartment
Malleshwaram,Apr-Jun 2021,"8,672-14,101","11,387",1%,,Bangalore,Residential - Multi Storey Apartment
Malleshwaram,Jan-Mar 2021,"8,827-14,121","11,474",0.20%,,Bangalore,Residential - Multi Storey Apartment
Malleshwaram,Oct-Dec 2020,"8,964-14,034","11,499",0.40%,,Bangalore,Residential - Multi Storey Apartment
Malleshwaram,Jul-Sep 2020,"8,917-13,980","11,448",4%,,Bangalore,Residential - Multi Storey Apartment
Malleshwaram,Apr-Jun 2020,"8,432-13,660","11,046",1%,,Bangalore,Residential - Multi Storey Apartment
Malleshwaram,Jan-Mar 2020,"8,500-13,425","10,962",5%,,Bangalore,Residential - Multi Storey Apartment
Malleshwaram,Oct-Dec 2019,"8,754-14,344","11,549",1%,,Bangalore,Residential - Multi Storey Apartment
Malleshwaram,Jul-Sep 2019,"9,228-14,216","11,722",1%,,Bangalore,Residential - Multi Storey Apartment
Malleshwaram,Apr-Jun 2019,"9,198-14,547","11,872",1%,,Bangalore,Residential - Multi Storey Apartment
Malleshwaram,Jan-Mar 2019,"9,369-14,700","12,034",1%,,Bangalore,Residential - Multi Storey Apartment
Malleshwaram,Oct-Dec 2018,"9,328-14,531","11,929",2%,,Bangalore,Residential - Multi Storey Apartment
Malleshwaram,Jul-Sep 2018,"8,873-14,417","11,645",1%,,Bangalore,Residential - Multi Storey Apartment
Mahatma Gandhi Road,Jul-Sep 2024,"13,274-22,833","18,053",4%,,Bangalore,Residential - Multi Storey Apartment
Mahatma Gandhi Road,Apr-Jun 2024,"14,208-23,582","18,895",0.50%,,Bangalore,Residential - Multi Storey Apartment
Mahatma Gandhi Road,Jan-Mar 2024,"13,934-23,679","18,807",13%,,Bangalore,Residential - Multi Storey Apartment
Mahatma Gandhi Road,Oct-Dec 2023,"12,366-20,810","16,588",19%,,Bangalore,Residential - Multi Storey Apartment
Mahatma Gandhi Road,Jul-Sep 2023,"14,858-25,884","20,371",11%,,Bangalore,Residential - Multi Storey Apartment
Mahatma Gandhi Road,Apr-Jun 2023,"13,817-22,807","18,312",3%,,Bangalore,Residential - Multi Storey Apartment
Mahatma Gandhi Road,Jan-Mar 2023,"13,632-21,876","17,754",0.50%,,Bangalore,Residential - Multi Storey Apartment
Mahatma Gandhi Road,Oct-Dec 2022,"14,232-21,446","17,839",,,Bangalore,Residential - Multi Storey Apartment
Mahatma Gandhi Road,Jul-Sep 2022,-,"12,300",,,Bangalore,Residential - Multi Storey Apartment
Mahatma Gandhi Road,Apr-Jun 2022,-,"12,500",,,Bangalore,Residential - Multi Storey Apartment
Mahatma Gandhi Road,Jan-Mar 2020,-,"15,800",-,,Bangalore,Residential - Multi Storey Apartment
Mahatma Gandhi Road,Jul-Sep 2019,-,"16,000",,,Bangalore,Residential - Multi Storey Apartment
Mahatma Gandhi Road,Apr-Jun 2019,-,"16,050",,,Bangalore,Residential - Multi Storey Apartment
Mahatma Gandhi Road,Oct-Dec 2018,-,"15,000",,,Bangalore,Residential - Multi Storey Apartment
Arekere,Jul-Sep 2024,"6,530-10,503","8,517",1%,,Bangalore,Residential - Multi Storey Apartment
Arekere,Apr-Jun 2024,"6,646-10,478","8,562",7%,,Bangalore,Residential - Multi Storey Apartment
Arekere,Jan-Mar 2024,"6,008-10,052","8,030",2%,,Bangalore,Residential - Multi Storey Apartment
Arekere,Oct-Dec 2023,"5,827-9,864","7,845",28%,,Bangalore,Residential - Multi Storey Apartment
Arekere,Jul-Sep 2023,"4,526-7,763","6,144",6%,,Bangalore,Residential - Multi Storey Apartment
Arekere,Apr-Jun 2023,"4,738-8,369","6,553",7%,,Bangalore,Residential - Multi Storey Apartment
Arekere,Jan-Mar 2023,"4,412-7,839","6,126",13%,,Bangalore,Residential - Multi Storey Apartment
Arekere,Oct-Dec 2022,"5,334-8,766","7,050",4%,,Bangalore,Residential - Multi Storey Apartment
Arekere,Jul-Sep 2022,"5,184-8,388","6,786",8%,,Bangalore,Residential - Multi Storey Apartment
Arekere,Apr-Jun 2022,"4,654-7,858","6,256",5%,,Bangalore,Residential - Multi Storey Apartment
Arekere,Jan-Mar 2022,"4,560-7,310","5,935",5%,,Bangalore,Residential - Multi Storey Apartment
Arekere,Oct-Dec 2021,"5,007-7,515","6,261",1%,,Bangalore,Residential - Multi Storey Apartment
Arekere,Jul-Sep 2021,"4,976-7,482","6,229",3%,,Bangalore,Residential - Multi Storey Apartment
Arekere,Apr-Jun 2021,"4,793-7,291","6,042",2%,,Bangalore,Residential - Multi Storey Apartment
Arekere,Jan-Mar 2021,"4,573-7,275","5,924",1%,,Bangalore,Residential - Multi Storey Apartment
Arekere,Oct-Dec 2020,"4,533-7,168","5,851",5%,,Bangalore,Residential - Multi Storey Apartment
Arekere,Jul-Sep 2020,"4,244-6,915","5,579",4%,,Bangalore,Residential - Multi Storey Apartment
Arekere,Apr-Jun 2020,"4,285-7,355","5,820",6%,,Bangalore,Residential - Multi Storey Apartment
Arekere,Jan-Mar 2020,"4,412-7,982","6,197",2%,,Bangalore,Residential - Multi Storey Apartment
Arekere,Oct-Dec 2019,"4,555-8,076","6,315",6%,,Bangalore,Residential - Multi Storey Apartment
Arekere,Jul-Sep 2019,"4,570-7,400","5,985",1%,,Bangalore,Residential - Multi Storey Apartment
Arekere,Apr-Jun 2019,"4,274-7,778","6,026",1%,,Bangalore,Residential - Multi Storey Apartment
Arekere,Jan-Mar 2019,"4,446-7,772","6,109",16%,,Bangalore,Residential - Multi Storey Apartment
Arekere,Oct-Dec 2018,"4,011-6,487","5,249",4%,,Bangalore,Residential - Multi Storey Apartment
Arekere,Jul-Sep 2018,"4,108-6,826","5,467",2%,,Bangalore,Residential - Multi Storey Apartment
Neeladri Road,Jul-Sep 2024,"4,712-8,303","6,508",6%,,Bangalore,Residential - Multi Storey Apartment
Neeladri Road,Apr-Jun 2024,"4,450-7,878","6,164",3%,,Bangalore,Residential - Multi Storey Apartment
Neeladri Road,Jan-Mar 2024,"4,343-7,610","5,977",,,Bangalore,Residential - Multi Storey Apartment
Neeladri Road,Oct-Dec 2022,"4,343-7,611","5,250",,,Bangalore,Residential - Multi Storey Apartment
Neeladri Road,Jul-Sep 2022,"4,343-7,612","5,300",,,Bangalore,Residential - Multi Storey Apartment
Neeladri Road,Jan-Mar 2022,"4,343-7,613","4,200",,,Bangalore,Residential - Multi Storey Apartment
Neeladri Road,Jul-Sep 2021,"4,343-7,614","3,750",,,Bangalore,Residential - Multi Storey Apartment
Neeladri Road,Jan-Mar 2021,"4,343-7,615","4,450",,,Bangalore,Residential - Multi Storey Apartment
Neeladri Road,Apr-Jun 2020,"4,343-7,616","5,000",-,,Bangalore,Residential - Multi Storey Apartment
Neeladri Road,Jan-Mar 2020,"4,343-7,617","3,650",,,Bangalore,Residential - Multi Storey Apartment
Neeladri Road,Oct-Dec 2019,"4,343-7,618","3,900",,,Bangalore,Residential - Multi Storey Apartment
Neeladri Road,Jul-Sep 2019,"4,343-7,619","4,550",,,Bangalore,Residential - Multi Storey Apartment
Neeladri Road,Jan-Mar 2019,"4,343-7,620","3,500",,,Bangalore,Residential - Multi Storey Apartment
Neeladri Road,Oct-Dec 2018,"4,343-7,621","3,400",,,Bangalore,Residential - Multi Storey Apartment
Anjanapura Main Road,Jul-Sep 2024,"5,605-9,725","7,665",6%,,Bangalore,Residential - Multi Storey Apartment
Anjanapura Main Road,Apr-Jun 2024,"5,308-9,162","7,235",5%,,Bangalore,Residential - Multi Storey Apartment
Anjanapura Main Road,Jan-Mar 2024,"5,050-8,721","6,890",4%,,Bangalore,Residential - Multi Storey Apartment
Anjanapura Main Road,Oct-Dec 2023,"4,827-8,384","6,625",3%,,Bangalore,Residential - Multi Storey Apartment
Anjanapura Main Road,Jul-Sep 2023,"4,688-8,145","6,437",5%,,Bangalore,Residential - Multi Storey Apartment
Anjanapura Main Road,Apr-Jun 2023,"4,465-7,767","6,131",4%,,Bangalore,Residential - Multi Storey Apartment
Anjanapura Main Road,Jan-Mar 2023,"4,284-7,470","5,895",3%,,Bangalore,Residential - Multi Storey Apartment
Anjanapura Main Road,Oct-Dec 2022,"4,200-7,122","5,727",2%,,Bangalore,Residential - Multi Storey Apartment
Anjanapura Main Road,Jul-Sep 2022,"4,116-6,981","5,615",5%,,Bangalore,Residential - Multi Storey Apartment
Anjanapura Main Road,Apr-Jun 2022,"3,915-6,649","5,348",4%,,Bangalore,Residential - Multi Storey Apartment
Anjanapura Main Road,Jan-Mar 2022,"3,800-6,392","5,140",3%,,Bangalore,Residential - Multi Storey Apartment
Anjanapura Main Road,Oct-Dec 2021,"3,691-6,181","4,990",2%,,Bangalore,Residential - Multi Storey Apartment
Anjanapura Main Road,Jul-Sep 2021,"3,600-5,946","4,892",5%,,Bangalore,Residential - Multi Storey Apartment
Anjanapura Main Road,Apr-Jun 2021,"3,429-5,678","4,659",4%,,Bangalore,Residential - Multi Storey Apartment
Anjanapura Main Road,Jan-Mar 2021,"3,297-5,459","4,478",3%,,Bangalore,Residential - Multi Storey Apartment
Anjanapura Main Road,Oct-Dec 2020,"3,195-5,302","4,349",2%,,Bangalore,Residential - Multi Storey Apartment
Anjanapura Main Road,Jul-Sep 2020,"3,137-5,200","4,264",5%,,Bangalore,Residential - Multi Storey Apartment
Anjanapura Main Road,Apr-Jun 2020,"2,988-4,972","4,061",4%,,Bangalore,Residential - Multi Storey Apartment
Anjanapura Main Road,Jan-Mar 2020,"2,873-4,782","3,905",3%,,Bangalore,Residential - Multi Storey Apartment
Anjanapura Main Road,Oct-Dec 2019,"2,789-4,641","3,792",2%,,Bangalore,Residential - Multi Storey Apartment
Yelahanka,Jul-Sep 2024,"5,839-10,180","8,010",9%,,Bangalore,Residential - Multi Storey Apartment
Yelahanka,Apr-Jun 2024,"5,476-9,175","7,325",2%,,Bangalore,Residential - Multi Storey Apartment
Yelahanka,Jan-Mar 2024,"5,429-8,917","7,173",4%,,Bangalore,Residential - Multi Storey Apartment
Yelahanka,Oct-Dec 2023,"5,335-8,515","6,925",2%,,Bangalore,Residential - Multi Storey Apartment
Yelahanka,Jul-Sep 2023,"5,232-8,402","6,817",3%,,Bangalore,Residential - Multi Storey Apartment
Yelahanka,Apr-Jun 2023,"5,024-8,166","6,595",3%,,Bangalore,Residential - Multi Storey Apartment
Yelahanka,Jan-Mar 2023,"4,846-7,966","6,406",2%,,Bangalore,Residential - Multi Storey Apartment
Yelahanka,Oct-Dec 2022,"4,780-7,790","6,285",4%,,Bangalore,Residential - Multi Storey Apartment
Yelahanka,Jul-Sep 2022,"4,682-7,440","6,061",3%,,Bangalore,Residential - Multi Storey Apartment
Yelahanka,Apr-Jun 2022,"4,632-7,089","5,861",1%,,Bangalore,Residential - Multi Storey Apartment
Yelahanka,Jan-Mar 2022,"4,573-7,033","5,803",0.10%,,Bangalore,Residential - Multi Storey Apartment
Yelahanka,Oct-Dec 2021,"4,542-7,080","5,811",2%,,Bangalore,Residential - Multi Storey Apartment
Yelahanka,Jul-Sep 2021,"4,433-6,930","5,681",1%,,Bangalore,Residential - Multi Storey Apartment
Yelahanka,Apr-Jun 2021,"4,426-6,836","5,631",3%,,Bangalore,Residential - Multi Storey Apartment
Yelahanka,Jan-Mar 2021,"4,296-6,687","5,492",2%,,Bangalore,Residential - Multi Storey Apartment
Yelahanka,Oct-Dec 2020,"4,252-6,508","5,380",2%,,Bangalore,Residential - Multi Storey Apartment
Yelahanka,Jul-Sep 2020,"4,212-6,324","5,268",1%,,Bangalore,Residential - Multi Storey Apartment
Yelahanka,Apr-Jun 2020,"4,288-6,402","5,345",1%,,Bangalore,Residential - Multi Storey Apartment
Yelahanka,Jan-Mar 2020,"4,322-6,443","5,383",1%,,Bangalore,Residential - Multi Storey Apartment
Yelahanka,Oct-Dec 2019,"4,257-6,356","5,306",1%,,Bangalore,Residential - Multi Storey Apartment
Yelahanka,Jul-Sep 2019,"4,282-6,258","5,270",1%,,Bangalore,Residential - Multi Storey Apartment
Yelahanka,Apr-Jun 2019,"4,217-6,233","5,225",3%,,Bangalore,Residential - Multi Storey Apartment
Yelahanka,Jan-Mar 2019,"4,053-6,075","5,064",1%,,Bangalore,Residential - Multi Storey Apartment
Yelahanka,Oct-Dec 2018,"4,153-6,113","5,133",,,Bangalore,Residential - Multi Storey Apartment
Yelahanka,Jul-Sep 2018,"4,102-6,174","5,138",1%,,Bangalore,Residential - Multi Storey Apartment
AnjanaPura,Jul-Sep 2024,"5,129-7,620","6,375",2%,,Bangalore,Residential - Multi Storey Apartment
AnjanaPura,Apr-Jun 2024,"5,147-7,875","6,511",1%,,Bangalore,Residential - Multi Storey Apartment
AnjanaPura,Jan-Mar 2024,"5,452-7,763","6,607",7%,,Bangalore,Residential - Multi Storey Apartment
AnjanaPura,Oct-Dec 2023,"4,669-7,729","6,199",,,Bangalore,Residential - Multi Storey Apartment
AnjanaPura,Jan-Mar 2023,"3,712-6,115","4,913",-,,Bangalore,Residential - Multi Storey Apartment
AnjanaPura,Jul-Sep 2022,"3,585-5,603","4,594",,,Bangalore,Residential - Multi Storey Apartment
AnjanaPura,Jan-Mar 2022,"3,596-5,106","4,351",3%,,Bangalore,Residential - Multi Storey Apartment
AnjanaPura,Oct-Dec 2021,"3,431-5,540","4,485",,,Bangalore,Residential - Multi Storey Apartment
AnjanaPura,Jan-Mar 2021,"3,422-4,982","4,202",0.40%,,Bangalore,Residential - Multi Storey Apartment
AnjanaPura,Oct-Dec 2020,"3,474-4,897","4,185",0.3,,Bangalore,Residential - Multi Storey Apartment
AnjanaPura,Jul-Sep 2020,"3,565-4,828","4,197",,,Bangalore,Residential - Multi Storey Apartment
AnjanaPura,Jan-Mar 2020,"3,389-4,924","4,156",-,,Bangalore,Residential - Multi Storey Apartment
AnjanaPura,Jan-Mar 2019,"3,286-5,241","4,264",,,Bangalore,Residential - Multi Storey Apartment
AnjanaPura,Jul-Sep 2018,"3,113-5,133","4,123",4%,,Bangalore,Residential - Multi Storey Apartment
Nandi Durga Road,Jul-Sep 2024,"9,873-17,290","13,581",0.20%,,Bangalore,Residential - Multi Storey Apartment
Nandi Durga Road,Apr-Jun 2024,"9,740-17,376","13,558",4%,,Bangalore,Residential - Multi Storey Apartment
Nandi Durga Road,Jan-Mar 2024,"10,560-17,813","14,186",5%,,Bangalore,Residential - Multi Storey Apartment
Nandi Durga Road,Oct-Dec 2023,"10,019-16,938","13,478",5%,,Bangalore,Residential - Multi Storey Apartment
Nandi Durga Road,Jul-Sep 2023,"9,470-16,313","12,891",11%,,Bangalore,Residential - Multi Storey Apartment
Nandi Durga Road,Apr-Jun 2023,"8,389-14,880","11,634",4%,,Bangalore,Residential - Multi Storey Apartment
Nandi Durga Road,Jan-Mar 2023,"7,870-14,468","11,169",,,Bangalore,Residential - Multi Storey Apartment
Anekal Main Road,Jul-Sep 2024,"3,619-6,581","5,100",10%,,Bangalore,Residential - Multi Storey Apartment
Anekal Main Road,Apr-Jun 2024,"3,417-5,835","4,626",2%,,Bangalore,Residential - Multi Storey Apartment
Anekal Main Road,Jan-Mar 2024,"3,496-5,967","4,732",4%,,Bangalore,Residential - Multi Storey Apartment
Anekal Main Road,Oct-Dec 2023,"3,349-5,719","4,534",5%,,Bangalore,Residential - Multi Storey Apartment
Anekal Main Road,Jul-Sep 2023,"3,529-6,047","4,788",16%,,Bangalore,Residential - Multi Storey Apartment
Anekal Main Road,Apr-Jun 2023,"3,170-5,119","4,145",2%,,Bangalore,Residential - Multi Storey Apartment
Anekal Main Road,Jan-Mar 2023,"3,212-4,921","4,067",,,Bangalore,Residential - Multi Storey Apartment
Marathahalli,Jul-Sep 2024,"7,887-15,209","11,548",6%,,Bangalore,Residential - Multi Storey Apartment
Marathahalli,Apr-Jun 2024,"8,919-15,695","12,307",13%,,Bangalore,Residential - Multi Storey Apartment
Marathahalli,Jan-Mar 2024,"7,621-14,116","10,869",19%,,Bangalore,Residential - Multi Storey Apartment
Marathahalli,Oct-Dec 2023,"6,103-12,091","9,097",5%,,Bangalore,Residential - Multi Storey Apartment
Marathahalli,Jul-Sep 2023,"5,794-11,477","8,635",,,Bangalore,Residential - Multi Storey Apartment
Marathahalli,Apr-Jun 2023,"5,818-11,453","8,635",24%,,Bangalore,Residential - Multi Storey Apartment
Marathahalli,Jan-Mar 2023,"4,895-9,007","6,951",8%,,Bangalore,Residential - Multi Storey Apartment
Marathahalli,Oct-Dec 2022,"4,868-7,954","6,411",4%,,Bangalore,Residential - Multi Storey Apartment
Marathahalli,Jul-Sep 2022,"4,981-8,356","6,669",1%,,Bangalore,Residential - Multi Storey Apartment
Marathahalli,Apr-Jun 2022,"5,089-8,437","6,763",4%,,Bangalore,Residential - Multi Storey Apartment
Marathahalli,Jan-Mar 2022,"4,973-8,083","6,528",1%,,Bangalore,Residential - Multi Storey Apartment
Marathahalli,Oct-Dec 2021,"4,919-8,014","6,467",1%,,Bangalore,Residential - Multi Storey Apartment
Marathahalli,Jul-Sep 2021,"4,822-7,967","6,395",5%,,Bangalore,Residential - Multi Storey Apartment
Marathahalli,Apr-Jun 2021,"4,588-7,648","6,118",0.30%,,Bangalore,Residential - Multi Storey Apartment
Marathahalli,Jan-Mar 2021,"4,609-7,670","6,139",2%,,Bangalore,Residential - Multi Storey Apartment
Marathahalli,Oct-Dec 2020,"4,751-7,811","6,281",1%,,Bangalore,Residential - Multi Storey Apartment
Marathahalli,Jul-Sep 2020,"4,650-7,775","6,212",5%,,Bangalore,Residential - Multi Storey Apartment
Marathahalli,Apr-Jun 2020,"4,925-8,105","6,515",1%,,Bangalore,Residential - Multi Storey Apartment
Marathahalli,Jan-Mar 2020,"5,014-8,199","6,607",0.50%,,Bangalore,Residential - Multi Storey Apartment
Marathahalli,Oct-Dec 2019,"5,085-8,192","6,639",3%,,Bangalore,Residential - Multi Storey Apartment
Marathahalli,Jul-Sep 2019,"4,936-7,956","6,446",1%,,Bangalore,Residential - Multi Storey Apartment
Marathahalli,Apr-Jun 2019,"4,832-7,881","6,356",1%,,Bangalore,Residential - Multi Storey Apartment
Marathahalli,Jan-Mar 2019,"4,749-7,813","6,281",2%,,Bangalore,Residential - Multi Storey Apartment
Marathahalli,Oct-Dec 2018,"4,837-7,947","6,392",1%,,Bangalore,Residential - Multi Storey Apartment
Marathahalli,Jul-Sep 2018,"4,673-7,949","6,311",4%,,Bangalore,Residential - Multi Storey Apartment
Manayata Tech Park,Jul-Sep 2024,"7,998-12,655","10,326",3%,,Bangalore,Residential - Multi Storey Apartment
Manayata Tech Park,Apr-Jun 2024,"8,260-12,964","10,612",3%,,Bangalore,Residential - Multi Storey Apartment
Manayata Tech Park,Jan-Mar 2024,"8,058-12,484","10,271",4%,,Bangalore,Residential - Multi Storey Apartment
Manayata Tech Park,Oct-Dec 2023,"7,511-12,159","9,835",13%,,Bangalore,Residential - Multi Storey Apartment
Manayata Tech Park,Jul-Sep 2023,"6,774-10,683","8,729",9%,,Bangalore,Residential - Multi Storey Apartment
Manayata Tech Park,Apr-Jun 2023,"6,141-9,903","8,022",6%,,Bangalore,Residential - Multi Storey Apartment
Manayata Tech Park,Jan-Mar 2023,"5,854-9,212","7,533",1%,,Bangalore,Residential - Multi Storey Apartment
Manayata Tech Park,Oct-Dec 2022,"5,870-9,034","7,452",2%,,Bangalore,Residential - Multi Storey Apartment
Manayata Tech Park,Jul-Sep 2022,"5,711-8,923","7,317",3%,,Bangalore,Residential - Multi Storey Apartment
Manayata Tech Park,Apr-Jun 2022,"5,578-8,695","7,136",2%,,Bangalore,Residential - Multi Storey Apartment
Manayata Tech Park,Jan-Mar 2022,"5,463-8,595","7,029",7%,,Bangalore,Residential - Multi Storey Apartment
Manayata Tech Park,Oct-Dec 2021,"5,171-7,951","6,561",2%,,Bangalore,Residential - Multi Storey Apartment
Manayata Tech Park,Jul-Sep 2021,"4,951-7,941","6,446",3%,,Bangalore,Residential - Multi Storey Apartment
Manayata Tech Park,Apr-Jun 2021,"4,991-7,485","6,238",1%,,Bangalore,Residential - Multi Storey Apartment
Manayata Tech Park,Jan-Mar 2021,"5,109-7,455","6,282",1%,,Bangalore,Residential - Multi Storey Apartment
Manayata Tech Park,Oct-Dec 2020,"5,164-7,524","6,344",2%,,Bangalore,Residential - Multi Storey Apartment
Manayata Tech Park,Jul-Sep 2020,"5,467-7,415","6,441",4%,,Bangalore,Residential - Multi Storey Apartment
Manayata Tech Park,Apr-Jun 2020,"5,146-7,283","6,214",2%,,Bangalore,Residential - Multi Storey Apartment
Manayata Tech Park,Jan-Mar 2020,"4,976-7,196","6,086",1%,,Bangalore,Residential - Multi Storey Apartment
Manayata Tech Park,Oct-Dec 2019,"5,016-7,276","6,146",-,,Bangalore,Residential - Multi Storey Apartment
Manayata Tech Park,Jul-Sep 2019,"5,041-7,261","6,151",1%,,Bangalore,Residential - Multi Storey Apartment
Manayata Tech Park,Apr-Jun 2019,"5,013-7,183","6,098",3%,,Bangalore,Residential - Multi Storey Apartment
Manayata Tech Park,Jan-Mar 2019,"4,945-6,889","5,917",0.10%,,Bangalore,Residential - Multi Storey Apartment
Manayata Tech Park,Oct-Dec 2018,"4,810-7,040","5,925",0.30%,,Bangalore,Residential - Multi Storey Apartment
Manayata Tech Park,Jul-Sep 2018,"4,707-7,105","5,906",0.40%,,Bangalore,Residential - Multi Storey Apartment
Yelahanka Airforce Base,Jul-Sep 2024,"5,878-9,421","7,650",2%,,Bangalore,Residential - Multi Storey Apartment
Yelahanka Airforce Base,Apr-Jun 2024,"5,768-9,186","7,477",2%,,Bangalore,Residential - Multi Storey Apartment
Yelahanka Airforce Base,Jan-Mar 2024,"5,883-8,738","7,311",5%,,Bangalore,Residential - Multi Storey Apartment
Yelahanka Airforce Base,Oct-Dec 2023,"6,016-7,905","6,960",,,Bangalore,Residential - Multi Storey Apartment
Yelahanka Airforce Base,Jul-Sep 2023,"5,860-8,209","7,035",2%,,Bangalore,Residential - Multi Storey Apartment
Yelahanka Airforce Base,Apr-Jun 2023,"5,806-8,100","6,953",3%,,Bangalore,Residential - Multi Storey Apartment
Yelahanka Airforce Base,Jan-Mar 2023,"5,738-7,909","6,818",,,Bangalore,Residential - Multi Storey Apartment
Yelahanka Airforce Base,Oct-Dec 2022,"5,604-7,593","6,599",2%,,Bangalore,Residential - Multi Storey Apartment
Yelahanka Airforce Base,Jul-Sep 2022,"5,585-7,543","6,564",3%,,Bangalore,Residential - Multi Storey Apartment
Yelahanka Airforce Base,Apr-Jun 2022,"5,480-7,456","6,468",2%,,Bangalore,Residential - Multi Storey Apartment
Yelahanka Airforce Base,Jan-Mar 2022,"5,420-7,344","6,382",2%,,Bangalore,Residential - Multi Storey Apartment
Yelahanka Airforce Base,Oct-Dec 2021,"5,287-7,200","6,243",3%,,Bangalore,Residential - Multi Storey Apartment
Yelahanka Airforce Base,Jul-Sep 2021,"5,183-7,100","6,142",3%,,Bangalore,Residential - Multi Storey Apartment
Yelahanka Airforce Base,Apr-Jun 2021,"5,091-6,992","6,042",4%,,Bangalore,Residential - Multi Storey Apartment
Yelahanka Airforce Base,Jan-Mar 2021,"5,021-6,898","5,960",,,Bangalore,Residential - Multi Storey Apartment
Yelahanka Airforce Base,Jul-Sep 2019,"4,811-6,607","5,709",2%,,Bangalore,Residential - Multi Storey Apartment
Yelahanka Airforce Base,Oct-Dec 2018,"4,735-6,515","5,625",2%,,Bangalore,Residential - Multi Storey Apartment
Yelahanka Airforce Base,Jul-Sep 2018,"4,740-6,542","5,641",,,Bangalore,Residential - Multi Storey Apartment
Nallurhalli,Jul-Sep 2024,"7,701-12,604","10,152",8%,,Bangalore,Residential - Multi Storey Apartment
Nallurhalli,Apr-Jun 2024,"6,892-11,984","9,438",1%,,Bangalore,Residential - Multi Storey Apartment
Nallurhalli,Jan-Mar 2024,"6,885-12,143","9,514",,,Bangalore,Residential - Multi Storey Apartment
Nallurhalli,Oct-Dec 2023,-,-,,,Bangalore,Residential - Multi Storey Apartment
Nallurhalli,Jul-Sep 2023,"5,854-10,506","8,180",16%,,Bangalore,Residential - Multi Storey Apartment
Nallurhalli,Apr-Jun 2023,"5,500-8,604","7,052",2%,,Bangalore,Residential - Multi Storey Apartment
Nallurhalli,Jan-Mar 2023,"5,607-8,718","7,163",9%,,Bangalore,Residential - Multi Storey Apartment
Nallurhalli,Oct-Dec 2022,"5,075-8,123","6,599",5%,,Bangalore,Residential - Multi Storey Apartment
Nallurhalli,Jul-Sep 2022,"4,860-7,689","6,275",3%,,Bangalore,Residential - Multi Storey Apartment
Nallurhalli,Apr-Jun 2022,"4,994-7,885","6,440",9%,,Bangalore,Residential - Multi Storey Apartment
Nallurhalli,Jan-Mar 2022,"4,937-6,886","5,911",2%,,Bangalore,Residential - Multi Storey Apartment
Nallurhalli,Oct-Dec 2021,"4,990-6,552","5,771",1%,,Bangalore,Residential - Multi Storey Apartment
Nallurhalli,Jul-Sep 2021,"4,768-6,874","5,821",,,Bangalore,Residential - Multi Storey Apartment
Nallurhalli,Apr-Jun 2021,-,-,,,Bangalore,Residential - Multi Storey Apartment
Nallurhalli,Jan-Mar 2021,"4,698-6,489","5,593",,,Bangalore,Residential - Multi Storey Apartment
Nallurhalli,Oct-Dec 2020,-,"5,550",-,,Bangalore,Residential - Multi Storey Apartment
Nallurhalli,Jul-Sep 2020,"4,700-6,337","5,518",-,,Bangalore,Residential - Multi Storey Apartment
Nallurhalli,Apr-Jun 2020,-,-,-,,Bangalore,Residential - Multi Storey Apartment
Nallurhalli,Jan-Mar 2020,-,-,-,,Bangalore,Residential - Multi Storey Apartment
Nallurhalli,Oct-Dec 2019,"4,679-6,366","5,523",2%,,Bangalore,Residential - Multi Storey Apartment
Nallurhalli,Jul-Sep 2019,"4,493-6,293","5,393",,,Bangalore,Residential - Multi Storey Apartment
Manyata Tech Park Road,Jul-Sep 2024,"7,866-12,588","10,227",0.40%,,Bangalore,Residential - Multi Storey Apartment
Manyata Tech Park Road,Apr-Jun 2024,"7,890-12,638","10,264",,,Bangalore,Residential - Multi Storey Apartment
Manyata Tech Park Road,Oct-Dec 2023,"7,476-12,398","9,937",,,Bangalore,Residential - Multi Storey Apartment
Manyata Tech Park Road,Jan-Mar 2023,-,"6,550",,,Bangalore,Residential - Multi Storey Apartment
Manyata Tech Park Road,Oct-Dec 2022,-,"7,150",,,Bangalore,Residential - Multi Storey Apartment
Manyata Tech Park Road,Jul-Sep 2022,-,"6,600",,,Bangalore,Residential - Multi Storey Apartment
Manyata Tech Park Road,Apr-Jun 2022,-,"6,800",,,Bangalore,Residential - Multi Storey Apartment
Manyata Tech Park Road,Jan-Mar 2021,-,"6,400",,,Bangalore,Residential - Multi Storey Apartment
Manyata Tech Park Road,Oct-Dec 2020,-,"5,650",-,,Bangalore,Residential - Multi Storey Apartment
Manyata Tech Park Road,Jul-Sep 2020,-,"6,900",-,,Bangalore,Residential - Multi Storey Apartment
Manyata Tech Park Road,Apr-Jun 2020,-,"8,000",-,,Bangalore,Residential - Multi Storey Apartment
Manyata Tech Park Road,Jan-Mar 2020,-,"5,750",-,,Bangalore,Residential - Multi Storey Apartment
Manyata Tech Park Road,Oct-Dec 2019,-,"4,400",-,,Bangalore,Residential - Multi Storey Apartment
Anekal,Jul-Sep 2024,"3,846-8,341","6,093",22%,,Bangalore,Residential - Multi Storey Apartment
Anekal,Apr-Jun 2024,"5,336-10,203","7,769",80%,,Bangalore,Residential - Multi Storey Apartment
Anekal,Jan-Mar 2024,"3,210-5,447","4,328",5%,,Bangalore,Residential - Multi Storey Apartment
Anekal,Oct-Dec 2023,"3,338-5,799","4,568",14%,,Bangalore,Residential - Multi Storey Apartment
Anekal,Jul-Sep 2023,"3,026-4,979","4,002",6%,,Bangalore,Residential - Multi Storey Apartment
Anekal,Apr-Jun 2023,"3,202-5,322","4,262",11%,,Bangalore,Residential - Multi Storey Apartment
Anekal,Jan-Mar 2023,"2,985-4,679","3,832",4%,,Bangalore,Residential - Multi Storey Apartment
Anekal,Oct-Dec 2022,"3,128-4,821","3,975",4%,,Bangalore,Residential - Multi Storey Apartment
Anekal,Jul-Sep 2022,"3,098-4,536","3,817",2%,,Bangalore,Residential - Multi Storey Apartment
Anekal,Apr-Jun 2022,"2,975-4,476","3,726",1%,,Bangalore,Residential - Multi Storey Apartment
Anekal,Jan-Mar 2022,"3,039-4,492","3,766",6%,,Bangalore,Residential - Multi Storey Apartment
Anekal,Oct-Dec 2021,"2,787-4,348","3,567",0.50%,,Bangalore,Residential - Multi Storey Apartment
Anekal,Jul-Sep 2021,"2,771-4,331","3,551",5.00%,,Bangalore,Residential - Multi Storey Apartment
Anekal,Apr-Jun 2021,"3,015-4,468","3,741",9%,,Bangalore,Residential - Multi Storey Apartment
Anekal,Jan-Mar 2021,"2,863-3,999","3,431",6%,,Bangalore,Residential - Multi Storey Apartment
Anekal,Oct-Dec 2020,"3,011-4,267","3,639",3%,,Bangalore,Residential - Multi Storey Apartment
Anekal,Jul-Sep 2020,"2,953-4,129","3,541",,,Bangalore,Residential - Multi Storey Apartment
Anekal,Oct-Dec 2019,-,"4,150",-,,Bangalore,Residential - Multi Storey Apartment
Anekal,Jul-Sep 2018,"2,748-4,413","3,580",,,Bangalore,Residential - Multi Storey Apartment
Yelahanka New Town,Jul-Sep 2024,"5,875-8,650","7,262",1%,,Bangalore,Residential - Multi Storey Apartment
Yelahanka New Town,Apr-Jun 2024,"6,030-8,387","7,209",4%,,Bangalore,Residential - Multi Storey Apartment
Yelahanka New Town,Jan-Mar 2024,"5,767-8,055","6,911",2%,,Bangalore,Residential - Multi Storey Apartment
Yelahanka New Town,Oct-Dec 2023,"5,545-7,977","6,761",5%,,Bangalore,Residential - Multi Storey Apartment
Yelahanka New Town,Jul-Sep 2023,"5,025-7,869","6,447",1%,,Bangalore,Residential - Multi Storey Apartment
Yelahanka New Town,Apr-Jun 2023,"4,924-7,798","6,361",2%,,Bangalore,Residential - Multi Storey Apartment
Yelahanka New Town,Jan-Mar 2023,"4,922-7,554","6,238",1%,,Bangalore,Residential - Multi Storey Apartment
Yelahanka New Town,Oct-Dec 2022,"5,025-7,283","6,154",3%,,Bangalore,Residential - Multi Storey Apartment
Yelahanka New Town,Jul-Sep 2022,"4,827-7,123","5,975",3%,,Bangalore,Residential - Multi Storey Apartment
Yelahanka New Town,Apr-Jun 2022,"4,695-6,914","5,805",4%,,Bangalore,Residential - Multi Storey Apartment
Yelahanka New Town,Jan-Mar 2022,"4,374-6,758","5,566",1%,,Bangalore,Residential - Multi Storey Apartment
Yelahanka New Town,Oct-Dec 2021,"4,424-6,795","5,609",0.20%,,Bangalore,Residential - Multi Storey Apartment
Yelahanka New Town,Jul-Sep 2021,"4,559-6,685","5,622",3%,,Bangalore,Residential - Multi Storey Apartment
Yelahanka New Town,Apr-Jun 2021,"4,664-6,889","5,776",6%,,Bangalore,Residential - Multi Storey Apartment
Yelahanka New Town,Jan-Mar 2021,"4,383-6,538","5,460",0.10%,,Bangalore,Residential - Multi Storey Apartment
Yelahanka New Town,Oct-Dec 2020,"4,374-6,530","5,452",2%,,Bangalore,Residential - Multi Storey Apartment
Yelahanka New Town,Jul-Sep 2020,"4,279-6,420","5,349",0.50%,,Bangalore,Residential - Multi Storey Apartment
Yelahanka New Town,Apr-Jun 2020,"4,255-6,392","5,324",-,,Bangalore,Residential - Multi Storey Apartment
Yelahanka New Town,Jan-Mar 2020,"4,398-6,259","5,329",3%,,Bangalore,Residential - Multi Storey Apartment
Yelahanka New Town,Oct-Dec 2019,"4,259-6,139","5,199",2%,,Bangalore,Residential - Multi Storey Apartment
Yelahanka New Town,Jul-Sep 2019,"4,112-6,081","5,097",1%,,Bangalore,Residential - Multi Storey Apartment
Yelahanka New Town,Apr-Jun 2019,"4,118-6,179","5,148",5%,,Bangalore,Residential - Multi Storey Apartment
Yelahanka New Town,Jan-Mar 2019,"3,851-5,940","4,895",6%,,Bangalore,Residential - Multi Storey Apartment
Yelahanka New Town,Oct-Dec 2018,"4,187-6,216","5,201",3%,,Bangalore,Residential - Multi Storey Apartment
Yelahanka New Town,Jul-Sep 2018,"3,917-6,183","5,050",1%,,Bangalore,Residential - Multi Storey Apartment
Kengeri,Jul-Sep 2024,"4,650-7,147","5,898",5%,,Bangalore,Residential - Multi Storey Apartment
Kengeri,Apr-Jun 2024,"4,447-6,803","5,625",1%,,Bangalore,Residential - Multi Storey Apartment
Kengeri,Jan-Mar 2024,"4,548-6,857","5,703",7%,,Bangalore,Residential - Multi Storey Apartment
Kengeri,Oct-Dec 2023,"4,218-6,452","5,335",3%,,Bangalore,Residential - Multi Storey Apartment
Kengeri,Jul-Sep 2023,"4,028-6,308","5,168",2%,,Bangalore,Residential - Multi Storey Apartment
Kengeri,Apr-Jun 2023,"4,016-6,140","5,078",2%,,Bangalore,Residential - Multi Storey Apartment
Kengeri,Jan-Mar 2023,"3,959-6,032","4,996",2%,,Bangalore,Residential - Multi Storey Apartment
Kengeri,Oct-Dec 2022,"3,946-6,251","5,098",2%,,Bangalore,Residential - Multi Storey Apartment
Kengeri,Jul-Sep 2022,"3,997-6,021","5,009",4%,,Bangalore,Residential - Multi Storey Apartment
Kengeri,Apr-Jun 2022,"3,833-5,793","4,813",1%,,Bangalore,Residential - Multi Storey Apartment
Kengeri,Jan-Mar 2022,"3,793-5,757","4,775",3%,,Bangalore,Residential - Multi Storey Apartment
Kengeri,Oct-Dec 2021,"4,000-5,879","4,940",2%,,Bangalore,Residential - Multi Storey Apartment
Kengeri,Jul-Sep 2021,"3,863-5,780","4,821",6%,,Bangalore,Residential - Multi Storey Apartment
Kengeri,Apr-Jun 2021,"3,671-5,440","4,556",0.50%,,Bangalore,Residential - Multi Storey Apartment
Kengeri,Jan-Mar 2021,"3,649-5,421","4,535",3%,,Bangalore,Residential - Multi Storey Apartment
Kengeri,Oct-Dec 2020,"3,520-5,300","4,410",1%,,Bangalore,Residential - Multi Storey Apartment
Kengeri,Jul-Sep 2020,"3,454-5,247","4,351",0.30%,,Bangalore,Residential - Multi Storey Apartment
Kengeri,Apr-Jun 2020,"3,474-5,201","4,338",1%,,Bangalore,Residential - Multi Storey Apartment
Kengeri,Jan-Mar 2020,"3,483-5,284","4,384",2%,,Bangalore,Residential - Multi Storey Apartment
Kengeri,Oct-Dec 2019,"3,629-5,344","4,486",5%,,Bangalore,Residential - Multi Storey Apartment
Kengeri,Jul-Sep 2019,"3,423-5,083","4,253",0.50%,,Bangalore,Residential - Multi Storey Apartment
Kengeri,Apr-Jun 2019,"3,396-5,069","4,233",,,Bangalore,Residential - Multi Storey Apartment
Kengeri,Jan-Mar 2019,"3,440-5,078","4,259",1%,,Bangalore,Residential - Multi Storey Apartment
Kengeri,Oct-Dec 2018,"3,322-5,073","4,198",1%,,Bangalore,Residential - Multi Storey Apartment
Kengeri,Jul-Sep 2018,"3,284-5,165","4,225",3%,,Bangalore,Residential - Multi Storey Apartment
Battarahalli,Jul-Sep 2024,"5,906-11,277","8,591",13%,,Bangalore,Residential - Multi Storey Apartment
Battarahalli,Apr-Jun 2024,"7,296-12,477","9,886",4%,,Bangalore,Residential - Multi Storey Apartment
Battarahalli,Jan-Mar 2024,"7,315-11,672","9,493",24%,,Bangalore,Residential - Multi Storey Apartment
Battarahalli,Oct-Dec 2023,"5,105-10,197","7,651",20%,,Bangalore,Residential - Multi Storey Apartment
Battarahalli,Jul-Sep 2023,"4,474-8,250","6,362",21%,,Bangalore,Residential - Multi Storey Apartment
Battarahalli,Apr-Jun 2023,"4,137-6,366","5,251",2%,,Bangalore,Residential - Multi Storey Apartment
Battarahalli,Jan-Mar 2023,"3,839-6,498","5,168",,,Bangalore,Residential - Multi Storey Apartment
Battarahalli,Oct-Dec 2022,"3,839-6,499","5,650",,,Bangalore,Residential - Multi Storey Apartment
Battarahalli,Jul-Sep 2022,"3,839-6,500","5,900",,,Bangalore,Residential - Multi Storey Apartment
Battarahalli,Apr-Jun 2022,"3,839-6,501","6,250",,,Bangalore,Residential - Multi Storey Apartment
Battarahalli,Jan-Mar 2022,"3,839-6,502","5,900",,,Bangalore,Residential - Multi Storey Apartment
Battarahalli,Oct-Dec 2021,"3,839-6,503","5,550",,,Bangalore,Residential - Multi Storey Apartment
Battarahalli,Jul-Sep 2021,"3,839-6,504","5,600",,,Bangalore,Residential - Multi Storey Apartment
Battarahalli,Jan-Mar 2021,"3,839-6,505","5,750",,,Bangalore,Residential - Multi Storey Apartment
Battarahalli,Oct-Dec 2020,"3,839-6,506","5,200",-,,Bangalore,Residential - Multi Storey Apartment
Battarahalli,Jul-Sep 2020,"3,839-6,507","5,050",-,,Bangalore,Residential - Multi Storey Apartment
Battarahalli,Jan-Mar 2020,"3,839-6,508","3,000",-,,Bangalore,Residential - Multi Storey Apartment
Battarahalli,Oct-Dec 2019,"3,839-6,509","5,000",-,,Bangalore,Residential - Multi Storey Apartment
Battarahalli,Jul-Sep 2019,"3,839-6,510","5,350",,,Bangalore,Residential - Multi Storey Apartment
Battarahalli,Apr-Jun 2019,"3,839-6,511","5,150",,,Bangalore,Residential - Multi Storey Apartment
Battarahalli,Jan-Mar 2019,"3,839-6,512","4,400",,,Bangalore,Residential - Multi Storey Apartment
Battarahalli,Oct-Dec 2018,"3,839-6,513","4,100",,,Bangalore,Residential - Multi Storey Apartment
Battarahalli,Jul-Sep 2018,"3,839-6,514","4,150",,,Bangalore,Residential - Multi Storey Apartment
Kodichikkanahalli Main Road,Jul-Sep 2024,"4,780-8,807","6,794",5%,,Bangalore,Residential - Multi Storey Apartment
Kodichikkanahalli Main Road,Apr-Jun 2024,"4,971-9,402","7,187",11%,,Bangalore,Residential - Multi Storey Apartment
Kodichikkanahalli Main Road,Jan-Mar 2024,"4,520-8,481","6,500",4%,,Bangalore,Residential - Multi Storey Apartment
Kodichikkanahalli Main Road,Oct-Dec 2023,"4,662-8,924","6,793",15%,,Bangalore,Residential - Multi Storey Apartment
Kodichikkanahalli Main Road,Jul-Sep 2023,"4,317-7,532","5,924",8%,,Bangalore,Residential - Multi Storey Apartment
Kodichikkanahalli Main Road,Apr-Jun 2023,"4,191-6,769","5,480",3%,,Bangalore,Residential - Multi Storey Apartment
Kodichikkanahalli Main Road,Jan-Mar 2023,"4,059-6,569","5,314",,,Bangalore,Residential - Multi Storey Apartment
Kodichikkanahalli Main Road,Oct-Dec 2022,-,"4,700",,,Bangalore,Residential - Multi Storey Apartment
Kodichikkanahalli Main Road,Jul-Sep 2020,-,"4,950",-,,Bangalore,Residential - Multi Storey Apartment
Kodichikkanahalli Main Road,Apr-Jun 2019,-,"5,350",,,Bangalore,Residential - Multi Storey Apartment
Kodichikkanahalli Main Road,Oct-Dec 2018,-,"4,700",,,Bangalore,Residential - Multi Storey Apartment
Kodichikkanahalli Main Road,Jul-Sep 2018,-,"4,900",,,Bangalore,Residential - Multi Storey Apartment
Kasavanahalli Main Road,Jul-Sep 2024,"6,844-12,496","9,670",4%,,Bangalore,Residential - Multi Storey Apartment
Kasavanahalli Main Road,Apr-Jun 2024,"6,847-11,819","9,333",2%,,Bangalore,Residential - Multi Storey Apartment
Kasavanahalli Main Road,Jan-Mar 2024,"6,993-11,276","9,134",4%,,Bangalore,Residential - Multi Storey Apartment
Kasavanahalli Main Road,Oct-Dec 2023,"6,435-11,100","8,768",3%,,Bangalore,Residential - Multi Storey Apartment
Kasavanahalli Main Road,Jul-Sep 2023,"6,014-11,022","8,518",3%,,Bangalore,Residential - Multi Storey Apartment
Kasavanahalli Main Road,Apr-Jun 2023,"5,962-10,567","8,264",6%,,Bangalore,Residential - Multi Storey Apartment
Kasavanahalli Main Road,Jan-Mar 2023,"5,654-9,902","7,778",,,Bangalore,Residential - Multi Storey Apartment
Kasavanahalli Main Road,Oct-Dec 2022,-,"6,250",,,Bangalore,Residential - Multi Storey Apartment
Kasavanahalli Main Road,Jul-Sep 2022,-,"6,100",,,Bangalore,Residential - Multi Storey Apartment
Kasavanahalli Main Road,Apr-Jun 2022,-,"5,900",,,Bangalore,Residential - Multi Storey Apartment
Kasavanahalli Main Road,Jan-Mar 2022,-,"5,800",,,Bangalore,Residential - Multi Storey Apartment
Kasavanahalli Main Road,Oct-Dec 2021,-,"6,150",,,Bangalore,Residential - Multi Storey Apartment
Kasavanahalli Main Road,Jul-Sep 2021,-,"5,850",,,Bangalore,Residential - Multi Storey Apartment
Kasavanahalli Main Road,Apr-Jun 2021,-,"5,700",,,Bangalore,Residential - Multi Storey Apartment
Kasavanahalli Main Road,Jan-Mar 2021,-,"5,300",,,Bangalore,Residential - Multi Storey Apartment
Kasavanahalli Main Road,Oct-Dec 2020,-,"5,650",-,,Bangalore,Residential - Multi Storey Apartment
Kasavanahalli Main Road,Jul-Sep 2020,-,"5,750",-,,Bangalore,Residential - Multi Storey Apartment
Kasavanahalli Main Road,Apr-Jun 2020,-,"5,750",-,,Bangalore,Residential - Multi Storey Apartment
Kasavanahalli Main Road,Jan-Mar 2020,-,"5,750",-,,Bangalore,Residential - Multi Storey Apartment
Kasavanahalli Main Road,Oct-Dec 2019,-,"5,850",-,,Bangalore,Residential - Multi Storey Apartment
Kasavanahalli Main Road,Jul-Sep 2019,-,"5,750",,,Bangalore,Residential - Multi Storey Apartment
Kasavanahalli Main Road,Apr-Jun 2019,-,"5,700",,,Bangalore,Residential - Multi Storey Apartment
Kasavanahalli Main Road,Jan-Mar 2019,-,"6,250",,,Bangalore,Residential - Multi Storey Apartment
Kasavanahalli Main Road,Oct-Dec 2018,-,"5,600",,,Bangalore,Residential - Multi Storey Apartment
Kasavanahalli Main Road,Jul-Sep 2018,-,"5,400",,,Bangalore,Residential - Multi Storey Apartment
Vasanth Nagar,Jul-Sep 2024,"14,284-24,296","19,290",3%,,Bangalore,Residential - Multi Storey Apartment
Vasanth Nagar,Apr-Jun 2024,"14,125-23,256","18,690",4.00%,,Bangalore,Residential - Multi Storey Apartment
Vasanth Nagar,Jan-Mar 2024,"13,180-22,864","18,022",0.30%,,Bangalore,Residential - Multi Storey Apartment
Vasanth Nagar,Oct-Dec 2023,"13,787-22,157","17,972",4%,,Bangalore,Residential - Multi Storey Apartment
Vasanth Nagar,Jul-Sep 2023,"14,371-22,884","18,627",2%,,Bangalore,Residential - Multi Storey Apartment
Vasanth Nagar,Apr-Jun 2023,"13,838-22,685","18,261",1%,,Bangalore,Residential - Multi Storey Apartment
Vasanth Nagar,Jan-Mar 2023,"13,978-22,793","18,386",5%,,Bangalore,Residential - Multi Storey Apartment
Vasanth Nagar,Oct-Dec 2022,"12,954-22,201","17,577",,,Bangalore,Residential - Multi Storey Apartment
Vasanth Nagar,Jul-Sep 2022,-,"17,350",,,Bangalore,Residential - Multi Storey Apartment
Vasanth Nagar,Jul-Sep 2021,"14,263-21,663","17,963",3%,,Bangalore,Residential - Multi Storey Apartment
Vasanth Nagar,Apr-Jun 2021,"14,314-22,889","18,601",,,Bangalore,Residential - Multi Storey Apartment
Vasanth Nagar,Jan-Mar 2021,-,"17,950",,,Bangalore,Residential - Multi Storey Apartment
Vasanth Nagar,Jul-Sep 2019,-,"19,500",,,Bangalore,Residential - Multi Storey Apartment
Vijaynagar,Jul-Sep 2024,"6,704-10,331","8,517",3%,,Bangalore,Residential - Multi Storey Apartment
Vijaynagar,Apr-Jun 2024,"6,317-10,286","8,301",6%,,Bangalore,Residential - Multi Storey Apartment
Vijaynagar,Jan-Mar 2024,"6,163-9,453","7,808",6%,,Bangalore,Residential - Multi Storey Apartment
Vijaynagar,Oct-Dec 2023,"5,834-8,862","7,348",4%,,Bangalore,Residential - Multi Storey Apartment
Vijaynagar,Jul-Sep 2023,"6,040-8,099","7,069",2%,,Bangalore,Residential - Multi Storey Apartment
Vijaynagar,Apr-Jun 2023,"5,724-8,730","7,227",1%,,Bangalore,Residential - Multi Storey Apartment
Vijaynagar,Jan-Mar 2023,"5,656-8,668","7,162",6%,,Bangalore,Residential - Multi Storey Apartment
Vijaynagar,Oct-Dec 2022,"5,418-8,032","6,725",1%,,Bangalore,Residential - Multi Storey Apartment
Vijaynagar,Jul-Sep 2022,"5,407-7,965","6,686",1%,,Bangalore,Residential - Multi Storey Apartment
Vijaynagar,Apr-Jun 2022,"5,340-7,845","6,593",2%,,Bangalore,Residential - Multi Storey Apartment
Vijaynagar,Jan-Mar 2022,"5,659-7,864","6,762",1%,,Bangalore,Residential - Multi Storey Apartment
Vijaynagar,Oct-Dec 2021,"5,602-7,727","6,665",0.10%,,Bangalore,Residential - Multi Storey Apartment
Vijaynagar,Jul-Sep 2021,"5,489-7,825","6,657",3%,,Bangalore,Residential - Multi Storey Apartment
Vijaynagar,Apr-Jun 2021,"5,201-7,748","6,474",0.20%,,Bangalore,Residential - Multi Storey Apartment
Vijaynagar,Jan-Mar 2021,"5,292-7,676","6,484",0.20%,,Bangalore,Residential - Multi Storey Apartment
Vijaynagar,Oct-Dec 2020,"5,183-7,760","6,472",1%,,Bangalore,Residential - Multi Storey Apartment
Vijaynagar,Jul-Sep 2020,"5,126-7,915","6,520",1%,,Bangalore,Residential - Multi Storey Apartment
Vijaynagar,Apr-Jun 2020,"5,228-7,729","6,479",3%,,Bangalore,Residential - Multi Storey Apartment
Vijaynagar,Jan-Mar 2020,"5,051-7,580","6,315",4%,,Bangalore,Residential - Multi Storey Apartment
Vijaynagar,Oct-Dec 2019,"4,627-7,533","6,080",4%,,Bangalore,Residential - Multi Storey Apartment
Vijaynagar,Jul-Sep 2019,"4,665-7,035","5,850",7%,,Bangalore,Residential - Multi Storey Apartment
Vijaynagar,Apr-Jun 2019,"4,435-6,466","5,451",4%,,Bangalore,Residential - Multi Storey Apartment
Vijaynagar,Jan-Mar 2019,"4,513-6,859","5,686",3%,,Bangalore,Residential - Multi Storey Apartment
Vijaynagar,Oct-Dec 2018,"4,761-6,927","5,844",0.40%,,Bangalore,Residential - Multi Storey Apartment
Vijaynagar,Jul-Sep 2018,"4,815-6,823","5,819",4%,,Bangalore,Residential - Multi Storey Apartment
Begur Road,Jul-Sep 2024,"5,984-11,109","8,546",11%,,Bangalore,Residential - Multi Storey Apartment
Begur Road,Apr-Jun 2024,"5,361-9,979","7,670",7%,,Bangalore,Residential - Multi Storey Apartment
Begur Road,Jan-Mar 2024,"5,095-9,261","7,178",3%,,Bangalore,Residential - Multi Storey Apartment
Begur Road,Oct-Dec 2023,"5,004-8,907","6,956",12%,,Bangalore,Residential - Multi Storey Apartment
Begur Road,Jul-Sep 2023,"4,611-7,841","6,226",11%,,Bangalore,Residential - Multi Storey Apartment
Begur Road,Apr-Jun 2023,"4,152-7,078","5,615",1%,,Bangalore,Residential - Multi Storey Apartment
Begur Road,Jan-Mar 2023,"4,057-7,015","5,536",5%,,Bangalore,Residential - Multi Storey Apartment
Begur Road,Oct-Dec 2022,"4,269-7,376","5,822",4%,,Bangalore,Residential - Multi Storey Apartment
Begur Road,Jul-Sep 2022,"4,099-7,088","5,593",2%,,Bangalore,Residential - Multi Storey Apartment
Begur Road,Apr-Jun 2022,"4,194-7,177","5,686",9%,,Bangalore,Residential - Multi Storey Apartment
Begur Road,Jan-Mar 2022,"3,950-6,462","5,206",4%,,Bangalore,Residential - Multi Storey Apartment
Begur Road,Oct-Dec 2021,"4,060-6,815","5,438",2%,,Bangalore,Residential - Multi Storey Apartment
Begur Road,Jul-Sep 2021,"4,177-6,936","5,557",1%,,Bangalore,Residential - Multi Storey Apartment
Begur Road,Apr-Jun 2021,"4,159-6,878","5,518",,,Bangalore,Residential - Multi Storey Apartment
Begur Road,Jan-Mar 2021,"4,153-6,829","5,491",1%,,Bangalore,Residential - Multi Storey Apartment
Begur Road,Oct-Dec 2020,"4,204-6,903","5,553",2%,,Bangalore,Residential - Multi Storey Apartment
Begur Road,Jul-Sep 2020,"4,120-6,758","5,439",-,,Bangalore,Residential - Multi Storey Apartment
Begur Road,Apr-Jun 2020,"4,108-6,769","5,438",2%,,Bangalore,Residential - Multi Storey Apartment
Begur Road,Jan-Mar 2020,"4,245-6,797","5,521",4%,,Bangalore,Residential - Multi Storey Apartment
Begur Road,Oct-Dec 2019,"4,065-6,596","5,331",3%,,Bangalore,Residential - Multi Storey Apartment
Begur Road,Jul-Sep 2019,"4,035-6,267","5,151",3%,,Bangalore,Residential - Multi Storey Apartment
Begur Road,Apr-Jun 2019,"3,885-6,069","4,977",3%,,Bangalore,Residential - Multi Storey Apartment
Begur Road,Jan-Mar 2019,"3,789-5,899","4,844",3%,,Bangalore,Residential - Multi Storey Apartment
Begur Road,Oct-Dec 2018,"3,943-6,065","5,004",1%,,Bangalore,Residential - Multi Storey Apartment
Begur Road,Jul-Sep 2018,"3,838-6,049","4,943",4%,,Bangalore,Residential - Multi Storey Apartment
Kengeri Satellite Town,Jul-Sep 2024,"4,131-7,231","5,681",7%,,Bangalore,Residential - Multi Storey Apartment
Kengeri Satellite Town,Apr-Jun 2024,"3,766-6,833","5,299",6%,,Bangalore,Residential - Multi Storey Apartment
Kengeri Satellite Town,Jan-Mar 2024,"4,337-6,954","5,645",1%,,Bangalore,Residential - Multi Storey Apartment
Kengeri Satellite Town,Oct-Dec 2023,"4,093-7,074","5,583",8%,,Bangalore,Residential - Multi Storey Apartment
Kengeri Satellite Town,Jul-Sep 2023,"3,927-6,440","5,183",1%,,Bangalore,Residential - Multi Storey Apartment
Kengeri Satellite Town,Apr-Jun 2023,"4,017-6,273","5,145",7%,,Bangalore,Residential - Multi Storey Apartment
Kengeri Satellite Town,Jan-Mar 2023,"3,931-5,702","4,817",3%,,Bangalore,Residential - Multi Storey Apartment
Kengeri Satellite Town,Oct-Dec 2022,"3,816-6,165","4,990",2%,,Bangalore,Residential - Multi Storey Apartment
Kengeri Satellite Town,Jul-Sep 2022,"3,897-5,855","4,876",2%,,Bangalore,Residential - Multi Storey Apartment
Kengeri Satellite Town,Apr-Jun 2022,"3,824-5,777","4,801",0.20%,,Bangalore,Residential - Multi Storey Apartment
Kengeri Satellite Town,Jan-Mar 2022,"3,808-5,774","4,791",1%,,Bangalore,Residential - Multi Storey Apartment
Kengeri Satellite Town,Oct-Dec 2021,"3,927-5,789","4,858",2%,,Bangalore,Residential - Multi Storey Apartment
Kengeri Satellite Town,Jul-Sep 2021,"3,772-5,710","4,741",5%,,Bangalore,Residential - Multi Storey Apartment
Kengeri Satellite Town,Apr-Jun 2021,"3,631-5,361","4,496",,,Bangalore,Residential - Multi Storey Apartment
Kengeri Satellite Town,Jan-Mar 2021,"3,583-5,411","4,497",1%,,Bangalore,Residential - Multi Storey Apartment
Kengeri Satellite Town,Oct-Dec 2020,"3,503-5,365","4,434",2%,,Bangalore,Residential - Multi Storey Apartment
Kengeri Satellite Town,Jul-Sep 2020,"3,455-5,265","4,360",2%,,Bangalore,Residential - Multi Storey Apartment
Kengeri Satellite Town,Apr-Jun 2020,"3,488-5,372","4,430",1%,,Bangalore,Residential - Multi Storey Apartment
Kengeri Satellite Town,Jan-Mar 2020,"3,493-5,427","4,460",2%,,Bangalore,Residential - Multi Storey Apartment
Kengeri Satellite Town,Oct-Dec 2019,"3,608-5,518","4,563",6%,,Bangalore,Residential - Multi Storey Apartment
Kengeri Satellite Town,Jul-Sep 2019,"3,478-5,105","4,291",,,Bangalore,Residential - Multi Storey Apartment
Kengeri Satellite Town,Apr-Jun 2019,"3,445-5,138","4,291",0.10%,,Bangalore,Residential - Multi Storey Apartment
Kengeri Satellite Town,Jan-Mar 2019,"3,413-5,158","4,285",0.20%,,Bangalore,Residential - Multi Storey Apartment
Kengeri Satellite Town,Oct-Dec 2018,"3,337-5,215","4,276",0.10%,,Bangalore,Residential - Multi Storey Apartment
Kengeri Satellite Town,Jul-Sep 2018,"3,301-5,239","4,270",2%,,Bangalore,Residential - Multi Storey Apartment
Begur,Jul-Sep 2024,"5,950-10,518","8,234",4%,,Bangalore,Residential - Multi Storey Apartment
Begur,Apr-Jun 2024,"5,680-10,220","7,950",9.00%,,Bangalore,Residential - Multi Storey Apartment
Begur,Jan-Mar 2024,"5,533-9,119","7,326",0.40%,,Bangalore,Residential - Multi Storey Apartment
Begur,Oct-Dec 2023,"5,614-8,981","7,298",5%,,Bangalore,Residential - Multi Storey Apartment
Begur,Jul-Sep 2023,"5,170-8,742","6,956",15%,,Bangalore,Residential - Multi Storey Apartment
Begur,Apr-Jun 2023,"4,158-7,956","6,057",4%,,Bangalore,Residential - Multi Storey Apartment
Begur,Jan-Mar 2023,"4,214-7,406","5,810",6%,,Bangalore,Residential - Multi Storey Apartment
Begur,Oct-Dec 2022,"4,426-7,901","6,163",12%,,Bangalore,Residential - Multi Storey Apartment
Begur,Jul-Sep 2022,"3,965-7,070","5,518",4%,,Bangalore,Residential - Multi Storey Apartment
Begur,Apr-Jun 2022,"4,042-6,546","5,294",3%,,Bangalore,Residential - Multi Storey Apartment
Begur,Jan-Mar 2022,"4,178-6,761","5,470",0.50%,,Bangalore,Residential - Multi Storey Apartment
Begur,Oct-Dec 2021,"4,028-6,861","5,445",10.00%,,Bangalore,Residential - Multi Storey Apartment
Begur,Jul-Sep 2021,"3,892-6,007","4,950",4%,,Bangalore,Residential - Multi Storey Apartment
Begur,Apr-Jun 2021,"3,974-6,389","5,182",3%,,Bangalore,Residential - Multi Storey Apartment
Begur,Jan-Mar 2021,"3,937-6,097","5,017",4%,,Bangalore,Residential - Multi Storey Apartment
Begur,Oct-Dec 2020,"4,008-6,435","5,221",7%,,Bangalore,Residential - Multi Storey Apartment
Begur,Jul-Sep 2020,"3,834-5,903","4,869",3%,,Bangalore,Residential - Multi Storey Apartment
Begur,Apr-Jun 2020,"3,740-5,745","4,742",1%,,Bangalore,Residential - Multi Storey Apartment
Begur,Jan-Mar 2020,"3,678-5,737","4,708",2%,,Bangalore,Residential - Multi Storey Apartment
Begur,Oct-Dec 2019,"3,866-5,759","4,812",-,,Bangalore,Residential - Multi Storey Apartment
Begur,Jul-Sep 2019,-,"4,600",,,Bangalore,Residential - Multi Storey Apartment
Begur,Apr-Jun 2019,-,"4,950",,,Bangalore,Residential - Multi Storey Apartment
Begur,Jan-Mar 2019,"3,574-5,762","4,668",,,Bangalore,Residential - Multi Storey Apartment
Begur,Oct-Dec 2018,-,"3,800",,,Bangalore,Residential - Multi Storey Apartment
Begur,Jul-Sep 2018,"3,359-5,734","4,547",7%,,Bangalore,Residential - Multi Storey Apartment
Kodathi,Jul-Sep 2024,"7,759-11,836","9,798",0.20%,,Bangalore,Residential - Multi Storey Apartment
Kodathi,Apr-Jun 2024,"7,877-11,749","9,813",4%,,Bangalore,Residential - Multi Storey Apartment
Kodathi,Jan-Mar 2024,"7,656-11,251","9,454",7%,,Bangalore,Residential - Multi Storey Apartment
Kodathi,Oct-Dec 2023,"7,125-10,559","8,842",7%,,Bangalore,Residential - Multi Storey Apartment
Kodathi,Jul-Sep 2023,"6,535-9,967","8,251",9%,,Bangalore,Residential - Multi Storey Apartment
Kodathi,Apr-Jun 2023,"5,868-9,305","7,586",,,Bangalore,Residential - Multi Storey Apartment
Kodathi,Jan-Mar 2023,-,-,,,Bangalore,Residential - Multi Storey Apartment
Kodathi,Oct-Dec 2022,"5,289-8,551","6,920",4%,,Bangalore,Residential - Multi Storey Apartment
Kodathi,Jul-Sep 2022,"5,346-7,971","6,659",1%,,Bangalore,Residential - Multi Storey Apartment
Kodathi,Apr-Jun 2022,"5,532-7,592","6,562",0.10%,,Bangalore,Residential - Multi Storey Apartment
Kodathi,Jan-Mar 2022,"5,424-7,684","6,554",,,Bangalore,Residential - Multi Storey Apartment
Bengaluru Kanakpura Road,Jul-Sep 2024,"6,749-11,913","9,331",3%,,Bangalore,Residential - Multi Storey Apartment
Bengaluru Kanakpura Road,Apr-Jun 2024,"6,529-11,580","9,054",4%,,Bangalore,Residential - Multi Storey Apartment
Bengaluru Kanakpura Road,Jan-Mar 2024,"6,179-11,275","8,727",,,Bangalore,Residential - Multi Storey Apartment
Bengaluru Kanakpura Road,Oct-Dec 2023,-,"8,800",,,Bangalore,Residential - Multi Storey Apartment
Bengaluru Kanakpura Road,Jul-Sep 2023,-,"8,000",,,Bangalore,Residential - Multi Storey Apartment
Bengaluru Kanakpura Road,Apr-Jun 2023,-,"7,550",,,Bangalore,Residential - Multi Storey Apartment
Bengaluru Kanakpura Road,Jan-Mar 2023,-,"7,000",,,Bangalore,Residential - Multi Storey Apartment
Bengaluru Kanakpura Road,Oct-Dec 2022,-,"6,950",,,Bangalore,Residential - Multi Storey Apartment
Bengaluru Kanakpura Road,Jul-Sep 2022,-,"6,750",,,Bangalore,Residential - Multi Storey Apartment
Bengaluru Kanakpura Road,Apr-Jun 2022,-,"6,200",,,Bangalore,Residential - Multi Storey Apartment
Bengaluru Kanakpura Road,Jan-Mar 2022,-,"6,400",,,Bangalore,Residential - Multi Storey Apartment
Bengaluru Kanakpura Road,Oct-Dec 2021,-,"6,350",,,Bangalore,Residential - Multi Storey Apartment
Bengaluru Kanakpura Road,Jul-Sep 2021,-,"6,100",,,Bangalore,Residential - Multi Storey Apartment
Bengaluru Kanakpura Road,Apr-Jun 2021,-,"6,000",,,Bangalore,Residential - Multi Storey Apartment
Bengaluru Kanakpura Road,Jan-Mar 2021,-,"4,500",,,Bangalore,Residential - Multi Storey Apartment
Bengaluru Kanakpura Road,Oct-Dec 2020,-,"5,900",-,,Bangalore,Residential - Multi Storey Apartment
Bengaluru Kanakpura Road,Jul-Sep 2020,-,"5,950",-,,Bangalore,Residential - Multi Storey Apartment
Bengaluru Kanakpura Road,Apr-Jun 2020,-,"5,850",-,,Bangalore,Residential - Multi Storey Apartment
Bengaluru Kanakpura Road,Jan-Mar 2020,-,"7,200",-,,Bangalore,Residential - Multi Storey Apartment
Bengaluru Kanakpura Road,Oct-Dec 2019,-,"7,000",-,,Bangalore,Residential - Multi Storey Apartment
Bengaluru Kanakpura Road,Jul-Sep 2019,-,"6,000",,,Bangalore,Residential - Multi Storey Apartment
Bengaluru Kanakpura Road,Apr-Jun 2019,-,"5,550",,,Bangalore,Residential - Multi Storey Apartment
Bengaluru Kanakpura Road,Jan-Mar 2019,-,"5,350",,,Bangalore,Residential - Multi Storey Apartment
Bengaluru Kanakpura Road,Oct-Dec 2018,-,"5,900",,,Bangalore,Residential - Multi Storey Apartment
Bengaluru Kanakpura Road,Jul-Sep 2018,-,"4,800",,,Bangalore,Residential - Multi Storey Apartment
Vidyaranyapura Main Road,Jul-Sep 2024,"4,895-8,347","6,621",4%,,Bangalore,Residential - Multi Storey Apartment
Vidyaranyapura Main Road,Apr-Jun 2024,"5,124-8,685","6,905",3%,,Bangalore,Residential - Multi Storey Apartment
Vidyaranyapura Main Road,Jan-Mar 2024,"4,891-8,453","6,672",14%,,Bangalore,Residential - Multi Storey Apartment
Vidyaranyapura Main Road,Oct-Dec 2023,"4,407-7,290","5,848",,,Bangalore,Residential - Multi Storey Apartment
Bellary Road,Jul-Sep 2024,"6,553-11,650","9,101",10%,,Bangalore,Residential - Multi Storey Apartment
Bellary Road,Apr-Jun 2024,"6,065-10,521","8,293",3%,,Bangalore,Residential - Multi Storey Apartment
Bellary Road,Jan-Mar 2024,"5,940-10,210","8,075",3%,,Bangalore,Residential - Multi Storey Apartment
Bellary Road,Oct-Dec 2023,"5,715-9,997","7,856",0.30%,,Bangalore,Residential - Multi Storey Apartment
Bellary Road,Jul-Sep 2023,"5,610-10,063","7,836",4%,,Bangalore,Residential - Multi Storey Apartment
Bellary Road,Apr-Jun 2023,"5,392-9,654","7,523",1%,,Bangalore,Residential - Multi Storey Apartment
Bellary Road,Jan-Mar 2023,"5,373-9,753","7,563",6%,,Bangalore,Residential - Multi Storey Apartment
Bellary Road,Oct-Dec 2022,"5,045-9,179","7,112",5%,,Bangalore,Residential - Multi Storey Apartment
Bellary Road,Jul-Sep 2022,"4,845-8,654","6,750",4%,,Bangalore,Residential - Multi Storey Apartment
Bellary Road,Apr-Jun 2022,"4,674-8,258","6,466",4%,,Bangalore,Residential - Multi Storey Apartment
Bellary Road,Jan-Mar 2022,"4,572-7,876","6,224",0.20%,,Bangalore,Residential - Multi Storey Apartment
Bellary Road,Oct-Dec 2021,"4,569-7,849","6,209",1.00%,,Bangalore,Residential - Multi Storey Apartment
Bellary Road,Jul-Sep 2021,"4,529-7,807","6,168",1%,,Bangalore,Residential - Multi Storey Apartment
Bellary Road,Apr-Jun 2021,"4,554-7,880","6,217",3%,,Bangalore,Residential - Multi Storey Apartment
Bellary Road,Jan-Mar 2021,"4,492-7,634","6,063",1%,,Bangalore,Residential - Multi Storey Apartment
Bellary Road,Oct-Dec 2020,"4,507-7,701","6,104",1%,,Bangalore,Residential - Multi Storey Apartment
Bellary Road,Jul-Sep 2020,"4,450-7,580","6,015",1%,,Bangalore,Residential - Multi Storey Apartment
Bellary Road,Apr-Jun 2020,"4,432-7,433","5,933",3%,,Bangalore,Residential - Multi Storey Apartment
Bellary Road,Jan-Mar 2020,"4,501-7,686","6,094",4%,,Bangalore,Residential - Multi Storey Apartment
Bellary Road,Oct-Dec 2019,"4,368-7,343","5,855",1%,,Bangalore,Residential - Multi Storey Apartment
Bellary Road,Jul-Sep 2019,"4,323-7,298","5,811",0.30%,,Bangalore,Residential - Multi Storey Apartment
Bellary Road,Apr-Jun 2019,"4,325-7,265","5,795",1%,,Bangalore,Residential - Multi Storey Apartment
Bellary Road,Jan-Mar 2019,"4,238-7,224","5,731",1%,,Bangalore,Residential - Multi Storey Apartment
Bellary Road,Oct-Dec 2018,"4,221-7,145","5,683",1%,,Bangalore,Residential - Multi Storey Apartment
Bellary Road,Jul-Sep 2018,"4,189-7,106","5,648",1%,,Bangalore,Residential - Multi Storey Apartment
Kathriguppe Main Road,Jul-Sep 2024,"7,437-12,688","10,063",7%,,Bangalore,Residential - Multi Storey Apartment
Kathriguppe Main Road,Apr-Jun 2024,"6,965-11,806","9,385",,,Bangalore,Residential - Multi Storey Apartment
Kathriguppe Main Road,Jan-Mar 2024,"7,240-12,420","9,832",5%,,Bangalore,Residential - Multi Storey Apartment
Kathriguppe Main Road,Oct-Dec 2023,"7,561-12,675","10,118",,,Bangalore,Residential - Multi Storey Apartment
Kathriguppe Main Road,Jul-Sep 2023,"7,223-12,435","9,831",8%,,Bangalore,Residential - Multi Storey Apartment
Kathriguppe Main Road,Apr-Jun 2023,"6,895-11,845","9,370",6%,,Bangalore,Residential - Multi Storey Apartment
Kathriguppe Main Road,Jan-Mar 2023,"6,821-11,330","9,175",4%,,Bangalore,Residential - Multi Storey Apartment
Kathriguppe Main Road,Oct-Dec 2022,"6,410-10,970","8,690",2%,,Bangalore,Residential - Multi Storey Apartment
Kathriguppe Main Road,Jul-Sep 2022,"6,209-10,500","8,355",3%,,Bangalore,Residential - Multi Storey Apartment
Kathriguppe Main Road,Apr-Jun 2022,"5,998-10,330","8,145",1%,,Bangalore,Residential - Multi Storey Apartment
Kathriguppe Main Road,Jan-Mar 2022,"5,900-10,090","7,995",4%,,Bangalore,Residential - Multi Storey Apartment
Kathriguppe Main Road,Oct-Dec 2021,"5,680-9,945","7,812",6%,,Bangalore,Residential - Multi Storey Apartment
Kathriguppe Main Road,Jul-Sep 2021,"5,400-9,700","7,560",3%,,Bangalore,Residential - Multi Storey Apartment
Kathriguppe Main Road,Apr-Jun 2021,"5,200-9,500","7,200",2%,,Bangalore,Residential - Multi Storey Apartment
Kathriguppe Main Road,Jan-Mar 2021,"5,100-9,200","7,010",4%,,Bangalore,Residential - Multi Storey Apartment
Kathriguppe Main Road,Oct-Dec 2020,"5,000-9,000","6,500",3%,,Bangalore,Residential - Multi Storey Apartment
Kathriguppe Main Road,Jul-Sep 2020,"4,900-8,900","6,250",5%,,Bangalore,Residential - Multi Storey Apartment
Kathriguppe Main Road,Apr-Jun 2020,"4,850-8,700","6,150",4%,,Bangalore,Residential - Multi Storey Apartment
Kathriguppe Main Road,Jan-Mar 2020,"4,700-8,400","5,900",3%,,Bangalore,Residential - Multi Storey Apartment
Kathriguppe Main Road,Oct-Dec 2019,"4,650-8,250","5,850",2%,,Bangalore,Residential - Multi Storey Apartment
Kathriguppe Main Road,Jul-Sep 2019,"4,550-8,000","5,725",3%,,Bangalore,Residential - Multi Storey Apartment
Kathriguppe Main Road,Apr-Jun 2019,"4,400-7,800","5,600",2%,,Bangalore,Residential - Multi Storey Apartment
Kathriguppe Main Road,Jan-Mar 2019,"4,350-7,600","5,500",3%,,Bangalore,Residential - Multi Storey Apartment
Kathriguppe Main Road,Oct-Dec 2018,"4,200-7,400","5,300",4%,,Bangalore,Residential - Multi Storey Apartment
Kathriguppe Main Road,Jul-Sep 2018,"4,100-7,200","5,150",5%,,Bangalore,Residential - Multi Storey Apartment
Begur Koppa Road,Jul-Sep 2024,"4,449-8,063","6,256",7%,,Bangalore,Residential - Multi Storey Apartment
Begur Koppa Road,Apr-Jun 2024,"4,134-7,580","5,857",,,Bangalore,Residential - Multi Storey Apartment
Begur Koppa Road,Jan-Mar 2024,"4,214-7,541","5,878",0.40%,,Bangalore,Residential - Multi Storey Apartment
Begur Koppa Road,Oct-Dec 2023,"4,138-7,574","5,856",10%,,Bangalore,Residential - Multi Storey Apartment
Begur Koppa Road,Jul-Sep 2023,"4,915-8,163","6,539",8%,,Bangalore,Residential - Multi Storey Apartment
Begur Koppa Road,Apr-Jun 2023,"4,426-7,658","6,042",2%,,Bangalore,Residential - Multi Storey Apartment
Begur Koppa Road,Jan-Mar 2023,"4,495-7,360","5,927",12%,,Bangalore,Residential - Multi Storey Apartment
Begur Koppa Road,Oct-Dec 2022,"5,886-7,514","6,700",,,Bangalore,Residential - Multi Storey Apartment
Begur Koppa Road,Jul-Sep 2022,"5,835-7,552","6,694",,,Bangalore,Residential - Multi Storey Apartment
Pattandur Agrahara,Jul-Sep 2024,"10,847-18,052","14,449",,,Bangalore,Residential - Multi Storey Apartment
Pattandur Agrahara,Jan-Mar 2023,-,"7,350",,,Bangalore,Residential - Multi Storey Apartment
Pattandur Agrahara,Oct-Dec 2022,-,"10,350",,,Bangalore,Residential - Multi Storey Apartment
Pattandur Agrahara,Jan-Mar 2021,-,"6,250",,,Bangalore,Residential - Multi Storey Apartment
Pattandur Agrahara,Oct-Dec 2020,-,"5,650",-,,Bangalore,Residential - Multi Storey Apartment
Pattandur Agrahara,Jul-Sep 2019,-,"5,500",,,Bangalore,Residential - Multi Storey Apartment
Pattandur Agrahara,Jan-Mar 2019,-,"6,300",,,Bangalore,Residential - Multi Storey Apartment
Pattandur Agrahara,Oct-Dec 2018,-,"5,550",,,Bangalore,Residential - Multi Storey Apartment
Bellandur,Jul-Sep 2024,"9,192-15,869","12,530",3%,,Bangalore,Residential - Multi Storey Apartment
Bellandur,Apr-Jun 2024,"9,699-16,039","12,869",2%,,Bangalore,Residential - Multi Storey Apartment
Bellandur,Jan-Mar 2024,"9,656-15,653","12,654",20%,,Bangalore,Residential - Multi Storey Apartment
Bellandur,Oct-Dec 2023,"7,262-13,835","10,549",5%,,Bangalore,Residential - Multi Storey Apartment
Bellandur,Jul-Sep 2023,"7,147-12,968","10,057",15%,,Bangalore,Residential - Multi Storey Apartment
Bellandur,Apr-Jun 2023,"6,389-11,084","8,737",15%,,Bangalore,Residential - Multi Storey Apartment
Bellandur,Jan-Mar 2023,"5,692-9,469","7,581",,,Bangalore,Residential - Multi Storey Apartment
Bellandur,Oct-Dec 2022,"5,687-9,483","7,585",4%,,Bangalore,Residential - Multi Storey Apartment
Bellandur,Jul-Sep 2022,"5,386-9,199","7,293",1%,,Bangalore,Residential - Multi Storey Apartment
Bellandur,Apr-Jun 2022,"5,329-9,122","7,225",6%,,Bangalore,Residential - Multi Storey Apartment
Bellandur,Jan-Mar 2022,"5,022-8,600","6,811",,,Bangalore,Residential - Multi Storey Apartment
Bellandur,Oct-Dec 2021,"5,087-8,541","6,814",3%,,Bangalore,Residential - Multi Storey Apartment
Bellandur,Jul-Sep 2021,"4,920-8,346","6,633",2%,,Bangalore,Residential - Multi Storey Apartment
Bellandur,Apr-Jun 2021,"4,903-8,593","6,748",6%,,Bangalore,Residential - Multi Storey Apartment
Bellandur,Jan-Mar 2021,"5,219-9,137","7,178",4%,,Bangalore,Residential - Multi Storey Apartment
Bellandur,Oct-Dec 2020,"5,501-9,466","7,483",1%,,Bangalore,Residential - Multi Storey Apartment
Bellandur,Jul-Sep 2020,"5,391-9,401","7,396",0.40%,,Bangalore,Residential - Multi Storey Apartment
Bellandur,Apr-Jun 2020,"5,437-9,295","7,366",3%,,Bangalore,Residential - Multi Storey Apartment
Bellandur,Jan-Mar 2020,"5,319-9,049","7,184",6%,,Bangalore,Residential - Multi Storey Apartment
Bellandur,Oct-Dec 2019,"5,137-8,369","6,753",1%,,Bangalore,Residential - Multi Storey Apartment
Bellandur,Jul-Sep 2019,"5,153-8,177","6,665",2%,,Bangalore,Residential - Multi Storey Apartment
Bellandur,Apr-Jun 2019,"5,147-7,894","6,520",1%,,Bangalore,Residential - Multi Storey Apartment
Bellandur,Jan-Mar 2019,"4,909-7,977","6,443",0.20%,,Bangalore,Residential - Multi Storey Apartment
Bellandur,Oct-Dec 2018,"4,969-7,885","6,427",1%,,Bangalore,Residential - Multi Storey Apartment
Bellandur,Jul-Sep 2018,"4,877-7,814","6,346",2%,,Bangalore,Residential - Multi Storey Apartment
Panathur,Jul-Sep 2024,"10,367-15,354","12,860",3%,,Bangalore,Residential - Multi Storey Apartment
Panathur,Apr-Jun 2024,"9,879-14,997","12,438",2%,,Bangalore,Residential - Multi Storey Apartment
Panathur,Jan-Mar 2024,"9,700-14,587","12,143",1%,,Bangalore,Residential - Multi Storey Apartment
Panathur,Oct-Dec 2023,"9,648-14,471","12,059",22%,,Bangalore,Residential - Multi Storey Apartment
Panathur,Jul-Sep 2023,"7,705-12,107","9,906",10%,,Bangalore,Residential - Multi Storey Apartment
Panathur,Apr-Jun 2023,"7,215-10,748","8,982",5%,,Bangalore,Residential - Multi Storey Apartment
Panathur,Jan-Mar 2023,"7,068-10,070","8,569",1%,,Bangalore,Residential - Multi Storey Apartment
Panathur,Oct-Dec 2022,"6,894-10,069","8,482",5%,,Bangalore,Residential - Multi Storey Apartment
Panathur,Jul-Sep 2022,"6,470-9,675","8,072",4%,,Bangalore,Residential - Multi Storey Apartment
Panathur,Apr-Jun 2022,"6,203-9,358","7,780",16%,,Bangalore,Residential - Multi Storey Apartment
Panathur,Jan-Mar 2022,"5,472-7,977","6,724",3%,,Bangalore,Residential - Multi Storey Apartment
Panathur,Oct-Dec 2021,"5,381-7,651","6,516",3%,,Bangalore,Residential - Multi Storey Apartment
Panathur,Jul-Sep 2021,"5,579-7,875","6,727",3%,,Bangalore,Residential - Multi Storey Apartment
Panathur,Apr-Jun 2021,"5,349-7,723","6,536",2%,,Bangalore,Residential - Multi Storey Apartment
Panathur,Jan-Mar 2021,"5,435-7,897","6,666",2%,,Bangalore,Residential - Multi Storey Apartment
Panathur,Oct-Dec 2020,"5,206-7,816","6,511",0.50%,,Bangalore,Residential - Multi Storey Apartment
Panathur,Jul-Sep 2020,"5,242-7,840","6,541",0.20%,,Bangalore,Residential - Multi Storey Apartment
Panathur,Apr-Jun 2020,"5,276-7,776","6,526",2%,,Bangalore,Residential - Multi Storey Apartment
Panathur,Jan-Mar 2020,"5,107-7,645","6,376",0.30%,,Bangalore,Residential - Multi Storey Apartment
Panathur,Oct-Dec 2019,"5,259-7,528","6,394",2%,,Bangalore,Residential - Multi Storey Apartment
Panathur,Jul-Sep 2019,"5,219-7,371","6,295",3%,,Bangalore,Residential - Multi Storey Apartment
Panathur,Apr-Jun 2019,"5,035-7,184","6,109",3%,,Bangalore,Residential - Multi Storey Apartment
Panathur,Jan-Mar 2019,"4,900-6,910","5,905",1%,,Bangalore,Residential - Multi Storey Apartment
Panathur,Oct-Dec 2018,"4,815-6,861","5,838",3%,,Bangalore,Residential - Multi Storey Apartment
Panathur,Jul-Sep 2018,"4,935-7,050","5,993",3%,,Bangalore,Residential - Multi Storey Apartment
Kempegowda International Airport Road,Jul-Sep 2024,"8,307-11,956","10,131",4%,,Bangalore,Residential - Multi Storey Apartment
Kempegowda International Airport Road,Apr-Jun 2024,"7,989-11,452","9,720",6%,,Bangalore,Residential - Multi Storey Apartment
Kempegowda International Airport Road,Jan-Mar 2024,"7,726-10,603","9,165",7%,,Bangalore,Residential - Multi Storey Apartment
Kempegowda International Airport Road,Oct-Dec 2023,"6,954-10,242","8,598",7%,,Bangalore,Residential - Multi Storey Apartment
Kempegowda International Airport Road,Jul-Sep 2023,"6,547-9,588","8,068",7%,,Bangalore,Residential - Multi Storey Apartment
Kempegowda International Airport Road,Apr-Jun 2023,"6,073-8,978","7,525",2%,,Bangalore,Residential - Multi Storey Apartment
Kempegowda International Airport Road,Jan-Mar 2023,"6,175-8,546","7,361",2%,,Bangalore,Residential - Multi Storey Apartment
Kempegowda International Airport Road,Oct-Dec 2022,"6,022-8,437","7,229",3%,,Bangalore,Residential - Multi Storey Apartment
Kempegowda International Airport Road,Jul-Sep 2022,"5,782-8,302","7,042",1%,,Bangalore,Residential - Multi Storey Apartment
Kempegowda International Airport Road,Apr-Jun 2022,"5,791-8,209","7,000",5%,,Bangalore,Residential - Multi Storey Apartment
Kempegowda International Airport Road,Jan-Mar 2022,"5,565-7,811","6,688",1%,,Bangalore,Residential - Multi Storey Apartment
Kempegowda International Airport Road,Oct-Dec 2021,"5,645-7,645","6,645",3%,,Bangalore,Residential - Multi Storey Apartment
Kempegowda International Airport Road,Jul-Sep 2021,"5,397-7,447","6,422",2%,,Bangalore,Residential - Multi Storey Apartment
Kempegowda International Airport Road,Apr-Jun 2021,"5,145-7,458","6,302",0.20%,,Bangalore,Residential - Multi Storey Apartment
Kempegowda International Airport Road,Jan-Mar 2021,"5,044-7,536","6,290",7%,,Bangalore,Residential - Multi Storey Apartment
Kempegowda International Airport Road,Oct-Dec 2020,"4,776-6,933","5,854",6%,,Bangalore,Residential - Multi Storey Apartment
Kempegowda International Airport Road,Jul-Sep 2020,"4,553-6,539","5,546",6%,,Bangalore,Residential - Multi Storey Apartment
Kempegowda International Airport Road,Apr-Jun 2020,"4,292-6,166","5,229",3%,,Bangalore,Residential - Multi Storey Apartment
Kempegowda International Airport Road,Jan-Mar 2020,"4,436-6,382","5,409",3%,,Bangalore,Residential - Multi Storey Apartment
Kempegowda International Airport Road,Oct-Dec 2019,"4,873-6,304","5,589",2%,,Bangalore,Residential - Multi Storey Apartment
Kempegowda International Airport Road,Jul-Sep 2019,"4,812-6,135","5,473",0.50%,,Bangalore,Residential - Multi Storey Apartment
Kempegowda International Airport Road,Apr-Jun 2019,"4,840-6,247","5,543",1%,,Bangalore,Residential - Multi Storey Apartment
Kempegowda International Airport Road,Jan-Mar 2019,"4,519-6,573","5,546",1%,,Bangalore,Residential - Multi Storey Apartment
Basavanagudi,Jul-Sep 2024,"8,225-13,886","11,055",4%,,Bangalore,Residential - Multi Storey Apartment
Basavanagudi,Apr-Jun 2024,"7,637-13,579","10,608",2%,,Bangalore,Residential - Multi Storey Apartment
Basavanagudi,Jan-Mar 2024,"7,843-12,900","10,372",9%,,Bangalore,Residential - Multi Storey Apartment
Basavanagudi,Oct-Dec 2023,"8,346-14,351","11,349",10%,,Bangalore,Residential - Multi Storey Apartment
Basavanagudi,Jul-Sep 2023,"9,553-15,797","12,675",9%,,Bangalore,Residential - Multi Storey Apartment
Basavanagudi,Apr-Jun 2023,"8,906-14,291","11,598",0.40%,,Bangalore,Residential - Multi Storey Apartment
Basavanagudi,Jan-Mar 2023,"8,575-14,535","11,555",9%,,Bangalore,Residential - Multi Storey Apartment
Basavanagudi,Oct-Dec 2022,"7,793-13,341","10,567",5%,,Bangalore,Residential - Multi Storey Apartment
Basavanagudi,Jul-Sep 2022,"8,354-13,796","11,075",4%,,Bangalore,Residential - Multi Storey Apartment
Basavanagudi,Apr-Jun 2022,"7,930-13,290","10,610",3%,,Bangalore,Residential - Multi Storey Apartment
Basavanagudi,Jan-Mar 2022,"7,789-12,725","10,257",4%,,Bangalore,Residential - Multi Storey Apartment
Basavanagudi,Oct-Dec 2021,"7,302-12,390","9,846",3%,,Bangalore,Residential - Multi Storey Apartment
Basavanagudi,Jul-Sep 2021,"7,368-12,912","10,140",0.30%,,Bangalore,Residential - Multi Storey Apartment
Basavanagudi,Apr-Jun 2021,"7,491-12,729","10,110",4%,,Bangalore,Residential - Multi Storey Apartment
Basavanagudi,Jan-Mar 2021,"7,855-13,275","10,565",0.40%,,Bangalore,Residential - Multi Storey Apartment
Basavanagudi,Oct-Dec 2020,"7,885-13,164","10,525",10%,,Bangalore,Residential - Multi Storey Apartment
Basavanagudi,Jul-Sep 2020,"8,673-14,587","11,630",5%,,Bangalore,Residential - Multi Storey Apartment
Basavanagudi,Apr-Jun 2020,"7,586-14,529","11,058",10%,,Bangalore,Residential - Multi Storey Apartment
Basavanagudi,Jan-Mar 2020,"7,530-12,615","10,073",0.40%,,Bangalore,Residential - Multi Storey Apartment
Basavanagudi,Oct-Dec 2019,"7,666-12,403","10,034",0.20%,,Bangalore,Residential - Multi Storey Apartment
Basavanagudi,Jul-Sep 2019,"7,475-12,641","10,058",0.50%,,Bangalore,Residential - Multi Storey Apartment
Basavanagudi,Apr-Jun 2019,"7,759-12,451","10,105",,,Bangalore,Residential - Multi Storey Apartment
Basavanagudi,Jan-Mar 2019,"7,635-12,580","10,108",4%,,Bangalore,Residential - Multi Storey Apartment
Basavanagudi,Oct-Dec 2018,"7,406-12,031","9,718",1%,,Bangalore,Residential - Multi Storey Apartment
Basavanagudi,Jul-Sep 2018,"7,311-11,957","9,634",6%,,Bangalore,Residential - Multi Storey Apartment
Vijaynagar Main Road,Jul-Sep 2024,"6,904-12,803","9,854",3%,,Bangalore,Residential - Multi Storey Apartment
Vijaynagar Main Road,Apr-Jun 2024,"7,193-13,173","10,183",8%,,Bangalore,Residential - Multi Storey Apartment
Vijaynagar Main Road,Jan-Mar 2024,"8,078-13,973","11,026",8%,,Bangalore,Residential - Multi Storey Apartment
Vijaynagar Main Road,Oct-Dec 2023,"7,503-12,923","10,213",,,Bangalore,Residential - Multi Storey Apartment
Vijaynagar Main Road,Jul-Sep 2023,"7,180-12,600","9,890",6%,,Bangalore,Residential - Multi Storey Apartment
Vijaynagar Main Road,Apr-Jun 2023,"7,073-12,450","9,760",4%,,Bangalore,Residential - Multi Storey Apartment
Vijaynagar Main Road,Jan-Mar 2023,"6,845-12,100","9,472",3%,,Bangalore,Residential - Multi Storey Apartment
Vijaynagar Main Road,Oct-Dec 2022,"6,674-11,998","9,336",2%,,Bangalore,Residential - Multi Storey Apartment
Vijaynagar Main Road,Jul-Sep 2022,"6,400-11,600","9,000",5%,,Bangalore,Residential - Multi Storey Apartment
Vijaynagar Main Road,Apr-Jun 2022,"6,250-11,350","8,805",6%,,Bangalore,Residential - Multi Storey Apartment
Vijaynagar Main Road,Jan-Mar 2022,"6,100-11,100","8,600",4%,,Bangalore,Residential - Multi Storey Apartment
Vijaynagar Main Road,Oct-Dec 2021,"5,900-10,800","8,400",3%,,Bangalore,Residential - Multi Storey Apartment
Vijaynagar Main Road,Jul-Sep 2021,"5,750-10,500","8,150",2%,,Bangalore,Residential - Multi Storey Apartment
Vijaynagar Main Road,Apr-Jun 2021,"5,500-10,200","7,850",5%,,Bangalore,Residential - Multi Storey Apartment
Vijaynagar Main Road,Jan-Mar 2021,"5,300-10,000","7,650",4%,,Bangalore,Residential - Multi Storey Apartment
Vijaynagar Main Road,Oct-Dec 2020,"5,100-9,800","7,450",3%,,Bangalore,Residential - Multi Storey Apartment
Vijaynagar Main Road,Jul-Sep 2020,"5,000-9,600","7,300",4%,,Bangalore,Residential - Multi Storey Apartment
Vijaynagar Main Road,Apr-Jun 2020,"4,900-9,400","7,100",3%,,Bangalore,Residential - Multi Storey Apartment
Vijaynagar Main Road,Jan-Mar 2020,"4,800-9,200","6,900",2%,,Bangalore,Residential - Multi Storey Apartment
Vijaynagar Main Road,Oct-Dec 2019,"4,700-9,000","6,850",4%,,Bangalore,Residential - Multi Storey Apartment
Vijaynagar Main Road,Jul-Sep 2019,"4,600-8,800","6,700",3%,,Bangalore,Residential - Multi Storey Apartment
Vijaynagar Main Road,Apr-Jun 2019,"4,500-8,600","6,550",2%,,Bangalore,Residential - Multi Storey Apartment
Vijaynagar Main Road,Jan-Mar 2019,"4,400-8,400","6,500",3%,,Bangalore,Residential - Multi Storey Apartment
Vijaynagar Main Road,Oct-Dec 2018,"4,200-8,200","6,200",5%,,Bangalore,Residential - Multi Storey Apartment
Vijaynagar Main Road,Jul-Sep 2018,"4,100-8,000","6,050",4%,,Bangalore,Residential - Multi Storey Apartment
Benson Town,Jul-Sep 2024,"9,755-15,337","12,546",2%,,Bangalore,Residential - Multi Storey Apartment
Benson Town,Apr-Jun 2024,"9,320-15,323","12,322",7%,,Bangalore,Residential - Multi Storey Apartment
Benson Town,Jan-Mar 2024,"9,990-16,515","13,253",9%,,Bangalore,Residential - Multi Storey Apartment
Benson Town,Oct-Dec 2023,"8,805-15,543","12,174",2%,,Bangalore,Residential - Multi Storey Apartment
Benson Town,Jul-Sep 2023,"8,568-15,386","11,977",20%,,Bangalore,Residential - Multi Storey Apartment
Benson Town,Apr-Jun 2023,"7,299-12,640","9,970",7%,,Bangalore,Residential - Multi Storey Apartment
Benson Town,Jan-Mar 2023,"7,991-13,530","10,760",2%,,Bangalore,Residential - Multi Storey Apartment
Benson Town,Oct-Dec 2022,"7,804-14,128","10,966",20%,,Bangalore,Residential - Multi Storey Apartment
Benson Town,Jul-Sep 2022,"6,658-11,592","9,125",3%,,Bangalore,Residential - Multi Storey Apartment
Benson Town,Apr-Jun 2022,"6,785-12,074","9,430",4%,,Bangalore,Residential - Multi Storey Apartment
Benson Town,Jan-Mar 2022,"7,666-12,018","9,842",2%,,Bangalore,Residential - Multi Storey Apartment
Benson Town,Oct-Dec 2021,"7,707-11,515","9,611",7%,,Bangalore,Residential - Multi Storey Apartment
Benson Town,Jul-Sep 2021,"8,145-12,471","10,308",3%,,Bangalore,Residential - Multi Storey Apartment
Benson Town,Apr-Jun 2021,"7,502-12,524","10,013",4%,,Bangalore,Residential - Multi Storey Apartment
Benson Town,Jan-Mar 2021,"8,056-12,712","10,384",9%,,Bangalore,Residential - Multi Storey Apartment
Benson Town,Oct-Dec 2020,"6,916-12,192","9,554",3%,,Bangalore,Residential - Multi Storey Apartment
Benson Town,Jul-Sep 2020,"7,341-12,284","9,812",2%,,Bangalore,Residential - Multi Storey Apartment
Benson Town,Apr-Jun 2020,"7,333-11,826","9,579",2%,,Bangalore,Residential - Multi Storey Apartment
Benson Town,Jan-Mar 2020,"7,225-12,244","9,734",1%,,Bangalore,Residential - Multi Storey Apartment
Benson Town,Oct-Dec 2019,"7,687-11,584","9,636",4%,,Bangalore,Residential - Multi Storey Apartment
Benson Town,Jul-Sep 2019,"8,162-11,881","10,022",1%,,Bangalore,Residential - Multi Storey Apartment
Benson Town,Apr-Jun 2019,"8,076-12,269","10,173",4%,,Bangalore,Residential - Multi Storey Apartment
Benson Town,Jan-Mar 2019,"7,427-12,181","9,804",11%,,Bangalore,Residential - Multi Storey Apartment
Benson Town,Oct-Dec 2018,"6,578-11,080","8,829",8%,,Bangalore,Residential - Multi Storey Apartment
Benson Town,Jul-Sep 2018,"7,789-11,319","9,554",0.30%,,Bangalore,Residential - Multi Storey Apartment
Padmanabhanagar,Jul-Sep 2024,"4,569-8,167","6,368",6%,,Bangalore,Residential - Multi Storey Apartment
Padmanabhanagar,Apr-Jun 2024,"4,540-7,471","6,005",22%,,Bangalore,Residential - Multi Storey Apartment
Padmanabhanagar,Jan-Mar 2024,"5,177-10,289","7,733",11%,,Bangalore,Residential - Multi Storey Apartment
Padmanabhanagar,Oct-Dec 2023,"4,661-9,295","6,978",5%,,Bangalore,Residential - Multi Storey Apartment
Padmanabhanagar,Jul-Sep 2023,"5,026-9,687","7,356",3%,,Bangalore,Residential - Multi Storey Apartment
Padmanabhanagar,Apr-Jun 2023,"5,232-10,013","7,622",13%,,Bangalore,Residential - Multi Storey Apartment
Padmanabhanagar,Jan-Mar 2023,"4,645-8,898","6,772",15%,,Bangalore,Residential - Multi Storey Apartment
Padmanabhanagar,Oct-Dec 2022,"5,050-10,931","7,990",46%,,Bangalore,Residential - Multi Storey Apartment
Padmanabhanagar,Jul-Sep 2022,"3,984-6,928","5,456",,,Bangalore,Residential - Multi Storey Apartment
Padmanabhanagar,Jan-Mar 2022,-,"6,400",,,Bangalore,Residential - Multi Storey Apartment
Padmanabhanagar,Oct-Dec 2021,-,"8,000",,,Bangalore,Residential - Multi Storey Apartment
Padmanabhanagar,Jul-Sep 2021,"4,064-6,482","5,273",3%,,Bangalore,Residential - Multi Storey Apartment
Padmanabhanagar,Apr-Jun 2021,"4,135-6,766","5,450",4%,,Bangalore,Residential - Multi Storey Apartment
Padmanabhanagar,Jan-Mar 2021,"4,366-6,957","5,661",3%,,Bangalore,Residential - Multi Storey Apartment
Padmanabhanagar,Oct-Dec 2020,"4,478-7,201","5,839",4%,,Bangalore,Residential - Multi Storey Apartment
Padmanabhanagar,Jul-Sep 2020,"4,313-6,865","5,589",3%,,Bangalore,Residential - Multi Storey Apartment
Padmanabhanagar,Apr-Jun 2020,"4,758-6,730","5,744",-,,Bangalore,Residential - Multi Storey Apartment
Padmanabhanagar,Jan-Mar 2020,,"9,000",,,Bangalore,Residential - Multi Storey Apartment
Padmanabhanagar,Oct-Dec 2019,,"9,000",,,Bangalore,Residential - Multi Storey Apartment
Padmanabhanagar,Jul-Sep 2019,-,"9,000",,,Bangalore,Residential - Multi Storey Apartment
Padmanabhanagar,Apr-Jun 2019,-,"8,300",,,Bangalore,Residential - Multi Storey Apartment
Padmanabhanagar,Jan-Mar 2019,-,"6,900",,,Bangalore,Residential - Multi Storey Apartment
Padmanabhanagar,Oct-Dec 2018,-,"8,300",,,Bangalore,Residential - Multi Storey Apartment
Padmanabhanagar,Jul-Sep 2018,"4,195-5,688","4,942",7%,,Bangalore,Residential - Multi Storey Apartment
Panathur Main Road,Jul-Sep 2024,"10,260-15,556","12,908",4,,Bangalore,Residential - Multi Storey Apartment
Panathur Main Road,Apr-Jun 2024,"9,738-15,110","12,424",3.00%,,Bangalore,Residential - Multi Storey Apartment
Panathur Main Road,Jan-Mar 2024,"9,489-14,628","12,059",0.20%,,Bangalore,Residential - Multi Storey Apartment
Panathur Main Road,Oct-Dec 2023,"9,422-14,639","12,031",,,Bangalore,Residential - Multi Storey Apartment
Panathur Main Road,Jul-Sep 2023,-,"6,600",,,Bangalore,Residential - Multi Storey Apartment
Panathur Main Road,Apr-Jun 2023,-,"6,900",,,Bangalore,Residential - Multi Storey Apartment
Panathur Main Road,Jan-Mar 2023,-,"8,300",,,Bangalore,Residential - Multi Storey Apartment
Panathur Main Road,Oct-Dec 2022,-,"8,450",,,Bangalore,Residential - Multi Storey Apartment
Panathur Main Road,Jul-Sep 2022,-,"7,450",,,Bangalore,Residential - Multi Storey Apartment
Panathur Main Road,Apr-Jun 2022,-,"6,800",,,Bangalore,Residential - Multi Storey Apartment
Panathur Main Road,Jan-Mar 2022,-,"7,150",,,Bangalore,Residential - Multi Storey Apartment
Panathur Main Road,Oct-Dec 2021,-,"6,450",,,Bangalore,Residential - Multi Storey Apartment
Panathur Main Road,Jul-Sep 2021,-,"6,700",,,Bangalore,Residential - Multi Storey Apartment
Panathur Main Road,Apr-Jun 2021,-,"6,950",,,Bangalore,Residential - Multi Storey Apartment
Panathur Main Road,Jan-Mar 2021,-,"5,450",,,Bangalore,Residential - Multi Storey Apartment
Panathur Main Road,Oct-Dec 2020,-,"6,650",-,,Bangalore,Residential - Multi Storey Apartment
Panathur Main Road,Jul-Sep 2020,-,"6,850",-,,Bangalore,Residential - Multi Storey Apartment
Panathur Main Road,Apr-Jun 2020,-,"6,500",-,,Bangalore,Residential - Multi Storey Apartment
Panathur Main Road,Jan-Mar 2020,,"6,500",,,Bangalore,Residential - Multi Storey Apartment
Panathur Main Road,Oct-Dec 2019,,"6,000",,,Bangalore,Residential - Multi Storey Apartment
Panathur Main Road,Jul-Sep 2019,-,"7,150",,,Bangalore,Residential - Multi Storey Apartment
Panathur Main Road,Apr-Jun 2019,-,"5,950",,,Bangalore,Residential - Multi Storey Apartment
Panathur Main Road,Jan-Mar 2019,-,"5,650",,,Bangalore,Residential - Multi Storey Apartment
Panathur Main Road,Oct-Dec 2018,-,"5,800",,,Bangalore,Residential - Multi Storey Apartment
Panathur Main Road,Jul-Sep 2018,-,"6,700",,,Bangalore,Residential - Multi Storey Apartment
Belathur Main Road,Jul-Sep 2024,"6,019-9,779","7,899",9%,,Bangalore,Residential - Multi Storey Apartment
Belathur Main Road,Apr-Jun 2024,"5,555-8,929","7,242",,,Bangalore,Residential - Multi Storey Apartment
Kasavanahalli,Jul-Sep 2024,"5,963-10,709","8,336",6%,,Bangalore,Residential - Multi Storey Apartment
Kasavanahalli,Apr-Jun 2024,"5,608-10,174","7,891",0.20%,,Bangalore,Residential - Multi Storey Apartment
Kasavanahalli,Jan-Mar 2024,"5,631-10,114","7,872",3%,,Bangalore,Residential - Multi Storey Apartment
Kasavanahalli,Oct-Dec 2023,"5,311-9,947","7,629",6%,,Bangalore,Residential - Multi Storey Apartment
Kasavanahalli,Jul-Sep 2023,"5,163-9,225","7,194",5%,,Bangalore,Residential - Multi Storey Apartment
Kasavanahalli,Apr-Jun 2023,"4,854-8,863","6,858",11%,,Bangalore,Residential - Multi Storey Apartment
Kasavanahalli,Jan-Mar 2023,"4,595-7,776","6,186",2%,,Bangalore,Residential - Multi Storey Apartment
Kasavanahalli,Oct-Dec 2022,"4,693-7,972","6,333",2%,,Bangalore,Residential - Multi Storey Apartment
Kasavanahalli,Jul-Sep 2022,"4,726-7,753","6,239",1%,,Bangalore,Residential - Multi Storey Apartment
Kasavanahalli,Apr-Jun 2022,"4,863-7,795","6,329",1%,,Bangalore,Residential - Multi Storey Apartment
Kasavanahalli,Jan-Mar 2022,"4,686-7,797","6,242",0.10%,,Bangalore,Residential - Multi Storey Apartment
Kasavanahalli,Oct-Dec 2021,"4,845-7,655","6,250",3%,,Bangalore,Residential - Multi Storey Apartment
Kasavanahalli,Jul-Sep 2021,"4,627-7,503","6,065",8%,,Bangalore,Residential - Multi Storey Apartment
Kasavanahalli,Apr-Jun 2021,"4,305-6,921","5,613",1%,,Bangalore,Residential - Multi Storey Apartment
Kasavanahalli,Jan-Mar 2021,"4,379-6,689","5,534",1%,,Bangalore,Residential - Multi Storey Apartment
Kasavanahalli,Oct-Dec 2020,"4,331-6,793","5,562",0.20%,,Bangalore,Residential - Multi Storey Apartment
Kasavanahalli,Jul-Sep 2020,"4,383-6,717","5,550",3%,,Bangalore,Residential - Multi Storey Apartment
Kasavanahalli,Apr-Jun 2020,"4,530-6,925","5,727",2%,,Bangalore,Residential - Multi Storey Apartment
Kasavanahalli,Jan-Mar 2020,"4,488-6,689","5,589",1%,,Bangalore,Residential - Multi Storey Apartment
Kasavanahalli,Oct-Dec 2019,"4,307-6,708","5,508",5%,,Bangalore,Residential - Multi Storey Apartment
Kasavanahalli,Jul-Sep 2019,"4,274-6,210","5,242",1%,,Bangalore,Residential - Multi Storey Apartment
Kasavanahalli,Apr-Jun 2019,"4,385-6,206","5,295",1%,,Bangalore,Residential - Multi Storey Apartment
Kasavanahalli,Jan-Mar 2019,"4,359-6,117","5,238",1%,,Bangalore,Residential - Multi Storey Apartment
Kasavanahalli,Oct-Dec 2018,"4,358-6,214","5,286",3%,,Bangalore,Residential - Multi Storey Apartment
Kasavanahalli,Jul-Sep 2018,"4,197-6,037","5,117",2%,,Bangalore,Residential - Multi Storey Apartment
Vidyaranyapura,Jul-Sep 2024,"4,975-8,370","6,672",4%,,Bangalore,Residential - Multi Storey Apartment
Vidyaranyapura,Apr-Jun 2024,"5,194-8,682","6,938",4%,,Bangalore,Residential - Multi Storey Apartment
Vidyaranyapura,Jan-Mar 2024,"4,911-8,445","6,678",13%,,Bangalore,Residential - Multi Storey Apartment
Vidyaranyapura,Oct-Dec 2023,"4,443-7,338","5,891",7%,,Bangalore,Residential - Multi Storey Apartment
Vidyaranyapura,Jul-Sep 2023,"4,098-6,937","5,517",1%,,Bangalore,Residential - Multi Storey Apartment
Vidyaranyapura,Apr-Jun 2023,"4,102-6,840","5,471",0.30%,,Bangalore,Residential - Multi Storey Apartment
Vidyaranyapura,Jan-Mar 2023,"4,152-6,826","5,489",4%,,Bangalore,Residential - Multi Storey Apartment
Vidyaranyapura,Oct-Dec 2022,"4,326-7,105","5,715",4%,,Bangalore,Residential - Multi Storey Apartment
Vidyaranyapura,Jul-Sep 2022,"4,201-6,746","5,474",1%,,Bangalore,Residential - Multi Storey Apartment
Vidyaranyapura,Apr-Jun 2022,"4,081-6,795","5,438",5%,,Bangalore,Residential - Multi Storey Apartment
Vidyaranyapura,Jan-Mar 2022,"3,925-6,444","5,185",2%,,Bangalore,Residential - Multi Storey Apartment
Vidyaranyapura,Oct-Dec 2021,"3,956-6,637","5,297",6%,,Bangalore,Residential - Multi Storey Apartment
Vidyaranyapura,Jul-Sep 2021,"3,836-6,129","4,982",8%,,Bangalore,Residential - Multi Storey Apartment
Vidyaranyapura,Apr-Jun 2021,"4,046-6,776","5,411",2%,,Bangalore,Residential - Multi Storey Apartment
Vidyaranyapura,Jan-Mar 2021,"3,994-6,627","5,311",1%,,Bangalore,Residential - Multi Storey Apartment
Vidyaranyapura,Oct-Dec 2020,"3,982-6,545","5,263",1%,,Bangalore,Residential - Multi Storey Apartment
Vidyaranyapura,Jul-Sep 2020,"3,905-6,548","5,227",3%,,Bangalore,Residential - Multi Storey Apartment
Vidyaranyapura,Apr-Jun 2020,"3,875-6,304","5,089",3%,,Bangalore,Residential - Multi Storey Apartment
Vidyaranyapura,Jan-Mar 2020,"3,970-6,562","5,266",2%,,Bangalore,Residential - Multi Storey Apartment
Vidyaranyapura,Oct-Dec 2019,"4,075-6,683","5,379",2%,,Bangalore,Residential - Multi Storey Apartment
Vidyaranyapura,Jul-Sep 2019,"4,023-6,521","5,272",8%,,Bangalore,Residential - Multi Storey Apartment
Vidyaranyapura,Apr-Jun 2019,"4,545-6,913","5,729",3%,,Bangalore,Residential - Multi Storey Apartment
Vidyaranyapura,Jan-Mar 2019,"4,143-6,984","5,564",7%,,Bangalore,Residential - Multi Storey Apartment
Vidyaranyapura,Oct-Dec 2018,"3,680-6,680","5,180",23%,,Bangalore,Residential - Multi Storey Apartment
Vidyaranyapura,Jul-Sep 2018,"3,376-5,031","4,203",2%,,Bangalore,Residential - Multi Storey Apartment
Kudlu,Oct-Dec 2022,"4,498-6,890","5,694",2%,,Bangalore,Residential - Multi Storey Apartment
Kudlu,Jul-Sep 2022,"4,332-6,843","5,588",5%,,Bangalore,Residential - Multi Storey Apartment
Kudlu,Apr-Jun 2022,"4,250-7,501","5,875",3%,,Bangalore,Residential - Multi Storey Apartment
Hoodi,Apr-Jun 2023,"4,870-8,637","6,754",,,Bangalore,Residential - Multi Storey Apartment
Hoodi,Jan-Mar 2023,"5,011-8,694","6,853",,,Bangalore,Residential - Multi Storey Apartment
Hoodi,Oct-Dec 2022,"4,628-8,035","6,331",,,Bangalore,Residential - Multi Storey Apartment
Hoodi,Jul-Sep 2022,"4,382-7,368","5,875",2%,,Bangalore,Residential - Multi Storey Apartment
Hoodi,Apr-Jun 2022,"4,477-7,483","5,980",1%,,Bangalore,Residential - Multi Storey Apartment
Hoodi,Jul-Sep 2019,"4,746-7,703","6,225",5%,,Bangalore,Residential - Multi Storey Apartment
Hoodi,Apr-Jun 2019,"4,485-7,425","5,955",0.20%,,Bangalore,Residential - Multi Storey Apartment
Hoodi,Jan-Mar 2019,"4,554-7,379","5,966",4%,,Bangalore,Residential - Multi Storey Apartment
Hoodi,Oct-Dec 2018,"4,408-7,053","5,731",4%,,Bangalore,Residential - Multi Storey Apartment
Hoodi,Jul-Sep 2018,"4,362-6,662","5,512",4%,,Bangalore,Residential - Multi Storey Apartment
Hormavu Agara,Jul-Sep 2024,"4,900-6,700","5,800",4%,,Bangalore,Residential - Multi Storey Apartment
Hormavu Agara,Apr-Jun 2024,"4,700-6,500","5,600",5%,,Bangalore,Residential - Multi Storey Apartment
Hormavu Agara,Jan-Mar 2024,"4,600-6,400","5,500",3%,,Bangalore,Residential - Multi Storey Apartment
Hormavu Agara,Oct-Dec 2023,"4,550-6,300","5,400",6%,,Bangalore,Residential - Multi Storey Apartment
Hormavu Agara,Jul-Sep 2023,"4,500-6,200","5,300",4.00%,,Bangalore,Residential - Multi Storey Apartment
Hormavu Agara,Apr-Jun 2023,"4,347-5,786","5,066",2%,,Bangalore,Residential - Multi Storey Apartment
Hormavu Agara,Jan-Mar 2023,"4,186-5,803","4,994",3%,,Bangalore,Residential - Multi Storey Apartment
Hormavu Agara,Oct-Dec 2022,"3,918-5,589","4,754",2%,,Bangalore,Residential - Multi Storey Apartment
Hormavu Agara,Jul-Sep 2022,"3,805-5,406","4,606",4%,,Bangalore,Residential - Multi Storey Apartment
Hormavu Agara,Apr-Jun 2022,"3,925-5,679","4,802",1%,,Bangalore,Residential - Multi Storey Apartment
Hormavu Agara,Jan-Mar 2022,"3,800-5,500","4,600",5%,,Bangalore,Residential - Multi Storey Apartment
Hormavu Agara,Oct-Dec 2021,"3,700-5,400","4,550",2%,,Bangalore,Residential - Multi Storey Apartment
Hormavu Agara,Jul-Sep 2021,"3,600-5,300","4,450",3%,,Bangalore,Residential - Multi Storey Apartment
Hormavu Agara,Apr-Jun 2021,"3,500-5,200","4,350",4%,,Bangalore,Residential - Multi Storey Apartment
Hormavu Agara,Jan-Mar 2021,"3,400-5,100","4,250",5%,,Bangalore,Residential - Multi Storey Apartment
Hormavu Agara,Jul-Sep 2020,"3,300-4,900","4,100",4%,,Bangalore,Residential - Multi Storey Apartment
Hormavu Agara,Apr-Jun 2020,"3,200-4,700","4,000",3%,,Bangalore,Residential - Multi Storey Apartment
Hormavu Agara,Jan-Mar 2020,"3,100-4,500","3,900",4%,,Bangalore,Residential - Multi Storey Apartment
Hormavu Agara,Oct-Dec 2019,"3,000-4,400","3,800",2%,,Bangalore,Residential - Multi Storey Apartment
Hormavu Agara,Jul-Sep 2019,"2,900-4,200","3,600",3%,,Bangalore,Residential - Multi Storey Apartment
Hormavu Agara,Apr-Jun 2019,"2,800-4,100","3,500",4%,,Bangalore,Residential - Multi Storey Apartment
Hormavu Agara,Jan-Mar 2019,"2,700-4,000","3,400",3%,,Bangalore,Residential - Multi Storey Apartment
Hormavu Agara,Oct-Dec 2018,"2,600-3,900","3,300",2%,,Bangalore,Residential - Multi Storey Apartment
Hormavu Agara,Jul-Sep 2018,"2,500-3,800","3,200",5%,,Bangalore,Residential - Multi Storey Apartment
Jigani,Apr-Jun 2023,"3,515-5,533","4,524",6%,,Bangalore,Residential - Multi Storey Apartment
Jigani,Jan-Mar 2023,"3,870-5,799","4,835",7%,,Bangalore,Residential - Multi Storey Apartment
Jigani,Oct-Dec 2022,"3,581-5,438","4,509",5%,,Bangalore,Residential - Multi Storey Apartment
Jigani,Jul-Sep 2022,"3,391-5,166","4,279",0.20%,,Bangalore,Residential - Multi Storey Apartment
Jigani,Apr-Jun 2022,"3,486-5,086","4,286",1%,,Bangalore,Residential - Multi Storey Apartment
Jigani,Jul-Sep 2019,"3,495-5,195","4,345",1%,,Bangalore,Residential - Multi Storey Apartment
Jigani,Apr-Jun 2019,"3,371-5,235","4,303",3%,,Bangalore,Residential - Multi Storey Apartment
Jigani,Jan-Mar 2019,"3,629-5,268","4,449",4%,,Bangalore,Residential - Multi Storey Apartment
Jigani,Oct-Dec 2018,"3,897-5,391","4,644",1%,,Bangalore,Residential - Multi Storey Apartment
Jigani,Jul-Sep 2018,"3,805-5,362","4,583",2%,,Bangalore,Residential - Multi Storey Apartment
Bannerughatta,Apr-Jun 2023,"6,633-10,735","8,684",6%,,Bangalore,Residential - Multi Storey Apartment
Bannerughatta,Jan-Mar 2023,"6,088-10,338","8,213",2%,,Bangalore,Residential - Multi Storey Apartment
Bannerughatta,Oct-Dec 2022,"6,158-9,876","8,017",1%,,Bangalore,Residential - Multi Storey Apartment
Bannerughatta,Jul-Sep 2022,"6,027-9,839","7,933",4%,,Bangalore,Residential - Multi Storey Apartment
Bannerughatta,Apr-Jun 2022,"5,825-9,473","7,649",12%,,Bangalore,Residential - Multi Storey Apartment
Bannerughatta,Jul-Sep 2019,"5,243-8,256","6,749",4%,,Bangalore,Residential - Multi Storey Apartment
Bannerughatta,Apr-Jun 2019,"4,904-8,034","6,469",5%,,Bangalore,Residential - Multi Storey Apartment
Bannerughatta,Jan-Mar 2019,"4,663-7,706","6,185",7%,,Bangalore,Residential - Multi Storey Apartment
Bannerughatta,Oct-Dec 2018,"4,837-8,498","6,668",11%,,Bangalore,Residential - Multi Storey Apartment
Bannerughatta,Jul-Sep 2018,"4,492-7,487","5,989",6%,,Bangalore,Residential - Multi Storey Apartment
Rachenahalli,Apr-Jun 2023,"5,143-8,523","6,833",0.40%,,Bangalore,Residential - Multi Storey Apartment
Rachenahalli,Jan-Mar 2023,"4,917-8,692","6,804",2%,,Bangalore,Residential - Multi Storey Apartment
Rachenahalli,Oct-Dec 2022,"5,259-8,598","6,929",7%,,Bangalore,Residential - Multi Storey Apartment
Rachenahalli,Jul-Sep 2022,"5,107-7,851","6,479",5%,,Bangalore,Residential - Multi Storey Apartment
Rachenahalli,Apr-Jun 2022,"4,875-7,507","6,191",2%,,Bangalore,Residential - Multi Storey Apartment
Rachenahalli,Jan-Mar 2022,"4,729-7,317","6,023",4.00%,,Bangalore,Residential - Multi Storey Apartment
Rachenahalli,Oct-Dec 2021,"4,581-7,064","5,823",3.00%,,Bangalore,Residential - Multi Storey Apartment
Rachenahalli,Jul-Sep 2021,"4,470-6,819","5,645",5.00%,,Bangalore,Residential - Multi Storey Apartment
Rachenahalli,Apr-Jun 2021,"4,349-6,572","5,456",4.00%,,Bangalore,Residential - Multi Storey Apartment
Rachenahalli,Jan-Mar 2021,"4,232-6,334","5,284",4.00%,,Bangalore,Residential - Multi Storey Apartment
Rachenahalli,Oct-Dec 2020,"4,100-6,084","5,096",3.00%,,Bangalore,Residential - Multi Storey Apartment
Rachenahalli,Jul-Sep 2020,"3,987-5,888","4,888",5.00%,,Bangalore,Residential - Multi Storey Apartment
Rachenahalli,Apr-Jun 2020,"3,850-5,637","4,744",6.00%,,Bangalore,Residential - Multi Storey Apartment
Rachenahalli,Jan-Mar 2020,"3,732-5,441","4,598",5.00%,,Bangalore,Residential - Multi Storey Apartment
Rachenahalli,Oct-Dec 2019,"3,616-5,210","4,413",4.00%,,Bangalore,Residential - Multi Storey Apartment
Rachenahalli,Jul-Sep 2019,"3,490-5,034","4,265",3.00%,,Bangalore,Residential - Multi Storey Apartment
Rachenahalli,Apr-Jun 2019,"3,395-4,855","4,125",5.00%,,Bangalore,Residential - Multi Storey Apartment
Rachenahalli,Jan-Mar 2019,"3,248-4,582","4,015",5.00%,,Bangalore,Residential - Multi Storey Apartment
Rachenahalli,Oct-Dec 2018,"3,119-4,402","3,761",4.00%,,Bangalore,Residential - Multi Storey Apartment
Rachenahalli,Jul-Sep 2018,"3,010-4,213","3,612",3.00%,,Bangalore,Residential - Multi Storey Apartment
Horamavu Agara,Jul-Sep 2024,"3,508-6,329","4,919",0.10%,,Bangalore,Residential - Multi Storey Apartment
Horamavu Agara,Apr-Jun 2024,"3,502-6,322","4,912",10%,,Bangalore,Residential - Multi Storey Apartment
Horamavu Agara,Jan-Mar 2024,"3,430-5,487","4,459",0.20%,,Bangalore,Residential - Multi Storey Apartment
Horamavu Agara,Oct-Dec 2023,"3,436-5,498","4,467",0.50%,,Bangalore,Residential - Multi Storey Apartment
Horamavu Agara,Jul-Sep 2023,"3,473-5,502","4,488",5%,,Bangalore,Residential - Multi Storey Apartment
Horamavu Agara,Apr-Jun 2023,"3,489-5,528","4,510",4%,,Bangalore,Residential - Multi Storey Apartment
Horamavu Agara,Jan-Mar 2023,"3,460-5,478","4,469",3%,,Bangalore,Residential - Multi Storey Apartment
Horamavu Agara,Oct-Dec 2022,"3,410-5,446","4,478",2.50%,,Bangalore,Residential - Multi Storey Apartment
Horamavu Agara,Jul-Sep 2022,"3,380-5,414","4,395",2.50%,,Bangalore,Residential - Multi Storey Apartment
Horamavu Agara,Apr-Jun 2022,"3,350-5,380","4,365",3%,,Bangalore,Residential - Multi Storey Apartment
Horamavu Agara,Jan-Mar 2022,"3,320-5,340","4,354",2.50%,,Bangalore,Residential - Multi Storey Apartment
Horamavu Agara,Oct-Dec 2021,"3,290-5,300","4,345",3%,,Bangalore,Residential - Multi Storey Apartment
Horamavu Agara,Jul-Sep 2021,"3,270-5,275","4,323",3%,,Bangalore,Residential - Multi Storey Apartment
Horamavu Agara,Apr-Jun 2021,"3,245-5,250","4,300",3%,,Bangalore,Residential - Multi Storey Apartment
Horamavu Agara,Jan-Mar 2021,"3,215-5,220","4,285",2.50%,,Bangalore,Residential - Multi Storey Apartment
Horamavu Agara,Oct-Dec 2020,"3,190-5,200","4,270",2%,,Bangalore,Residential - Multi Storey Apartment
Horamavu Agara,Jul-Sep 2020,"3,150-5,150","4,250",2%,,Bangalore,Residential - Multi Storey Apartment
Horamavu Agara,Apr-Jun 2020,"3,130-5,120","4,240",3%,,Bangalore,Residential - Multi Storey Apartment
Horamavu Agara,Jan-Mar 2020,"3,100-5,100","4,220",3%,,Bangalore,Residential - Multi Storey Apartment
Horamavu Agara,Oct-Dec 2019,"3,080-5,070","4,205",3%,,Bangalore,Residential - Multi Storey Apartment
Horamavu Agara,Jul-Sep 2019,"3,508-6,329","4,919",0.10%,,Bangalore,Residential - Multi Storey Apartment
Horamavu Agara,Apr-Jun 2019,"3,502-6,322","4,912",10%,,Bangalore,Residential - Multi Storey Apartment
Horamavu Agara,Jan-Mar 2019,"3,430-5,487","4,459",0.20%,,Bangalore,Residential - Multi Storey Apartment
Horamavu Agara,Oct-Dec 2018,"3,436-5,498","4,467",0.50%,,Bangalore,Residential - Multi Storey Apartment
Horamavu Agara,Jul-Sep 2018,"3,473-5,502","4,488",5%,,Bangalore,Residential - Multi Storey Apartment