,location,year,quarter,avg_price,max_price,min_price,Location,Latitude,Longitude
0,100 Feet Road,2024,Jan-Mar,7510.855131086148,9568.276162976746,5453.345091147447,100 Feet Road,12.97651773661259,80.21975169482641
1,100 Feet Road,2024,Apr-Jun,7700.319700374536,9809.64006767352,5590.90807976094,100 Feet Road,12.97651773661259,80.21975169482641
2,100 Feet Road,2024,Jul-Sep,8330.239700374545,10612.11174571676,6048.268936795455,100 Feet Road,12.97651773661259,80.21975169482641
3,100 Feet Road,2024,Oct-Dec,8282.89677902623,10551.800351352636,6013.895049504398,100 Feet Road,12.97651773661259,80.21975169482641
4,100 Feet Road,2025,Jan-Mar,7510.855131086148,9568.276162976746,5453.345091147447,100 Feet Road,12.97651773661259,80.21975169482641
5,100 Feet Road,2025,Apr-Jun,7700.319700374536,9809.64006767352,5590.90807976094,100 Feet Road,12.97651773661259,80.21975169482641
6,100 Feet Road,2025,Jul-Sep,8330.239700374545,10612.11174571676,6048.268936795455,100 Feet Road,12.97651773661259,80.21975169482641
7,100 Feet Road,2025,Oct-Dec,8282.89677902623,10551.800351352636,6013.895049504398,100 Feet Road,12.97651773661259,80.21975169482641
8,100 Feet Road,2026,Jan-Mar,7510.855131086148,9568.276162976746,5453.345091147447,100 Feet Road,12.97651773661259,80.21975169482641
9,100 Feet Road,2026,Apr-Jun,7700.319700374536,9809.64006767352,5590.90807976094,100 Feet Road,12.97651773661259,80.21975169482641
10,100 Feet Road,2026,Jul-Sep,8330.239700374545,10612.11174571676,6048.268936795455,100 Feet Road,12.97651773661259,80.21975169482641
11,100 Feet Road,2026,Oct-Dec,8282.89677902623,10551.800351352636,6013.895049504398,100 Feet Road,12.97651773661259,80.21975169482641
12,100 Feet Road,2027,Jan-Mar,7510.855131086148,9568.276162976746,5453.345091147447,100 Feet Road,12.97651773661259,80.21975169482641
13,100 Feet Road,2027,Apr-Jun,7700.319700374536,9809.64006767352,5590.90807976094,100 Feet Road,12.97651773661259,80.21975169482641
14,100 Feet Road,2027,Jul-Sep,8330.239700374545,10612.11174571676,6048.268936795455,100 Feet Road,12.97651773661259,80.21975169482641
15,100 Feet Road,2027,Oct-Dec,8282.89677902623,10551.800351352636,6013.895049504398,100 Feet Road,12.97651773661259,80.21975169482641
16,100 Feet Road,2028,Jan-Mar,7510.855131086148,9568.276162976746,5453.345091147447,100 Feet Road,12.97651773661259,80.21975169482641
17,100 Feet Road,2028,Apr-Jun,7700.319700374536,9809.64006767352,5590.90807976094,100 Feet Road,12.97651773661259,80.21975169482641
18,100 Feet Road,2028,Jul-Sep,8330.239700374545,10612.11174571676,6048.268936795455,100 Feet Road,12.97651773661259,80.21975169482641
19,100 Feet Road,2028,Oct-Dec,8282.89677902623,10551.800351352636,6013.895049504398,100 Feet Road,12.97651773661259,80.21975169482641
20,100 Feet Road,2029,Jan-Mar,7510.855131086148,9568.276162976746,5453.345091147447,100 Feet Road,12.97651773661259,80.21975169482641
21,100 Feet Road,2029,Apr-Jun,7700.319700374536,9809.64006767352,5590.90807976094,100 Feet Road,12.97651773661259,80.21975169482641
22,100 Feet Road,2029,Jul-Sep,8330.239700374545,10612.11174571676,6048.268936795455,100 Feet Road,12.97651773661259,80.21975169482641
23,100 Feet Road,2029,Oct-Dec,8282.89677902623,10551.800351352636,6013.895049504398,100 Feet Road,12.97651773661259,80.21975169482641
24,100 Feet Road,2030,Jan-Mar,7510.855131086148,9568.276162976746,5453.345091147447,100 Feet Road,12.97651773661259,80.21975169482641
25,100 Feet Road,2030,Apr-Jun,7700.319700374536,9809.64006767352,5590.90807976094,100 Feet Road,12.97651773661259,80.21975169482641
26,100 Feet Road,2030,Jul-Sep,8330.239700374545,10612.11174571676,6048.268936795455,100 Feet Road,12.97651773661259,80.21975169482641
27,100 Feet Road,2030,Oct-Dec,8282.89677902623,10551.800351352636,6013.895049504398,100 Feet Road,12.97651773661259,80.21975169482641
28,AS Rao Nagar,2024,Jan-Mar,4331.021423220976,5313.847194322213,3343.366523775336,AS Rao Nagar,17.4798689,78.5509653
29,AS Rao Nagar,2024,Apr-Jun,4123.667415730337,5059.438960498202,3183.2979442255064,AS Rao Nagar,17.4798689,78.5509653
30,AS Rao Nagar,2024,Jul-Sep,4500.042247191012,5521.223409646321,3473.843496632717,AS Rao Nagar,17.4798689,78.5509653
31,AS Rao Nagar,2024,Oct-Dec,4368.592958801497,5359.944726387165,3372.370170266959,AS Rao Nagar,17.4798689,78.5509653
32,AS Rao Nagar,2025,Jan-Mar,4331.021423220976,5313.847194322213,3343.366523775336,AS Rao Nagar,17.4798689,78.5509653
33,AS Rao Nagar,2025,Apr-Jun,4123.667415730337,5059.438960498202,3183.2979442255064,AS Rao Nagar,17.4798689,78.5509653
34,AS Rao Nagar,2025,Jul-Sep,4500.042247191012,5521.223409646321,3473.843496632717,AS Rao Nagar,17.4798689,78.5509653
35,AS Rao Nagar,2025,Oct-Dec,4368.592958801497,5359.944726387165,3372.370170266959,AS Rao Nagar,17.4798689,78.5509653
36,AS Rao Nagar,2026,Jan-Mar,4331.021423220976,5313.847194322213,3343.366523775336,AS Rao Nagar,17.4798689,78.5509653
37,AS Rao Nagar,2026,Apr-Jun,4123.667415730337,5059.438960498202,3183.2979442255064,AS Rao Nagar,17.4798689,78.5509653
38,AS Rao Nagar,2026,Jul-Sep,4500.042247191012,5521.223409646321,3473.843496632717,AS Rao Nagar,17.4798689,78.5509653
39,AS Rao Nagar,2026,Oct-Dec,4368.592958801497,5359.944726387165,3372.370170266959,AS Rao Nagar,17.4798689,78.5509653
40,AS Rao Nagar,2027,Jan-Mar,4331.021423220976,5313.847194322213,3343.366523775336,AS Rao Nagar,17.4798689,78.5509653
41,AS Rao Nagar,2027,Apr-Jun,4123.667415730337,5059.438960498202,3183.2979442255064,AS Rao Nagar,17.4798689,78.5509653
42,AS Rao Nagar,2027,Jul-Sep,4500.042247191012,5521.223409646321,3473.843496632717,AS Rao Nagar,17.4798689,78.5509653
43,AS Rao Nagar,2027,Oct-Dec,4368.592958801497,5359.944726387165,3372.370170266959,AS Rao Nagar,17.4798689,78.5509653
44,AS Rao Nagar,2028,Jan-Mar,4331.021423220976,5313.847194322213,3343.366523775336,AS Rao Nagar,17.4798689,78.5509653
45,AS Rao Nagar,2028,Apr-Jun,4123.667415730337,5059.438960498202,3183.2979442255064,AS Rao Nagar,17.4798689,78.5509653
46,AS Rao Nagar,2028,Jul-Sep,4500.042247191012,5521.223409646321,3473.843496632717,AS Rao Nagar,17.4798689,78.5509653
47,AS Rao Nagar,2028,Oct-Dec,4368.592958801497,5359.944726387165,3372.370170266959,AS Rao Nagar,17.4798689,78.5509653
48,AS Rao Nagar,2029,Jan-Mar,4331.021423220976,5313.847194322213,3343.366523775336,AS Rao Nagar,17.4798689,78.5509653
49,AS Rao Nagar,2029,Apr-Jun,4123.667415730337,5059.438960498202,3183.2979442255064,AS Rao Nagar,17.4798689,78.5509653
50,AS Rao Nagar,2029,Jul-Sep,4500.042247191012,5521.223409646321,3473.843496632717,AS Rao Nagar,17.4798689,78.5509653
51,AS Rao Nagar,2029,Oct-Dec,4368.592958801497,5359.944726387165,3372.370170266959,AS Rao Nagar,17.4798689,78.5509653
52,AS Rao Nagar,2030,Jan-Mar,4331.021423220976,5313.847194322213,3343.366523775336,AS Rao Nagar,17.4798689,78.5509653
53,AS Rao Nagar,2030,Apr-Jun,4123.667415730337,5059.438960498202,3183.2979442255064,AS Rao Nagar,17.4798689,78.5509653
54,AS Rao Nagar,2030,Jul-Sep,4500.042247191012,5521.223409646321,3473.843496632717,AS Rao Nagar,17.4798689,78.5509653
55,AS Rao Nagar,2030,Oct-Dec,4368.592958801497,5359.944726387165,3372.370170266959,AS Rao Nagar,17.4798689,78.5509653
56,Abids Road,2024,Jan-Mar,5782.257977528089,6949.353633693406,4608.542880654003,Abids Road,17.394233548449456,78.47593402643767
57,Abids Road,2024,Apr-Jun,5802.320898876403,6973.466071415185,4624.533317902606,Abids Road,17.394233548449456,78.47593402643767
58,Abids Road,2024,Jul-Sep,6013.260224719108,7226.98156246225,4792.654998419173,Abids Road,17.394233548449456,78.47593402643767
59,Abids Road,2024,Oct-Dec,5847.081647940079,7027.2613664991095,4660.208279523452,Abids Road,17.394233548449456,78.47593402643767
60,Abids Road,2025,Jan-Mar,5782.257977528089,6949.353633693406,4608.542880654003,Abids Road,17.394233548449456,78.47593402643767
61,Abids Road,2025,Apr-Jun,5802.320898876403,6973.466071415185,4624.533317902606,Abids Road,17.394233548449456,78.47593402643767
62,Abids Road,2025,Jul-Sep,6013.260224719108,7226.98156246225,4792.654998419173,Abids Road,17.394233548449456,78.47593402643767
63,Abids Road,2025,Oct-Dec,5847.081647940079,7027.2613664991095,4660.208279523452,Abids Road,17.394233548449456,78.47593402643767
64,Abids Road,2026,Jan-Mar,5782.257977528089,6949.353633693406,4608.542880654003,Abids Road,17.394233548449456,78.47593402643767
65,Abids Road,2026,Apr-Jun,5802.320898876403,6973.466071415185,4624.533317902606,Abids Road,17.394233548449456,78.47593402643767
66,Abids Road,2026,Jul-Sep,6013.260224719108,7226.98156246225,4792.654998419173,Abids Road,17.394233548449456,78.47593402643767
67,Abids Road,2026,Oct-Dec,5847.081647940079,7027.2613664991095,4660.208279523452,Abids Road,17.394233548449456,78.47593402643767
68,Abids Road,2027,Jan-Mar,5782.257977528089,6949.353633693406,4608.542880654003,Abids Road,17.394233548449456,78.47593402643767
69,Abids Road,2027,Apr-Jun,5802.320898876403,6973.466071415185,4624.533317902606,Abids Road,17.394233548449456,78.47593402643767
70,Abids Road,2027,Jul-Sep,6013.260224719108,7226.98156246225,4792.654998419173,Abids Road,17.394233548449456,78.47593402643767
71,Abids Road,2027,Oct-Dec,5847.081647940079,7027.2613664991095,4660.208279523452,Abids Road,17.394233548449456,78.47593402643767
72,Abids Road,2028,Jan-Mar,5782.257977528089,6949.353633693406,4608.542880654003,Abids Road,17.394233548449456,78.47593402643767
73,Abids Road,2028,Apr-Jun,5802.320898876403,6973.466071415185,4624.533317902606,Abids Road,17.394233548449456,78.47593402643767
74,Abids Road,2028,Jul-Sep,6013.260224719108,7226.98156246225,4792.654998419173,Abids Road,17.394233548449456,78.47593402643767
75,Abids Road,2028,Oct-Dec,5847.081647940079,7027.2613664991095,4660.208279523452,Abids Road,17.394233548449456,78.47593402643767
76,Abids Road,2029,Jan-Mar,5782.257977528089,6949.353633693406,4608.542880654003,Abids Road,17.394233548449456,78.47593402643767
77,Abids Road,2029,Apr-Jun,5802.320898876403,6973.466071415185,4624.533317902606,Abids Road,17.394233548449456,78.47593402643767
78,Abids Road,2029,Jul-Sep,6013.260224719108,7226.98156246225,4792.654998419173,Abids Road,17.394233548449456,78.47593402643767
79,Abids Road,2029,Oct-Dec,5847.081647940079,7027.2613664991095,4660.208279523452,Abids Road,17.394233548449456,78.47593402643767
80,Abids Road,2030,Jan-Mar,5782.257977528089,6949.353633693406,4608.542880654003,Abids Road,17.394233548449456,78.47593402643767
81,Abids Road,2030,Apr-Jun,5802.320898876403,6973.466071415185,4624.533317902606,Abids Road,17.394233548449456,78.47593402643767
82,Abids Road,2030,Jul-Sep,6013.260224719108,7226.98156246225,4792.654998419173,Abids Road,17.394233548449456,78.47593402643767
83,Abids Road,2030,Oct-Dec,5847.081647940079,7027.2613664991095,4660.208279523452,Abids Road,17.394233548449456,78.47593402643767
84,Adibatla,2024,Jan-Mar,3377.001647940073,4151.381880125785,2602.58115055926,Adibatla,17.230899,78.5558997
85,Adibatla,2024,Apr-Jun,3431.125093632958,4217.916372898826,2644.2929038388424,Adibatla,17.230899,78.5558997
86,Adibatla,2024,Jul-Sep,3614.942322097382,4443.884729167657,2785.956812780484,Adibatla,17.230899,78.5558997
87,Adibatla,2024,Oct-Dec,3469.096029962547,4264.594424461584,2673.5562721942456,Adibatla,17.230899,78.5558997
88,Adibatla,2025,Jan-Mar,3377.001647940073,4151.381880125785,2602.58115055926,Adibatla,17.230899,78.5558997
89,Adibatla,2025,Apr-Jun,3431.125093632958,4217.916372898826,2644.2929038388424,Adibatla,17.230899,78.5558997
90,Adibatla,2025,Jul-Sep,3614.942322097382,4443.884729167657,2785.956812780484,Adibatla,17.230899,78.5558997
91,Adibatla,2025,Oct-Dec,3469.096029962547,4264.594424461584,2673.5562721942456,Adibatla,17.230899,78.5558997
92,Adibatla,2026,Jan-Mar,3377.001647940073,4151.381880125785,2602.58115055926,Adibatla,17.230899,78.5558997
93,Adibatla,2026,Apr-Jun,3431.125093632958,4217.916372898826,2644.2929038388424,Adibatla,17.230899,78.5558997
94,Adibatla,2026,Jul-Sep,3614.942322097382,4443.884729167657,2785.956812780484,Adibatla,17.230899,78.5558997
95,Adibatla,2026,Oct-Dec,3469.096029962547,4264.594424461584,2673.5562721942456,Adibatla,17.230899,78.5558997
96,Adibatla,2027,Jan-Mar,3377.001647940073,4151.381880125785,2602.58115055926,Adibatla,17.230899,78.5558997
97,Adibatla,2027,Apr-Jun,3431.125093632958,4217.916372898826,2644.2929038388424,Adibatla,17.230899,78.5558997
98,Adibatla,2027,Jul-Sep,3614.942322097382,4443.884729167657,2785.956812780484,Adibatla,17.230899,78.5558997
99,Adibatla,2027,Oct-Dec,3469.096029962547,4264.594424461584,2673.5562721942456,Adibatla,17.230899,78.5558997
100,Adibatla,2028,Jan-Mar,3377.001647940073,4151.381880125785,2602.58115055926,Adibatla,17.230899,78.5558997
101,Adibatla,2028,Apr-Jun,3431.125093632958,4217.916372898826,2644.2929038388424,Adibatla,17.230899,78.5558997
102,Adibatla,2028,Jul-Sep,3614.942322097382,4443.884729167657,2785.956812780484,Adibatla,17.230899,78.5558997
103,Adibatla,2028,Oct-Dec,3469.096029962547,4264.594424461584,2673.5562721942456,Adibatla,17.230899,78.5558997
104,Adibatla,2029,Jan-Mar,3377.001647940073,4151.381880125785,2602.58115055926,Adibatla,17.230899,78.5558997
105,Adibatla,2029,Apr-Jun,3431.125093632958,4217.916372898826,2644.2929038388424,Adibatla,17.230899,78.5558997
106,Adibatla,2029,Jul-Sep,3614.942322097382,4443.884729167657,2785.956812780484,Adibatla,17.230899,78.5558997
107,Adibatla,2029,Oct-Dec,3469.096029962547,4264.594424461584,2673.5562721942456,Adibatla,17.230899,78.5558997
108,Adibatla,2030,Jan-Mar,3377.001647940073,4151.381880125785,2602.58115055926,Adibatla,17.230899,78.5558997
109,Adibatla,2030,Apr-Jun,3431.125093632958,4217.916372898826,2644.2929038388424,Adibatla,17.230899,78.5558997
110,Adibatla,2030,Jul-Sep,3614.942322097382,4443.884729167657,2785.956812780484,Adibatla,17.230899,78.5558997
111,Adibatla,2030,Oct-Dec,3469.096029962547,4264.594424461584,2673.5562721942456,Adibatla,17.230899,78.5558997
112,Alkapur Township,2024,Jan-Mar,5365.673707865175,6220.250828728758,4511.096587001592,Alkapur Township,17.3940158,78.3717906
113,Alkapur Township,2024,Apr-Jun,5372.29632958802,6227.928218466323,4516.6644407097165,Alkapur Township,17.3940158,78.3717906
114,Alkapur Township,2024,Jul-Sep,5473.38187265917,6345.11339730773,4601.650348010609,Alkapur Township,17.3940158,78.3717906
115,Alkapur Township,2024,Oct-Dec,5439.822921348305,6306.209597697871,4573.436244998738,Alkapur Township,17.3940158,78.3717906
116,Alkapur Township,2025,Jan-Mar,5365.673707865175,6220.250828728758,4511.096587001592,Alkapur Township,17.3940158,78.3717906
117,Alkapur Township,2025,Apr-Jun,5372.29632958802,6227.928218466323,4516.6644407097165,Alkapur Township,17.3940158,78.3717906
118,Alkapur Township,2025,Jul-Sep,5473.38187265917,6345.11339730773,4601.650348010609,Alkapur Township,17.3940158,78.3717906
119,Alkapur Township,2025,Oct-Dec,5439.822921348305,6306.209597697871,4573.436244998738,Alkapur Township,17.3940158,78.3717906
120,Alkapur Township,2026,Jan-Mar,5365.673707865175,6220.250828728758,4511.096587001592,Alkapur Township,17.3940158,78.3717906
121,Alkapur Township,2026,Apr-Jun,5372.29632958802,6227.928218466323,4516.6644407097165,Alkapur Township,17.3940158,78.3717906
122,Alkapur Township,2026,Jul-Sep,5473.38187265917,6345.11339730773,4601.650348010609,Alkapur Township,17.3940158,78.3717906
123,Alkapur Township,2026,Oct-Dec,5439.822921348305,6306.209597697871,4573.436244998738,Alkapur Township,17.3940158,78.3717906
124,Alkapur Township,2027,Jan-Mar,5365.673707865175,6220.250828728758,4511.096587001592,Alkapur Township,17.3940158,78.3717906
125,Alkapur Township,2027,Apr-Jun,5372.29632958802,6227.928218466323,4516.6644407097165,Alkapur Township,17.3940158,78.3717906
126,Alkapur Township,2027,Jul-Sep,5473.38187265917,6345.11339730773,4601.650348010609,Alkapur Township,17.3940158,78.3717906
127,Alkapur Township,2027,Oct-Dec,5439.822921348305,6306.209597697871,4573.436244998738,Alkapur Township,17.3940158,78.3717906
128,Alkapur Township,2028,Jan-Mar,5365.673707865175,6220.250828728758,4511.096587001592,Alkapur Township,17.3940158,78.3717906
129,Alkapur Township,2028,Apr-Jun,5372.29632958802,6227.928218466323,4516.6644407097165,Alkapur Township,17.3940158,78.3717906
130,Alkapur Township,2028,Jul-Sep,5473.38187265917,6345.11339730773,4601.650348010609,Alkapur Township,17.3940158,78.3717906
131,Alkapur Township,2028,Oct-Dec,5439.822921348305,6306.209597697871,4573.436244998738,Alkapur Township,17.3940158,78.3717906
132,Alkapur Township,2029,Jan-Mar,5365.673707865175,6220.250828728758,4511.096587001592,Alkapur Township,17.3940158,78.3717906
133,Alkapur Township,2029,Apr-Jun,5372.29632958802,6227.928218466323,4516.6644407097165,Alkapur Township,17.3940158,78.3717906
134,Alkapur Township,2029,Jul-Sep,5473.38187265917,6345.11339730773,4601.650348010609,Alkapur Township,17.3940158,78.3717906
135,Alkapur Township,2029,Oct-Dec,5439.822921348305,6306.209597697871,4573.436244998738,Alkapur Township,17.3940158,78.3717906
136,Alkapur Township,2030,Jan-Mar,5365.673707865175,6220.250828728758,4511.096587001592,Alkapur Township,17.3940158,78.3717906
137,Alkapur Township,2030,Apr-Jun,5372.29632958802,6227.928218466323,4516.6644407097165,Alkapur Township,17.3940158,78.3717906
138,Alkapur Township,2030,Jul-Sep,5473.38187265917,6345.11339730773,4601.650348010609,Alkapur Township,17.3940158,78.3717906
139,Alkapur Township,2030,Oct-Dec,5439.822921348305,6306.209597697871,4573.436244998738,Alkapur Township,17.3940158,78.3717906
140,Alwal Road,2024,Jan-Mar,4717.632059925091,5623.349209264981,3811.9149105852007,Alwal Road,17.5086927,78.5039387
141,Alwal Road,2024,Apr-Jun,4771.012434456928,5686.977843948848,3855.047024965007,Alwal Road,17.5086927,78.5039387
142,Alwal Road,2024,Jul-Sep,4960.978576779031,5913.414739121016,4008.542414437045,Alwal Road,17.5086927,78.5039387
143,Alwal Road,2024,Oct-Dec,5046.673258426962,6015.561560696321,4077.784956157602,Alwal Road,17.5086927,78.5039387
144,Alwal Road,2025,Jan-Mar,4717.632059925091,5623.349209264981,3811.9149105852007,Alwal Road,17.5086927,78.5039387
145,Alwal Road,2025,Apr-Jun,4771.012434456928,5686.977843948848,3855.047024965007,Alwal Road,17.5086927,78.5039387
146,Alwal Road,2025,Jul-Sep,4960.978576779031,5913.414739121016,4008.542414437045,Alwal Road,17.5086927,78.5039387
147,Alwal Road,2025,Oct-Dec,5046.673258426962,6015.561560696321,4077.784956157602,Alwal Road,17.5086927,78.5039387
148,Alwal Road,2026,Jan-Mar,4717.632059925091,5623.349209264981,3811.9149105852007,Alwal Road,17.5086927,78.5039387
149,Alwal Road,2026,Apr-Jun,4771.012434456928,5686.977843948848,3855.047024965007,Alwal Road,17.5086927,78.5039387
150,Alwal Road,2026,Jul-Sep,4960.978576779031,5913.414739121016,4008.542414437045,Alwal Road,17.5086927,78.5039387
151,Alwal Road,2026,Oct-Dec,5046.673258426962,6015.561560696321,4077.784956157602,Alwal Road,17.5086927,78.5039387
152,Alwal Road,2027,Jan-Mar,4717.632059925091,5623.349209264981,3811.9149105852007,Alwal Road,17.5086927,78.5039387
153,Alwal Road,2027,Apr-Jun,4771.012434456928,5686.977843948848,3855.047024965007,Alwal Road,17.5086927,78.5039387
154,Alwal Road,2027,Jul-Sep,4960.978576779031,5913.414739121016,4008.542414437045,Alwal Road,17.5086927,78.5039387
155,Alwal Road,2027,Oct-Dec,5046.673258426962,6015.561560696321,4077.784956157602,Alwal Road,17.5086927,78.5039387
156,Alwal Road,2028,Jan-Mar,4717.632059925091,5623.349209264981,3811.9149105852007,Alwal Road,17.5086927,78.5039387
157,Alwal Road,2028,Apr-Jun,4771.012434456928,5686.977843948848,3855.047024965007,Alwal Road,17.5086927,78.5039387
158,Alwal Road,2028,Jul-Sep,4960.978576779031,5913.414739121016,4008.542414437045,Alwal Road,17.5086927,78.5039387
159,Alwal Road,2028,Oct-Dec,5046.673258426962,6015.561560696321,4077.784956157602,Alwal Road,17.5086927,78.5039387
160,Alwal Road,2029,Jan-Mar,4717.632059925091,5623.349209264981,3811.9149105852007,Alwal Road,17.5086927,78.5039387
161,Alwal Road,2029,Apr-Jun,4771.012434456928,5686.977843948848,3855.047024965007,Alwal Road,17.5086927,78.5039387
162,Alwal Road,2029,Jul-Sep,4960.978576779031,5913.414739121016,4008.542414437045,Alwal Road,17.5086927,78.5039387
163,Alwal Road,2029,Oct-Dec,5046.673258426962,6015.561560696321,4077.784956157602,Alwal Road,17.5086927,78.5039387
164,Alwal Road,2030,Jan-Mar,4717.632059925091,5623.349209264981,3811.9149105852007,Alwal Road,17.5086927,78.5039387
165,Alwal Road,2030,Apr-Jun,4771.012434456928,5686.977843948848,3855.047024965007,Alwal Road,17.5086927,78.5039387
166,Alwal Road,2030,Jul-Sep,4960.978576779031,5913.414739121016,4008.542414437045,Alwal Road,17.5086927,78.5039387
167,Alwal Road,2030,Oct-Dec,5046.673258426962,6015.561560696321,4077.784956157602,Alwal Road,17.5086927,78.5039387
168,Ameenpur,2024,Jan-Mar,5214.180074906369,6022.579762007086,4244.65303056622,Ameenpur,17.5435893,78.30766459092564
169,Ameenpur,2024,Apr-Jun,5252.327490636698,6066.641503383457,4275.707298248166,Ameenpur,17.5435893,78.30766459092564
170,Ameenpur,2024,Jul-Sep,5259.256629213478,6074.644926579655,4281.348029607002,Ameenpur,17.5435893,78.30766459092564
171,Ameenpur,2024,Oct-Dec,5314.01168539325,6137.889135348524,4325.921905425143,Ameenpur,17.5435893,78.30766459092564
172,Ameenpur,2025,Jan-Mar,5214.180074906369,6022.579762007086,4244.65303056622,Ameenpur,17.5435893,78.30766459092564
173,Ameenpur,2025,Apr-Jun,5252.327490636698,6066.641503383457,4275.707298248166,Ameenpur,17.5435893,78.30766459092564
174,Ameenpur,2025,Jul-Sep,5259.256629213478,6074.644926579655,4281.348029607002,Ameenpur,17.5435893,78.30766459092564
175,Ameenpur,2025,Oct-Dec,5314.01168539325,6137.889135348524,4325.921905425143,Ameenpur,17.5435893,78.30766459092564
176,Ameenpur,2026,Jan-Mar,5214.180074906369,6022.579762007086,4244.65303056622,Ameenpur,17.5435893,78.30766459092564
177,Ameenpur,2026,Apr-Jun,5252.327490636698,6066.641503383457,4275.707298248166,Ameenpur,17.5435893,78.30766459092564
178,Ameenpur,2026,Jul-Sep,5259.256629213478,6074.644926579655,4281.348029607002,Ameenpur,17.5435893,78.30766459092564
179,Ameenpur,2026,Oct-Dec,5314.01168539325,6137.889135348524,4325.921905425143,Ameenpur,17.5435893,78.30766459092564
180,Ameenpur,2027,Jan-Mar,5214.180074906369,6022.579762007086,4244.65303056622,Ameenpur,17.5435893,78.30766459092564
181,Ameenpur,2027,Apr-Jun,5252.327490636698,6066.641503383457,4275.707298248166,Ameenpur,17.5435893,78.30766459092564
182,Ameenpur,2027,Jul-Sep,5259.256629213478,6074.644926579655,4281.348029607002,Ameenpur,17.5435893,78.30766459092564
183,Ameenpur,2027,Oct-Dec,5314.01168539325,6137.889135348524,4325.921905425143,Ameenpur,17.5435893,78.30766459092564
184,Ameenpur,2028,Jan-Mar,5214.180074906369,6022.579762007086,4244.65303056622,Ameenpur,17.5435893,78.30766459092564
185,Ameenpur,2028,Apr-Jun,5252.327490636698,6066.641503383457,4275.707298248166,Ameenpur,17.5435893,78.30766459092564
186,Ameenpur,2028,Jul-Sep,5259.256629213478,6074.644926579655,4281.348029607002,Ameenpur,17.5435893,78.30766459092564
187,Ameenpur,2028,Oct-Dec,5314.01168539325,6137.889135348524,4325.921905425143,Ameenpur,17.5435893,78.30766459092564
188,Ameenpur,2029,Jan-Mar,5214.180074906369,6022.579762007086,4244.65303056622,Ameenpur,17.5435893,78.30766459092564
189,Ameenpur,2029,Apr-Jun,5252.327490636698,6066.641503383457,4275.707298248166,Ameenpur,17.5435893,78.30766459092564
190,Ameenpur,2029,Jul-Sep,5259.256629213478,6074.644926579655,4281.348029607002,Ameenpur,17.5435893,78.30766459092564
191,Ameenpur,2029,Oct-Dec,5314.01168539325,6137.889135348524,4325.921905425143,Ameenpur,17.5435893,78.30766459092564
192,Ameenpur,2030,Jan-Mar,5214.180074906369,6022.579762007086,4244.65303056622,Ameenpur,17.5435893,78.30766459092564
193,Ameenpur,2030,Apr-Jun,5252.327490636698,6066.641503383457,4275.707298248166,Ameenpur,17.5435893,78.30766459092564
194,Ameenpur,2030,Jul-Sep,5259.256629213478,6074.644926579655,4281.348029607002,Ameenpur,17.5435893,78.30766459092564
195,Ameenpur,2030,Oct-Dec,5314.01168539325,6137.889135348524,4325.921905425143,Ameenpur,17.5435893,78.30766459092564
196,Ameenpur Road,2024,Jan-Mar,5022.6627715355735,6341.400882611365,3511.7747656145225,Ameenpur Road,17.5000066,78.31761
197,Ameenpur Road,2024,Apr-Jun,5072.3835205992455,6404.176190518424,3546.538810072931,Ameenpur Road,17.5000066,78.31761
198,Ameenpur Road,2024,Jul-Sep,5153.610486891389,6506.729911356696,3603.331555970335,Ameenpur Road,17.5000066,78.31761
199,Ameenpur Road,2024,Oct-Dec,5191.070561797751,6554.025412344764,3629.523110481961,Ameenpur Road,17.5000066,78.31761
200,Ameenpur Road,2025,Jan-Mar,5022.6627715355735,6341.400882611365,3511.7747656145225,Ameenpur Road,17.5000066,78.31761
201,Ameenpur Road,2025,Apr-Jun,5072.3835205992455,6404.176190518424,3546.538810072931,Ameenpur Road,17.5000066,78.31761
202,Ameenpur Road,2025,Jul-Sep,5153.610486891389,6506.729911356696,3603.331555970335,Ameenpur Road,17.5000066,78.31761
203,Ameenpur Road,2025,Oct-Dec,5191.070561797751,6554.025412344764,3629.523110481961,Ameenpur Road,17.5000066,78.31761
204,Ameenpur Road,2026,Jan-Mar,5022.6627715355735,6341.400882611365,3511.7747656145225,Ameenpur Road,17.5000066,78.31761
205,Ameenpur Road,2026,Apr-Jun,5072.3835205992455,6404.176190518424,3546.538810072931,Ameenpur Road,17.5000066,78.31761
206,Ameenpur Road,2026,Jul-Sep,5153.610486891389,6506.729911356696,3603.331555970335,Ameenpur Road,17.5000066,78.31761
207,Ameenpur Road,2026,Oct-Dec,5191.070561797751,6554.025412344764,3629.523110481961,Ameenpur Road,17.5000066,78.31761
208,Ameenpur Road,2027,Jan-Mar,5022.6627715355735,6341.400882611365,3511.7747656145225,Ameenpur Road,17.5000066,78.31761
209,Ameenpur Road,2027,Apr-Jun,5072.3835205992455,6404.176190518424,3546.538810072931,Ameenpur Road,17.5000066,78.31761
210,Ameenpur Road,2027,Jul-Sep,5153.610486891389,6506.729911356696,3603.331555970335,Ameenpur Road,17.5000066,78.31761
211,Ameenpur Road,2027,Oct-Dec,5191.070561797751,6554.025412344764,3629.523110481961,Ameenpur Road,17.5000066,78.31761
212,Ameenpur Road,2028,Jan-Mar,5022.6627715355735,6341.400882611365,3511.7747656145225,Ameenpur Road,17.5000066,78.31761
213,Ameenpur Road,2028,Apr-Jun,5072.3835205992455,6404.176190518424,3546.538810072931,Ameenpur Road,17.5000066,78.31761
214,Ameenpur Road,2028,Jul-Sep,5153.610486891389,6506.729911356696,3603.331555970335,Ameenpur Road,17.5000066,78.31761
215,Ameenpur Road,2028,Oct-Dec,5191.070561797751,6554.025412344764,3629.523110481961,Ameenpur Road,17.5000066,78.31761
216,Ameenpur Road,2029,Jan-Mar,5022.6627715355735,6341.400882611365,3511.7747656145225,Ameenpur Road,17.5000066,78.31761
217,Ameenpur Road,2029,Apr-Jun,5072.3835205992455,6404.176190518424,3546.538810072931,Ameenpur Road,17.5000066,78.31761
218,Ameenpur Road,2029,Jul-Sep,5153.610486891389,6506.729911356696,3603.331555970335,Ameenpur Road,17.5000066,78.31761
219,Ameenpur Road,2029,Oct-Dec,5191.070561797751,6554.025412344764,3629.523110481961,Ameenpur Road,17.5000066,78.31761
220,Ameenpur Road,2030,Jan-Mar,5022.6627715355735,6341.400882611365,3511.7747656145225,Ameenpur Road,17.5000066,78.31761
221,Ameenpur Road,2030,Apr-Jun,5072.3835205992455,6404.176190518424,3546.538810072931,Ameenpur Road,17.5000066,78.31761
222,Ameenpur Road,2030,Jul-Sep,5153.610486891389,6506.729911356696,3603.331555970335,Ameenpur Road,17.5000066,78.31761
223,Ameenpur Road,2030,Oct-Dec,5191.070561797751,6554.025412344764,3629.523110481961,Ameenpur Road,17.5000066,78.31761
224,Appa Junction Area,2024,Jan-Mar,6708.635505617985,7916.094712623691,5500.88406701635,Appa Junction Area,18.1121409,83.41196518982949
225,Appa Junction Area,2024,Apr-Jun,6790.540524344578,8012.741472629653,5568.043776639043,Appa Junction Area,18.1121409,83.41196518982949
226,Appa Junction Area,2024,Jul-Sep,6945.192209737831,8195.228267152124,5694.853616196514,Appa Junction Area,18.1121409,83.41196518982949
227,Appa Junction Area,2024,Oct-Dec,6868.470112359549,8104.697280800427,5631.943749845474,Appa Junction Area,18.1121409,83.41196518982949
228,Appa Junction Area,2025,Jan-Mar,6708.635505617985,7916.094712623691,5500.88406701635,Appa Junction Area,18.1121409,83.41196518982949
229,Appa Junction Area,2025,Apr-Jun,6790.540524344578,8012.741472629653,5568.043776639043,Appa Junction Area,18.1121409,83.41196518982949
230,Appa Junction Area,2025,Jul-Sep,6945.192209737831,8195.228267152124,5694.853616196514,Appa Junction Area,18.1121409,83.41196518982949
231,Appa Junction Area,2025,Oct-Dec,6868.470112359549,8104.697280800427,5631.943749845474,Appa Junction Area,18.1121409,83.41196518982949
232,Appa Junction Area,2026,Jan-Mar,6708.635505617985,7916.094712623691,5500.88406701635,Appa Junction Area,18.1121409,83.41196518982949
233,Appa Junction Area,2026,Apr-Jun,6790.540524344578,8012.741472629653,5568.043776639043,Appa Junction Area,18.1121409,83.41196518982949
234,Appa Junction Area,2026,Jul-Sep,6945.192209737831,8195.228267152124,5694.853616196514,Appa Junction Area,18.1121409,83.41196518982949
235,Appa Junction Area,2026,Oct-Dec,6868.470112359549,8104.697280800427,5631.943749845474,Appa Junction Area,18.1121409,83.41196518982949
236,Appa Junction Area,2027,Jan-Mar,6708.635505617985,7916.094712623691,5500.88406701635,Appa Junction Area,18.1121409,83.41196518982949
237,Appa Junction Area,2027,Apr-Jun,6790.540524344578,8012.741472629653,5568.043776639043,Appa Junction Area,18.1121409,83.41196518982949
238,Appa Junction Area,2027,Jul-Sep,6945.192209737831,8195.228267152124,5694.853616196514,Appa Junction Area,18.1121409,83.41196518982949
239,Appa Junction Area,2027,Oct-Dec,6868.470112359549,8104.697280800427,5631.943749845474,Appa Junction Area,18.1121409,83.41196518982949
240,Appa Junction Area,2028,Jan-Mar,6708.635505617985,7916.094712623691,5500.88406701635,Appa Junction Area,18.1121409,83.41196518982949
241,Appa Junction Area,2028,Apr-Jun,6790.540524344578,8012.741472629653,5568.043776639043,Appa Junction Area,18.1121409,83.41196518982949
242,Appa Junction Area,2028,Jul-Sep,6945.192209737831,8195.228267152124,5694.853616196514,Appa Junction Area,18.1121409,83.41196518982949
243,Appa Junction Area,2028,Oct-Dec,6868.470112359549,8104.697280800427,5631.943749845474,Appa Junction Area,18.1121409,83.41196518982949
244,Appa Junction Area,2029,Jan-Mar,6708.635505617985,7916.094712623691,5500.88406701635,Appa Junction Area,18.1121409,83.41196518982949
245,Appa Junction Area,2029,Apr-Jun,6790.540524344578,8012.741472629653,5568.043776639043,Appa Junction Area,18.1121409,83.41196518982949
246,Appa Junction Area,2029,Jul-Sep,6945.192209737831,8195.228267152124,5694.853616196514,Appa Junction Area,18.1121409,83.41196518982949
247,Appa Junction Area,2029,Oct-Dec,6868.470112359549,8104.697280800427,5631.943749845474,Appa Junction Area,18.1121409,83.41196518982949
248,Appa Junction Area,2030,Jan-Mar,6708.635505617985,7916.094712623691,5500.88406701635,Appa Junction Area,18.1121409,83.41196518982949
249,Appa Junction Area,2030,Apr-Jun,6790.540524344578,8012.741472629653,5568.043776639043,Appa Junction Area,18.1121409,83.41196518982949
250,Appa Junction Area,2030,Jul-Sep,6945.192209737831,8195.228267152124,5694.853616196514,Appa Junction Area,18.1121409,83.41196518982949
251,Appa Junction Area,2030,Oct-Dec,6868.470112359549,8104.697280800427,5631.943749845474,Appa Junction Area,18.1121409,83.41196518982949
252,Attapur,2024,Jan-Mar,5765.956853932586,7080.699031859483,4451.085518021088,Attapur,17.3672244,78.4307278
253,Attapur,2024,Apr-Jun,5871.75161048689,7210.616901397296,4532.754791779226,Attapur,17.3672244,78.4307278
254,Attapur,2024,Jul-Sep,5720.573782771543,7024.96780178383,4416.051622359787,Attapur,17.3672244,78.4307278
255,Attapur,2024,Oct-Dec,5752.804494382017,7064.54769706882,4440.932428324724,Attapur,17.3672244,78.4307278
256,Attapur,2025,Jan-Mar,5765.956853932586,7080.699031859483,4451.085518021088,Attapur,17.3672244,78.4307278
257,Attapur,2025,Apr-Jun,5871.75161048689,7210.616901397296,4532.754791779226,Attapur,17.3672244,78.4307278
258,Attapur,2025,Jul-Sep,5720.573782771543,7024.96780178383,4416.051622359787,Attapur,17.3672244,78.4307278
259,Attapur,2025,Oct-Dec,5752.804494382017,7064.54769706882,4440.932428324724,Attapur,17.3672244,78.4307278
260,Attapur,2026,Jan-Mar,5765.956853932586,7080.699031859483,4451.085518021088,Attapur,17.3672244,78.4307278
261,Attapur,2026,Apr-Jun,5871.75161048689,7210.616901397296,4532.754791779226,Attapur,17.3672244,78.4307278
262,Attapur,2026,Jul-Sep,5720.573782771543,7024.96780178383,4416.051622359787,Attapur,17.3672244,78.4307278
263,Attapur,2026,Oct-Dec,5752.804494382017,7064.54769706882,4440.932428324724,Attapur,17.3672244,78.4307278
264,Attapur,2027,Jan-Mar,5765.956853932586,7080.699031859483,4451.085518021088,Attapur,17.3672244,78.4307278
265,Attapur,2027,Apr-Jun,5871.75161048689,7210.616901397296,4532.754791779226,Attapur,17.3672244,78.4307278
266,Attapur,2027,Jul-Sep,5720.573782771543,7024.96780178383,4416.051622359787,Attapur,17.3672244,78.4307278
267,Attapur,2027,Oct-Dec,5752.804494382017,7064.54769706882,4440.932428324724,Attapur,17.3672244,78.4307278
268,Attapur,2028,Jan-Mar,5765.956853932586,7080.699031859483,4451.085518021088,Attapur,17.3672244,78.4307278
269,Attapur,2028,Apr-Jun,5871.75161048689,7210.616901397296,4532.754791779226,Attapur,17.3672244,78.4307278
270,Attapur,2028,Jul-Sep,5720.573782771543,7024.96780178383,4416.051622359787,Attapur,17.3672244,78.4307278
271,Attapur,2028,Oct-Dec,5752.804494382017,7064.54769706882,4440.932428324724,Attapur,17.3672244,78.4307278
272,Attapur,2029,Jan-Mar,5765.956853932586,7080.699031859483,4451.085518021088,Attapur,17.3672244,78.4307278
273,Attapur,2029,Apr-Jun,5871.75161048689,7210.616901397296,4532.754791779226,Attapur,17.3672244,78.4307278
274,Attapur,2029,Jul-Sep,5720.573782771543,7024.96780178383,4416.051622359787,Attapur,17.3672244,78.4307278
275,Attapur,2029,Oct-Dec,5752.804494382017,7064.54769706882,4440.932428324724,Attapur,17.3672244,78.4307278
276,Attapur,2030,Jan-Mar,5765.956853932586,7080.699031859483,4451.085518021088,Attapur,17.3672244,78.4307278
277,Attapur,2030,Apr-Jun,5871.75161048689,7210.616901397296,4532.754791779226,Attapur,17.3672244,78.4307278
278,Attapur,2030,Jul-Sep,5720.573782771543,7024.96780178383,4416.051622359787,Attapur,17.3672244,78.4307278
279,Attapur,2030,Oct-Dec,5752.804494382017,7064.54769706882,4440.932428324724,Attapur,17.3672244,78.4307278
280,Attapur Main Road,2024,Jan-Mar,5719.997902621726,7241.886139798458,4198.063738286917,Attapur Main Road,,
281,Attapur Main Road,2024,Apr-Jun,5866.986666666673,7427.983392134042,4305.9428338351645,Attapur Main Road,,
282,Attapur Main Road,2024,Jul-Sep,5721.83700374533,7244.214560396411,4199.413505169612,Attapur Main Road,,
283,Attapur Main Road,2024,Oct-Dec,5720.285842696626,7242.250690498127,4198.275065425111,Attapur Main Road,,
284,Attapur Main Road,2025,Jan-Mar,5719.997902621726,7241.886139798458,4198.063738286917,Attapur Main Road,,
285,Attapur Main Road,2025,Apr-Jun,5866.986666666673,7427.983392134042,4305.9428338351645,Attapur Main Road,,
286,Attapur Main Road,2025,Jul-Sep,5721.83700374533,7244.214560396411,4199.413505169612,Attapur Main Road,,
287,Attapur Main Road,2025,Oct-Dec,5720.285842696626,7242.250690498127,4198.275065425111,Attapur Main Road,,
288,Attapur Main Road,2026,Jan-Mar,5719.997902621726,7241.886139798458,4198.063738286917,Attapur Main Road,,
289,Attapur Main Road,2026,Apr-Jun,5866.986666666673,7427.983392134042,4305.9428338351645,Attapur Main Road,,
290,Attapur Main Road,2026,Jul-Sep,5721.83700374533,7244.214560396411,4199.413505169612,Attapur Main Road,,
291,Attapur Main Road,2026,Oct-Dec,5720.285842696626,7242.250690498127,4198.275065425111,Attapur Main Road,,
292,Attapur Main Road,2027,Jan-Mar,5719.997902621726,7241.886139798458,4198.063738286917,Attapur Main Road,,
293,Attapur Main Road,2027,Apr-Jun,5866.986666666673,7427.983392134042,4305.9428338351645,Attapur Main Road,,
294,Attapur Main Road,2027,Jul-Sep,5721.83700374533,7244.214560396411,4199.413505169612,Attapur Main Road,,
295,Attapur Main Road,2027,Oct-Dec,5720.285842696626,7242.250690498127,4198.275065425111,Attapur Main Road,,
296,Attapur Main Road,2028,Jan-Mar,5719.997902621726,7241.886139798458,4198.063738286917,Attapur Main Road,,
297,Attapur Main Road,2028,Apr-Jun,5866.986666666673,7427.983392134042,4305.9428338351645,Attapur Main Road,,
298,Attapur Main Road,2028,Jul-Sep,5721.83700374533,7244.214560396411,4199.413505169612,Attapur Main Road,,
299,Attapur Main Road,2028,Oct-Dec,5720.285842696626,7242.250690498127,4198.275065425111,Attapur Main Road,,
300,Attapur Main Road,2029,Jan-Mar,5719.997902621726,7241.886139798458,4198.063738286917,Attapur Main Road,,
301,Attapur Main Road,2029,Apr-Jun,5866.986666666673,7427.983392134042,4305.9428338351645,Attapur Main Road,,
302,Attapur Main Road,2029,Jul-Sep,5721.83700374533,7244.214560396411,4199.413505169612,Attapur Main Road,,
303,Attapur Main Road,2029,Oct-Dec,5720.285842696626,7242.250690498127,4198.275065425111,Attapur Main Road,,
304,Attapur Main Road,2030,Jan-Mar,5719.997902621726,7241.886139798458,4198.063738286917,Attapur Main Road,,
305,Attapur Main Road,2030,Apr-Jun,5866.986666666673,7427.983392134042,4305.9428338351645,Attapur Main Road,,
306,Attapur Main Road,2030,Jul-Sep,5721.83700374533,7244.214560396411,4199.413505169612,Attapur Main Road,,
307,Attapur Main Road,2030,Oct-Dec,5720.285842696626,7242.250690498127,4198.275065425111,Attapur Main Road,,
308,Bachupally,2024,Jan-Mar,5278.530037453187,6442.157687586008,4114.99147568312,Bachupally,17.5410548,78.3635484
309,Bachupally,2024,Apr-Jun,5380.590861423227,6566.717350422972,4194.555183317251,Bachupally,17.5410548,78.3635484
310,Bachupally,2024,Jul-Sep,5359.571235955062,6541.0640452718935,4178.1688827733815,Bachupally,17.5410548,78.3635484
311,Bachupally,2024,Oct-Dec,5440.39880149813,6639.709675596539,4241.179747701683,Bachupally,17.5410548,78.3635484
312,Bachupally,2025,Jan-Mar,5278.530037453187,6442.157687586008,4114.99147568312,Bachupally,17.5410548,78.3635484
313,Bachupally,2025,Apr-Jun,5380.590861423227,6566.717350422972,4194.555183317251,Bachupally,17.5410548,78.3635484
314,Bachupally,2025,Jul-Sep,5359.571235955062,6541.0640452718935,4178.1688827733815,Bachupally,17.5410548,78.3635484
315,Bachupally,2025,Oct-Dec,5440.39880149813,6639.709675596539,4241.179747701683,Bachupally,17.5410548,78.3635484
316,Bachupally,2026,Jan-Mar,5278.530037453187,6442.157687586008,4114.99147568312,Bachupally,17.5410548,78.3635484
317,Bachupally,2026,Apr-Jun,5380.590861423227,6566.717350422972,4194.555183317251,Bachupally,17.5410548,78.3635484
318,Bachupally,2026,Jul-Sep,5359.571235955062,6541.0640452718935,4178.1688827733815,Bachupally,17.5410548,78.3635484
319,Bachupally,2026,Oct-Dec,5440.39880149813,6639.709675596539,4241.179747701683,Bachupally,17.5410548,78.3635484
320,Bachupally,2027,Jan-Mar,5278.530037453187,6442.157687586008,4114.99147568312,Bachupally,17.5410548,78.3635484
321,Bachupally,2027,Apr-Jun,5380.590861423227,6566.717350422972,4194.555183317251,Bachupally,17.5410548,78.3635484
322,Bachupally,2027,Jul-Sep,5359.571235955062,6541.0640452718935,4178.1688827733815,Bachupally,17.5410548,78.3635484
323,Bachupally,2027,Oct-Dec,5440.39880149813,6639.709675596539,4241.179747701683,Bachupally,17.5410548,78.3635484
324,Bachupally,2028,Jan-Mar,5278.530037453187,6442.157687586008,4114.99147568312,Bachupally,17.5410548,78.3635484
325,Bachupally,2028,Apr-Jun,5380.590861423227,6566.717350422972,4194.555183317251,Bachupally,17.5410548,78.3635484
326,Bachupally,2028,Jul-Sep,5359.571235955062,6541.0640452718935,4178.1688827733815,Bachupally,17.5410548,78.3635484
327,Bachupally,2028,Oct-Dec,5440.39880149813,6639.709675596539,4241.179747701683,Bachupally,17.5410548,78.3635484
328,Bachupally,2029,Jan-Mar,5278.530037453187,6442.157687586008,4114.99147568312,Bachupally,17.5410548,78.3635484
329,Bachupally,2029,Apr-Jun,5380.590861423227,6566.717350422972,4194.555183317251,Bachupally,17.5410548,78.3635484
330,Bachupally,2029,Jul-Sep,5359.571235955062,6541.0640452718935,4178.1688827733815,Bachupally,17.5410548,78.3635484
331,Bachupally,2029,Oct-Dec,5440.39880149813,6639.709675596539,4241.179747701683,Bachupally,17.5410548,78.3635484
332,Bachupally,2030,Jan-Mar,5278.530037453187,6442.157687586008,4114.99147568312,Bachupally,17.5410548,78.3635484
333,Bachupally,2030,Apr-Jun,5380.590861423227,6566.717350422972,4194.555183317251,Bachupally,17.5410548,78.3635484
334,Bachupally,2030,Jul-Sep,5359.571235955062,6541.0640452718935,4178.1688827733815,Bachupally,17.5410548,78.3635484
335,Bachupally,2030,Oct-Dec,5440.39880149813,6639.709675596539,4241.179747701683,Bachupally,17.5410548,78.3635484
336,Bahadurpally,2024,Jan-Mar,4354.678951310857,5063.148176501333,3646.248265489645,Bahadurpally,17.5599332,78.4375047
337,Bahadurpally,2024,Apr-Jun,4342.418277153556,5048.892794945931,3635.982190222183,Bahadurpally,17.5599332,78.4375047
338,Bahadurpally,2024,Jul-Sep,4436.212434456919,5157.946463844772,3714.5176660182806,Bahadurpally,17.5599332,78.4375047
339,Bahadurpally,2024,Oct-Dec,4561.215580524341,5303.286558521022,3819.184969767936,Bahadurpally,17.5599332,78.4375047
340,Bahadurpally,2025,Jan-Mar,4354.678951310857,5063.148176501333,3646.248265489645,Bahadurpally,17.5599332,78.4375047
341,Bahadurpally,2025,Apr-Jun,4342.418277153556,5048.892794945931,3635.982190222183,Bahadurpally,17.5599332,78.4375047
342,Bahadurpally,2025,Jul-Sep,4436.212434456919,5157.946463844772,3714.5176660182806,Bahadurpally,17.5599332,78.4375047
343,Bahadurpally,2025,Oct-Dec,4561.215580524341,5303.286558521022,3819.184969767936,Bahadurpally,17.5599332,78.4375047
344,Bahadurpally,2026,Jan-Mar,4354.678951310857,5063.148176501333,3646.248265489645,Bahadurpally,17.5599332,78.4375047
345,Bahadurpally,2026,Apr-Jun,4342.418277153556,5048.892794945931,3635.982190222183,Bahadurpally,17.5599332,78.4375047
346,Bahadurpally,2026,Jul-Sep,4436.212434456919,5157.946463844772,3714.5176660182806,Bahadurpally,17.5599332,78.4375047
347,Bahadurpally,2026,Oct-Dec,4561.215580524341,5303.286558521022,3819.184969767936,Bahadurpally,17.5599332,78.4375047
348,Bahadurpally,2027,Jan-Mar,4354.678951310857,5063.148176501333,3646.248265489645,Bahadurpally,17.5599332,78.4375047
349,Bahadurpally,2027,Apr-Jun,4342.418277153556,5048.892794945931,3635.982190222183,Bahadurpally,17.5599332,78.4375047
350,Bahadurpally,2027,Jul-Sep,4436.212434456919,5157.946463844772,3714.5176660182806,Bahadurpally,17.5599332,78.4375047
351,Bahadurpally,2027,Oct-Dec,4561.215580524341,5303.286558521022,3819.184969767936,Bahadurpally,17.5599332,78.4375047
352,Bahadurpally,2028,Jan-Mar,4354.678951310857,5063.148176501333,3646.248265489645,Bahadurpally,17.5599332,78.4375047
353,Bahadurpally,2028,Apr-Jun,4342.418277153556,5048.892794945931,3635.982190222183,Bahadurpally,17.5599332,78.4375047
354,Bahadurpally,2028,Jul-Sep,4436.212434456919,5157.946463844772,3714.5176660182806,Bahadurpally,17.5599332,78.4375047
355,Bahadurpally,2028,Oct-Dec,4561.215580524341,5303.286558521022,3819.184969767936,Bahadurpally,17.5599332,78.4375047
356,Bahadurpally,2029,Jan-Mar,4354.678951310857,5063.148176501333,3646.248265489645,Bahadurpally,17.5599332,78.4375047
357,Bahadurpally,2029,Apr-Jun,4342.418277153556,5048.892794945931,3635.982190222183,Bahadurpally,17.5599332,78.4375047
358,Bahadurpally,2029,Jul-Sep,4436.212434456919,5157.946463844772,3714.5176660182806,Bahadurpally,17.5599332,78.4375047
359,Bahadurpally,2029,Oct-Dec,4561.215580524341,5303.286558521022,3819.184969767936,Bahadurpally,17.5599332,78.4375047
360,Bahadurpally,2030,Jan-Mar,4354.678951310857,5063.148176501333,3646.248265489645,Bahadurpally,17.5599332,78.4375047
361,Bahadurpally,2030,Apr-Jun,4342.418277153556,5048.892794945931,3635.982190222183,Bahadurpally,17.5599332,78.4375047
362,Bahadurpally,2030,Jul-Sep,4436.212434456919,5157.946463844772,3714.5176660182806,Bahadurpally,17.5599332,78.4375047
363,Bahadurpally,2030,Oct-Dec,4561.215580524341,5303.286558521022,3819.184969767936,Bahadurpally,17.5599332,78.4375047
364,Balaji Nagar Main Road,2024,Jan-Mar,4759.838501872654,5754.194050806364,3764.3563897484983,Balaji Nagar Main Road,13.1694345,80.2131343
365,Balaji Nagar Main Road,2024,Apr-Jun,4798.896179775276,5801.411085110609,3795.245467040434,Balaji Nagar Main Road,13.1694345,80.2131343
366,Balaji Nagar Main Road,2024,Jul-Sep,4876.9279400748965,5895.744094668258,3856.957509449359,Balaji Nagar Main Road,13.1694345,80.2131343
367,Balaji Nagar Main Road,2024,Oct-Dec,4969.895430711603,6008.132987974127,3930.481593781104,Balaji Nagar Main Road,13.1694345,80.2131343
368,Balaji Nagar Main Road,2025,Jan-Mar,4759.838501872654,5754.194050806364,3764.3563897484983,Balaji Nagar Main Road,13.1694345,80.2131343
369,Balaji Nagar Main Road,2025,Apr-Jun,4798.896179775276,5801.411085110609,3795.245467040434,Balaji Nagar Main Road,13.1694345,80.2131343
370,Balaji Nagar Main Road,2025,Jul-Sep,4876.9279400748965,5895.744094668258,3856.957509449359,Balaji Nagar Main Road,13.1694345,80.2131343
371,Balaji Nagar Main Road,2025,Oct-Dec,4969.895430711603,6008.132987974127,3930.481593781104,Balaji Nagar Main Road,13.1694345,80.2131343
372,Balaji Nagar Main Road,2026,Jan-Mar,4759.838501872654,5754.194050806364,3764.3563897484983,Balaji Nagar Main Road,13.1694345,80.2131343
373,Balaji Nagar Main Road,2026,Apr-Jun,4798.896179775276,5801.411085110609,3795.245467040434,Balaji Nagar Main Road,13.1694345,80.2131343
374,Balaji Nagar Main Road,2026,Jul-Sep,4876.9279400748965,5895.744094668258,3856.957509449359,Balaji Nagar Main Road,13.1694345,80.2131343
375,Balaji Nagar Main Road,2026,Oct-Dec,4969.895430711603,6008.132987974127,3930.481593781104,Balaji Nagar Main Road,13.1694345,80.2131343
376,Balaji Nagar Main Road,2027,Jan-Mar,4759.838501872654,5754.194050806364,3764.3563897484983,Balaji Nagar Main Road,13.1694345,80.2131343
377,Balaji Nagar Main Road,2027,Apr-Jun,4798.896179775276,5801.411085110609,3795.245467040434,Balaji Nagar Main Road,13.1694345,80.2131343
378,Balaji Nagar Main Road,2027,Jul-Sep,4876.9279400748965,5895.744094668258,3856.957509449359,Balaji Nagar Main Road,13.1694345,80.2131343
379,Balaji Nagar Main Road,2027,Oct-Dec,4969.895430711603,6008.132987974127,3930.481593781104,Balaji Nagar Main Road,13.1694345,80.2131343
380,Balaji Nagar Main Road,2028,Jan-Mar,4759.838501872654,5754.194050806364,3764.3563897484983,Balaji Nagar Main Road,13.1694345,80.2131343
381,Balaji Nagar Main Road,2028,Apr-Jun,4798.896179775276,5801.411085110609,3795.245467040434,Balaji Nagar Main Road,13.1694345,80.2131343
382,Balaji Nagar Main Road,2028,Jul-Sep,4876.9279400748965,5895.744094668258,3856.957509449359,Balaji Nagar Main Road,13.1694345,80.2131343
383,Balaji Nagar Main Road,2028,Oct-Dec,4969.895430711603,6008.132987974127,3930.481593781104,Balaji Nagar Main Road,13.1694345,80.2131343
384,Balaji Nagar Main Road,2029,Jan-Mar,4759.838501872654,5754.194050806364,3764.3563897484983,Balaji Nagar Main Road,13.1694345,80.2131343
385,Balaji Nagar Main Road,2029,Apr-Jun,4798.896179775276,5801.411085110609,3795.245467040434,Balaji Nagar Main Road,13.1694345,80.2131343
386,Balaji Nagar Main Road,2029,Jul-Sep,4876.9279400748965,5895.744094668258,3856.957509449359,Balaji Nagar Main Road,13.1694345,80.2131343
387,Balaji Nagar Main Road,2029,Oct-Dec,4969.895430711603,6008.132987974127,3930.481593781104,Balaji Nagar Main Road,13.1694345,80.2131343
388,Balaji Nagar Main Road,2030,Jan-Mar,4759.838501872654,5754.194050806364,3764.3563897484983,Balaji Nagar Main Road,13.1694345,80.2131343
389,Balaji Nagar Main Road,2030,Apr-Jun,4798.896179775276,5801.411085110609,3795.245467040434,Balaji Nagar Main Road,13.1694345,80.2131343
390,Balaji Nagar Main Road,2030,Jul-Sep,4876.9279400748965,5895.744094668258,3856.957509449359,Balaji Nagar Main Road,13.1694345,80.2131343
391,Balaji Nagar Main Road,2030,Oct-Dec,4969.895430711603,6008.132987974127,3930.481593781104,Balaji Nagar Main Road,13.1694345,80.2131343
392,Balanagar Main Road,2024,Jan-Mar,6485.370486891389,8158.410191926417,4791.766407018527,Balanagar Main Road,17.4768224,78.4219645
393,Balanagar Main Road,2024,Apr-Jun,6623.479550561803,8332.147435607958,4893.809362488582,Balanagar Main Road,17.4768224,78.4219645
394,Balanagar Main Road,2024,Jul-Sep,6810.594157303365,8567.532247899597,5032.060444467473,Balanagar Main Road,17.4768224,78.4219645
395,Balanagar Main Road,2024,Oct-Dec,6883.201498127333,8658.870201619318,5085.706942746402,Balanagar Main Road,17.4768224,78.4219645
396,Balanagar Main Road,2025,Jan-Mar,6485.370486891389,8158.410191926417,4791.766407018527,Balanagar Main Road,17.4768224,78.4219645
397,Balanagar Main Road,2025,Apr-Jun,6623.479550561803,8332.147435607958,4893.809362488582,Balanagar Main Road,17.4768224,78.4219645
398,Balanagar Main Road,2025,Jul-Sep,6810.594157303365,8567.532247899597,5032.060444467473,Balanagar Main Road,17.4768224,78.4219645
399,Balanagar Main Road,2025,Oct-Dec,6883.201498127333,8658.870201619318,5085.706942746402,Balanagar Main Road,17.4768224,78.4219645
400,Balanagar Main Road,2026,Jan-Mar,6485.370486891389,8158.410191926417,4791.766407018527,Balanagar Main Road,17.4768224,78.4219645
401,Balanagar Main Road,2026,Apr-Jun,6623.479550561803,8332.147435607958,4893.809362488582,Balanagar Main Road,17.4768224,78.4219645
402,Balanagar Main Road,2026,Jul-Sep,6810.594157303365,8567.532247899597,5032.060444467473,Balanagar Main Road,17.4768224,78.4219645
403,Balanagar Main Road,2026,Oct-Dec,6883.201498127333,8658.870201619318,5085.706942746402,Balanagar Main Road,17.4768224,78.4219645
404,Balanagar Main Road,2027,Jan-Mar,6485.370486891389,8158.410191926417,4791.766407018527,Balanagar Main Road,17.4768224,78.4219645
405,Balanagar Main Road,2027,Apr-Jun,6623.479550561803,8332.147435607958,4893.809362488582,Balanagar Main Road,17.4768224,78.4219645
406,Balanagar Main Road,2027,Jul-Sep,6810.594157303365,8567.532247899597,5032.060444467473,Balanagar Main Road,17.4768224,78.4219645
407,Balanagar Main Road,2027,Oct-Dec,6883.201498127333,8658.870201619318,5085.706942746402,Balanagar Main Road,17.4768224,78.4219645
408,Balanagar Main Road,2028,Jan-Mar,6485.370486891389,8158.410191926417,4791.766407018527,Balanagar Main Road,17.4768224,78.4219645
409,Balanagar Main Road,2028,Apr-Jun,6623.479550561803,8332.147435607958,4893.809362488582,Balanagar Main Road,17.4768224,78.4219645
410,Balanagar Main Road,2028,Jul-Sep,6810.594157303365,8567.532247899597,5032.060444467473,Balanagar Main Road,17.4768224,78.4219645
411,Balanagar Main Road,2028,Oct-Dec,6883.201498127333,8658.870201619318,5085.706942746402,Balanagar Main Road,17.4768224,78.4219645
412,Balanagar Main Road,2029,Jan-Mar,6485.370486891389,8158.410191926417,4791.766407018527,Balanagar Main Road,17.4768224,78.4219645
413,Balanagar Main Road,2029,Apr-Jun,6623.479550561803,8332.147435607958,4893.809362488582,Balanagar Main Road,17.4768224,78.4219645
414,Balanagar Main Road,2029,Jul-Sep,6810.594157303365,8567.532247899597,5032.060444467473,Balanagar Main Road,17.4768224,78.4219645
415,Balanagar Main Road,2029,Oct-Dec,6883.201498127333,8658.870201619318,5085.706942746402,Balanagar Main Road,17.4768224,78.4219645
416,Balanagar Main Road,2030,Jan-Mar,6485.370486891389,8158.410191926417,4791.766407018527,Balanagar Main Road,17.4768224,78.4219645
417,Balanagar Main Road,2030,Apr-Jun,6623.479550561803,8332.147435607958,4893.809362488582,Balanagar Main Road,17.4768224,78.4219645
418,Balanagar Main Road,2030,Jul-Sep,6810.594157303365,8567.532247899597,5032.060444467473,Balanagar Main Road,17.4768224,78.4219645
419,Balanagar Main Road,2030,Oct-Dec,6883.201498127333,8658.870201619318,5085.706942746402,Balanagar Main Road,17.4768224,78.4219645
420,Bandlaguda Jagir Road,2024,Jan-Mar,5435.828913857678,6573.97201458367,4297.648007348569,Bandlaguda Jagir Road,17.3343045,78.3936455
421,Bandlaguda Jagir Road,2024,Apr-Jun,5500.69902621723,6652.424502694072,4348.935292790497,Bandlaguda Jagir Road,17.3343045,78.3936455
422,Bandlaguda Jagir Road,2024,Jul-Sep,5561.138576779024,6725.518766745379,4396.719709510228,Bandlaguda Jagir Road,17.3343045,78.3936455
423,Bandlaguda Jagir Road,2024,Oct-Dec,5670.119250936323,6857.3175987899485,4482.881467827826,Bandlaguda Jagir Road,17.3343045,78.3936455
424,Bandlaguda Jagir Road,2025,Jan-Mar,5435.828913857678,6573.97201458367,4297.648007348569,Bandlaguda Jagir Road,17.3343045,78.3936455
425,Bandlaguda Jagir Road,2025,Apr-Jun,5500.69902621723,6652.424502694072,4348.935292790497,Bandlaguda Jagir Road,17.3343045,78.3936455
426,Bandlaguda Jagir Road,2025,Jul-Sep,5561.138576779024,6725.518766745379,4396.719709510228,Bandlaguda Jagir Road,17.3343045,78.3936455
427,Bandlaguda Jagir Road,2025,Oct-Dec,5670.119250936323,6857.3175987899485,4482.881467827826,Bandlaguda Jagir Road,17.3343045,78.3936455
428,Bandlaguda Jagir Road,2026,Jan-Mar,5435.828913857678,6573.97201458367,4297.648007348569,Bandlaguda Jagir Road,17.3343045,78.3936455
429,Bandlaguda Jagir Road,2026,Apr-Jun,5500.69902621723,6652.424502694072,4348.935292790497,Bandlaguda Jagir Road,17.3343045,78.3936455
430,Bandlaguda Jagir Road,2026,Jul-Sep,5561.138576779024,6725.518766745379,4396.719709510228,Bandlaguda Jagir Road,17.3343045,78.3936455
431,Bandlaguda Jagir Road,2026,Oct-Dec,5670.119250936323,6857.3175987899485,4482.881467827826,Bandlaguda Jagir Road,17.3343045,78.3936455
432,Bandlaguda Jagir Road,2027,Jan-Mar,5435.828913857678,6573.97201458367,4297.648007348569,Bandlaguda Jagir Road,17.3343045,78.3936455
433,Bandlaguda Jagir Road,2027,Apr-Jun,5500.69902621723,6652.424502694072,4348.935292790497,Bandlaguda Jagir Road,17.3343045,78.3936455
434,Bandlaguda Jagir Road,2027,Jul-Sep,5561.138576779024,6725.518766745379,4396.719709510228,Bandlaguda Jagir Road,17.3343045,78.3936455
435,Bandlaguda Jagir Road,2027,Oct-Dec,5670.119250936323,6857.3175987899485,4482.881467827826,Bandlaguda Jagir Road,17.3343045,78.3936455
436,Bandlaguda Jagir Road,2028,Jan-Mar,5435.828913857678,6573.97201458367,4297.648007348569,Bandlaguda Jagir Road,17.3343045,78.3936455
437,Bandlaguda Jagir Road,2028,Apr-Jun,5500.69902621723,6652.424502694072,4348.935292790497,Bandlaguda Jagir Road,17.3343045,78.3936455
438,Bandlaguda Jagir Road,2028,Jul-Sep,5561.138576779024,6725.518766745379,4396.719709510228,Bandlaguda Jagir Road,17.3343045,78.3936455
439,Bandlaguda Jagir Road,2028,Oct-Dec,5670.119250936323,6857.3175987899485,4482.881467827826,Bandlaguda Jagir Road,17.3343045,78.3936455
440,Bandlaguda Jagir Road,2029,Jan-Mar,5435.828913857678,6573.97201458367,4297.648007348569,Bandlaguda Jagir Road,17.3343045,78.3936455
441,Bandlaguda Jagir Road,2029,Apr-Jun,5500.69902621723,6652.424502694072,4348.935292790497,Bandlaguda Jagir Road,17.3343045,78.3936455
442,Bandlaguda Jagir Road,2029,Jul-Sep,5561.138576779024,6725.518766745379,4396.719709510228,Bandlaguda Jagir Road,17.3343045,78.3936455
443,Bandlaguda Jagir Road,2029,Oct-Dec,5670.119250936323,6857.3175987899485,4482.881467827826,Bandlaguda Jagir Road,17.3343045,78.3936455
444,Bandlaguda Jagir Road,2030,Jan-Mar,5435.828913857678,6573.97201458367,4297.648007348569,Bandlaguda Jagir Road,17.3343045,78.3936455
445,Bandlaguda Jagir Road,2030,Apr-Jun,5500.69902621723,6652.424502694072,4348.935292790497,Bandlaguda Jagir Road,17.3343045,78.3936455
446,Bandlaguda Jagir Road,2030,Jul-Sep,5561.138576779024,6725.518766745379,4396.719709510228,Bandlaguda Jagir Road,17.3343045,78.3936455
447,Bandlaguda Jagir Road,2030,Oct-Dec,5670.119250936323,6857.3175987899485,4482.881467827826,Bandlaguda Jagir Road,17.3343045,78.3936455
448,Beeramguda Main Road,2024,Jan-Mar,4054.580374531839,5041.998833550872,3067.1223729050207,Beeramguda Main Road,,
449,Beeramguda Main Road,2024,Apr-Jun,4167.294981273414,5182.163009179228,3152.3863115019203,Beeramguda Main Road,,
450,Beeramguda Main Road,2024,Jul-Sep,4206.148314606747,5230.478357069907,3181.7772513577765,Beeramguda Main Road,,
451,Beeramguda Main Road,2024,Oct-Dec,4211.182621722846,5236.738677069124,3185.585496493291,Beeramguda Main Road,,
452,Beeramguda Main Road,2025,Jan-Mar,4054.580374531839,5041.998833550872,3067.1223729050207,Beeramguda Main Road,,
453,Beeramguda Main Road,2025,Apr-Jun,4167.294981273414,5182.163009179228,3152.3863115019203,Beeramguda Main Road,,
454,Beeramguda Main Road,2025,Jul-Sep,4206.148314606747,5230.478357069907,3181.7772513577765,Beeramguda Main Road,,
455,Beeramguda Main Road,2025,Oct-Dec,4211.182621722846,5236.738677069124,3185.585496493291,Beeramguda Main Road,,
456,Beeramguda Main Road,2026,Jan-Mar,4054.580374531839,5041.998833550872,3067.1223729050207,Beeramguda Main Road,,
457,Beeramguda Main Road,2026,Apr-Jun,4167.294981273414,5182.163009179228,3152.3863115019203,Beeramguda Main Road,,
458,Beeramguda Main Road,2026,Jul-Sep,4206.148314606747,5230.478357069907,3181.7772513577765,Beeramguda Main Road,,
459,Beeramguda Main Road,2026,Oct-Dec,4211.182621722846,5236.738677069124,3185.585496493291,Beeramguda Main Road,,
460,Beeramguda Main Road,2027,Jan-Mar,4054.580374531839,5041.998833550872,3067.1223729050207,Beeramguda Main Road,,
461,Beeramguda Main Road,2027,Apr-Jun,4167.294981273414,5182.163009179228,3152.3863115019203,Beeramguda Main Road,,
462,Beeramguda Main Road,2027,Jul-Sep,4206.148314606747,5230.478357069907,3181.7772513577765,Beeramguda Main Road,,
463,Beeramguda Main Road,2027,Oct-Dec,4211.182621722846,5236.738677069124,3185.585496493291,Beeramguda Main Road,,
464,Beeramguda Main Road,2028,Jan-Mar,4054.580374531839,5041.998833550872,3067.1223729050207,Beeramguda Main Road,,
465,Beeramguda Main Road,2028,Apr-Jun,4167.294981273414,5182.163009179228,3152.3863115019203,Beeramguda Main Road,,
466,Beeramguda Main Road,2028,Jul-Sep,4206.148314606747,5230.478357069907,3181.7772513577765,Beeramguda Main Road,,
467,Beeramguda Main Road,2028,Oct-Dec,4211.182621722846,5236.738677069124,3185.585496493291,Beeramguda Main Road,,
468,Beeramguda Main Road,2029,Jan-Mar,4054.580374531839,5041.998833550872,3067.1223729050207,Beeramguda Main Road,,
469,Beeramguda Main Road,2029,Apr-Jun,4167.294981273414,5182.163009179228,3152.3863115019203,Beeramguda Main Road,,
470,Beeramguda Main Road,2029,Jul-Sep,4206.148314606747,5230.478357069907,3181.7772513577765,Beeramguda Main Road,,
471,Beeramguda Main Road,2029,Oct-Dec,4211.182621722846,5236.738677069124,3185.585496493291,Beeramguda Main Road,,
472,Beeramguda Main Road,2030,Jan-Mar,4054.580374531839,5041.998833550872,3067.1223729050207,Beeramguda Main Road,,
473,Beeramguda Main Road,2030,Apr-Jun,4167.294981273414,5182.163009179228,3152.3863115019203,Beeramguda Main Road,,
474,Beeramguda Main Road,2030,Jul-Sep,4206.148314606747,5230.478357069907,3181.7772513577765,Beeramguda Main Road,,
475,Beeramguda Main Road,2030,Oct-Dec,4211.182621722846,5236.738677069124,3185.585496493291,Beeramguda Main Road,,
476,Beeramguda Ramachandrapuram,2024,Jan-Mar,3618.8898876404487,4414.643526178959,2823.022651152111,Beeramguda Ramachandrapuram,17.5163573,78.3010473
477,Beeramguda Ramachandrapuram,2024,Apr-Jun,3742.314007490637,4565.207237313656,2919.303305400692,Beeramguda Ramachandrapuram,17.5163573,78.3010473
478,Beeramguda Ramachandrapuram,2024,Jul-Sep,3761.197303370786,4588.242759945867,2934.0337817769223,Beeramguda Ramachandrapuram,17.5163573,78.3010473
479,Beeramguda Ramachandrapuram,2024,Oct-Dec,3765.702172284641,4593.738199432643,2937.5479387087807,Beeramguda Ramachandrapuram,17.5163573,78.3010473
480,Beeramguda Ramachandrapuram,2025,Jan-Mar,3618.8898876404487,4414.643526178959,2823.022651152111,Beeramguda Ramachandrapuram,17.5163573,78.3010473
481,Beeramguda Ramachandrapuram,2025,Apr-Jun,3742.314007490637,4565.207237313656,2919.303305400692,Beeramguda Ramachandrapuram,17.5163573,78.3010473
482,Beeramguda Ramachandrapuram,2025,Jul-Sep,3761.197303370786,4588.242759945867,2934.0337817769223,Beeramguda Ramachandrapuram,17.5163573,78.3010473
483,Beeramguda Ramachandrapuram,2025,Oct-Dec,3765.702172284641,4593.738199432643,2937.5479387087807,Beeramguda Ramachandrapuram,17.5163573,78.3010473
484,Beeramguda Ramachandrapuram,2026,Jan-Mar,3618.8898876404487,4414.643526178959,2823.022651152111,Beeramguda Ramachandrapuram,17.5163573,78.3010473
485,Beeramguda Ramachandrapuram,2026,Apr-Jun,3742.314007490637,4565.207237313656,2919.303305400692,Beeramguda Ramachandrapuram,17.5163573,78.3010473
486,Beeramguda Ramachandrapuram,2026,Jul-Sep,3761.197303370786,4588.242759945867,2934.0337817769223,Beeramguda Ramachandrapuram,17.5163573,78.3010473
487,Beeramguda Ramachandrapuram,2026,Oct-Dec,3765.702172284641,4593.738199432643,2937.5479387087807,Beeramguda Ramachandrapuram,17.5163573,78.3010473
488,Beeramguda Ramachandrapuram,2027,Jan-Mar,3618.8898876404487,4414.643526178959,2823.022651152111,Beeramguda Ramachandrapuram,17.5163573,78.3010473
489,Beeramguda Ramachandrapuram,2027,Apr-Jun,3742.314007490637,4565.207237313656,2919.303305400692,Beeramguda Ramachandrapuram,17.5163573,78.3010473
490,Beeramguda Ramachandrapuram,2027,Jul-Sep,3761.197303370786,4588.242759945867,2934.0337817769223,Beeramguda Ramachandrapuram,17.5163573,78.3010473
491,Beeramguda Ramachandrapuram,2027,Oct-Dec,3765.702172284641,4593.738199432643,2937.5479387087807,Beeramguda Ramachandrapuram,17.5163573,78.3010473
492,Beeramguda Ramachandrapuram,2028,Jan-Mar,3618.8898876404487,4414.643526178959,2823.022651152111,Beeramguda Ramachandrapuram,17.5163573,78.3010473
493,Beeramguda Ramachandrapuram,2028,Apr-Jun,3742.314007490637,4565.207237313656,2919.303305400692,Beeramguda Ramachandrapuram,17.5163573,78.3010473
494,Beeramguda Ramachandrapuram,2028,Jul-Sep,3761.197303370786,4588.242759945867,2934.0337817769223,Beeramguda Ramachandrapuram,17.5163573,78.3010473
495,Beeramguda Ramachandrapuram,2028,Oct-Dec,3765.702172284641,4593.738199432643,2937.5479387087807,Beeramguda Ramachandrapuram,17.5163573,78.3010473
496,Beeramguda Ramachandrapuram,2029,Jan-Mar,3618.8898876404487,4414.643526178959,2823.022651152111,Beeramguda Ramachandrapuram,17.5163573,78.3010473
497,Beeramguda Ramachandrapuram,2029,Apr-Jun,3742.314007490637,4565.207237313656,2919.303305400692,Beeramguda Ramachandrapuram,17.5163573,78.3010473
498,Beeramguda Ramachandrapuram,2029,Jul-Sep,3761.197303370786,4588.242759945867,2934.0337817769223,Beeramguda Ramachandrapuram,17.5163573,78.3010473
499,Beeramguda Ramachandrapuram,2029,Oct-Dec,3765.702172284641,4593.738199432643,2937.5479387087807,Beeramguda Ramachandrapuram,17.5163573,78.3010473
500,Beeramguda Ramachandrapuram,2030,Jan-Mar,3618.8898876404487,4414.643526178959,2823.022651152111,Beeramguda Ramachandrapuram,17.5163573,78.3010473
501,Beeramguda Ramachandrapuram,2030,Apr-Jun,3742.314007490637,4565.207237313656,2919.303305400692,Beeramguda Ramachandrapuram,17.5163573,78.3010473
502,Beeramguda Ramachandrapuram,2030,Jul-Sep,3761.197303370786,4588.242759945867,2934.0337817769223,Beeramguda Ramachandrapuram,17.5163573,78.3010473
503,Beeramguda Ramachandrapuram,2030,Oct-Dec,3765.702172284641,4593.738199432643,2937.5479387087807,Beeramguda Ramachandrapuram,17.5163573,78.3010473
504,Begumpet,2024,Jan-Mar,7083.403445692883,8846.281647019769,5320.235705477932,Begumpet,17.446195,78.463016
505,Begumpet,2024,Apr-Jun,6943.63176029962,8671.724359022954,5215.255335950028,Begumpet,17.446195,78.463016
506,Begumpet,2024,Jul-Sep,7212.716404494372,9007.777298501122,5417.360685845245,Begumpet,17.446195,78.463016
507,Begumpet,2024,Oct-Dec,7174.99625468164,8960.669566805547,5389.029659751891,Begumpet,17.446195,78.463016
508,Begumpet,2025,Jan-Mar,7083.403445692883,8846.281647019769,5320.235705477932,Begumpet,17.446195,78.463016
509,Begumpet,2025,Apr-Jun,6943.63176029962,8671.724359022954,5215.255335950028,Begumpet,17.446195,78.463016
510,Begumpet,2025,Jul-Sep,7212.716404494372,9007.777298501122,5417.360685845245,Begumpet,17.446195,78.463016
511,Begumpet,2025,Oct-Dec,7174.99625468164,8960.669566805547,5389.029659751891,Begumpet,17.446195,78.463016
512,Begumpet,2026,Jan-Mar,7083.403445692883,8846.281647019769,5320.235705477932,Begumpet,17.446195,78.463016
513,Begumpet,2026,Apr-Jun,6943.63176029962,8671.724359022954,5215.255335950028,Begumpet,17.446195,78.463016
514,Begumpet,2026,Jul-Sep,7212.716404494372,9007.777298501122,5417.360685845245,Begumpet,17.446195,78.463016
515,Begumpet,2026,Oct-Dec,7174.99625468164,8960.669566805547,5389.029659751891,Begumpet,17.446195,78.463016
516,Begumpet,2027,Jan-Mar,7083.403445692883,8846.281647019769,5320.235705477932,Begumpet,17.446195,78.463016
517,Begumpet,2027,Apr-Jun,6943.63176029962,8671.724359022954,5215.255335950028,Begumpet,17.446195,78.463016
518,Begumpet,2027,Jul-Sep,7212.716404494372,9007.777298501122,5417.360685845245,Begumpet,17.446195,78.463016
519,Begumpet,2027,Oct-Dec,7174.99625468164,8960.669566805547,5389.029659751891,Begumpet,17.446195,78.463016
520,Begumpet,2028,Jan-Mar,7083.403445692883,8846.281647019769,5320.235705477932,Begumpet,17.446195,78.463016
521,Begumpet,2028,Apr-Jun,6943.63176029962,8671.724359022954,5215.255335950028,Begumpet,17.446195,78.463016
522,Begumpet,2028,Jul-Sep,7212.716404494372,9007.777298501122,5417.360685845245,Begumpet,17.446195,78.463016
523,Begumpet,2028,Oct-Dec,7174.99625468164,8960.669566805547,5389.029659751891,Begumpet,17.446195,78.463016
524,Begumpet,2029,Jan-Mar,7083.403445692883,8846.281647019769,5320.235705477932,Begumpet,17.446195,78.463016
525,Begumpet,2029,Apr-Jun,6943.63176029962,8671.724359022954,5215.255335950028,Begumpet,17.446195,78.463016
526,Begumpet,2029,Jul-Sep,7212.716404494372,9007.777298501122,5417.360685845245,Begumpet,17.446195,78.463016
527,Begumpet,2029,Oct-Dec,7174.99625468164,8960.669566805547,5389.029659751891,Begumpet,17.446195,78.463016
528,Begumpet,2030,Jan-Mar,7083.403445692883,8846.281647019769,5320.235705477932,Begumpet,17.446195,78.463016
529,Begumpet,2030,Apr-Jun,6943.63176029962,8671.724359022954,5215.255335950028,Begumpet,17.446195,78.463016
530,Begumpet,2030,Jul-Sep,7212.716404494372,9007.777298501122,5417.360685845245,Begumpet,17.446195,78.463016
531,Begumpet,2030,Oct-Dec,7174.99625468164,8960.669566805547,5389.029659751891,Begumpet,17.446195,78.463016
532,Boduppal,2024,Jan-Mar,4333.761498127338,5355.385187241735,3312.0595476609337,Boduppal,17.4200755,78.5827841
533,Boduppal,2024,Apr-Jun,4516.120449438196,5580.732712026637,3451.426632363576,Boduppal,17.4200755,78.5827841
534,Boduppal,2024,Jul-Sep,4632.6432958801415,5724.724190579411,3540.4787424636447,Boduppal,17.4200755,78.5827841
535,Boduppal,2024,Oct-Dec,4731.016629213479,5846.287662030389,3615.660161201778,Boduppal,17.4200755,78.5827841
536,Boduppal,2025,Jan-Mar,4333.761498127338,5355.385187241735,3312.0595476609337,Boduppal,17.4200755,78.5827841
537,Boduppal,2025,Apr-Jun,4516.120449438196,5580.732712026637,3451.426632363576,Boduppal,17.4200755,78.5827841
538,Boduppal,2025,Jul-Sep,4632.6432958801415,5724.724190579411,3540.4787424636447,Boduppal,17.4200755,78.5827841
539,Boduppal,2025,Oct-Dec,4731.016629213479,5846.287662030389,3615.660161201778,Boduppal,17.4200755,78.5827841
540,Boduppal,2026,Jan-Mar,4333.761498127338,5355.385187241735,3312.0595476609337,Boduppal,17.4200755,78.5827841
541,Boduppal,2026,Apr-Jun,4516.120449438196,5580.732712026637,3451.426632363576,Boduppal,17.4200755,78.5827841
542,Boduppal,2026,Jul-Sep,4632.6432958801415,5724.724190579411,3540.4787424636447,Boduppal,17.4200755,78.5827841
543,Boduppal,2026,Oct-Dec,4731.016629213479,5846.287662030389,3615.660161201778,Boduppal,17.4200755,78.5827841
544,Boduppal,2027,Jan-Mar,4333.761498127338,5355.385187241735,3312.0595476609337,Boduppal,17.4200755,78.5827841
545,Boduppal,2027,Apr-Jun,4516.120449438196,5580.732712026637,3451.426632363576,Boduppal,17.4200755,78.5827841
546,Boduppal,2027,Jul-Sep,4632.6432958801415,5724.724190579411,3540.4787424636447,Boduppal,17.4200755,78.5827841
547,Boduppal,2027,Oct-Dec,4731.016629213479,5846.287662030389,3615.660161201778,Boduppal,17.4200755,78.5827841
548,Boduppal,2028,Jan-Mar,4333.761498127338,5355.385187241735,3312.0595476609337,Boduppal,17.4200755,78.5827841
549,Boduppal,2028,Apr-Jun,4516.120449438196,5580.732712026637,3451.426632363576,Boduppal,17.4200755,78.5827841
550,Boduppal,2028,Jul-Sep,4632.6432958801415,5724.724190579411,3540.4787424636447,Boduppal,17.4200755,78.5827841
551,Boduppal,2028,Oct-Dec,4731.016629213479,5846.287662030389,3615.660161201778,Boduppal,17.4200755,78.5827841
552,Boduppal,2029,Jan-Mar,4333.761498127338,5355.385187241735,3312.0595476609337,Boduppal,17.4200755,78.5827841
553,Boduppal,2029,Apr-Jun,4516.120449438196,5580.732712026637,3451.426632363576,Boduppal,17.4200755,78.5827841
554,Boduppal,2029,Jul-Sep,4632.6432958801415,5724.724190579411,3540.4787424636447,Boduppal,17.4200755,78.5827841
555,Boduppal,2029,Oct-Dec,4731.016629213479,5846.287662030389,3615.660161201778,Boduppal,17.4200755,78.5827841
556,Boduppal,2030,Jan-Mar,4333.761498127338,5355.385187241735,3312.0595476609337,Boduppal,17.4200755,78.5827841
557,Boduppal,2030,Apr-Jun,4516.120449438196,5580.732712026637,3451.426632363576,Boduppal,17.4200755,78.5827841
558,Boduppal,2030,Jul-Sep,4632.6432958801415,5724.724190579411,3540.4787424636447,Boduppal,17.4200755,78.5827841
559,Boduppal,2030,Oct-Dec,4731.016629213479,5846.287662030389,3615.660161201778,Boduppal,17.4200755,78.5827841
560,Bolarum,2024,Jan-Mar,4808.94621722846,5609.505145740797,4007.69833955217,Bolarum,17.529823,78.5155062
561,Bolarum,2024,Apr-Jun,4859.391460674152,5668.348152067834,4049.7385931260856,Bolarum,17.529823,78.5155062
562,Bolarum,2024,Jul-Sep,5128.411086142318,5982.152238285846,4273.935217000387,Bolarum,17.529823,78.5155062
563,Bolarum,2024,Oct-Dec,5118.277453183517,5970.331630680837,4265.490010473202,Bolarum,17.529823,78.5155062
564,Bolarum,2025,Jan-Mar,4808.94621722846,5609.505145740797,4007.69833955217,Bolarum,17.529823,78.5155062
565,Bolarum,2025,Apr-Jun,4859.391460674152,5668.348152067834,4049.7385931260856,Bolarum,17.529823,78.5155062
566,Bolarum,2025,Jul-Sep,5128.411086142318,5982.152238285846,4273.935217000387,Bolarum,17.529823,78.5155062
567,Bolarum,2025,Oct-Dec,5118.277453183517,5970.331630680837,4265.490010473202,Bolarum,17.529823,78.5155062
568,Bolarum,2026,Jan-Mar,4808.94621722846,5609.505145740797,4007.69833955217,Bolarum,17.529823,78.5155062
569,Bolarum,2026,Apr-Jun,4859.391460674152,5668.348152067834,4049.7385931260856,Bolarum,17.529823,78.5155062
570,Bolarum,2026,Jul-Sep,5128.411086142318,5982.152238285846,4273.935217000387,Bolarum,17.529823,78.5155062
571,Bolarum,2026,Oct-Dec,5118.277453183517,5970.331630680837,4265.490010473202,Bolarum,17.529823,78.5155062
572,Bolarum,2027,Jan-Mar,4808.94621722846,5609.505145740797,4007.69833955217,Bolarum,17.529823,78.5155062
573,Bolarum,2027,Apr-Jun,4859.391460674152,5668.348152067834,4049.7385931260856,Bolarum,17.529823,78.5155062
574,Bolarum,2027,Jul-Sep,5128.411086142318,5982.152238285846,4273.935217000387,Bolarum,17.529823,78.5155062
575,Bolarum,2027,Oct-Dec,5118.277453183517,5970.331630680837,4265.490010473202,Bolarum,17.529823,78.5155062
576,Bolarum,2028,Jan-Mar,4808.94621722846,5609.505145740797,4007.69833955217,Bolarum,17.529823,78.5155062
577,Bolarum,2028,Apr-Jun,4859.391460674152,5668.348152067834,4049.7385931260856,Bolarum,17.529823,78.5155062
578,Bolarum,2028,Jul-Sep,5128.411086142318,5982.152238285846,4273.935217000387,Bolarum,17.529823,78.5155062
579,Bolarum,2028,Oct-Dec,5118.277453183517,5970.331630680837,4265.490010473202,Bolarum,17.529823,78.5155062
580,Bolarum,2029,Jan-Mar,4808.94621722846,5609.505145740797,4007.69833955217,Bolarum,17.529823,78.5155062
581,Bolarum,2029,Apr-Jun,4859.391460674152,5668.348152067834,4049.7385931260856,Bolarum,17.529823,78.5155062
582,Bolarum,2029,Jul-Sep,5128.411086142318,5982.152238285846,4273.935217000387,Bolarum,17.529823,78.5155062
583,Bolarum,2029,Oct-Dec,5118.277453183517,5970.331630680837,4265.490010473202,Bolarum,17.529823,78.5155062
584,Bolarum,2030,Jan-Mar,4808.94621722846,5609.505145740797,4007.69833955217,Bolarum,17.529823,78.5155062
585,Bolarum,2030,Apr-Jun,4859.391460674152,5668.348152067834,4049.7385931260856,Bolarum,17.529823,78.5155062
586,Bolarum,2030,Jul-Sep,5128.411086142318,5982.152238285846,4273.935217000387,Bolarum,17.529823,78.5155062
587,Bolarum,2030,Oct-Dec,5118.277453183517,5970.331630680837,4265.490010473202,Bolarum,17.529823,78.5155062
588,Botanical Garden Road,2024,Jan-Mar,8560.981872659166,10953.667403823863,6511.696420598397,Botanical Garden Road,11.014930099966756,76.93197905780566
589,Botanical Garden Road,2024,Apr-Jun,8615.10531835205,11022.917664096243,6552.864063846699,Botanical Garden Road,11.014930099966756,76.93197905780566
590,Botanical Garden Road,2024,Jul-Sep,8710.877902621723,11145.457467368698,6625.7110810997065,Botanical Garden Road,11.014930099966756,76.93197905780566
591,Botanical Garden Road,2024,Oct-Dec,8573.883445692873,10970.174802402606,6521.509678959798,Botanical Garden Road,11.014930099966756,76.93197905780566
592,Botanical Garden Road,2025,Jan-Mar,8560.981872659166,10953.667403823863,6511.696420598397,Botanical Garden Road,11.014930099966756,76.93197905780566
593,Botanical Garden Road,2025,Apr-Jun,8615.10531835205,11022.917664096243,6552.864063846699,Botanical Garden Road,11.014930099966756,76.93197905780566
594,Botanical Garden Road,2025,Jul-Sep,8710.877902621723,11145.457467368698,6625.7110810997065,Botanical Garden Road,11.014930099966756,76.93197905780566
595,Botanical Garden Road,2025,Oct-Dec,8573.883445692873,10970.174802402606,6521.509678959798,Botanical Garden Road,11.014930099966756,76.93197905780566
596,Botanical Garden Road,2026,Jan-Mar,8560.981872659166,10953.667403823863,6511.696420598397,Botanical Garden Road,11.014930099966756,76.93197905780566
597,Botanical Garden Road,2026,Apr-Jun,8615.10531835205,11022.917664096243,6552.864063846699,Botanical Garden Road,11.014930099966756,76.93197905780566
598,Botanical Garden Road,2026,Jul-Sep,8710.877902621723,11145.457467368698,6625.7110810997065,Botanical Garden Road,11.014930099966756,76.93197905780566
599,Botanical Garden Road,2026,Oct-Dec,8573.883445692873,10970.174802402606,6521.509678959798,Botanical Garden Road,11.014930099966756,76.93197905780566
600,Botanical Garden Road,2027,Jan-Mar,8560.981872659166,10953.667403823863,6511.696420598397,Botanical Garden Road,11.014930099966756,76.93197905780566
601,Botanical Garden Road,2027,Apr-Jun,8615.10531835205,11022.917664096243,6552.864063846699,Botanical Garden Road,11.014930099966756,76.93197905780566
602,Botanical Garden Road,2027,Jul-Sep,8710.877902621723,11145.457467368698,6625.7110810997065,Botanical Garden Road,11.014930099966756,76.93197905780566
603,Botanical Garden Road,2027,Oct-Dec,8573.883445692873,10970.174802402606,6521.509678959798,Botanical Garden Road,11.014930099966756,76.93197905780566
604,Botanical Garden Road,2028,Jan-Mar,8560.981872659166,10953.667403823863,6511.696420598397,Botanical Garden Road,11.014930099966756,76.93197905780566
605,Botanical Garden Road,2028,Apr-Jun,8615.10531835205,11022.917664096243,6552.864063846699,Botanical Garden Road,11.014930099966756,76.93197905780566
606,Botanical Garden Road,2028,Jul-Sep,8710.877902621723,11145.457467368698,6625.7110810997065,Botanical Garden Road,11.014930099966756,76.93197905780566
607,Botanical Garden Road,2028,Oct-Dec,8573.883445692873,10970.174802402606,6521.509678959798,Botanical Garden Road,11.014930099966756,76.93197905780566
608,Botanical Garden Road,2029,Jan-Mar,8560.981872659166,10953.667403823863,6511.696420598397,Botanical Garden Road,11.014930099966756,76.93197905780566
609,Botanical Garden Road,2029,Apr-Jun,8615.10531835205,11022.917664096243,6552.864063846699,Botanical Garden Road,11.014930099966756,76.93197905780566
610,Botanical Garden Road,2029,Jul-Sep,8710.877902621723,11145.457467368698,6625.7110810997065,Botanical Garden Road,11.014930099966756,76.93197905780566
611,Botanical Garden Road,2029,Oct-Dec,8573.883445692873,10970.174802402606,6521.509678959798,Botanical Garden Road,11.014930099966756,76.93197905780566
612,Botanical Garden Road,2030,Jan-Mar,8560.981872659166,10953.667403823863,6511.696420598397,Botanical Garden Road,11.014930099966756,76.93197905780566
613,Botanical Garden Road,2030,Apr-Jun,8615.10531835205,11022.917664096243,6552.864063846699,Botanical Garden Road,11.014930099966756,76.93197905780566
614,Botanical Garden Road,2030,Jul-Sep,8710.877902621723,11145.457467368698,6625.7110810997065,Botanical Garden Road,11.014930099966756,76.93197905780566
615,Botanical Garden Road,2030,Oct-Dec,8573.883445692873,10970.174802402606,6521.509678959798,Botanical Garden Road,11.014930099966756,76.93197905780566
616,Bowrampet Road,2024,Jan-Mar,5077.817228464425,6452.773914921501,3789.863844216169,Bowrampet Road,17.5615155,78.4032321
617,Bowrampet Road,2024,Apr-Jun,5086.678352059931,6464.034427976884,3796.477404811751,Bowrampet Road,17.5615155,78.4032321
618,Bowrampet Road,2024,Jul-Sep,5274.944719101126,6703.279018248961,3936.991303880766,Bowrampet Road,17.5615155,78.4032321
619,Bowrampet Road,2024,Oct-Dec,5306.683146067411,6743.611484821536,3960.679497334746,Bowrampet Road,17.5615155,78.4032321
620,Bowrampet Road,2025,Jan-Mar,5077.817228464425,6452.773914921501,3789.863844216169,Bowrampet Road,17.5615155,78.4032321
621,Bowrampet Road,2025,Apr-Jun,5086.678352059931,6464.034427976884,3796.477404811751,Bowrampet Road,17.5615155,78.4032321
622,Bowrampet Road,2025,Jul-Sep,5274.944719101126,6703.279018248961,3936.991303880766,Bowrampet Road,17.5615155,78.4032321
623,Bowrampet Road,2025,Oct-Dec,5306.683146067411,6743.611484821536,3960.679497334746,Bowrampet Road,17.5615155,78.4032321
624,Bowrampet Road,2026,Jan-Mar,5077.817228464425,6452.773914921501,3789.863844216169,Bowrampet Road,17.5615155,78.4032321
625,Bowrampet Road,2026,Apr-Jun,5086.678352059931,6464.034427976884,3796.477404811751,Bowrampet Road,17.5615155,78.4032321
626,Bowrampet Road,2026,Jul-Sep,5274.944719101126,6703.279018248961,3936.991303880766,Bowrampet Road,17.5615155,78.4032321
627,Bowrampet Road,2026,Oct-Dec,5306.683146067411,6743.611484821536,3960.679497334746,Bowrampet Road,17.5615155,78.4032321
628,Bowrampet Road,2027,Jan-Mar,5077.817228464425,6452.773914921501,3789.863844216169,Bowrampet Road,17.5615155,78.4032321
629,Bowrampet Road,2027,Apr-Jun,5086.678352059931,6464.034427976884,3796.477404811751,Bowrampet Road,17.5615155,78.4032321
630,Bowrampet Road,2027,Jul-Sep,5274.944719101126,6703.279018248961,3936.991303880766,Bowrampet Road,17.5615155,78.4032321
631,Bowrampet Road,2027,Oct-Dec,5306.683146067411,6743.611484821536,3960.679497334746,Bowrampet Road,17.5615155,78.4032321
632,Bowrampet Road,2028,Jan-Mar,5077.817228464425,6452.773914921501,3789.863844216169,Bowrampet Road,17.5615155,78.4032321
633,Bowrampet Road,2028,Apr-Jun,5086.678352059931,6464.034427976884,3796.477404811751,Bowrampet Road,17.5615155,78.4032321
634,Bowrampet Road,2028,Jul-Sep,5274.944719101126,6703.279018248961,3936.991303880766,Bowrampet Road,17.5615155,78.4032321
635,Bowrampet Road,2028,Oct-Dec,5306.683146067411,6743.611484821536,3960.679497334746,Bowrampet Road,17.5615155,78.4032321
636,Bowrampet Road,2029,Jan-Mar,5077.817228464425,6452.773914921501,3789.863844216169,Bowrampet Road,17.5615155,78.4032321
637,Bowrampet Road,2029,Apr-Jun,5086.678352059931,6464.034427976884,3796.477404811751,Bowrampet Road,17.5615155,78.4032321
638,Bowrampet Road,2029,Jul-Sep,5274.944719101126,6703.279018248961,3936.991303880766,Bowrampet Road,17.5615155,78.4032321
639,Bowrampet Road,2029,Oct-Dec,5306.683146067411,6743.611484821536,3960.679497334746,Bowrampet Road,17.5615155,78.4032321
640,Bowrampet Road,2030,Jan-Mar,5077.817228464425,6452.773914921501,3789.863844216169,Bowrampet Road,17.5615155,78.4032321
641,Bowrampet Road,2030,Apr-Jun,5086.678352059931,6464.034427976884,3796.477404811751,Bowrampet Road,17.5615155,78.4032321
642,Bowrampet Road,2030,Jul-Sep,5274.944719101126,6703.279018248961,3936.991303880766,Bowrampet Road,17.5615155,78.4032321
643,Bowrampet Road,2030,Oct-Dec,5306.683146067411,6743.611484821536,3960.679497334746,Bowrampet Road,17.5615155,78.4032321
644,Chakripuram Road,2024,Jan-Mar,4612.94262172284,5463.188475284397,3398.8084678741584,Chakripuram Road,,
645,Chakripuram Road,2024,Apr-Jun,4577.591011235948,5421.320945849878,3372.7614599382646,Chakripuram Road,,
646,Chakripuram Road,2024,Jul-Sep,4589.582322097374,5435.522464635999,3381.596637879738,Chakripuram Road,,
647,Chakripuram Road,2024,Oct-Dec,4588.764943820227,5434.554429273358,3380.994394921687,Chakripuram Road,,
648,Chakripuram Road,2025,Jan-Mar,4612.94262172284,5463.188475284397,3398.8084678741584,Chakripuram Road,,
649,Chakripuram Road,2025,Apr-Jun,4577.591011235948,5421.320945849878,3372.7614599382646,Chakripuram Road,,
650,Chakripuram Road,2025,Jul-Sep,4589.582322097374,5435.522464635999,3381.596637879738,Chakripuram Road,,
651,Chakripuram Road,2025,Oct-Dec,4588.764943820227,5434.554429273358,3380.994394921687,Chakripuram Road,,
652,Chakripuram Road,2026,Jan-Mar,4612.94262172284,5463.188475284397,3398.8084678741584,Chakripuram Road,,
653,Chakripuram Road,2026,Apr-Jun,4577.591011235948,5421.320945849878,3372.7614599382646,Chakripuram Road,,
654,Chakripuram Road,2026,Jul-Sep,4589.582322097374,5435.522464635999,3381.596637879738,Chakripuram Road,,
655,Chakripuram Road,2026,Oct-Dec,4588.764943820227,5434.554429273358,3380.994394921687,Chakripuram Road,,
656,Chakripuram Road,2027,Jan-Mar,4612.94262172284,5463.188475284397,3398.8084678741584,Chakripuram Road,,
657,Chakripuram Road,2027,Apr-Jun,4577.591011235948,5421.320945849878,3372.7614599382646,Chakripuram Road,,
658,Chakripuram Road,2027,Jul-Sep,4589.582322097374,5435.522464635999,3381.596637879738,Chakripuram Road,,
659,Chakripuram Road,2027,Oct-Dec,4588.764943820227,5434.554429273358,3380.994394921687,Chakripuram Road,,
660,Chakripuram Road,2028,Jan-Mar,4612.94262172284,5463.188475284397,3398.8084678741584,Chakripuram Road,,
661,Chakripuram Road,2028,Apr-Jun,4577.591011235948,5421.320945849878,3372.7614599382646,Chakripuram Road,,
662,Chakripuram Road,2028,Jul-Sep,4589.582322097374,5435.522464635999,3381.596637879738,Chakripuram Road,,
663,Chakripuram Road,2028,Oct-Dec,4588.764943820227,5434.554429273358,3380.994394921687,Chakripuram Road,,
664,Chakripuram Road,2029,Jan-Mar,4612.94262172284,5463.188475284397,3398.8084678741584,Chakripuram Road,,
665,Chakripuram Road,2029,Apr-Jun,4577.591011235948,5421.320945849878,3372.7614599382646,Chakripuram Road,,
666,Chakripuram Road,2029,Jul-Sep,4589.582322097374,5435.522464635999,3381.596637879738,Chakripuram Road,,
667,Chakripuram Road,2029,Oct-Dec,4588.764943820227,5434.554429273358,3380.994394921687,Chakripuram Road,,
668,Chakripuram Road,2030,Jan-Mar,4612.94262172284,5463.188475284397,3398.8084678741584,Chakripuram Road,,
669,Chakripuram Road,2030,Apr-Jun,4577.591011235948,5421.320945849878,3372.7614599382646,Chakripuram Road,,
670,Chakripuram Road,2030,Jul-Sep,4589.582322097374,5435.522464635999,3381.596637879738,Chakripuram Road,,
671,Chakripuram Road,2030,Oct-Dec,4588.764943820227,5434.554429273358,3380.994394921687,Chakripuram Road,,
672,Chanda Nagar,2024,Jan-Mar,5278.882996254681,6321.899986611019,4235.767779501925,Chanda Nagar,17.373791,78.2612479
673,Chanda Nagar,2024,Apr-Jun,5312.646292134828,6362.33433227166,4262.859397353729,Chanda Nagar,17.373791,78.2612479
674,Chanda Nagar,2024,Jul-Sep,5440.956104868921,6515.995969398537,4365.814998180382,Chanda Nagar,17.373791,78.2612479
675,Chanda Nagar,2024,Oct-Dec,5473.64194756555,6555.139975555294,4392.042069217659,Chanda Nagar,17.373791,78.2612479
676,Chanda Nagar,2025,Jan-Mar,5278.882996254681,6321.899986611019,4235.767779501925,Chanda Nagar,17.373791,78.2612479
677,Chanda Nagar,2025,Apr-Jun,5312.646292134828,6362.33433227166,4262.859397353729,Chanda Nagar,17.373791,78.2612479
678,Chanda Nagar,2025,Jul-Sep,5440.956104868921,6515.995969398537,4365.814998180382,Chanda Nagar,17.373791,78.2612479
679,Chanda Nagar,2025,Oct-Dec,5473.64194756555,6555.139975555294,4392.042069217659,Chanda Nagar,17.373791,78.2612479
680,Chanda Nagar,2026,Jan-Mar,5278.882996254681,6321.899986611019,4235.767779501925,Chanda Nagar,17.373791,78.2612479
681,Chanda Nagar,2026,Apr-Jun,5312.646292134828,6362.33433227166,4262.859397353729,Chanda Nagar,17.373791,78.2612479
682,Chanda Nagar,2026,Jul-Sep,5440.956104868921,6515.995969398537,4365.814998180382,Chanda Nagar,17.373791,78.2612479
683,Chanda Nagar,2026,Oct-Dec,5473.64194756555,6555.139975555294,4392.042069217659,Chanda Nagar,17.373791,78.2612479
684,Chanda Nagar,2027,Jan-Mar,5278.882996254681,6321.899986611019,4235.767779501925,Chanda Nagar,17.373791,78.2612479
685,Chanda Nagar,2027,Apr-Jun,5312.646292134828,6362.33433227166,4262.859397353729,Chanda Nagar,17.373791,78.2612479
686,Chanda Nagar,2027,Jul-Sep,5440.956104868921,6515.995969398537,4365.814998180382,Chanda Nagar,17.373791,78.2612479
687,Chanda Nagar,2027,Oct-Dec,5473.64194756555,6555.139975555294,4392.042069217659,Chanda Nagar,17.373791,78.2612479
688,Chanda Nagar,2028,Jan-Mar,5278.882996254681,6321.899986611019,4235.767779501925,Chanda Nagar,17.373791,78.2612479
689,Chanda Nagar,2028,Apr-Jun,5312.646292134828,6362.33433227166,4262.859397353729,Chanda Nagar,17.373791,78.2612479
690,Chanda Nagar,2028,Jul-Sep,5440.956104868921,6515.995969398537,4365.814998180382,Chanda Nagar,17.373791,78.2612479
691,Chanda Nagar,2028,Oct-Dec,5473.64194756555,6555.139975555294,4392.042069217659,Chanda Nagar,17.373791,78.2612479
692,Chanda Nagar,2029,Jan-Mar,5278.882996254681,6321.899986611019,4235.767779501925,Chanda Nagar,17.373791,78.2612479
693,Chanda Nagar,2029,Apr-Jun,5312.646292134828,6362.33433227166,4262.859397353729,Chanda Nagar,17.373791,78.2612479
694,Chanda Nagar,2029,Jul-Sep,5440.956104868921,6515.995969398537,4365.814998180382,Chanda Nagar,17.373791,78.2612479
695,Chanda Nagar,2029,Oct-Dec,5473.64194756555,6555.139975555294,4392.042069217659,Chanda Nagar,17.373791,78.2612479
696,Chanda Nagar,2030,Jan-Mar,5278.882996254681,6321.899986611019,4235.767779501925,Chanda Nagar,17.373791,78.2612479
697,Chanda Nagar,2030,Apr-Jun,5312.646292134828,6362.33433227166,4262.859397353729,Chanda Nagar,17.373791,78.2612479
698,Chanda Nagar,2030,Jul-Sep,5440.956104868921,6515.995969398537,4365.814998180382,Chanda Nagar,17.373791,78.2612479
699,Chanda Nagar,2030,Oct-Dec,5473.64194756555,6555.139975555294,4392.042069217659,Chanda Nagar,17.373791,78.2612479
700,Dilsukhnagar,2024,Jan-Mar,5010.92224719101,6166.931641769076,3849.116683846133,Dilsukhnagar,17.3684129,78.5245602
701,Dilsukhnagar,2024,Apr-Jun,5266.603745318347,6481.598332496575,4045.5172407983778,Dilsukhnagar,17.3684129,78.5245602
702,Dilsukhnagar,2024,Jul-Sep,5340.019176029968,6571.950551173166,4101.910963403485,Dilsukhnagar,17.3684129,78.5245602
703,Dilsukhnagar,2024,Oct-Dec,5339.814831460684,6571.699064734548,4101.753997070327,Dilsukhnagar,17.3684129,78.5245602
704,Dilsukhnagar,2025,Jan-Mar,5010.92224719101,6166.931641769076,3849.116683846133,Dilsukhnagar,17.3684129,78.5245602
705,Dilsukhnagar,2025,Apr-Jun,5266.603745318347,6481.598332496575,4045.5172407983778,Dilsukhnagar,17.3684129,78.5245602
706,Dilsukhnagar,2025,Jul-Sep,5340.019176029968,6571.950551173166,4101.910963403485,Dilsukhnagar,17.3684129,78.5245602
707,Dilsukhnagar,2025,Oct-Dec,5339.814831460684,6571.699064734548,4101.753997070327,Dilsukhnagar,17.3684129,78.5245602
708,Dilsukhnagar,2026,Jan-Mar,5010.92224719101,6166.931641769076,3849.116683846133,Dilsukhnagar,17.3684129,78.5245602
709,Dilsukhnagar,2026,Apr-Jun,5266.603745318347,6481.598332496575,4045.5172407983778,Dilsukhnagar,17.3684129,78.5245602
710,Dilsukhnagar,2026,Jul-Sep,5340.019176029968,6571.950551173166,4101.910963403485,Dilsukhnagar,17.3684129,78.5245602
711,Dilsukhnagar,2026,Oct-Dec,5339.814831460684,6571.699064734548,4101.753997070327,Dilsukhnagar,17.3684129,78.5245602
712,Dilsukhnagar,2027,Jan-Mar,5010.92224719101,6166.931641769076,3849.116683846133,Dilsukhnagar,17.3684129,78.5245602
713,Dilsukhnagar,2027,Apr-Jun,5266.603745318347,6481.598332496575,4045.5172407983778,Dilsukhnagar,17.3684129,78.5245602
714,Dilsukhnagar,2027,Jul-Sep,5340.019176029968,6571.950551173166,4101.910963403485,Dilsukhnagar,17.3684129,78.5245602
715,Dilsukhnagar,2027,Oct-Dec,5339.814831460684,6571.699064734548,4101.753997070327,Dilsukhnagar,17.3684129,78.5245602
716,Dilsukhnagar,2028,Jan-Mar,5010.92224719101,6166.931641769076,3849.116683846133,Dilsukhnagar,17.3684129,78.5245602
717,Dilsukhnagar,2028,Apr-Jun,5266.603745318347,6481.598332496575,4045.5172407983778,Dilsukhnagar,17.3684129,78.5245602
718,Dilsukhnagar,2028,Jul-Sep,5340.019176029968,6571.950551173166,4101.910963403485,Dilsukhnagar,17.3684129,78.5245602
719,Dilsukhnagar,2028,Oct-Dec,5339.814831460684,6571.699064734548,4101.753997070327,Dilsukhnagar,17.3684129,78.5245602
720,Dilsukhnagar,2029,Jan-Mar,5010.92224719101,6166.931641769076,3849.116683846133,Dilsukhnagar,17.3684129,78.5245602
721,Dilsukhnagar,2029,Apr-Jun,5266.603745318347,6481.598332496575,4045.5172407983778,Dilsukhnagar,17.3684129,78.5245602
722,Dilsukhnagar,2029,Jul-Sep,5340.019176029968,6571.950551173166,4101.910963403485,Dilsukhnagar,17.3684129,78.5245602
723,Dilsukhnagar,2029,Oct-Dec,5339.814831460684,6571.699064734548,4101.753997070327,Dilsukhnagar,17.3684129,78.5245602
724,Dilsukhnagar,2030,Jan-Mar,5010.92224719101,6166.931641769076,3849.116683846133,Dilsukhnagar,17.3684129,78.5245602
725,Dilsukhnagar,2030,Apr-Jun,5266.603745318347,6481.598332496575,4045.5172407983778,Dilsukhnagar,17.3684129,78.5245602
726,Dilsukhnagar,2030,Jul-Sep,5340.019176029968,6571.950551173166,4101.910963403485,Dilsukhnagar,17.3684129,78.5245602
727,Dilsukhnagar,2030,Oct-Dec,5339.814831460684,6571.699064734548,4101.753997070327,Dilsukhnagar,17.3684129,78.5245602
728,Dr AS Rao Nagar Road,2024,Jan-Mar,4427.100524344563,5456.887350801624,3429.54888506343,Dr AS Rao Nagar Road,17.4734046,78.5577717
729,Dr AS Rao Nagar Road,2024,Apr-Jun,4477.768689138569,5519.341425659948,3468.800071505197,Dr AS Rao Nagar Road,17.4734046,78.5577717
730,Dr AS Rao Nagar Road,2024,Jul-Sep,4562.58097378277,5623.881876169833,3534.5017366564,Dr AS Rao Nagar Road,17.4734046,78.5577717
731,Dr AS Rao Nagar Road,2024,Oct-Dec,4545.425318352059,5602.735647707261,3521.2117382406445,Dr AS Rao Nagar Road,17.4734046,78.5577717
732,Dr AS Rao Nagar Road,2025,Jan-Mar,4427.100524344563,5456.887350801624,3429.54888506343,Dr AS Rao Nagar Road,17.4734046,78.5577717
733,Dr AS Rao Nagar Road,2025,Apr-Jun,4477.768689138569,5519.341425659948,3468.800071505197,Dr AS Rao Nagar Road,17.4734046,78.5577717
734,Dr AS Rao Nagar Road,2025,Jul-Sep,4562.58097378277,5623.881876169833,3534.5017366564,Dr AS Rao Nagar Road,17.4734046,78.5577717
735,Dr AS Rao Nagar Road,2025,Oct-Dec,4545.425318352059,5602.735647707261,3521.2117382406445,Dr AS Rao Nagar Road,17.4734046,78.5577717
736,Dr AS Rao Nagar Road,2026,Jan-Mar,4427.100524344563,5456.887350801624,3429.54888506343,Dr AS Rao Nagar Road,17.4734046,78.5577717
737,Dr AS Rao Nagar Road,2026,Apr-Jun,4477.768689138569,5519.341425659948,3468.800071505197,Dr AS Rao Nagar Road,17.4734046,78.5577717
738,Dr AS Rao Nagar Road,2026,Jul-Sep,4562.58097378277,5623.881876169833,3534.5017366564,Dr AS Rao Nagar Road,17.4734046,78.5577717
739,Dr AS Rao Nagar Road,2026,Oct-Dec,4545.425318352059,5602.735647707261,3521.2117382406445,Dr AS Rao Nagar Road,17.4734046,78.5577717
740,Dr AS Rao Nagar Road,2027,Jan-Mar,4427.100524344563,5456.887350801624,3429.54888506343,Dr AS Rao Nagar Road,17.4734046,78.5577717
741,Dr AS Rao Nagar Road,2027,Apr-Jun,4477.768689138569,5519.341425659948,3468.800071505197,Dr AS Rao Nagar Road,17.4734046,78.5577717
742,Dr AS Rao Nagar Road,2027,Jul-Sep,4562.58097378277,5623.881876169833,3534.5017366564,Dr AS Rao Nagar Road,17.4734046,78.5577717
743,Dr AS Rao Nagar Road,2027,Oct-Dec,4545.425318352059,5602.735647707261,3521.2117382406445,Dr AS Rao Nagar Road,17.4734046,78.5577717
744,Dr AS Rao Nagar Road,2028,Jan-Mar,4427.100524344563,5456.887350801624,3429.54888506343,Dr AS Rao Nagar Road,17.4734046,78.5577717
745,Dr AS Rao Nagar Road,2028,Apr-Jun,4477.768689138569,5519.341425659948,3468.800071505197,Dr AS Rao Nagar Road,17.4734046,78.5577717
746,Dr AS Rao Nagar Road,2028,Jul-Sep,4562.58097378277,5623.881876169833,3534.5017366564,Dr AS Rao Nagar Road,17.4734046,78.5577717
747,Dr AS Rao Nagar Road,2028,Oct-Dec,4545.425318352059,5602.735647707261,3521.2117382406445,Dr AS Rao Nagar Road,17.4734046,78.5577717
748,Dr AS Rao Nagar Road,2029,Jan-Mar,4427.100524344563,5456.887350801624,3429.54888506343,Dr AS Rao Nagar Road,17.4734046,78.5577717
749,Dr AS Rao Nagar Road,2029,Apr-Jun,4477.768689138569,5519.341425659948,3468.800071505197,Dr AS Rao Nagar Road,17.4734046,78.5577717
750,Dr AS Rao Nagar Road,2029,Jul-Sep,4562.58097378277,5623.881876169833,3534.5017366564,Dr AS Rao Nagar Road,17.4734046,78.5577717
751,Dr AS Rao Nagar Road,2029,Oct-Dec,4545.425318352059,5602.735647707261,3521.2117382406445,Dr AS Rao Nagar Road,17.4734046,78.5577717
752,Dr AS Rao Nagar Road,2030,Jan-Mar,4427.100524344563,5456.887350801624,3429.54888506343,Dr AS Rao Nagar Road,17.4734046,78.5577717
753,Dr AS Rao Nagar Road,2030,Apr-Jun,4477.768689138569,5519.341425659948,3468.800071505197,Dr AS Rao Nagar Road,17.4734046,78.5577717
754,Dr AS Rao Nagar Road,2030,Jul-Sep,4562.58097378277,5623.881876169833,3534.5017366564,Dr AS Rao Nagar Road,17.4734046,78.5577717
755,Dr AS Rao Nagar Road,2030,Oct-Dec,4545.425318352059,5602.735647707261,3521.2117382406445,Dr AS Rao Nagar Road,17.4734046,78.5577717
756,Dulapally Cross Road,2024,Jan-Mar,4312.546816479397,5178.178751497542,3493.3233509974034,Dulapally Cross Road,,
757,Dulapally Cross Road,2024,Apr-Jun,4326.497977528084,5194.930246327692,3504.6243104394366,Dulapally Cross Road,,
758,Dulapally Cross Road,2024,Jul-Sep,4319.661722846437,5186.721790805062,3499.08668983402,Dulapally Cross Road,,
759,Dulapally Cross Road,2024,Oct-Dec,4296.385018726587,5158.772891973929,3480.2316935878544,Dulapally Cross Road,,
760,Dulapally Cross Road,2025,Jan-Mar,4312.546816479397,5178.178751497542,3493.3233509974034,Dulapally Cross Road,,
761,Dulapally Cross Road,2025,Apr-Jun,4326.497977528084,5194.930246327692,3504.6243104394366,Dulapally Cross Road,,
762,Dulapally Cross Road,2025,Jul-Sep,4319.661722846437,5186.721790805062,3499.08668983402,Dulapally Cross Road,,
763,Dulapally Cross Road,2025,Oct-Dec,4296.385018726587,5158.772891973929,3480.2316935878544,Dulapally Cross Road,,
764,Dulapally Cross Road,2026,Jan-Mar,4312.546816479397,5178.178751497542,3493.3233509974034,Dulapally Cross Road,,
765,Dulapally Cross Road,2026,Apr-Jun,4326.497977528084,5194.930246327692,3504.6243104394366,Dulapally Cross Road,,
766,Dulapally Cross Road,2026,Jul-Sep,4319.661722846437,5186.721790805062,3499.08668983402,Dulapally Cross Road,,
767,Dulapally Cross Road,2026,Oct-Dec,4296.385018726587,5158.772891973929,3480.2316935878544,Dulapally Cross Road,,
768,Dulapally Cross Road,2027,Jan-Mar,4312.546816479397,5178.178751497542,3493.3233509974034,Dulapally Cross Road,,
769,Dulapally Cross Road,2027,Apr-Jun,4326.497977528084,5194.930246327692,3504.6243104394366,Dulapally Cross Road,,
770,Dulapally Cross Road,2027,Jul-Sep,4319.661722846437,5186.721790805062,3499.08668983402,Dulapally Cross Road,,
771,Dulapally Cross Road,2027,Oct-Dec,4296.385018726587,5158.772891973929,3480.2316935878544,Dulapally Cross Road,,
772,Dulapally Cross Road,2028,Jan-Mar,4312.546816479397,5178.178751497542,3493.3233509974034,Dulapally Cross Road,,
773,Dulapally Cross Road,2028,Apr-Jun,4326.497977528084,5194.930246327692,3504.6243104394366,Dulapally Cross Road,,
774,Dulapally Cross Road,2028,Jul-Sep,4319.661722846437,5186.721790805062,3499.08668983402,Dulapally Cross Road,,
775,Dulapally Cross Road,2028,Oct-Dec,4296.385018726587,5158.772891973929,3480.2316935878544,Dulapally Cross Road,,
776,Dulapally Cross Road,2029,Jan-Mar,4312.546816479397,5178.178751497542,3493.3233509974034,Dulapally Cross Road,,
777,Dulapally Cross Road,2029,Apr-Jun,4326.497977528084,5194.930246327692,3504.6243104394366,Dulapally Cross Road,,
778,Dulapally Cross Road,2029,Jul-Sep,4319.661722846437,5186.721790805062,3499.08668983402,Dulapally Cross Road,,
779,Dulapally Cross Road,2029,Oct-Dec,4296.385018726587,5158.772891973929,3480.2316935878544,Dulapally Cross Road,,
780,Dulapally Cross Road,2030,Jan-Mar,4312.546816479397,5178.178751497542,3493.3233509974034,Dulapally Cross Road,,
781,Dulapally Cross Road,2030,Apr-Jun,4326.497977528084,5194.930246327692,3504.6243104394366,Dulapally Cross Road,,
782,Dulapally Cross Road,2030,Jul-Sep,4319.661722846437,5186.721790805062,3499.08668983402,Dulapally Cross Road,,
783,Dulapally Cross Road,2030,Oct-Dec,4296.385018726587,5158.772891973929,3480.2316935878544,Dulapally Cross Road,,
784,ECIL Main Road,2024,Jan-Mar,4184.664269662912,5737.7809033917765,3179.318233382331,ECIL Main Road,17.4873388,78.543434
785,ECIL Main Road,2024,Apr-Jun,4193.228164793998,5749.523244180743,3185.824692726375,ECIL Main Road,17.4873388,78.543434
786,ECIL Main Road,2024,Jul-Sep,4207.49513108614,5769.085321677339,3196.6640870348965,ECIL Main Road,17.4873388,78.543434
787,ECIL Main Road,2024,Oct-Dec,4222.635205992508,5789.844557562391,3208.166829693023,ECIL Main Road,17.4873388,78.543434
788,ECIL Main Road,2025,Jan-Mar,4184.664269662912,5737.7809033917765,3179.318233382331,ECIL Main Road,17.4873388,78.543434
789,ECIL Main Road,2025,Apr-Jun,4193.228164793998,5749.523244180743,3185.824692726375,ECIL Main Road,17.4873388,78.543434
790,ECIL Main Road,2025,Jul-Sep,4207.49513108614,5769.085321677339,3196.6640870348965,ECIL Main Road,17.4873388,78.543434
791,ECIL Main Road,2025,Oct-Dec,4222.635205992508,5789.844557562391,3208.166829693023,ECIL Main Road,17.4873388,78.543434
792,ECIL Main Road,2026,Jan-Mar,4184.664269662912,5737.7809033917765,3179.318233382331,ECIL Main Road,17.4873388,78.543434
793,ECIL Main Road,2026,Apr-Jun,4193.228164793998,5749.523244180743,3185.824692726375,ECIL Main Road,17.4873388,78.543434
794,ECIL Main Road,2026,Jul-Sep,4207.49513108614,5769.085321677339,3196.6640870348965,ECIL Main Road,17.4873388,78.543434
795,ECIL Main Road,2026,Oct-Dec,4222.635205992508,5789.844557562391,3208.166829693023,ECIL Main Road,17.4873388,78.543434
796,ECIL Main Road,2027,Jan-Mar,4184.664269662912,5737.7809033917765,3179.318233382331,ECIL Main Road,17.4873388,78.543434
797,ECIL Main Road,2027,Apr-Jun,4193.228164793998,5749.523244180743,3185.824692726375,ECIL Main Road,17.4873388,78.543434
798,ECIL Main Road,2027,Jul-Sep,4207.49513108614,5769.085321677339,3196.6640870348965,ECIL Main Road,17.4873388,78.543434
799,ECIL Main Road,2027,Oct-Dec,4222.635205992508,5789.844557562391,3208.166829693023,ECIL Main Road,17.4873388,78.543434
800,ECIL Main Road,2028,Jan-Mar,4184.664269662912,5737.7809033917765,3179.318233382331,ECIL Main Road,17.4873388,78.543434
801,ECIL Main Road,2028,Apr-Jun,4193.228164793998,5749.523244180743,3185.824692726375,ECIL Main Road,17.4873388,78.543434
802,ECIL Main Road,2028,Jul-Sep,4207.49513108614,5769.085321677339,3196.6640870348965,ECIL Main Road,17.4873388,78.543434
803,ECIL Main Road,2028,Oct-Dec,4222.635205992508,5789.844557562391,3208.166829693023,ECIL Main Road,17.4873388,78.543434
804,ECIL Main Road,2029,Jan-Mar,4184.664269662912,5737.7809033917765,3179.318233382331,ECIL Main Road,17.4873388,78.543434
805,ECIL Main Road,2029,Apr-Jun,4193.228164793998,5749.523244180743,3185.824692726375,ECIL Main Road,17.4873388,78.543434
806,ECIL Main Road,2029,Jul-Sep,4207.49513108614,5769.085321677339,3196.6640870348965,ECIL Main Road,17.4873388,78.543434
807,ECIL Main Road,2029,Oct-Dec,4222.635205992508,5789.844557562391,3208.166829693023,ECIL Main Road,17.4873388,78.543434
808,ECIL Main Road,2030,Jan-Mar,4184.664269662912,5737.7809033917765,3179.318233382331,ECIL Main Road,17.4873388,78.543434
809,ECIL Main Road,2030,Apr-Jun,4193.228164793998,5749.523244180743,3185.824692726375,ECIL Main Road,17.4873388,78.543434
810,ECIL Main Road,2030,Jul-Sep,4207.49513108614,5769.085321677339,3196.6640870348965,ECIL Main Road,17.4873388,78.543434
811,ECIL Main Road,2030,Oct-Dec,4222.635205992508,5789.844557562391,3208.166829693023,ECIL Main Road,17.4873388,78.543434
812,East Anandbagh Main Road,2024,Jan-Mar,4535.013033707866,5428.551876059171,3265.579163714185,East Anandbagh Main Road,,
813,East Anandbagh Main Road,2024,Apr-Jun,4538.394007490638,5432.599007001233,3268.013740518269,East Anandbagh Main Road,,
814,East Anandbagh Main Road,2024,Jul-Sep,4498.175280898878,5384.455938377259,3239.052977986174,East Anandbagh Main Road,,
815,East Anandbagh Main Road,2024,Oct-Dec,4393.894531835208,5259.628633194501,3163.962335734943,East Anandbagh Main Road,,
816,East Anandbagh Main Road,2025,Jan-Mar,4535.013033707866,5428.551876059171,3265.579163714185,East Anandbagh Main Road,,
817,East Anandbagh Main Road,2025,Apr-Jun,4538.394007490638,5432.599007001233,3268.013740518269,East Anandbagh Main Road,,
818,East Anandbagh Main Road,2025,Jul-Sep,4498.175280898878,5384.455938377259,3239.052977986174,East Anandbagh Main Road,,
819,East Anandbagh Main Road,2025,Oct-Dec,4393.894531835208,5259.628633194501,3163.962335734943,East Anandbagh Main Road,,
820,East Anandbagh Main Road,2026,Jan-Mar,4535.013033707866,5428.551876059171,3265.579163714185,East Anandbagh Main Road,,
821,East Anandbagh Main Road,2026,Apr-Jun,4538.394007490638,5432.599007001233,3268.013740518269,East Anandbagh Main Road,,
822,East Anandbagh Main Road,2026,Jul-Sep,4498.175280898878,5384.455938377259,3239.052977986174,East Anandbagh Main Road,,
823,East Anandbagh Main Road,2026,Oct-Dec,4393.894531835208,5259.628633194501,3163.962335734943,East Anandbagh Main Road,,
824,East Anandbagh Main Road,2027,Jan-Mar,4535.013033707866,5428.551876059171,3265.579163714185,East Anandbagh Main Road,,
825,East Anandbagh Main Road,2027,Apr-Jun,4538.394007490638,5432.599007001233,3268.013740518269,East Anandbagh Main Road,,
826,East Anandbagh Main Road,2027,Jul-Sep,4498.175280898878,5384.455938377259,3239.052977986174,East Anandbagh Main Road,,
827,East Anandbagh Main Road,2027,Oct-Dec,4393.894531835208,5259.628633194501,3163.962335734943,East Anandbagh Main Road,,
828,East Anandbagh Main Road,2028,Jan-Mar,4535.013033707866,5428.551876059171,3265.579163714185,East Anandbagh Main Road,,
829,East Anandbagh Main Road,2028,Apr-Jun,4538.394007490638,5432.599007001233,3268.013740518269,East Anandbagh Main Road,,
830,East Anandbagh Main Road,2028,Jul-Sep,4498.175280898878,5384.455938377259,3239.052977986174,East Anandbagh Main Road,,
831,East Anandbagh Main Road,2028,Oct-Dec,4393.894531835208,5259.628633194501,3163.962335734943,East Anandbagh Main Road,,
832,East Anandbagh Main Road,2029,Jan-Mar,4535.013033707866,5428.551876059171,3265.579163714185,East Anandbagh Main Road,,
833,East Anandbagh Main Road,2029,Apr-Jun,4538.394007490638,5432.599007001233,3268.013740518269,East Anandbagh Main Road,,
834,East Anandbagh Main Road,2029,Jul-Sep,4498.175280898878,5384.455938377259,3239.052977986174,East Anandbagh Main Road,,
835,East Anandbagh Main Road,2029,Oct-Dec,4393.894531835208,5259.628633194501,3163.962335734943,East Anandbagh Main Road,,
836,East Anandbagh Main Road,2030,Jan-Mar,4535.013033707866,5428.551876059171,3265.579163714185,East Anandbagh Main Road,,
837,East Anandbagh Main Road,2030,Apr-Jun,4538.394007490638,5432.599007001233,3268.013740518269,East Anandbagh Main Road,,
838,East Anandbagh Main Road,2030,Jul-Sep,4498.175280898878,5384.455938377259,3239.052977986174,East Anandbagh Main Road,,
839,East Anandbagh Main Road,2030,Oct-Dec,4393.894531835208,5259.628633194501,3163.962335734943,East Anandbagh Main Road,,
840,East Maredpally Road,2024,Jan-Mar,5715.864569288383,7482.559225439348,4179.154384496419,East Maredpally Road,,
841,East Maredpally Road,2024,Apr-Jun,5967.449887640439,7811.906084868986,4363.100990214689,East Maredpally Road,,
842,East Maredpally Road,2024,Jul-Sep,5691.761198501862,7451.005836226468,4161.531204926198,East Maredpally Road,,
843,East Maredpally Road,2024,Oct-Dec,5639.01243445692,7381.953159024191,4122.963946051723,East Maredpally Road,,
844,East Maredpally Road,2025,Jan-Mar,5715.864569288383,7482.559225439348,4179.154384496419,East Maredpally Road,,
845,East Maredpally Road,2025,Apr-Jun,5967.449887640439,7811.906084868986,4363.100990214689,East Maredpally Road,,
846,East Maredpally Road,2025,Jul-Sep,5691.761198501862,7451.005836226468,4161.531204926198,East Maredpally Road,,
847,East Maredpally Road,2025,Oct-Dec,5639.01243445692,7381.953159024191,4122.963946051723,East Maredpally Road,,
848,East Maredpally Road,2026,Jan-Mar,5715.864569288383,7482.559225439348,4179.154384496419,East Maredpally Road,,
849,East Maredpally Road,2026,Apr-Jun,5967.449887640439,7811.906084868986,4363.100990214689,East Maredpally Road,,
850,East Maredpally Road,2026,Jul-Sep,5691.761198501862,7451.005836226468,4161.531204926198,East Maredpally Road,,
851,East Maredpally Road,2026,Oct-Dec,5639.01243445692,7381.953159024191,4122.963946051723,East Maredpally Road,,
852,East Maredpally Road,2027,Jan-Mar,5715.864569288383,7482.559225439348,4179.154384496419,East Maredpally Road,,
853,East Maredpally Road,2027,Apr-Jun,5967.449887640439,7811.906084868986,4363.100990214689,East Maredpally Road,,
854,East Maredpally Road,2027,Jul-Sep,5691.761198501862,7451.005836226468,4161.531204926198,East Maredpally Road,,
855,East Maredpally Road,2027,Oct-Dec,5639.01243445692,7381.953159024191,4122.963946051723,East Maredpally Road,,
856,East Maredpally Road,2028,Jan-Mar,5715.864569288383,7482.559225439348,4179.154384496419,East Maredpally Road,,
857,East Maredpally Road,2028,Apr-Jun,5967.449887640439,7811.906084868986,4363.100990214689,East Maredpally Road,,
858,East Maredpally Road,2028,Jul-Sep,5691.761198501862,7451.005836226468,4161.531204926198,East Maredpally Road,,
859,East Maredpally Road,2028,Oct-Dec,5639.01243445692,7381.953159024191,4122.963946051723,East Maredpally Road,,
860,East Maredpally Road,2029,Jan-Mar,5715.864569288383,7482.559225439348,4179.154384496419,East Maredpally Road,,
861,East Maredpally Road,2029,Apr-Jun,5967.449887640439,7811.906084868986,4363.100990214689,East Maredpally Road,,
862,East Maredpally Road,2029,Jul-Sep,5691.761198501862,7451.005836226468,4161.531204926198,East Maredpally Road,,
863,East Maredpally Road,2029,Oct-Dec,5639.01243445692,7381.953159024191,4122.963946051723,East Maredpally Road,,
864,East Maredpally Road,2030,Jan-Mar,5715.864569288383,7482.559225439348,4179.154384496419,East Maredpally Road,,
865,East Maredpally Road,2030,Apr-Jun,5967.449887640439,7811.906084868986,4363.100990214689,East Maredpally Road,,
866,East Maredpally Road,2030,Jul-Sep,5691.761198501862,7451.005836226468,4161.531204926198,East Maredpally Road,,
867,East Maredpally Road,2030,Oct-Dec,5639.01243445692,7381.953159024191,4122.963946051723,East Maredpally Road,,
868,Financial District,2024,Jan-Mar,8559.876554307113,10319.680916534166,6800.154998609434,Financial District,43.6486382,-79.3802817
869,Financial District,2024,Apr-Jun,8822.412883895135,10636.191456511891,7008.719657531559,Financial District,43.6486382,-79.3802817
870,Financial District,2024,Jul-Sep,8972.912659176043,10817.632117373712,7128.280003136206,Financial District,43.6486382,-79.3802817
871,Financial District,2024,Oct-Dec,9208.410486891387,11101.545375134005,7315.364678965364,Financial District,43.6486382,-79.3802817
872,Financial District,2025,Jan-Mar,8559.876554307113,10319.680916534166,6800.154998609434,Financial District,43.6486382,-79.3802817
873,Financial District,2025,Apr-Jun,8822.412883895135,10636.191456511891,7008.719657531559,Financial District,43.6486382,-79.3802817
874,Financial District,2025,Jul-Sep,8972.912659176043,10817.632117373712,7128.280003136206,Financial District,43.6486382,-79.3802817
875,Financial District,2025,Oct-Dec,9208.410486891387,11101.545375134005,7315.364678965364,Financial District,43.6486382,-79.3802817
876,Financial District,2026,Jan-Mar,8559.876554307113,10319.680916534166,6800.154998609434,Financial District,43.6486382,-79.3802817
877,Financial District,2026,Apr-Jun,8822.412883895135,10636.191456511891,7008.719657531559,Financial District,43.6486382,-79.3802817
878,Financial District,2026,Jul-Sep,8972.912659176043,10817.632117373712,7128.280003136206,Financial District,43.6486382,-79.3802817
879,Financial District,2026,Oct-Dec,9208.410486891387,11101.545375134005,7315.364678965364,Financial District,43.6486382,-79.3802817
880,Financial District,2027,Jan-Mar,8559.876554307113,10319.680916534166,6800.154998609434,Financial District,43.6486382,-79.3802817
881,Financial District,2027,Apr-Jun,8822.412883895135,10636.191456511891,7008.719657531559,Financial District,43.6486382,-79.3802817
882,Financial District,2027,Jul-Sep,8972.912659176043,10817.632117373712,7128.280003136206,Financial District,43.6486382,-79.3802817
883,Financial District,2027,Oct-Dec,9208.410486891387,11101.545375134005,7315.364678965364,Financial District,43.6486382,-79.3802817
884,Financial District,2028,Jan-Mar,8559.876554307113,10319.680916534166,6800.154998609434,Financial District,43.6486382,-79.3802817
885,Financial District,2028,Apr-Jun,8822.412883895135,10636.191456511891,7008.719657531559,Financial District,43.6486382,-79.3802817
886,Financial District,2028,Jul-Sep,8972.912659176043,10817.632117373712,7128.280003136206,Financial District,43.6486382,-79.3802817
887,Financial District,2028,Oct-Dec,9208.410486891387,11101.545375134005,7315.364678965364,Financial District,43.6486382,-79.3802817
888,Financial District,2029,Jan-Mar,8559.876554307113,10319.680916534166,6800.154998609434,Financial District,43.6486382,-79.3802817
889,Financial District,2029,Apr-Jun,8822.412883895135,10636.191456511891,7008.719657531559,Financial District,43.6486382,-79.3802817
890,Financial District,2029,Jul-Sep,8972.912659176043,10817.632117373712,7128.280003136206,Financial District,43.6486382,-79.3802817
891,Financial District,2029,Oct-Dec,9208.410486891387,11101.545375134005,7315.364678965364,Financial District,43.6486382,-79.3802817
892,Financial District,2030,Jan-Mar,8559.876554307113,10319.680916534166,6800.154998609434,Financial District,43.6486382,-79.3802817
893,Financial District,2030,Apr-Jun,8822.412883895135,10636.191456511891,7008.719657531559,Financial District,43.6486382,-79.3802817
894,Financial District,2030,Jul-Sep,8972.912659176043,10817.632117373712,7128.280003136206,Financial District,43.6486382,-79.3802817
895,Financial District,2030,Oct-Dec,9208.410486891387,11101.545375134005,7315.364678965364,Financial District,43.6486382,-79.3802817
896,Gachibowli,2024,Jan-Mar,8608.213333333333,10466.869675746031,6749.474907482013,Gachibowli,17.4436222,78.3519638
897,Gachibowli,2024,Apr-Jun,8905.330337078662,10828.139179210611,6982.436578355101,Gachibowli,17.4436222,78.3519638
898,Gachibowli,2024,Jul-Sep,8972.151011235972,10909.387547596392,7034.828921116797,Gachibowli,17.4436222,78.3519638
899,Gachibowli,2024,Oct-Dec,9076.914756554308,11036.771526887884,7116.97143348947,Gachibowli,17.4436222,78.3519638
900,Gachibowli,2025,Jan-Mar,8608.213333333333,10466.869675746031,6749.474907482013,Gachibowli,17.4436222,78.3519638
901,Gachibowli,2025,Apr-Jun,8905.330337078662,10828.139179210611,6982.436578355101,Gachibowli,17.4436222,78.3519638
902,Gachibowli,2025,Jul-Sep,8972.151011235972,10909.387547596392,7034.828921116797,Gachibowli,17.4436222,78.3519638
903,Gachibowli,2025,Oct-Dec,9076.914756554308,11036.771526887884,7116.97143348947,Gachibowli,17.4436222,78.3519638
904,Gachibowli,2026,Jan-Mar,8608.213333333333,10466.869675746031,6749.474907482013,Gachibowli,17.4436222,78.3519638
905,Gachibowli,2026,Apr-Jun,8905.330337078662,10828.139179210611,6982.436578355101,Gachibowli,17.4436222,78.3519638
906,Gachibowli,2026,Jul-Sep,8972.151011235972,10909.387547596392,7034.828921116797,Gachibowli,17.4436222,78.3519638
907,Gachibowli,2026,Oct-Dec,9076.914756554308,11036.771526887884,7116.97143348947,Gachibowli,17.4436222,78.3519638
908,Gachibowli,2027,Jan-Mar,8608.213333333333,10466.869675746031,6749.474907482013,Gachibowli,17.4436222,78.3519638
909,Gachibowli,2027,Apr-Jun,8905.330337078662,10828.139179210611,6982.436578355101,Gachibowli,17.4436222,78.3519638
910,Gachibowli,2027,Jul-Sep,8972.151011235972,10909.387547596392,7034.828921116797,Gachibowli,17.4436222,78.3519638
911,Gachibowli,2027,Oct-Dec,9076.914756554308,11036.771526887884,7116.97143348947,Gachibowli,17.4436222,78.3519638
912,Gachibowli,2028,Jan-Mar,8608.213333333333,10466.869675746031,6749.474907482013,Gachibowli,17.4436222,78.3519638
913,Gachibowli,2028,Apr-Jun,8905.330337078662,10828.139179210611,6982.436578355101,Gachibowli,17.4436222,78.3519638
914,Gachibowli,2028,Jul-Sep,8972.151011235972,10909.387547596392,7034.828921116797,Gachibowli,17.4436222,78.3519638
915,Gachibowli,2028,Oct-Dec,9076.914756554308,11036.771526887884,7116.97143348947,Gachibowli,17.4436222,78.3519638
916,Gachibowli,2029,Jan-Mar,8608.213333333333,10466.869675746031,6749.474907482013,Gachibowli,17.4436222,78.3519638
917,Gachibowli,2029,Apr-Jun,8905.330337078662,10828.139179210611,6982.436578355101,Gachibowli,17.4436222,78.3519638
918,Gachibowli,2029,Jul-Sep,8972.151011235972,10909.387547596392,7034.828921116797,Gachibowli,17.4436222,78.3519638
919,Gachibowli,2029,Oct-Dec,9076.914756554308,11036.771526887884,7116.97143348947,Gachibowli,17.4436222,78.3519638
920,Gachibowli,2030,Jan-Mar,8608.213333333333,10466.869675746031,6749.474907482013,Gachibowli,17.4436222,78.3519638
921,Gachibowli,2030,Apr-Jun,8905.330337078662,10828.139179210611,6982.436578355101,Gachibowli,17.4436222,78.3519638
922,Gachibowli,2030,Jul-Sep,8972.151011235972,10909.387547596392,7034.828921116797,Gachibowli,17.4436222,78.3519638
923,Gachibowli,2030,Oct-Dec,9076.914756554308,11036.771526887884,7116.97143348947,Gachibowli,17.4436222,78.3519638
924,Gachibowli Kondapur Road,2024,Jan-Mar,8525.82531835206,11431.887584458247,7231.166056769475,Gachibowli Kondapur Road,17.4498638,78.3624633
925,Gachibowli Kondapur Road,2024,Apr-Jun,8695.821423220978,11659.82755368024,7375.348000148623,Gachibowli Kondapur Road,17.4498638,78.3624633
926,Gachibowli Kondapur Road,2024,Jul-Sep,8735.557153558058,11713.107369456207,7409.049800704629,Gachibowli Kondapur Road,17.4498638,78.3624633
927,Gachibowli Kondapur Road,2024,Oct-Dec,7721.432209737828,10353.313810304471,6548.921238688355,Gachibowli Kondapur Road,17.4498638,78.3624633
928,Gachibowli Kondapur Road,2025,Jan-Mar,8525.82531835206,11431.887584458247,7231.166056769475,Gachibowli Kondapur Road,17.4498638,78.3624633
929,Gachibowli Kondapur Road,2025,Apr-Jun,8695.821423220978,11659.82755368024,7375.348000148623,Gachibowli Kondapur Road,17.4498638,78.3624633
930,Gachibowli Kondapur Road,2025,Jul-Sep,8735.557153558058,11713.107369456207,7409.049800704629,Gachibowli Kondapur Road,17.4498638,78.3624633
931,Gachibowli Kondapur Road,2025,Oct-Dec,7721.432209737828,10353.313810304471,6548.921238688355,Gachibowli Kondapur Road,17.4498638,78.3624633
932,Gachibowli Kondapur Road,2026,Jan-Mar,8525.82531835206,11431.887584458247,7231.166056769475,Gachibowli Kondapur Road,17.4498638,78.3624633
933,Gachibowli Kondapur Road,2026,Apr-Jun,8695.821423220978,11659.82755368024,7375.348000148623,Gachibowli Kondapur Road,17.4498638,78.3624633
934,Gachibowli Kondapur Road,2026,Jul-Sep,8735.557153558058,11713.107369456207,7409.049800704629,Gachibowli Kondapur Road,17.4498638,78.3624633
935,Gachibowli Kondapur Road,2026,Oct-Dec,7721.432209737828,10353.313810304471,6548.921238688355,Gachibowli Kondapur Road,17.4498638,78.3624633
936,Gachibowli Kondapur Road,2027,Jan-Mar,8525.82531835206,11431.887584458247,7231.166056769475,Gachibowli Kondapur Road,17.4498638,78.3624633
937,Gachibowli Kondapur Road,2027,Apr-Jun,8695.821423220978,11659.82755368024,7375.348000148623,Gachibowli Kondapur Road,17.4498638,78.3624633
938,Gachibowli Kondapur Road,2027,Jul-Sep,8735.557153558058,11713.107369456207,7409.049800704629,Gachibowli Kondapur Road,17.4498638,78.3624633
939,Gachibowli Kondapur Road,2027,Oct-Dec,7721.432209737828,10353.313810304471,6548.921238688355,Gachibowli Kondapur Road,17.4498638,78.3624633
940,Gachibowli Kondapur Road,2028,Jan-Mar,8525.82531835206,11431.887584458247,7231.166056769475,Gachibowli Kondapur Road,17.4498638,78.3624633
941,Gachibowli Kondapur Road,2028,Apr-Jun,8695.821423220978,11659.82755368024,7375.348000148623,Gachibowli Kondapur Road,17.4498638,78.3624633
942,Gachibowli Kondapur Road,2028,Jul-Sep,8735.557153558058,11713.107369456207,7409.049800704629,Gachibowli Kondapur Road,17.4498638,78.3624633
943,Gachibowli Kondapur Road,2028,Oct-Dec,7721.432209737828,10353.313810304471,6548.921238688355,Gachibowli Kondapur Road,17.4498638,78.3624633
944,Gachibowli Kondapur Road,2029,Jan-Mar,8525.82531835206,11431.887584458247,7231.166056769475,Gachibowli Kondapur Road,17.4498638,78.3624633
945,Gachibowli Kondapur Road,2029,Apr-Jun,8695.821423220978,11659.82755368024,7375.348000148623,Gachibowli Kondapur Road,17.4498638,78.3624633
946,Gachibowli Kondapur Road,2029,Jul-Sep,8735.557153558058,11713.107369456207,7409.049800704629,Gachibowli Kondapur Road,17.4498638,78.3624633
947,Gachibowli Kondapur Road,2029,Oct-Dec,7721.432209737828,10353.313810304471,6548.921238688355,Gachibowli Kondapur Road,17.4498638,78.3624633
948,Gachibowli Kondapur Road,2030,Jan-Mar,8525.82531835206,11431.887584458247,7231.166056769475,Gachibowli Kondapur Road,17.4498638,78.3624633
949,Gachibowli Kondapur Road,2030,Apr-Jun,8695.821423220978,11659.82755368024,7375.348000148623,Gachibowli Kondapur Road,17.4498638,78.3624633
950,Gachibowli Kondapur Road,2030,Jul-Sep,8735.557153558058,11713.107369456207,7409.049800704629,Gachibowli Kondapur Road,17.4498638,78.3624633
951,Gachibowli Kondapur Road,2030,Oct-Dec,7721.432209737828,10353.313810304471,6548.921238688355,Gachibowli Kondapur Road,17.4498638,78.3624633
952,Gachibowli Miyapur Road,2024,Jan-Mar,8435.012734082387,11325.641117919118,7043.768826035864,Gachibowli Miyapur Road,17.4911603,78.3534016
953,Gachibowli Miyapur Road,2024,Apr-Jun,8536.525543071153,11461.941759035306,7128.538438357757,Gachibowli Miyapur Road,17.4911603,78.3534016
954,Gachibowli Miyapur Road,2024,Jul-Sep,8633.096928838939,11591.6075807651,7209.181649933443,Gachibowli Miyapur Road,17.4911603,78.3534016
955,Gachibowli Miyapur Road,2024,Oct-Dec,7615.210187265917,10224.897144494698,6359.181878177646,Gachibowli Miyapur Road,17.4911603,78.3534016
956,Gachibowli Miyapur Road,2025,Jan-Mar,8435.012734082387,11325.641117919118,7043.768826035864,Gachibowli Miyapur Road,17.4911603,78.3534016
957,Gachibowli Miyapur Road,2025,Apr-Jun,8536.525543071153,11461.941759035306,7128.538438357757,Gachibowli Miyapur Road,17.4911603,78.3534016
958,Gachibowli Miyapur Road,2025,Jul-Sep,8633.096928838939,11591.6075807651,7209.181649933443,Gachibowli Miyapur Road,17.4911603,78.3534016
959,Gachibowli Miyapur Road,2025,Oct-Dec,7615.210187265917,10224.897144494698,6359.181878177646,Gachibowli Miyapur Road,17.4911603,78.3534016
960,Gachibowli Miyapur Road,2026,Jan-Mar,8435.012734082387,11325.641117919118,7043.768826035864,Gachibowli Miyapur Road,17.4911603,78.3534016
961,Gachibowli Miyapur Road,2026,Apr-Jun,8536.525543071153,11461.941759035306,7128.538438357757,Gachibowli Miyapur Road,17.4911603,78.3534016
962,Gachibowli Miyapur Road,2026,Jul-Sep,8633.096928838939,11591.6075807651,7209.181649933443,Gachibowli Miyapur Road,17.4911603,78.3534016
963,Gachibowli Miyapur Road,2026,Oct-Dec,7615.210187265917,10224.897144494698,6359.181878177646,Gachibowli Miyapur Road,17.4911603,78.3534016
964,Gachibowli Miyapur Road,2027,Jan-Mar,8435.012734082387,11325.641117919118,7043.768826035864,Gachibowli Miyapur Road,17.4911603,78.3534016
965,Gachibowli Miyapur Road,2027,Apr-Jun,8536.525543071153,11461.941759035306,7128.538438357757,Gachibowli Miyapur Road,17.4911603,78.3534016
966,Gachibowli Miyapur Road,2027,Jul-Sep,8633.096928838939,11591.6075807651,7209.181649933443,Gachibowli Miyapur Road,17.4911603,78.3534016
967,Gachibowli Miyapur Road,2027,Oct-Dec,7615.210187265917,10224.897144494698,6359.181878177646,Gachibowli Miyapur Road,17.4911603,78.3534016
968,Gachibowli Miyapur Road,2028,Jan-Mar,8435.012734082387,11325.641117919118,7043.768826035864,Gachibowli Miyapur Road,17.4911603,78.3534016
969,Gachibowli Miyapur Road,2028,Apr-Jun,8536.525543071153,11461.941759035306,7128.538438357757,Gachibowli Miyapur Road,17.4911603,78.3534016
970,Gachibowli Miyapur Road,2028,Jul-Sep,8633.096928838939,11591.6075807651,7209.181649933443,Gachibowli Miyapur Road,17.4911603,78.3534016
971,Gachibowli Miyapur Road,2028,Oct-Dec,7615.210187265917,10224.897144494698,6359.181878177646,Gachibowli Miyapur Road,17.4911603,78.3534016
972,Gachibowli Miyapur Road,2029,Jan-Mar,8435.012734082387,11325.641117919118,7043.768826035864,Gachibowli Miyapur Road,17.4911603,78.3534016
973,Gachibowli Miyapur Road,2029,Apr-Jun,8536.525543071153,11461.941759035306,7128.538438357757,Gachibowli Miyapur Road,17.4911603,78.3534016
974,Gachibowli Miyapur Road,2029,Jul-Sep,8633.096928838939,11591.6075807651,7209.181649933443,Gachibowli Miyapur Road,17.4911603,78.3534016
975,Gachibowli Miyapur Road,2029,Oct-Dec,7615.210187265917,10224.897144494698,6359.181878177646,Gachibowli Miyapur Road,17.4911603,78.3534016
976,Gachibowli Miyapur Road,2030,Jan-Mar,8435.012734082387,11325.641117919118,7043.768826035864,Gachibowli Miyapur Road,17.4911603,78.3534016
977,Gachibowli Miyapur Road,2030,Apr-Jun,8536.525543071153,11461.941759035306,7128.538438357757,Gachibowli Miyapur Road,17.4911603,78.3534016
978,Gachibowli Miyapur Road,2030,Jul-Sep,8633.096928838939,11591.6075807651,7209.181649933443,Gachibowli Miyapur Road,17.4911603,78.3534016
979,Gachibowli Miyapur Road,2030,Oct-Dec,7615.210187265917,10224.897144494698,6359.181878177646,Gachibowli Miyapur Road,17.4911603,78.3534016
980,Gachibowli Road,2024,Jan-Mar,8482.29063670412,10763.818645840747,6431.457252098723,Gachibowli Road,17.436718450082964,78.29986946893662
981,Gachibowli Road,2024,Apr-Jun,8664.640299625462,10995.215892867664,6569.718732663709,Gachibowli Road,17.436718450082964,78.29986946893662
982,Gachibowli Road,2024,Jul-Sep,8692.133932584267,11030.104638344425,6590.565003164545,Gachibowli Road,17.436718450082964,78.29986946893662
983,Gachibowli Road,2024,Oct-Dec,7587.874456928843,9628.826464442496,5753.291450880045,Gachibowli Road,17.436718450082964,78.29986946893662
984,Gachibowli Road,2025,Jan-Mar,8482.29063670412,10763.818645840747,6431.457252098723,Gachibowli Road,17.436718450082964,78.29986946893662
985,Gachibowli Road,2025,Apr-Jun,8664.640299625462,10995.215892867664,6569.718732663709,Gachibowli Road,17.436718450082964,78.29986946893662
986,Gachibowli Road,2025,Jul-Sep,8692.133932584267,11030.104638344425,6590.565003164545,Gachibowli Road,17.436718450082964,78.29986946893662
987,Gachibowli Road,2025,Oct-Dec,7587.874456928843,9628.826464442496,5753.291450880045,Gachibowli Road,17.436718450082964,78.29986946893662
988,Gachibowli Road,2026,Jan-Mar,8482.29063670412,10763.818645840747,6431.457252098723,Gachibowli Road,17.436718450082964,78.29986946893662
989,Gachibowli Road,2026,Apr-Jun,8664.640299625462,10995.215892867664,6569.718732663709,Gachibowli Road,17.436718450082964,78.29986946893662
990,Gachibowli Road,2026,Jul-Sep,8692.133932584267,11030.104638344425,6590.565003164545,Gachibowli Road,17.436718450082964,78.29986946893662
991,Gachibowli Road,2026,Oct-Dec,7587.874456928843,9628.826464442496,5753.291450880045,Gachibowli Road,17.436718450082964,78.29986946893662
992,Gachibowli Road,2027,Jan-Mar,8482.29063670412,10763.818645840747,6431.457252098723,Gachibowli Road,17.436718450082964,78.29986946893662
993,Gachibowli Road,2027,Apr-Jun,8664.640299625462,10995.215892867664,6569.718732663709,Gachibowli Road,17.436718450082964,78.29986946893662
994,Gachibowli Road,2027,Jul-Sep,8692.133932584267,11030.104638344425,6590.565003164545,Gachibowli Road,17.436718450082964,78.29986946893662
995,Gachibowli Road,2027,Oct-Dec,7587.874456928843,9628.826464442496,5753.291450880045,Gachibowli Road,17.436718450082964,78.29986946893662
996,Gachibowli Road,2028,Jan-Mar,8482.29063670412,10763.818645840747,6431.457252098723,Gachibowli Road,17.436718450082964,78.29986946893662
997,Gachibowli Road,2028,Apr-Jun,8664.640299625462,10995.215892867664,6569.718732663709,Gachibowli Road,17.436718450082964,78.29986946893662
998,Gachibowli Road,2028,Jul-Sep,8692.133932584267,11030.104638344425,6590.565003164545,Gachibowli Road,17.436718450082964,78.29986946893662
999,Gachibowli Road,2028,Oct-Dec,7587.874456928843,9628.826464442496,5753.291450880045,Gachibowli Road,17.436718450082964,78.29986946893662
1000,Gachibowli Road,2029,Jan-Mar,8482.29063670412,10763.818645840747,6431.457252098723,Gachibowli Road,17.436718450082964,78.29986946893662
1001,Gachibowli Road,2029,Apr-Jun,8664.640299625462,10995.215892867664,6569.718732663709,Gachibowli Road,17.436718450082964,78.29986946893662
1002,Gachibowli Road,2029,Jul-Sep,8692.133932584267,11030.104638344425,6590.565003164545,Gachibowli Road,17.436718450082964,78.29986946893662
1003,Gachibowli Road,2029,Oct-Dec,7587.874456928843,9628.826464442496,5753.291450880045,Gachibowli Road,17.436718450082964,78.29986946893662
1004,Gachibowli Road,2030,Jan-Mar,8482.29063670412,10763.818645840747,6431.457252098723,Gachibowli Road,17.436718450082964,78.29986946893662
1005,Gachibowli Road,2030,Apr-Jun,8664.640299625462,10995.215892867664,6569.718732663709,Gachibowli Road,17.436718450082964,78.29986946893662
1006,Gachibowli Road,2030,Jul-Sep,8692.133932584267,11030.104638344425,6590.565003164545,Gachibowli Road,17.436718450082964,78.29986946893662
1007,Gachibowli Road,2030,Oct-Dec,7587.874456928843,9628.826464442496,5753.291450880045,Gachibowli Road,17.436718450082964,78.29986946893662
1008,Gajularamaram,2024,Jan-Mar,4671.264419475658,5453.438392704878,3889.090446246437,Gajularamaram,17.5271759,78.4200077
1009,Gajularamaram,2024,Apr-Jun,4779.966441947569,5580.341888092865,3979.590995802274,Gajularamaram,17.5271759,78.4200077
1010,Gajularamaram,2024,Jul-Sep,4753.977528089888,5550.00129336539,3957.953762814384,Gajularamaram,17.5271759,78.4200077
1011,Gajularamaram,2024,Oct-Dec,4865.020224719105,5679.637394139841,4050.403055298368,Gajularamaram,17.5271759,78.4200077
1012,Gajularamaram,2025,Jan-Mar,4671.264419475658,5453.438392704878,3889.090446246437,Gajularamaram,17.5271759,78.4200077
1013,Gajularamaram,2025,Apr-Jun,4779.966441947569,5580.341888092865,3979.590995802274,Gajularamaram,17.5271759,78.4200077
1014,Gajularamaram,2025,Jul-Sep,4753.977528089888,5550.00129336539,3957.953762814384,Gajularamaram,17.5271759,78.4200077
1015,Gajularamaram,2025,Oct-Dec,4865.020224719105,5679.637394139841,4050.403055298368,Gajularamaram,17.5271759,78.4200077
1016,Gajularamaram,2026,Jan-Mar,4671.264419475658,5453.438392704878,3889.090446246437,Gajularamaram,17.5271759,78.4200077
1017,Gajularamaram,2026,Apr-Jun,4779.966441947569,5580.341888092865,3979.590995802274,Gajularamaram,17.5271759,78.4200077
1018,Gajularamaram,2026,Jul-Sep,4753.977528089888,5550.00129336539,3957.953762814384,Gajularamaram,17.5271759,78.4200077
1019,Gajularamaram,2026,Oct-Dec,4865.020224719105,5679.637394139841,4050.403055298368,Gajularamaram,17.5271759,78.4200077
1020,Gajularamaram,2027,Jan-Mar,4671.264419475658,5453.438392704878,3889.090446246437,Gajularamaram,17.5271759,78.4200077
1021,Gajularamaram,2027,Apr-Jun,4779.966441947569,5580.341888092865,3979.590995802274,Gajularamaram,17.5271759,78.4200077
1022,Gajularamaram,2027,Jul-Sep,4753.977528089888,5550.00129336539,3957.953762814384,Gajularamaram,17.5271759,78.4200077
1023,Gajularamaram,2027,Oct-Dec,4865.020224719105,5679.637394139841,4050.403055298368,Gajularamaram,17.5271759,78.4200077
1024,Gajularamaram,2028,Jan-Mar,4671.264419475658,5453.438392704878,3889.090446246437,Gajularamaram,17.5271759,78.4200077
1025,Gajularamaram,2028,Apr-Jun,4779.966441947569,5580.341888092865,3979.590995802274,Gajularamaram,17.5271759,78.4200077
1026,Gajularamaram,2028,Jul-Sep,4753.977528089888,5550.00129336539,3957.953762814384,Gajularamaram,17.5271759,78.4200077
1027,Gajularamaram,2028,Oct-Dec,4865.020224719105,5679.637394139841,4050.403055298368,Gajularamaram,17.5271759,78.4200077
1028,Gajularamaram,2029,Jan-Mar,4671.264419475658,5453.438392704878,3889.090446246437,Gajularamaram,17.5271759,78.4200077
1029,Gajularamaram,2029,Apr-Jun,4779.966441947569,5580.341888092865,3979.590995802274,Gajularamaram,17.5271759,78.4200077
1030,Gajularamaram,2029,Jul-Sep,4753.977528089888,5550.00129336539,3957.953762814384,Gajularamaram,17.5271759,78.4200077
1031,Gajularamaram,2029,Oct-Dec,4865.020224719105,5679.637394139841,4050.403055298368,Gajularamaram,17.5271759,78.4200077
1032,Gajularamaram,2030,Jan-Mar,4671.264419475658,5453.438392704878,3889.090446246437,Gajularamaram,17.5271759,78.4200077
1033,Gajularamaram,2030,Apr-Jun,4779.966441947569,5580.341888092865,3979.590995802274,Gajularamaram,17.5271759,78.4200077
1034,Gajularamaram,2030,Jul-Sep,4753.977528089888,5550.00129336539,3957.953762814384,Gajularamaram,17.5271759,78.4200077
1035,Gajularamaram,2030,Oct-Dec,4865.020224719105,5679.637394139841,4050.403055298368,Gajularamaram,17.5271759,78.4200077
1036,Gandi Maisamma,2024,Jan-Mar,4403.27580524344,5289.401955606641,3471.191511811089,Gandi Maisamma,17.3413132,78.3730677
1037,Gandi Maisamma,2024,Apr-Jun,4437.011235955049,5329.926388113624,3497.785835199596,Gandi Maisamma,17.3413132,78.3730677
1038,Gandi Maisamma,2024,Jul-Sep,4370.7943071161,5250.383800188986,3445.5856888789285,Gandi Maisamma,17.3413132,78.3730677
1039,Gandi Maisamma,2024,Oct-Dec,4498.974082397,5404.358791542618,3546.6324021942924,Gandi Maisamma,17.3413132,78.3730677
1040,Gandi Maisamma,2025,Jan-Mar,4403.27580524344,5289.401955606641,3471.191511811089,Gandi Maisamma,17.3413132,78.3730677
1041,Gandi Maisamma,2025,Apr-Jun,4437.011235955049,5329.926388113624,3497.785835199596,Gandi Maisamma,17.3413132,78.3730677
1042,Gandi Maisamma,2025,Jul-Sep,4370.7943071161,5250.383800188986,3445.5856888789285,Gandi Maisamma,17.3413132,78.3730677
1043,Gandi Maisamma,2025,Oct-Dec,4498.974082397,5404.358791542618,3546.6324021942924,Gandi Maisamma,17.3413132,78.3730677
1044,Gandi Maisamma,2026,Jan-Mar,4403.27580524344,5289.401955606641,3471.191511811089,Gandi Maisamma,17.3413132,78.3730677
1045,Gandi Maisamma,2026,Apr-Jun,4437.011235955049,5329.926388113624,3497.785835199596,Gandi Maisamma,17.3413132,78.3730677
1046,Gandi Maisamma,2026,Jul-Sep,4370.7943071161,5250.383800188986,3445.5856888789285,Gandi Maisamma,17.3413132,78.3730677
1047,Gandi Maisamma,2026,Oct-Dec,4498.974082397,5404.358791542618,3546.6324021942924,Gandi Maisamma,17.3413132,78.3730677
1048,Gandi Maisamma,2027,Jan-Mar,4403.27580524344,5289.401955606641,3471.191511811089,Gandi Maisamma,17.3413132,78.3730677
1049,Gandi Maisamma,2027,Apr-Jun,4437.011235955049,5329.926388113624,3497.785835199596,Gandi Maisamma,17.3413132,78.3730677
1050,Gandi Maisamma,2027,Jul-Sep,4370.7943071161,5250.383800188986,3445.5856888789285,Gandi Maisamma,17.3413132,78.3730677
1051,Gandi Maisamma,2027,Oct-Dec,4498.974082397,5404.358791542618,3546.6324021942924,Gandi Maisamma,17.3413132,78.3730677
1052,Gandi Maisamma,2028,Jan-Mar,4403.27580524344,5289.401955606641,3471.191511811089,Gandi Maisamma,17.3413132,78.3730677
1053,Gandi Maisamma,2028,Apr-Jun,4437.011235955049,5329.926388113624,3497.785835199596,Gandi Maisamma,17.3413132,78.3730677
1054,Gandi Maisamma,2028,Jul-Sep,4370.7943071161,5250.383800188986,3445.5856888789285,Gandi Maisamma,17.3413132,78.3730677
1055,Gandi Maisamma,2028,Oct-Dec,4498.974082397,5404.358791542618,3546.6324021942924,Gandi Maisamma,17.3413132,78.3730677
1056,Gandi Maisamma,2029,Jan-Mar,4403.27580524344,5289.401955606641,3471.191511811089,Gandi Maisamma,17.3413132,78.3730677
1057,Gandi Maisamma,2029,Apr-Jun,4437.011235955049,5329.926388113624,3497.785835199596,Gandi Maisamma,17.3413132,78.3730677
1058,Gandi Maisamma,2029,Jul-Sep,4370.7943071161,5250.383800188986,3445.5856888789285,Gandi Maisamma,17.3413132,78.3730677
1059,Gandi Maisamma,2029,Oct-Dec,4498.974082397,5404.358791542618,3546.6324021942924,Gandi Maisamma,17.3413132,78.3730677
1060,Gandi Maisamma,2030,Jan-Mar,4403.27580524344,5289.401955606641,3471.191511811089,Gandi Maisamma,17.3413132,78.3730677
1061,Gandi Maisamma,2030,Apr-Jun,4437.011235955049,5329.926388113624,3497.785835199596,Gandi Maisamma,17.3413132,78.3730677
1062,Gandi Maisamma,2030,Jul-Sep,4370.7943071161,5250.383800188986,3445.5856888789285,Gandi Maisamma,17.3413132,78.3730677
1063,Gandi Maisamma,2030,Oct-Dec,4498.974082397,5404.358791542618,3546.6324021942924,Gandi Maisamma,17.3413132,78.3730677
1064,Gandipet,2024,Jan-Mar,8141.369588014977,9545.745526419629,6650.520686417243,Gandipet,17.374675449999998,78.2997185460394
1065,Gandipet,2024,Apr-Jun,8245.771086142318,9668.156150691946,6735.804165502993,Gandipet,17.374675449999998,78.2997185460394
1066,Gandipet,2024,Jul-Sep,8350.748464419466,9791.241993710242,6821.558069473375,Gandipet,17.374675449999998,78.2997185460394
1067,Gandipet,2024,Oct-Dec,8490.55730337077,9955.16768023576,6935.765091466135,Gandipet,17.374675449999998,78.2997185460394
1068,Gandipet,2025,Jan-Mar,8141.369588014977,9545.745526419629,6650.520686417243,Gandipet,17.374675449999998,78.2997185460394
1069,Gandipet,2025,Apr-Jun,8245.771086142318,9668.156150691946,6735.804165502993,Gandipet,17.374675449999998,78.2997185460394
1070,Gandipet,2025,Jul-Sep,8350.748464419466,9791.241993710242,6821.558069473375,Gandipet,17.374675449999998,78.2997185460394
1071,Gandipet,2025,Oct-Dec,8490.55730337077,9955.16768023576,6935.765091466135,Gandipet,17.374675449999998,78.2997185460394
1072,Gandipet,2026,Jan-Mar,8141.369588014977,9545.745526419629,6650.520686417243,Gandipet,17.374675449999998,78.2997185460394
1073,Gandipet,2026,Apr-Jun,8245.771086142318,9668.156150691946,6735.804165502993,Gandipet,17.374675449999998,78.2997185460394
1074,Gandipet,2026,Jul-Sep,8350.748464419466,9791.241993710242,6821.558069473375,Gandipet,17.374675449999998,78.2997185460394
1075,Gandipet,2026,Oct-Dec,8490.55730337077,9955.16768023576,6935.765091466135,Gandipet,17.374675449999998,78.2997185460394
1076,Gandipet,2027,Jan-Mar,8141.369588014977,9545.745526419629,6650.520686417243,Gandipet,17.374675449999998,78.2997185460394
1077,Gandipet,2027,Apr-Jun,8245.771086142318,9668.156150691946,6735.804165502993,Gandipet,17.374675449999998,78.2997185460394
1078,Gandipet,2027,Jul-Sep,8350.748464419466,9791.241993710242,6821.558069473375,Gandipet,17.374675449999998,78.2997185460394
1079,Gandipet,2027,Oct-Dec,8490.55730337077,9955.16768023576,6935.765091466135,Gandipet,17.374675449999998,78.2997185460394
1080,Gandipet,2028,Jan-Mar,8141.369588014977,9545.745526419629,6650.520686417243,Gandipet,17.374675449999998,78.2997185460394
1081,Gandipet,2028,Apr-Jun,8245.771086142318,9668.156150691946,6735.804165502993,Gandipet,17.374675449999998,78.2997185460394
1082,Gandipet,2028,Jul-Sep,8350.748464419466,9791.241993710242,6821.558069473375,Gandipet,17.374675449999998,78.2997185460394
1083,Gandipet,2028,Oct-Dec,8490.55730337077,9955.16768023576,6935.765091466135,Gandipet,17.374675449999998,78.2997185460394
1084,Gandipet,2029,Jan-Mar,8141.369588014977,9545.745526419629,6650.520686417243,Gandipet,17.374675449999998,78.2997185460394
1085,Gandipet,2029,Apr-Jun,8245.771086142318,9668.156150691946,6735.804165502993,Gandipet,17.374675449999998,78.2997185460394
1086,Gandipet,2029,Jul-Sep,8350.748464419466,9791.241993710242,6821.558069473375,Gandipet,17.374675449999998,78.2997185460394
1087,Gandipet,2029,Oct-Dec,8490.55730337077,9955.16768023576,6935.765091466135,Gandipet,17.374675449999998,78.2997185460394
1088,Gandipet,2030,Jan-Mar,8141.369588014977,9545.745526419629,6650.520686417243,Gandipet,17.374675449999998,78.2997185460394
1089,Gandipet,2030,Apr-Jun,8245.771086142318,9668.156150691946,6735.804165502993,Gandipet,17.374675449999998,78.2997185460394
1090,Gandipet,2030,Jul-Sep,8350.748464419466,9791.241993710242,6821.558069473375,Gandipet,17.374675449999998,78.2997185460394
1091,Gandipet,2030,Oct-Dec,8490.55730337077,9955.16768023576,6935.765091466135,Gandipet,17.374675449999998,78.2997185460394
1092,Ghatkesar,2024,Jan-Mar,3711.262921348319,4524.20622792938,2929.57235515756,Ghatkesar,17.4510837,78.6843022
1093,Ghatkesar,2024,Apr-Jun,3737.223970037456,4555.853982521851,2950.065317300745,Ghatkesar,17.4510837,78.6843022
1094,Ghatkesar,2024,Jul-Sep,3779.9412734082375,4607.928409488138,2983.7852217359864,Ghatkesar,17.4510837,78.6843022
1095,Ghatkesar,2024,Oct-Dec,4177.354307116103,5092.393822008202,3297.4925127049823,Ghatkesar,17.4510837,78.6843022
1096,Ghatkesar,2025,Jan-Mar,3711.262921348319,4524.20622792938,2929.57235515756,Ghatkesar,17.4510837,78.6843022
1097,Ghatkesar,2025,Apr-Jun,3737.223970037456,4555.853982521851,2950.065317300745,Ghatkesar,17.4510837,78.6843022
1098,Ghatkesar,2025,Jul-Sep,3779.9412734082375,4607.928409488138,2983.7852217359864,Ghatkesar,17.4510837,78.6843022
1099,Ghatkesar,2025,Oct-Dec,4177.354307116103,5092.393822008202,3297.4925127049823,Ghatkesar,17.4510837,78.6843022
1100,Ghatkesar,2026,Jan-Mar,3711.262921348319,4524.20622792938,2929.57235515756,Ghatkesar,17.4510837,78.6843022
1101,Ghatkesar,2026,Apr-Jun,3737.223970037456,4555.853982521851,2950.065317300745,Ghatkesar,17.4510837,78.6843022
1102,Ghatkesar,2026,Jul-Sep,3779.9412734082375,4607.928409488138,2983.7852217359864,Ghatkesar,17.4510837,78.6843022
1103,Ghatkesar,2026,Oct-Dec,4177.354307116103,5092.393822008202,3297.4925127049823,Ghatkesar,17.4510837,78.6843022
1104,Ghatkesar,2027,Jan-Mar,3711.262921348319,4524.20622792938,2929.57235515756,Ghatkesar,17.4510837,78.6843022
1105,Ghatkesar,2027,Apr-Jun,3737.223970037456,4555.853982521851,2950.065317300745,Ghatkesar,17.4510837,78.6843022
1106,Ghatkesar,2027,Jul-Sep,3779.9412734082375,4607.928409488138,2983.7852217359864,Ghatkesar,17.4510837,78.6843022
1107,Ghatkesar,2027,Oct-Dec,4177.354307116103,5092.393822008202,3297.4925127049823,Ghatkesar,17.4510837,78.6843022
1108,Ghatkesar,2028,Jan-Mar,3711.262921348319,4524.20622792938,2929.57235515756,Ghatkesar,17.4510837,78.6843022
1109,Ghatkesar,2028,Apr-Jun,3737.223970037456,4555.853982521851,2950.065317300745,Ghatkesar,17.4510837,78.6843022
1110,Ghatkesar,2028,Jul-Sep,3779.9412734082375,4607.928409488138,2983.7852217359864,Ghatkesar,17.4510837,78.6843022
1111,Ghatkesar,2028,Oct-Dec,4177.354307116103,5092.393822008202,3297.4925127049823,Ghatkesar,17.4510837,78.6843022
1112,Ghatkesar,2029,Jan-Mar,3711.262921348319,4524.20622792938,2929.57235515756,Ghatkesar,17.4510837,78.6843022
1113,Ghatkesar,2029,Apr-Jun,3737.223970037456,4555.853982521851,2950.065317300745,Ghatkesar,17.4510837,78.6843022
1114,Ghatkesar,2029,Jul-Sep,3779.9412734082375,4607.928409488138,2983.7852217359864,Ghatkesar,17.4510837,78.6843022
1115,Ghatkesar,2029,Oct-Dec,4177.354307116103,5092.393822008202,3297.4925127049823,Ghatkesar,17.4510837,78.6843022
1116,Ghatkesar,2030,Jan-Mar,3711.262921348319,4524.20622792938,2929.57235515756,Ghatkesar,17.4510837,78.6843022
1117,Ghatkesar,2030,Apr-Jun,3737.223970037456,4555.853982521851,2950.065317300745,Ghatkesar,17.4510837,78.6843022
1118,Ghatkesar,2030,Jul-Sep,3779.9412734082375,4607.928409488138,2983.7852217359864,Ghatkesar,17.4510837,78.6843022
1119,Ghatkesar,2030,Oct-Dec,4177.354307116103,5092.393822008202,3297.4925127049823,Ghatkesar,17.4510837,78.6843022
1120,Gopanpalle,2024,Jan-Mar,6970.34516853932,8525.818801409425,5412.667451712966,Gopanpalle,17.2816656,77.5477711
1121,Gopanpalle,2024,Apr-Jun,7503.7680898876415,9178.278193587172,5826.885229250193,Gopanpalle,17.2816656,77.5477711
1122,Gopanpalle,2024,Jul-Sep,7446.895280898874,9108.713881857828,5782.721906680402,Gopanpalle,17.2816656,77.5477711
1123,Gopanpalle,2024,Oct-Dec,7576.9977528089885,9267.849487670808,5883.75010515093,Gopanpalle,17.2816656,77.5477711
1124,Gopanpalle,2025,Jan-Mar,6970.34516853932,8525.818801409425,5412.667451712966,Gopanpalle,17.2816656,77.5477711
1125,Gopanpalle,2025,Apr-Jun,7503.7680898876415,9178.278193587172,5826.885229250193,Gopanpalle,17.2816656,77.5477711
1126,Gopanpalle,2025,Jul-Sep,7446.895280898874,9108.713881857828,5782.721906680402,Gopanpalle,17.2816656,77.5477711
1127,Gopanpalle,2025,Oct-Dec,7576.9977528089885,9267.849487670808,5883.75010515093,Gopanpalle,17.2816656,77.5477711
1128,Gopanpalle,2026,Jan-Mar,6970.34516853932,8525.818801409425,5412.667451712966,Gopanpalle,17.2816656,77.5477711
1129,Gopanpalle,2026,Apr-Jun,7503.7680898876415,9178.278193587172,5826.885229250193,Gopanpalle,17.2816656,77.5477711
1130,Gopanpalle,2026,Jul-Sep,7446.895280898874,9108.713881857828,5782.721906680402,Gopanpalle,17.2816656,77.5477711
1131,Gopanpalle,2026,Oct-Dec,7576.9977528089885,9267.849487670808,5883.75010515093,Gopanpalle,17.2816656,77.5477711
1132,Gopanpalle,2027,Jan-Mar,6970.34516853932,8525.818801409425,5412.667451712966,Gopanpalle,17.2816656,77.5477711
1133,Gopanpalle,2027,Apr-Jun,7503.7680898876415,9178.278193587172,5826.885229250193,Gopanpalle,17.2816656,77.5477711
1134,Gopanpalle,2027,Jul-Sep,7446.895280898874,9108.713881857828,5782.721906680402,Gopanpalle,17.2816656,77.5477711
1135,Gopanpalle,2027,Oct-Dec,7576.9977528089885,9267.849487670808,5883.75010515093,Gopanpalle,17.2816656,77.5477711
1136,Gopanpalle,2028,Jan-Mar,6970.34516853932,8525.818801409425,5412.667451712966,Gopanpalle,17.2816656,77.5477711
1137,Gopanpalle,2028,Apr-Jun,7503.7680898876415,9178.278193587172,5826.885229250193,Gopanpalle,17.2816656,77.5477711
1138,Gopanpalle,2028,Jul-Sep,7446.895280898874,9108.713881857828,5782.721906680402,Gopanpalle,17.2816656,77.5477711
1139,Gopanpalle,2028,Oct-Dec,7576.9977528089885,9267.849487670808,5883.75010515093,Gopanpalle,17.2816656,77.5477711
1140,Gopanpalle,2029,Jan-Mar,6970.34516853932,8525.818801409425,5412.667451712966,Gopanpalle,17.2816656,77.5477711
1141,Gopanpalle,2029,Apr-Jun,7503.7680898876415,9178.278193587172,5826.885229250193,Gopanpalle,17.2816656,77.5477711
1142,Gopanpalle,2029,Jul-Sep,7446.895280898874,9108.713881857828,5782.721906680402,Gopanpalle,17.2816656,77.5477711
1143,Gopanpalle,2029,Oct-Dec,7576.9977528089885,9267.849487670808,5883.75010515093,Gopanpalle,17.2816656,77.5477711
1144,Gopanpalle,2030,Jan-Mar,6970.34516853932,8525.818801409425,5412.667451712966,Gopanpalle,17.2816656,77.5477711
1145,Gopanpalle,2030,Apr-Jun,7503.7680898876415,9178.278193587172,5826.885229250193,Gopanpalle,17.2816656,77.5477711
1146,Gopanpalle,2030,Jul-Sep,7446.895280898874,9108.713881857828,5782.721906680402,Gopanpalle,17.2816656,77.5477711
1147,Gopanpalle,2030,Oct-Dec,7576.9977528089885,9267.849487670808,5883.75010515093,Gopanpalle,17.2816656,77.5477711
1148,Gundlapochampally,2024,Jan-Mar,4632.940524344573,5554.227430947512,3687.783846164281,Gundlapochampally,17.568913,78.480271
1149,Gundlapochampally,2024,Apr-Jun,5126.664868913852,6146.131705030812,4080.784501534925,Gundlapochampally,17.568913,78.480271
1150,Gundlapochampally,2024,Jul-Sep,5313.454382022468,6370.065388631893,4229.467469825846,Gundlapochampally,17.568913,78.480271
1151,Gundlapochampally,2024,Oct-Dec,5605.992209737829,6720.776048254774,4462.325256316278,Gundlapochampally,17.568913,78.480271
1152,Gundlapochampally,2025,Jan-Mar,4632.940524344573,5554.227430947512,3687.783846164281,Gundlapochampally,17.568913,78.480271
1153,Gundlapochampally,2025,Apr-Jun,5126.664868913852,6146.131705030812,4080.784501534925,Gundlapochampally,17.568913,78.480271
1154,Gundlapochampally,2025,Jul-Sep,5313.454382022468,6370.065388631893,4229.467469825846,Gundlapochampally,17.568913,78.480271
1155,Gundlapochampally,2025,Oct-Dec,5605.992209737829,6720.776048254774,4462.325256316278,Gundlapochampally,17.568913,78.480271
1156,Gundlapochampally,2026,Jan-Mar,4632.940524344573,5554.227430947512,3687.783846164281,Gundlapochampally,17.568913,78.480271
1157,Gundlapochampally,2026,Apr-Jun,5126.664868913852,6146.131705030812,4080.784501534925,Gundlapochampally,17.568913,78.480271
1158,Gundlapochampally,2026,Jul-Sep,5313.454382022468,6370.065388631893,4229.467469825846,Gundlapochampally,17.568913,78.480271
1159,Gundlapochampally,2026,Oct-Dec,5605.992209737829,6720.776048254774,4462.325256316278,Gundlapochampally,17.568913,78.480271
1160,Gundlapochampally,2027,Jan-Mar,4632.940524344573,5554.227430947512,3687.783846164281,Gundlapochampally,17.568913,78.480271
1161,Gundlapochampally,2027,Apr-Jun,5126.664868913852,6146.131705030812,4080.784501534925,Gundlapochampally,17.568913,78.480271
1162,Gundlapochampally,2027,Jul-Sep,5313.454382022468,6370.065388631893,4229.467469825846,Gundlapochampally,17.568913,78.480271
1163,Gundlapochampally,2027,Oct-Dec,5605.992209737829,6720.776048254774,4462.325256316278,Gundlapochampally,17.568913,78.480271
1164,Gundlapochampally,2028,Jan-Mar,4632.940524344573,5554.227430947512,3687.783846164281,Gundlapochampally,17.568913,78.480271
1165,Gundlapochampally,2028,Apr-Jun,5126.664868913852,6146.131705030812,4080.784501534925,Gundlapochampally,17.568913,78.480271
1166,Gundlapochampally,2028,Jul-Sep,5313.454382022468,6370.065388631893,4229.467469825846,Gundlapochampally,17.568913,78.480271
1167,Gundlapochampally,2028,Oct-Dec,5605.992209737829,6720.776048254774,4462.325256316278,Gundlapochampally,17.568913,78.480271
1168,Gundlapochampally,2029,Jan-Mar,4632.940524344573,5554.227430947512,3687.783846164281,Gundlapochampally,17.568913,78.480271
1169,Gundlapochampally,2029,Apr-Jun,5126.664868913852,6146.131705030812,4080.784501534925,Gundlapochampally,17.568913,78.480271
1170,Gundlapochampally,2029,Jul-Sep,5313.454382022468,6370.065388631893,4229.467469825846,Gundlapochampally,17.568913,78.480271
1171,Gundlapochampally,2029,Oct-Dec,5605.992209737829,6720.776048254774,4462.325256316278,Gundlapochampally,17.568913,78.480271
1172,Gundlapochampally,2030,Jan-Mar,4632.940524344573,5554.227430947512,3687.783846164281,Gundlapochampally,17.568913,78.480271
1173,Gundlapochampally,2030,Apr-Jun,5126.664868913852,6146.131705030812,4080.784501534925,Gundlapochampally,17.568913,78.480271
1174,Gundlapochampally,2030,Jul-Sep,5313.454382022468,6370.065388631893,4229.467469825846,Gundlapochampally,17.568913,78.480271
1175,Gundlapochampally,2030,Oct-Dec,5605.992209737829,6720.776048254774,4462.325256316278,Gundlapochampally,17.568913,78.480271
1176,HMDA Layout Road,2024,Jan-Mar,4495.806741573041,5539.838159201613,3227.218330713305,HMDA Layout Road,17.3852904,78.5572503
1177,HMDA Layout Road,2024,Apr-Jun,5071.148164794002,6248.787309852523,3640.214817031954,HMDA Layout Road,17.3852904,78.5572503
1178,HMDA Layout Road,2024,Jul-Sep,5150.907565543071,6347.068707880354,3697.468390181329,HMDA Layout Road,17.3852904,78.5572503
1179,HMDA Layout Road,2024,Oct-Dec,5455.5574531835255,6722.465420808579,3916.154770258917,HMDA Layout Road,17.3852904,78.5572503
1180,HMDA Layout Road,2025,Jan-Mar,4495.806741573041,5539.838159201613,3227.218330713305,HMDA Layout Road,17.3852904,78.5572503
1181,HMDA Layout Road,2025,Apr-Jun,5071.148164794002,6248.787309852523,3640.214817031954,HMDA Layout Road,17.3852904,78.5572503
1182,HMDA Layout Road,2025,Jul-Sep,5150.907565543071,6347.068707880354,3697.468390181329,HMDA Layout Road,17.3852904,78.5572503
1183,HMDA Layout Road,2025,Oct-Dec,5455.5574531835255,6722.465420808579,3916.154770258917,HMDA Layout Road,17.3852904,78.5572503
1184,HMDA Layout Road,2026,Jan-Mar,4495.806741573041,5539.838159201613,3227.218330713305,HMDA Layout Road,17.3852904,78.5572503
1185,HMDA Layout Road,2026,Apr-Jun,5071.148164794002,6248.787309852523,3640.214817031954,HMDA Layout Road,17.3852904,78.5572503
1186,HMDA Layout Road,2026,Jul-Sep,5150.907565543071,6347.068707880354,3697.468390181329,HMDA Layout Road,17.3852904,78.5572503
1187,HMDA Layout Road,2026,Oct-Dec,5455.5574531835255,6722.465420808579,3916.154770258917,HMDA Layout Road,17.3852904,78.5572503
1188,HMDA Layout Road,2027,Jan-Mar,4495.806741573041,5539.838159201613,3227.218330713305,HMDA Layout Road,17.3852904,78.5572503
1189,HMDA Layout Road,2027,Apr-Jun,5071.148164794002,6248.787309852523,3640.214817031954,HMDA Layout Road,17.3852904,78.5572503
1190,HMDA Layout Road,2027,Jul-Sep,5150.907565543071,6347.068707880354,3697.468390181329,HMDA Layout Road,17.3852904,78.5572503
1191,HMDA Layout Road,2027,Oct-Dec,5455.5574531835255,6722.465420808579,3916.154770258917,HMDA Layout Road,17.3852904,78.5572503
1192,HMDA Layout Road,2028,Jan-Mar,4495.806741573041,5539.838159201613,3227.218330713305,HMDA Layout Road,17.3852904,78.5572503
1193,HMDA Layout Road,2028,Apr-Jun,5071.148164794002,6248.787309852523,3640.214817031954,HMDA Layout Road,17.3852904,78.5572503
1194,HMDA Layout Road,2028,Jul-Sep,5150.907565543071,6347.068707880354,3697.468390181329,HMDA Layout Road,17.3852904,78.5572503
1195,HMDA Layout Road,2028,Oct-Dec,5455.5574531835255,6722.465420808579,3916.154770258917,HMDA Layout Road,17.3852904,78.5572503
1196,HMDA Layout Road,2029,Jan-Mar,4495.806741573041,5539.838159201613,3227.218330713305,HMDA Layout Road,17.3852904,78.5572503
1197,HMDA Layout Road,2029,Apr-Jun,5071.148164794002,6248.787309852523,3640.214817031954,HMDA Layout Road,17.3852904,78.5572503
1198,HMDA Layout Road,2029,Jul-Sep,5150.907565543071,6347.068707880354,3697.468390181329,HMDA Layout Road,17.3852904,78.5572503
1199,HMDA Layout Road,2029,Oct-Dec,5455.5574531835255,6722.465420808579,3916.154770258917,HMDA Layout Road,17.3852904,78.5572503
1200,HMDA Layout Road,2030,Jan-Mar,4495.806741573041,5539.838159201613,3227.218330713305,HMDA Layout Road,17.3852904,78.5572503
1201,HMDA Layout Road,2030,Apr-Jun,5071.148164794002,6248.787309852523,3640.214817031954,HMDA Layout Road,17.3852904,78.5572503
1202,HMDA Layout Road,2030,Jul-Sep,5150.907565543071,6347.068707880354,3697.468390181329,HMDA Layout Road,17.3852904,78.5572503
1203,HMDA Layout Road,2030,Oct-Dec,5455.5574531835255,6722.465420808579,3916.154770258917,HMDA Layout Road,17.3852904,78.5572503
1204,HUDA Layout Nalagandla,2024,Jan-Mar,7953.36329588016,9606.335309253318,6283.17929527868,HUDA Layout Nalagandla,,
1205,HUDA Layout Nalagandla,2024,Apr-Jun,7971.252734082408,9627.942764548863,6297.312001598629,HUDA Layout Nalagandla,,
1206,HUDA Layout Nalagandla,2024,Jul-Sep,8334.419475655437,10066.587569637371,6584.214745318065,HUDA Layout Nalagandla,,
1207,HUDA Layout Nalagandla,2024,Oct-Dec,8707.227565543064,10516.87751418422,6878.734181228619,HUDA Layout Nalagandla,,
1208,HUDA Layout Nalagandla,2025,Jan-Mar,7953.36329588016,9606.335309253318,6283.17929527868,HUDA Layout Nalagandla,,
1209,HUDA Layout Nalagandla,2025,Apr-Jun,7971.252734082408,9627.942764548863,6297.312001598629,HUDA Layout Nalagandla,,
1210,HUDA Layout Nalagandla,2025,Jul-Sep,8334.419475655437,10066.587569637371,6584.214745318065,HUDA Layout Nalagandla,,
1211,HUDA Layout Nalagandla,2025,Oct-Dec,8707.227565543064,10516.87751418422,6878.734181228619,HUDA Layout Nalagandla,,
1212,HUDA Layout Nalagandla,2026,Jan-Mar,7953.36329588016,9606.335309253318,6283.17929527868,HUDA Layout Nalagandla,,
1213,HUDA Layout Nalagandla,2026,Apr-Jun,7971.252734082408,9627.942764548863,6297.312001598629,HUDA Layout Nalagandla,,
1214,HUDA Layout Nalagandla,2026,Jul-Sep,8334.419475655437,10066.587569637371,6584.214745318065,HUDA Layout Nalagandla,,
1215,HUDA Layout Nalagandla,2026,Oct-Dec,8707.227565543064,10516.87751418422,6878.734181228619,HUDA Layout Nalagandla,,
1216,HUDA Layout Nalagandla,2027,Jan-Mar,7953.36329588016,9606.335309253318,6283.17929527868,HUDA Layout Nalagandla,,
1217,HUDA Layout Nalagandla,2027,Apr-Jun,7971.252734082408,9627.942764548863,6297.312001598629,HUDA Layout Nalagandla,,
1218,HUDA Layout Nalagandla,2027,Jul-Sep,8334.419475655437,10066.587569637371,6584.214745318065,HUDA Layout Nalagandla,,
1219,HUDA Layout Nalagandla,2027,Oct-Dec,8707.227565543064,10516.87751418422,6878.734181228619,HUDA Layout Nalagandla,,
1220,HUDA Layout Nalagandla,2028,Jan-Mar,7953.36329588016,9606.335309253318,6283.17929527868,HUDA Layout Nalagandla,,
1221,HUDA Layout Nalagandla,2028,Apr-Jun,7971.252734082408,9627.942764548863,6297.312001598629,HUDA Layout Nalagandla,,
1222,HUDA Layout Nalagandla,2028,Jul-Sep,8334.419475655437,10066.587569637371,6584.214745318065,HUDA Layout Nalagandla,,
1223,HUDA Layout Nalagandla,2028,Oct-Dec,8707.227565543064,10516.87751418422,6878.734181228619,HUDA Layout Nalagandla,,
1224,HUDA Layout Nalagandla,2029,Jan-Mar,7953.36329588016,9606.335309253318,6283.17929527868,HUDA Layout Nalagandla,,
1225,HUDA Layout Nalagandla,2029,Apr-Jun,7971.252734082408,9627.942764548863,6297.312001598629,HUDA Layout Nalagandla,,
1226,HUDA Layout Nalagandla,2029,Jul-Sep,8334.419475655437,10066.587569637371,6584.214745318065,HUDA Layout Nalagandla,,
1227,HUDA Layout Nalagandla,2029,Oct-Dec,8707.227565543064,10516.87751418422,6878.734181228619,HUDA Layout Nalagandla,,
1228,HUDA Layout Nalagandla,2030,Jan-Mar,7953.36329588016,9606.335309253318,6283.17929527868,HUDA Layout Nalagandla,,
1229,HUDA Layout Nalagandla,2030,Apr-Jun,7971.252734082408,9627.942764548863,6297.312001598629,HUDA Layout Nalagandla,,
1230,HUDA Layout Nalagandla,2030,Jul-Sep,8334.419475655437,10066.587569637371,6584.214745318065,HUDA Layout Nalagandla,,
1231,HUDA Layout Nalagandla,2030,Oct-Dec,8707.227565543064,10516.87751418422,6878.734181228619,HUDA Layout Nalagandla,,
1232,Habsiguda Main Road,2024,Jan-Mar,5422.156404494387,7728.778618032676,4025.8402597261424,Habsiguda Main Road,17.4259468,78.5324557
1233,Habsiguda Main Road,2024,Apr-Jun,6126.847940074913,8733.250725843674,4549.059315575725,Habsiguda Main Road,17.4259468,78.5324557
1234,Habsiguda Main Road,2024,Jul-Sep,6273.0843445692935,8941.69709144414,4657.636855715121,Habsiguda Main Road,17.4259468,78.5324557
1235,Habsiguda Main Road,2024,Oct-Dec,6378.516853932585,9091.98130739503,4735.918338065366,Habsiguda Main Road,17.4259468,78.5324557
1236,Habsiguda Main Road,2025,Jan-Mar,5422.156404494387,7728.778618032676,4025.8402597261424,Habsiguda Main Road,17.4259468,78.5324557
1237,Habsiguda Main Road,2025,Apr-Jun,6126.847940074913,8733.250725843674,4549.059315575725,Habsiguda Main Road,17.4259468,78.5324557
1238,Habsiguda Main Road,2025,Jul-Sep,6273.0843445692935,8941.69709144414,4657.636855715121,Habsiguda Main Road,17.4259468,78.5324557
1239,Habsiguda Main Road,2025,Oct-Dec,6378.516853932585,9091.98130739503,4735.918338065366,Habsiguda Main Road,17.4259468,78.5324557
1240,Habsiguda Main Road,2026,Jan-Mar,5422.156404494387,7728.778618032676,4025.8402597261424,Habsiguda Main Road,17.4259468,78.5324557
1241,Habsiguda Main Road,2026,Apr-Jun,6126.847940074913,8733.250725843674,4549.059315575725,Habsiguda Main Road,17.4259468,78.5324557
1242,Habsiguda Main Road,2026,Jul-Sep,6273.0843445692935,8941.69709144414,4657.636855715121,Habsiguda Main Road,17.4259468,78.5324557
1243,Habsiguda Main Road,2026,Oct-Dec,6378.516853932585,9091.98130739503,4735.918338065366,Habsiguda Main Road,17.4259468,78.5324557
1244,Habsiguda Main Road,2027,Jan-Mar,5422.156404494387,7728.778618032676,4025.8402597261424,Habsiguda Main Road,17.4259468,78.5324557
1245,Habsiguda Main Road,2027,Apr-Jun,6126.847940074913,8733.250725843674,4549.059315575725,Habsiguda Main Road,17.4259468,78.5324557
1246,Habsiguda Main Road,2027,Jul-Sep,6273.0843445692935,8941.69709144414,4657.636855715121,Habsiguda Main Road,17.4259468,78.5324557
1247,Habsiguda Main Road,2027,Oct-Dec,6378.516853932585,9091.98130739503,4735.918338065366,Habsiguda Main Road,17.4259468,78.5324557
1248,Habsiguda Main Road,2028,Jan-Mar,5422.156404494387,7728.778618032676,4025.8402597261424,Habsiguda Main Road,17.4259468,78.5324557
1249,Habsiguda Main Road,2028,Apr-Jun,6126.847940074913,8733.250725843674,4549.059315575725,Habsiguda Main Road,17.4259468,78.5324557
1250,Habsiguda Main Road,2028,Jul-Sep,6273.0843445692935,8941.69709144414,4657.636855715121,Habsiguda Main Road,17.4259468,78.5324557
1251,Habsiguda Main Road,2028,Oct-Dec,6378.516853932585,9091.98130739503,4735.918338065366,Habsiguda Main Road,17.4259468,78.5324557
1252,Habsiguda Main Road,2029,Jan-Mar,5422.156404494387,7728.778618032676,4025.8402597261424,Habsiguda Main Road,17.4259468,78.5324557
1253,Habsiguda Main Road,2029,Apr-Jun,6126.847940074913,8733.250725843674,4549.059315575725,Habsiguda Main Road,17.4259468,78.5324557
1254,Habsiguda Main Road,2029,Jul-Sep,6273.0843445692935,8941.69709144414,4657.636855715121,Habsiguda Main Road,17.4259468,78.5324557
1255,Habsiguda Main Road,2029,Oct-Dec,6378.516853932585,9091.98130739503,4735.918338065366,Habsiguda Main Road,17.4259468,78.5324557
1256,Habsiguda Main Road,2030,Jan-Mar,5422.156404494387,7728.778618032676,4025.8402597261424,Habsiguda Main Road,17.4259468,78.5324557
1257,Habsiguda Main Road,2030,Apr-Jun,6126.847940074913,8733.250725843674,4549.059315575725,Habsiguda Main Road,17.4259468,78.5324557
1258,Habsiguda Main Road,2030,Jul-Sep,6273.0843445692935,8941.69709144414,4657.636855715121,Habsiguda Main Road,17.4259468,78.5324557
1259,Habsiguda Main Road,2030,Oct-Dec,6378.516853932585,9091.98130739503,4735.918338065366,Habsiguda Main Road,17.4259468,78.5324557
1260,Hafeezpet,2024,Jan-Mar,6175.983520599259,7411.291510146565,4940.675531051951,Hafeezpet,17.4834409,78.3611316
1261,Hafeezpet,2024,Apr-Jun,6387.1922097378365,7664.745742895237,5109.638676580435,Hafeezpet,17.4834409,78.3611316
1262,Hafeezpet,2024,Jul-Sep,6509.343820224716,7811.329876536886,5207.357763912546,Hafeezpet,17.4834409,78.3611316
1263,Hafeezpet,2024,Oct-Dec,6615.02711610486,7938.151735906876,5291.902496302842,Hafeezpet,17.4834409,78.3611316
1264,Hafeezpet,2025,Jan-Mar,6175.983520599259,7411.291510146565,4940.675531051951,Hafeezpet,17.4834409,78.3611316
1265,Hafeezpet,2025,Apr-Jun,6387.1922097378365,7664.745742895237,5109.638676580435,Hafeezpet,17.4834409,78.3611316
1266,Hafeezpet,2025,Jul-Sep,6509.343820224716,7811.329876536886,5207.357763912546,Hafeezpet,17.4834409,78.3611316
1267,Hafeezpet,2025,Oct-Dec,6615.02711610486,7938.151735906876,5291.902496302842,Hafeezpet,17.4834409,78.3611316
1268,Hafeezpet,2026,Jan-Mar,6175.983520599259,7411.291510146565,4940.675531051951,Hafeezpet,17.4834409,78.3611316
1269,Hafeezpet,2026,Apr-Jun,6387.1922097378365,7664.745742895237,5109.638676580435,Hafeezpet,17.4834409,78.3611316
1270,Hafeezpet,2026,Jul-Sep,6509.343820224716,7811.329876536886,5207.357763912546,Hafeezpet,17.4834409,78.3611316
1271,Hafeezpet,2026,Oct-Dec,6615.02711610486,7938.151735906876,5291.902496302842,Hafeezpet,17.4834409,78.3611316
1272,Hafeezpet,2027,Jan-Mar,6175.983520599259,7411.291510146565,4940.675531051951,Hafeezpet,17.4834409,78.3611316
1273,Hafeezpet,2027,Apr-Jun,6387.1922097378365,7664.745742895237,5109.638676580435,Hafeezpet,17.4834409,78.3611316
1274,Hafeezpet,2027,Jul-Sep,6509.343820224716,7811.329876536886,5207.357763912546,Hafeezpet,17.4834409,78.3611316
1275,Hafeezpet,2027,Oct-Dec,6615.02711610486,7938.151735906876,5291.902496302842,Hafeezpet,17.4834409,78.3611316
1276,Hafeezpet,2028,Jan-Mar,6175.983520599259,7411.291510146565,4940.675531051951,Hafeezpet,17.4834409,78.3611316
1277,Hafeezpet,2028,Apr-Jun,6387.1922097378365,7664.745742895237,5109.638676580435,Hafeezpet,17.4834409,78.3611316
1278,Hafeezpet,2028,Jul-Sep,6509.343820224716,7811.329876536886,5207.357763912546,Hafeezpet,17.4834409,78.3611316
1279,Hafeezpet,2028,Oct-Dec,6615.02711610486,7938.151735906876,5291.902496302842,Hafeezpet,17.4834409,78.3611316
1280,Hafeezpet,2029,Jan-Mar,6175.983520599259,7411.291510146565,4940.675531051951,Hafeezpet,17.4834409,78.3611316
1281,Hafeezpet,2029,Apr-Jun,6387.1922097378365,7664.745742895237,5109.638676580435,Hafeezpet,17.4834409,78.3611316
1282,Hafeezpet,2029,Jul-Sep,6509.343820224716,7811.329876536886,5207.357763912546,Hafeezpet,17.4834409,78.3611316
1283,Hafeezpet,2029,Oct-Dec,6615.02711610486,7938.151735906876,5291.902496302842,Hafeezpet,17.4834409,78.3611316
1284,Hafeezpet,2030,Jan-Mar,6175.983520599259,7411.291510146565,4940.675531051951,Hafeezpet,17.4834409,78.3611316
1285,Hafeezpet,2030,Apr-Jun,6387.1922097378365,7664.745742895237,5109.638676580435,Hafeezpet,17.4834409,78.3611316
1286,Hafeezpet,2030,Jul-Sep,6509.343820224716,7811.329876536886,5207.357763912546,Hafeezpet,17.4834409,78.3611316
1287,Hafeezpet,2030,Oct-Dec,6615.02711610486,7938.151735906876,5291.902496302842,Hafeezpet,17.4834409,78.3611316
1288,Hafeezpet Road,2024,Jan-Mar,6224.320299625477,8268.241517776594,5001.0458758041805,Hafeezpet Road,17.4823997,78.3630141
1289,Hafeezpet Road,2024,Apr-Jun,6388.325393258436,8486.102048569726,5132.818817690436,Hafeezpet Road,17.4823997,78.3630141
1290,Hafeezpet Road,2024,Jul-Sep,6485.379775280897,8615.026819836487,5210.798965494101,Hafeezpet Road,17.4823997,78.3630141
1291,Hafeezpet Road,2024,Oct-Dec,6595.475056179769,8761.274816183028,5299.257065974235,Hafeezpet Road,17.4823997,78.3630141
1292,Hafeezpet Road,2025,Jan-Mar,6224.320299625477,8268.241517776594,5001.0458758041805,Hafeezpet Road,17.4823997,78.3630141
1293,Hafeezpet Road,2025,Apr-Jun,6388.325393258436,8486.102048569726,5132.818817690436,Hafeezpet Road,17.4823997,78.3630141
1294,Hafeezpet Road,2025,Jul-Sep,6485.379775280897,8615.026819836487,5210.798965494101,Hafeezpet Road,17.4823997,78.3630141
1295,Hafeezpet Road,2025,Oct-Dec,6595.475056179769,8761.274816183028,5299.257065974235,Hafeezpet Road,17.4823997,78.3630141
1296,Hafeezpet Road,2026,Jan-Mar,6224.320299625477,8268.241517776594,5001.0458758041805,Hafeezpet Road,17.4823997,78.3630141
1297,Hafeezpet Road,2026,Apr-Jun,6388.325393258436,8486.102048569726,5132.818817690436,Hafeezpet Road,17.4823997,78.3630141
1298,Hafeezpet Road,2026,Jul-Sep,6485.379775280897,8615.026819836487,5210.798965494101,Hafeezpet Road,17.4823997,78.3630141
1299,Hafeezpet Road,2026,Oct-Dec,6595.475056179769,8761.274816183028,5299.257065974235,Hafeezpet Road,17.4823997,78.3630141
1300,Hafeezpet Road,2027,Jan-Mar,6224.320299625477,8268.241517776594,5001.0458758041805,Hafeezpet Road,17.4823997,78.3630141
1301,Hafeezpet Road,2027,Apr-Jun,6388.325393258436,8486.102048569726,5132.818817690436,Hafeezpet Road,17.4823997,78.3630141
1302,Hafeezpet Road,2027,Jul-Sep,6485.379775280897,8615.026819836487,5210.798965494101,Hafeezpet Road,17.4823997,78.3630141
1303,Hafeezpet Road,2027,Oct-Dec,6595.475056179769,8761.274816183028,5299.257065974235,Hafeezpet Road,17.4823997,78.3630141
1304,Hafeezpet Road,2028,Jan-Mar,6224.320299625477,8268.241517776594,5001.0458758041805,Hafeezpet Road,17.4823997,78.3630141
1305,Hafeezpet Road,2028,Apr-Jun,6388.325393258436,8486.102048569726,5132.818817690436,Hafeezpet Road,17.4823997,78.3630141
1306,Hafeezpet Road,2028,Jul-Sep,6485.379775280897,8615.026819836487,5210.798965494101,Hafeezpet Road,17.4823997,78.3630141
1307,Hafeezpet Road,2028,Oct-Dec,6595.475056179769,8761.274816183028,5299.257065974235,Hafeezpet Road,17.4823997,78.3630141
1308,Hafeezpet Road,2029,Jan-Mar,6224.320299625477,8268.241517776594,5001.0458758041805,Hafeezpet Road,17.4823997,78.3630141
1309,Hafeezpet Road,2029,Apr-Jun,6388.325393258436,8486.102048569726,5132.818817690436,Hafeezpet Road,17.4823997,78.3630141
1310,Hafeezpet Road,2029,Jul-Sep,6485.379775280897,8615.026819836487,5210.798965494101,Hafeezpet Road,17.4823997,78.3630141
1311,Hafeezpet Road,2029,Oct-Dec,6595.475056179769,8761.274816183028,5299.257065974235,Hafeezpet Road,17.4823997,78.3630141
1312,Hafeezpet Road,2030,Jan-Mar,6224.320299625477,8268.241517776594,5001.0458758041805,Hafeezpet Road,17.4823997,78.3630141
1313,Hafeezpet Road,2030,Apr-Jun,6388.325393258436,8486.102048569726,5132.818817690436,Hafeezpet Road,17.4823997,78.3630141
1314,Hafeezpet Road,2030,Jul-Sep,6485.379775280897,8615.026819836487,5210.798965494101,Hafeezpet Road,17.4823997,78.3630141
1315,Hafeezpet Road,2030,Oct-Dec,6595.475056179769,8761.274816183028,5299.257065974235,Hafeezpet Road,17.4823997,78.3630141
1316,Hanamkonda Hyderabad Road,2024,Jan-Mar,4621.590112359554,6141.693262981881,3101.486961737226,Hanamkonda Hyderabad Road,,
1317,Hanamkonda Hyderabad Road,2024,Apr-Jun,4659.254531835209,6191.746016628104,3126.7630470423123,Hanamkonda Hyderabad Road,,
1318,Hanamkonda Hyderabad Road,2024,Jul-Sep,4739.887041198504,6298.899642868022,3180.874439528986,Hanamkonda Hyderabad Road,,
1319,Hanamkonda Hyderabad Road,2024,Oct-Dec,4855.118801498132,6452.032679054227,3258.2049239420357,Hanamkonda Hyderabad Road,,
1320,Hanamkonda Hyderabad Road,2025,Jan-Mar,4621.590112359554,6141.693262981881,3101.486961737226,Hanamkonda Hyderabad Road,,
1321,Hanamkonda Hyderabad Road,2025,Apr-Jun,4659.254531835209,6191.746016628104,3126.7630470423123,Hanamkonda Hyderabad Road,,
1322,Hanamkonda Hyderabad Road,2025,Jul-Sep,4739.887041198504,6298.899642868022,3180.874439528986,Hanamkonda Hyderabad Road,,
1323,Hanamkonda Hyderabad Road,2025,Oct-Dec,4855.118801498132,6452.032679054227,3258.2049239420357,Hanamkonda Hyderabad Road,,
1324,Hanamkonda Hyderabad Road,2026,Jan-Mar,4621.590112359554,6141.693262981881,3101.486961737226,Hanamkonda Hyderabad Road,,
1325,Hanamkonda Hyderabad Road,2026,Apr-Jun,4659.254531835209,6191.746016628104,3126.7630470423123,Hanamkonda Hyderabad Road,,
1326,Hanamkonda Hyderabad Road,2026,Jul-Sep,4739.887041198504,6298.899642868022,3180.874439528986,Hanamkonda Hyderabad Road,,
1327,Hanamkonda Hyderabad Road,2026,Oct-Dec,4855.118801498132,6452.032679054227,3258.2049239420357,Hanamkonda Hyderabad Road,,
1328,Hanamkonda Hyderabad Road,2027,Jan-Mar,4621.590112359554,6141.693262981881,3101.486961737226,Hanamkonda Hyderabad Road,,
1329,Hanamkonda Hyderabad Road,2027,Apr-Jun,4659.254531835209,6191.746016628104,3126.7630470423123,Hanamkonda Hyderabad Road,,
1330,Hanamkonda Hyderabad Road,2027,Jul-Sep,4739.887041198504,6298.899642868022,3180.874439528986,Hanamkonda Hyderabad Road,,
1331,Hanamkonda Hyderabad Road,2027,Oct-Dec,4855.118801498132,6452.032679054227,3258.2049239420357,Hanamkonda Hyderabad Road,,
1332,Hanamkonda Hyderabad Road,2028,Jan-Mar,4621.590112359554,6141.693262981881,3101.486961737226,Hanamkonda Hyderabad Road,,
1333,Hanamkonda Hyderabad Road,2028,Apr-Jun,4659.254531835209,6191.746016628104,3126.7630470423123,Hanamkonda Hyderabad Road,,
1334,Hanamkonda Hyderabad Road,2028,Jul-Sep,4739.887041198504,6298.899642868022,3180.874439528986,Hanamkonda Hyderabad Road,,
1335,Hanamkonda Hyderabad Road,2028,Oct-Dec,4855.118801498132,6452.032679054227,3258.2049239420357,Hanamkonda Hyderabad Road,,
1336,Hanamkonda Hyderabad Road,2029,Jan-Mar,4621.590112359554,6141.693262981881,3101.486961737226,Hanamkonda Hyderabad Road,,
1337,Hanamkonda Hyderabad Road,2029,Apr-Jun,4659.254531835209,6191.746016628104,3126.7630470423123,Hanamkonda Hyderabad Road,,
1338,Hanamkonda Hyderabad Road,2029,Jul-Sep,4739.887041198504,6298.899642868022,3180.874439528986,Hanamkonda Hyderabad Road,,
1339,Hanamkonda Hyderabad Road,2029,Oct-Dec,4855.118801498132,6452.032679054227,3258.2049239420357,Hanamkonda Hyderabad Road,,
1340,Hanamkonda Hyderabad Road,2030,Jan-Mar,4621.590112359554,6141.693262981881,3101.486961737226,Hanamkonda Hyderabad Road,,
1341,Hanamkonda Hyderabad Road,2030,Apr-Jun,4659.254531835209,6191.746016628104,3126.7630470423123,Hanamkonda Hyderabad Road,,
1342,Hanamkonda Hyderabad Road,2030,Jul-Sep,4739.887041198504,6298.899642868022,3180.874439528986,Hanamkonda Hyderabad Road,,
1343,Hanamkonda Hyderabad Road,2030,Oct-Dec,4855.118801498132,6452.032679054227,3258.2049239420357,Hanamkonda Hyderabad Road,,
1344,Hastinapuram,2024,Jan-Mar,5187.188014981273,6153.526430344641,4220.849599617905,Hastinapuram,13.3105344,79.0380263
1345,Hastinapuram,2024,Apr-Jun,5223.951460674155,6197.138659955042,4250.764261393268,Hastinapuram,13.3105344,79.0380263
1346,Hastinapuram,2024,Jul-Sep,5290.261273408234,6275.801547066882,4304.720999749586,Hastinapuram,13.3105344,79.0380263
1347,Hastinapuram,2024,Oct-Dec,5280.406292134827,6264.110648730189,4296.701935539465,Hastinapuram,13.3105344,79.0380263
1348,Hastinapuram,2025,Jan-Mar,5187.188014981273,6153.526430344641,4220.849599617905,Hastinapuram,13.3105344,79.0380263
1349,Hastinapuram,2025,Apr-Jun,5223.951460674155,6197.138659955042,4250.764261393268,Hastinapuram,13.3105344,79.0380263
1350,Hastinapuram,2025,Jul-Sep,5290.261273408234,6275.801547066882,4304.720999749586,Hastinapuram,13.3105344,79.0380263
1351,Hastinapuram,2025,Oct-Dec,5280.406292134827,6264.110648730189,4296.701935539465,Hastinapuram,13.3105344,79.0380263
1352,Hastinapuram,2026,Jan-Mar,5187.188014981273,6153.526430344641,4220.849599617905,Hastinapuram,13.3105344,79.0380263
1353,Hastinapuram,2026,Apr-Jun,5223.951460674155,6197.138659955042,4250.764261393268,Hastinapuram,13.3105344,79.0380263
1354,Hastinapuram,2026,Jul-Sep,5290.261273408234,6275.801547066882,4304.720999749586,Hastinapuram,13.3105344,79.0380263
1355,Hastinapuram,2026,Oct-Dec,5280.406292134827,6264.110648730189,4296.701935539465,Hastinapuram,13.3105344,79.0380263
1356,Hastinapuram,2027,Jan-Mar,5187.188014981273,6153.526430344641,4220.849599617905,Hastinapuram,13.3105344,79.0380263
1357,Hastinapuram,2027,Apr-Jun,5223.951460674155,6197.138659955042,4250.764261393268,Hastinapuram,13.3105344,79.0380263
1358,Hastinapuram,2027,Jul-Sep,5290.261273408234,6275.801547066882,4304.720999749586,Hastinapuram,13.3105344,79.0380263
1359,Hastinapuram,2027,Oct-Dec,5280.406292134827,6264.110648730189,4296.701935539465,Hastinapuram,13.3105344,79.0380263
1360,Hastinapuram,2028,Jan-Mar,5187.188014981273,6153.526430344641,4220.849599617905,Hastinapuram,13.3105344,79.0380263
1361,Hastinapuram,2028,Apr-Jun,5223.951460674155,6197.138659955042,4250.764261393268,Hastinapuram,13.3105344,79.0380263
1362,Hastinapuram,2028,Jul-Sep,5290.261273408234,6275.801547066882,4304.720999749586,Hastinapuram,13.3105344,79.0380263
1363,Hastinapuram,2028,Oct-Dec,5280.406292134827,6264.110648730189,4296.701935539465,Hastinapuram,13.3105344,79.0380263
1364,Hastinapuram,2029,Jan-Mar,5187.188014981273,6153.526430344641,4220.849599617905,Hastinapuram,13.3105344,79.0380263
1365,Hastinapuram,2029,Apr-Jun,5223.951460674155,6197.138659955042,4250.764261393268,Hastinapuram,13.3105344,79.0380263
1366,Hastinapuram,2029,Jul-Sep,5290.261273408234,6275.801547066882,4304.720999749586,Hastinapuram,13.3105344,79.0380263
1367,Hastinapuram,2029,Oct-Dec,5280.406292134827,6264.110648730189,4296.701935539465,Hastinapuram,13.3105344,79.0380263
1368,Hastinapuram,2030,Jan-Mar,5187.188014981273,6153.526430344641,4220.849599617905,Hastinapuram,13.3105344,79.0380263
1369,Hastinapuram,2030,Apr-Jun,5223.951460674155,6197.138659955042,4250.764261393268,Hastinapuram,13.3105344,79.0380263
1370,Hastinapuram,2030,Jul-Sep,5290.261273408234,6275.801547066882,4304.720999749586,Hastinapuram,13.3105344,79.0380263
1371,Hastinapuram,2030,Oct-Dec,5280.406292134827,6264.110648730189,4296.701935539465,Hastinapuram,13.3105344,79.0380263
1372,Hi Tension Road,2024,Jan-Mar,4892.24449438202,5926.425011826258,3834.676810102769,Hi Tension Road,,
1373,Hi Tension Road,2024,Apr-Jun,4902.508164794003,5938.858338311181,3842.7217594017193,Hi Tension Road,,
1374,Hi Tension Road,2024,Jul-Sep,4966.254382022466,6016.079985067778,3892.687811020454,Hi Tension Road,,
1375,Hi Tension Road,2024,Oct-Dec,5026.5360299625445,6089.104680893269,3939.9382372197274,Hi Tension Road,,
1376,Hi Tension Road,2025,Jan-Mar,4892.24449438202,5926.425011826258,3834.676810102769,Hi Tension Road,,
1377,Hi Tension Road,2025,Apr-Jun,4902.508164794003,5938.858338311181,3842.7217594017193,Hi Tension Road,,
1378,Hi Tension Road,2025,Jul-Sep,4966.254382022466,6016.079985067778,3892.687811020454,Hi Tension Road,,
1379,Hi Tension Road,2025,Oct-Dec,5026.5360299625445,6089.104680893269,3939.9382372197274,Hi Tension Road,,
1380,Hi Tension Road,2026,Jan-Mar,4892.24449438202,5926.425011826258,3834.676810102769,Hi Tension Road,,
1381,Hi Tension Road,2026,Apr-Jun,4902.508164794003,5938.858338311181,3842.7217594017193,Hi Tension Road,,
1382,Hi Tension Road,2026,Jul-Sep,4966.254382022466,6016.079985067778,3892.687811020454,Hi Tension Road,,
1383,Hi Tension Road,2026,Oct-Dec,5026.5360299625445,6089.104680893269,3939.9382372197274,Hi Tension Road,,
1384,Hi Tension Road,2027,Jan-Mar,4892.24449438202,5926.425011826258,3834.676810102769,Hi Tension Road,,
1385,Hi Tension Road,2027,Apr-Jun,4902.508164794003,5938.858338311181,3842.7217594017193,Hi Tension Road,,
1386,Hi Tension Road,2027,Jul-Sep,4966.254382022466,6016.079985067778,3892.687811020454,Hi Tension Road,,
1387,Hi Tension Road,2027,Oct-Dec,5026.5360299625445,6089.104680893269,3939.9382372197274,Hi Tension Road,,
1388,Hi Tension Road,2028,Jan-Mar,4892.24449438202,5926.425011826258,3834.676810102769,Hi Tension Road,,
1389,Hi Tension Road,2028,Apr-Jun,4902.508164794003,5938.858338311181,3842.7217594017193,Hi Tension Road,,
1390,Hi Tension Road,2028,Jul-Sep,4966.254382022466,6016.079985067778,3892.687811020454,Hi Tension Road,,
1391,Hi Tension Road,2028,Oct-Dec,5026.5360299625445,6089.104680893269,3939.9382372197274,Hi Tension Road,,
1392,Hi Tension Road,2029,Jan-Mar,4892.24449438202,5926.425011826258,3834.676810102769,Hi Tension Road,,
1393,Hi Tension Road,2029,Apr-Jun,4902.508164794003,5938.858338311181,3842.7217594017193,Hi Tension Road,,
1394,Hi Tension Road,2029,Jul-Sep,4966.254382022466,6016.079985067778,3892.687811020454,Hi Tension Road,,
1395,Hi Tension Road,2029,Oct-Dec,5026.5360299625445,6089.104680893269,3939.9382372197274,Hi Tension Road,,
1396,Hi Tension Road,2030,Jan-Mar,4892.24449438202,5926.425011826258,3834.676810102769,Hi Tension Road,,
1397,Hi Tension Road,2030,Apr-Jun,4902.508164794003,5938.858338311181,3842.7217594017193,Hi Tension Road,,
1398,Hi Tension Road,2030,Jul-Sep,4966.254382022466,6016.079985067778,3892.687811020454,Hi Tension Road,,
1399,Hi Tension Road,2030,Oct-Dec,5026.5360299625445,6089.104680893269,3939.9382372197274,Hi Tension Road,,
1400,Hill Country Road,2024,Jan-Mar,4183.540374531838,5111.951878875099,3222.0492425577463,Hill Country Road,26.2952202,-98.1835078
1401,Hill Country Road,2024,Apr-Jun,4180.623820224725,5108.388082679692,3219.8029915944903,Hill Country Road,26.2952202,-98.1835078
1402,Hill Country Road,2024,Jul-Sep,4220.786816479402,5157.464053217761,3250.7354411649603,Hill Country Road,26.2952202,-98.1835078
1403,Hill Country Road,2024,Oct-Dec,4590.130337078649,5608.772307721927,3535.193795633116,Hill Country Road,26.2952202,-98.1835078
1404,Hill Country Road,2025,Jan-Mar,4183.540374531838,5111.951878875099,3222.0492425577463,Hill Country Road,26.2952202,-98.1835078
1405,Hill Country Road,2025,Apr-Jun,4180.623820224725,5108.388082679692,3219.8029915944903,Hill Country Road,26.2952202,-98.1835078
1406,Hill Country Road,2025,Jul-Sep,4220.786816479402,5157.464053217761,3250.7354411649603,Hill Country Road,26.2952202,-98.1835078
1407,Hill Country Road,2025,Oct-Dec,4590.130337078649,5608.772307721927,3535.193795633116,Hill Country Road,26.2952202,-98.1835078
1408,Hill Country Road,2026,Jan-Mar,4183.540374531838,5111.951878875099,3222.0492425577463,Hill Country Road,26.2952202,-98.1835078
1409,Hill Country Road,2026,Apr-Jun,4180.623820224725,5108.388082679692,3219.8029915944903,Hill Country Road,26.2952202,-98.1835078
1410,Hill Country Road,2026,Jul-Sep,4220.786816479402,5157.464053217761,3250.7354411649603,Hill Country Road,26.2952202,-98.1835078
1411,Hill Country Road,2026,Oct-Dec,4590.130337078649,5608.772307721927,3535.193795633116,Hill Country Road,26.2952202,-98.1835078
1412,Hill Country Road,2027,Jan-Mar,4183.540374531838,5111.951878875099,3222.0492425577463,Hill Country Road,26.2952202,-98.1835078
1413,Hill Country Road,2027,Apr-Jun,4180.623820224725,5108.388082679692,3219.8029915944903,Hill Country Road,26.2952202,-98.1835078
1414,Hill Country Road,2027,Jul-Sep,4220.786816479402,5157.464053217761,3250.7354411649603,Hill Country Road,26.2952202,-98.1835078
1415,Hill Country Road,2027,Oct-Dec,4590.130337078649,5608.772307721927,3535.193795633116,Hill Country Road,26.2952202,-98.1835078
1416,Hill Country Road,2028,Jan-Mar,4183.540374531838,5111.951878875099,3222.0492425577463,Hill Country Road,26.2952202,-98.1835078
1417,Hill Country Road,2028,Apr-Jun,4180.623820224725,5108.388082679692,3219.8029915944903,Hill Country Road,26.2952202,-98.1835078
1418,Hill Country Road,2028,Jul-Sep,4220.786816479402,5157.464053217761,3250.7354411649603,Hill Country Road,26.2952202,-98.1835078
1419,Hill Country Road,2028,Oct-Dec,4590.130337078649,5608.772307721927,3535.193795633116,Hill Country Road,26.2952202,-98.1835078
1420,Hill Country Road,2029,Jan-Mar,4183.540374531838,5111.951878875099,3222.0492425577463,Hill Country Road,26.2952202,-98.1835078
1421,Hill Country Road,2029,Apr-Jun,4180.623820224725,5108.388082679692,3219.8029915944903,Hill Country Road,26.2952202,-98.1835078
1422,Hill Country Road,2029,Jul-Sep,4220.786816479402,5157.464053217761,3250.7354411649603,Hill Country Road,26.2952202,-98.1835078
1423,Hill Country Road,2029,Oct-Dec,4590.130337078649,5608.772307721927,3535.193795633116,Hill Country Road,26.2952202,-98.1835078
1424,Hill Country Road,2030,Jan-Mar,4183.540374531838,5111.951878875099,3222.0492425577463,Hill Country Road,26.2952202,-98.1835078
1425,Hill Country Road,2030,Apr-Jun,4180.623820224725,5108.388082679692,3219.8029915944903,Hill Country Road,26.2952202,-98.1835078
1426,Hill Country Road,2030,Jul-Sep,4220.786816479402,5157.464053217761,3250.7354411649603,Hill Country Road,26.2952202,-98.1835078
1427,Hill Country Road,2030,Oct-Dec,4590.130337078649,5608.772307721927,3535.193795633116,Hill Country Road,26.2952202,-98.1835078
1428,Himayat Nagar Road,2024,Jan-Mar,7144.372434456922,8770.245238633079,5051.43384798829,Himayat Nagar Road,18.41359725470993,76.59629707460677
1429,Himayat Nagar Road,2024,Apr-Jun,7163.40434456928,8793.6083150371,5064.890374200412,Himayat Nagar Road,18.41359725470993,76.59629707460677
1430,Himayat Nagar Road,2024,Jul-Sep,7198.310112359539,8836.457725054821,5089.57052330005,Himayat Nagar Road,18.41359725470993,76.59629707460677
1431,Himayat Nagar Road,2024,Oct-Dec,7209.771985018719,8850.528020946756,5097.674648895836,Himayat Nagar Road,18.41359725470993,76.59629707460677
1432,Himayat Nagar Road,2025,Jan-Mar,7144.372434456922,8770.245238633079,5051.43384798829,Himayat Nagar Road,18.41359725470993,76.59629707460677
1433,Himayat Nagar Road,2025,Apr-Jun,7163.40434456928,8793.6083150371,5064.890374200412,Himayat Nagar Road,18.41359725470993,76.59629707460677
1434,Himayat Nagar Road,2025,Jul-Sep,7198.310112359539,8836.457725054821,5089.57052330005,Himayat Nagar Road,18.41359725470993,76.59629707460677
1435,Himayat Nagar Road,2025,Oct-Dec,7209.771985018719,8850.528020946756,5097.674648895836,Himayat Nagar Road,18.41359725470993,76.59629707460677
1436,Himayat Nagar Road,2026,Jan-Mar,7144.372434456922,8770.245238633079,5051.43384798829,Himayat Nagar Road,18.41359725470993,76.59629707460677
1437,Himayat Nagar Road,2026,Apr-Jun,7163.40434456928,8793.6083150371,5064.890374200412,Himayat Nagar Road,18.41359725470993,76.59629707460677
1438,Himayat Nagar Road,2026,Jul-Sep,7198.310112359539,8836.457725054821,5089.57052330005,Himayat Nagar Road,18.41359725470993,76.59629707460677
1439,Himayat Nagar Road,2026,Oct-Dec,7209.771985018719,8850.528020946756,5097.674648895836,Himayat Nagar Road,18.41359725470993,76.59629707460677
1440,Himayat Nagar Road,2027,Jan-Mar,7144.372434456922,8770.245238633079,5051.43384798829,Himayat Nagar Road,18.41359725470993,76.59629707460677
1441,Himayat Nagar Road,2027,Apr-Jun,7163.40434456928,8793.6083150371,5064.890374200412,Himayat Nagar Road,18.41359725470993,76.59629707460677
1442,Himayat Nagar Road,2027,Jul-Sep,7198.310112359539,8836.457725054821,5089.57052330005,Himayat Nagar Road,18.41359725470993,76.59629707460677
1443,Himayat Nagar Road,2027,Oct-Dec,7209.771985018719,8850.528020946756,5097.674648895836,Himayat Nagar Road,18.41359725470993,76.59629707460677
1444,Himayat Nagar Road,2028,Jan-Mar,7144.372434456922,8770.245238633079,5051.43384798829,Himayat Nagar Road,18.41359725470993,76.59629707460677
1445,Himayat Nagar Road,2028,Apr-Jun,7163.40434456928,8793.6083150371,5064.890374200412,Himayat Nagar Road,18.41359725470993,76.59629707460677
1446,Himayat Nagar Road,2028,Jul-Sep,7198.310112359539,8836.457725054821,5089.57052330005,Himayat Nagar Road,18.41359725470993,76.59629707460677
1447,Himayat Nagar Road,2028,Oct-Dec,7209.771985018719,8850.528020946756,5097.674648895836,Himayat Nagar Road,18.41359725470993,76.59629707460677
1448,Himayat Nagar Road,2029,Jan-Mar,7144.372434456922,8770.245238633079,5051.43384798829,Himayat Nagar Road,18.41359725470993,76.59629707460677
1449,Himayat Nagar Road,2029,Apr-Jun,7163.40434456928,8793.6083150371,5064.890374200412,Himayat Nagar Road,18.41359725470993,76.59629707460677
1450,Himayat Nagar Road,2029,Jul-Sep,7198.310112359539,8836.457725054821,5089.57052330005,Himayat Nagar Road,18.41359725470993,76.59629707460677
1451,Himayat Nagar Road,2029,Oct-Dec,7209.771985018719,8850.528020946756,5097.674648895836,Himayat Nagar Road,18.41359725470993,76.59629707460677
1452,Himayat Nagar Road,2030,Jan-Mar,7144.372434456922,8770.245238633079,5051.43384798829,Himayat Nagar Road,18.41359725470993,76.59629707460677
1453,Himayat Nagar Road,2030,Apr-Jun,7163.40434456928,8793.6083150371,5064.890374200412,Himayat Nagar Road,18.41359725470993,76.59629707460677
1454,Himayat Nagar Road,2030,Jul-Sep,7198.310112359539,8836.457725054821,5089.57052330005,Himayat Nagar Road,18.41359725470993,76.59629707460677
1455,Himayat Nagar Road,2030,Oct-Dec,7209.771985018719,8850.528020946756,5097.674648895836,Himayat Nagar Road,18.41359725470993,76.59629707460677
1456,Himayatnagar,2024,Jan-Mar,7285.007940074908,9018.716534793431,5350.964571949055,Himayatnagar,19.4112104,77.8437928324421
1457,Himayatnagar,2024,Apr-Jun,7294.547116104872,9030.525873272867,5357.971262044906,Himayatnagar,19.4112104,77.8437928324421
1458,Himayatnagar,2024,Jul-Sep,7326.9543071161,9070.6454272697,5381.774905418242,Himayatnagar,19.4112104,77.8437928324421
1459,Himayatnagar,2024,Oct-Dec,7298.541123595503,9035.470386949746,5360.904929757869,Himayatnagar,19.4112104,77.8437928324421
1460,Himayatnagar,2025,Jan-Mar,7285.007940074908,9018.716534793431,5350.964571949055,Himayatnagar,19.4112104,77.8437928324421
1461,Himayatnagar,2025,Apr-Jun,7294.547116104872,9030.525873272867,5357.971262044906,Himayatnagar,19.4112104,77.8437928324421
1462,Himayatnagar,2025,Jul-Sep,7326.9543071161,9070.6454272697,5381.774905418242,Himayatnagar,19.4112104,77.8437928324421
1463,Himayatnagar,2025,Oct-Dec,7298.541123595503,9035.470386949746,5360.904929757869,Himayatnagar,19.4112104,77.8437928324421
1464,Himayatnagar,2026,Jan-Mar,7285.007940074908,9018.716534793431,5350.964571949055,Himayatnagar,19.4112104,77.8437928324421
1465,Himayatnagar,2026,Apr-Jun,7294.547116104872,9030.525873272867,5357.971262044906,Himayatnagar,19.4112104,77.8437928324421
1466,Himayatnagar,2026,Jul-Sep,7326.9543071161,9070.6454272697,5381.774905418242,Himayatnagar,19.4112104,77.8437928324421
1467,Himayatnagar,2026,Oct-Dec,7298.541123595503,9035.470386949746,5360.904929757869,Himayatnagar,19.4112104,77.8437928324421
1468,Himayatnagar,2027,Jan-Mar,7285.007940074908,9018.716534793431,5350.964571949055,Himayatnagar,19.4112104,77.8437928324421
1469,Himayatnagar,2027,Apr-Jun,7294.547116104872,9030.525873272867,5357.971262044906,Himayatnagar,19.4112104,77.8437928324421
1470,Himayatnagar,2027,Jul-Sep,7326.9543071161,9070.6454272697,5381.774905418242,Himayatnagar,19.4112104,77.8437928324421
1471,Himayatnagar,2027,Oct-Dec,7298.541123595503,9035.470386949746,5360.904929757869,Himayatnagar,19.4112104,77.8437928324421
1472,Himayatnagar,2028,Jan-Mar,7285.007940074908,9018.716534793431,5350.964571949055,Himayatnagar,19.4112104,77.8437928324421
1473,Himayatnagar,2028,Apr-Jun,7294.547116104872,9030.525873272867,5357.971262044906,Himayatnagar,19.4112104,77.8437928324421
1474,Himayatnagar,2028,Jul-Sep,7326.9543071161,9070.6454272697,5381.774905418242,Himayatnagar,19.4112104,77.8437928324421
1475,Himayatnagar,2028,Oct-Dec,7298.541123595503,9035.470386949746,5360.904929757869,Himayatnagar,19.4112104,77.8437928324421
1476,Himayatnagar,2029,Jan-Mar,7285.007940074908,9018.716534793431,5350.964571949055,Himayatnagar,19.4112104,77.8437928324421
1477,Himayatnagar,2029,Apr-Jun,7294.547116104872,9030.525873272867,5357.971262044906,Himayatnagar,19.4112104,77.8437928324421
1478,Himayatnagar,2029,Jul-Sep,7326.9543071161,9070.6454272697,5381.774905418242,Himayatnagar,19.4112104,77.8437928324421
1479,Himayatnagar,2029,Oct-Dec,7298.541123595503,9035.470386949746,5360.904929757869,Himayatnagar,19.4112104,77.8437928324421
1480,Himayatnagar,2030,Jan-Mar,7285.007940074908,9018.716534793431,5350.964571949055,Himayatnagar,19.4112104,77.8437928324421
1481,Himayatnagar,2030,Apr-Jun,7294.547116104872,9030.525873272867,5357.971262044906,Himayatnagar,19.4112104,77.8437928324421
1482,Himayatnagar,2030,Jul-Sep,7326.9543071161,9070.6454272697,5381.774905418242,Himayatnagar,19.4112104,77.8437928324421
1483,Himayatnagar,2030,Oct-Dec,7298.541123595503,9035.470386949746,5360.904929757869,Himayatnagar,19.4112104,77.8437928324421
1484,Hitech City,2024,Jan-Mar,9976.133033707874,12167.621813795204,7784.5123924452255,Hitech City,17.4698143,78.3853779
1485,Hitech City,2024,Apr-Jun,9968.24719101123,12158.003663025598,7778.358962053962,Hitech City,17.4698143,78.3853779
1486,Hitech City,2024,Jul-Sep,9759.871460674154,11903.853375198836,7615.760543446979,Hitech City,17.4698143,78.3853779
1487,Hitech City,2024,Oct-Dec,9871.28569288389,12039.7423251178,7702.698585311593,Hitech City,17.4698143,78.3853779
1488,Hitech City,2025,Jan-Mar,9976.133033707874,12167.621813795204,7784.5123924452255,Hitech City,17.4698143,78.3853779
1489,Hitech City,2025,Apr-Jun,9968.24719101123,12158.003663025598,7778.358962053962,Hitech City,17.4698143,78.3853779
1490,Hitech City,2025,Jul-Sep,9759.871460674154,11903.853375198836,7615.760543446979,Hitech City,17.4698143,78.3853779
1491,Hitech City,2025,Oct-Dec,9871.28569288389,12039.7423251178,7702.698585311593,Hitech City,17.4698143,78.3853779
1492,Hitech City,2026,Jan-Mar,9976.133033707874,12167.621813795204,7784.5123924452255,Hitech City,17.4698143,78.3853779
1493,Hitech City,2026,Apr-Jun,9968.24719101123,12158.003663025598,7778.358962053962,Hitech City,17.4698143,78.3853779
1494,Hitech City,2026,Jul-Sep,9759.871460674154,11903.853375198836,7615.760543446979,Hitech City,17.4698143,78.3853779
1495,Hitech City,2026,Oct-Dec,9871.28569288389,12039.7423251178,7702.698585311593,Hitech City,17.4698143,78.3853779
1496,Hitech City,2027,Jan-Mar,9976.133033707874,12167.621813795204,7784.5123924452255,Hitech City,17.4698143,78.3853779
1497,Hitech City,2027,Apr-Jun,9968.24719101123,12158.003663025598,7778.358962053962,Hitech City,17.4698143,78.3853779
1498,Hitech City,2027,Jul-Sep,9759.871460674154,11903.853375198836,7615.760543446979,Hitech City,17.4698143,78.3853779
1499,Hitech City,2027,Oct-Dec,9871.28569288389,12039.7423251178,7702.698585311593,Hitech City,17.4698143,78.3853779
1500,Hitech City,2028,Jan-Mar,9976.133033707874,12167.621813795204,7784.5123924452255,Hitech City,17.4698143,78.3853779
1501,Hitech City,2028,Apr-Jun,9968.24719101123,12158.003663025598,7778.358962053962,Hitech City,17.4698143,78.3853779
1502,Hitech City,2028,Jul-Sep,9759.871460674154,11903.853375198836,7615.760543446979,Hitech City,17.4698143,78.3853779
1503,Hitech City,2028,Oct-Dec,9871.28569288389,12039.7423251178,7702.698585311593,Hitech City,17.4698143,78.3853779
1504,Hitech City,2029,Jan-Mar,9976.133033707874,12167.621813795204,7784.5123924452255,Hitech City,17.4698143,78.3853779
1505,Hitech City,2029,Apr-Jun,9968.24719101123,12158.003663025598,7778.358962053962,Hitech City,17.4698143,78.3853779
1506,Hitech City,2029,Jul-Sep,9759.871460674154,11903.853375198836,7615.760543446979,Hitech City,17.4698143,78.3853779
1507,Hitech City,2029,Oct-Dec,9871.28569288389,12039.7423251178,7702.698585311593,Hitech City,17.4698143,78.3853779
1508,Hitech City,2030,Jan-Mar,9976.133033707874,12167.621813795204,7784.5123924452255,Hitech City,17.4698143,78.3853779
1509,Hitech City,2030,Apr-Jun,9968.24719101123,12158.003663025598,7778.358962053962,Hitech City,17.4698143,78.3853779
1510,Hitech City,2030,Jul-Sep,9759.871460674154,11903.853375198836,7615.760543446979,Hitech City,17.4698143,78.3853779
1511,Hitech City,2030,Oct-Dec,9871.28569288389,12039.7423251178,7702.698585311593,Hitech City,17.4698143,78.3853779
1512,Hitech City Main Road,2024,Jan-Mar,9733.18591760301,12201.46319379616,7305.073200624841,Hitech City Main Road,17.457264,78.3756645
1513,Hitech City Main Road,2024,Apr-Jun,9724.55700374533,12190.646039400031,7298.596919589437,Hitech City Main Road,17.457264,78.3756645
1514,Hitech City Main Road,2024,Jul-Sep,9593.27490636704,12026.071593506776,7200.065427496439,Hitech City Main Road,17.457264,78.3756645
1515,Hitech City Main Road,2024,Oct-Dec,9706.6954307116,12168.2548791161,7285.191226983306,Hitech City Main Road,17.457264,78.3756645
1516,Hitech City Main Road,2025,Jan-Mar,9733.18591760301,12201.46319379616,7305.073200624841,Hitech City Main Road,17.457264,78.3756645
1517,Hitech City Main Road,2025,Apr-Jun,9724.55700374533,12190.646039400031,7298.596919589437,Hitech City Main Road,17.457264,78.3756645
1518,Hitech City Main Road,2025,Jul-Sep,9593.27490636704,12026.071593506776,7200.065427496439,Hitech City Main Road,17.457264,78.3756645
1519,Hitech City Main Road,2025,Oct-Dec,9706.6954307116,12168.2548791161,7285.191226983306,Hitech City Main Road,17.457264,78.3756645
1520,Hitech City Main Road,2026,Jan-Mar,9733.18591760301,12201.46319379616,7305.073200624841,Hitech City Main Road,17.457264,78.3756645
1521,Hitech City Main Road,2026,Apr-Jun,9724.55700374533,12190.646039400031,7298.596919589437,Hitech City Main Road,17.457264,78.3756645
1522,Hitech City Main Road,2026,Jul-Sep,9593.27490636704,12026.071593506776,7200.065427496439,Hitech City Main Road,17.457264,78.3756645
1523,Hitech City Main Road,2026,Oct-Dec,9706.6954307116,12168.2548791161,7285.191226983306,Hitech City Main Road,17.457264,78.3756645
1524,Hitech City Main Road,2027,Jan-Mar,9733.18591760301,12201.46319379616,7305.073200624841,Hitech City Main Road,17.457264,78.3756645
1525,Hitech City Main Road,2027,Apr-Jun,9724.55700374533,12190.646039400031,7298.596919589437,Hitech City Main Road,17.457264,78.3756645
1526,Hitech City Main Road,2027,Jul-Sep,9593.27490636704,12026.071593506776,7200.065427496439,Hitech City Main Road,17.457264,78.3756645
1527,Hitech City Main Road,2027,Oct-Dec,9706.6954307116,12168.2548791161,7285.191226983306,Hitech City Main Road,17.457264,78.3756645
1528,Hitech City Main Road,2028,Jan-Mar,9733.18591760301,12201.46319379616,7305.073200624841,Hitech City Main Road,17.457264,78.3756645
1529,Hitech City Main Road,2028,Apr-Jun,9724.55700374533,12190.646039400031,7298.596919589437,Hitech City Main Road,17.457264,78.3756645
1530,Hitech City Main Road,2028,Jul-Sep,9593.27490636704,12026.071593506776,7200.065427496439,Hitech City Main Road,17.457264,78.3756645
1531,Hitech City Main Road,2028,Oct-Dec,9706.6954307116,12168.2548791161,7285.191226983306,Hitech City Main Road,17.457264,78.3756645
1532,Hitech City Main Road,2029,Jan-Mar,9733.18591760301,12201.46319379616,7305.073200624841,Hitech City Main Road,17.457264,78.3756645
1533,Hitech City Main Road,2029,Apr-Jun,9724.55700374533,12190.646039400031,7298.596919589437,Hitech City Main Road,17.457264,78.3756645
1534,Hitech City Main Road,2029,Jul-Sep,9593.27490636704,12026.071593506776,7200.065427496439,Hitech City Main Road,17.457264,78.3756645
1535,Hitech City Main Road,2029,Oct-Dec,9706.6954307116,12168.2548791161,7285.191226983306,Hitech City Main Road,17.457264,78.3756645
1536,Hitech City Main Road,2030,Jan-Mar,9733.18591760301,12201.46319379616,7305.073200624841,Hitech City Main Road,17.457264,78.3756645
1537,Hitech City Main Road,2030,Apr-Jun,9724.55700374533,12190.646039400031,7298.596919589437,Hitech City Main Road,17.457264,78.3756645
1538,Hitech City Main Road,2030,Jul-Sep,9593.27490636704,12026.071593506776,7200.065427496439,Hitech City Main Road,17.457264,78.3756645
1539,Hitech City Main Road,2030,Oct-Dec,9706.6954307116,12168.2548791161,7285.191226983306,Hitech City Main Road,17.457264,78.3756645
1540,Hitech City Road,2024,Jan-Mar,9997.412734082414,12655.3714761904,7994.611040246407,Hitech City Road,17.4698143,78.3853779
1541,Hitech City Road,2024,Apr-Jun,10371.131086142344,13128.448331031506,8293.461647177484,Hitech City Road,17.4698143,78.3853779
1542,Hitech City Road,2024,Jul-Sep,10389.327041198516,13151.481947500582,8308.012370154438,Hitech City Road,17.4698143,78.3853779
1543,Hitech City Road,2024,Oct-Dec,10508.868614232211,13302.805400260724,8403.6059407075,Hitech City Road,17.4698143,78.3853779
1544,Hitech City Road,2025,Jan-Mar,9997.412734082414,12655.3714761904,7994.611040246407,Hitech City Road,17.4698143,78.3853779
1545,Hitech City Road,2025,Apr-Jun,10371.131086142344,13128.448331031506,8293.461647177484,Hitech City Road,17.4698143,78.3853779
1546,Hitech City Road,2025,Jul-Sep,10389.327041198516,13151.481947500582,8308.012370154438,Hitech City Road,17.4698143,78.3853779
1547,Hitech City Road,2025,Oct-Dec,10508.868614232211,13302.805400260724,8403.6059407075,Hitech City Road,17.4698143,78.3853779
1548,Hitech City Road,2026,Jan-Mar,9997.412734082414,12655.3714761904,7994.611040246407,Hitech City Road,17.4698143,78.3853779
1549,Hitech City Road,2026,Apr-Jun,10371.131086142344,13128.448331031506,8293.461647177484,Hitech City Road,17.4698143,78.3853779
1550,Hitech City Road,2026,Jul-Sep,10389.327041198516,13151.481947500582,8308.012370154438,Hitech City Road,17.4698143,78.3853779
1551,Hitech City Road,2026,Oct-Dec,10508.868614232211,13302.805400260724,8403.6059407075,Hitech City Road,17.4698143,78.3853779
1552,Hitech City Road,2027,Jan-Mar,9997.412734082414,12655.3714761904,7994.611040246407,Hitech City Road,17.4698143,78.3853779
1553,Hitech City Road,2027,Apr-Jun,10371.131086142344,13128.448331031506,8293.461647177484,Hitech City Road,17.4698143,78.3853779
1554,Hitech City Road,2027,Jul-Sep,10389.327041198516,13151.481947500582,8308.012370154438,Hitech City Road,17.4698143,78.3853779
1555,Hitech City Road,2027,Oct-Dec,10508.868614232211,13302.805400260724,8403.6059407075,Hitech City Road,17.4698143,78.3853779
1556,Hitech City Road,2028,Jan-Mar,9997.412734082414,12655.3714761904,7994.611040246407,Hitech City Road,17.4698143,78.3853779
1557,Hitech City Road,2028,Apr-Jun,10371.131086142344,13128.448331031506,8293.461647177484,Hitech City Road,17.4698143,78.3853779
1558,Hitech City Road,2028,Jul-Sep,10389.327041198516,13151.481947500582,8308.012370154438,Hitech City Road,17.4698143,78.3853779
1559,Hitech City Road,2028,Oct-Dec,10508.868614232211,13302.805400260724,8403.6059407075,Hitech City Road,17.4698143,78.3853779
1560,Hitech City Road,2029,Jan-Mar,9997.412734082414,12655.3714761904,7994.611040246407,Hitech City Road,17.4698143,78.3853779
1561,Hitech City Road,2029,Apr-Jun,10371.131086142344,13128.448331031506,8293.461647177484,Hitech City Road,17.4698143,78.3853779
1562,Hitech City Road,2029,Jul-Sep,10389.327041198516,13151.481947500582,8308.012370154438,Hitech City Road,17.4698143,78.3853779
1563,Hitech City Road,2029,Oct-Dec,10508.868614232211,13302.805400260724,8403.6059407075,Hitech City Road,17.4698143,78.3853779
1564,Hitech City Road,2030,Jan-Mar,9997.412734082414,12655.3714761904,7994.611040246407,Hitech City Road,17.4698143,78.3853779
1565,Hitech City Road,2030,Apr-Jun,10371.131086142344,13128.448331031506,8293.461647177484,Hitech City Road,17.4698143,78.3853779
1566,Hitech City Road,2030,Jul-Sep,10389.327041198516,13151.481947500582,8308.012370154438,Hitech City Road,17.4698143,78.3853779
1567,Hitech City Road,2030,Oct-Dec,10508.868614232211,13302.805400260724,8403.6059407075,Hitech City Road,17.4698143,78.3853779
1568,Hitex Road,2024,Jan-Mar,12923.50621722844,14778.654984065835,10678.323129987755,Hitex Road,17.4603079,78.3768179
1569,Hitex Road,2024,Apr-Jun,12983.852883895104,14847.664318770698,10728.185852661674,Hitex Road,17.4603079,78.3768179
1570,Hitex Road,2024,Jul-Sep,12986.806591760274,14851.042026703,10730.626416892906,Hitex Road,17.4603079,78.3768179
1571,Hitex Road,2024,Oct-Dec,12907.966741573004,14760.88484139056,10665.483306217788,Hitex Road,17.4603079,78.3768179
1572,Hitex Road,2025,Jan-Mar,12923.50621722844,14778.654984065835,10678.323129987755,Hitex Road,17.4603079,78.3768179
1573,Hitex Road,2025,Apr-Jun,12983.852883895104,14847.664318770698,10728.185852661674,Hitex Road,17.4603079,78.3768179
1574,Hitex Road,2025,Jul-Sep,12986.806591760274,14851.042026703,10730.626416892906,Hitex Road,17.4603079,78.3768179
1575,Hitex Road,2025,Oct-Dec,12907.966741573004,14760.88484139056,10665.483306217788,Hitex Road,17.4603079,78.3768179
1576,Hitex Road,2026,Jan-Mar,12923.50621722844,14778.654984065835,10678.323129987755,Hitex Road,17.4603079,78.3768179
1577,Hitex Road,2026,Apr-Jun,12983.852883895104,14847.664318770698,10728.185852661674,Hitex Road,17.4603079,78.3768179
1578,Hitex Road,2026,Jul-Sep,12986.806591760274,14851.042026703,10730.626416892906,Hitex Road,17.4603079,78.3768179
1579,Hitex Road,2026,Oct-Dec,12907.966741573004,14760.88484139056,10665.483306217788,Hitex Road,17.4603079,78.3768179
1580,Hitex Road,2027,Jan-Mar,12923.50621722844,14778.654984065835,10678.323129987755,Hitex Road,17.4603079,78.3768179
1581,Hitex Road,2027,Apr-Jun,12983.852883895104,14847.664318770698,10728.185852661674,Hitex Road,17.4603079,78.3768179
1582,Hitex Road,2027,Jul-Sep,12986.806591760274,14851.042026703,10730.626416892906,Hitex Road,17.4603079,78.3768179
1583,Hitex Road,2027,Oct-Dec,12907.966741573004,14760.88484139056,10665.483306217788,Hitex Road,17.4603079,78.3768179
1584,Hitex Road,2028,Jan-Mar,12923.50621722844,14778.654984065835,10678.323129987755,Hitex Road,17.4603079,78.3768179
1585,Hitex Road,2028,Apr-Jun,12983.852883895104,14847.664318770698,10728.185852661674,Hitex Road,17.4603079,78.3768179
1586,Hitex Road,2028,Jul-Sep,12986.806591760274,14851.042026703,10730.626416892906,Hitex Road,17.4603079,78.3768179
1587,Hitex Road,2028,Oct-Dec,12907.966741573004,14760.88484139056,10665.483306217788,Hitex Road,17.4603079,78.3768179
1588,Hitex Road,2029,Jan-Mar,12923.50621722844,14778.654984065835,10678.323129987755,Hitex Road,17.4603079,78.3768179
1589,Hitex Road,2029,Apr-Jun,12983.852883895104,14847.664318770698,10728.185852661674,Hitex Road,17.4603079,78.3768179
1590,Hitex Road,2029,Jul-Sep,12986.806591760274,14851.042026703,10730.626416892906,Hitex Road,17.4603079,78.3768179
1591,Hitex Road,2029,Oct-Dec,12907.966741573004,14760.88484139056,10665.483306217788,Hitex Road,17.4603079,78.3768179
1592,Hitex Road,2030,Jan-Mar,12923.50621722844,14778.654984065835,10678.323129987755,Hitex Road,17.4603079,78.3768179
1593,Hitex Road,2030,Apr-Jun,12983.852883895104,14847.664318770698,10728.185852661674,Hitex Road,17.4603079,78.3768179
1594,Hitex Road,2030,Jul-Sep,12986.806591760274,14851.042026703,10730.626416892906,Hitex Road,17.4603079,78.3768179
1595,Hitex Road,2030,Oct-Dec,12907.966741573004,14760.88484139056,10665.483306217788,Hitex Road,17.4603079,78.3768179
1596,IDL Access Road,2024,Jan-Mar,7091.029213483139,8563.94265881003,5618.158541887781,IDL Access Road,17.478154,78.414968
1597,IDL Access Road,2024,Apr-Jun,7144.437453183516,8628.444593371563,5660.473408890349,IDL Access Road,17.478154,78.414968
1598,IDL Access Road,2024,Jul-Sep,7273.081647940086,8783.810122706747,5762.39704506176,IDL Access Road,17.478154,78.414968
1599,IDL Access Road,2024,Oct-Dec,7525.447191011245,9088.595785669662,5962.343990533013,IDL Access Road,17.478154,78.414968
1600,IDL Access Road,2025,Jan-Mar,7091.029213483139,8563.94265881003,5618.158541887781,IDL Access Road,17.478154,78.414968
1601,IDL Access Road,2025,Apr-Jun,7144.437453183516,8628.444593371563,5660.473408890349,IDL Access Road,17.478154,78.414968
1602,IDL Access Road,2025,Jul-Sep,7273.081647940086,8783.810122706747,5762.39704506176,IDL Access Road,17.478154,78.414968
1603,IDL Access Road,2025,Oct-Dec,7525.447191011245,9088.595785669662,5962.343990533013,IDL Access Road,17.478154,78.414968
1604,IDL Access Road,2026,Jan-Mar,7091.029213483139,8563.94265881003,5618.158541887781,IDL Access Road,17.478154,78.414968
1605,IDL Access Road,2026,Apr-Jun,7144.437453183516,8628.444593371563,5660.473408890349,IDL Access Road,17.478154,78.414968
1606,IDL Access Road,2026,Jul-Sep,7273.081647940086,8783.810122706747,5762.39704506176,IDL Access Road,17.478154,78.414968
1607,IDL Access Road,2026,Oct-Dec,7525.447191011245,9088.595785669662,5962.343990533013,IDL Access Road,17.478154,78.414968
1608,IDL Access Road,2027,Jan-Mar,7091.029213483139,8563.94265881003,5618.158541887781,IDL Access Road,17.478154,78.414968
1609,IDL Access Road,2027,Apr-Jun,7144.437453183516,8628.444593371563,5660.473408890349,IDL Access Road,17.478154,78.414968
1610,IDL Access Road,2027,Jul-Sep,7273.081647940086,8783.810122706747,5762.39704506176,IDL Access Road,17.478154,78.414968
1611,IDL Access Road,2027,Oct-Dec,7525.447191011245,9088.595785669662,5962.343990533013,IDL Access Road,17.478154,78.414968
1612,IDL Access Road,2028,Jan-Mar,7091.029213483139,8563.94265881003,5618.158541887781,IDL Access Road,17.478154,78.414968
1613,IDL Access Road,2028,Apr-Jun,7144.437453183516,8628.444593371563,5660.473408890349,IDL Access Road,17.478154,78.414968
1614,IDL Access Road,2028,Jul-Sep,7273.081647940086,8783.810122706747,5762.39704506176,IDL Access Road,17.478154,78.414968
1615,IDL Access Road,2028,Oct-Dec,7525.447191011245,9088.595785669662,5962.343990533013,IDL Access Road,17.478154,78.414968
1616,IDL Access Road,2029,Jan-Mar,7091.029213483139,8563.94265881003,5618.158541887781,IDL Access Road,17.478154,78.414968
1617,IDL Access Road,2029,Apr-Jun,7144.437453183516,8628.444593371563,5660.473408890349,IDL Access Road,17.478154,78.414968
1618,IDL Access Road,2029,Jul-Sep,7273.081647940086,8783.810122706747,5762.39704506176,IDL Access Road,17.478154,78.414968
1619,IDL Access Road,2029,Oct-Dec,7525.447191011245,9088.595785669662,5962.343990533013,IDL Access Road,17.478154,78.414968
1620,IDL Access Road,2030,Jan-Mar,7091.029213483139,8563.94265881003,5618.158541887781,IDL Access Road,17.478154,78.414968
1621,IDL Access Road,2030,Apr-Jun,7144.437453183516,8628.444593371563,5660.473408890349,IDL Access Road,17.478154,78.414968
1622,IDL Access Road,2030,Jul-Sep,7273.081647940086,8783.810122706747,5762.39704506176,IDL Access Road,17.478154,78.414968
1623,IDL Access Road,2030,Oct-Dec,7525.447191011245,9088.595785669662,5962.343990533013,IDL Access Road,17.478154,78.414968
1624,ISB Road,2024,Jan-Mar,8320.719101123597,10756.262921348318,5969.324948183705,ISB Road,17.435603395850602,78.34653705729097
1625,ISB Road,2024,Apr-Jun,8487.538576779023,10971.911847690382,6089.002063318908,ISB Road,17.435603395850602,78.34653705729097
1626,ISB Road,2024,Jul-Sep,8874.307116104863,11471.890761548057,6366.4717222404,ISB Road,17.435603395850602,78.34653705729097
1627,ISB Road,2024,Oct-Dec,9319.406741573024,12047.274756554294,6685.788390240349,ISB Road,17.435603395850602,78.34653705729097
1628,ISB Road,2025,Jan-Mar,8320.719101123597,10756.262921348318,5969.324948183705,ISB Road,17.435603395850602,78.34653705729097
1629,ISB Road,2025,Apr-Jun,8487.538576779023,10971.911847690382,6089.002063318908,ISB Road,17.435603395850602,78.34653705729097
1630,ISB Road,2025,Jul-Sep,8874.307116104863,11471.890761548057,6366.4717222404,ISB Road,17.435603395850602,78.34653705729097
1631,ISB Road,2025,Oct-Dec,9319.406741573024,12047.274756554294,6685.788390240349,ISB Road,17.435603395850602,78.34653705729097
1632,ISB Road,2026,Jan-Mar,8320.719101123597,10756.262921348318,5969.324948183705,ISB Road,17.435603395850602,78.34653705729097
1633,ISB Road,2026,Apr-Jun,8487.538576779023,10971.911847690382,6089.002063318908,ISB Road,17.435603395850602,78.34653705729097
1634,ISB Road,2026,Jul-Sep,8874.307116104863,11471.890761548057,6366.4717222404,ISB Road,17.435603395850602,78.34653705729097
1635,ISB Road,2026,Oct-Dec,9319.406741573024,12047.274756554294,6685.788390240349,ISB Road,17.435603395850602,78.34653705729097
1636,ISB Road,2027,Jan-Mar,8320.719101123597,10756.262921348318,5969.324948183705,ISB Road,17.435603395850602,78.34653705729097
1637,ISB Road,2027,Apr-Jun,8487.538576779023,10971.911847690382,6089.002063318908,ISB Road,17.435603395850602,78.34653705729097
1638,ISB Road,2027,Jul-Sep,8874.307116104863,11471.890761548057,6366.4717222404,ISB Road,17.435603395850602,78.34653705729097
1639,ISB Road,2027,Oct-Dec,9319.406741573024,12047.274756554294,6685.788390240349,ISB Road,17.435603395850602,78.34653705729097
1640,ISB Road,2028,Jan-Mar,8320.719101123597,10756.262921348318,5969.324948183705,ISB Road,17.435603395850602,78.34653705729097
1641,ISB Road,2028,Apr-Jun,8487.538576779023,10971.911847690382,6089.002063318908,ISB Road,17.435603395850602,78.34653705729097
1642,ISB Road,2028,Jul-Sep,8874.307116104863,11471.890761548057,6366.4717222404,ISB Road,17.435603395850602,78.34653705729097
1643,ISB Road,2028,Oct-Dec,9319.406741573024,12047.274756554294,6685.788390240349,ISB Road,17.435603395850602,78.34653705729097
1644,ISB Road,2029,Jan-Mar,8320.719101123597,10756.262921348318,5969.324948183705,ISB Road,17.435603395850602,78.34653705729097
1645,ISB Road,2029,Apr-Jun,8487.538576779023,10971.911847690382,6089.002063318908,ISB Road,17.435603395850602,78.34653705729097
1646,ISB Road,2029,Jul-Sep,8874.307116104863,11471.890761548057,6366.4717222404,ISB Road,17.435603395850602,78.34653705729097
1647,ISB Road,2029,Oct-Dec,9319.406741573024,12047.274756554294,6685.788390240349,ISB Road,17.435603395850602,78.34653705729097
1648,ISB Road,2030,Jan-Mar,8320.719101123597,10756.262921348318,5969.324948183705,ISB Road,17.435603395850602,78.34653705729097
1649,ISB Road,2030,Apr-Jun,8487.538576779023,10971.911847690382,6089.002063318908,ISB Road,17.435603395850602,78.34653705729097
1650,ISB Road,2030,Jul-Sep,8874.307116104863,11471.890761548057,6366.4717222404,ISB Road,17.435603395850602,78.34653705729097
1651,ISB Road,2030,Oct-Dec,9319.406741573024,12047.274756554294,6685.788390240349,ISB Road,17.435603395850602,78.34653705729097
1652,Isnapur,2024,Jan-Mar,3990.081797752807,4800.06183206213,3173.701794777955,Isnapur,17.5441251,78.1978941
1653,Isnapur,2024,Apr-Jun,3994.586666666665,4805.481181947145,3177.2849570492663,Isnapur,17.5441251,78.1978941
1654,Isnapur,2024,Jul-Sep,4062.2061423220985,4886.827299808814,3231.069330936152,Isnapur,17.5441251,78.1978941
1655,Isnapur,2024,Oct-Dec,4067.639850187271,4893.364041422703,3235.391289552065,Isnapur,17.5441251,78.1978941
1656,Isnapur,2025,Jan-Mar,3990.081797752807,4800.06183206213,3173.701794777955,Isnapur,17.5441251,78.1978941
1657,Isnapur,2025,Apr-Jun,3994.586666666665,4805.481181947145,3177.2849570492663,Isnapur,17.5441251,78.1978941
1658,Isnapur,2025,Jul-Sep,4062.2061423220985,4886.827299808814,3231.069330936152,Isnapur,17.5441251,78.1978941
1659,Isnapur,2025,Oct-Dec,4067.639850187271,4893.364041422703,3235.391289552065,Isnapur,17.5441251,78.1978941
1660,Isnapur,2026,Jan-Mar,3990.081797752807,4800.06183206213,3173.701794777955,Isnapur,17.5441251,78.1978941
1661,Isnapur,2026,Apr-Jun,3994.586666666665,4805.481181947145,3177.2849570492663,Isnapur,17.5441251,78.1978941
1662,Isnapur,2026,Jul-Sep,4062.2061423220985,4886.827299808814,3231.069330936152,Isnapur,17.5441251,78.1978941
1663,Isnapur,2026,Oct-Dec,4067.639850187271,4893.364041422703,3235.391289552065,Isnapur,17.5441251,78.1978941
1664,Isnapur,2027,Jan-Mar,3990.081797752807,4800.06183206213,3173.701794777955,Isnapur,17.5441251,78.1978941
1665,Isnapur,2027,Apr-Jun,3994.586666666665,4805.481181947145,3177.2849570492663,Isnapur,17.5441251,78.1978941
1666,Isnapur,2027,Jul-Sep,4062.2061423220985,4886.827299808814,3231.069330936152,Isnapur,17.5441251,78.1978941
1667,Isnapur,2027,Oct-Dec,4067.639850187271,4893.364041422703,3235.391289552065,Isnapur,17.5441251,78.1978941
1668,Isnapur,2028,Jan-Mar,3990.081797752807,4800.06183206213,3173.701794777955,Isnapur,17.5441251,78.1978941
1669,Isnapur,2028,Apr-Jun,3994.586666666665,4805.481181947145,3177.2849570492663,Isnapur,17.5441251,78.1978941
1670,Isnapur,2028,Jul-Sep,4062.2061423220985,4886.827299808814,3231.069330936152,Isnapur,17.5441251,78.1978941
1671,Isnapur,2028,Oct-Dec,4067.639850187271,4893.364041422703,3235.391289552065,Isnapur,17.5441251,78.1978941
1672,Isnapur,2029,Jan-Mar,3990.081797752807,4800.06183206213,3173.701794777955,Isnapur,17.5441251,78.1978941
1673,Isnapur,2029,Apr-Jun,3994.586666666665,4805.481181947145,3177.2849570492663,Isnapur,17.5441251,78.1978941
1674,Isnapur,2029,Jul-Sep,4062.2061423220985,4886.827299808814,3231.069330936152,Isnapur,17.5441251,78.1978941
1675,Isnapur,2029,Oct-Dec,4067.639850187271,4893.364041422703,3235.391289552065,Isnapur,17.5441251,78.1978941
1676,Isnapur,2030,Jan-Mar,3990.081797752807,4800.06183206213,3173.701794777955,Isnapur,17.5441251,78.1978941
1677,Isnapur,2030,Apr-Jun,3994.586666666665,4805.481181947145,3177.2849570492663,Isnapur,17.5441251,78.1978941
1678,Isnapur,2030,Jul-Sep,4062.2061423220985,4886.827299808814,3231.069330936152,Isnapur,17.5441251,78.1978941
1679,Isnapur,2030,Oct-Dec,4067.639850187271,4893.364041422703,3235.391289552065,Isnapur,17.5441251,78.1978941
1680,Isnapur Indira Karan Road,2024,Jan-Mar,3852.511460674155,4139.477789312964,2952.0126077276573,Isnapur Indira Karan Road,,
1681,Isnapur Indira Karan Road,2024,Apr-Jun,3869.137677902622,4157.342462173791,2964.7525575962723,Isnapur Indira Karan Road,,
1682,Isnapur Indira Karan Road,2024,Jul-Sep,3919.5086142322143,4211.465434757177,3003.3496235948724,Isnapur Indira Karan Road,,
1683,Isnapur Indira Karan Road,2024,Oct-Dec,3925.5832209737855,4217.992527523085,3008.004331535694,Isnapur Indira Karan Road,,
1684,Isnapur Indira Karan Road,2025,Jan-Mar,3852.511460674155,4139.477789312964,2952.0126077276573,Isnapur Indira Karan Road,,
1685,Isnapur Indira Karan Road,2025,Apr-Jun,3869.137677902622,4157.342462173791,2964.7525575962723,Isnapur Indira Karan Road,,
1686,Isnapur Indira Karan Road,2025,Jul-Sep,3919.5086142322143,4211.465434757177,3003.3496235948724,Isnapur Indira Karan Road,,
1687,Isnapur Indira Karan Road,2025,Oct-Dec,3925.5832209737855,4217.992527523085,3008.004331535694,Isnapur Indira Karan Road,,
1688,Isnapur Indira Karan Road,2026,Jan-Mar,3852.511460674155,4139.477789312964,2952.0126077276573,Isnapur Indira Karan Road,,
1689,Isnapur Indira Karan Road,2026,Apr-Jun,3869.137677902622,4157.342462173791,2964.7525575962723,Isnapur Indira Karan Road,,
1690,Isnapur Indira Karan Road,2026,Jul-Sep,3919.5086142322143,4211.465434757177,3003.3496235948724,Isnapur Indira Karan Road,,
1691,Isnapur Indira Karan Road,2026,Oct-Dec,3925.5832209737855,4217.992527523085,3008.004331535694,Isnapur Indira Karan Road,,
1692,Isnapur Indira Karan Road,2027,Jan-Mar,3852.511460674155,4139.477789312964,2952.0126077276573,Isnapur Indira Karan Road,,
1693,Isnapur Indira Karan Road,2027,Apr-Jun,3869.137677902622,4157.342462173791,2964.7525575962723,Isnapur Indira Karan Road,,
1694,Isnapur Indira Karan Road,2027,Jul-Sep,3919.5086142322143,4211.465434757177,3003.3496235948724,Isnapur Indira Karan Road,,
1695,Isnapur Indira Karan Road,2027,Oct-Dec,3925.5832209737855,4217.992527523085,3008.004331535694,Isnapur Indira Karan Road,,
1696,Isnapur Indira Karan Road,2028,Jan-Mar,3852.511460674155,4139.477789312964,2952.0126077276573,Isnapur Indira Karan Road,,
1697,Isnapur Indira Karan Road,2028,Apr-Jun,3869.137677902622,4157.342462173791,2964.7525575962723,Isnapur Indira Karan Road,,
1698,Isnapur Indira Karan Road,2028,Jul-Sep,3919.5086142322143,4211.465434757177,3003.3496235948724,Isnapur Indira Karan Road,,
1699,Isnapur Indira Karan Road,2028,Oct-Dec,3925.5832209737855,4217.992527523085,3008.004331535694,Isnapur Indira Karan Road,,
1700,Isnapur Indira Karan Road,2029,Jan-Mar,3852.511460674155,4139.477789312964,2952.0126077276573,Isnapur Indira Karan Road,,
1701,Isnapur Indira Karan Road,2029,Apr-Jun,3869.137677902622,4157.342462173791,2964.7525575962723,Isnapur Indira Karan Road,,
1702,Isnapur Indira Karan Road,2029,Jul-Sep,3919.5086142322143,4211.465434757177,3003.3496235948724,Isnapur Indira Karan Road,,
1703,Isnapur Indira Karan Road,2029,Oct-Dec,3925.5832209737855,4217.992527523085,3008.004331535694,Isnapur Indira Karan Road,,
1704,Isnapur Indira Karan Road,2030,Jan-Mar,3852.511460674155,4139.477789312964,2952.0126077276573,Isnapur Indira Karan Road,,
1705,Isnapur Indira Karan Road,2030,Apr-Jun,3869.137677902622,4157.342462173791,2964.7525575962723,Isnapur Indira Karan Road,,
1706,Isnapur Indira Karan Road,2030,Jul-Sep,3919.5086142322143,4211.465434757177,3003.3496235948724,Isnapur Indira Karan Road,,
1707,Isnapur Indira Karan Road,2030,Oct-Dec,3925.5832209737855,4217.992527523085,3008.004331535694,Isnapur Indira Karan Road,,
1708,Izzathnagar,2024,Jan-Mar,13101.908314606737,13839.95959712551,11477.62515117637,Izzathnagar,12.5374443,75.0074405
1709,Izzathnagar,2024,Apr-Jun,13185.60599250935,13928.372098017,11550.946575042472,Izzathnagar,12.5374443,75.0074405
1710,Izzathnagar,2024,Jul-Sep,13138.0773033708,13878.166042411456,11509.310161112531,Izzathnagar,12.5374443,75.0074405
1711,Izzathnagar,2024,Oct-Dec,13053.543670411991,13788.870495789151,11435.256418064537,Izzathnagar,12.5374443,75.0074405
1712,Izzathnagar,2025,Jan-Mar,13101.908314606737,13839.95959712551,11477.62515117637,Izzathnagar,12.5374443,75.0074405
1713,Izzathnagar,2025,Apr-Jun,13185.60599250935,13928.372098017,11550.946575042472,Izzathnagar,12.5374443,75.0074405
1714,Izzathnagar,2025,Jul-Sep,13138.0773033708,13878.166042411456,11509.310161112531,Izzathnagar,12.5374443,75.0074405
1715,Izzathnagar,2025,Oct-Dec,13053.543670411991,13788.870495789151,11435.256418064537,Izzathnagar,12.5374443,75.0074405
1716,Izzathnagar,2026,Jan-Mar,13101.908314606737,13839.95959712551,11477.62515117637,Izzathnagar,12.5374443,75.0074405
1717,Izzathnagar,2026,Apr-Jun,13185.60599250935,13928.372098017,11550.946575042472,Izzathnagar,12.5374443,75.0074405
1718,Izzathnagar,2026,Jul-Sep,13138.0773033708,13878.166042411456,11509.310161112531,Izzathnagar,12.5374443,75.0074405
1719,Izzathnagar,2026,Oct-Dec,13053.543670411991,13788.870495789151,11435.256418064537,Izzathnagar,12.5374443,75.0074405
1720,Izzathnagar,2027,Jan-Mar,13101.908314606737,13839.95959712551,11477.62515117637,Izzathnagar,12.5374443,75.0074405
1721,Izzathnagar,2027,Apr-Jun,13185.60599250935,13928.372098017,11550.946575042472,Izzathnagar,12.5374443,75.0074405
1722,Izzathnagar,2027,Jul-Sep,13138.0773033708,13878.166042411456,11509.310161112531,Izzathnagar,12.5374443,75.0074405
1723,Izzathnagar,2027,Oct-Dec,13053.543670411991,13788.870495789151,11435.256418064537,Izzathnagar,12.5374443,75.0074405
1724,Izzathnagar,2028,Jan-Mar,13101.908314606737,13839.95959712551,11477.62515117637,Izzathnagar,12.5374443,75.0074405
1725,Izzathnagar,2028,Apr-Jun,13185.60599250935,13928.372098017,11550.946575042472,Izzathnagar,12.5374443,75.0074405
1726,Izzathnagar,2028,Jul-Sep,13138.0773033708,13878.166042411456,11509.310161112531,Izzathnagar,12.5374443,75.0074405
1727,Izzathnagar,2028,Oct-Dec,13053.543670411991,13788.870495789151,11435.256418064537,Izzathnagar,12.5374443,75.0074405
1728,Izzathnagar,2029,Jan-Mar,13101.908314606737,13839.95959712551,11477.62515117637,Izzathnagar,12.5374443,75.0074405
1729,Izzathnagar,2029,Apr-Jun,13185.60599250935,13928.372098017,11550.946575042472,Izzathnagar,12.5374443,75.0074405
1730,Izzathnagar,2029,Jul-Sep,13138.0773033708,13878.166042411456,11509.310161112531,Izzathnagar,12.5374443,75.0074405
1731,Izzathnagar,2029,Oct-Dec,13053.543670411991,13788.870495789151,11435.256418064537,Izzathnagar,12.5374443,75.0074405
1732,Izzathnagar,2030,Jan-Mar,13101.908314606737,13839.95959712551,11477.62515117637,Izzathnagar,12.5374443,75.0074405
1733,Izzathnagar,2030,Apr-Jun,13185.60599250935,13928.372098017,11550.946575042472,Izzathnagar,12.5374443,75.0074405
1734,Izzathnagar,2030,Jul-Sep,13138.0773033708,13878.166042411456,11509.310161112531,Izzathnagar,12.5374443,75.0074405
1735,Izzathnagar,2030,Oct-Dec,13053.543670411991,13788.870495789151,11435.256418064537,Izzathnagar,12.5374443,75.0074405
1736,JNTU Road,2024,Jan-Mar,6635.210786516861,8699.567175732054,4570.8115291982285,JNTU Road,17.49023228021788,78.39263304269984
1737,JNTU Road,2024,Apr-Jun,6822.418277153573,8945.018931975243,4699.773544737112,JNTU Road,17.49023228021788,78.39263304269984
1738,JNTU Road,2024,Jul-Sep,6736.1755805243565,8831.944282671448,4640.363357970627,JNTU Road,17.49023228021788,78.39263304269984
1739,JNTU Road,2024,Oct-Dec,6834.056629213495,8960.278224983063,4707.79088065724,JNTU Road,17.49023228021788,78.39263304269984
1740,JNTU Road,2025,Jan-Mar,6635.210786516861,8699.567175732054,4570.8115291982285,JNTU Road,17.49023228021788,78.39263304269984
1741,JNTU Road,2025,Apr-Jun,6822.418277153573,8945.018931975243,4699.773544737112,JNTU Road,17.49023228021788,78.39263304269984
1742,JNTU Road,2025,Jul-Sep,6736.1755805243565,8831.944282671448,4640.363357970627,JNTU Road,17.49023228021788,78.39263304269984
1743,JNTU Road,2025,Oct-Dec,6834.056629213495,8960.278224983063,4707.79088065724,JNTU Road,17.49023228021788,78.39263304269984
1744,JNTU Road,2026,Jan-Mar,6635.210786516861,8699.567175732054,4570.8115291982285,JNTU Road,17.49023228021788,78.39263304269984
1745,JNTU Road,2026,Apr-Jun,6822.418277153573,8945.018931975243,4699.773544737112,JNTU Road,17.49023228021788,78.39263304269984
1746,JNTU Road,2026,Jul-Sep,6736.1755805243565,8831.944282671448,4640.363357970627,JNTU Road,17.49023228021788,78.39263304269984
1747,JNTU Road,2026,Oct-Dec,6834.056629213495,8960.278224983063,4707.79088065724,JNTU Road,17.49023228021788,78.39263304269984
1748,JNTU Road,2027,Jan-Mar,6635.210786516861,8699.567175732054,4570.8115291982285,JNTU Road,17.49023228021788,78.39263304269984
1749,JNTU Road,2027,Apr-Jun,6822.418277153573,8945.018931975243,4699.773544737112,JNTU Road,17.49023228021788,78.39263304269984
1750,JNTU Road,2027,Jul-Sep,6736.1755805243565,8831.944282671448,4640.363357970627,JNTU Road,17.49023228021788,78.39263304269984
1751,JNTU Road,2027,Oct-Dec,6834.056629213495,8960.278224983063,4707.79088065724,JNTU Road,17.49023228021788,78.39263304269984
1752,JNTU Road,2028,Jan-Mar,6635.210786516861,8699.567175732054,4570.8115291982285,JNTU Road,17.49023228021788,78.39263304269984
1753,JNTU Road,2028,Apr-Jun,6822.418277153573,8945.018931975243,4699.773544737112,JNTU Road,17.49023228021788,78.39263304269984
1754,JNTU Road,2028,Jul-Sep,6736.1755805243565,8831.944282671448,4640.363357970627,JNTU Road,17.49023228021788,78.39263304269984
1755,JNTU Road,2028,Oct-Dec,6834.056629213495,8960.278224983063,4707.79088065724,JNTU Road,17.49023228021788,78.39263304269984
1756,JNTU Road,2029,Jan-Mar,6635.210786516861,8699.567175732054,4570.8115291982285,JNTU Road,17.49023228021788,78.39263304269984
1757,JNTU Road,2029,Apr-Jun,6822.418277153573,8945.018931975243,4699.773544737112,JNTU Road,17.49023228021788,78.39263304269984
1758,JNTU Road,2029,Jul-Sep,6736.1755805243565,8831.944282671448,4640.363357970627,JNTU Road,17.49023228021788,78.39263304269984
1759,JNTU Road,2029,Oct-Dec,6834.056629213495,8960.278224983063,4707.79088065724,JNTU Road,17.49023228021788,78.39263304269984
1760,JNTU Road,2030,Jan-Mar,6635.210786516861,8699.567175732054,4570.8115291982285,JNTU Road,17.49023228021788,78.39263304269984
1761,JNTU Road,2030,Apr-Jun,6822.418277153573,8945.018931975243,4699.773544737112,JNTU Road,17.49023228021788,78.39263304269984
1762,JNTU Road,2030,Jul-Sep,6736.1755805243565,8831.944282671448,4640.363357970627,JNTU Road,17.49023228021788,78.39263304269984
1763,JNTU Road,2030,Oct-Dec,6834.056629213495,8960.278224983063,4707.79088065724,JNTU Road,17.49023228021788,78.39263304269984
1764,Jeedimetla,2024,Jan-Mar,4858.936329588008,5923.8102520579405,3794.187725718713,Jeedimetla,17.519687,78.4468876
1765,Jeedimetla,2024,Apr-Jun,4783.319550561791,5831.62146413425,3735.141005330018,Jeedimetla,17.519687,78.4468876
1766,Jeedimetla,2024,Jul-Sep,4729.892734082395,5766.485742707272,3693.4217158476754,Jeedimetla,17.519687,78.4468876
1767,Jeedimetla,2024,Oct-Dec,5042.716404494375,6147.867168635528,3937.69569889286,Jeedimetla,17.519687,78.4468876
1768,Jeedimetla,2025,Jan-Mar,4858.936329588008,5923.8102520579405,3794.187725718713,Jeedimetla,17.519687,78.4468876
1769,Jeedimetla,2025,Apr-Jun,4783.319550561791,5831.62146413425,3735.141005330018,Jeedimetla,17.519687,78.4468876
1770,Jeedimetla,2025,Jul-Sep,4729.892734082395,5766.485742707272,3693.4217158476754,Jeedimetla,17.519687,78.4468876
1771,Jeedimetla,2025,Oct-Dec,5042.716404494375,6147.867168635528,3937.69569889286,Jeedimetla,17.519687,78.4468876
1772,Jeedimetla,2026,Jan-Mar,4858.936329588008,5923.8102520579405,3794.187725718713,Jeedimetla,17.519687,78.4468876
1773,Jeedimetla,2026,Apr-Jun,4783.319550561791,5831.62146413425,3735.141005330018,Jeedimetla,17.519687,78.4468876
1774,Jeedimetla,2026,Jul-Sep,4729.892734082395,5766.485742707272,3693.4217158476754,Jeedimetla,17.519687,78.4468876
1775,Jeedimetla,2026,Oct-Dec,5042.716404494375,6147.867168635528,3937.69569889286,Jeedimetla,17.519687,78.4468876
1776,Jeedimetla,2027,Jan-Mar,4858.936329588008,5923.8102520579405,3794.187725718713,Jeedimetla,17.519687,78.4468876
1777,Jeedimetla,2027,Apr-Jun,4783.319550561791,5831.62146413425,3735.141005330018,Jeedimetla,17.519687,78.4468876
1778,Jeedimetla,2027,Jul-Sep,4729.892734082395,5766.485742707272,3693.4217158476754,Jeedimetla,17.519687,78.4468876
1779,Jeedimetla,2027,Oct-Dec,5042.716404494375,6147.867168635528,3937.69569889286,Jeedimetla,17.519687,78.4468876
1780,Jeedimetla,2028,Jan-Mar,4858.936329588008,5923.8102520579405,3794.187725718713,Jeedimetla,17.519687,78.4468876
1781,Jeedimetla,2028,Apr-Jun,4783.319550561791,5831.62146413425,3735.141005330018,Jeedimetla,17.519687,78.4468876
1782,Jeedimetla,2028,Jul-Sep,4729.892734082395,5766.485742707272,3693.4217158476754,Jeedimetla,17.519687,78.4468876
1783,Jeedimetla,2028,Oct-Dec,5042.716404494375,6147.867168635528,3937.69569889286,Jeedimetla,17.519687,78.4468876
1784,Jeedimetla,2029,Jan-Mar,4858.936329588008,5923.8102520579405,3794.187725718713,Jeedimetla,17.519687,78.4468876
1785,Jeedimetla,2029,Apr-Jun,4783.319550561791,5831.62146413425,3735.141005330018,Jeedimetla,17.519687,78.4468876
1786,Jeedimetla,2029,Jul-Sep,4729.892734082395,5766.485742707272,3693.4217158476754,Jeedimetla,17.519687,78.4468876
1787,Jeedimetla,2029,Oct-Dec,5042.716404494375,6147.867168635528,3937.69569889286,Jeedimetla,17.519687,78.4468876
1788,Jeedimetla,2030,Jan-Mar,4858.936329588008,5923.8102520579405,3794.187725718713,Jeedimetla,17.519687,78.4468876
1789,Jeedimetla,2030,Apr-Jun,4783.319550561791,5831.62146413425,3735.141005330018,Jeedimetla,17.519687,78.4468876
1790,Jeedimetla,2030,Jul-Sep,4729.892734082395,5766.485742707272,3693.4217158476754,Jeedimetla,17.519687,78.4468876
1791,Jeedimetla,2030,Oct-Dec,5042.716404494375,6147.867168635528,3937.69569889286,Jeedimetla,17.519687,78.4468876
1792,Jeedimetla Main Road,2024,Jan-Mar,5277.898426966292,6621.477762143515,3879.8451292226255,Jeedimetla Main Road,17.477658936774755,78.44831763199764
1793,Jeedimetla Main Road,2024,Apr-Jun,5232.766142322097,6564.856282351596,3846.667856645192,Jeedimetla Main Road,17.477658936774755,78.44831763199764
1794,Jeedimetla Main Road,2024,Jul-Sep,5373.410936329585,6741.304614726406,3950.057496770216,Jeedimetla Main Road,17.477658936774755,78.44831763199764
1795,Jeedimetla Main Road,2024,Oct-Dec,5774.91086142322,7245.013214332385,4245.204807828489,Jeedimetla Main Road,17.477658936774755,78.44831763199764
1796,Jeedimetla Main Road,2025,Jan-Mar,5277.898426966292,6621.477762143515,3879.8451292226255,Jeedimetla Main Road,17.477658936774755,78.44831763199764
1797,Jeedimetla Main Road,2025,Apr-Jun,5232.766142322097,6564.856282351596,3846.667856645192,Jeedimetla Main Road,17.477658936774755,78.44831763199764
1798,Jeedimetla Main Road,2025,Jul-Sep,5373.410936329585,6741.304614726406,3950.057496770216,Jeedimetla Main Road,17.477658936774755,78.44831763199764
1799,Jeedimetla Main Road,2025,Oct-Dec,5774.91086142322,7245.013214332385,4245.204807828489,Jeedimetla Main Road,17.477658936774755,78.44831763199764
1800,Jeedimetla Main Road,2026,Jan-Mar,5277.898426966292,6621.477762143515,3879.8451292226255,Jeedimetla Main Road,17.477658936774755,78.44831763199764
1801,Jeedimetla Main Road,2026,Apr-Jun,5232.766142322097,6564.856282351596,3846.667856645192,Jeedimetla Main Road,17.477658936774755,78.44831763199764
1802,Jeedimetla Main Road,2026,Jul-Sep,5373.410936329585,6741.304614726406,3950.057496770216,Jeedimetla Main Road,17.477658936774755,78.44831763199764
1803,Jeedimetla Main Road,2026,Oct-Dec,5774.91086142322,7245.013214332385,4245.204807828489,Jeedimetla Main Road,17.477658936774755,78.44831763199764
1804,Jeedimetla Main Road,2027,Jan-Mar,5277.898426966292,6621.477762143515,3879.8451292226255,Jeedimetla Main Road,17.477658936774755,78.44831763199764
1805,Jeedimetla Main Road,2027,Apr-Jun,5232.766142322097,6564.856282351596,3846.667856645192,Jeedimetla Main Road,17.477658936774755,78.44831763199764
1806,Jeedimetla Main Road,2027,Jul-Sep,5373.410936329585,6741.304614726406,3950.057496770216,Jeedimetla Main Road,17.477658936774755,78.44831763199764
1807,Jeedimetla Main Road,2027,Oct-Dec,5774.91086142322,7245.013214332385,4245.204807828489,Jeedimetla Main Road,17.477658936774755,78.44831763199764
1808,Jeedimetla Main Road,2028,Jan-Mar,5277.898426966292,6621.477762143515,3879.8451292226255,Jeedimetla Main Road,17.477658936774755,78.44831763199764
1809,Jeedimetla Main Road,2028,Apr-Jun,5232.766142322097,6564.856282351596,3846.667856645192,Jeedimetla Main Road,17.477658936774755,78.44831763199764
1810,Jeedimetla Main Road,2028,Jul-Sep,5373.410936329585,6741.304614726406,3950.057496770216,Jeedimetla Main Road,17.477658936774755,78.44831763199764
1811,Jeedimetla Main Road,2028,Oct-Dec,5774.91086142322,7245.013214332385,4245.204807828489,Jeedimetla Main Road,17.477658936774755,78.44831763199764
1812,Jeedimetla Main Road,2029,Jan-Mar,5277.898426966292,6621.477762143515,3879.8451292226255,Jeedimetla Main Road,17.477658936774755,78.44831763199764
1813,Jeedimetla Main Road,2029,Apr-Jun,5232.766142322097,6564.856282351596,3846.667856645192,Jeedimetla Main Road,17.477658936774755,78.44831763199764
1814,Jeedimetla Main Road,2029,Jul-Sep,5373.410936329585,6741.304614726406,3950.057496770216,Jeedimetla Main Road,17.477658936774755,78.44831763199764
1815,Jeedimetla Main Road,2029,Oct-Dec,5774.91086142322,7245.013214332385,4245.204807828489,Jeedimetla Main Road,17.477658936774755,78.44831763199764
1816,Jeedimetla Main Road,2030,Jan-Mar,5277.898426966292,6621.477762143515,3879.8451292226255,Jeedimetla Main Road,17.477658936774755,78.44831763199764
1817,Jeedimetla Main Road,2030,Apr-Jun,5232.766142322097,6564.856282351596,3846.667856645192,Jeedimetla Main Road,17.477658936774755,78.44831763199764
1818,Jeedimetla Main Road,2030,Jul-Sep,5373.410936329585,6741.304614726406,3950.057496770216,Jeedimetla Main Road,17.477658936774755,78.44831763199764
1819,Jeedimetla Main Road,2030,Oct-Dec,5774.91086142322,7245.013214332385,4245.204807828489,Jeedimetla Main Road,17.477658936774755,78.44831763199764
1820,Kalimandir Road,2024,Jan-Mar,5636.19805243445,7219.822449596758,4238.479336058927,Kalimandir Road,22.6993912,89.082075342271
1821,Kalimandir Road,2024,Apr-Jun,5564.9839700374505,7128.599070639163,4184.925608196986,Kalimandir Road,22.6993912,89.082075342271
1822,Kalimandir Road,2024,Jul-Sep,5640.814382022472,7225.735847189298,4241.950863742171,Kalimandir Road,22.6993912,89.082075342271
1823,Kalimandir Road,2024,Oct-Dec,5685.9002247191,7283.489633736863,4275.8558846162905,Kalimandir Road,22.6993912,89.082075342271
1824,Kalimandir Road,2025,Jan-Mar,5636.19805243445,7219.822449596758,4238.479336058927,Kalimandir Road,22.6993912,89.082075342271
1825,Kalimandir Road,2025,Apr-Jun,5564.9839700374505,7128.599070639163,4184.925608196986,Kalimandir Road,22.6993912,89.082075342271
1826,Kalimandir Road,2025,Jul-Sep,5640.814382022472,7225.735847189298,4241.950863742171,Kalimandir Road,22.6993912,89.082075342271
1827,Kalimandir Road,2025,Oct-Dec,5685.9002247191,7283.489633736863,4275.8558846162905,Kalimandir Road,22.6993912,89.082075342271
1828,Kalimandir Road,2026,Jan-Mar,5636.19805243445,7219.822449596758,4238.479336058927,Kalimandir Road,22.6993912,89.082075342271
1829,Kalimandir Road,2026,Apr-Jun,5564.9839700374505,7128.599070639163,4184.925608196986,Kalimandir Road,22.6993912,89.082075342271
1830,Kalimandir Road,2026,Jul-Sep,5640.814382022472,7225.735847189298,4241.950863742171,Kalimandir Road,22.6993912,89.082075342271
1831,Kalimandir Road,2026,Oct-Dec,5685.9002247191,7283.489633736863,4275.8558846162905,Kalimandir Road,22.6993912,89.082075342271
1832,Kalimandir Road,2027,Jan-Mar,5636.19805243445,7219.822449596758,4238.479336058927,Kalimandir Road,22.6993912,89.082075342271
1833,Kalimandir Road,2027,Apr-Jun,5564.9839700374505,7128.599070639163,4184.925608196986,Kalimandir Road,22.6993912,89.082075342271
1834,Kalimandir Road,2027,Jul-Sep,5640.814382022472,7225.735847189298,4241.950863742171,Kalimandir Road,22.6993912,89.082075342271
1835,Kalimandir Road,2027,Oct-Dec,5685.9002247191,7283.489633736863,4275.8558846162905,Kalimandir Road,22.6993912,89.082075342271
1836,Kalimandir Road,2028,Jan-Mar,5636.19805243445,7219.822449596758,4238.479336058927,Kalimandir Road,22.6993912,89.082075342271
1837,Kalimandir Road,2028,Apr-Jun,5564.9839700374505,7128.599070639163,4184.925608196986,Kalimandir Road,22.6993912,89.082075342271
1838,Kalimandir Road,2028,Jul-Sep,5640.814382022472,7225.735847189298,4241.950863742171,Kalimandir Road,22.6993912,89.082075342271
1839,Kalimandir Road,2028,Oct-Dec,5685.9002247191,7283.489633736863,4275.8558846162905,Kalimandir Road,22.6993912,89.082075342271
1840,Kalimandir Road,2029,Jan-Mar,5636.19805243445,7219.822449596758,4238.479336058927,Kalimandir Road,22.6993912,89.082075342271
1841,Kalimandir Road,2029,Apr-Jun,5564.9839700374505,7128.599070639163,4184.925608196986,Kalimandir Road,22.6993912,89.082075342271
1842,Kalimandir Road,2029,Jul-Sep,5640.814382022472,7225.735847189298,4241.950863742171,Kalimandir Road,22.6993912,89.082075342271
1843,Kalimandir Road,2029,Oct-Dec,5685.9002247191,7283.489633736863,4275.8558846162905,Kalimandir Road,22.6993912,89.082075342271
1844,Kalimandir Road,2030,Jan-Mar,5636.19805243445,7219.822449596758,4238.479336058927,Kalimandir Road,22.6993912,89.082075342271
1845,Kalimandir Road,2030,Apr-Jun,5564.9839700374505,7128.599070639163,4184.925608196986,Kalimandir Road,22.6993912,89.082075342271
1846,Kalimandir Road,2030,Jul-Sep,5640.814382022472,7225.735847189298,4241.950863742171,Kalimandir Road,22.6993912,89.082075342271
1847,Kalimandir Road,2030,Oct-Dec,5685.9002247191,7283.489633736863,4275.8558846162905,Kalimandir Road,22.6993912,89.082075342271
1848,Kanchi Gachibowli Road,2024,Jan-Mar,7890.062921348316,9979.02059804395,5665.060841137368,Kanchi Gachibowli Road,17.436748785054082,78.29978706171848
1849,Kanchi Gachibowli Road,2024,Apr-Jun,7973.7327340824,10084.842667275969,5725.135720695383,Kanchi Gachibowli Road,17.436748785054082,78.29978706171848
1850,Kanchi Gachibowli Road,2024,Jul-Sep,8289.742322097378,10484.518337725747,5952.03043121078,Kanchi Gachibowli Road,17.436748785054082,78.29978706171848
1851,Kanchi Gachibowli Road,2024,Oct-Dec,8261.264119850188,10448.500302172311,5931.5830976489615,Kanchi Gachibowli Road,17.436748785054082,78.29978706171848
1852,Kanchi Gachibowli Road,2025,Jan-Mar,7890.062921348316,9979.02059804395,5665.060841137368,Kanchi Gachibowli Road,17.436748785054082,78.29978706171848
1853,Kanchi Gachibowli Road,2025,Apr-Jun,7973.7327340824,10084.842667275969,5725.135720695383,Kanchi Gachibowli Road,17.436748785054082,78.29978706171848
1854,Kanchi Gachibowli Road,2025,Jul-Sep,8289.742322097378,10484.518337725747,5952.03043121078,Kanchi Gachibowli Road,17.436748785054082,78.29978706171848
1855,Kanchi Gachibowli Road,2025,Oct-Dec,8261.264119850188,10448.500302172311,5931.5830976489615,Kanchi Gachibowli Road,17.436748785054082,78.29978706171848
1856,Kanchi Gachibowli Road,2026,Jan-Mar,7890.062921348316,9979.02059804395,5665.060841137368,Kanchi Gachibowli Road,17.436748785054082,78.29978706171848
1857,Kanchi Gachibowli Road,2026,Apr-Jun,7973.7327340824,10084.842667275969,5725.135720695383,Kanchi Gachibowli Road,17.436748785054082,78.29978706171848
1858,Kanchi Gachibowli Road,2026,Jul-Sep,8289.742322097378,10484.518337725747,5952.03043121078,Kanchi Gachibowli Road,17.436748785054082,78.29978706171848
1859,Kanchi Gachibowli Road,2026,Oct-Dec,8261.264119850188,10448.500302172311,5931.5830976489615,Kanchi Gachibowli Road,17.436748785054082,78.29978706171848
1860,Kanchi Gachibowli Road,2027,Jan-Mar,7890.062921348316,9979.02059804395,5665.060841137368,Kanchi Gachibowli Road,17.436748785054082,78.29978706171848
1861,Kanchi Gachibowli Road,2027,Apr-Jun,7973.7327340824,10084.842667275969,5725.135720695383,Kanchi Gachibowli Road,17.436748785054082,78.29978706171848
1862,Kanchi Gachibowli Road,2027,Jul-Sep,8289.742322097378,10484.518337725747,5952.03043121078,Kanchi Gachibowli Road,17.436748785054082,78.29978706171848
1863,Kanchi Gachibowli Road,2027,Oct-Dec,8261.264119850188,10448.500302172311,5931.5830976489615,Kanchi Gachibowli Road,17.436748785054082,78.29978706171848
1864,Kanchi Gachibowli Road,2028,Jan-Mar,7890.062921348316,9979.02059804395,5665.060841137368,Kanchi Gachibowli Road,17.436748785054082,78.29978706171848
1865,Kanchi Gachibowli Road,2028,Apr-Jun,7973.7327340824,10084.842667275969,5725.135720695383,Kanchi Gachibowli Road,17.436748785054082,78.29978706171848
1866,Kanchi Gachibowli Road,2028,Jul-Sep,8289.742322097378,10484.518337725747,5952.03043121078,Kanchi Gachibowli Road,17.436748785054082,78.29978706171848
1867,Kanchi Gachibowli Road,2028,Oct-Dec,8261.264119850188,10448.500302172311,5931.5830976489615,Kanchi Gachibowli Road,17.436748785054082,78.29978706171848
1868,Kanchi Gachibowli Road,2029,Jan-Mar,7890.062921348316,9979.02059804395,5665.060841137368,Kanchi Gachibowli Road,17.436748785054082,78.29978706171848
1869,Kanchi Gachibowli Road,2029,Apr-Jun,7973.7327340824,10084.842667275969,5725.135720695383,Kanchi Gachibowli Road,17.436748785054082,78.29978706171848
1870,Kanchi Gachibowli Road,2029,Jul-Sep,8289.742322097378,10484.518337725747,5952.03043121078,Kanchi Gachibowli Road,17.436748785054082,78.29978706171848
1871,Kanchi Gachibowli Road,2029,Oct-Dec,8261.264119850188,10448.500302172311,5931.5830976489615,Kanchi Gachibowli Road,17.436748785054082,78.29978706171848
1872,Kanchi Gachibowli Road,2030,Jan-Mar,7890.062921348316,9979.02059804395,5665.060841137368,Kanchi Gachibowli Road,17.436748785054082,78.29978706171848
1873,Kanchi Gachibowli Road,2030,Apr-Jun,7973.7327340824,10084.842667275969,5725.135720695383,Kanchi Gachibowli Road,17.436748785054082,78.29978706171848
1874,Kanchi Gachibowli Road,2030,Jul-Sep,8289.742322097378,10484.518337725747,5952.03043121078,Kanchi Gachibowli Road,17.436748785054082,78.29978706171848
1875,Kanchi Gachibowli Road,2030,Oct-Dec,8261.264119850188,10448.500302172311,5931.5830976489615,Kanchi Gachibowli Road,17.436748785054082,78.29978706171848
1876,Kapra,2024,Jan-Mar,4652.241797752806,5494.049602987448,3810.352386410343,Kapra,58.4804569,23.02073905062165
1877,Kapra,2024,Apr-Jun,4742.283445692882,5600.383990068632,3884.099715766808,Kapra,58.4804569,23.02073905062165
1878,Kapra,2024,Jul-Sep,4660.081198501873,5503.307517439331,3816.773135943753,Kapra,58.4804569,23.02073905062165
1879,Kapra,2024,Oct-Dec,4762.411385767786,5624.1540144966175,3900.5852184195246,Kapra,58.4804569,23.02073905062165
1880,Kapra,2025,Jan-Mar,4652.241797752806,5494.049602987448,3810.352386410343,Kapra,58.4804569,23.02073905062165
1881,Kapra,2025,Apr-Jun,4742.283445692882,5600.383990068632,3884.099715766808,Kapra,58.4804569,23.02073905062165
1882,Kapra,2025,Jul-Sep,4660.081198501873,5503.307517439331,3816.773135943753,Kapra,58.4804569,23.02073905062165
1883,Kapra,2025,Oct-Dec,4762.411385767786,5624.1540144966175,3900.5852184195246,Kapra,58.4804569,23.02073905062165
1884,Kapra,2026,Jan-Mar,4652.241797752806,5494.049602987448,3810.352386410343,Kapra,58.4804569,23.02073905062165
1885,Kapra,2026,Apr-Jun,4742.283445692882,5600.383990068632,3884.099715766808,Kapra,58.4804569,23.02073905062165
1886,Kapra,2026,Jul-Sep,4660.081198501873,5503.307517439331,3816.773135943753,Kapra,58.4804569,23.02073905062165
1887,Kapra,2026,Oct-Dec,4762.411385767786,5624.1540144966175,3900.5852184195246,Kapra,58.4804569,23.02073905062165
1888,Kapra,2027,Jan-Mar,4652.241797752806,5494.049602987448,3810.352386410343,Kapra,58.4804569,23.02073905062165
1889,Kapra,2027,Apr-Jun,4742.283445692882,5600.383990068632,3884.099715766808,Kapra,58.4804569,23.02073905062165
1890,Kapra,2027,Jul-Sep,4660.081198501873,5503.307517439331,3816.773135943753,Kapra,58.4804569,23.02073905062165
1891,Kapra,2027,Oct-Dec,4762.411385767786,5624.1540144966175,3900.5852184195246,Kapra,58.4804569,23.02073905062165
1892,Kapra,2028,Jan-Mar,4652.241797752806,5494.049602987448,3810.352386410343,Kapra,58.4804569,23.02073905062165
1893,Kapra,2028,Apr-Jun,4742.283445692882,5600.383990068632,3884.099715766808,Kapra,58.4804569,23.02073905062165
1894,Kapra,2028,Jul-Sep,4660.081198501873,5503.307517439331,3816.773135943753,Kapra,58.4804569,23.02073905062165
1895,Kapra,2028,Oct-Dec,4762.411385767786,5624.1540144966175,3900.5852184195246,Kapra,58.4804569,23.02073905062165
1896,Kapra,2029,Jan-Mar,4652.241797752806,5494.049602987448,3810.352386410343,Kapra,58.4804569,23.02073905062165
1897,Kapra,2029,Apr-Jun,4742.283445692882,5600.383990068632,3884.099715766808,Kapra,58.4804569,23.02073905062165
1898,Kapra,2029,Jul-Sep,4660.081198501873,5503.307517439331,3816.773135943753,Kapra,58.4804569,23.02073905062165
1899,Kapra,2029,Oct-Dec,4762.411385767786,5624.1540144966175,3900.5852184195246,Kapra,58.4804569,23.02073905062165
1900,Kapra,2030,Jan-Mar,4652.241797752806,5494.049602987448,3810.352386410343,Kapra,58.4804569,23.02073905062165
1901,Kapra,2030,Apr-Jun,4742.283445692882,5600.383990068632,3884.099715766808,Kapra,58.4804569,23.02073905062165
1902,Kapra,2030,Jul-Sep,4660.081198501873,5503.307517439331,3816.773135943753,Kapra,58.4804569,23.02073905062165
1903,Kapra,2030,Oct-Dec,4762.411385767786,5624.1540144966175,3900.5852184195246,Kapra,58.4804569,23.02073905062165
1904,Kapra Main Road,2024,Jan-Mar,4621.97093632959,5432.0196686515865,3872.937381624328,Kapra Main Road,17.4525205,78.5656142
1905,Kapra Main Road,2024,Apr-Jun,4647.328239700377,5461.821104565302,3894.1852971726457,Kapra Main Road,17.4525205,78.5656142
1906,Kapra Main Road,2024,Jul-Sep,4591.718651685393,5396.465354816065,3847.5877622320654,Kapra Main Road,17.4525205,78.5656142
1907,Kapra Main Road,2024,Oct-Dec,4689.999101123589,5511.970480604708,3929.9409470001,Kapra Main Road,17.4525205,78.5656142
1908,Kapra Main Road,2025,Jan-Mar,4621.97093632959,5432.0196686515865,3872.937381624328,Kapra Main Road,17.4525205,78.5656142
1909,Kapra Main Road,2025,Apr-Jun,4647.328239700377,5461.821104565302,3894.1852971726457,Kapra Main Road,17.4525205,78.5656142
1910,Kapra Main Road,2025,Jul-Sep,4591.718651685393,5396.465354816065,3847.5877622320654,Kapra Main Road,17.4525205,78.5656142
1911,Kapra Main Road,2025,Oct-Dec,4689.999101123589,5511.970480604708,3929.9409470001,Kapra Main Road,17.4525205,78.5656142
1912,Kapra Main Road,2026,Jan-Mar,4621.97093632959,5432.0196686515865,3872.937381624328,Kapra Main Road,17.4525205,78.5656142
1913,Kapra Main Road,2026,Apr-Jun,4647.328239700377,5461.821104565302,3894.1852971726457,Kapra Main Road,17.4525205,78.5656142
1914,Kapra Main Road,2026,Jul-Sep,4591.718651685393,5396.465354816065,3847.5877622320654,Kapra Main Road,17.4525205,78.5656142
1915,Kapra Main Road,2026,Oct-Dec,4689.999101123589,5511.970480604708,3929.9409470001,Kapra Main Road,17.4525205,78.5656142
1916,Kapra Main Road,2027,Jan-Mar,4621.97093632959,5432.0196686515865,3872.937381624328,Kapra Main Road,17.4525205,78.5656142
1917,Kapra Main Road,2027,Apr-Jun,4647.328239700377,5461.821104565302,3894.1852971726457,Kapra Main Road,17.4525205,78.5656142
1918,Kapra Main Road,2027,Jul-Sep,4591.718651685393,5396.465354816065,3847.5877622320654,Kapra Main Road,17.4525205,78.5656142
1919,Kapra Main Road,2027,Oct-Dec,4689.999101123589,5511.970480604708,3929.9409470001,Kapra Main Road,17.4525205,78.5656142
1920,Kapra Main Road,2028,Jan-Mar,4621.97093632959,5432.0196686515865,3872.937381624328,Kapra Main Road,17.4525205,78.5656142
1921,Kapra Main Road,2028,Apr-Jun,4647.328239700377,5461.821104565302,3894.1852971726457,Kapra Main Road,17.4525205,78.5656142
1922,Kapra Main Road,2028,Jul-Sep,4591.718651685393,5396.465354816065,3847.5877622320654,Kapra Main Road,17.4525205,78.5656142
1923,Kapra Main Road,2028,Oct-Dec,4689.999101123589,5511.970480604708,3929.9409470001,Kapra Main Road,17.4525205,78.5656142
1924,Kapra Main Road,2029,Jan-Mar,4621.97093632959,5432.0196686515865,3872.937381624328,Kapra Main Road,17.4525205,78.5656142
1925,Kapra Main Road,2029,Apr-Jun,4647.328239700377,5461.821104565302,3894.1852971726457,Kapra Main Road,17.4525205,78.5656142
1926,Kapra Main Road,2029,Jul-Sep,4591.718651685393,5396.465354816065,3847.5877622320654,Kapra Main Road,17.4525205,78.5656142
1927,Kapra Main Road,2029,Oct-Dec,4689.999101123589,5511.970480604708,3929.9409470001,Kapra Main Road,17.4525205,78.5656142
1928,Kapra Main Road,2030,Jan-Mar,4621.97093632959,5432.0196686515865,3872.937381624328,Kapra Main Road,17.4525205,78.5656142
1929,Kapra Main Road,2030,Apr-Jun,4647.328239700377,5461.821104565302,3894.1852971726457,Kapra Main Road,17.4525205,78.5656142
1930,Kapra Main Road,2030,Jul-Sep,4591.718651685393,5396.465354816065,3847.5877622320654,Kapra Main Road,17.4525205,78.5656142
1931,Kapra Main Road,2030,Oct-Dec,4689.999101123589,5511.970480604708,3929.9409470001,Kapra Main Road,17.4525205,78.5656142
1932,Kavadiguda,2024,Jan-Mar,6593.570936329585,8295.179562808056,4932.585128474071,Kavadiguda,17.4227022,78.4917695
1933,Kavadiguda,2024,Apr-Jun,6985.08584269663,8787.733063967247,5225.473553179035,Kavadiguda,17.4227022,78.4917695
1934,Kavadiguda,2024,Jul-Sep,7080.654082397008,8907.964682989978,5296.967206990083,Kavadiguda,17.4227022,78.4917695
1935,Kavadiguda,2024,Oct-Dec,7525.670112359547,9467.82638956959,5629.879292493134,Kavadiguda,17.4227022,78.4917695
1936,Kavadiguda,2025,Jan-Mar,6593.570936329585,8295.179562808056,4932.585128474071,Kavadiguda,17.4227022,78.4917695
1937,Kavadiguda,2025,Apr-Jun,6985.08584269663,8787.733063967247,5225.473553179035,Kavadiguda,17.4227022,78.4917695
1938,Kavadiguda,2025,Jul-Sep,7080.654082397008,8907.964682989978,5296.967206990083,Kavadiguda,17.4227022,78.4917695
1939,Kavadiguda,2025,Oct-Dec,7525.670112359547,9467.82638956959,5629.879292493134,Kavadiguda,17.4227022,78.4917695
1940,Kavadiguda,2026,Jan-Mar,6593.570936329585,8295.179562808056,4932.585128474071,Kavadiguda,17.4227022,78.4917695
1941,Kavadiguda,2026,Apr-Jun,6985.08584269663,8787.733063967247,5225.473553179035,Kavadiguda,17.4227022,78.4917695
1942,Kavadiguda,2026,Jul-Sep,7080.654082397008,8907.964682989978,5296.967206990083,Kavadiguda,17.4227022,78.4917695
1943,Kavadiguda,2026,Oct-Dec,7525.670112359547,9467.82638956959,5629.879292493134,Kavadiguda,17.4227022,78.4917695
1944,Kavadiguda,2027,Jan-Mar,6593.570936329585,8295.179562808056,4932.585128474071,Kavadiguda,17.4227022,78.4917695
1945,Kavadiguda,2027,Apr-Jun,6985.08584269663,8787.733063967247,5225.473553179035,Kavadiguda,17.4227022,78.4917695
1946,Kavadiguda,2027,Jul-Sep,7080.654082397008,8907.964682989978,5296.967206990083,Kavadiguda,17.4227022,78.4917695
1947,Kavadiguda,2027,Oct-Dec,7525.670112359547,9467.82638956959,5629.879292493134,Kavadiguda,17.4227022,78.4917695
1948,Kavadiguda,2028,Jan-Mar,6593.570936329585,8295.179562808056,4932.585128474071,Kavadiguda,17.4227022,78.4917695
1949,Kavadiguda,2028,Apr-Jun,6985.08584269663,8787.733063967247,5225.473553179035,Kavadiguda,17.4227022,78.4917695
1950,Kavadiguda,2028,Jul-Sep,7080.654082397008,8907.964682989978,5296.967206990083,Kavadiguda,17.4227022,78.4917695
1951,Kavadiguda,2028,Oct-Dec,7525.670112359547,9467.82638956959,5629.879292493134,Kavadiguda,17.4227022,78.4917695
1952,Kavadiguda,2029,Jan-Mar,6593.570936329585,8295.179562808056,4932.585128474071,Kavadiguda,17.4227022,78.4917695
1953,Kavadiguda,2029,Apr-Jun,6985.08584269663,8787.733063967247,5225.473553179035,Kavadiguda,17.4227022,78.4917695
1954,Kavadiguda,2029,Jul-Sep,7080.654082397008,8907.964682989978,5296.967206990083,Kavadiguda,17.4227022,78.4917695
1955,Kavadiguda,2029,Oct-Dec,7525.670112359547,9467.82638956959,5629.879292493134,Kavadiguda,17.4227022,78.4917695
1956,Kavadiguda,2030,Jan-Mar,6593.570936329585,8295.179562808056,4932.585128474071,Kavadiguda,17.4227022,78.4917695
1957,Kavadiguda,2030,Apr-Jun,6985.08584269663,8787.733063967247,5225.473553179035,Kavadiguda,17.4227022,78.4917695
1958,Kavadiguda,2030,Jul-Sep,7080.654082397008,8907.964682989978,5296.967206990083,Kavadiguda,17.4227022,78.4917695
1959,Kavadiguda,2030,Oct-Dec,7525.670112359547,9467.82638956959,5629.879292493134,Kavadiguda,17.4227022,78.4917695
1960,Khajaguda,2024,Jan-Mar,7729.039400749057,9360.943814089556,6097.174681522523,Khajaguda,17.4172202,78.3656108
1961,Khajaguda,2024,Apr-Jun,8046.69303370786,9745.66663102598,6347.760761881017,Khajaguda,17.4172202,78.3656108
1962,Khajaguda,2024,Jul-Sep,8496.241797752797,10290.132832286412,6702.394397463065,Khajaguda,17.4172202,78.3656108
1963,Khajaguda,2024,Oct-Dec,8753.650936329579,10601.891171002724,6905.455657879304,Khajaguda,17.4172202,78.3656108
1964,Khajaguda,2025,Jan-Mar,7729.039400749057,9360.943814089556,6097.174681522523,Khajaguda,17.4172202,78.3656108
1965,Khajaguda,2025,Apr-Jun,8046.69303370786,9745.66663102598,6347.760761881017,Khajaguda,17.4172202,78.3656108
1966,Khajaguda,2025,Jul-Sep,8496.241797752797,10290.132832286412,6702.394397463065,Khajaguda,17.4172202,78.3656108
1967,Khajaguda,2025,Oct-Dec,8753.650936329579,10601.891171002724,6905.455657879304,Khajaguda,17.4172202,78.3656108
1968,Khajaguda,2026,Jan-Mar,7729.039400749057,9360.943814089556,6097.174681522523,Khajaguda,17.4172202,78.3656108
1969,Khajaguda,2026,Apr-Jun,8046.69303370786,9745.66663102598,6347.760761881017,Khajaguda,17.4172202,78.3656108
1970,Khajaguda,2026,Jul-Sep,8496.241797752797,10290.132832286412,6702.394397463065,Khajaguda,17.4172202,78.3656108
1971,Khajaguda,2026,Oct-Dec,8753.650936329579,10601.891171002724,6905.455657879304,Khajaguda,17.4172202,78.3656108
1972,Khajaguda,2027,Jan-Mar,7729.039400749057,9360.943814089556,6097.174681522523,Khajaguda,17.4172202,78.3656108
1973,Khajaguda,2027,Apr-Jun,8046.69303370786,9745.66663102598,6347.760761881017,Khajaguda,17.4172202,78.3656108
1974,Khajaguda,2027,Jul-Sep,8496.241797752797,10290.132832286412,6702.394397463065,Khajaguda,17.4172202,78.3656108
1975,Khajaguda,2027,Oct-Dec,8753.650936329579,10601.891171002724,6905.455657879304,Khajaguda,17.4172202,78.3656108
1976,Khajaguda,2028,Jan-Mar,7729.039400749057,9360.943814089556,6097.174681522523,Khajaguda,17.4172202,78.3656108
1977,Khajaguda,2028,Apr-Jun,8046.69303370786,9745.66663102598,6347.760761881017,Khajaguda,17.4172202,78.3656108
1978,Khajaguda,2028,Jul-Sep,8496.241797752797,10290.132832286412,6702.394397463065,Khajaguda,17.4172202,78.3656108
1979,Khajaguda,2028,Oct-Dec,8753.650936329579,10601.891171002724,6905.455657879304,Khajaguda,17.4172202,78.3656108
1980,Khajaguda,2029,Jan-Mar,7729.039400749057,9360.943814089556,6097.174681522523,Khajaguda,17.4172202,78.3656108
1981,Khajaguda,2029,Apr-Jun,8046.69303370786,9745.66663102598,6347.760761881017,Khajaguda,17.4172202,78.3656108
1982,Khajaguda,2029,Jul-Sep,8496.241797752797,10290.132832286412,6702.394397463065,Khajaguda,17.4172202,78.3656108
1983,Khajaguda,2029,Oct-Dec,8753.650936329579,10601.891171002724,6905.455657879304,Khajaguda,17.4172202,78.3656108
1984,Khajaguda,2030,Jan-Mar,7729.039400749057,9360.943814089556,6097.174681522523,Khajaguda,17.4172202,78.3656108
1985,Khajaguda,2030,Apr-Jun,8046.69303370786,9745.66663102598,6347.760761881017,Khajaguda,17.4172202,78.3656108
1986,Khajaguda,2030,Jul-Sep,8496.241797752797,10290.132832286412,6702.394397463065,Khajaguda,17.4172202,78.3656108
1987,Khajaguda,2030,Oct-Dec,8753.650936329579,10601.891171002724,6905.455657879304,Khajaguda,17.4172202,78.3656108
1988,Khajaguda Nanakramguda Road,2024,Jan-Mar,6493.572134831456,8961.44472539116,4968.418462921728,Khajaguda Nanakramguda Road,,
1989,Khajaguda Nanakramguda Road,2024,Apr-Jun,6593.487340823976,9099.3325592577,5044.866455470708,Khajaguda Nanakramguda Road,,
1990,Khajaguda Nanakramguda Road,2024,Jul-Sep,7080.7841198501765,9771.825766298634,5417.7112108018055,Khajaguda Nanakramguda Road,,
1991,Khajaguda Nanakramguda Road,2024,Oct-Dec,8482.01198501872,11705.588231803562,6489.830877990887,Khajaguda Nanakramguda Road,,
1992,Khajaguda Nanakramguda Road,2025,Jan-Mar,6493.572134831456,8961.44472539116,4968.418462921728,Khajaguda Nanakramguda Road,,
1993,Khajaguda Nanakramguda Road,2025,Apr-Jun,6593.487340823976,9099.3325592577,5044.866455470708,Khajaguda Nanakramguda Road,,
1994,Khajaguda Nanakramguda Road,2025,Jul-Sep,7080.7841198501765,9771.825766298634,5417.7112108018055,Khajaguda Nanakramguda Road,,
1995,Khajaguda Nanakramguda Road,2025,Oct-Dec,8482.01198501872,11705.588231803562,6489.830877990887,Khajaguda Nanakramguda Road,,
1996,Khajaguda Nanakramguda Road,2026,Jan-Mar,6493.572134831456,8961.44472539116,4968.418462921728,Khajaguda Nanakramguda Road,,
1997,Khajaguda Nanakramguda Road,2026,Apr-Jun,6593.487340823976,9099.3325592577,5044.866455470708,Khajaguda Nanakramguda Road,,
1998,Khajaguda Nanakramguda Road,2026,Jul-Sep,7080.7841198501765,9771.825766298634,5417.7112108018055,Khajaguda Nanakramguda Road,,
1999,Khajaguda Nanakramguda Road,2026,Oct-Dec,8482.01198501872,11705.588231803562,6489.830877990887,Khajaguda Nanakramguda Road,,
2000,Khajaguda Nanakramguda Road,2027,Jan-Mar,6493.572134831456,8961.44472539116,4968.418462921728,Khajaguda Nanakramguda Road,,
2001,Khajaguda Nanakramguda Road,2027,Apr-Jun,6593.487340823976,9099.3325592577,5044.866455470708,Khajaguda Nanakramguda Road,,
2002,Khajaguda Nanakramguda Road,2027,Jul-Sep,7080.7841198501765,9771.825766298634,5417.7112108018055,Khajaguda Nanakramguda Road,,
2003,Khajaguda Nanakramguda Road,2027,Oct-Dec,8482.01198501872,11705.588231803562,6489.830877990887,Khajaguda Nanakramguda Road,,
2004,Khajaguda Nanakramguda Road,2028,Jan-Mar,6493.572134831456,8961.44472539116,4968.418462921728,Khajaguda Nanakramguda Road,,
2005,Khajaguda Nanakramguda Road,2028,Apr-Jun,6593.487340823976,9099.3325592577,5044.866455470708,Khajaguda Nanakramguda Road,,
2006,Khajaguda Nanakramguda Road,2028,Jul-Sep,7080.7841198501765,9771.825766298634,5417.7112108018055,Khajaguda Nanakramguda Road,,
2007,Khajaguda Nanakramguda Road,2028,Oct-Dec,8482.01198501872,11705.588231803562,6489.830877990887,Khajaguda Nanakramguda Road,,
2008,Khajaguda Nanakramguda Road,2029,Jan-Mar,6493.572134831456,8961.44472539116,4968.418462921728,Khajaguda Nanakramguda Road,,
2009,Khajaguda Nanakramguda Road,2029,Apr-Jun,6593.487340823976,9099.3325592577,5044.866455470708,Khajaguda Nanakramguda Road,,
2010,Khajaguda Nanakramguda Road,2029,Jul-Sep,7080.7841198501765,9771.825766298634,5417.7112108018055,Khajaguda Nanakramguda Road,,
2011,Khajaguda Nanakramguda Road,2029,Oct-Dec,8482.01198501872,11705.588231803562,6489.830877990887,Khajaguda Nanakramguda Road,,
2012,Khajaguda Nanakramguda Road,2030,Jan-Mar,6493.572134831456,8961.44472539116,4968.418462921728,Khajaguda Nanakramguda Road,,
2013,Khajaguda Nanakramguda Road,2030,Apr-Jun,6593.487340823976,9099.3325592577,5044.866455470708,Khajaguda Nanakramguda Road,,
2014,Khajaguda Nanakramguda Road,2030,Jul-Sep,7080.7841198501765,9771.825766298634,5417.7112108018055,Khajaguda Nanakramguda Road,,
2015,Khajaguda Nanakramguda Road,2030,Oct-Dec,8482.01198501872,11705.588231803562,6489.830877990887,Khajaguda Nanakramguda Road,,
2016,Kismatpur,2024,Jan-Mar,5528.294831460682,6268.4294425681765,4788.160220353188,Kismatpur,17.3351206,78.3926988
2017,Kismatpur,2024,Apr-Jun,5607.589812734084,6358.340529153759,4856.83909631441,Kismatpur,17.3351206,78.3926988
2018,Kismatpur,2024,Jul-Sep,5664.657677902628,6423.048707200133,4906.266648605123,Kismatpur,17.3351206,78.3926988
2019,Kismatpur,2024,Oct-Dec,5756.008988764052,6526.630238952421,4985.387738575684,Kismatpur,17.3351206,78.3926988
2020,Kismatpur,2025,Jan-Mar,5528.294831460682,6268.4294425681765,4788.160220353188,Kismatpur,17.3351206,78.3926988
2021,Kismatpur,2025,Apr-Jun,5607.589812734084,6358.340529153759,4856.83909631441,Kismatpur,17.3351206,78.3926988
2022,Kismatpur,2025,Jul-Sep,5664.657677902628,6423.048707200133,4906.266648605123,Kismatpur,17.3351206,78.3926988
2023,Kismatpur,2025,Oct-Dec,5756.008988764052,6526.630238952421,4985.387738575684,Kismatpur,17.3351206,78.3926988
2024,Kismatpur,2026,Jan-Mar,5528.294831460682,6268.4294425681765,4788.160220353188,Kismatpur,17.3351206,78.3926988
2025,Kismatpur,2026,Apr-Jun,5607.589812734084,6358.340529153759,4856.83909631441,Kismatpur,17.3351206,78.3926988
2026,Kismatpur,2026,Jul-Sep,5664.657677902628,6423.048707200133,4906.266648605123,Kismatpur,17.3351206,78.3926988
2027,Kismatpur,2026,Oct-Dec,5756.008988764052,6526.630238952421,4985.387738575684,Kismatpur,17.3351206,78.3926988
2028,Kismatpur,2027,Jan-Mar,5528.294831460682,6268.4294425681765,4788.160220353188,Kismatpur,17.3351206,78.3926988
2029,Kismatpur,2027,Apr-Jun,5607.589812734084,6358.340529153759,4856.83909631441,Kismatpur,17.3351206,78.3926988
2030,Kismatpur,2027,Jul-Sep,5664.657677902628,6423.048707200133,4906.266648605123,Kismatpur,17.3351206,78.3926988
2031,Kismatpur,2027,Oct-Dec,5756.008988764052,6526.630238952421,4985.387738575684,Kismatpur,17.3351206,78.3926988
2032,Kismatpur,2028,Jan-Mar,5528.294831460682,6268.4294425681765,4788.160220353188,Kismatpur,17.3351206,78.3926988
2033,Kismatpur,2028,Apr-Jun,5607.589812734084,6358.340529153759,4856.83909631441,Kismatpur,17.3351206,78.3926988
2034,Kismatpur,2028,Jul-Sep,5664.657677902628,6423.048707200133,4906.266648605123,Kismatpur,17.3351206,78.3926988
2035,Kismatpur,2028,Oct-Dec,5756.008988764052,6526.630238952421,4985.387738575684,Kismatpur,17.3351206,78.3926988
2036,Kismatpur,2029,Jan-Mar,5528.294831460682,6268.4294425681765,4788.160220353188,Kismatpur,17.3351206,78.3926988
2037,Kismatpur,2029,Apr-Jun,5607.589812734084,6358.340529153759,4856.83909631441,Kismatpur,17.3351206,78.3926988
2038,Kismatpur,2029,Jul-Sep,5664.657677902628,6423.048707200133,4906.266648605123,Kismatpur,17.3351206,78.3926988
2039,Kismatpur,2029,Oct-Dec,5756.008988764052,6526.630238952421,4985.387738575684,Kismatpur,17.3351206,78.3926988
2040,Kismatpur,2030,Jan-Mar,5528.294831460682,6268.4294425681765,4788.160220353188,Kismatpur,17.3351206,78.3926988
2041,Kismatpur,2030,Apr-Jun,5607.589812734084,6358.340529153759,4856.83909631441,Kismatpur,17.3351206,78.3926988
2042,Kismatpur,2030,Jul-Sep,5664.657677902628,6423.048707200133,4906.266648605123,Kismatpur,17.3351206,78.3926988
2043,Kismatpur,2030,Oct-Dec,5756.008988764052,6526.630238952421,4985.387738575684,Kismatpur,17.3351206,78.3926988
2044,Kismatpur Road,2024,Jan-Mar,5303.748014981272,6068.911714248203,4452.604660382856,Kismatpur Road,17.33341155,78.38181046531878
2045,Kismatpur Road,2024,Apr-Jun,5311.299475655427,6077.552612725207,4458.944265676219,Kismatpur Road,17.33341155,78.38181046531878
2046,Kismatpur Road,2024,Jul-Sep,5374.349063670409,6149.698269381936,4511.875681089951,Kismatpur Road,17.33341155,78.38181046531878
2047,Kismatpur Road,2024,Oct-Dec,5526.827265917599,6324.174271102154,4639.884242585503,Kismatpur Road,17.33341155,78.38181046531878
2048,Kismatpur Road,2025,Jan-Mar,5303.748014981272,6068.911714248203,4452.604660382856,Kismatpur Road,17.33341155,78.38181046531878
2049,Kismatpur Road,2025,Apr-Jun,5311.299475655427,6077.552612725207,4458.944265676219,Kismatpur Road,17.33341155,78.38181046531878
2050,Kismatpur Road,2025,Jul-Sep,5374.349063670409,6149.698269381936,4511.875681089951,Kismatpur Road,17.33341155,78.38181046531878
2051,Kismatpur Road,2025,Oct-Dec,5526.827265917599,6324.174271102154,4639.884242585503,Kismatpur Road,17.33341155,78.38181046531878
2052,Kismatpur Road,2026,Jan-Mar,5303.748014981272,6068.911714248203,4452.604660382856,Kismatpur Road,17.33341155,78.38181046531878
2053,Kismatpur Road,2026,Apr-Jun,5311.299475655427,6077.552612725207,4458.944265676219,Kismatpur Road,17.33341155,78.38181046531878
2054,Kismatpur Road,2026,Jul-Sep,5374.349063670409,6149.698269381936,4511.875681089951,Kismatpur Road,17.33341155,78.38181046531878
2055,Kismatpur Road,2026,Oct-Dec,5526.827265917599,6324.174271102154,4639.884242585503,Kismatpur Road,17.33341155,78.38181046531878
2056,Kismatpur Road,2027,Jan-Mar,5303.748014981272,6068.911714248203,4452.604660382856,Kismatpur Road,17.33341155,78.38181046531878
2057,Kismatpur Road,2027,Apr-Jun,5311.299475655427,6077.552612725207,4458.944265676219,Kismatpur Road,17.33341155,78.38181046531878
2058,Kismatpur Road,2027,Jul-Sep,5374.349063670409,6149.698269381936,4511.875681089951,Kismatpur Road,17.33341155,78.38181046531878
2059,Kismatpur Road,2027,Oct-Dec,5526.827265917599,6324.174271102154,4639.884242585503,Kismatpur Road,17.33341155,78.38181046531878
2060,Kismatpur Road,2028,Jan-Mar,5303.748014981272,6068.911714248203,4452.604660382856,Kismatpur Road,17.33341155,78.38181046531878
2061,Kismatpur Road,2028,Apr-Jun,5311.299475655427,6077.552612725207,4458.944265676219,Kismatpur Road,17.33341155,78.38181046531878
2062,Kismatpur Road,2028,Jul-Sep,5374.349063670409,6149.698269381936,4511.875681089951,Kismatpur Road,17.33341155,78.38181046531878
2063,Kismatpur Road,2028,Oct-Dec,5526.827265917599,6324.174271102154,4639.884242585503,Kismatpur Road,17.33341155,78.38181046531878
2064,Kismatpur Road,2029,Jan-Mar,5303.748014981272,6068.911714248203,4452.604660382856,Kismatpur Road,17.33341155,78.38181046531878
2065,Kismatpur Road,2029,Apr-Jun,5311.299475655427,6077.552612725207,4458.944265676219,Kismatpur Road,17.33341155,78.38181046531878
2066,Kismatpur Road,2029,Jul-Sep,5374.349063670409,6149.698269381936,4511.875681089951,Kismatpur Road,17.33341155,78.38181046531878
2067,Kismatpur Road,2029,Oct-Dec,5526.827265917599,6324.174271102154,4639.884242585503,Kismatpur Road,17.33341155,78.38181046531878
2068,Kismatpur Road,2030,Jan-Mar,5303.748014981272,6068.911714248203,4452.604660382856,Kismatpur Road,17.33341155,78.38181046531878
2069,Kismatpur Road,2030,Apr-Jun,5311.299475655427,6077.552612725207,4458.944265676219,Kismatpur Road,17.33341155,78.38181046531878
2070,Kismatpur Road,2030,Jul-Sep,5374.349063670409,6149.698269381936,4511.875681089951,Kismatpur Road,17.33341155,78.38181046531878
2071,Kismatpur Road,2030,Oct-Dec,5526.827265917599,6324.174271102154,4639.884242585503,Kismatpur Road,17.33341155,78.38181046531878
2072,Kokapet,2024,Jan-Mar,8391.515205992506,10045.417078567536,6737.388892940807,Kokapet,17.3948624,78.3365214
2073,Kokapet,2024,Apr-Jun,8685.873558052428,10397.791154573517,6973.723648110725,Kokapet,17.3948624,78.3365214
2074,Kokapet,2024,Jul-Sep,8912.017977528098,10668.506866558564,7155.290726591125,Kokapet,17.3948624,78.3365214
2075,Kokapet,2024,Oct-Dec,9036.94681647941,10818.0582004477,7255.59372924284,Kokapet,17.3948624,78.3365214
2076,Kokapet,2025,Jan-Mar,8391.515205992506,10045.417078567536,6737.388892940807,Kokapet,17.3948624,78.3365214
2077,Kokapet,2025,Apr-Jun,8685.873558052428,10397.791154573517,6973.723648110725,Kokapet,17.3948624,78.3365214
2078,Kokapet,2025,Jul-Sep,8912.017977528098,10668.506866558564,7155.290726591125,Kokapet,17.3948624,78.3365214
2079,Kokapet,2025,Oct-Dec,9036.94681647941,10818.0582004477,7255.59372924284,Kokapet,17.3948624,78.3365214
2080,Kokapet,2026,Jan-Mar,8391.515205992506,10045.417078567536,6737.388892940807,Kokapet,17.3948624,78.3365214
2081,Kokapet,2026,Apr-Jun,8685.873558052428,10397.791154573517,6973.723648110725,Kokapet,17.3948624,78.3365214
2082,Kokapet,2026,Jul-Sep,8912.017977528098,10668.506866558564,7155.290726591125,Kokapet,17.3948624,78.3365214
2083,Kokapet,2026,Oct-Dec,9036.94681647941,10818.0582004477,7255.59372924284,Kokapet,17.3948624,78.3365214
2084,Kokapet,2027,Jan-Mar,8391.515205992506,10045.417078567536,6737.388892940807,Kokapet,17.3948624,78.3365214
2085,Kokapet,2027,Apr-Jun,8685.873558052428,10397.791154573517,6973.723648110725,Kokapet,17.3948624,78.3365214
2086,Kokapet,2027,Jul-Sep,8912.017977528098,10668.506866558564,7155.290726591125,Kokapet,17.3948624,78.3365214
2087,Kokapet,2027,Oct-Dec,9036.94681647941,10818.0582004477,7255.59372924284,Kokapet,17.3948624,78.3365214
2088,Kokapet,2028,Jan-Mar,8391.515205992506,10045.417078567536,6737.388892940807,Kokapet,17.3948624,78.3365214
2089,Kokapet,2028,Apr-Jun,8685.873558052428,10397.791154573517,6973.723648110725,Kokapet,17.3948624,78.3365214
2090,Kokapet,2028,Jul-Sep,8912.017977528098,10668.506866558564,7155.290726591125,Kokapet,17.3948624,78.3365214
2091,Kokapet,2028,Oct-Dec,9036.94681647941,10818.0582004477,7255.59372924284,Kokapet,17.3948624,78.3365214
2092,Kokapet,2029,Jan-Mar,8391.515205992506,10045.417078567536,6737.388892940807,Kokapet,17.3948624,78.3365214
2093,Kokapet,2029,Apr-Jun,8685.873558052428,10397.791154573517,6973.723648110725,Kokapet,17.3948624,78.3365214
2094,Kokapet,2029,Jul-Sep,8912.017977528098,10668.506866558564,7155.290726591125,Kokapet,17.3948624,78.3365214
2095,Kokapet,2029,Oct-Dec,9036.94681647941,10818.0582004477,7255.59372924284,Kokapet,17.3948624,78.3365214
2096,Kokapet,2030,Jan-Mar,8391.515205992506,10045.417078567536,6737.388892940807,Kokapet,17.3948624,78.3365214
2097,Kokapet,2030,Apr-Jun,8685.873558052428,10397.791154573517,6973.723648110725,Kokapet,17.3948624,78.3365214
2098,Kokapet,2030,Jul-Sep,8912.017977528098,10668.506866558564,7155.290726591125,Kokapet,17.3948624,78.3365214
2099,Kokapet,2030,Oct-Dec,9036.94681647941,10818.0582004477,7255.59372924284,Kokapet,17.3948624,78.3365214
2100,Kompally,2024,Jan-Mar,5026.545318352064,6125.642924920652,3927.4477117834754,Kompally,17.5401462,78.4909369
2101,Kompally,2024,Apr-Jun,5118.732584269657,6237.987733824319,3999.477434714996,Kompally,17.5401462,78.4909369
2102,Kompally,2024,Jul-Sep,5235.822022471904,6380.679790352256,4090.9642545915526,Kompally,17.5401462,78.4909369
2103,Kompally,2024,Oct-Dec,5500.002397003743,6702.625488572756,4297.379305434729,Kompally,17.5401462,78.4909369
2104,Kompally,2025,Jan-Mar,5026.545318352064,6125.642924920652,3927.4477117834754,Kompally,17.5401462,78.4909369
2105,Kompally,2025,Apr-Jun,5118.732584269657,6237.987733824319,3999.477434714996,Kompally,17.5401462,78.4909369
2106,Kompally,2025,Jul-Sep,5235.822022471904,6380.679790352256,4090.9642545915526,Kompally,17.5401462,78.4909369
2107,Kompally,2025,Oct-Dec,5500.002397003743,6702.625488572756,4297.379305434729,Kompally,17.5401462,78.4909369
2108,Kompally,2026,Jan-Mar,5026.545318352064,6125.642924920652,3927.4477117834754,Kompally,17.5401462,78.4909369
2109,Kompally,2026,Apr-Jun,5118.732584269657,6237.987733824319,3999.477434714996,Kompally,17.5401462,78.4909369
2110,Kompally,2026,Jul-Sep,5235.822022471904,6380.679790352256,4090.9642545915526,Kompally,17.5401462,78.4909369
2111,Kompally,2026,Oct-Dec,5500.002397003743,6702.625488572756,4297.379305434729,Kompally,17.5401462,78.4909369
2112,Kompally,2027,Jan-Mar,5026.545318352064,6125.642924920652,3927.4477117834754,Kompally,17.5401462,78.4909369
2113,Kompally,2027,Apr-Jun,5118.732584269657,6237.987733824319,3999.477434714996,Kompally,17.5401462,78.4909369
2114,Kompally,2027,Jul-Sep,5235.822022471904,6380.679790352256,4090.9642545915526,Kompally,17.5401462,78.4909369
2115,Kompally,2027,Oct-Dec,5500.002397003743,6702.625488572756,4297.379305434729,Kompally,17.5401462,78.4909369
2116,Kompally,2028,Jan-Mar,5026.545318352064,6125.642924920652,3927.4477117834754,Kompally,17.5401462,78.4909369
2117,Kompally,2028,Apr-Jun,5118.732584269657,6237.987733824319,3999.477434714996,Kompally,17.5401462,78.4909369
2118,Kompally,2028,Jul-Sep,5235.822022471904,6380.679790352256,4090.9642545915526,Kompally,17.5401462,78.4909369
2119,Kompally,2028,Oct-Dec,5500.002397003743,6702.625488572756,4297.379305434729,Kompally,17.5401462,78.4909369
2120,Kompally,2029,Jan-Mar,5026.545318352064,6125.642924920652,3927.4477117834754,Kompally,17.5401462,78.4909369
2121,Kompally,2029,Apr-Jun,5118.732584269657,6237.987733824319,3999.477434714996,Kompally,17.5401462,78.4909369
2122,Kompally,2029,Jul-Sep,5235.822022471904,6380.679790352256,4090.9642545915526,Kompally,17.5401462,78.4909369
2123,Kompally,2029,Oct-Dec,5500.002397003743,6702.625488572756,4297.379305434729,Kompally,17.5401462,78.4909369
2124,Kompally,2030,Jan-Mar,5026.545318352064,6125.642924920652,3927.4477117834754,Kompally,17.5401462,78.4909369
2125,Kompally,2030,Apr-Jun,5118.732584269657,6237.987733824319,3999.477434714996,Kompally,17.5401462,78.4909369
2126,Kompally,2030,Jul-Sep,5235.822022471904,6380.679790352256,4090.9642545915526,Kompally,17.5401462,78.4909369
2127,Kompally,2030,Oct-Dec,5500.002397003743,6702.625488572756,4297.379305434729,Kompally,17.5401462,78.4909369
2128,Kondapur,2024,Jan-Mar,8074.864719101126,9977.263960623804,6172.675265545356,Kondapur,17.4587912,78.3730556
2129,Kondapur,2024,Apr-Jun,8221.454082397002,10158.389071978678,6284.732689228018,Kondapur,17.4587912,78.3730556
2130,Kondapur,2024,Jul-Sep,8248.743370786517,10192.107585295156,6305.593461676357,Kondapur,17.4587912,78.3730556
2131,Kondapur,2024,Oct-Dec,8439.118202247204,10427.333810255865,6451.12184564544,Kondapur,17.4587912,78.3730556
2132,Kondapur,2025,Jan-Mar,8074.864719101126,9977.263960623804,6172.675265545356,Kondapur,17.4587912,78.3730556
2133,Kondapur,2025,Apr-Jun,8221.454082397002,10158.389071978678,6284.732689228018,Kondapur,17.4587912,78.3730556
2134,Kondapur,2025,Jul-Sep,8248.743370786517,10192.107585295156,6305.593461676357,Kondapur,17.4587912,78.3730556
2135,Kondapur,2025,Oct-Dec,8439.118202247204,10427.333810255865,6451.12184564544,Kondapur,17.4587912,78.3730556
2136,Kondapur,2026,Jan-Mar,8074.864719101126,9977.263960623804,6172.675265545356,Kondapur,17.4587912,78.3730556
2137,Kondapur,2026,Apr-Jun,8221.454082397002,10158.389071978678,6284.732689228018,Kondapur,17.4587912,78.3730556
2138,Kondapur,2026,Jul-Sep,8248.743370786517,10192.107585295156,6305.593461676357,Kondapur,17.4587912,78.3730556
2139,Kondapur,2026,Oct-Dec,8439.118202247204,10427.333810255865,6451.12184564544,Kondapur,17.4587912,78.3730556
2140,Kondapur,2027,Jan-Mar,8074.864719101126,9977.263960623804,6172.675265545356,Kondapur,17.4587912,78.3730556
2141,Kondapur,2027,Apr-Jun,8221.454082397002,10158.389071978678,6284.732689228018,Kondapur,17.4587912,78.3730556
2142,Kondapur,2027,Jul-Sep,8248.743370786517,10192.107585295156,6305.593461676357,Kondapur,17.4587912,78.3730556
2143,Kondapur,2027,Oct-Dec,8439.118202247204,10427.333810255865,6451.12184564544,Kondapur,17.4587912,78.3730556
2144,Kondapur,2028,Jan-Mar,8074.864719101126,9977.263960623804,6172.675265545356,Kondapur,17.4587912,78.3730556
2145,Kondapur,2028,Apr-Jun,8221.454082397002,10158.389071978678,6284.732689228018,Kondapur,17.4587912,78.3730556
2146,Kondapur,2028,Jul-Sep,8248.743370786517,10192.107585295156,6305.593461676357,Kondapur,17.4587912,78.3730556
2147,Kondapur,2028,Oct-Dec,8439.118202247204,10427.333810255865,6451.12184564544,Kondapur,17.4587912,78.3730556
2148,Kondapur,2029,Jan-Mar,8074.864719101126,9977.263960623804,6172.675265545356,Kondapur,17.4587912,78.3730556
2149,Kondapur,2029,Apr-Jun,8221.454082397002,10158.389071978678,6284.732689228018,Kondapur,17.4587912,78.3730556
2150,Kondapur,2029,Jul-Sep,8248.743370786517,10192.107585295156,6305.593461676357,Kondapur,17.4587912,78.3730556
2151,Kondapur,2029,Oct-Dec,8439.118202247204,10427.333810255865,6451.12184564544,Kondapur,17.4587912,78.3730556
2152,Kondapur,2030,Jan-Mar,8074.864719101126,9977.263960623804,6172.675265545356,Kondapur,17.4587912,78.3730556
2153,Kondapur,2030,Apr-Jun,8221.454082397002,10158.389071978678,6284.732689228018,Kondapur,17.4587912,78.3730556
2154,Kondapur,2030,Jul-Sep,8248.743370786517,10192.107585295156,6305.593461676357,Kondapur,17.4587912,78.3730556
2155,Kondapur,2030,Oct-Dec,8439.118202247204,10427.333810255865,6451.12184564544,Kondapur,17.4587912,78.3730556
2156,Kothaguda,2024,Jan-Mar,12412.263970037437,14720.80126938145,9943.357747321432,Kothaguda,17.458705,78.3638803
2157,Kothaguda,2024,Apr-Jun,12683.549962546796,15042.543313583652,10160.682619066774,Kothaguda,17.458705,78.3638803
2158,Kothaguda,2024,Jul-Sep,12680.09468164792,15038.44539046785,10157.914623302428,Kothaguda,17.458705,78.3638803
2159,Kothaguda,2024,Oct-Dec,12803.630262172288,15184.957157780143,10256.877912726664,Kothaguda,17.458705,78.3638803
2160,Kothaguda,2025,Jan-Mar,12412.263970037437,14720.80126938145,9943.357747321432,Kothaguda,17.458705,78.3638803
2161,Kothaguda,2025,Apr-Jun,12683.549962546796,15042.543313583652,10160.682619066774,Kothaguda,17.458705,78.3638803
2162,Kothaguda,2025,Jul-Sep,12680.09468164792,15038.44539046785,10157.914623302428,Kothaguda,17.458705,78.3638803
2163,Kothaguda,2025,Oct-Dec,12803.630262172288,15184.957157780143,10256.877912726664,Kothaguda,17.458705,78.3638803
2164,Kothaguda,2026,Jan-Mar,12412.263970037437,14720.80126938145,9943.357747321432,Kothaguda,17.458705,78.3638803
2165,Kothaguda,2026,Apr-Jun,12683.549962546796,15042.543313583652,10160.682619066774,Kothaguda,17.458705,78.3638803
2166,Kothaguda,2026,Jul-Sep,12680.09468164792,15038.44539046785,10157.914623302428,Kothaguda,17.458705,78.3638803
2167,Kothaguda,2026,Oct-Dec,12803.630262172288,15184.957157780143,10256.877912726664,Kothaguda,17.458705,78.3638803
2168,Kothaguda,2027,Jan-Mar,12412.263970037437,14720.80126938145,9943.357747321432,Kothaguda,17.458705,78.3638803
2169,Kothaguda,2027,Apr-Jun,12683.549962546796,15042.543313583652,10160.682619066774,Kothaguda,17.458705,78.3638803
2170,Kothaguda,2027,Jul-Sep,12680.09468164792,15038.44539046785,10157.914623302428,Kothaguda,17.458705,78.3638803
2171,Kothaguda,2027,Oct-Dec,12803.630262172288,15184.957157780143,10256.877912726664,Kothaguda,17.458705,78.3638803
2172,Kothaguda,2028,Jan-Mar,12412.263970037437,14720.80126938145,9943.357747321432,Kothaguda,17.458705,78.3638803
2173,Kothaguda,2028,Apr-Jun,12683.549962546796,15042.543313583652,10160.682619066774,Kothaguda,17.458705,78.3638803
2174,Kothaguda,2028,Jul-Sep,12680.09468164792,15038.44539046785,10157.914623302428,Kothaguda,17.458705,78.3638803
2175,Kothaguda,2028,Oct-Dec,12803.630262172288,15184.957157780143,10256.877912726664,Kothaguda,17.458705,78.3638803
2176,Kothaguda,2029,Jan-Mar,12412.263970037437,14720.80126938145,9943.357747321432,Kothaguda,17.458705,78.3638803
2177,Kothaguda,2029,Apr-Jun,12683.549962546796,15042.543313583652,10160.682619066774,Kothaguda,17.458705,78.3638803
2178,Kothaguda,2029,Jul-Sep,12680.09468164792,15038.44539046785,10157.914623302428,Kothaguda,17.458705,78.3638803
2179,Kothaguda,2029,Oct-Dec,12803.630262172288,15184.957157780143,10256.877912726664,Kothaguda,17.458705,78.3638803
2180,Kothaguda,2030,Jan-Mar,12412.263970037437,14720.80126938145,9943.357747321432,Kothaguda,17.458705,78.3638803
2181,Kothaguda,2030,Apr-Jun,12683.549962546796,15042.543313583652,10160.682619066774,Kothaguda,17.458705,78.3638803
2182,Kothaguda,2030,Jul-Sep,12680.09468164792,15038.44539046785,10157.914623302428,Kothaguda,17.458705,78.3638803
2183,Kothaguda,2030,Oct-Dec,12803.630262172288,15184.957157780143,10256.877912726664,Kothaguda,17.458705,78.3638803
2184,Kothapet,2024,Jan-Mar,5216.882996254671,6381.968482345554,4051.5644852990745,Kothapet,18.0271389,79.6531104
2185,Kothapet,2024,Apr-Jun,5204.204344569281,6366.458309793689,4041.7179208032094,Kothapet,18.0271389,79.6531104
2186,Kothapet,2024,Jul-Sep,5251.342921348307,6424.124335948071,4078.32694264682,Kothapet,18.0271389,79.6531104
2187,Kothapet,2024,Oct-Dec,5359.339026217228,6556.239190351429,4162.1994740706,Kothapet,18.0271389,79.6531104
2188,Kothapet,2025,Jan-Mar,5216.882996254671,6381.968482345554,4051.5644852990745,Kothapet,18.0271389,79.6531104
2189,Kothapet,2025,Apr-Jun,5204.204344569281,6366.458309793689,4041.7179208032094,Kothapet,18.0271389,79.6531104
2190,Kothapet,2025,Jul-Sep,5251.342921348307,6424.124335948071,4078.32694264682,Kothapet,18.0271389,79.6531104
2191,Kothapet,2025,Oct-Dec,5359.339026217228,6556.239190351429,4162.1994740706,Kothapet,18.0271389,79.6531104
2192,Kothapet,2026,Jan-Mar,5216.882996254671,6381.968482345554,4051.5644852990745,Kothapet,18.0271389,79.6531104
2193,Kothapet,2026,Apr-Jun,5204.204344569281,6366.458309793689,4041.7179208032094,Kothapet,18.0271389,79.6531104
2194,Kothapet,2026,Jul-Sep,5251.342921348307,6424.124335948071,4078.32694264682,Kothapet,18.0271389,79.6531104
2195,Kothapet,2026,Oct-Dec,5359.339026217228,6556.239190351429,4162.1994740706,Kothapet,18.0271389,79.6531104
2196,Kothapet,2027,Jan-Mar,5216.882996254671,6381.968482345554,4051.5644852990745,Kothapet,18.0271389,79.6531104
2197,Kothapet,2027,Apr-Jun,5204.204344569281,6366.458309793689,4041.7179208032094,Kothapet,18.0271389,79.6531104
2198,Kothapet,2027,Jul-Sep,5251.342921348307,6424.124335948071,4078.32694264682,Kothapet,18.0271389,79.6531104
2199,Kothapet,2027,Oct-Dec,5359.339026217228,6556.239190351429,4162.1994740706,Kothapet,18.0271389,79.6531104
2200,Kothapet,2028,Jan-Mar,5216.882996254671,6381.968482345554,4051.5644852990745,Kothapet,18.0271389,79.6531104
2201,Kothapet,2028,Apr-Jun,5204.204344569281,6366.458309793689,4041.7179208032094,Kothapet,18.0271389,79.6531104
2202,Kothapet,2028,Jul-Sep,5251.342921348307,6424.124335948071,4078.32694264682,Kothapet,18.0271389,79.6531104
2203,Kothapet,2028,Oct-Dec,5359.339026217228,6556.239190351429,4162.1994740706,Kothapet,18.0271389,79.6531104
2204,Kothapet,2029,Jan-Mar,5216.882996254671,6381.968482345554,4051.5644852990745,Kothapet,18.0271389,79.6531104
2205,Kothapet,2029,Apr-Jun,5204.204344569281,6366.458309793689,4041.7179208032094,Kothapet,18.0271389,79.6531104
2206,Kothapet,2029,Jul-Sep,5251.342921348307,6424.124335948071,4078.32694264682,Kothapet,18.0271389,79.6531104
2207,Kothapet,2029,Oct-Dec,5359.339026217228,6556.239190351429,4162.1994740706,Kothapet,18.0271389,79.6531104
2208,Kothapet,2030,Jan-Mar,5216.882996254671,6381.968482345554,4051.5644852990745,Kothapet,18.0271389,79.6531104
2209,Kothapet,2030,Apr-Jun,5204.204344569281,6366.458309793689,4041.7179208032094,Kothapet,18.0271389,79.6531104
2210,Kothapet,2030,Jul-Sep,5251.342921348307,6424.124335948071,4078.32694264682,Kothapet,18.0271389,79.6531104
2211,Kothapet,2030,Oct-Dec,5359.339026217228,6556.239190351429,4162.1994740706,Kothapet,18.0271389,79.6531104
2212,Kowkoor Main Road,2024,Jan-Mar,4832.39011235955,5769.773835792476,3586.0773889438983,Kowkoor Main Road,17.5255853,78.5360979
2213,Kowkoor Main Road,2024,Apr-Jun,4860.598951310863,5803.45460599832,3607.010938839412,Kowkoor Main Road,17.5255853,78.5360979
2214,Kowkoor Main Road,2024,Jul-Sep,4861.15625468165,5804.120014695177,3607.4245091369858,Kowkoor Main Road,17.5255853,78.5360979
2215,Kowkoor Main Road,2024,Oct-Dec,4933.596404494378,5890.612055141447,3661.1817549832417,Kowkoor Main Road,17.5255853,78.5360979
2216,Kowkoor Main Road,2025,Jan-Mar,4832.39011235955,5769.773835792476,3586.0773889438983,Kowkoor Main Road,17.5255853,78.5360979
2217,Kowkoor Main Road,2025,Apr-Jun,4860.598951310863,5803.45460599832,3607.010938839412,Kowkoor Main Road,17.5255853,78.5360979
2218,Kowkoor Main Road,2025,Jul-Sep,4861.15625468165,5804.120014695177,3607.4245091369858,Kowkoor Main Road,17.5255853,78.5360979
2219,Kowkoor Main Road,2025,Oct-Dec,4933.596404494378,5890.612055141447,3661.1817549832417,Kowkoor Main Road,17.5255853,78.5360979
2220,Kowkoor Main Road,2026,Jan-Mar,4832.39011235955,5769.773835792476,3586.0773889438983,Kowkoor Main Road,17.5255853,78.5360979
2221,Kowkoor Main Road,2026,Apr-Jun,4860.598951310863,5803.45460599832,3607.010938839412,Kowkoor Main Road,17.5255853,78.5360979
2222,Kowkoor Main Road,2026,Jul-Sep,4861.15625468165,5804.120014695177,3607.4245091369858,Kowkoor Main Road,17.5255853,78.5360979
2223,Kowkoor Main Road,2026,Oct-Dec,4933.596404494378,5890.612055141447,3661.1817549832417,Kowkoor Main Road,17.5255853,78.5360979
2224,Kowkoor Main Road,2027,Jan-Mar,4832.39011235955,5769.773835792476,3586.0773889438983,Kowkoor Main Road,17.5255853,78.5360979
2225,Kowkoor Main Road,2027,Apr-Jun,4860.598951310863,5803.45460599832,3607.010938839412,Kowkoor Main Road,17.5255853,78.5360979
2226,Kowkoor Main Road,2027,Jul-Sep,4861.15625468165,5804.120014695177,3607.4245091369858,Kowkoor Main Road,17.5255853,78.5360979
2227,Kowkoor Main Road,2027,Oct-Dec,4933.596404494378,5890.612055141447,3661.1817549832417,Kowkoor Main Road,17.5255853,78.5360979
2228,Kowkoor Main Road,2028,Jan-Mar,4832.39011235955,5769.773835792476,3586.0773889438983,Kowkoor Main Road,17.5255853,78.5360979
2229,Kowkoor Main Road,2028,Apr-Jun,4860.598951310863,5803.45460599832,3607.010938839412,Kowkoor Main Road,17.5255853,78.5360979
2230,Kowkoor Main Road,2028,Jul-Sep,4861.15625468165,5804.120014695177,3607.4245091369858,Kowkoor Main Road,17.5255853,78.5360979
2231,Kowkoor Main Road,2028,Oct-Dec,4933.596404494378,5890.612055141447,3661.1817549832417,Kowkoor Main Road,17.5255853,78.5360979
2232,Kowkoor Main Road,2029,Jan-Mar,4832.39011235955,5769.773835792476,3586.0773889438983,Kowkoor Main Road,17.5255853,78.5360979
2233,Kowkoor Main Road,2029,Apr-Jun,4860.598951310863,5803.45460599832,3607.010938839412,Kowkoor Main Road,17.5255853,78.5360979
2234,Kowkoor Main Road,2029,Jul-Sep,4861.15625468165,5804.120014695177,3607.4245091369858,Kowkoor Main Road,17.5255853,78.5360979
2235,Kowkoor Main Road,2029,Oct-Dec,4933.596404494378,5890.612055141447,3661.1817549832417,Kowkoor Main Road,17.5255853,78.5360979
2236,Kowkoor Main Road,2030,Jan-Mar,4832.39011235955,5769.773835792476,3586.0773889438983,Kowkoor Main Road,17.5255853,78.5360979
2237,Kowkoor Main Road,2030,Apr-Jun,4860.598951310863,5803.45460599832,3607.010938839412,Kowkoor Main Road,17.5255853,78.5360979
2238,Kowkoor Main Road,2030,Jul-Sep,4861.15625468165,5804.120014695177,3607.4245091369858,Kowkoor Main Road,17.5255853,78.5360979
2239,Kowkoor Main Road,2030,Oct-Dec,4933.596404494378,5890.612055141447,3661.1817549832417,Kowkoor Main Road,17.5255853,78.5360979
2240,Kukatpally,2024,Jan-Mar,6328.12734082398,7954.506576087644,4701.905330998144,Kukatpally,17.4930841,78.4054408
2241,Kukatpally,2024,Apr-Jun,6666.68913857679,8380.081458132627,4953.462456193253,Kukatpally,17.4930841,78.4054408
2242,Kukatpally,2024,Jul-Sep,6802.652584269672,8550.988594576365,5054.485589213993,Kukatpally,17.4930841,78.4054408
2243,Kukatpally,2024,Oct-Dec,6680.157303370794,8397.011048776385,4963.469529760683,Kukatpally,17.4930841,78.4054408
2244,Kukatpally,2025,Jan-Mar,6328.12734082398,7954.506576087644,4701.905330998144,Kukatpally,17.4930841,78.4054408
2245,Kukatpally,2025,Apr-Jun,6666.68913857679,8380.081458132627,4953.462456193253,Kukatpally,17.4930841,78.4054408
2246,Kukatpally,2025,Jul-Sep,6802.652584269672,8550.988594576365,5054.485589213993,Kukatpally,17.4930841,78.4054408
2247,Kukatpally,2025,Oct-Dec,6680.157303370794,8397.011048776385,4963.469529760683,Kukatpally,17.4930841,78.4054408
2248,Kukatpally,2026,Jan-Mar,6328.12734082398,7954.506576087644,4701.905330998144,Kukatpally,17.4930841,78.4054408
2249,Kukatpally,2026,Apr-Jun,6666.68913857679,8380.081458132627,4953.462456193253,Kukatpally,17.4930841,78.4054408
2250,Kukatpally,2026,Jul-Sep,6802.652584269672,8550.988594576365,5054.485589213993,Kukatpally,17.4930841,78.4054408
2251,Kukatpally,2026,Oct-Dec,6680.157303370794,8397.011048776385,4963.469529760683,Kukatpally,17.4930841,78.4054408
2252,Kukatpally,2027,Jan-Mar,6328.12734082398,7954.506576087644,4701.905330998144,Kukatpally,17.4930841,78.4054408
2253,Kukatpally,2027,Apr-Jun,6666.68913857679,8380.081458132627,4953.462456193253,Kukatpally,17.4930841,78.4054408
2254,Kukatpally,2027,Jul-Sep,6802.652584269672,8550.988594576365,5054.485589213993,Kukatpally,17.4930841,78.4054408
2255,Kukatpally,2027,Oct-Dec,6680.157303370794,8397.011048776385,4963.469529760683,Kukatpally,17.4930841,78.4054408
2256,Kukatpally,2028,Jan-Mar,6328.12734082398,7954.506576087644,4701.905330998144,Kukatpally,17.4930841,78.4054408
2257,Kukatpally,2028,Apr-Jun,6666.68913857679,8380.081458132627,4953.462456193253,Kukatpally,17.4930841,78.4054408
2258,Kukatpally,2028,Jul-Sep,6802.652584269672,8550.988594576365,5054.485589213993,Kukatpally,17.4930841,78.4054408
2259,Kukatpally,2028,Oct-Dec,6680.157303370794,8397.011048776385,4963.469529760683,Kukatpally,17.4930841,78.4054408
2260,Kukatpally,2029,Jan-Mar,6328.12734082398,7954.506576087644,4701.905330998144,Kukatpally,17.4930841,78.4054408
2261,Kukatpally,2029,Apr-Jun,6666.68913857679,8380.081458132627,4953.462456193253,Kukatpally,17.4930841,78.4054408
2262,Kukatpally,2029,Jul-Sep,6802.652584269672,8550.988594576365,5054.485589213993,Kukatpally,17.4930841,78.4054408
2263,Kukatpally,2029,Oct-Dec,6680.157303370794,8397.011048776385,4963.469529760683,Kukatpally,17.4930841,78.4054408
2264,Kukatpally,2030,Jan-Mar,6328.12734082398,7954.506576087644,4701.905330998144,Kukatpally,17.4930841,78.4054408
2265,Kukatpally,2030,Apr-Jun,6666.68913857679,8380.081458132627,4953.462456193253,Kukatpally,17.4930841,78.4054408
2266,Kukatpally,2030,Jul-Sep,6802.652584269672,8550.988594576365,5054.485589213993,Kukatpally,17.4930841,78.4054408
2267,Kukatpally,2030,Oct-Dec,6680.157303370794,8397.011048776385,4963.469529760683,Kukatpally,17.4930841,78.4054408
2268,Kukatpally Housing Board Road,2024,Jan-Mar,8277.323745318348,10478.85825172772,6111.756882528712,Kukatpally Housing Board Road,17.482669950000002,78.41250206245081
2269,Kukatpally Housing Board Road,2024,Apr-Jun,10189.171535580512,12899.203596364903,7523.414714215068,Kukatpally Housing Board Road,17.482669950000002,78.41250206245081
2270,Kukatpally Housing Board Road,2024,Jul-Sep,10253.605093632945,12980.774662359245,7570.990748934682,Kukatpally Housing Board Road,17.482669950000002,78.41250206245081
2271,Kukatpally Housing Board Road,2024,Oct-Dec,10014.159700374525,12677.643552330675,7394.190604918972,Kukatpally Housing Board Road,17.482669950000002,78.41250206245081
2272,Kukatpally Housing Board Road,2025,Jan-Mar,8277.323745318348,10478.85825172772,6111.756882528712,Kukatpally Housing Board Road,17.482669950000002,78.41250206245081
2273,Kukatpally Housing Board Road,2025,Apr-Jun,10189.171535580512,12899.203596364903,7523.414714215068,Kukatpally Housing Board Road,17.482669950000002,78.41250206245081
2274,Kukatpally Housing Board Road,2025,Jul-Sep,10253.605093632945,12980.774662359245,7570.990748934682,Kukatpally Housing Board Road,17.482669950000002,78.41250206245081
2275,Kukatpally Housing Board Road,2025,Oct-Dec,10014.159700374525,12677.643552330675,7394.190604918972,Kukatpally Housing Board Road,17.482669950000002,78.41250206245081
2276,Kukatpally Housing Board Road,2026,Jan-Mar,8277.323745318348,10478.85825172772,6111.756882528712,Kukatpally Housing Board Road,17.482669950000002,78.41250206245081
2277,Kukatpally Housing Board Road,2026,Apr-Jun,10189.171535580512,12899.203596364903,7523.414714215068,Kukatpally Housing Board Road,17.482669950000002,78.41250206245081
2278,Kukatpally Housing Board Road,2026,Jul-Sep,10253.605093632945,12980.774662359245,7570.990748934682,Kukatpally Housing Board Road,17.482669950000002,78.41250206245081
2279,Kukatpally Housing Board Road,2026,Oct-Dec,10014.159700374525,12677.643552330675,7394.190604918972,Kukatpally Housing Board Road,17.482669950000002,78.41250206245081
2280,Kukatpally Housing Board Road,2027,Jan-Mar,8277.323745318348,10478.85825172772,6111.756882528712,Kukatpally Housing Board Road,17.482669950000002,78.41250206245081
2281,Kukatpally Housing Board Road,2027,Apr-Jun,10189.171535580512,12899.203596364903,7523.414714215068,Kukatpally Housing Board Road,17.482669950000002,78.41250206245081
2282,Kukatpally Housing Board Road,2027,Jul-Sep,10253.605093632945,12980.774662359245,7570.990748934682,Kukatpally Housing Board Road,17.482669950000002,78.41250206245081
2283,Kukatpally Housing Board Road,2027,Oct-Dec,10014.159700374525,12677.643552330675,7394.190604918972,Kukatpally Housing Board Road,17.482669950000002,78.41250206245081
2284,Kukatpally Housing Board Road,2028,Jan-Mar,8277.323745318348,10478.85825172772,6111.756882528712,Kukatpally Housing Board Road,17.482669950000002,78.41250206245081
2285,Kukatpally Housing Board Road,2028,Apr-Jun,10189.171535580512,12899.203596364903,7523.414714215068,Kukatpally Housing Board Road,17.482669950000002,78.41250206245081
2286,Kukatpally Housing Board Road,2028,Jul-Sep,10253.605093632945,12980.774662359245,7570.990748934682,Kukatpally Housing Board Road,17.482669950000002,78.41250206245081
2287,Kukatpally Housing Board Road,2028,Oct-Dec,10014.159700374525,12677.643552330675,7394.190604918972,Kukatpally Housing Board Road,17.482669950000002,78.41250206245081
2288,Kukatpally Housing Board Road,2029,Jan-Mar,8277.323745318348,10478.85825172772,6111.756882528712,Kukatpally Housing Board Road,17.482669950000002,78.41250206245081
2289,Kukatpally Housing Board Road,2029,Apr-Jun,10189.171535580512,12899.203596364903,7523.414714215068,Kukatpally Housing Board Road,17.482669950000002,78.41250206245081
2290,Kukatpally Housing Board Road,2029,Jul-Sep,10253.605093632945,12980.774662359245,7570.990748934682,Kukatpally Housing Board Road,17.482669950000002,78.41250206245081
2291,Kukatpally Housing Board Road,2029,Oct-Dec,10014.159700374525,12677.643552330675,7394.190604918972,Kukatpally Housing Board Road,17.482669950000002,78.41250206245081
2292,Kukatpally Housing Board Road,2030,Jan-Mar,8277.323745318348,10478.85825172772,6111.756882528712,Kukatpally Housing Board Road,17.482669950000002,78.41250206245081
2293,Kukatpally Housing Board Road,2030,Apr-Jun,10189.171535580512,12899.203596364903,7523.414714215068,Kukatpally Housing Board Road,17.482669950000002,78.41250206245081
2294,Kukatpally Housing Board Road,2030,Jul-Sep,10253.605093632945,12980.774662359245,7570.990748934682,Kukatpally Housing Board Road,17.482669950000002,78.41250206245081
2295,Kukatpally Housing Board Road,2030,Oct-Dec,10014.159700374525,12677.643552330675,7394.190604918972,Kukatpally Housing Board Road,17.482669950000002,78.41250206245081
2296,LB Nagar,2024,Jan-Mar,6300.05782771535,7536.632904582099,5063.307393656858,LB Nagar,17.3501617,78.5510938
2297,LB Nagar,2024,Apr-Jun,6848.397902621718,8192.601145581406,5504.004039852343,LB Nagar,17.3501617,78.5510938
2298,LB Nagar,2024,Jul-Sep,6742.89108614233,8066.385455744696,5419.209033430155,LB Nagar,17.3501617,78.5510938
2299,LB Nagar,2024,Oct-Dec,6564.089588014987,7852.488807328726,5275.507662391565,LB Nagar,17.3501617,78.5510938
2300,LB Nagar,2025,Jan-Mar,6300.05782771535,7536.632904582099,5063.307393656858,LB Nagar,17.3501617,78.5510938
2301,LB Nagar,2025,Apr-Jun,6848.397902621718,8192.601145581406,5504.004039852343,LB Nagar,17.3501617,78.5510938
2302,LB Nagar,2025,Jul-Sep,6742.89108614233,8066.385455744696,5419.209033430155,LB Nagar,17.3501617,78.5510938
2303,LB Nagar,2025,Oct-Dec,6564.089588014987,7852.488807328726,5275.507662391565,LB Nagar,17.3501617,78.5510938
2304,LB Nagar,2026,Jan-Mar,6300.05782771535,7536.632904582099,5063.307393656858,LB Nagar,17.3501617,78.5510938
2305,LB Nagar,2026,Apr-Jun,6848.397902621718,8192.601145581406,5504.004039852343,LB Nagar,17.3501617,78.5510938
2306,LB Nagar,2026,Jul-Sep,6742.89108614233,8066.385455744696,5419.209033430155,LB Nagar,17.3501617,78.5510938
2307,LB Nagar,2026,Oct-Dec,6564.089588014987,7852.488807328726,5275.507662391565,LB Nagar,17.3501617,78.5510938
2308,LB Nagar,2027,Jan-Mar,6300.05782771535,7536.632904582099,5063.307393656858,LB Nagar,17.3501617,78.5510938
2309,LB Nagar,2027,Apr-Jun,6848.397902621718,8192.601145581406,5504.004039852343,LB Nagar,17.3501617,78.5510938
2310,LB Nagar,2027,Jul-Sep,6742.89108614233,8066.385455744696,5419.209033430155,LB Nagar,17.3501617,78.5510938
2311,LB Nagar,2027,Oct-Dec,6564.089588014987,7852.488807328726,5275.507662391565,LB Nagar,17.3501617,78.5510938
2312,LB Nagar,2028,Jan-Mar,6300.05782771535,7536.632904582099,5063.307393656858,LB Nagar,17.3501617,78.5510938
2313,LB Nagar,2028,Apr-Jun,6848.397902621718,8192.601145581406,5504.004039852343,LB Nagar,17.3501617,78.5510938
2314,LB Nagar,2028,Jul-Sep,6742.89108614233,8066.385455744696,5419.209033430155,LB Nagar,17.3501617,78.5510938
2315,LB Nagar,2028,Oct-Dec,6564.089588014987,7852.488807328726,5275.507662391565,LB Nagar,17.3501617,78.5510938
2316,LB Nagar,2029,Jan-Mar,6300.05782771535,7536.632904582099,5063.307393656858,LB Nagar,17.3501617,78.5510938
2317,LB Nagar,2029,Apr-Jun,6848.397902621718,8192.601145581406,5504.004039852343,LB Nagar,17.3501617,78.5510938
2318,LB Nagar,2029,Jul-Sep,6742.89108614233,8066.385455744696,5419.209033430155,LB Nagar,17.3501617,78.5510938
2319,LB Nagar,2029,Oct-Dec,6564.089588014987,7852.488807328726,5275.507662391565,LB Nagar,17.3501617,78.5510938
2320,LB Nagar,2030,Jan-Mar,6300.05782771535,7536.632904582099,5063.307393656858,LB Nagar,17.3501617,78.5510938
2321,LB Nagar,2030,Apr-Jun,6848.397902621718,8192.601145581406,5504.004039852343,LB Nagar,17.3501617,78.5510938
2322,LB Nagar,2030,Jul-Sep,6742.89108614233,8066.385455744696,5419.209033430155,LB Nagar,17.3501617,78.5510938
2323,LB Nagar,2030,Oct-Dec,6564.089588014987,7852.488807328726,5275.507662391565,LB Nagar,17.3501617,78.5510938
2324,Lanco Hills Road,2024,Jan-Mar,6561.042996254684,8161.377928689472,5034.552381069269,Lanco Hills Road,,
2325,Lanco Hills Road,2024,Apr-Jun,6753.442696629215,8400.706747144026,5182.188415491015,Lanco Hills Road,,
2326,Lanco Hills Road,2024,Jul-Sep,6852.187565543078,8523.53694261523,5257.959328010937,Lanco Hills Road,,
2327,Lanco Hills Road,2024,Oct-Dec,7486.203745318355,9312.198998176176,5744.465462682845,Lanco Hills Road,,
2328,Lanco Hills Road,2025,Jan-Mar,6561.042996254684,8161.377928689472,5034.552381069269,Lanco Hills Road,,
2329,Lanco Hills Road,2025,Apr-Jun,6753.442696629215,8400.706747144026,5182.188415491015,Lanco Hills Road,,
2330,Lanco Hills Road,2025,Jul-Sep,6852.187565543078,8523.53694261523,5257.959328010937,Lanco Hills Road,,
2331,Lanco Hills Road,2025,Oct-Dec,7486.203745318355,9312.198998176176,5744.465462682845,Lanco Hills Road,,
2332,Lanco Hills Road,2026,Jan-Mar,6561.042996254684,8161.377928689472,5034.552381069269,Lanco Hills Road,,
2333,Lanco Hills Road,2026,Apr-Jun,6753.442696629215,8400.706747144026,5182.188415491015,Lanco Hills Road,,
2334,Lanco Hills Road,2026,Jul-Sep,6852.187565543078,8523.53694261523,5257.959328010937,Lanco Hills Road,,
2335,Lanco Hills Road,2026,Oct-Dec,7486.203745318355,9312.198998176176,5744.465462682845,Lanco Hills Road,,
2336,Lanco Hills Road,2027,Jan-Mar,6561.042996254684,8161.377928689472,5034.552381069269,Lanco Hills Road,,
2337,Lanco Hills Road,2027,Apr-Jun,6753.442696629215,8400.706747144026,5182.188415491015,Lanco Hills Road,,
2338,Lanco Hills Road,2027,Jul-Sep,6852.187565543078,8523.53694261523,5257.959328010937,Lanco Hills Road,,
2339,Lanco Hills Road,2027,Oct-Dec,7486.203745318355,9312.198998176176,5744.465462682845,Lanco Hills Road,,
2340,Lanco Hills Road,2028,Jan-Mar,6561.042996254684,8161.377928689472,5034.552381069269,Lanco Hills Road,,
2341,Lanco Hills Road,2028,Apr-Jun,6753.442696629215,8400.706747144026,5182.188415491015,Lanco Hills Road,,
2342,Lanco Hills Road,2028,Jul-Sep,6852.187565543078,8523.53694261523,5257.959328010937,Lanco Hills Road,,
2343,Lanco Hills Road,2028,Oct-Dec,7486.203745318355,9312.198998176176,5744.465462682845,Lanco Hills Road,,
2344,Lanco Hills Road,2029,Jan-Mar,6561.042996254684,8161.377928689472,5034.552381069269,Lanco Hills Road,,
2345,Lanco Hills Road,2029,Apr-Jun,6753.442696629215,8400.706747144026,5182.188415491015,Lanco Hills Road,,
2346,Lanco Hills Road,2029,Jul-Sep,6852.187565543078,8523.53694261523,5257.959328010937,Lanco Hills Road,,
2347,Lanco Hills Road,2029,Oct-Dec,7486.203745318355,9312.198998176176,5744.465462682845,Lanco Hills Road,,
2348,Lanco Hills Road,2030,Jan-Mar,6561.042996254684,8161.377928689472,5034.552381069269,Lanco Hills Road,,
2349,Lanco Hills Road,2030,Apr-Jun,6753.442696629215,8400.706747144026,5182.188415491015,Lanco Hills Road,,
2350,Lanco Hills Road,2030,Jul-Sep,6852.187565543078,8523.53694261523,5257.959328010937,Lanco Hills Road,,
2351,Lanco Hills Road,2030,Oct-Dec,7486.203745318355,9312.198998176176,5744.465462682845,Lanco Hills Road,,
2352,Madeenaguda,2024,Jan-Mar,6073.393258426958,7306.945149236995,4839.925211415787,Madeenaguda,,
2353,Madeenaguda,2024,Apr-Jun,6121.674307116096,7365.032442370809,4878.400682184936,Madeenaguda,,
2354,Madeenaguda,2024,Jul-Sep,6190.872808988758,7448.285680894651,4933.545402698629,Madeenaguda,,
2355,Madeenaguda,2024,Oct-Dec,6397.353707865173,7696.704404704723,5098.091327130764,Madeenaguda,,
2356,Madeenaguda,2025,Jan-Mar,6073.393258426958,7306.945149236995,4839.925211415787,Madeenaguda,,
2357,Madeenaguda,2025,Apr-Jun,6121.674307116096,7365.032442370809,4878.400682184936,Madeenaguda,,
2358,Madeenaguda,2025,Jul-Sep,6190.872808988758,7448.285680894651,4933.545402698629,Madeenaguda,,
2359,Madeenaguda,2025,Oct-Dec,6397.353707865173,7696.704404704723,5098.091327130764,Madeenaguda,,
2360,Madeenaguda,2026,Jan-Mar,6073.393258426958,7306.945149236995,4839.925211415787,Madeenaguda,,
2361,Madeenaguda,2026,Apr-Jun,6121.674307116096,7365.032442370809,4878.400682184936,Madeenaguda,,
2362,Madeenaguda,2026,Jul-Sep,6190.872808988758,7448.285680894651,4933.545402698629,Madeenaguda,,
2363,Madeenaguda,2026,Oct-Dec,6397.353707865173,7696.704404704723,5098.091327130764,Madeenaguda,,
2364,Madeenaguda,2027,Jan-Mar,6073.393258426958,7306.945149236995,4839.925211415787,Madeenaguda,,
2365,Madeenaguda,2027,Apr-Jun,6121.674307116096,7365.032442370809,4878.400682184936,Madeenaguda,,
2366,Madeenaguda,2027,Jul-Sep,6190.872808988758,7448.285680894651,4933.545402698629,Madeenaguda,,
2367,Madeenaguda,2027,Oct-Dec,6397.353707865173,7696.704404704723,5098.091327130764,Madeenaguda,,
2368,Madeenaguda,2028,Jan-Mar,6073.393258426958,7306.945149236995,4839.925211415787,Madeenaguda,,
2369,Madeenaguda,2028,Apr-Jun,6121.674307116096,7365.032442370809,4878.400682184936,Madeenaguda,,
2370,Madeenaguda,2028,Jul-Sep,6190.872808988758,7448.285680894651,4933.545402698629,Madeenaguda,,
2371,Madeenaguda,2028,Oct-Dec,6397.353707865173,7696.704404704723,5098.091327130764,Madeenaguda,,
2372,Madeenaguda,2029,Jan-Mar,6073.393258426958,7306.945149236995,4839.925211415787,Madeenaguda,,
2373,Madeenaguda,2029,Apr-Jun,6121.674307116096,7365.032442370809,4878.400682184936,Madeenaguda,,
2374,Madeenaguda,2029,Jul-Sep,6190.872808988758,7448.285680894651,4933.545402698629,Madeenaguda,,
2375,Madeenaguda,2029,Oct-Dec,6397.353707865173,7696.704404704723,5098.091327130764,Madeenaguda,,
2376,Madeenaguda,2030,Jan-Mar,6073.393258426958,7306.945149236995,4839.925211415787,Madeenaguda,,
2377,Madeenaguda,2030,Apr-Jun,6121.674307116096,7365.032442370809,4878.400682184936,Madeenaguda,,
2378,Madeenaguda,2030,Jul-Sep,6190.872808988758,7448.285680894651,4933.545402698629,Madeenaguda,,
2379,Madeenaguda,2030,Oct-Dec,6397.353707865173,7696.704404704723,5098.091327130764,Madeenaguda,,
2380,Madhapur,2024,Jan-Mar,7476.711011235958,9417.88490660226,5535.761606894907,Madhapur,17.4408924,78.3916304
2381,Madhapur,2024,Apr-Jun,7844.939925093637,9881.716867578576,5808.398529843863,Madhapur,17.4408924,78.3916304
2382,Madhapur,2024,Jul-Sep,8374.675355805251,10548.987183348963,6200.614980999775,Madhapur,17.4408924,78.3916304
2383,Madhapur,2024,Oct-Dec,8348.277752808988,10515.73598687295,6181.070178885428,Madhapur,17.4408924,78.3916304
2384,Madhapur,2025,Jan-Mar,7476.711011235958,9417.88490660226,5535.761606894907,Madhapur,17.4408924,78.3916304
2385,Madhapur,2025,Apr-Jun,7844.939925093637,9881.716867578576,5808.398529843863,Madhapur,17.4408924,78.3916304
2386,Madhapur,2025,Jul-Sep,8374.675355805251,10548.987183348963,6200.614980999775,Madhapur,17.4408924,78.3916304
2387,Madhapur,2025,Oct-Dec,8348.277752808988,10515.73598687295,6181.070178885428,Madhapur,17.4408924,78.3916304
2388,Madhapur,2026,Jan-Mar,7476.711011235958,9417.88490660226,5535.761606894907,Madhapur,17.4408924,78.3916304
2389,Madhapur,2026,Apr-Jun,7844.939925093637,9881.716867578576,5808.398529843863,Madhapur,17.4408924,78.3916304
2390,Madhapur,2026,Jul-Sep,8374.675355805251,10548.987183348963,6200.614980999775,Madhapur,17.4408924,78.3916304
2391,Madhapur,2026,Oct-Dec,8348.277752808988,10515.73598687295,6181.070178885428,Madhapur,17.4408924,78.3916304
2392,Madhapur,2027,Jan-Mar,7476.711011235958,9417.88490660226,5535.761606894907,Madhapur,17.4408924,78.3916304
2393,Madhapur,2027,Apr-Jun,7844.939925093637,9881.716867578576,5808.398529843863,Madhapur,17.4408924,78.3916304
2394,Madhapur,2027,Jul-Sep,8374.675355805251,10548.987183348963,6200.614980999775,Madhapur,17.4408924,78.3916304
2395,Madhapur,2027,Oct-Dec,8348.277752808988,10515.73598687295,6181.070178885428,Madhapur,17.4408924,78.3916304
2396,Madhapur,2028,Jan-Mar,7476.711011235958,9417.88490660226,5535.761606894907,Madhapur,17.4408924,78.3916304
2397,Madhapur,2028,Apr-Jun,7844.939925093637,9881.716867578576,5808.398529843863,Madhapur,17.4408924,78.3916304
2398,Madhapur,2028,Jul-Sep,8374.675355805251,10548.987183348963,6200.614980999775,Madhapur,17.4408924,78.3916304
2399,Madhapur,2028,Oct-Dec,8348.277752808988,10515.73598687295,6181.070178885428,Madhapur,17.4408924,78.3916304
2400,Madhapur,2029,Jan-Mar,7476.711011235958,9417.88490660226,5535.761606894907,Madhapur,17.4408924,78.3916304
2401,Madhapur,2029,Apr-Jun,7844.939925093637,9881.716867578576,5808.398529843863,Madhapur,17.4408924,78.3916304
2402,Madhapur,2029,Jul-Sep,8374.675355805251,10548.987183348963,6200.614980999775,Madhapur,17.4408924,78.3916304
2403,Madhapur,2029,Oct-Dec,8348.277752808988,10515.73598687295,6181.070178885428,Madhapur,17.4408924,78.3916304
2404,Madhapur,2030,Jan-Mar,7476.711011235958,9417.88490660226,5535.761606894907,Madhapur,17.4408924,78.3916304
2405,Madhapur,2030,Apr-Jun,7844.939925093637,9881.716867578576,5808.398529843863,Madhapur,17.4408924,78.3916304
2406,Madhapur,2030,Jul-Sep,8374.675355805251,10548.987183348963,6200.614980999775,Madhapur,17.4408924,78.3916304
2407,Madhapur,2030,Oct-Dec,8348.277752808988,10515.73598687295,6181.070178885428,Madhapur,17.4408924,78.3916304
2408,Malkajgiri,2024,Jan-Mar,4435.580823970042,5634.222934718315,3240.6214083609148,Malkajgiri,17.4511764,78.5368997
2409,Malkajgiri,2024,Apr-Jun,4504.026966292135,5721.165511162895,3290.627944805935,Malkajgiri,17.4511764,78.5368997
2410,Malkajgiri,2024,Jul-Sep,4653.848689138578,5911.474068368919,3400.0872246075696,Malkajgiri,17.4511764,78.5368997
2411,Malkajgiri,2024,Oct-Dec,4727.041198501872,6004.445638783264,3453.5614418944165,Malkajgiri,17.4511764,78.5368997
2412,Malkajgiri,2025,Jan-Mar,4435.580823970042,5634.222934718315,3240.6214083609148,Malkajgiri,17.4511764,78.5368997
2413,Malkajgiri,2025,Apr-Jun,4504.026966292135,5721.165511162895,3290.627944805935,Malkajgiri,17.4511764,78.5368997
2414,Malkajgiri,2025,Jul-Sep,4653.848689138578,5911.474068368919,3400.0872246075696,Malkajgiri,17.4511764,78.5368997
2415,Malkajgiri,2025,Oct-Dec,4727.041198501872,6004.445638783264,3453.5614418944165,Malkajgiri,17.4511764,78.5368997
2416,Malkajgiri,2026,Jan-Mar,4435.580823970042,5634.222934718315,3240.6214083609148,Malkajgiri,17.4511764,78.5368997
2417,Malkajgiri,2026,Apr-Jun,4504.026966292135,5721.165511162895,3290.627944805935,Malkajgiri,17.4511764,78.5368997
2418,Malkajgiri,2026,Jul-Sep,4653.848689138578,5911.474068368919,3400.0872246075696,Malkajgiri,17.4511764,78.5368997
2419,Malkajgiri,2026,Oct-Dec,4727.041198501872,6004.445638783264,3453.5614418944165,Malkajgiri,17.4511764,78.5368997
2420,Malkajgiri,2027,Jan-Mar,4435.580823970042,5634.222934718315,3240.6214083609148,Malkajgiri,17.4511764,78.5368997
2421,Malkajgiri,2027,Apr-Jun,4504.026966292135,5721.165511162895,3290.627944805935,Malkajgiri,17.4511764,78.5368997
2422,Malkajgiri,2027,Jul-Sep,4653.848689138578,5911.474068368919,3400.0872246075696,Malkajgiri,17.4511764,78.5368997
2423,Malkajgiri,2027,Oct-Dec,4727.041198501872,6004.445638783264,3453.5614418944165,Malkajgiri,17.4511764,78.5368997
2424,Malkajgiri,2028,Jan-Mar,4435.580823970042,5634.222934718315,3240.6214083609148,Malkajgiri,17.4511764,78.5368997
2425,Malkajgiri,2028,Apr-Jun,4504.026966292135,5721.165511162895,3290.627944805935,Malkajgiri,17.4511764,78.5368997
2426,Malkajgiri,2028,Jul-Sep,4653.848689138578,5911.474068368919,3400.0872246075696,Malkajgiri,17.4511764,78.5368997
2427,Malkajgiri,2028,Oct-Dec,4727.041198501872,6004.445638783264,3453.5614418944165,Malkajgiri,17.4511764,78.5368997
2428,Malkajgiri,2029,Jan-Mar,4435.580823970042,5634.222934718315,3240.6214083609148,Malkajgiri,17.4511764,78.5368997
2429,Malkajgiri,2029,Apr-Jun,4504.026966292135,5721.165511162895,3290.627944805935,Malkajgiri,17.4511764,78.5368997
2430,Malkajgiri,2029,Jul-Sep,4653.848689138578,5911.474068368919,3400.0872246075696,Malkajgiri,17.4511764,78.5368997
2431,Malkajgiri,2029,Oct-Dec,4727.041198501872,6004.445638783264,3453.5614418944165,Malkajgiri,17.4511764,78.5368997
2432,Malkajgiri,2030,Jan-Mar,4435.580823970042,5634.222934718315,3240.6214083609148,Malkajgiri,17.4511764,78.5368997
2433,Malkajgiri,2030,Apr-Jun,4504.026966292135,5721.165511162895,3290.627944805935,Malkajgiri,17.4511764,78.5368997
2434,Malkajgiri,2030,Jul-Sep,4653.848689138578,5911.474068368919,3400.0872246075696,Malkajgiri,17.4511764,78.5368997
2435,Malkajgiri,2030,Oct-Dec,4727.041198501872,6004.445638783264,3453.5614418944165,Malkajgiri,17.4511764,78.5368997
2436,Mallampet,2024,Jan-Mar,4110.617228464414,4836.685305948337,3384.464146229864,Mallampet,17.5574261,78.36328
2437,Mallampet,2024,Apr-Jun,4125.404344569284,4854.084305467564,3396.639073132937,Mallampet,17.5574261,78.36328
2438,Mallampet,2024,Jul-Sep,4237.654531835207,4986.161509732544,3489.059922142765,Mallampet,17.5574261,78.36328
2439,Mallampet,2024,Oct-Dec,4362.7134082397015,5133.309832299659,3592.0267662526744,Mallampet,17.5574261,78.36328
2440,Mallampet,2025,Jan-Mar,4110.617228464414,4836.685305948337,3384.464146229864,Mallampet,17.5574261,78.36328
2441,Mallampet,2025,Apr-Jun,4125.404344569284,4854.084305467564,3396.639073132937,Mallampet,17.5574261,78.36328
2442,Mallampet,2025,Jul-Sep,4237.654531835207,4986.161509732544,3489.059922142765,Mallampet,17.5574261,78.36328
2443,Mallampet,2025,Oct-Dec,4362.7134082397015,5133.309832299659,3592.0267662526744,Mallampet,17.5574261,78.36328
2444,Mallampet,2026,Jan-Mar,4110.617228464414,4836.685305948337,3384.464146229864,Mallampet,17.5574261,78.36328
2445,Mallampet,2026,Apr-Jun,4125.404344569284,4854.084305467564,3396.639073132937,Mallampet,17.5574261,78.36328
2446,Mallampet,2026,Jul-Sep,4237.654531835207,4986.161509732544,3489.059922142765,Mallampet,17.5574261,78.36328
2447,Mallampet,2026,Oct-Dec,4362.7134082397015,5133.309832299659,3592.0267662526744,Mallampet,17.5574261,78.36328
2448,Mallampet,2027,Jan-Mar,4110.617228464414,4836.685305948337,3384.464146229864,Mallampet,17.5574261,78.36328
2449,Mallampet,2027,Apr-Jun,4125.404344569284,4854.084305467564,3396.639073132937,Mallampet,17.5574261,78.36328
2450,Mallampet,2027,Jul-Sep,4237.654531835207,4986.161509732544,3489.059922142765,Mallampet,17.5574261,78.36328
2451,Mallampet,2027,Oct-Dec,4362.7134082397015,5133.309832299659,3592.0267662526744,Mallampet,17.5574261,78.36328
2452,Mallampet,2028,Jan-Mar,4110.617228464414,4836.685305948337,3384.464146229864,Mallampet,17.5574261,78.36328
2453,Mallampet,2028,Apr-Jun,4125.404344569284,4854.084305467564,3396.639073132937,Mallampet,17.5574261,78.36328
2454,Mallampet,2028,Jul-Sep,4237.654531835207,4986.161509732544,3489.059922142765,Mallampet,17.5574261,78.36328
2455,Mallampet,2028,Oct-Dec,4362.7134082397015,5133.309832299659,3592.0267662526744,Mallampet,17.5574261,78.36328
2456,Mallampet,2029,Jan-Mar,4110.617228464414,4836.685305948337,3384.464146229864,Mallampet,17.5574261,78.36328
2457,Mallampet,2029,Apr-Jun,4125.404344569284,4854.084305467564,3396.639073132937,Mallampet,17.5574261,78.36328
2458,Mallampet,2029,Jul-Sep,4237.654531835207,4986.161509732544,3489.059922142765,Mallampet,17.5574261,78.36328
2459,Mallampet,2029,Oct-Dec,4362.7134082397015,5133.309832299659,3592.0267662526744,Mallampet,17.5574261,78.36328
2460,Mallampet,2030,Jan-Mar,4110.617228464414,4836.685305948337,3384.464146229864,Mallampet,17.5574261,78.36328
2461,Mallampet,2030,Apr-Jun,4125.404344569284,4854.084305467564,3396.639073132937,Mallampet,17.5574261,78.36328
2462,Mallampet,2030,Jul-Sep,4237.654531835207,4986.161509732544,3489.059922142765,Mallampet,17.5574261,78.36328
2463,Mallampet,2030,Oct-Dec,4362.7134082397015,5133.309832299659,3592.0267662526744,Mallampet,17.5574261,78.36328
2464,Mallampet Road,2024,Jan-Mar,4782.595056179781,5914.85674351463,3641.5875569950585,Mallampet Road,15.7920695,79.3435274
2465,Mallampet Road,2024,Apr-Jun,4878.692734082401,6033.7051911673225,3714.7587337297728,Mallampet Road,15.7920695,79.3435274
2466,Mallampet Road,2024,Jul-Sep,4975.1155056179805,6152.955697167961,3788.177444891871,Mallampet Road,15.7920695,79.3435274
2467,Mallampet Road,2024,Oct-Dec,5014.201048689142,6201.294597972383,3817.9381554756415,Mallampet Road,15.7920695,79.3435274
2468,Mallampet Road,2025,Jan-Mar,4782.595056179781,5914.85674351463,3641.5875569950585,Mallampet Road,15.7920695,79.3435274
2469,Mallampet Road,2025,Apr-Jun,4878.692734082401,6033.7051911673225,3714.7587337297728,Mallampet Road,15.7920695,79.3435274
2470,Mallampet Road,2025,Jul-Sep,4975.1155056179805,6152.955697167961,3788.177444891871,Mallampet Road,15.7920695,79.3435274
2471,Mallampet Road,2025,Oct-Dec,5014.201048689142,6201.294597972383,3817.9381554756415,Mallampet Road,15.7920695,79.3435274
2472,Mallampet Road,2026,Jan-Mar,4782.595056179781,5914.85674351463,3641.5875569950585,Mallampet Road,15.7920695,79.3435274
2473,Mallampet Road,2026,Apr-Jun,4878.692734082401,6033.7051911673225,3714.7587337297728,Mallampet Road,15.7920695,79.3435274
2474,Mallampet Road,2026,Jul-Sep,4975.1155056179805,6152.955697167961,3788.177444891871,Mallampet Road,15.7920695,79.3435274
2475,Mallampet Road,2026,Oct-Dec,5014.201048689142,6201.294597972383,3817.9381554756415,Mallampet Road,15.7920695,79.3435274
2476,Mallampet Road,2027,Jan-Mar,4782.595056179781,5914.85674351463,3641.5875569950585,Mallampet Road,15.7920695,79.3435274
2477,Mallampet Road,2027,Apr-Jun,4878.692734082401,6033.7051911673225,3714.7587337297728,Mallampet Road,15.7920695,79.3435274
2478,Mallampet Road,2027,Jul-Sep,4975.1155056179805,6152.955697167961,3788.177444891871,Mallampet Road,15.7920695,79.3435274
2479,Mallampet Road,2027,Oct-Dec,5014.201048689142,6201.294597972383,3817.9381554756415,Mallampet Road,15.7920695,79.3435274
2480,Mallampet Road,2028,Jan-Mar,4782.595056179781,5914.85674351463,3641.5875569950585,Mallampet Road,15.7920695,79.3435274
2481,Mallampet Road,2028,Apr-Jun,4878.692734082401,6033.7051911673225,3714.7587337297728,Mallampet Road,15.7920695,79.3435274
2482,Mallampet Road,2028,Jul-Sep,4975.1155056179805,6152.955697167961,3788.177444891871,Mallampet Road,15.7920695,79.3435274
2483,Mallampet Road,2028,Oct-Dec,5014.201048689142,6201.294597972383,3817.9381554756415,Mallampet Road,15.7920695,79.3435274
2484,Mallampet Road,2029,Jan-Mar,4782.595056179781,5914.85674351463,3641.5875569950585,Mallampet Road,15.7920695,79.3435274
2485,Mallampet Road,2029,Apr-Jun,4878.692734082401,6033.7051911673225,3714.7587337297728,Mallampet Road,15.7920695,79.3435274
2486,Mallampet Road,2029,Jul-Sep,4975.1155056179805,6152.955697167961,3788.177444891871,Mallampet Road,15.7920695,79.3435274
2487,Mallampet Road,2029,Oct-Dec,5014.201048689142,6201.294597972383,3817.9381554756415,Mallampet Road,15.7920695,79.3435274
2488,Mallampet Road,2030,Jan-Mar,4782.595056179781,5914.85674351463,3641.5875569950585,Mallampet Road,15.7920695,79.3435274
2489,Mallampet Road,2030,Apr-Jun,4878.692734082401,6033.7051911673225,3714.7587337297728,Mallampet Road,15.7920695,79.3435274
2490,Mallampet Road,2030,Jul-Sep,4975.1155056179805,6152.955697167961,3788.177444891871,Mallampet Road,15.7920695,79.3435274
2491,Mallampet Road,2030,Oct-Dec,5014.201048689142,6201.294597972383,3817.9381554756415,Mallampet Road,15.7920695,79.3435274
2492,Mallapur,2024,Jan-Mar,4771.142471910108,5632.262286706015,3909.624211891733,Mallapur,17.4405369,78.5788551
2493,Mallapur,2024,Apr-Jun,4929.862471910113,5819.628871420078,4039.6843722338,Mallapur,17.4405369,78.5788551
2494,Mallapur,2024,Jul-Sep,5035.555056179774,5944.397385433492,4126.292200214389,Mallapur,17.4405369,78.5788551
2495,Mallapur,2024,Oct-Dec,5049.218277153559,5960.526613319402,4137.488273240092,Mallapur,17.4405369,78.5788551
2496,Mallapur,2025,Jan-Mar,4771.142471910108,5632.262286706015,3909.624211891733,Mallapur,17.4405369,78.5788551
2497,Mallapur,2025,Apr-Jun,4929.862471910113,5819.628871420078,4039.6843722338,Mallapur,17.4405369,78.5788551
2498,Mallapur,2025,Jul-Sep,5035.555056179774,5944.397385433492,4126.292200214389,Mallapur,17.4405369,78.5788551
2499,Mallapur,2025,Oct-Dec,5049.218277153559,5960.526613319402,4137.488273240092,Mallapur,17.4405369,78.5788551
2500,Mallapur,2026,Jan-Mar,4771.142471910108,5632.262286706015,3909.624211891733,Mallapur,17.4405369,78.5788551
2501,Mallapur,2026,Apr-Jun,4929.862471910113,5819.628871420078,4039.6843722338,Mallapur,17.4405369,78.5788551
2502,Mallapur,2026,Jul-Sep,5035.555056179774,5944.397385433492,4126.292200214389,Mallapur,17.4405369,78.5788551
2503,Mallapur,2026,Oct-Dec,5049.218277153559,5960.526613319402,4137.488273240092,Mallapur,17.4405369,78.5788551
2504,Mallapur,2027,Jan-Mar,4771.142471910108,5632.262286706015,3909.624211891733,Mallapur,17.4405369,78.5788551
2505,Mallapur,2027,Apr-Jun,4929.862471910113,5819.628871420078,4039.6843722338,Mallapur,17.4405369,78.5788551
2506,Mallapur,2027,Jul-Sep,5035.555056179774,5944.397385433492,4126.292200214389,Mallapur,17.4405369,78.5788551
2507,Mallapur,2027,Oct-Dec,5049.218277153559,5960.526613319402,4137.488273240092,Mallapur,17.4405369,78.5788551
2508,Mallapur,2028,Jan-Mar,4771.142471910108,5632.262286706015,3909.624211891733,Mallapur,17.4405369,78.5788551
2509,Mallapur,2028,Apr-Jun,4929.862471910113,5819.628871420078,4039.6843722338,Mallapur,17.4405369,78.5788551
2510,Mallapur,2028,Jul-Sep,5035.555056179774,5944.397385433492,4126.292200214389,Mallapur,17.4405369,78.5788551
2511,Mallapur,2028,Oct-Dec,5049.218277153559,5960.526613319402,4137.488273240092,Mallapur,17.4405369,78.5788551
2512,Mallapur,2029,Jan-Mar,4771.142471910108,5632.262286706015,3909.624211891733,Mallapur,17.4405369,78.5788551
2513,Mallapur,2029,Apr-Jun,4929.862471910113,5819.628871420078,4039.6843722338,Mallapur,17.4405369,78.5788551
2514,Mallapur,2029,Jul-Sep,5035.555056179774,5944.397385433492,4126.292200214389,Mallapur,17.4405369,78.5788551
2515,Mallapur,2029,Oct-Dec,5049.218277153559,5960.526613319402,4137.488273240092,Mallapur,17.4405369,78.5788551
2516,Mallapur,2030,Jan-Mar,4771.142471910108,5632.262286706015,3909.624211891733,Mallapur,17.4405369,78.5788551
2517,Mallapur,2030,Apr-Jun,4929.862471910113,5819.628871420078,4039.6843722338,Mallapur,17.4405369,78.5788551
2518,Mallapur,2030,Jul-Sep,5035.555056179774,5944.397385433492,4126.292200214389,Mallapur,17.4405369,78.5788551
2519,Mallapur,2030,Oct-Dec,5049.218277153559,5960.526613319402,4137.488273240092,Mallapur,17.4405369,78.5788551
2520,Manchirevula,2024,Jan-Mar,6697.322247191017,7631.436053920956,5763.208440461079,Manchirevula,17.3769679,78.3537878
2521,Manchirevula,2024,Apr-Jun,6913.156554307111,7877.37400527004,5948.939103344183,Manchirevula,17.3769679,78.3537878
2522,Manchirevula,2024,Jul-Sep,6767.533183520604,7711.439710772004,5823.626656269205,Manchirevula,17.3769679,78.3537878
2523,Manchirevula,2024,Oct-Dec,6766.2978277153625,7710.032052832968,5822.563602597758,Manchirevula,17.3769679,78.3537878
2524,Manchirevula,2025,Jan-Mar,6697.322247191017,7631.436053920956,5763.208440461079,Manchirevula,17.3769679,78.3537878
2525,Manchirevula,2025,Apr-Jun,6913.156554307111,7877.37400527004,5948.939103344183,Manchirevula,17.3769679,78.3537878
2526,Manchirevula,2025,Jul-Sep,6767.533183520604,7711.439710772004,5823.626656269205,Manchirevula,17.3769679,78.3537878
2527,Manchirevula,2025,Oct-Dec,6766.2978277153625,7710.032052832968,5822.563602597758,Manchirevula,17.3769679,78.3537878
2528,Manchirevula,2026,Jan-Mar,6697.322247191017,7631.436053920956,5763.208440461079,Manchirevula,17.3769679,78.3537878
2529,Manchirevula,2026,Apr-Jun,6913.156554307111,7877.37400527004,5948.939103344183,Manchirevula,17.3769679,78.3537878
2530,Manchirevula,2026,Jul-Sep,6767.533183520604,7711.439710772004,5823.626656269205,Manchirevula,17.3769679,78.3537878
2531,Manchirevula,2026,Oct-Dec,6766.2978277153625,7710.032052832968,5822.563602597758,Manchirevula,17.3769679,78.3537878
2532,Manchirevula,2027,Jan-Mar,6697.322247191017,7631.436053920956,5763.208440461079,Manchirevula,17.3769679,78.3537878
2533,Manchirevula,2027,Apr-Jun,6913.156554307111,7877.37400527004,5948.939103344183,Manchirevula,17.3769679,78.3537878
2534,Manchirevula,2027,Jul-Sep,6767.533183520604,7711.439710772004,5823.626656269205,Manchirevula,17.3769679,78.3537878
2535,Manchirevula,2027,Oct-Dec,6766.2978277153625,7710.032052832968,5822.563602597758,Manchirevula,17.3769679,78.3537878
2536,Manchirevula,2028,Jan-Mar,6697.322247191017,7631.436053920956,5763.208440461079,Manchirevula,17.3769679,78.3537878
2537,Manchirevula,2028,Apr-Jun,6913.156554307111,7877.37400527004,5948.939103344183,Manchirevula,17.3769679,78.3537878
2538,Manchirevula,2028,Jul-Sep,6767.533183520604,7711.439710772004,5823.626656269205,Manchirevula,17.3769679,78.3537878
2539,Manchirevula,2028,Oct-Dec,6766.2978277153625,7710.032052832968,5822.563602597758,Manchirevula,17.3769679,78.3537878
2540,Manchirevula,2029,Jan-Mar,6697.322247191017,7631.436053920956,5763.208440461079,Manchirevula,17.3769679,78.3537878
2541,Manchirevula,2029,Apr-Jun,6913.156554307111,7877.37400527004,5948.939103344183,Manchirevula,17.3769679,78.3537878
2542,Manchirevula,2029,Jul-Sep,6767.533183520604,7711.439710772004,5823.626656269205,Manchirevula,17.3769679,78.3537878
2543,Manchirevula,2029,Oct-Dec,6766.2978277153625,7710.032052832968,5822.563602597758,Manchirevula,17.3769679,78.3537878
2544,Manchirevula,2030,Jan-Mar,6697.322247191017,7631.436053920956,5763.208440461079,Manchirevula,17.3769679,78.3537878
2545,Manchirevula,2030,Apr-Jun,6913.156554307111,7877.37400527004,5948.939103344183,Manchirevula,17.3769679,78.3537878
2546,Manchirevula,2030,Jul-Sep,6767.533183520604,7711.439710772004,5823.626656269205,Manchirevula,17.3769679,78.3537878
2547,Manchirevula,2030,Oct-Dec,6766.2978277153625,7710.032052832968,5822.563602597758,Manchirevula,17.3769679,78.3537878
2548,Manikonda Jagir,2024,Jan-Mar,6333.932584269675,7887.3462558254305,4797.048331451326,Manikonda Jagir,,
2549,Manikonda Jagir,2024,Apr-Jun,6564.693333333334,8174.701687210809,4971.816605589487,Manikonda Jagir,,
2550,Manikonda Jagir,2024,Jul-Sep,6653.508913857672,8285.299523103055,5039.081709329186,Manikonda Jagir,,
2551,Manikonda Jagir,2024,Oct-Dec,6772.688239700379,8433.707892935057,5129.343008856922,Manikonda Jagir,,
2552,Manikonda Jagir,2025,Jan-Mar,6333.932584269675,7887.3462558254305,4797.048331451326,Manikonda Jagir,,
2553,Manikonda Jagir,2025,Apr-Jun,6564.693333333334,8174.701687210809,4971.816605589487,Manikonda Jagir,,
2554,Manikonda Jagir,2025,Jul-Sep,6653.508913857672,8285.299523103055,5039.081709329186,Manikonda Jagir,,
2555,Manikonda Jagir,2025,Oct-Dec,6772.688239700379,8433.707892935057,5129.343008856922,Manikonda Jagir,,
2556,Manikonda Jagir,2026,Jan-Mar,6333.932584269675,7887.3462558254305,4797.048331451326,Manikonda Jagir,,
2557,Manikonda Jagir,2026,Apr-Jun,6564.693333333334,8174.701687210809,4971.816605589487,Manikonda Jagir,,
2558,Manikonda Jagir,2026,Jul-Sep,6653.508913857672,8285.299523103055,5039.081709329186,Manikonda Jagir,,
2559,Manikonda Jagir,2026,Oct-Dec,6772.688239700379,8433.707892935057,5129.343008856922,Manikonda Jagir,,
2560,Manikonda Jagir,2027,Jan-Mar,6333.932584269675,7887.3462558254305,4797.048331451326,Manikonda Jagir,,
2561,Manikonda Jagir,2027,Apr-Jun,6564.693333333334,8174.701687210809,4971.816605589487,Manikonda Jagir,,
2562,Manikonda Jagir,2027,Jul-Sep,6653.508913857672,8285.299523103055,5039.081709329186,Manikonda Jagir,,
2563,Manikonda Jagir,2027,Oct-Dec,6772.688239700379,8433.707892935057,5129.343008856922,Manikonda Jagir,,
2564,Manikonda Jagir,2028,Jan-Mar,6333.932584269675,7887.3462558254305,4797.048331451326,Manikonda Jagir,,
2565,Manikonda Jagir,2028,Apr-Jun,6564.693333333334,8174.701687210809,4971.816605589487,Manikonda Jagir,,
2566,Manikonda Jagir,2028,Jul-Sep,6653.508913857672,8285.299523103055,5039.081709329186,Manikonda Jagir,,
2567,Manikonda Jagir,2028,Oct-Dec,6772.688239700379,8433.707892935057,5129.343008856922,Manikonda Jagir,,
2568,Manikonda Jagir,2029,Jan-Mar,6333.932584269675,7887.3462558254305,4797.048331451326,Manikonda Jagir,,
2569,Manikonda Jagir,2029,Apr-Jun,6564.693333333334,8174.701687210809,4971.816605589487,Manikonda Jagir,,
2570,Manikonda Jagir,2029,Jul-Sep,6653.508913857672,8285.299523103055,5039.081709329186,Manikonda Jagir,,
2571,Manikonda Jagir,2029,Oct-Dec,6772.688239700379,8433.707892935057,5129.343008856922,Manikonda Jagir,,
2572,Manikonda Jagir,2030,Jan-Mar,6333.932584269675,7887.3462558254305,4797.048331451326,Manikonda Jagir,,
2573,Manikonda Jagir,2030,Apr-Jun,6564.693333333334,8174.701687210809,4971.816605589487,Manikonda Jagir,,
2574,Manikonda Jagir,2030,Jul-Sep,6653.508913857672,8285.299523103055,5039.081709329186,Manikonda Jagir,,
2575,Manikonda Jagir,2030,Oct-Dec,6772.688239700379,8433.707892935057,5129.343008856922,Manikonda Jagir,,
2576,Manikonda Road,2024,Jan-Mar,6307.005543071174,7945.577716803923,4548.1169174600855,Manikonda Road,16.538139026024833,80.80336543572093
2577,Manikonda Road,2024,Apr-Jun,6542.540524344571,8242.30513934277,4717.966242257341,Manikonda Road,16.538139026024833,80.80336543572093
2578,Manikonda Road,2024,Jul-Sep,6673.674007490641,8407.507353689476,4812.52940841744,Manikonda Road,16.538139026024833,80.80336543572093
2579,Manikonda Road,2024,Oct-Dec,6779.348014981283,8540.635671625621,4888.73320083871,Manikonda Road,16.538139026024833,80.80336543572093
2580,Manikonda Road,2025,Jan-Mar,6307.005543071174,7945.577716803923,4548.1169174600855,Manikonda Road,16.538139026024833,80.80336543572093
2581,Manikonda Road,2025,Apr-Jun,6542.540524344571,8242.30513934277,4717.966242257341,Manikonda Road,16.538139026024833,80.80336543572093
2582,Manikonda Road,2025,Jul-Sep,6673.674007490641,8407.507353689476,4812.52940841744,Manikonda Road,16.538139026024833,80.80336543572093
2583,Manikonda Road,2025,Oct-Dec,6779.348014981283,8540.635671625621,4888.73320083871,Manikonda Road,16.538139026024833,80.80336543572093
2584,Manikonda Road,2026,Jan-Mar,6307.005543071174,7945.577716803923,4548.1169174600855,Manikonda Road,16.538139026024833,80.80336543572093
2585,Manikonda Road,2026,Apr-Jun,6542.540524344571,8242.30513934277,4717.966242257341,Manikonda Road,16.538139026024833,80.80336543572093
2586,Manikonda Road,2026,Jul-Sep,6673.674007490641,8407.507353689476,4812.52940841744,Manikonda Road,16.538139026024833,80.80336543572093
2587,Manikonda Road,2026,Oct-Dec,6779.348014981283,8540.635671625621,4888.73320083871,Manikonda Road,16.538139026024833,80.80336543572093
2588,Manikonda Road,2027,Jan-Mar,6307.005543071174,7945.577716803923,4548.1169174600855,Manikonda Road,16.538139026024833,80.80336543572093
2589,Manikonda Road,2027,Apr-Jun,6542.540524344571,8242.30513934277,4717.966242257341,Manikonda Road,16.538139026024833,80.80336543572093
2590,Manikonda Road,2027,Jul-Sep,6673.674007490641,8407.507353689476,4812.52940841744,Manikonda Road,16.538139026024833,80.80336543572093
2591,Manikonda Road,2027,Oct-Dec,6779.348014981283,8540.635671625621,4888.73320083871,Manikonda Road,16.538139026024833,80.80336543572093
2592,Manikonda Road,2028,Jan-Mar,6307.005543071174,7945.577716803923,4548.1169174600855,Manikonda Road,16.538139026024833,80.80336543572093
2593,Manikonda Road,2028,Apr-Jun,6542.540524344571,8242.30513934277,4717.966242257341,Manikonda Road,16.538139026024833,80.80336543572093
2594,Manikonda Road,2028,Jul-Sep,6673.674007490641,8407.507353689476,4812.52940841744,Manikonda Road,16.538139026024833,80.80336543572093
2595,Manikonda Road,2028,Oct-Dec,6779.348014981283,8540.635671625621,4888.73320083871,Manikonda Road,16.538139026024833,80.80336543572093
2596,Manikonda Road,2029,Jan-Mar,6307.005543071174,7945.577716803923,4548.1169174600855,Manikonda Road,16.538139026024833,80.80336543572093
2597,Manikonda Road,2029,Apr-Jun,6542.540524344571,8242.30513934277,4717.966242257341,Manikonda Road,16.538139026024833,80.80336543572093
2598,Manikonda Road,2029,Jul-Sep,6673.674007490641,8407.507353689476,4812.52940841744,Manikonda Road,16.538139026024833,80.80336543572093
2599,Manikonda Road,2029,Oct-Dec,6779.348014981283,8540.635671625621,4888.73320083871,Manikonda Road,16.538139026024833,80.80336543572093
2600,Manikonda Road,2030,Jan-Mar,6307.005543071174,7945.577716803923,4548.1169174600855,Manikonda Road,16.538139026024833,80.80336543572093
2601,Manikonda Road,2030,Apr-Jun,6542.540524344571,8242.30513934277,4717.966242257341,Manikonda Road,16.538139026024833,80.80336543572093
2602,Manikonda Road,2030,Jul-Sep,6673.674007490641,8407.507353689476,4812.52940841744,Manikonda Road,16.538139026024833,80.80336543572093
2603,Manikonda Road,2030,Oct-Dec,6779.348014981283,8540.635671625621,4888.73320083871,Manikonda Road,16.538139026024833,80.80336543572093
2604,Manjeera Pipeline Road,2024,Jan-Mar,5504.7208988764005,6543.694066268217,4398.2545496808125,Manjeera Pipeline Road,17.485499791723303,78.35660736491253
2605,Manjeera Pipeline Road,2024,Apr-Jun,5615.066966292138,6674.867093901968,4486.420707777896,Manjeera Pipeline Road,17.485499791723303,78.35660736491253
2606,Manjeera Pipeline Road,2024,Jul-Sep,5569.758202247195,6621.006653767508,4450.219148922884,Manjeera Pipeline Road,17.485499791723303,78.35660736491253
2607,Manjeera Pipeline Road,2024,Oct-Dec,5658.703820224729,6726.740063920773,4521.286415752654,Manjeera Pipeline Road,17.485499791723303,78.35660736491253
2608,Manjeera Pipeline Road,2025,Jan-Mar,5504.7208988764005,6543.694066268217,4398.2545496808125,Manjeera Pipeline Road,17.485499791723303,78.35660736491253
2609,Manjeera Pipeline Road,2025,Apr-Jun,5615.066966292138,6674.867093901968,4486.420707777896,Manjeera Pipeline Road,17.485499791723303,78.35660736491253
2610,Manjeera Pipeline Road,2025,Jul-Sep,5569.758202247195,6621.006653767508,4450.219148922884,Manjeera Pipeline Road,17.485499791723303,78.35660736491253
2611,Manjeera Pipeline Road,2025,Oct-Dec,5658.703820224729,6726.740063920773,4521.286415752654,Manjeera Pipeline Road,17.485499791723303,78.35660736491253
2612,Manjeera Pipeline Road,2026,Jan-Mar,5504.7208988764005,6543.694066268217,4398.2545496808125,Manjeera Pipeline Road,17.485499791723303,78.35660736491253
2613,Manjeera Pipeline Road,2026,Apr-Jun,5615.066966292138,6674.867093901968,4486.420707777896,Manjeera Pipeline Road,17.485499791723303,78.35660736491253
2614,Manjeera Pipeline Road,2026,Jul-Sep,5569.758202247195,6621.006653767508,4450.219148922884,Manjeera Pipeline Road,17.485499791723303,78.35660736491253
2615,Manjeera Pipeline Road,2026,Oct-Dec,5658.703820224729,6726.740063920773,4521.286415752654,Manjeera Pipeline Road,17.485499791723303,78.35660736491253
2616,Manjeera Pipeline Road,2027,Jan-Mar,5504.7208988764005,6543.694066268217,4398.2545496808125,Manjeera Pipeline Road,17.485499791723303,78.35660736491253
2617,Manjeera Pipeline Road,2027,Apr-Jun,5615.066966292138,6674.867093901968,4486.420707777896,Manjeera Pipeline Road,17.485499791723303,78.35660736491253
2618,Manjeera Pipeline Road,2027,Jul-Sep,5569.758202247195,6621.006653767508,4450.219148922884,Manjeera Pipeline Road,17.485499791723303,78.35660736491253
2619,Manjeera Pipeline Road,2027,Oct-Dec,5658.703820224729,6726.740063920773,4521.286415752654,Manjeera Pipeline Road,17.485499791723303,78.35660736491253
2620,Manjeera Pipeline Road,2028,Jan-Mar,5504.7208988764005,6543.694066268217,4398.2545496808125,Manjeera Pipeline Road,17.485499791723303,78.35660736491253
2621,Manjeera Pipeline Road,2028,Apr-Jun,5615.066966292138,6674.867093901968,4486.420707777896,Manjeera Pipeline Road,17.485499791723303,78.35660736491253
2622,Manjeera Pipeline Road,2028,Jul-Sep,5569.758202247195,6621.006653767508,4450.219148922884,Manjeera Pipeline Road,17.485499791723303,78.35660736491253
2623,Manjeera Pipeline Road,2028,Oct-Dec,5658.703820224729,6726.740063920773,4521.286415752654,Manjeera Pipeline Road,17.485499791723303,78.35660736491253
2624,Manjeera Pipeline Road,2029,Jan-Mar,5504.7208988764005,6543.694066268217,4398.2545496808125,Manjeera Pipeline Road,17.485499791723303,78.35660736491253
2625,Manjeera Pipeline Road,2029,Apr-Jun,5615.066966292138,6674.867093901968,4486.420707777896,Manjeera Pipeline Road,17.485499791723303,78.35660736491253
2626,Manjeera Pipeline Road,2029,Jul-Sep,5569.758202247195,6621.006653767508,4450.219148922884,Manjeera Pipeline Road,17.485499791723303,78.35660736491253
2627,Manjeera Pipeline Road,2029,Oct-Dec,5658.703820224729,6726.740063920773,4521.286415752654,Manjeera Pipeline Road,17.485499791723303,78.35660736491253
2628,Manjeera Pipeline Road,2030,Jan-Mar,5504.7208988764005,6543.694066268217,4398.2545496808125,Manjeera Pipeline Road,17.485499791723303,78.35660736491253
2629,Manjeera Pipeline Road,2030,Apr-Jun,5615.066966292138,6674.867093901968,4486.420707777896,Manjeera Pipeline Road,17.485499791723303,78.35660736491253
2630,Manjeera Pipeline Road,2030,Jul-Sep,5569.758202247195,6621.006653767508,4450.219148922884,Manjeera Pipeline Road,17.485499791723303,78.35660736491253
2631,Manjeera Pipeline Road,2030,Oct-Dec,5658.703820224729,6726.740063920773,4521.286415752654,Manjeera Pipeline Road,17.485499791723303,78.35660736491253
2632,Mansoorabad Road,2024,Jan-Mar,5525.303970037448,6538.192418874759,4519.776910684093,Mansoorabad Road,17.3528245,78.5597398
2633,Mansoorabad Road,2024,Apr-Jun,5641.938277153564,6676.2079102762455,4615.185425972255,Mansoorabad Road,17.3528245,78.5597398
2634,Mansoorabad Road,2024,Jul-Sep,5638.018576779031,6671.569657718195,4611.979055545273,Mansoorabad Road,17.3528245,78.5597398
2635,Mansoorabad Road,2024,Oct-Dec,5640.080599250943,6674.009686315086,4613.665819134824,Mansoorabad Road,17.3528245,78.5597398
2636,Mansoorabad Road,2025,Jan-Mar,5525.303970037448,6538.192418874759,4519.776910684093,Mansoorabad Road,17.3528245,78.5597398
2637,Mansoorabad Road,2025,Apr-Jun,5641.938277153564,6676.2079102762455,4615.185425972255,Mansoorabad Road,17.3528245,78.5597398
2638,Mansoorabad Road,2025,Jul-Sep,5638.018576779031,6671.569657718195,4611.979055545273,Mansoorabad Road,17.3528245,78.5597398
2639,Mansoorabad Road,2025,Oct-Dec,5640.080599250943,6674.009686315086,4613.665819134824,Mansoorabad Road,17.3528245,78.5597398
2640,Mansoorabad Road,2026,Jan-Mar,5525.303970037448,6538.192418874759,4519.776910684093,Mansoorabad Road,17.3528245,78.5597398
2641,Mansoorabad Road,2026,Apr-Jun,5641.938277153564,6676.2079102762455,4615.185425972255,Mansoorabad Road,17.3528245,78.5597398
2642,Mansoorabad Road,2026,Jul-Sep,5638.018576779031,6671.569657718195,4611.979055545273,Mansoorabad Road,17.3528245,78.5597398
2643,Mansoorabad Road,2026,Oct-Dec,5640.080599250943,6674.009686315086,4613.665819134824,Mansoorabad Road,17.3528245,78.5597398
2644,Mansoorabad Road,2027,Jan-Mar,5525.303970037448,6538.192418874759,4519.776910684093,Mansoorabad Road,17.3528245,78.5597398
2645,Mansoorabad Road,2027,Apr-Jun,5641.938277153564,6676.2079102762455,4615.185425972255,Mansoorabad Road,17.3528245,78.5597398
2646,Mansoorabad Road,2027,Jul-Sep,5638.018576779031,6671.569657718195,4611.979055545273,Mansoorabad Road,17.3528245,78.5597398
2647,Mansoorabad Road,2027,Oct-Dec,5640.080599250943,6674.009686315086,4613.665819134824,Mansoorabad Road,17.3528245,78.5597398
2648,Mansoorabad Road,2028,Jan-Mar,5525.303970037448,6538.192418874759,4519.776910684093,Mansoorabad Road,17.3528245,78.5597398
2649,Mansoorabad Road,2028,Apr-Jun,5641.938277153564,6676.2079102762455,4615.185425972255,Mansoorabad Road,17.3528245,78.5597398
2650,Mansoorabad Road,2028,Jul-Sep,5638.018576779031,6671.569657718195,4611.979055545273,Mansoorabad Road,17.3528245,78.5597398
2651,Mansoorabad Road,2028,Oct-Dec,5640.080599250943,6674.009686315086,4613.665819134824,Mansoorabad Road,17.3528245,78.5597398
2652,Mansoorabad Road,2029,Jan-Mar,5525.303970037448,6538.192418874759,4519.776910684093,Mansoorabad Road,17.3528245,78.5597398
2653,Mansoorabad Road,2029,Apr-Jun,5641.938277153564,6676.2079102762455,4615.185425972255,Mansoorabad Road,17.3528245,78.5597398
2654,Mansoorabad Road,2029,Jul-Sep,5638.018576779031,6671.569657718195,4611.979055545273,Mansoorabad Road,17.3528245,78.5597398
2655,Mansoorabad Road,2029,Oct-Dec,5640.080599250943,6674.009686315086,4613.665819134824,Mansoorabad Road,17.3528245,78.5597398
2656,Mansoorabad Road,2030,Jan-Mar,5525.303970037448,6538.192418874759,4519.776910684093,Mansoorabad Road,17.3528245,78.5597398
2657,Mansoorabad Road,2030,Apr-Jun,5641.938277153564,6676.2079102762455,4615.185425972255,Mansoorabad Road,17.3528245,78.5597398
2658,Mansoorabad Road,2030,Jul-Sep,5638.018576779031,6671.569657718195,4611.979055545273,Mansoorabad Road,17.3528245,78.5597398
2659,Mansoorabad Road,2030,Oct-Dec,5640.080599250943,6674.009686315086,4613.665819134824,Mansoorabad Road,17.3528245,78.5597398
2660,Marredpally,2024,Jan-Mar,6103.515505617985,7660.464118091291,4544.922533854127,Marredpally,17.4507936,78.5048972
2661,Marredpally,2024,Apr-Jun,6028.976179775284,7566.910520909612,4489.417561126696,Marredpally,17.4507936,78.5048972
2662,Marredpally,2024,Jul-Sep,5474.747265917596,6871.303095335348,4076.716474812299,Marredpally,17.4507936,78.5048972
2663,Marredpally,2024,Oct-Dec,5433.302471910108,6819.286129525427,4045.8550183251,Marredpally,17.4507936,78.5048972
2664,Marredpally,2025,Jan-Mar,6103.515505617985,7660.464118091291,4544.922533854127,Marredpally,17.4507936,78.5048972
2665,Marredpally,2025,Apr-Jun,6028.976179775284,7566.910520909612,4489.417561126696,Marredpally,17.4507936,78.5048972
2666,Marredpally,2025,Jul-Sep,5474.747265917596,6871.303095335348,4076.716474812299,Marredpally,17.4507936,78.5048972
2667,Marredpally,2025,Oct-Dec,5433.302471910108,6819.286129525427,4045.8550183251,Marredpally,17.4507936,78.5048972
2668,Marredpally,2026,Jan-Mar,6103.515505617985,7660.464118091291,4544.922533854127,Marredpally,17.4507936,78.5048972
2669,Marredpally,2026,Apr-Jun,6028.976179775284,7566.910520909612,4489.417561126696,Marredpally,17.4507936,78.5048972
2670,Marredpally,2026,Jul-Sep,5474.747265917596,6871.303095335348,4076.716474812299,Marredpally,17.4507936,78.5048972
2671,Marredpally,2026,Oct-Dec,5433.302471910108,6819.286129525427,4045.8550183251,Marredpally,17.4507936,78.5048972
2672,Marredpally,2027,Jan-Mar,6103.515505617985,7660.464118091291,4544.922533854127,Marredpally,17.4507936,78.5048972
2673,Marredpally,2027,Apr-Jun,6028.976179775284,7566.910520909612,4489.417561126696,Marredpally,17.4507936,78.5048972
2674,Marredpally,2027,Jul-Sep,5474.747265917596,6871.303095335348,4076.716474812299,Marredpally,17.4507936,78.5048972
2675,Marredpally,2027,Oct-Dec,5433.302471910108,6819.286129525427,4045.8550183251,Marredpally,17.4507936,78.5048972
2676,Marredpally,2028,Jan-Mar,6103.515505617985,7660.464118091291,4544.922533854127,Marredpally,17.4507936,78.5048972
2677,Marredpally,2028,Apr-Jun,6028.976179775284,7566.910520909612,4489.417561126696,Marredpally,17.4507936,78.5048972
2678,Marredpally,2028,Jul-Sep,5474.747265917596,6871.303095335348,4076.716474812299,Marredpally,17.4507936,78.5048972
2679,Marredpally,2028,Oct-Dec,5433.302471910108,6819.286129525427,4045.8550183251,Marredpally,17.4507936,78.5048972
2680,Marredpally,2029,Jan-Mar,6103.515505617985,7660.464118091291,4544.922533854127,Marredpally,17.4507936,78.5048972
2681,Marredpally,2029,Apr-Jun,6028.976179775284,7566.910520909612,4489.417561126696,Marredpally,17.4507936,78.5048972
2682,Marredpally,2029,Jul-Sep,5474.747265917596,6871.303095335348,4076.716474812299,Marredpally,17.4507936,78.5048972
2683,Marredpally,2029,Oct-Dec,5433.302471910108,6819.286129525427,4045.8550183251,Marredpally,17.4507936,78.5048972
2684,Marredpally,2030,Jan-Mar,6103.515505617985,7660.464118091291,4544.922533854127,Marredpally,17.4507936,78.5048972
2685,Marredpally,2030,Apr-Jun,6028.976179775284,7566.910520909612,4489.417561126696,Marredpally,17.4507936,78.5048972
2686,Marredpally,2030,Jul-Sep,5474.747265917596,6871.303095335348,4076.716474812299,Marredpally,17.4507936,78.5048972
2687,Marredpally,2030,Oct-Dec,5433.302471910108,6819.286129525427,4045.8550183251,Marredpally,17.4507936,78.5048972
2688,Masjid Banda,2024,Jan-Mar,8405.289887640445,10383.00008864688,6436.063831697344,Masjid Banda,17.4670374,78.3415168
2689,Masjid Banda,2024,Apr-Jun,8645.301872659174,10679.485337227086,6619.844816839139,Masjid Banda,17.4670374,78.3415168
2690,Masjid Banda,2024,Jul-Sep,8921.74292134831,11020.97117191145,6831.520114044633,Masjid Banda,17.4670374,78.3415168
2691,Masjid Banda,2024,Oct-Dec,8881.867865168533,10971.713773608242,6800.987150839766,Masjid Banda,17.4670374,78.3415168
2692,Masjid Banda,2025,Jan-Mar,8405.289887640445,10383.00008864688,6436.063831697344,Masjid Banda,17.4670374,78.3415168
2693,Masjid Banda,2025,Apr-Jun,8645.301872659174,10679.485337227086,6619.844816839139,Masjid Banda,17.4670374,78.3415168
2694,Masjid Banda,2025,Jul-Sep,8921.74292134831,11020.97117191145,6831.520114044633,Masjid Banda,17.4670374,78.3415168
2695,Masjid Banda,2025,Oct-Dec,8881.867865168533,10971.713773608242,6800.987150839766,Masjid Banda,17.4670374,78.3415168
2696,Masjid Banda,2026,Jan-Mar,8405.289887640445,10383.00008864688,6436.063831697344,Masjid Banda,17.4670374,78.3415168
2697,Masjid Banda,2026,Apr-Jun,8645.301872659174,10679.485337227086,6619.844816839139,Masjid Banda,17.4670374,78.3415168
2698,Masjid Banda,2026,Jul-Sep,8921.74292134831,11020.97117191145,6831.520114044633,Masjid Banda,17.4670374,78.3415168
2699,Masjid Banda,2026,Oct-Dec,8881.867865168533,10971.713773608242,6800.987150839766,Masjid Banda,17.4670374,78.3415168
2700,Masjid Banda,2027,Jan-Mar,8405.289887640445,10383.00008864688,6436.063831697344,Masjid Banda,17.4670374,78.3415168
2701,Masjid Banda,2027,Apr-Jun,8645.301872659174,10679.485337227086,6619.844816839139,Masjid Banda,17.4670374,78.3415168
2702,Masjid Banda,2027,Jul-Sep,8921.74292134831,11020.97117191145,6831.520114044633,Masjid Banda,17.4670374,78.3415168
2703,Masjid Banda,2027,Oct-Dec,8881.867865168533,10971.713773608242,6800.987150839766,Masjid Banda,17.4670374,78.3415168
2704,Masjid Banda,2028,Jan-Mar,8405.289887640445,10383.00008864688,6436.063831697344,Masjid Banda,17.4670374,78.3415168
2705,Masjid Banda,2028,Apr-Jun,8645.301872659174,10679.485337227086,6619.844816839139,Masjid Banda,17.4670374,78.3415168
2706,Masjid Banda,2028,Jul-Sep,8921.74292134831,11020.97117191145,6831.520114044633,Masjid Banda,17.4670374,78.3415168
2707,Masjid Banda,2028,Oct-Dec,8881.867865168533,10971.713773608242,6800.987150839766,Masjid Banda,17.4670374,78.3415168
2708,Masjid Banda,2029,Jan-Mar,8405.289887640445,10383.00008864688,6436.063831697344,Masjid Banda,17.4670374,78.3415168
2709,Masjid Banda,2029,Apr-Jun,8645.301872659174,10679.485337227086,6619.844816839139,Masjid Banda,17.4670374,78.3415168
2710,Masjid Banda,2029,Jul-Sep,8921.74292134831,11020.97117191145,6831.520114044633,Masjid Banda,17.4670374,78.3415168
2711,Masjid Banda,2029,Oct-Dec,8881.867865168533,10971.713773608242,6800.987150839766,Masjid Banda,17.4670374,78.3415168
2712,Masjid Banda,2030,Jan-Mar,8405.289887640445,10383.00008864688,6436.063831697344,Masjid Banda,17.4670374,78.3415168
2713,Masjid Banda,2030,Apr-Jun,8645.301872659174,10679.485337227086,6619.844816839139,Masjid Banda,17.4670374,78.3415168
2714,Masjid Banda,2030,Jul-Sep,8921.74292134831,11020.97117191145,6831.520114044633,Masjid Banda,17.4670374,78.3415168
2715,Masjid Banda,2030,Oct-Dec,8881.867865168533,10971.713773608242,6800.987150839766,Masjid Banda,17.4670374,78.3415168
2716,Medchal,2024,Jan-Mar,4463.548164794009,5475.656284433497,3451.315981889058,Medchal,17.6339929,78.4843146
2717,Medchal,2024,Apr-Jun,4221.706367041201,5178.976936342498,3264.3184564100056,Medchal,17.6339929,78.4843146
2718,Medchal,2024,Jul-Sep,4369.772584269666,5360.6171209996655,3378.806590744284,Medchal,17.6339929,78.4843146
2719,Medchal,2024,Oct-Dec,4489.936479400748,5508.028140942559,3471.720021136512,Medchal,17.6339929,78.4843146
2720,Medchal,2025,Jan-Mar,4463.548164794009,5475.656284433497,3451.315981889058,Medchal,17.6339929,78.4843146
2721,Medchal,2025,Apr-Jun,4221.706367041201,5178.976936342498,3264.3184564100056,Medchal,17.6339929,78.4843146
2722,Medchal,2025,Jul-Sep,4369.772584269666,5360.6171209996655,3378.806590744284,Medchal,17.6339929,78.4843146
2723,Medchal,2025,Oct-Dec,4489.936479400748,5508.028140942559,3471.720021136512,Medchal,17.6339929,78.4843146
2724,Medchal,2026,Jan-Mar,4463.548164794009,5475.656284433497,3451.315981889058,Medchal,17.6339929,78.4843146
2725,Medchal,2026,Apr-Jun,4221.706367041201,5178.976936342498,3264.3184564100056,Medchal,17.6339929,78.4843146
2726,Medchal,2026,Jul-Sep,4369.772584269666,5360.6171209996655,3378.806590744284,Medchal,17.6339929,78.4843146
2727,Medchal,2026,Oct-Dec,4489.936479400748,5508.028140942559,3471.720021136512,Medchal,17.6339929,78.4843146
2728,Medchal,2027,Jan-Mar,4463.548164794009,5475.656284433497,3451.315981889058,Medchal,17.6339929,78.4843146
2729,Medchal,2027,Apr-Jun,4221.706367041201,5178.976936342498,3264.3184564100056,Medchal,17.6339929,78.4843146
2730,Medchal,2027,Jul-Sep,4369.772584269666,5360.6171209996655,3378.806590744284,Medchal,17.6339929,78.4843146
2731,Medchal,2027,Oct-Dec,4489.936479400748,5508.028140942559,3471.720021136512,Medchal,17.6339929,78.4843146
2732,Medchal,2028,Jan-Mar,4463.548164794009,5475.656284433497,3451.315981889058,Medchal,17.6339929,78.4843146
2733,Medchal,2028,Apr-Jun,4221.706367041201,5178.976936342498,3264.3184564100056,Medchal,17.6339929,78.4843146
2734,Medchal,2028,Jul-Sep,4369.772584269666,5360.6171209996655,3378.806590744284,Medchal,17.6339929,78.4843146
2735,Medchal,2028,Oct-Dec,4489.936479400748,5508.028140942559,3471.720021136512,Medchal,17.6339929,78.4843146
2736,Medchal,2029,Jan-Mar,4463.548164794009,5475.656284433497,3451.315981889058,Medchal,17.6339929,78.4843146
2737,Medchal,2029,Apr-Jun,4221.706367041201,5178.976936342498,3264.3184564100056,Medchal,17.6339929,78.4843146
2738,Medchal,2029,Jul-Sep,4369.772584269666,5360.6171209996655,3378.806590744284,Medchal,17.6339929,78.4843146
2739,Medchal,2029,Oct-Dec,4489.936479400748,5508.028140942559,3471.720021136512,Medchal,17.6339929,78.4843146
2740,Medchal,2030,Jan-Mar,4463.548164794009,5475.656284433497,3451.315981889058,Medchal,17.6339929,78.4843146
2741,Medchal,2030,Apr-Jun,4221.706367041201,5178.976936342498,3264.3184564100056,Medchal,17.6339929,78.4843146
2742,Medchal,2030,Jul-Sep,4369.772584269666,5360.6171209996655,3378.806590744284,Medchal,17.6339929,78.4843146
2743,Medchal,2030,Oct-Dec,4489.936479400748,5508.028140942559,3471.720021136512,Medchal,17.6339929,78.4843146
2744,Medchal Road,2024,Jan-Mar,4793.973333333338,5925.303202599256,3662.602366644095,Medchal Road,17.6047112,78.5424491
2745,Medchal Road,2024,Apr-Jun,4902.405992509358,6059.324887328839,3745.445070702998,Medchal Road,17.6047112,78.5424491
2746,Medchal Road,2024,Jul-Sep,4953.232059925087,6122.145399478943,3784.276257666365,Medchal Road,17.6047112,78.5424491
2747,Medchal Road,2024,Oct-Dec,5171.852883895133,6392.35855636438,3951.302874544439,Medchal Road,17.6047112,78.5424491
2748,Medchal Road,2025,Jan-Mar,4793.973333333338,5925.303202599256,3662.602366644095,Medchal Road,17.6047112,78.5424491
2749,Medchal Road,2025,Apr-Jun,4902.405992509358,6059.324887328839,3745.445070702998,Medchal Road,17.6047112,78.5424491
2750,Medchal Road,2025,Jul-Sep,4953.232059925087,6122.145399478943,3784.276257666365,Medchal Road,17.6047112,78.5424491
2751,Medchal Road,2025,Oct-Dec,5171.852883895133,6392.35855636438,3951.302874544439,Medchal Road,17.6047112,78.5424491
2752,Medchal Road,2026,Jan-Mar,4793.973333333338,5925.303202599256,3662.602366644095,Medchal Road,17.6047112,78.5424491
2753,Medchal Road,2026,Apr-Jun,4902.405992509358,6059.324887328839,3745.445070702998,Medchal Road,17.6047112,78.5424491
2754,Medchal Road,2026,Jul-Sep,4953.232059925087,6122.145399478943,3784.276257666365,Medchal Road,17.6047112,78.5424491
2755,Medchal Road,2026,Oct-Dec,5171.852883895133,6392.35855636438,3951.302874544439,Medchal Road,17.6047112,78.5424491
2756,Medchal Road,2027,Jan-Mar,4793.973333333338,5925.303202599256,3662.602366644095,Medchal Road,17.6047112,78.5424491
2757,Medchal Road,2027,Apr-Jun,4902.405992509358,6059.324887328839,3745.445070702998,Medchal Road,17.6047112,78.5424491
2758,Medchal Road,2027,Jul-Sep,4953.232059925087,6122.145399478943,3784.276257666365,Medchal Road,17.6047112,78.5424491
2759,Medchal Road,2027,Oct-Dec,5171.852883895133,6392.35855636438,3951.302874544439,Medchal Road,17.6047112,78.5424491
2760,Medchal Road,2028,Jan-Mar,4793.973333333338,5925.303202599256,3662.602366644095,Medchal Road,17.6047112,78.5424491
2761,Medchal Road,2028,Apr-Jun,4902.405992509358,6059.324887328839,3745.445070702998,Medchal Road,17.6047112,78.5424491
2762,Medchal Road,2028,Jul-Sep,4953.232059925087,6122.145399478943,3784.276257666365,Medchal Road,17.6047112,78.5424491
2763,Medchal Road,2028,Oct-Dec,5171.852883895133,6392.35855636438,3951.302874544439,Medchal Road,17.6047112,78.5424491
2764,Medchal Road,2029,Jan-Mar,4793.973333333338,5925.303202599256,3662.602366644095,Medchal Road,17.6047112,78.5424491
2765,Medchal Road,2029,Apr-Jun,4902.405992509358,6059.324887328839,3745.445070702998,Medchal Road,17.6047112,78.5424491
2766,Medchal Road,2029,Jul-Sep,4953.232059925087,6122.145399478943,3784.276257666365,Medchal Road,17.6047112,78.5424491
2767,Medchal Road,2029,Oct-Dec,5171.852883895133,6392.35855636438,3951.302874544439,Medchal Road,17.6047112,78.5424491
2768,Medchal Road,2030,Jan-Mar,4793.973333333338,5925.303202599256,3662.602366644095,Medchal Road,17.6047112,78.5424491
2769,Medchal Road,2030,Apr-Jun,4902.405992509358,6059.324887328839,3745.445070702998,Medchal Road,17.6047112,78.5424491
2770,Medchal Road,2030,Jul-Sep,4953.232059925087,6122.145399478943,3784.276257666365,Medchal Road,17.6047112,78.5424491
2771,Medchal Road,2030,Oct-Dec,5171.852883895133,6392.35855636438,3951.302874544439,Medchal Road,17.6047112,78.5424491
2772,Mehdipatnam,2024,Jan-Mar,4865.9397752809,5915.63801735773,3818.340319132317,Mehdipatnam,17.3942627,78.4342514
2773,Mehdipatnam,2024,Apr-Jun,5201.882247191005,6324.051222258488,4081.9569573652234,Mehdipatnam,17.3942627,78.4342514
2774,Mehdipatnam,2024,Jul-Sep,5193.522696629208,6313.888319017761,4075.397153825917,Mehdipatnam,17.3942627,78.4342514
2775,Mehdipatnam,2024,Oct-Dec,5394.346966292131,6558.035131204211,4232.985500851846,Mehdipatnam,17.3942627,78.4342514
2776,Mehdipatnam,2025,Jan-Mar,4865.9397752809,5915.63801735773,3818.340319132317,Mehdipatnam,17.3942627,78.4342514
2777,Mehdipatnam,2025,Apr-Jun,5201.882247191005,6324.051222258488,4081.9569573652234,Mehdipatnam,17.3942627,78.4342514
2778,Mehdipatnam,2025,Jul-Sep,5193.522696629208,6313.888319017761,4075.397153825917,Mehdipatnam,17.3942627,78.4342514
2779,Mehdipatnam,2025,Oct-Dec,5394.346966292131,6558.035131204211,4232.985500851846,Mehdipatnam,17.3942627,78.4342514
2780,Mehdipatnam,2026,Jan-Mar,4865.9397752809,5915.63801735773,3818.340319132317,Mehdipatnam,17.3942627,78.4342514
2781,Mehdipatnam,2026,Apr-Jun,5201.882247191005,6324.051222258488,4081.9569573652234,Mehdipatnam,17.3942627,78.4342514
2782,Mehdipatnam,2026,Jul-Sep,5193.522696629208,6313.888319017761,4075.397153825917,Mehdipatnam,17.3942627,78.4342514
2783,Mehdipatnam,2026,Oct-Dec,5394.346966292131,6558.035131204211,4232.985500851846,Mehdipatnam,17.3942627,78.4342514
2784,Mehdipatnam,2027,Jan-Mar,4865.9397752809,5915.63801735773,3818.340319132317,Mehdipatnam,17.3942627,78.4342514
2785,Mehdipatnam,2027,Apr-Jun,5201.882247191005,6324.051222258488,4081.9569573652234,Mehdipatnam,17.3942627,78.4342514
2786,Mehdipatnam,2027,Jul-Sep,5193.522696629208,6313.888319017761,4075.397153825917,Mehdipatnam,17.3942627,78.4342514
2787,Mehdipatnam,2027,Oct-Dec,5394.346966292131,6558.035131204211,4232.985500851846,Mehdipatnam,17.3942627,78.4342514
2788,Mehdipatnam,2028,Jan-Mar,4865.9397752809,5915.63801735773,3818.340319132317,Mehdipatnam,17.3942627,78.4342514
2789,Mehdipatnam,2028,Apr-Jun,5201.882247191005,6324.051222258488,4081.9569573652234,Mehdipatnam,17.3942627,78.4342514
2790,Mehdipatnam,2028,Jul-Sep,5193.522696629208,6313.888319017761,4075.397153825917,Mehdipatnam,17.3942627,78.4342514
2791,Mehdipatnam,2028,Oct-Dec,5394.346966292131,6558.035131204211,4232.985500851846,Mehdipatnam,17.3942627,78.4342514
2792,Mehdipatnam,2029,Jan-Mar,4865.9397752809,5915.63801735773,3818.340319132317,Mehdipatnam,17.3942627,78.4342514
2793,Mehdipatnam,2029,Apr-Jun,5201.882247191005,6324.051222258488,4081.9569573652234,Mehdipatnam,17.3942627,78.4342514
2794,Mehdipatnam,2029,Jul-Sep,5193.522696629208,6313.888319017761,4075.397153825917,Mehdipatnam,17.3942627,78.4342514
2795,Mehdipatnam,2029,Oct-Dec,5394.346966292131,6558.035131204211,4232.985500851846,Mehdipatnam,17.3942627,78.4342514
2796,Mehdipatnam,2030,Jan-Mar,4865.9397752809,5915.63801735773,3818.340319132317,Mehdipatnam,17.3942627,78.4342514
2797,Mehdipatnam,2030,Apr-Jun,5201.882247191005,6324.051222258488,4081.9569573652234,Mehdipatnam,17.3942627,78.4342514
2798,Mehdipatnam,2030,Jul-Sep,5193.522696629208,6313.888319017761,4075.397153825917,Mehdipatnam,17.3942627,78.4342514
2799,Mehdipatnam,2030,Oct-Dec,5394.346966292131,6558.035131204211,4232.985500851846,Mehdipatnam,17.3942627,78.4342514
2800,Mehdipatnam Road,2024,Jan-Mar,5031.300973782772,6338.563810298491,3777.5792459673976,Mehdipatnam Road,17.3947601,78.437989
2801,Mehdipatnam Road,2024,Apr-Jun,5217.3567041198485,6572.961657924485,3917.272790276717,Mehdipatnam Road,17.3947601,78.437989
2802,Mehdipatnam Road,2024,Jul-Sep,5212.433857677901,6566.75972795385,3913.576640384853,Mehdipatnam Road,17.3947601,78.437989
2803,Mehdipatnam Road,2024,Oct-Dec,5428.871910112357,6839.434015077855,4076.081706007926,Mehdipatnam Road,17.3947601,78.437989
2804,Mehdipatnam Road,2025,Jan-Mar,5031.300973782772,6338.563810298491,3777.5792459673976,Mehdipatnam Road,17.3947601,78.437989
2805,Mehdipatnam Road,2025,Apr-Jun,5217.3567041198485,6572.961657924485,3917.272790276717,Mehdipatnam Road,17.3947601,78.437989
2806,Mehdipatnam Road,2025,Jul-Sep,5212.433857677901,6566.75972795385,3913.576640384853,Mehdipatnam Road,17.3947601,78.437989
2807,Mehdipatnam Road,2025,Oct-Dec,5428.871910112357,6839.434015077855,4076.081706007926,Mehdipatnam Road,17.3947601,78.437989
2808,Mehdipatnam Road,2026,Jan-Mar,5031.300973782772,6338.563810298491,3777.5792459673976,Mehdipatnam Road,17.3947601,78.437989
2809,Mehdipatnam Road,2026,Apr-Jun,5217.3567041198485,6572.961657924485,3917.272790276717,Mehdipatnam Road,17.3947601,78.437989
2810,Mehdipatnam Road,2026,Jul-Sep,5212.433857677901,6566.75972795385,3913.576640384853,Mehdipatnam Road,17.3947601,78.437989
2811,Mehdipatnam Road,2026,Oct-Dec,5428.871910112357,6839.434015077855,4076.081706007926,Mehdipatnam Road,17.3947601,78.437989
2812,Mehdipatnam Road,2027,Jan-Mar,5031.300973782772,6338.563810298491,3777.5792459673976,Mehdipatnam Road,17.3947601,78.437989
2813,Mehdipatnam Road,2027,Apr-Jun,5217.3567041198485,6572.961657924485,3917.272790276717,Mehdipatnam Road,17.3947601,78.437989
2814,Mehdipatnam Road,2027,Jul-Sep,5212.433857677901,6566.75972795385,3913.576640384853,Mehdipatnam Road,17.3947601,78.437989
2815,Mehdipatnam Road,2027,Oct-Dec,5428.871910112357,6839.434015077855,4076.081706007926,Mehdipatnam Road,17.3947601,78.437989
2816,Mehdipatnam Road,2028,Jan-Mar,5031.300973782772,6338.563810298491,3777.5792459673976,Mehdipatnam Road,17.3947601,78.437989
2817,Mehdipatnam Road,2028,Apr-Jun,5217.3567041198485,6572.961657924485,3917.272790276717,Mehdipatnam Road,17.3947601,78.437989
2818,Mehdipatnam Road,2028,Jul-Sep,5212.433857677901,6566.75972795385,3913.576640384853,Mehdipatnam Road,17.3947601,78.437989
2819,Mehdipatnam Road,2028,Oct-Dec,5428.871910112357,6839.434015077855,4076.081706007926,Mehdipatnam Road,17.3947601,78.437989
2820,Mehdipatnam Road,2029,Jan-Mar,5031.300973782772,6338.563810298491,3777.5792459673976,Mehdipatnam Road,17.3947601,78.437989
2821,Mehdipatnam Road,2029,Apr-Jun,5217.3567041198485,6572.961657924485,3917.272790276717,Mehdipatnam Road,17.3947601,78.437989
2822,Mehdipatnam Road,2029,Jul-Sep,5212.433857677901,6566.75972795385,3913.576640384853,Mehdipatnam Road,17.3947601,78.437989
2823,Mehdipatnam Road,2029,Oct-Dec,5428.871910112357,6839.434015077855,4076.081706007926,Mehdipatnam Road,17.3947601,78.437989
2824,Mehdipatnam Road,2030,Jan-Mar,5031.300973782772,6338.563810298491,3777.5792459673976,Mehdipatnam Road,17.3947601,78.437989
2825,Mehdipatnam Road,2030,Apr-Jun,5217.3567041198485,6572.961657924485,3917.272790276717,Mehdipatnam Road,17.3947601,78.437989
2826,Mehdipatnam Road,2030,Jul-Sep,5212.433857677901,6566.75972795385,3913.576640384853,Mehdipatnam Road,17.3947601,78.437989
2827,Mehdipatnam Road,2030,Oct-Dec,5428.871910112357,6839.434015077855,4076.081706007926,Mehdipatnam Road,17.3947601,78.437989
2828,Military Dairy Farm Road,2024,Jan-Mar,4789.3384269662965,5786.08955039003,3706.565979980509,Military Dairy Farm Road,17.4854441,78.4926079
2829,Military Dairy Farm Road,2024,Apr-Jun,4825.609588014986,5829.909420112052,3734.636965910527,Military Dairy Farm Road,17.4854441,78.4926079
2830,Military Dairy Farm Road,2024,Jul-Sep,4760.562996254689,5751.325413027979,3684.29609152694,Military Dairy Farm Road,17.4854441,78.4926079
2831,Military Dairy Farm Road,2024,Oct-Dec,5104.855730337084,6167.271920322769,3950.7512094444737,Military Dairy Farm Road,17.4854441,78.4926079
2832,Military Dairy Farm Road,2025,Jan-Mar,4789.3384269662965,5786.08955039003,3706.565979980509,Military Dairy Farm Road,17.4854441,78.4926079
2833,Military Dairy Farm Road,2025,Apr-Jun,4825.609588014986,5829.909420112052,3734.636965910527,Military Dairy Farm Road,17.4854441,78.4926079
2834,Military Dairy Farm Road,2025,Jul-Sep,4760.562996254689,5751.325413027979,3684.29609152694,Military Dairy Farm Road,17.4854441,78.4926079
2835,Military Dairy Farm Road,2025,Oct-Dec,5104.855730337084,6167.271920322769,3950.7512094444737,Military Dairy Farm Road,17.4854441,78.4926079
2836,Military Dairy Farm Road,2026,Jan-Mar,4789.3384269662965,5786.08955039003,3706.565979980509,Military Dairy Farm Road,17.4854441,78.4926079
2837,Military Dairy Farm Road,2026,Apr-Jun,4825.609588014986,5829.909420112052,3734.636965910527,Military Dairy Farm Road,17.4854441,78.4926079
2838,Military Dairy Farm Road,2026,Jul-Sep,4760.562996254689,5751.325413027979,3684.29609152694,Military Dairy Farm Road,17.4854441,78.4926079
2839,Military Dairy Farm Road,2026,Oct-Dec,5104.855730337084,6167.271920322769,3950.7512094444737,Military Dairy Farm Road,17.4854441,78.4926079
2840,Military Dairy Farm Road,2027,Jan-Mar,4789.3384269662965,5786.08955039003,3706.565979980509,Military Dairy Farm Road,17.4854441,78.4926079
2841,Military Dairy Farm Road,2027,Apr-Jun,4825.609588014986,5829.909420112052,3734.636965910527,Military Dairy Farm Road,17.4854441,78.4926079
2842,Military Dairy Farm Road,2027,Jul-Sep,4760.562996254689,5751.325413027979,3684.29609152694,Military Dairy Farm Road,17.4854441,78.4926079
2843,Military Dairy Farm Road,2027,Oct-Dec,5104.855730337084,6167.271920322769,3950.7512094444737,Military Dairy Farm Road,17.4854441,78.4926079
2844,Military Dairy Farm Road,2028,Jan-Mar,4789.3384269662965,5786.08955039003,3706.565979980509,Military Dairy Farm Road,17.4854441,78.4926079
2845,Military Dairy Farm Road,2028,Apr-Jun,4825.609588014986,5829.909420112052,3734.636965910527,Military Dairy Farm Road,17.4854441,78.4926079
2846,Military Dairy Farm Road,2028,Jul-Sep,4760.562996254689,5751.325413027979,3684.29609152694,Military Dairy Farm Road,17.4854441,78.4926079
2847,Military Dairy Farm Road,2028,Oct-Dec,5104.855730337084,6167.271920322769,3950.7512094444737,Military Dairy Farm Road,17.4854441,78.4926079
2848,Military Dairy Farm Road,2029,Jan-Mar,4789.3384269662965,5786.08955039003,3706.565979980509,Military Dairy Farm Road,17.4854441,78.4926079
2849,Military Dairy Farm Road,2029,Apr-Jun,4825.609588014986,5829.909420112052,3734.636965910527,Military Dairy Farm Road,17.4854441,78.4926079
2850,Military Dairy Farm Road,2029,Jul-Sep,4760.562996254689,5751.325413027979,3684.29609152694,Military Dairy Farm Road,17.4854441,78.4926079
2851,Military Dairy Farm Road,2029,Oct-Dec,5104.855730337084,6167.271920322769,3950.7512094444737,Military Dairy Farm Road,17.4854441,78.4926079
2852,Military Dairy Farm Road,2030,Jan-Mar,4789.3384269662965,5786.08955039003,3706.565979980509,Military Dairy Farm Road,17.4854441,78.4926079
2853,Military Dairy Farm Road,2030,Apr-Jun,4825.609588014986,5829.909420112052,3734.636965910527,Military Dairy Farm Road,17.4854441,78.4926079
2854,Military Dairy Farm Road,2030,Jul-Sep,4760.562996254689,5751.325413027979,3684.29609152694,Military Dairy Farm Road,17.4854441,78.4926079
2855,Military Dairy Farm Road,2030,Oct-Dec,5104.855730337084,6167.271920322769,3950.7512094444737,Military Dairy Farm Road,17.4854441,78.4926079
2856,Miyapur,2024,Jan-Mar,5695.615880149808,6943.656385976008,4447.741596879571,Miyapur,17.4981608,78.3567628
2857,Miyapur,2024,Apr-Jun,5750.166591760293,7010.160413811487,4490.340584289333,Miyapur,17.4981608,78.3567628
2858,Miyapur,2024,Jul-Sep,5795.856179775273,7065.861641961108,4526.019865588262,Miyapur,17.4981608,78.3567628
2859,Miyapur,2024,Oct-Dec,6032.691535580519,7354.593074235775,4710.966056797887,Miyapur,17.4981608,78.3567628
2860,Miyapur,2025,Jan-Mar,5695.615880149808,6943.656385976008,4447.741596879571,Miyapur,17.4981608,78.3567628
2861,Miyapur,2025,Apr-Jun,5750.166591760293,7010.160413811487,4490.340584289333,Miyapur,17.4981608,78.3567628
2862,Miyapur,2025,Jul-Sep,5795.856179775273,7065.861641961108,4526.019865588262,Miyapur,17.4981608,78.3567628
2863,Miyapur,2025,Oct-Dec,6032.691535580519,7354.593074235775,4710.966056797887,Miyapur,17.4981608,78.3567628
2864,Miyapur,2026,Jan-Mar,5695.615880149808,6943.656385976008,4447.741596879571,Miyapur,17.4981608,78.3567628
2865,Miyapur,2026,Apr-Jun,5750.166591760293,7010.160413811487,4490.340584289333,Miyapur,17.4981608,78.3567628
2866,Miyapur,2026,Jul-Sep,5795.856179775273,7065.861641961108,4526.019865588262,Miyapur,17.4981608,78.3567628
2867,Miyapur,2026,Oct-Dec,6032.691535580519,7354.593074235775,4710.966056797887,Miyapur,17.4981608,78.3567628
2868,Miyapur,2027,Jan-Mar,5695.615880149808,6943.656385976008,4447.741596879571,Miyapur,17.4981608,78.3567628
2869,Miyapur,2027,Apr-Jun,5750.166591760293,7010.160413811487,4490.340584289333,Miyapur,17.4981608,78.3567628
2870,Miyapur,2027,Jul-Sep,5795.856179775273,7065.861641961108,4526.019865588262,Miyapur,17.4981608,78.3567628
2871,Miyapur,2027,Oct-Dec,6032.691535580519,7354.593074235775,4710.966056797887,Miyapur,17.4981608,78.3567628
2872,Miyapur,2028,Jan-Mar,5695.615880149808,6943.656385976008,4447.741596879571,Miyapur,17.4981608,78.3567628
2873,Miyapur,2028,Apr-Jun,5750.166591760293,7010.160413811487,4490.340584289333,Miyapur,17.4981608,78.3567628
2874,Miyapur,2028,Jul-Sep,5795.856179775273,7065.861641961108,4526.019865588262,Miyapur,17.4981608,78.3567628
2875,Miyapur,2028,Oct-Dec,6032.691535580519,7354.593074235775,4710.966056797887,Miyapur,17.4981608,78.3567628
2876,Miyapur,2029,Jan-Mar,5695.615880149808,6943.656385976008,4447.741596879571,Miyapur,17.4981608,78.3567628
2877,Miyapur,2029,Apr-Jun,5750.166591760293,7010.160413811487,4490.340584289333,Miyapur,17.4981608,78.3567628
2878,Miyapur,2029,Jul-Sep,5795.856179775273,7065.861641961108,4526.019865588262,Miyapur,17.4981608,78.3567628
2879,Miyapur,2029,Oct-Dec,6032.691535580519,7354.593074235775,4710.966056797887,Miyapur,17.4981608,78.3567628
2880,Miyapur,2030,Jan-Mar,5695.615880149808,6943.656385976008,4447.741596879571,Miyapur,17.4981608,78.3567628
2881,Miyapur,2030,Apr-Jun,5750.166591760293,7010.160413811487,4490.340584289333,Miyapur,17.4981608,78.3567628
2882,Miyapur,2030,Jul-Sep,5795.856179775273,7065.861641961108,4526.019865588262,Miyapur,17.4981608,78.3567628
2883,Miyapur,2030,Oct-Dec,6032.691535580519,7354.593074235775,4710.966056797887,Miyapur,17.4981608,78.3567628
2884,Miyapur Main Road,2024,Jan-Mar,5706.501872659173,6807.439918984343,4516.808362645608,Miyapur Main Road,,
2885,Miyapur Main Road,2024,Apr-Jun,5729.174831460667,6834.487102753135,4534.754455051389,Miyapur Main Road,,
2886,Miyapur Main Road,2024,Jul-Sep,5801.977228464411,6921.335044735864,4592.37898281728,Miyapur Main Road,,
2887,Miyapur Main Road,2024,Oct-Dec,5990.550112359544,7146.288721456123,4741.638125800586,Miyapur Main Road,,
2888,Miyapur Main Road,2025,Jan-Mar,5706.501872659173,6807.439918984343,4516.808362645608,Miyapur Main Road,,
2889,Miyapur Main Road,2025,Apr-Jun,5729.174831460667,6834.487102753135,4534.754455051389,Miyapur Main Road,,
2890,Miyapur Main Road,2025,Jul-Sep,5801.977228464411,6921.335044735864,4592.37898281728,Miyapur Main Road,,
2891,Miyapur Main Road,2025,Oct-Dec,5990.550112359544,7146.288721456123,4741.638125800586,Miyapur Main Road,,
2892,Miyapur Main Road,2026,Jan-Mar,5706.501872659173,6807.439918984343,4516.808362645608,Miyapur Main Road,,
2893,Miyapur Main Road,2026,Apr-Jun,5729.174831460667,6834.487102753135,4534.754455051389,Miyapur Main Road,,
2894,Miyapur Main Road,2026,Jul-Sep,5801.977228464411,6921.335044735864,4592.37898281728,Miyapur Main Road,,
2895,Miyapur Main Road,2026,Oct-Dec,5990.550112359544,7146.288721456123,4741.638125800586,Miyapur Main Road,,
2896,Miyapur Main Road,2027,Jan-Mar,5706.501872659173,6807.439918984343,4516.808362645608,Miyapur Main Road,,
2897,Miyapur Main Road,2027,Apr-Jun,5729.174831460667,6834.487102753135,4534.754455051389,Miyapur Main Road,,
2898,Miyapur Main Road,2027,Jul-Sep,5801.977228464411,6921.335044735864,4592.37898281728,Miyapur Main Road,,
2899,Miyapur Main Road,2027,Oct-Dec,5990.550112359544,7146.288721456123,4741.638125800586,Miyapur Main Road,,
2900,Miyapur Main Road,2028,Jan-Mar,5706.501872659173,6807.439918984343,4516.808362645608,Miyapur Main Road,,
2901,Miyapur Main Road,2028,Apr-Jun,5729.174831460667,6834.487102753135,4534.754455051389,Miyapur Main Road,,
2902,Miyapur Main Road,2028,Jul-Sep,5801.977228464411,6921.335044735864,4592.37898281728,Miyapur Main Road,,
2903,Miyapur Main Road,2028,Oct-Dec,5990.550112359544,7146.288721456123,4741.638125800586,Miyapur Main Road,,
2904,Miyapur Main Road,2029,Jan-Mar,5706.501872659173,6807.439918984343,4516.808362645608,Miyapur Main Road,,
2905,Miyapur Main Road,2029,Apr-Jun,5729.174831460667,6834.487102753135,4534.754455051389,Miyapur Main Road,,
2906,Miyapur Main Road,2029,Jul-Sep,5801.977228464411,6921.335044735864,4592.37898281728,Miyapur Main Road,,
2907,Miyapur Main Road,2029,Oct-Dec,5990.550112359544,7146.288721456123,4741.638125800586,Miyapur Main Road,,
2908,Miyapur Main Road,2030,Jan-Mar,5706.501872659173,6807.439918984343,4516.808362645608,Miyapur Main Road,,
2909,Miyapur Main Road,2030,Apr-Jun,5729.174831460667,6834.487102753135,4534.754455051389,Miyapur Main Road,,
2910,Miyapur Main Road,2030,Jul-Sep,5801.977228464411,6921.335044735864,4592.37898281728,Miyapur Main Road,,
2911,Miyapur Main Road,2030,Oct-Dec,5990.550112359544,7146.288721456123,4741.638125800586,Miyapur Main Road,,
2912,Miyapur Road,2024,Jan-Mar,5331.111610486899,6585.951818810142,4106.6778412735775,Miyapur Road,17.4965392,78.3730252
2913,Miyapur Road,2024,Apr-Jun,5351.360299625478,6610.96665639081,4122.275872055126,Miyapur Road,17.4965392,78.3730252
2914,Miyapur Road,2024,Jul-Sep,5382.838651685394,6649.854401602211,4146.52437036643,Miyapur Road,17.4965392,78.3730252
2915,Miyapur Road,2024,Oct-Dec,5243.977228464427,6478.307694340314,4039.556223492991,Miyapur Road,17.4965392,78.3730252
2916,Miyapur Road,2025,Jan-Mar,5331.111610486899,6585.951818810142,4106.6778412735775,Miyapur Road,17.4965392,78.3730252
2917,Miyapur Road,2025,Apr-Jun,5351.360299625478,6610.96665639081,4122.275872055126,Miyapur Road,17.4965392,78.3730252
2918,Miyapur Road,2025,Jul-Sep,5382.838651685394,6649.854401602211,4146.52437036643,Miyapur Road,17.4965392,78.3730252
2919,Miyapur Road,2025,Oct-Dec,5243.977228464427,6478.307694340314,4039.556223492991,Miyapur Road,17.4965392,78.3730252
2920,Miyapur Road,2026,Jan-Mar,5331.111610486899,6585.951818810142,4106.6778412735775,Miyapur Road,17.4965392,78.3730252
2921,Miyapur Road,2026,Apr-Jun,5351.360299625478,6610.96665639081,4122.275872055126,Miyapur Road,17.4965392,78.3730252
2922,Miyapur Road,2026,Jul-Sep,5382.838651685394,6649.854401602211,4146.52437036643,Miyapur Road,17.4965392,78.3730252
2923,Miyapur Road,2026,Oct-Dec,5243.977228464427,6478.307694340314,4039.556223492991,Miyapur Road,17.4965392,78.3730252
2924,Miyapur Road,2027,Jan-Mar,5331.111610486899,6585.951818810142,4106.6778412735775,Miyapur Road,17.4965392,78.3730252
2925,Miyapur Road,2027,Apr-Jun,5351.360299625478,6610.96665639081,4122.275872055126,Miyapur Road,17.4965392,78.3730252
2926,Miyapur Road,2027,Jul-Sep,5382.838651685394,6649.854401602211,4146.52437036643,Miyapur Road,17.4965392,78.3730252
2927,Miyapur Road,2027,Oct-Dec,5243.977228464427,6478.307694340314,4039.556223492991,Miyapur Road,17.4965392,78.3730252
2928,Miyapur Road,2028,Jan-Mar,5331.111610486899,6585.951818810142,4106.6778412735775,Miyapur Road,17.4965392,78.3730252
2929,Miyapur Road,2028,Apr-Jun,5351.360299625478,6610.96665639081,4122.275872055126,Miyapur Road,17.4965392,78.3730252
2930,Miyapur Road,2028,Jul-Sep,5382.838651685394,6649.854401602211,4146.52437036643,Miyapur Road,17.4965392,78.3730252
2931,Miyapur Road,2028,Oct-Dec,5243.977228464427,6478.307694340314,4039.556223492991,Miyapur Road,17.4965392,78.3730252
2932,Miyapur Road,2029,Jan-Mar,5331.111610486899,6585.951818810142,4106.6778412735775,Miyapur Road,17.4965392,78.3730252
2933,Miyapur Road,2029,Apr-Jun,5351.360299625478,6610.96665639081,4122.275872055126,Miyapur Road,17.4965392,78.3730252
2934,Miyapur Road,2029,Jul-Sep,5382.838651685394,6649.854401602211,4146.52437036643,Miyapur Road,17.4965392,78.3730252
2935,Miyapur Road,2029,Oct-Dec,5243.977228464427,6478.307694340314,4039.556223492991,Miyapur Road,17.4965392,78.3730252
2936,Miyapur Road,2030,Jan-Mar,5331.111610486899,6585.951818810142,4106.6778412735775,Miyapur Road,17.4965392,78.3730252
2937,Miyapur Road,2030,Apr-Jun,5351.360299625478,6610.96665639081,4122.275872055126,Miyapur Road,17.4965392,78.3730252
2938,Miyapur Road,2030,Jul-Sep,5382.838651685394,6649.854401602211,4146.52437036643,Miyapur Road,17.4965392,78.3730252
2939,Miyapur Road,2030,Oct-Dec,5243.977228464427,6478.307694340314,4039.556223492991,Miyapur Road,17.4965392,78.3730252
2940,Mokila,2024,Jan-Mar,5184.96808988765,5877.528184845255,4320.867233774807,Mokila,17.4263216,78.1880987
2941,Mokila,2024,Apr-Jun,5163.57692883896,5853.27979029574,4303.041016666943,Mokila,17.4263216,78.1880987
2942,Mokila,2024,Jul-Sep,5118.0731086142405,5801.697990513687,4265.12063559381,Mokila,17.4263216,78.1880987
2943,Mokila,2024,Oct-Dec,5189.733033707876,5882.929585802225,4324.8380758835065,Mokila,17.4263216,78.1880987
2944,Mokila,2025,Jan-Mar,5184.96808988765,5877.528184845255,4320.867233774807,Mokila,17.4263216,78.1880987
2945,Mokila,2025,Apr-Jun,5163.57692883896,5853.27979029574,4303.041016666943,Mokila,17.4263216,78.1880987
2946,Mokila,2025,Jul-Sep,5118.0731086142405,5801.697990513687,4265.12063559381,Mokila,17.4263216,78.1880987
2947,Mokila,2025,Oct-Dec,5189.733033707876,5882.929585802225,4324.8380758835065,Mokila,17.4263216,78.1880987
2948,Mokila,2026,Jan-Mar,5184.96808988765,5877.528184845255,4320.867233774807,Mokila,17.4263216,78.1880987
2949,Mokila,2026,Apr-Jun,5163.57692883896,5853.27979029574,4303.041016666943,Mokila,17.4263216,78.1880987
2950,Mokila,2026,Jul-Sep,5118.0731086142405,5801.697990513687,4265.12063559381,Mokila,17.4263216,78.1880987
2951,Mokila,2026,Oct-Dec,5189.733033707876,5882.929585802225,4324.8380758835065,Mokila,17.4263216,78.1880987
2952,Mokila,2027,Jan-Mar,5184.96808988765,5877.528184845255,4320.867233774807,Mokila,17.4263216,78.1880987
2953,Mokila,2027,Apr-Jun,5163.57692883896,5853.27979029574,4303.041016666943,Mokila,17.4263216,78.1880987
2954,Mokila,2027,Jul-Sep,5118.0731086142405,5801.697990513687,4265.12063559381,Mokila,17.4263216,78.1880987
2955,Mokila,2027,Oct-Dec,5189.733033707876,5882.929585802225,4324.8380758835065,Mokila,17.4263216,78.1880987
2956,Mokila,2028,Jan-Mar,5184.96808988765,5877.528184845255,4320.867233774807,Mokila,17.4263216,78.1880987
2957,Mokila,2028,Apr-Jun,5163.57692883896,5853.27979029574,4303.041016666943,Mokila,17.4263216,78.1880987
2958,Mokila,2028,Jul-Sep,5118.0731086142405,5801.697990513687,4265.12063559381,Mokila,17.4263216,78.1880987
2959,Mokila,2028,Oct-Dec,5189.733033707876,5882.929585802225,4324.8380758835065,Mokila,17.4263216,78.1880987
2960,Mokila,2029,Jan-Mar,5184.96808988765,5877.528184845255,4320.867233774807,Mokila,17.4263216,78.1880987
2961,Mokila,2029,Apr-Jun,5163.57692883896,5853.27979029574,4303.041016666943,Mokila,17.4263216,78.1880987
2962,Mokila,2029,Jul-Sep,5118.0731086142405,5801.697990513687,4265.12063559381,Mokila,17.4263216,78.1880987
2963,Mokila,2029,Oct-Dec,5189.733033707876,5882.929585802225,4324.8380758835065,Mokila,17.4263216,78.1880987
2964,Mokila,2030,Jan-Mar,5184.96808988765,5877.528184845255,4320.867233774807,Mokila,17.4263216,78.1880987
2965,Mokila,2030,Apr-Jun,5163.57692883896,5853.27979029574,4303.041016666943,Mokila,17.4263216,78.1880987
2966,Mokila,2030,Jul-Sep,5118.0731086142405,5801.697990513687,4265.12063559381,Mokila,17.4263216,78.1880987
2967,Mokila,2030,Oct-Dec,5189.733033707876,5882.929585802225,4324.8380758835065,Mokila,17.4263216,78.1880987
2968,Moosapet,2024,Jan-Mar,7257.272808988762,8926.918708514697,5270.839403426249,Moosapet,17.4685307,78.4206695
2969,Moosapet,2024,Apr-Jun,7297.231460674159,8976.070455277692,5299.860723328997,Moosapet,17.4685307,78.4206695
2970,Moosapet,2024,Jul-Sep,7473.980224719113,9193.482958567562,5428.230480750978,Moosapet,17.4685307,78.4206695
2971,Moosapet,2024,Oct-Dec,7454.948314606728,9170.072468303148,5414.407913461158,Moosapet,17.4685307,78.4206695
2972,Moosapet,2025,Jan-Mar,7257.272808988762,8926.918708514697,5270.839403426249,Moosapet,17.4685307,78.4206695
2973,Moosapet,2025,Apr-Jun,7297.231460674159,8976.070455277692,5299.860723328997,Moosapet,17.4685307,78.4206695
2974,Moosapet,2025,Jul-Sep,7473.980224719113,9193.482958567562,5428.230480750978,Moosapet,17.4685307,78.4206695
2975,Moosapet,2025,Oct-Dec,7454.948314606728,9170.072468303148,5414.407913461158,Moosapet,17.4685307,78.4206695
2976,Moosapet,2026,Jan-Mar,7257.272808988762,8926.918708514697,5270.839403426249,Moosapet,17.4685307,78.4206695
2977,Moosapet,2026,Apr-Jun,7297.231460674159,8976.070455277692,5299.860723328997,Moosapet,17.4685307,78.4206695
2978,Moosapet,2026,Jul-Sep,7473.980224719113,9193.482958567562,5428.230480750978,Moosapet,17.4685307,78.4206695
2979,Moosapet,2026,Oct-Dec,7454.948314606728,9170.072468303148,5414.407913461158,Moosapet,17.4685307,78.4206695
2980,Moosapet,2027,Jan-Mar,7257.272808988762,8926.918708514697,5270.839403426249,Moosapet,17.4685307,78.4206695
2981,Moosapet,2027,Apr-Jun,7297.231460674159,8976.070455277692,5299.860723328997,Moosapet,17.4685307,78.4206695
2982,Moosapet,2027,Jul-Sep,7473.980224719113,9193.482958567562,5428.230480750978,Moosapet,17.4685307,78.4206695
2983,Moosapet,2027,Oct-Dec,7454.948314606728,9170.072468303148,5414.407913461158,Moosapet,17.4685307,78.4206695
2984,Moosapet,2028,Jan-Mar,7257.272808988762,8926.918708514697,5270.839403426249,Moosapet,17.4685307,78.4206695
2985,Moosapet,2028,Apr-Jun,7297.231460674159,8976.070455277692,5299.860723328997,Moosapet,17.4685307,78.4206695
2986,Moosapet,2028,Jul-Sep,7473.980224719113,9193.482958567562,5428.230480750978,Moosapet,17.4685307,78.4206695
2987,Moosapet,2028,Oct-Dec,7454.948314606728,9170.072468303148,5414.407913461158,Moosapet,17.4685307,78.4206695
2988,Moosapet,2029,Jan-Mar,7257.272808988762,8926.918708514697,5270.839403426249,Moosapet,17.4685307,78.4206695
2989,Moosapet,2029,Apr-Jun,7297.231460674159,8976.070455277692,5299.860723328997,Moosapet,17.4685307,78.4206695
2990,Moosapet,2029,Jul-Sep,7473.980224719113,9193.482958567562,5428.230480750978,Moosapet,17.4685307,78.4206695
2991,Moosapet,2029,Oct-Dec,7454.948314606728,9170.072468303148,5414.407913461158,Moosapet,17.4685307,78.4206695
2992,Moosapet,2030,Jan-Mar,7257.272808988762,8926.918708514697,5270.839403426249,Moosapet,17.4685307,78.4206695
2993,Moosapet,2030,Apr-Jun,7297.231460674159,8976.070455277692,5299.860723328997,Moosapet,17.4685307,78.4206695
2994,Moosapet,2030,Jul-Sep,7473.980224719113,9193.482958567562,5428.230480750978,Moosapet,17.4685307,78.4206695
2995,Moosapet,2030,Oct-Dec,7454.948314606728,9170.072468303148,5414.407913461158,Moosapet,17.4685307,78.4206695
2996,Moti Nagar Erragadda,2024,Jan-Mar,8363.492134831453,9548.452549550764,6985.756034850969,Moti Nagar Erragadda,17.4508069,78.422242
2997,Moti Nagar Erragadda,2024,Apr-Jun,8372.046741573033,9558.219194300971,6992.901422771151,Moti Nagar Erragadda,17.4508069,78.422242
2998,Moti Nagar Erragadda,2024,Jul-Sep,8509.431310861437,9715.068751847331,7107.654335613009,Moti Nagar Erragadda,17.4508069,78.422242
2999,Moti Nagar Erragadda,2024,Oct-Dec,8411.726741573042,9603.521155617864,7026.044850778756,Moti Nagar Erragadda,17.4508069,78.422242
3000,Moti Nagar Erragadda,2025,Jan-Mar,8363.492134831453,9548.452549550764,6985.756034850969,Moti Nagar Erragadda,17.4508069,78.422242
3001,Moti Nagar Erragadda,2025,Apr-Jun,8372.046741573033,9558.219194300971,6992.901422771151,Moti Nagar Erragadda,17.4508069,78.422242
3002,Moti Nagar Erragadda,2025,Jul-Sep,8509.431310861437,9715.068751847331,7107.654335613009,Moti Nagar Erragadda,17.4508069,78.422242
3003,Moti Nagar Erragadda,2025,Oct-Dec,8411.726741573042,9603.521155617864,7026.044850778756,Moti Nagar Erragadda,17.4508069,78.422242
3004,Moti Nagar Erragadda,2026,Jan-Mar,8363.492134831453,9548.452549550764,6985.756034850969,Moti Nagar Erragadda,17.4508069,78.422242
3005,Moti Nagar Erragadda,2026,Apr-Jun,8372.046741573033,9558.219194300971,6992.901422771151,Moti Nagar Erragadda,17.4508069,78.422242
3006,Moti Nagar Erragadda,2026,Jul-Sep,8509.431310861437,9715.068751847331,7107.654335613009,Moti Nagar Erragadda,17.4508069,78.422242
3007,Moti Nagar Erragadda,2026,Oct-Dec,8411.726741573042,9603.521155617864,7026.044850778756,Moti Nagar Erragadda,17.4508069,78.422242
3008,Moti Nagar Erragadda,2027,Jan-Mar,8363.492134831453,9548.452549550764,6985.756034850969,Moti Nagar Erragadda,17.4508069,78.422242
3009,Moti Nagar Erragadda,2027,Apr-Jun,8372.046741573033,9558.219194300971,6992.901422771151,Moti Nagar Erragadda,17.4508069,78.422242
3010,Moti Nagar Erragadda,2027,Jul-Sep,8509.431310861437,9715.068751847331,7107.654335613009,Moti Nagar Erragadda,17.4508069,78.422242
3011,Moti Nagar Erragadda,2027,Oct-Dec,8411.726741573042,9603.521155617864,7026.044850778756,Moti Nagar Erragadda,17.4508069,78.422242
3012,Moti Nagar Erragadda,2028,Jan-Mar,8363.492134831453,9548.452549550764,6985.756034850969,Moti Nagar Erragadda,17.4508069,78.422242
3013,Moti Nagar Erragadda,2028,Apr-Jun,8372.046741573033,9558.219194300971,6992.901422771151,Moti Nagar Erragadda,17.4508069,78.422242
3014,Moti Nagar Erragadda,2028,Jul-Sep,8509.431310861437,9715.068751847331,7107.654335613009,Moti Nagar Erragadda,17.4508069,78.422242
3015,Moti Nagar Erragadda,2028,Oct-Dec,8411.726741573042,9603.521155617864,7026.044850778756,Moti Nagar Erragadda,17.4508069,78.422242
3016,Moti Nagar Erragadda,2029,Jan-Mar,8363.492134831453,9548.452549550764,6985.756034850969,Moti Nagar Erragadda,17.4508069,78.422242
3017,Moti Nagar Erragadda,2029,Apr-Jun,8372.046741573033,9558.219194300971,6992.901422771151,Moti Nagar Erragadda,17.4508069,78.422242
3018,Moti Nagar Erragadda,2029,Jul-Sep,8509.431310861437,9715.068751847331,7107.654335613009,Moti Nagar Erragadda,17.4508069,78.422242
3019,Moti Nagar Erragadda,2029,Oct-Dec,8411.726741573042,9603.521155617864,7026.044850778756,Moti Nagar Erragadda,17.4508069,78.422242
3020,Moti Nagar Erragadda,2030,Jan-Mar,8363.492134831453,9548.452549550764,6985.756034850969,Moti Nagar Erragadda,17.4508069,78.422242
3021,Moti Nagar Erragadda,2030,Apr-Jun,8372.046741573033,9558.219194300971,6992.901422771151,Moti Nagar Erragadda,17.4508069,78.422242
3022,Moti Nagar Erragadda,2030,Jul-Sep,8509.431310861437,9715.068751847331,7107.654335613009,Moti Nagar Erragadda,17.4508069,78.422242
3023,Moti Nagar Erragadda,2030,Oct-Dec,8411.726741573042,9603.521155617864,7026.044850778756,Moti Nagar Erragadda,17.4508069,78.422242
3024,Moula Ali,2024,Jan-Mar,4834.3313857677895,6047.643814458453,3608.660675049163,Moula Ali,17.4407394,78.5506697
3025,Moula Ali,2024,Apr-Jun,4946.32149812735,6187.741018445275,3692.2574089545074,Moula Ali,17.4407394,78.5506697
3026,Moula Ali,2024,Jul-Sep,4996.7946067415705,6250.88178368241,3729.933833607529,Moula Ali,17.4407394,78.5506697
3027,Moula Ali,2024,Oct-Dec,4544.626516853928,5685.229300703071,3392.4060403550025,Moula Ali,17.4407394,78.5506697
3028,Moula Ali,2025,Jan-Mar,4834.3313857677895,6047.643814458453,3608.660675049163,Moula Ali,17.4407394,78.5506697
3029,Moula Ali,2025,Apr-Jun,4946.32149812735,6187.741018445275,3692.2574089545074,Moula Ali,17.4407394,78.5506697
3030,Moula Ali,2025,Jul-Sep,4996.7946067415705,6250.88178368241,3729.933833607529,Moula Ali,17.4407394,78.5506697
3031,Moula Ali,2025,Oct-Dec,4544.626516853928,5685.229300703071,3392.4060403550025,Moula Ali,17.4407394,78.5506697
3032,Moula Ali,2026,Jan-Mar,4834.3313857677895,6047.643814458453,3608.660675049163,Moula Ali,17.4407394,78.5506697
3033,Moula Ali,2026,Apr-Jun,4946.32149812735,6187.741018445275,3692.2574089545074,Moula Ali,17.4407394,78.5506697
3034,Moula Ali,2026,Jul-Sep,4996.7946067415705,6250.88178368241,3729.933833607529,Moula Ali,17.4407394,78.5506697
3035,Moula Ali,2026,Oct-Dec,4544.626516853928,5685.229300703071,3392.4060403550025,Moula Ali,17.4407394,78.5506697
3036,Moula Ali,2027,Jan-Mar,4834.3313857677895,6047.643814458453,3608.660675049163,Moula Ali,17.4407394,78.5506697
3037,Moula Ali,2027,Apr-Jun,4946.32149812735,6187.741018445275,3692.2574089545074,Moula Ali,17.4407394,78.5506697
3038,Moula Ali,2027,Jul-Sep,4996.7946067415705,6250.88178368241,3729.933833607529,Moula Ali,17.4407394,78.5506697
3039,Moula Ali,2027,Oct-Dec,4544.626516853928,5685.229300703071,3392.4060403550025,Moula Ali,17.4407394,78.5506697
3040,Moula Ali,2028,Jan-Mar,4834.3313857677895,6047.643814458453,3608.660675049163,Moula Ali,17.4407394,78.5506697
3041,Moula Ali,2028,Apr-Jun,4946.32149812735,6187.741018445275,3692.2574089545074,Moula Ali,17.4407394,78.5506697
3042,Moula Ali,2028,Jul-Sep,4996.7946067415705,6250.88178368241,3729.933833607529,Moula Ali,17.4407394,78.5506697
3043,Moula Ali,2028,Oct-Dec,4544.626516853928,5685.229300703071,3392.4060403550025,Moula Ali,17.4407394,78.5506697
3044,Moula Ali,2029,Jan-Mar,4834.3313857677895,6047.643814458453,3608.660675049163,Moula Ali,17.4407394,78.5506697
3045,Moula Ali,2029,Apr-Jun,4946.32149812735,6187.741018445275,3692.2574089545074,Moula Ali,17.4407394,78.5506697
3046,Moula Ali,2029,Jul-Sep,4996.7946067415705,6250.88178368241,3729.933833607529,Moula Ali,17.4407394,78.5506697
3047,Moula Ali,2029,Oct-Dec,4544.626516853928,5685.229300703071,3392.4060403550025,Moula Ali,17.4407394,78.5506697
3048,Moula Ali,2030,Jan-Mar,4834.3313857677895,6047.643814458453,3608.660675049163,Moula Ali,17.4407394,78.5506697
3049,Moula Ali,2030,Apr-Jun,4946.32149812735,6187.741018445275,3692.2574089545074,Moula Ali,17.4407394,78.5506697
3050,Moula Ali,2030,Jul-Sep,4996.7946067415705,6250.88178368241,3729.933833607529,Moula Ali,17.4407394,78.5506697
3051,Moula Ali,2030,Oct-Dec,4544.626516853928,5685.229300703071,3392.4060403550025,Moula Ali,17.4407394,78.5506697
3052,Moula Ali Road,2024,Jan-Mar,4733.533782771538,6031.050657236833,3407.7029727154454,Moula Ali Road,15.282467,78.5109645
3053,Moula Ali Road,2024,Apr-Jun,4888.38981273409,6228.354532975922,3519.1848756368863,Moula Ali Road,15.282467,78.5109645
3054,Moula Ali Road,2024,Jul-Sep,4983.400749063673,6349.409076218182,3587.5838910509538,Moula Ali Road,15.282467,78.5109645
3055,Moula Ali Road,2024,Oct-Dec,4552.345168539319,5800.196128443498,3277.264064348806,Moula Ali Road,15.282467,78.5109645
3056,Moula Ali Road,2025,Jan-Mar,4733.533782771538,6031.050657236833,3407.7029727154454,Moula Ali Road,15.282467,78.5109645
3057,Moula Ali Road,2025,Apr-Jun,4888.38981273409,6228.354532975922,3519.1848756368863,Moula Ali Road,15.282467,78.5109645
3058,Moula Ali Road,2025,Jul-Sep,4983.400749063673,6349.409076218182,3587.5838910509538,Moula Ali Road,15.282467,78.5109645
3059,Moula Ali Road,2025,Oct-Dec,4552.345168539319,5800.196128443498,3277.264064348806,Moula Ali Road,15.282467,78.5109645
3060,Moula Ali Road,2026,Jan-Mar,4733.533782771538,6031.050657236833,3407.7029727154454,Moula Ali Road,15.282467,78.5109645
3061,Moula Ali Road,2026,Apr-Jun,4888.38981273409,6228.354532975922,3519.1848756368863,Moula Ali Road,15.282467,78.5109645
3062,Moula Ali Road,2026,Jul-Sep,4983.400749063673,6349.409076218182,3587.5838910509538,Moula Ali Road,15.282467,78.5109645
3063,Moula Ali Road,2026,Oct-Dec,4552.345168539319,5800.196128443498,3277.264064348806,Moula Ali Road,15.282467,78.5109645
3064,Moula Ali Road,2027,Jan-Mar,4733.533782771538,6031.050657236833,3407.7029727154454,Moula Ali Road,15.282467,78.5109645
3065,Moula Ali Road,2027,Apr-Jun,4888.38981273409,6228.354532975922,3519.1848756368863,Moula Ali Road,15.282467,78.5109645
3066,Moula Ali Road,2027,Jul-Sep,4983.400749063673,6349.409076218182,3587.5838910509538,Moula Ali Road,15.282467,78.5109645
3067,Moula Ali Road,2027,Oct-Dec,4552.345168539319,5800.196128443498,3277.264064348806,Moula Ali Road,15.282467,78.5109645
3068,Moula Ali Road,2028,Jan-Mar,4733.533782771538,6031.050657236833,3407.7029727154454,Moula Ali Road,15.282467,78.5109645
3069,Moula Ali Road,2028,Apr-Jun,4888.38981273409,6228.354532975922,3519.1848756368863,Moula Ali Road,15.282467,78.5109645
3070,Moula Ali Road,2028,Jul-Sep,4983.400749063673,6349.409076218182,3587.5838910509538,Moula Ali Road,15.282467,78.5109645
3071,Moula Ali Road,2028,Oct-Dec,4552.345168539319,5800.196128443498,3277.264064348806,Moula Ali Road,15.282467,78.5109645
3072,Moula Ali Road,2029,Jan-Mar,4733.533782771538,6031.050657236833,3407.7029727154454,Moula Ali Road,15.282467,78.5109645
3073,Moula Ali Road,2029,Apr-Jun,4888.38981273409,6228.354532975922,3519.1848756368863,Moula Ali Road,15.282467,78.5109645
3074,Moula Ali Road,2029,Jul-Sep,4983.400749063673,6349.409076218182,3587.5838910509538,Moula Ali Road,15.282467,78.5109645
3075,Moula Ali Road,2029,Oct-Dec,4552.345168539319,5800.196128443498,3277.264064348806,Moula Ali Road,15.282467,78.5109645
3076,Moula Ali Road,2030,Jan-Mar,4733.533782771538,6031.050657236833,3407.7029727154454,Moula Ali Road,15.282467,78.5109645
3077,Moula Ali Road,2030,Apr-Jun,4888.38981273409,6228.354532975922,3519.1848756368863,Moula Ali Road,15.282467,78.5109645
3078,Moula Ali Road,2030,Jul-Sep,4983.400749063673,6349.409076218182,3587.5838910509538,Moula Ali Road,15.282467,78.5109645
3079,Moula Ali Road,2030,Oct-Dec,4552.345168539319,5800.196128443498,3277.264064348806,Moula Ali Road,15.282467,78.5109645
3080,Nacharam Mallapur Road,2024,Jan-Mar,4858.295430711617,6446.58061079125,3870.9778063930185,Nacharam Mallapur Road,17.4400379,78.5562198
3081,Nacharam Mallapur Road,2024,Apr-Jun,4993.868764044951,6626.475891856731,3978.999513174071,Nacharam Mallapur Road,17.4400379,78.5562198
3082,Nacharam Mallapur Road,2024,Jul-Sep,5045.67011235955,6695.212256785619,4020.2736333931616,Nacharam Mallapur Road,17.4400379,78.5562198
3083,Nacharam Mallapur Road,2024,Oct-Dec,5209.628764044938,6912.772650137754,4150.912107502443,Nacharam Mallapur Road,17.4400379,78.5562198
3084,Nacharam Mallapur Road,2025,Jan-Mar,4858.295430711617,6446.58061079125,3870.9778063930185,Nacharam Mallapur Road,17.4400379,78.5562198
3085,Nacharam Mallapur Road,2025,Apr-Jun,4993.868764044951,6626.475891856731,3978.999513174071,Nacharam Mallapur Road,17.4400379,78.5562198
3086,Nacharam Mallapur Road,2025,Jul-Sep,5045.67011235955,6695.212256785619,4020.2736333931616,Nacharam Mallapur Road,17.4400379,78.5562198
3087,Nacharam Mallapur Road,2025,Oct-Dec,5209.628764044938,6912.772650137754,4150.912107502443,Nacharam Mallapur Road,17.4400379,78.5562198
3088,Nacharam Mallapur Road,2026,Jan-Mar,4858.295430711617,6446.58061079125,3870.9778063930185,Nacharam Mallapur Road,17.4400379,78.5562198
3089,Nacharam Mallapur Road,2026,Apr-Jun,4993.868764044951,6626.475891856731,3978.999513174071,Nacharam Mallapur Road,17.4400379,78.5562198
3090,Nacharam Mallapur Road,2026,Jul-Sep,5045.67011235955,6695.212256785619,4020.2736333931616,Nacharam Mallapur Road,17.4400379,78.5562198
3091,Nacharam Mallapur Road,2026,Oct-Dec,5209.628764044938,6912.772650137754,4150.912107502443,Nacharam Mallapur Road,17.4400379,78.5562198
3092,Nacharam Mallapur Road,2027,Jan-Mar,4858.295430711617,6446.58061079125,3870.9778063930185,Nacharam Mallapur Road,17.4400379,78.5562198
3093,Nacharam Mallapur Road,2027,Apr-Jun,4993.868764044951,6626.475891856731,3978.999513174071,Nacharam Mallapur Road,17.4400379,78.5562198
3094,Nacharam Mallapur Road,2027,Jul-Sep,5045.67011235955,6695.212256785619,4020.2736333931616,Nacharam Mallapur Road,17.4400379,78.5562198
3095,Nacharam Mallapur Road,2027,Oct-Dec,5209.628764044938,6912.772650137754,4150.912107502443,Nacharam Mallapur Road,17.4400379,78.5562198
3096,Nacharam Mallapur Road,2028,Jan-Mar,4858.295430711617,6446.58061079125,3870.9778063930185,Nacharam Mallapur Road,17.4400379,78.5562198
3097,Nacharam Mallapur Road,2028,Apr-Jun,4993.868764044951,6626.475891856731,3978.999513174071,Nacharam Mallapur Road,17.4400379,78.5562198
3098,Nacharam Mallapur Road,2028,Jul-Sep,5045.67011235955,6695.212256785619,4020.2736333931616,Nacharam Mallapur Road,17.4400379,78.5562198
3099,Nacharam Mallapur Road,2028,Oct-Dec,5209.628764044938,6912.772650137754,4150.912107502443,Nacharam Mallapur Road,17.4400379,78.5562198
3100,Nacharam Mallapur Road,2029,Jan-Mar,4858.295430711617,6446.58061079125,3870.9778063930185,Nacharam Mallapur Road,17.4400379,78.5562198
3101,Nacharam Mallapur Road,2029,Apr-Jun,4993.868764044951,6626.475891856731,3978.999513174071,Nacharam Mallapur Road,17.4400379,78.5562198
3102,Nacharam Mallapur Road,2029,Jul-Sep,5045.67011235955,6695.212256785619,4020.2736333931616,Nacharam Mallapur Road,17.4400379,78.5562198
3103,Nacharam Mallapur Road,2029,Oct-Dec,5209.628764044938,6912.772650137754,4150.912107502443,Nacharam Mallapur Road,17.4400379,78.5562198
3104,Nacharam Mallapur Road,2030,Jan-Mar,4858.295430711617,6446.58061079125,3870.9778063930185,Nacharam Mallapur Road,17.4400379,78.5562198
3105,Nacharam Mallapur Road,2030,Apr-Jun,4993.868764044951,6626.475891856731,3978.999513174071,Nacharam Mallapur Road,17.4400379,78.5562198
3106,Nacharam Mallapur Road,2030,Jul-Sep,5045.67011235955,6695.212256785619,4020.2736333931616,Nacharam Mallapur Road,17.4400379,78.5562198
3107,Nacharam Mallapur Road,2030,Oct-Dec,5209.628764044938,6912.772650137754,4150.912107502443,Nacharam Mallapur Road,17.4400379,78.5562198
3108,Nagole,2024,Jan-Mar,5046.264569288392,5945.2972817977015,4148.5627430852965,Nagole,17.3775306,78.5601231
3109,Nagole,2024,Apr-Jun,5057.4663670411965,5958.494770121305,4157.77180459501,Nagole,17.3775306,78.5601231
3110,Nagole,2024,Jul-Sep,5061.776179775274,5963.572410736684,4161.314926104548,Nagole,17.3775306,78.5601231
3111,Nagole,2024,Oct-Dec,5282.821273408236,6223.9984697128375,4343.037352147862,Nagole,17.3775306,78.5601231
3112,Nagole,2025,Jan-Mar,5046.264569288392,5945.2972817977015,4148.5627430852965,Nagole,17.3775306,78.5601231
3113,Nagole,2025,Apr-Jun,5057.4663670411965,5958.494770121305,4157.77180459501,Nagole,17.3775306,78.5601231
3114,Nagole,2025,Jul-Sep,5061.776179775274,5963.572410736684,4161.314926104548,Nagole,17.3775306,78.5601231
3115,Nagole,2025,Oct-Dec,5282.821273408236,6223.9984697128375,4343.037352147862,Nagole,17.3775306,78.5601231
3116,Nagole,2026,Jan-Mar,5046.264569288392,5945.2972817977015,4148.5627430852965,Nagole,17.3775306,78.5601231
3117,Nagole,2026,Apr-Jun,5057.4663670411965,5958.494770121305,4157.77180459501,Nagole,17.3775306,78.5601231
3118,Nagole,2026,Jul-Sep,5061.776179775274,5963.572410736684,4161.314926104548,Nagole,17.3775306,78.5601231
3119,Nagole,2026,Oct-Dec,5282.821273408236,6223.9984697128375,4343.037352147862,Nagole,17.3775306,78.5601231
3120,Nagole,2027,Jan-Mar,5046.264569288392,5945.2972817977015,4148.5627430852965,Nagole,17.3775306,78.5601231
3121,Nagole,2027,Apr-Jun,5057.4663670411965,5958.494770121305,4157.77180459501,Nagole,17.3775306,78.5601231
3122,Nagole,2027,Jul-Sep,5061.776179775274,5963.572410736684,4161.314926104548,Nagole,17.3775306,78.5601231
3123,Nagole,2027,Oct-Dec,5282.821273408236,6223.9984697128375,4343.037352147862,Nagole,17.3775306,78.5601231
3124,Nagole,2028,Jan-Mar,5046.264569288392,5945.2972817977015,4148.5627430852965,Nagole,17.3775306,78.5601231
3125,Nagole,2028,Apr-Jun,5057.4663670411965,5958.494770121305,4157.77180459501,Nagole,17.3775306,78.5601231
3126,Nagole,2028,Jul-Sep,5061.776179775274,5963.572410736684,4161.314926104548,Nagole,17.3775306,78.5601231
3127,Nagole,2028,Oct-Dec,5282.821273408236,6223.9984697128375,4343.037352147862,Nagole,17.3775306,78.5601231
3128,Nagole,2029,Jan-Mar,5046.264569288392,5945.2972817977015,4148.5627430852965,Nagole,17.3775306,78.5601231
3129,Nagole,2029,Apr-Jun,5057.4663670411965,5958.494770121305,4157.77180459501,Nagole,17.3775306,78.5601231
3130,Nagole,2029,Jul-Sep,5061.776179775274,5963.572410736684,4161.314926104548,Nagole,17.3775306,78.5601231
3131,Nagole,2029,Oct-Dec,5282.821273408236,6223.9984697128375,4343.037352147862,Nagole,17.3775306,78.5601231
3132,Nagole,2030,Jan-Mar,5046.264569288392,5945.2972817977015,4148.5627430852965,Nagole,17.3775306,78.5601231
3133,Nagole,2030,Apr-Jun,5057.4663670411965,5958.494770121305,4157.77180459501,Nagole,17.3775306,78.5601231
3134,Nagole,2030,Jul-Sep,5061.776179775274,5963.572410736684,4161.314926104548,Nagole,17.3775306,78.5601231
3135,Nagole,2030,Oct-Dec,5282.821273408236,6223.9984697128375,4343.037352147862,Nagole,17.3775306,78.5601231
3136,Nagole Bandlaguda Road,2024,Jan-Mar,5058.13513108614,5905.06237072199,4140.922971263398,Nagole Bandlaguda Road,17.3775923,78.5605019
3137,Nagole Bandlaguda Road,2024,Apr-Jun,5085.860973782772,5937.430590661042,4163.621174443957,Nagole Bandlaguda Road,17.3775923,78.5605019
3138,Nagole Bandlaguda Road,2024,Jul-Sep,5065.027116104861,5913.108340301473,4146.56520468382,Nagole Bandlaguda Road,17.3775923,78.5605019
3139,Nagole Bandlaguda Road,2024,Oct-Dec,5279.013033707861,6162.923767757353,4321.748187891084,Nagole Bandlaguda Road,17.3775923,78.5605019
3140,Nagole Bandlaguda Road,2025,Jan-Mar,5058.13513108614,5905.06237072199,4140.922971263398,Nagole Bandlaguda Road,17.3775923,78.5605019
3141,Nagole Bandlaguda Road,2025,Apr-Jun,5085.860973782772,5937.430590661042,4163.621174443957,Nagole Bandlaguda Road,17.3775923,78.5605019
3142,Nagole Bandlaguda Road,2025,Jul-Sep,5065.027116104861,5913.108340301473,4146.56520468382,Nagole Bandlaguda Road,17.3775923,78.5605019
3143,Nagole Bandlaguda Road,2025,Oct-Dec,5279.013033707861,6162.923767757353,4321.748187891084,Nagole Bandlaguda Road,17.3775923,78.5605019
3144,Nagole Bandlaguda Road,2026,Jan-Mar,5058.13513108614,5905.06237072199,4140.922971263398,Nagole Bandlaguda Road,17.3775923,78.5605019
3145,Nagole Bandlaguda Road,2026,Apr-Jun,5085.860973782772,5937.430590661042,4163.621174443957,Nagole Bandlaguda Road,17.3775923,78.5605019
3146,Nagole Bandlaguda Road,2026,Jul-Sep,5065.027116104861,5913.108340301473,4146.56520468382,Nagole Bandlaguda Road,17.3775923,78.5605019
3147,Nagole Bandlaguda Road,2026,Oct-Dec,5279.013033707861,6162.923767757353,4321.748187891084,Nagole Bandlaguda Road,17.3775923,78.5605019
3148,Nagole Bandlaguda Road,2027,Jan-Mar,5058.13513108614,5905.06237072199,4140.922971263398,Nagole Bandlaguda Road,17.3775923,78.5605019
3149,Nagole Bandlaguda Road,2027,Apr-Jun,5085.860973782772,5937.430590661042,4163.621174443957,Nagole Bandlaguda Road,17.3775923,78.5605019
3150,Nagole Bandlaguda Road,2027,Jul-Sep,5065.027116104861,5913.108340301473,4146.56520468382,Nagole Bandlaguda Road,17.3775923,78.5605019
3151,Nagole Bandlaguda Road,2027,Oct-Dec,5279.013033707861,6162.923767757353,4321.748187891084,Nagole Bandlaguda Road,17.3775923,78.5605019
3152,Nagole Bandlaguda Road,2028,Jan-Mar,5058.13513108614,5905.06237072199,4140.922971263398,Nagole Bandlaguda Road,17.3775923,78.5605019
3153,Nagole Bandlaguda Road,2028,Apr-Jun,5085.860973782772,5937.430590661042,4163.621174443957,Nagole Bandlaguda Road,17.3775923,78.5605019
3154,Nagole Bandlaguda Road,2028,Jul-Sep,5065.027116104861,5913.108340301473,4146.56520468382,Nagole Bandlaguda Road,17.3775923,78.5605019
3155,Nagole Bandlaguda Road,2028,Oct-Dec,5279.013033707861,6162.923767757353,4321.748187891084,Nagole Bandlaguda Road,17.3775923,78.5605019
3156,Nagole Bandlaguda Road,2029,Jan-Mar,5058.13513108614,5905.06237072199,4140.922971263398,Nagole Bandlaguda Road,17.3775923,78.5605019
3157,Nagole Bandlaguda Road,2029,Apr-Jun,5085.860973782772,5937.430590661042,4163.621174443957,Nagole Bandlaguda Road,17.3775923,78.5605019
3158,Nagole Bandlaguda Road,2029,Jul-Sep,5065.027116104861,5913.108340301473,4146.56520468382,Nagole Bandlaguda Road,17.3775923,78.5605019
3159,Nagole Bandlaguda Road,2029,Oct-Dec,5279.013033707861,6162.923767757353,4321.748187891084,Nagole Bandlaguda Road,17.3775923,78.5605019
3160,Nagole Bandlaguda Road,2030,Jan-Mar,5058.13513108614,5905.06237072199,4140.922971263398,Nagole Bandlaguda Road,17.3775923,78.5605019
3161,Nagole Bandlaguda Road,2030,Apr-Jun,5085.860973782772,5937.430590661042,4163.621174443957,Nagole Bandlaguda Road,17.3775923,78.5605019
3162,Nagole Bandlaguda Road,2030,Jul-Sep,5065.027116104861,5913.108340301473,4146.56520468382,Nagole Bandlaguda Road,17.3775923,78.5605019
3163,Nagole Bandlaguda Road,2030,Oct-Dec,5279.013033707861,6162.923767757353,4321.748187891084,Nagole Bandlaguda Road,17.3775923,78.5605019
3164,Nalagandla,2024,Jan-Mar,8061.00644194757,10202.724673487728,6112.86152097848,Nalagandla,,
3165,Nalagandla,2024,Apr-Jun,8347.181722846453,10564.933489520368,6329.875348651261,Nalagandla,,
3166,Nalagandla,2024,Jul-Sep,8516.601947565548,10779.36675159226,6458.350915569513,Nalagandla,,
3167,Nalagandla,2024,Oct-Dec,8679.511011235954,10985.558910774216,6581.888907246003,Nalagandla,,
3168,Nalagandla,2025,Jan-Mar,8061.00644194757,10202.724673487728,6112.86152097848,Nalagandla,,
3169,Nalagandla,2025,Apr-Jun,8347.181722846453,10564.933489520368,6329.875348651261,Nalagandla,,
3170,Nalagandla,2025,Jul-Sep,8516.601947565548,10779.36675159226,6458.350915569513,Nalagandla,,
3171,Nalagandla,2025,Oct-Dec,8679.511011235954,10985.558910774216,6581.888907246003,Nalagandla,,
3172,Nalagandla,2026,Jan-Mar,8061.00644194757,10202.724673487728,6112.86152097848,Nalagandla,,
3173,Nalagandla,2026,Apr-Jun,8347.181722846453,10564.933489520368,6329.875348651261,Nalagandla,,
3174,Nalagandla,2026,Jul-Sep,8516.601947565548,10779.36675159226,6458.350915569513,Nalagandla,,
3175,Nalagandla,2026,Oct-Dec,8679.511011235954,10985.558910774216,6581.888907246003,Nalagandla,,
3176,Nalagandla,2027,Jan-Mar,8061.00644194757,10202.724673487728,6112.86152097848,Nalagandla,,
3177,Nalagandla,2027,Apr-Jun,8347.181722846453,10564.933489520368,6329.875348651261,Nalagandla,,
3178,Nalagandla,2027,Jul-Sep,8516.601947565548,10779.36675159226,6458.350915569513,Nalagandla,,
3179,Nalagandla,2027,Oct-Dec,8679.511011235954,10985.558910774216,6581.888907246003,Nalagandla,,
3180,Nalagandla,2028,Jan-Mar,8061.00644194757,10202.724673487728,6112.86152097848,Nalagandla,,
3181,Nalagandla,2028,Apr-Jun,8347.181722846453,10564.933489520368,6329.875348651261,Nalagandla,,
3182,Nalagandla,2028,Jul-Sep,8516.601947565548,10779.36675159226,6458.350915569513,Nalagandla,,
3183,Nalagandla,2028,Oct-Dec,8679.511011235954,10985.558910774216,6581.888907246003,Nalagandla,,
3184,Nalagandla,2029,Jan-Mar,8061.00644194757,10202.724673487728,6112.86152097848,Nalagandla,,
3185,Nalagandla,2029,Apr-Jun,8347.181722846453,10564.933489520368,6329.875348651261,Nalagandla,,
3186,Nalagandla,2029,Jul-Sep,8516.601947565548,10779.36675159226,6458.350915569513,Nalagandla,,
3187,Nalagandla,2029,Oct-Dec,8679.511011235954,10985.558910774216,6581.888907246003,Nalagandla,,
3188,Nalagandla,2030,Jan-Mar,8061.00644194757,10202.724673487728,6112.86152097848,Nalagandla,,
3189,Nalagandla,2030,Apr-Jun,8347.181722846453,10564.933489520368,6329.875348651261,Nalagandla,,
3190,Nalagandla,2030,Jul-Sep,8516.601947565548,10779.36675159226,6458.350915569513,Nalagandla,,
3191,Nalagandla,2030,Oct-Dec,8679.511011235954,10985.558910774216,6581.888907246003,Nalagandla,,
3192,Nallagandla Tellapur Road,2024,Jan-Mar,7653.366891385767,10345.691881952756,5749.368064219461,Nallagandla Tellapur Road,17.4755464,78.3029526
3193,Nallagandla Tellapur Road,2024,Apr-Jun,7638.830561797757,10326.041917545412,5738.448071712851,Nallagandla Tellapur Road,17.4755464,78.3029526
3194,Nallagandla Tellapur Road,2024,Jul-Sep,7674.962397003738,10374.884321088264,5765.591056281999,Nallagandla Tellapur Road,17.4755464,78.3029526
3195,Nallagandla Tellapur Road,2024,Oct-Dec,7939.003445692871,10731.8105435852,5963.944172566672,Nallagandla Tellapur Road,17.4755464,78.3029526
3196,Nallagandla Tellapur Road,2025,Jan-Mar,7653.366891385767,10345.691881952756,5749.368064219461,Nallagandla Tellapur Road,17.4755464,78.3029526
3197,Nallagandla Tellapur Road,2025,Apr-Jun,7638.830561797757,10326.041917545412,5738.448071712851,Nallagandla Tellapur Road,17.4755464,78.3029526
3198,Nallagandla Tellapur Road,2025,Jul-Sep,7674.962397003738,10374.884321088264,5765.591056281999,Nallagandla Tellapur Road,17.4755464,78.3029526
3199,Nallagandla Tellapur Road,2025,Oct-Dec,7939.003445692871,10731.8105435852,5963.944172566672,Nallagandla Tellapur Road,17.4755464,78.3029526
3200,Nallagandla Tellapur Road,2026,Jan-Mar,7653.366891385767,10345.691881952756,5749.368064219461,Nallagandla Tellapur Road,17.4755464,78.3029526
3201,Nallagandla Tellapur Road,2026,Apr-Jun,7638.830561797757,10326.041917545412,5738.448071712851,Nallagandla Tellapur Road,17.4755464,78.3029526
3202,Nallagandla Tellapur Road,2026,Jul-Sep,7674.962397003738,10374.884321088264,5765.591056281999,Nallagandla Tellapur Road,17.4755464,78.3029526
3203,Nallagandla Tellapur Road,2026,Oct-Dec,7939.003445692871,10731.8105435852,5963.944172566672,Nallagandla Tellapur Road,17.4755464,78.3029526
3204,Nallagandla Tellapur Road,2027,Jan-Mar,7653.366891385767,10345.691881952756,5749.368064219461,Nallagandla Tellapur Road,17.4755464,78.3029526
3205,Nallagandla Tellapur Road,2027,Apr-Jun,7638.830561797757,10326.041917545412,5738.448071712851,Nallagandla Tellapur Road,17.4755464,78.3029526
3206,Nallagandla Tellapur Road,2027,Jul-Sep,7674.962397003738,10374.884321088264,5765.591056281999,Nallagandla Tellapur Road,17.4755464,78.3029526
3207,Nallagandla Tellapur Road,2027,Oct-Dec,7939.003445692871,10731.8105435852,5963.944172566672,Nallagandla Tellapur Road,17.4755464,78.3029526
3208,Nallagandla Tellapur Road,2028,Jan-Mar,7653.366891385767,10345.691881952756,5749.368064219461,Nallagandla Tellapur Road,17.4755464,78.3029526
3209,Nallagandla Tellapur Road,2028,Apr-Jun,7638.830561797757,10326.041917545412,5738.448071712851,Nallagandla Tellapur Road,17.4755464,78.3029526
3210,Nallagandla Tellapur Road,2028,Jul-Sep,7674.962397003738,10374.884321088264,5765.591056281999,Nallagandla Tellapur Road,17.4755464,78.3029526
3211,Nallagandla Tellapur Road,2028,Oct-Dec,7939.003445692871,10731.8105435852,5963.944172566672,Nallagandla Tellapur Road,17.4755464,78.3029526
3212,Nallagandla Tellapur Road,2029,Jan-Mar,7653.366891385767,10345.691881952756,5749.368064219461,Nallagandla Tellapur Road,17.4755464,78.3029526
3213,Nallagandla Tellapur Road,2029,Apr-Jun,7638.830561797757,10326.041917545412,5738.448071712851,Nallagandla Tellapur Road,17.4755464,78.3029526
3214,Nallagandla Tellapur Road,2029,Jul-Sep,7674.962397003738,10374.884321088264,5765.591056281999,Nallagandla Tellapur Road,17.4755464,78.3029526
3215,Nallagandla Tellapur Road,2029,Oct-Dec,7939.003445692871,10731.8105435852,5963.944172566672,Nallagandla Tellapur Road,17.4755464,78.3029526
3216,Nallagandla Tellapur Road,2030,Jan-Mar,7653.366891385767,10345.691881952756,5749.368064219461,Nallagandla Tellapur Road,17.4755464,78.3029526
3217,Nallagandla Tellapur Road,2030,Apr-Jun,7638.830561797757,10326.041917545412,5738.448071712851,Nallagandla Tellapur Road,17.4755464,78.3029526
3218,Nallagandla Tellapur Road,2030,Jul-Sep,7674.962397003738,10374.884321088264,5765.591056281999,Nallagandla Tellapur Road,17.4755464,78.3029526
3219,Nallagandla Tellapur Road,2030,Oct-Dec,7939.003445692871,10731.8105435852,5963.944172566672,Nallagandla Tellapur Road,17.4755464,78.3029526
3220,Nanakaramguda,2024,Jan-Mar,8711.769588014977,10311.271354904482,7231.989931563028,Nanakaramguda,,
3221,Nanakaramguda,2024,Apr-Jun,8916.903670411988,10554.068546263268,7402.279974651006,Nanakaramguda,,
3222,Nanakaramguda,2024,Jul-Sep,9066.827565543068,10731.518827708676,7526.737823212602,Nanakaramguda,,
3223,Nanakaramguda,2024,Oct-Dec,9436.7191011236,11169.32333536006,7833.79964734176,Nanakaramguda,,
3224,Nanakaramguda,2025,Jan-Mar,8711.769588014977,10311.271354904482,7231.989931563028,Nanakaramguda,,
3225,Nanakaramguda,2025,Apr-Jun,8916.903670411988,10554.068546263268,7402.279974651006,Nanakaramguda,,
3226,Nanakaramguda,2025,Jul-Sep,9066.827565543068,10731.518827708676,7526.737823212602,Nanakaramguda,,
3227,Nanakaramguda,2025,Oct-Dec,9436.7191011236,11169.32333536006,7833.79964734176,Nanakaramguda,,
3228,Nanakaramguda,2026,Jan-Mar,8711.769588014977,10311.271354904482,7231.989931563028,Nanakaramguda,,
3229,Nanakaramguda,2026,Apr-Jun,8916.903670411988,10554.068546263268,7402.279974651006,Nanakaramguda,,
3230,Nanakaramguda,2026,Jul-Sep,9066.827565543068,10731.518827708676,7526.737823212602,Nanakaramguda,,
3231,Nanakaramguda,2026,Oct-Dec,9436.7191011236,11169.32333536006,7833.79964734176,Nanakaramguda,,
3232,Nanakaramguda,2027,Jan-Mar,8711.769588014977,10311.271354904482,7231.989931563028,Nanakaramguda,,
3233,Nanakaramguda,2027,Apr-Jun,8916.903670411988,10554.068546263268,7402.279974651006,Nanakaramguda,,
3234,Nanakaramguda,2027,Jul-Sep,9066.827565543068,10731.518827708676,7526.737823212602,Nanakaramguda,,
3235,Nanakaramguda,2027,Oct-Dec,9436.7191011236,11169.32333536006,7833.79964734176,Nanakaramguda,,
3236,Nanakaramguda,2028,Jan-Mar,8711.769588014977,10311.271354904482,7231.989931563028,Nanakaramguda,,
3237,Nanakaramguda,2028,Apr-Jun,8916.903670411988,10554.068546263268,7402.279974651006,Nanakaramguda,,
3238,Nanakaramguda,2028,Jul-Sep,9066.827565543068,10731.518827708676,7526.737823212602,Nanakaramguda,,
3239,Nanakaramguda,2028,Oct-Dec,9436.7191011236,11169.32333536006,7833.79964734176,Nanakaramguda,,
3240,Nanakaramguda,2029,Jan-Mar,8711.769588014977,10311.271354904482,7231.989931563028,Nanakaramguda,,
3241,Nanakaramguda,2029,Apr-Jun,8916.903670411988,10554.068546263268,7402.279974651006,Nanakaramguda,,
3242,Nanakaramguda,2029,Jul-Sep,9066.827565543068,10731.518827708676,7526.737823212602,Nanakaramguda,,
3243,Nanakaramguda,2029,Oct-Dec,9436.7191011236,11169.32333536006,7833.79964734176,Nanakaramguda,,
3244,Nanakaramguda,2030,Jan-Mar,8711.769588014977,10311.271354904482,7231.989931563028,Nanakaramguda,,
3245,Nanakaramguda,2030,Apr-Jun,8916.903670411988,10554.068546263268,7402.279974651006,Nanakaramguda,,
3246,Nanakaramguda,2030,Jul-Sep,9066.827565543068,10731.518827708676,7526.737823212602,Nanakaramguda,,
3247,Nanakaramguda,2030,Oct-Dec,9436.7191011236,11169.32333536006,7833.79964734176,Nanakaramguda,,
3248,Narsingi,2024,Jan-Mar,8429.207490636694,10402.831543449553,6455.766762167502,Narsingi,17.3915187,78.3598924
3249,Narsingi,2024,Apr-Jun,8607.841797752799,10623.291486673625,6592.579318240417,Narsingi,17.3915187,78.3598924
3250,Narsingi,2024,Jul-Sep,8725.172734082384,10768.094419431858,6682.440809937225,Narsingi,17.3915187,78.3598924
3251,Narsingi,2024,Oct-Dec,9085.432209737824,11212.705450936068,6958.356564920806,Narsingi,17.3915187,78.3598924
3252,Narsingi,2025,Jan-Mar,8429.207490636694,10402.831543449553,6455.766762167502,Narsingi,17.3915187,78.3598924
3253,Narsingi,2025,Apr-Jun,8607.841797752799,10623.291486673625,6592.579318240417,Narsingi,17.3915187,78.3598924
3254,Narsingi,2025,Jul-Sep,8725.172734082384,10768.094419431858,6682.440809937225,Narsingi,17.3915187,78.3598924
3255,Narsingi,2025,Oct-Dec,9085.432209737824,11212.705450936068,6958.356564920806,Narsingi,17.3915187,78.3598924
3256,Narsingi,2026,Jan-Mar,8429.207490636694,10402.831543449553,6455.766762167502,Narsingi,17.3915187,78.3598924
3257,Narsingi,2026,Apr-Jun,8607.841797752799,10623.291486673625,6592.579318240417,Narsingi,17.3915187,78.3598924
3258,Narsingi,2026,Jul-Sep,8725.172734082384,10768.094419431858,6682.440809937225,Narsingi,17.3915187,78.3598924
3259,Narsingi,2026,Oct-Dec,9085.432209737824,11212.705450936068,6958.356564920806,Narsingi,17.3915187,78.3598924
3260,Narsingi,2027,Jan-Mar,8429.207490636694,10402.831543449553,6455.766762167502,Narsingi,17.3915187,78.3598924
3261,Narsingi,2027,Apr-Jun,8607.841797752799,10623.291486673625,6592.579318240417,Narsingi,17.3915187,78.3598924
3262,Narsingi,2027,Jul-Sep,8725.172734082384,10768.094419431858,6682.440809937225,Narsingi,17.3915187,78.3598924
3263,Narsingi,2027,Oct-Dec,9085.432209737824,11212.705450936068,6958.356564920806,Narsingi,17.3915187,78.3598924
3264,Narsingi,2028,Jan-Mar,8429.207490636694,10402.831543449553,6455.766762167502,Narsingi,17.3915187,78.3598924
3265,Narsingi,2028,Apr-Jun,8607.841797752799,10623.291486673625,6592.579318240417,Narsingi,17.3915187,78.3598924
3266,Narsingi,2028,Jul-Sep,8725.172734082384,10768.094419431858,6682.440809937225,Narsingi,17.3915187,78.3598924
3267,Narsingi,2028,Oct-Dec,9085.432209737824,11212.705450936068,6958.356564920806,Narsingi,17.3915187,78.3598924
3268,Narsingi,2029,Jan-Mar,8429.207490636694,10402.831543449553,6455.766762167502,Narsingi,17.3915187,78.3598924
3269,Narsingi,2029,Apr-Jun,8607.841797752799,10623.291486673625,6592.579318240417,Narsingi,17.3915187,78.3598924
3270,Narsingi,2029,Jul-Sep,8725.172734082384,10768.094419431858,6682.440809937225,Narsingi,17.3915187,78.3598924
3271,Narsingi,2029,Oct-Dec,9085.432209737824,11212.705450936068,6958.356564920806,Narsingi,17.3915187,78.3598924
3272,Narsingi,2030,Jan-Mar,8429.207490636694,10402.831543449553,6455.766762167502,Narsingi,17.3915187,78.3598924
3273,Narsingi,2030,Apr-Jun,8607.841797752799,10623.291486673625,6592.579318240417,Narsingi,17.3915187,78.3598924
3274,Narsingi,2030,Jul-Sep,8725.172734082384,10768.094419431858,6682.440809937225,Narsingi,17.3915187,78.3598924
3275,Narsingi,2030,Oct-Dec,9085.432209737824,11212.705450936068,6958.356564920806,Narsingi,17.3915187,78.3598924
3276,Narsingi Puppalaguda Main Road,2024,Jan-Mar,7888.827565543067,10467.60265919955,6005.167427835727,Narsingi Puppalaguda Main Road,,
3277,Narsingi Puppalaguda Main Road,2024,Apr-Jun,8050.807790262171,10682.532522594363,6128.470714839404,Narsingi Puppalaguda Main Road,,
3278,Narsingi Puppalaguda Main Road,2024,Jul-Sep,8263.09393258427,10964.212781089032,6290.0680899451445,Narsingi Puppalaguda Main Road,,
3279,Narsingi Puppalaguda Main Road,2024,Oct-Dec,8653.995805243454,11482.896381121767,6587.632103566898,Narsingi Puppalaguda Main Road,,
3280,Narsingi Puppalaguda Main Road,2025,Jan-Mar,7888.827565543067,10467.60265919955,6005.167427835727,Narsingi Puppalaguda Main Road,,
3281,Narsingi Puppalaguda Main Road,2025,Apr-Jun,8050.807790262171,10682.532522594363,6128.470714839404,Narsingi Puppalaguda Main Road,,
3282,Narsingi Puppalaguda Main Road,2025,Jul-Sep,8263.09393258427,10964.212781089032,6290.0680899451445,Narsingi Puppalaguda Main Road,,
3283,Narsingi Puppalaguda Main Road,2025,Oct-Dec,8653.995805243454,11482.896381121767,6587.632103566898,Narsingi Puppalaguda Main Road,,
3284,Narsingi Puppalaguda Main Road,2026,Jan-Mar,7888.827565543067,10467.60265919955,6005.167427835727,Narsingi Puppalaguda Main Road,,
3285,Narsingi Puppalaguda Main Road,2026,Apr-Jun,8050.807790262171,10682.532522594363,6128.470714839404,Narsingi Puppalaguda Main Road,,
3286,Narsingi Puppalaguda Main Road,2026,Jul-Sep,8263.09393258427,10964.212781089032,6290.0680899451445,Narsingi Puppalaguda Main Road,,
3287,Narsingi Puppalaguda Main Road,2026,Oct-Dec,8653.995805243454,11482.896381121767,6587.632103566898,Narsingi Puppalaguda Main Road,,
3288,Narsingi Puppalaguda Main Road,2027,Jan-Mar,7888.827565543067,10467.60265919955,6005.167427835727,Narsingi Puppalaguda Main Road,,
3289,Narsingi Puppalaguda Main Road,2027,Apr-Jun,8050.807790262171,10682.532522594363,6128.470714839404,Narsingi Puppalaguda Main Road,,
3290,Narsingi Puppalaguda Main Road,2027,Jul-Sep,8263.09393258427,10964.212781089032,6290.0680899451445,Narsingi Puppalaguda Main Road,,
3291,Narsingi Puppalaguda Main Road,2027,Oct-Dec,8653.995805243454,11482.896381121767,6587.632103566898,Narsingi Puppalaguda Main Road,,
3292,Narsingi Puppalaguda Main Road,2028,Jan-Mar,7888.827565543067,10467.60265919955,6005.167427835727,Narsingi Puppalaguda Main Road,,
3293,Narsingi Puppalaguda Main Road,2028,Apr-Jun,8050.807790262171,10682.532522594363,6128.470714839404,Narsingi Puppalaguda Main Road,,
3294,Narsingi Puppalaguda Main Road,2028,Jul-Sep,8263.09393258427,10964.212781089032,6290.0680899451445,Narsingi Puppalaguda Main Road,,
3295,Narsingi Puppalaguda Main Road,2028,Oct-Dec,8653.995805243454,11482.896381121767,6587.632103566898,Narsingi Puppalaguda Main Road,,
3296,Narsingi Puppalaguda Main Road,2029,Jan-Mar,7888.827565543067,10467.60265919955,6005.167427835727,Narsingi Puppalaguda Main Road,,
3297,Narsingi Puppalaguda Main Road,2029,Apr-Jun,8050.807790262171,10682.532522594363,6128.470714839404,Narsingi Puppalaguda Main Road,,
3298,Narsingi Puppalaguda Main Road,2029,Jul-Sep,8263.09393258427,10964.212781089032,6290.0680899451445,Narsingi Puppalaguda Main Road,,
3299,Narsingi Puppalaguda Main Road,2029,Oct-Dec,8653.995805243454,11482.896381121767,6587.632103566898,Narsingi Puppalaguda Main Road,,
3300,Narsingi Puppalaguda Main Road,2030,Jan-Mar,7888.827565543067,10467.60265919955,6005.167427835727,Narsingi Puppalaguda Main Road,,
3301,Narsingi Puppalaguda Main Road,2030,Apr-Jun,8050.807790262171,10682.532522594363,6128.470714839404,Narsingi Puppalaguda Main Road,,
3302,Narsingi Puppalaguda Main Road,2030,Jul-Sep,8263.09393258427,10964.212781089032,6290.0680899451445,Narsingi Puppalaguda Main Road,,
3303,Narsingi Puppalaguda Main Road,2030,Oct-Dec,8653.995805243454,11482.896381121767,6587.632103566898,Narsingi Puppalaguda Main Road,,
3304,National Highway 65,2024,Jan-Mar,5569.358801498125,7116.848676442772,4181.167501513169,National Highway 65,17.3405093,78.5636378
3305,National Highway 65,2024,Apr-Jun,5706.594756554299,7292.216714292868,4284.196689570804,National Highway 65,17.3405093,78.5636378
3306,National Highway 65,2024,Jul-Sep,5859.453782771526,7487.548815741201,4398.9548180218735,National Highway 65,17.3405093,78.5636378
3307,National Highway 65,2024,Oct-Dec,6062.163595505608,7746.5831343903155,4551.1381682871815,National Highway 65,17.3405093,78.5636378
3308,National Highway 65,2025,Jan-Mar,5569.358801498125,7116.848676442772,4181.167501513169,National Highway 65,17.3405093,78.5636378
3309,National Highway 65,2025,Apr-Jun,5706.594756554299,7292.216714292868,4284.196689570804,National Highway 65,17.3405093,78.5636378
3310,National Highway 65,2025,Jul-Sep,5859.453782771526,7487.548815741201,4398.9548180218735,National Highway 65,17.3405093,78.5636378
3311,National Highway 65,2025,Oct-Dec,6062.163595505608,7746.5831343903155,4551.1381682871815,National Highway 65,17.3405093,78.5636378
3312,National Highway 65,2026,Jan-Mar,5569.358801498125,7116.848676442772,4181.167501513169,National Highway 65,17.3405093,78.5636378
3313,National Highway 65,2026,Apr-Jun,5706.594756554299,7292.216714292868,4284.196689570804,National Highway 65,17.3405093,78.5636378
3314,National Highway 65,2026,Jul-Sep,5859.453782771526,7487.548815741201,4398.9548180218735,National Highway 65,17.3405093,78.5636378
3315,National Highway 65,2026,Oct-Dec,6062.163595505608,7746.5831343903155,4551.1381682871815,National Highway 65,17.3405093,78.5636378
3316,National Highway 65,2027,Jan-Mar,5569.358801498125,7116.848676442772,4181.167501513169,National Highway 65,17.3405093,78.5636378
3317,National Highway 65,2027,Apr-Jun,5706.594756554299,7292.216714292868,4284.196689570804,National Highway 65,17.3405093,78.5636378
3318,National Highway 65,2027,Jul-Sep,5859.453782771526,7487.548815741201,4398.9548180218735,National Highway 65,17.3405093,78.5636378
3319,National Highway 65,2027,Oct-Dec,6062.163595505608,7746.5831343903155,4551.1381682871815,National Highway 65,17.3405093,78.5636378
3320,National Highway 65,2028,Jan-Mar,5569.358801498125,7116.848676442772,4181.167501513169,National Highway 65,17.3405093,78.5636378
3321,National Highway 65,2028,Apr-Jun,5706.594756554299,7292.216714292868,4284.196689570804,National Highway 65,17.3405093,78.5636378
3322,National Highway 65,2028,Jul-Sep,5859.453782771526,7487.548815741201,4398.9548180218735,National Highway 65,17.3405093,78.5636378
3323,National Highway 65,2028,Oct-Dec,6062.163595505608,7746.5831343903155,4551.1381682871815,National Highway 65,17.3405093,78.5636378
3324,National Highway 65,2029,Jan-Mar,5569.358801498125,7116.848676442772,4181.167501513169,National Highway 65,17.3405093,78.5636378
3325,National Highway 65,2029,Apr-Jun,5706.594756554299,7292.216714292868,4284.196689570804,National Highway 65,17.3405093,78.5636378
3326,National Highway 65,2029,Jul-Sep,5859.453782771526,7487.548815741201,4398.9548180218735,National Highway 65,17.3405093,78.5636378
3327,National Highway 65,2029,Oct-Dec,6062.163595505608,7746.5831343903155,4551.1381682871815,National Highway 65,17.3405093,78.5636378
3328,National Highway 65,2030,Jan-Mar,5569.358801498125,7116.848676442772,4181.167501513169,National Highway 65,17.3405093,78.5636378
3329,National Highway 65,2030,Apr-Jun,5706.594756554299,7292.216714292868,4284.196689570804,National Highway 65,17.3405093,78.5636378
3330,National Highway 65,2030,Jul-Sep,5859.453782771526,7487.548815741201,4398.9548180218735,National Highway 65,17.3405093,78.5636378
3331,National Highway 65,2030,Oct-Dec,6062.163595505608,7746.5831343903155,4551.1381682871815,National Highway 65,17.3405093,78.5636378
3332,Nehru Outer Ring Road,2024,Jan-Mar,6795.231161048684,8691.743466726803,4831.54621356981,Nehru Outer Ring Road,17.433434,78.3602304
3333,Nehru Outer Ring Road,2024,Apr-Jun,6958.010187265912,8899.953239744355,4947.285379630358,Nehru Outer Ring Road,17.433434,78.3602304
3334,Nehru Outer Ring Road,2024,Jul-Sep,7006.950711610483,8962.552800031346,4982.083078116695,Nehru Outer Ring Road,17.433434,78.3602304
3335,Nehru Outer Ring Road,2024,Oct-Dec,7309.389962546812,9349.401211969976,5197.1234767527885,Nehru Outer Ring Road,17.433434,78.3602304
3336,Nehru Outer Ring Road,2025,Jan-Mar,6795.231161048684,8691.743466726803,4831.54621356981,Nehru Outer Ring Road,17.433434,78.3602304
3337,Nehru Outer Ring Road,2025,Apr-Jun,6958.010187265912,8899.953239744355,4947.285379630358,Nehru Outer Ring Road,17.433434,78.3602304
3338,Nehru Outer Ring Road,2025,Jul-Sep,7006.950711610483,8962.552800031346,4982.083078116695,Nehru Outer Ring Road,17.433434,78.3602304
3339,Nehru Outer Ring Road,2025,Oct-Dec,7309.389962546812,9349.401211969976,5197.1234767527885,Nehru Outer Ring Road,17.433434,78.3602304
3340,Nehru Outer Ring Road,2026,Jan-Mar,6795.231161048684,8691.743466726803,4831.54621356981,Nehru Outer Ring Road,17.433434,78.3602304
3341,Nehru Outer Ring Road,2026,Apr-Jun,6958.010187265912,8899.953239744355,4947.285379630358,Nehru Outer Ring Road,17.433434,78.3602304
3342,Nehru Outer Ring Road,2026,Jul-Sep,7006.950711610483,8962.552800031346,4982.083078116695,Nehru Outer Ring Road,17.433434,78.3602304
3343,Nehru Outer Ring Road,2026,Oct-Dec,7309.389962546812,9349.401211969976,5197.1234767527885,Nehru Outer Ring Road,17.433434,78.3602304
3344,Nehru Outer Ring Road,2027,Jan-Mar,6795.231161048684,8691.743466726803,4831.54621356981,Nehru Outer Ring Road,17.433434,78.3602304
3345,Nehru Outer Ring Road,2027,Apr-Jun,6958.010187265912,8899.953239744355,4947.285379630358,Nehru Outer Ring Road,17.433434,78.3602304
3346,Nehru Outer Ring Road,2027,Jul-Sep,7006.950711610483,8962.552800031346,4982.083078116695,Nehru Outer Ring Road,17.433434,78.3602304
3347,Nehru Outer Ring Road,2027,Oct-Dec,7309.389962546812,9349.401211969976,5197.1234767527885,Nehru Outer Ring Road,17.433434,78.3602304
3348,Nehru Outer Ring Road,2028,Jan-Mar,6795.231161048684,8691.743466726803,4831.54621356981,Nehru Outer Ring Road,17.433434,78.3602304
3349,Nehru Outer Ring Road,2028,Apr-Jun,6958.010187265912,8899.953239744355,4947.285379630358,Nehru Outer Ring Road,17.433434,78.3602304
3350,Nehru Outer Ring Road,2028,Jul-Sep,7006.950711610483,8962.552800031346,4982.083078116695,Nehru Outer Ring Road,17.433434,78.3602304
3351,Nehru Outer Ring Road,2028,Oct-Dec,7309.389962546812,9349.401211969976,5197.1234767527885,Nehru Outer Ring Road,17.433434,78.3602304
3352,Nehru Outer Ring Road,2029,Jan-Mar,6795.231161048684,8691.743466726803,4831.54621356981,Nehru Outer Ring Road,17.433434,78.3602304
3353,Nehru Outer Ring Road,2029,Apr-Jun,6958.010187265912,8899.953239744355,4947.285379630358,Nehru Outer Ring Road,17.433434,78.3602304
3354,Nehru Outer Ring Road,2029,Jul-Sep,7006.950711610483,8962.552800031346,4982.083078116695,Nehru Outer Ring Road,17.433434,78.3602304
3355,Nehru Outer Ring Road,2029,Oct-Dec,7309.389962546812,9349.401211969976,5197.1234767527885,Nehru Outer Ring Road,17.433434,78.3602304
3356,Nehru Outer Ring Road,2030,Jan-Mar,6795.231161048684,8691.743466726803,4831.54621356981,Nehru Outer Ring Road,17.433434,78.3602304
3357,Nehru Outer Ring Road,2030,Apr-Jun,6958.010187265912,8899.953239744355,4947.285379630358,Nehru Outer Ring Road,17.433434,78.3602304
3358,Nehru Outer Ring Road,2030,Jul-Sep,7006.950711610483,8962.552800031346,4982.083078116695,Nehru Outer Ring Road,17.433434,78.3602304
3359,Nehru Outer Ring Road,2030,Oct-Dec,7309.389962546812,9349.401211969976,5197.1234767527885,Nehru Outer Ring Road,17.433434,78.3602304
3360,Neredmet Cross Road,2024,Jan-Mar,4756.327490636705,5717.804866552508,3601.656406596002,Neredmet Cross Road,,
3361,Neredmet Cross Road,2024,Apr-Jun,4709.058876404498,5660.981043335085,3565.862969828772,Neredmet Cross Road,,
3362,Neredmet Cross Road,2024,Jul-Sep,4769.006142322099,5733.046469753881,3611.2571220975296,Neredmet Cross Road,,
3363,Neredmet Cross Road,2024,Oct-Dec,5167.13438202247,6211.655142296325,3912.7336558279017,Neredmet Cross Road,,
3364,Neredmet Cross Road,2025,Jan-Mar,4756.327490636705,5717.804866552508,3601.656406596002,Neredmet Cross Road,,
3365,Neredmet Cross Road,2025,Apr-Jun,4709.058876404498,5660.981043335085,3565.862969828772,Neredmet Cross Road,,
3366,Neredmet Cross Road,2025,Jul-Sep,4769.006142322099,5733.046469753881,3611.2571220975296,Neredmet Cross Road,,
3367,Neredmet Cross Road,2025,Oct-Dec,5167.13438202247,6211.655142296325,3912.7336558279017,Neredmet Cross Road,,
3368,Neredmet Cross Road,2026,Jan-Mar,4756.327490636705,5717.804866552508,3601.656406596002,Neredmet Cross Road,,
3369,Neredmet Cross Road,2026,Apr-Jun,4709.058876404498,5660.981043335085,3565.862969828772,Neredmet Cross Road,,
3370,Neredmet Cross Road,2026,Jul-Sep,4769.006142322099,5733.046469753881,3611.2571220975296,Neredmet Cross Road,,
3371,Neredmet Cross Road,2026,Oct-Dec,5167.13438202247,6211.655142296325,3912.7336558279017,Neredmet Cross Road,,
3372,Neredmet Cross Road,2027,Jan-Mar,4756.327490636705,5717.804866552508,3601.656406596002,Neredmet Cross Road,,
3373,Neredmet Cross Road,2027,Apr-Jun,4709.058876404498,5660.981043335085,3565.862969828772,Neredmet Cross Road,,
3374,Neredmet Cross Road,2027,Jul-Sep,4769.006142322099,5733.046469753881,3611.2571220975296,Neredmet Cross Road,,
3375,Neredmet Cross Road,2027,Oct-Dec,5167.13438202247,6211.655142296325,3912.7336558279017,Neredmet Cross Road,,
3376,Neredmet Cross Road,2028,Jan-Mar,4756.327490636705,5717.804866552508,3601.656406596002,Neredmet Cross Road,,
3377,Neredmet Cross Road,2028,Apr-Jun,4709.058876404498,5660.981043335085,3565.862969828772,Neredmet Cross Road,,
3378,Neredmet Cross Road,2028,Jul-Sep,4769.006142322099,5733.046469753881,3611.2571220975296,Neredmet Cross Road,,
3379,Neredmet Cross Road,2028,Oct-Dec,5167.13438202247,6211.655142296325,3912.7336558279017,Neredmet Cross Road,,
3380,Neredmet Cross Road,2029,Jan-Mar,4756.327490636705,5717.804866552508,3601.656406596002,Neredmet Cross Road,,
3381,Neredmet Cross Road,2029,Apr-Jun,4709.058876404498,5660.981043335085,3565.862969828772,Neredmet Cross Road,,
3382,Neredmet Cross Road,2029,Jul-Sep,4769.006142322099,5733.046469753881,3611.2571220975296,Neredmet Cross Road,,
3383,Neredmet Cross Road,2029,Oct-Dec,5167.13438202247,6211.655142296325,3912.7336558279017,Neredmet Cross Road,,
3384,Neredmet Cross Road,2030,Jan-Mar,4756.327490636705,5717.804866552508,3601.656406596002,Neredmet Cross Road,,
3385,Neredmet Cross Road,2030,Apr-Jun,4709.058876404498,5660.981043335085,3565.862969828772,Neredmet Cross Road,,
3386,Neredmet Cross Road,2030,Jul-Sep,4769.006142322099,5733.046469753881,3611.2571220975296,Neredmet Cross Road,,
3387,Neredmet Cross Road,2030,Oct-Dec,5167.13438202247,6211.655142296325,3912.7336558279017,Neredmet Cross Road,,
3388,Nizampet,2024,Jan-Mar,4378.8566292134765,5351.996625467923,3405.833784643972,Nizampet,17.515397,78.3817156
3389,Nizampet,2024,Apr-Jun,4305.246142322098,5262.027231445431,3348.5802355128653,Nizampet,17.515397,78.3817156
3390,Nizampet,2024,Jul-Sep,4334.968988764047,5298.355567202152,3371.6983878434103,Nizampet,17.515397,78.3817156
3391,Nizampet,2024,Oct-Dec,4903.687790262179,5993.464214092216,3814.042559420565,Nizampet,17.515397,78.3817156
3392,Nizampet,2025,Jan-Mar,4378.8566292134765,5351.996625467923,3405.833784643972,Nizampet,17.515397,78.3817156
3393,Nizampet,2025,Apr-Jun,4305.246142322098,5262.027231445431,3348.5802355128653,Nizampet,17.515397,78.3817156
3394,Nizampet,2025,Jul-Sep,4334.968988764047,5298.355567202152,3371.6983878434103,Nizampet,17.515397,78.3817156
3395,Nizampet,2025,Oct-Dec,4903.687790262179,5993.464214092216,3814.042559420565,Nizampet,17.515397,78.3817156
3396,Nizampet,2026,Jan-Mar,4378.8566292134765,5351.996625467923,3405.833784643972,Nizampet,17.515397,78.3817156
3397,Nizampet,2026,Apr-Jun,4305.246142322098,5262.027231445431,3348.5802355128653,Nizampet,17.515397,78.3817156
3398,Nizampet,2026,Jul-Sep,4334.968988764047,5298.355567202152,3371.6983878434103,Nizampet,17.515397,78.3817156
3399,Nizampet,2026,Oct-Dec,4903.687790262179,5993.464214092216,3814.042559420565,Nizampet,17.515397,78.3817156
3400,Nizampet,2027,Jan-Mar,4378.8566292134765,5351.996625467923,3405.833784643972,Nizampet,17.515397,78.3817156
3401,Nizampet,2027,Apr-Jun,4305.246142322098,5262.027231445431,3348.5802355128653,Nizampet,17.515397,78.3817156
3402,Nizampet,2027,Jul-Sep,4334.968988764047,5298.355567202152,3371.6983878434103,Nizampet,17.515397,78.3817156
3403,Nizampet,2027,Oct-Dec,4903.687790262179,5993.464214092216,3814.042559420565,Nizampet,17.515397,78.3817156
3404,Nizampet,2028,Jan-Mar,4378.8566292134765,5351.996625467923,3405.833784643972,Nizampet,17.515397,78.3817156
3405,Nizampet,2028,Apr-Jun,4305.246142322098,5262.027231445431,3348.5802355128653,Nizampet,17.515397,78.3817156
3406,Nizampet,2028,Jul-Sep,4334.968988764047,5298.355567202152,3371.6983878434103,Nizampet,17.515397,78.3817156
3407,Nizampet,2028,Oct-Dec,4903.687790262179,5993.464214092216,3814.042559420565,Nizampet,17.515397,78.3817156
3408,Nizampet,2029,Jan-Mar,4378.8566292134765,5351.996625467923,3405.833784643972,Nizampet,17.515397,78.3817156
3409,Nizampet,2029,Apr-Jun,4305.246142322098,5262.027231445431,3348.5802355128653,Nizampet,17.515397,78.3817156
3410,Nizampet,2029,Jul-Sep,4334.968988764047,5298.355567202152,3371.6983878434103,Nizampet,17.515397,78.3817156
3411,Nizampet,2029,Oct-Dec,4903.687790262179,5993.464214092216,3814.042559420565,Nizampet,17.515397,78.3817156
3412,Nizampet,2030,Jan-Mar,4378.8566292134765,5351.996625467923,3405.833784643972,Nizampet,17.515397,78.3817156
3413,Nizampet,2030,Apr-Jun,4305.246142322098,5262.027231445431,3348.5802355128653,Nizampet,17.515397,78.3817156
3414,Nizampet,2030,Jul-Sep,4334.968988764047,5298.355567202152,3371.6983878434103,Nizampet,17.515397,78.3817156
3415,Nizampet,2030,Oct-Dec,4903.687790262179,5993.464214092216,3814.042559420565,Nizampet,17.515397,78.3817156
3416,Nizampet Miyapur Road,2024,Jan-Mar,4673.948764044946,6096.352292978335,3251.545235111557,Nizampet Miyapur Road,17.496494283889042,78.36719829827868
3417,Nizampet Miyapur Road,2024,Apr-Jun,4688.029962546817,6114.718764479934,3261.3411606137,Nizampet Miyapur Road,17.496494283889042,78.36719829827868
3418,Nizampet Miyapur Road,2024,Jul-Sep,4764.909962546816,6214.995337447446,3314.8245876461856,Nizampet Miyapur Road,17.496494283889042,78.36719829827868
3419,Nizampet Miyapur Road,2024,Oct-Dec,5204.213632958808,6787.990480019828,3620.436785897786,Nizampet Miyapur Road,17.496494283889042,78.36719829827868
3420,Nizampet Miyapur Road,2025,Jan-Mar,4673.948764044946,6096.352292978335,3251.545235111557,Nizampet Miyapur Road,17.496494283889042,78.36719829827868
3421,Nizampet Miyapur Road,2025,Apr-Jun,4688.029962546817,6114.718764479934,3261.3411606137,Nizampet Miyapur Road,17.496494283889042,78.36719829827868
3422,Nizampet Miyapur Road,2025,Jul-Sep,4764.909962546816,6214.995337447446,3314.8245876461856,Nizampet Miyapur Road,17.496494283889042,78.36719829827868
3423,Nizampet Miyapur Road,2025,Oct-Dec,5204.213632958808,6787.990480019828,3620.436785897786,Nizampet Miyapur Road,17.496494283889042,78.36719829827868
3424,Nizampet Miyapur Road,2026,Jan-Mar,4673.948764044946,6096.352292978335,3251.545235111557,Nizampet Miyapur Road,17.496494283889042,78.36719829827868
3425,Nizampet Miyapur Road,2026,Apr-Jun,4688.029962546817,6114.718764479934,3261.3411606137,Nizampet Miyapur Road,17.496494283889042,78.36719829827868
3426,Nizampet Miyapur Road,2026,Jul-Sep,4764.909962546816,6214.995337447446,3314.8245876461856,Nizampet Miyapur Road,17.496494283889042,78.36719829827868
3427,Nizampet Miyapur Road,2026,Oct-Dec,5204.213632958808,6787.990480019828,3620.436785897786,Nizampet Miyapur Road,17.496494283889042,78.36719829827868
3428,Nizampet Miyapur Road,2027,Jan-Mar,4673.948764044946,6096.352292978335,3251.545235111557,Nizampet Miyapur Road,17.496494283889042,78.36719829827868
3429,Nizampet Miyapur Road,2027,Apr-Jun,4688.029962546817,6114.718764479934,3261.3411606137,Nizampet Miyapur Road,17.496494283889042,78.36719829827868
3430,Nizampet Miyapur Road,2027,Jul-Sep,4764.909962546816,6214.995337447446,3314.8245876461856,Nizampet Miyapur Road,17.496494283889042,78.36719829827868
3431,Nizampet Miyapur Road,2027,Oct-Dec,5204.213632958808,6787.990480019828,3620.436785897786,Nizampet Miyapur Road,17.496494283889042,78.36719829827868
3432,Nizampet Miyapur Road,2028,Jan-Mar,4673.948764044946,6096.352292978335,3251.545235111557,Nizampet Miyapur Road,17.496494283889042,78.36719829827868
3433,Nizampet Miyapur Road,2028,Apr-Jun,4688.029962546817,6114.718764479934,3261.3411606137,Nizampet Miyapur Road,17.496494283889042,78.36719829827868
3434,Nizampet Miyapur Road,2028,Jul-Sep,4764.909962546816,6214.995337447446,3314.8245876461856,Nizampet Miyapur Road,17.496494283889042,78.36719829827868
3435,Nizampet Miyapur Road,2028,Oct-Dec,5204.213632958808,6787.990480019828,3620.436785897786,Nizampet Miyapur Road,17.496494283889042,78.36719829827868
3436,Nizampet Miyapur Road,2029,Jan-Mar,4673.948764044946,6096.352292978335,3251.545235111557,Nizampet Miyapur Road,17.496494283889042,78.36719829827868
3437,Nizampet Miyapur Road,2029,Apr-Jun,4688.029962546817,6114.718764479934,3261.3411606137,Nizampet Miyapur Road,17.496494283889042,78.36719829827868
3438,Nizampet Miyapur Road,2029,Jul-Sep,4764.909962546816,6214.995337447446,3314.8245876461856,Nizampet Miyapur Road,17.496494283889042,78.36719829827868
3439,Nizampet Miyapur Road,2029,Oct-Dec,5204.213632958808,6787.990480019828,3620.436785897786,Nizampet Miyapur Road,17.496494283889042,78.36719829827868
3440,Nizampet Miyapur Road,2030,Jan-Mar,4673.948764044946,6096.352292978335,3251.545235111557,Nizampet Miyapur Road,17.496494283889042,78.36719829827868
3441,Nizampet Miyapur Road,2030,Apr-Jun,4688.029962546817,6114.718764479934,3261.3411606137,Nizampet Miyapur Road,17.496494283889042,78.36719829827868
3442,Nizampet Miyapur Road,2030,Jul-Sep,4764.909962546816,6214.995337447446,3314.8245876461856,Nizampet Miyapur Road,17.496494283889042,78.36719829827868
3443,Nizampet Miyapur Road,2030,Oct-Dec,5204.213632958808,6787.990480019828,3620.436785897786,Nizampet Miyapur Road,17.496494283889042,78.36719829827868
3444,Nizampet Road,2024,Jan-Mar,5204.761647940081,6555.008024610899,3677.2049980122674,Nizampet Road,17.498662624353948,78.38994127304831
3445,Nizampet Road,2024,Apr-Jun,5250.163295880156,6612.188004542455,3709.28161900207,Nizampet Road,17.498662624353948,78.38994127304831
3446,Nizampet Road,2024,Jul-Sep,5502.240898876414,6929.660892300749,3887.376426089279,Nizampet Road,17.498662624353948,78.38994127304831
3447,Nizampet Road,2024,Oct-Dec,5737.850187265918,7226.393169498747,4053.8362395154886,Nizampet Road,17.498662624353948,78.38994127304831
3448,Nizampet Road,2025,Jan-Mar,5204.761647940081,6555.008024610899,3677.2049980122674,Nizampet Road,17.498662624353948,78.38994127304831
3449,Nizampet Road,2025,Apr-Jun,5250.163295880156,6612.188004542455,3709.28161900207,Nizampet Road,17.498662624353948,78.38994127304831
3450,Nizampet Road,2025,Jul-Sep,5502.240898876414,6929.660892300749,3887.376426089279,Nizampet Road,17.498662624353948,78.38994127304831
3451,Nizampet Road,2025,Oct-Dec,5737.850187265918,7226.393169498747,4053.8362395154886,Nizampet Road,17.498662624353948,78.38994127304831
3452,Nizampet Road,2026,Jan-Mar,5204.761647940081,6555.008024610899,3677.2049980122674,Nizampet Road,17.498662624353948,78.38994127304831
3453,Nizampet Road,2026,Apr-Jun,5250.163295880156,6612.188004542455,3709.28161900207,Nizampet Road,17.498662624353948,78.38994127304831
3454,Nizampet Road,2026,Jul-Sep,5502.240898876414,6929.660892300749,3887.376426089279,Nizampet Road,17.498662624353948,78.38994127304831
3455,Nizampet Road,2026,Oct-Dec,5737.850187265918,7226.393169498747,4053.8362395154886,Nizampet Road,17.498662624353948,78.38994127304831
3456,Nizampet Road,2027,Jan-Mar,5204.761647940081,6555.008024610899,3677.2049980122674,Nizampet Road,17.498662624353948,78.38994127304831
3457,Nizampet Road,2027,Apr-Jun,5250.163295880156,6612.188004542455,3709.28161900207,Nizampet Road,17.498662624353948,78.38994127304831
3458,Nizampet Road,2027,Jul-Sep,5502.240898876414,6929.660892300749,3887.376426089279,Nizampet Road,17.498662624353948,78.38994127304831
3459,Nizampet Road,2027,Oct-Dec,5737.850187265918,7226.393169498747,4053.8362395154886,Nizampet Road,17.498662624353948,78.38994127304831
3460,Nizampet Road,2028,Jan-Mar,5204.761647940081,6555.008024610899,3677.2049980122674,Nizampet Road,17.498662624353948,78.38994127304831
3461,Nizampet Road,2028,Apr-Jun,5250.163295880156,6612.188004542455,3709.28161900207,Nizampet Road,17.498662624353948,78.38994127304831
3462,Nizampet Road,2028,Jul-Sep,5502.240898876414,6929.660892300749,3887.376426089279,Nizampet Road,17.498662624353948,78.38994127304831
3463,Nizampet Road,2028,Oct-Dec,5737.850187265918,7226.393169498747,4053.8362395154886,Nizampet Road,17.498662624353948,78.38994127304831
3464,Nizampet Road,2029,Jan-Mar,5204.761647940081,6555.008024610899,3677.2049980122674,Nizampet Road,17.498662624353948,78.38994127304831
3465,Nizampet Road,2029,Apr-Jun,5250.163295880156,6612.188004542455,3709.28161900207,Nizampet Road,17.498662624353948,78.38994127304831
3466,Nizampet Road,2029,Jul-Sep,5502.240898876414,6929.660892300749,3887.376426089279,Nizampet Road,17.498662624353948,78.38994127304831
3467,Nizampet Road,2029,Oct-Dec,5737.850187265918,7226.393169498747,4053.8362395154886,Nizampet Road,17.498662624353948,78.38994127304831
3468,Nizampet Road,2030,Jan-Mar,5204.761647940081,6555.008024610899,3677.2049980122674,Nizampet Road,17.498662624353948,78.38994127304831
3469,Nizampet Road,2030,Apr-Jun,5250.163295880156,6612.188004542455,3709.28161900207,Nizampet Road,17.498662624353948,78.38994127304831
3470,Nizampet Road,2030,Jul-Sep,5502.240898876414,6929.660892300749,3887.376426089279,Nizampet Road,17.498662624353948,78.38994127304831
3471,Nizampet Road,2030,Oct-Dec,5737.850187265918,7226.393169498747,4053.8362395154886,Nizampet Road,17.498662624353948,78.38994127304831
3472,Osman Nagar,2024,Jan-Mar,5472.573782771529,6311.14843983709,4633.999125705968,Osman Nagar,17.4418133,78.2782231
3473,Osman Nagar,2024,Apr-Jun,5487.816029962542,6328.7262904787785,4646.905769446307,Osman Nagar,17.4418133,78.2782231
3474,Osman Nagar,2024,Jul-Sep,5720.750262172285,6597.353553362507,4844.146970982064,Osman Nagar,17.4418133,78.2782231
3475,Osman Nagar,2024,Oct-Dec,5985.998801498118,6903.2467165402,5068.750886456037,Osman Nagar,17.4418133,78.2782231
3476,Osman Nagar,2025,Jan-Mar,5472.573782771529,6311.14843983709,4633.999125705968,Osman Nagar,17.4418133,78.2782231
3477,Osman Nagar,2025,Apr-Jun,5487.816029962542,6328.7262904787785,4646.905769446307,Osman Nagar,17.4418133,78.2782231
3478,Osman Nagar,2025,Jul-Sep,5720.750262172285,6597.353553362507,4844.146970982064,Osman Nagar,17.4418133,78.2782231
3479,Osman Nagar,2025,Oct-Dec,5985.998801498118,6903.2467165402,5068.750886456037,Osman Nagar,17.4418133,78.2782231
3480,Osman Nagar,2026,Jan-Mar,5472.573782771529,6311.14843983709,4633.999125705968,Osman Nagar,17.4418133,78.2782231
3481,Osman Nagar,2026,Apr-Jun,5487.816029962542,6328.7262904787785,4646.905769446307,Osman Nagar,17.4418133,78.2782231
3482,Osman Nagar,2026,Jul-Sep,5720.750262172285,6597.353553362507,4844.146970982064,Osman Nagar,17.4418133,78.2782231
3483,Osman Nagar,2026,Oct-Dec,5985.998801498118,6903.2467165402,5068.750886456037,Osman Nagar,17.4418133,78.2782231
3484,Osman Nagar,2027,Jan-Mar,5472.573782771529,6311.14843983709,4633.999125705968,Osman Nagar,17.4418133,78.2782231
3485,Osman Nagar,2027,Apr-Jun,5487.816029962542,6328.7262904787785,4646.905769446307,Osman Nagar,17.4418133,78.2782231
3486,Osman Nagar,2027,Jul-Sep,5720.750262172285,6597.353553362507,4844.146970982064,Osman Nagar,17.4418133,78.2782231
3487,Osman Nagar,2027,Oct-Dec,5985.998801498118,6903.2467165402,5068.750886456037,Osman Nagar,17.4418133,78.2782231
3488,Osman Nagar,2028,Jan-Mar,5472.573782771529,6311.14843983709,4633.999125705968,Osman Nagar,17.4418133,78.2782231
3489,Osman Nagar,2028,Apr-Jun,5487.816029962542,6328.7262904787785,4646.905769446307,Osman Nagar,17.4418133,78.2782231
3490,Osman Nagar,2028,Jul-Sep,5720.750262172285,6597.353553362507,4844.146970982064,Osman Nagar,17.4418133,78.2782231
3491,Osman Nagar,2028,Oct-Dec,5985.998801498118,6903.2467165402,5068.750886456037,Osman Nagar,17.4418133,78.2782231
3492,Osman Nagar,2029,Jan-Mar,5472.573782771529,6311.14843983709,4633.999125705968,Osman Nagar,17.4418133,78.2782231
3493,Osman Nagar,2029,Apr-Jun,5487.816029962542,6328.7262904787785,4646.905769446307,Osman Nagar,17.4418133,78.2782231
3494,Osman Nagar,2029,Jul-Sep,5720.750262172285,6597.353553362507,4844.146970982064,Osman Nagar,17.4418133,78.2782231
3495,Osman Nagar,2029,Oct-Dec,5985.998801498118,6903.2467165402,5068.750886456037,Osman Nagar,17.4418133,78.2782231
3496,Osman Nagar,2030,Jan-Mar,5472.573782771529,6311.14843983709,4633.999125705968,Osman Nagar,17.4418133,78.2782231
3497,Osman Nagar,2030,Apr-Jun,5487.816029962542,6328.7262904787785,4646.905769446307,Osman Nagar,17.4418133,78.2782231
3498,Osman Nagar,2030,Jul-Sep,5720.750262172285,6597.353553362507,4844.146970982064,Osman Nagar,17.4418133,78.2782231
3499,Osman Nagar,2030,Oct-Dec,5985.998801498118,6903.2467165402,5068.750886456037,Osman Nagar,17.4418133,78.2782231
3500,Patancheru Chandanagar Road,2024,Jan-Mar,4761.677602996255,6090.937802187702,3252.3657672120394,Patancheru Chandanagar Road,,
3501,Patancheru Chandanagar Road,2024,Apr-Jun,4774.764943820227,6107.678578359672,3261.304805683048,Patancheru Chandanagar Road,,
3502,Patancheru Chandanagar Road,2024,Jul-Sep,4944.278052434463,6324.512620331583,3377.087241521149,Patancheru Chandanagar Road,,
3503,Patancheru Chandanagar Road,2024,Oct-Dec,5049.376179775285,6458.949726354163,3448.872351740769,Patancheru Chandanagar Road,,
3504,Patancheru Chandanagar Road,2025,Jan-Mar,4761.677602996255,6090.937802187702,3252.3657672120394,Patancheru Chandanagar Road,,
3505,Patancheru Chandanagar Road,2025,Apr-Jun,4774.764943820227,6107.678578359672,3261.304805683048,Patancheru Chandanagar Road,,
3506,Patancheru Chandanagar Road,2025,Jul-Sep,4944.278052434463,6324.512620331583,3377.087241521149,Patancheru Chandanagar Road,,
3507,Patancheru Chandanagar Road,2025,Oct-Dec,5049.376179775285,6458.949726354163,3448.872351740769,Patancheru Chandanagar Road,,
3508,Patancheru Chandanagar Road,2026,Jan-Mar,4761.677602996255,6090.937802187702,3252.3657672120394,Patancheru Chandanagar Road,,
3509,Patancheru Chandanagar Road,2026,Apr-Jun,4774.764943820227,6107.678578359672,3261.304805683048,Patancheru Chandanagar Road,,
3510,Patancheru Chandanagar Road,2026,Jul-Sep,4944.278052434463,6324.512620331583,3377.087241521149,Patancheru Chandanagar Road,,
3511,Patancheru Chandanagar Road,2026,Oct-Dec,5049.376179775285,6458.949726354163,3448.872351740769,Patancheru Chandanagar Road,,
3512,Patancheru Chandanagar Road,2027,Jan-Mar,4761.677602996255,6090.937802187702,3252.3657672120394,Patancheru Chandanagar Road,,
3513,Patancheru Chandanagar Road,2027,Apr-Jun,4774.764943820227,6107.678578359672,3261.304805683048,Patancheru Chandanagar Road,,
3514,Patancheru Chandanagar Road,2027,Jul-Sep,4944.278052434463,6324.512620331583,3377.087241521149,Patancheru Chandanagar Road,,
3515,Patancheru Chandanagar Road,2027,Oct-Dec,5049.376179775285,6458.949726354163,3448.872351740769,Patancheru Chandanagar Road,,
3516,Patancheru Chandanagar Road,2028,Jan-Mar,4761.677602996255,6090.937802187702,3252.3657672120394,Patancheru Chandanagar Road,,
3517,Patancheru Chandanagar Road,2028,Apr-Jun,4774.764943820227,6107.678578359672,3261.304805683048,Patancheru Chandanagar Road,,
3518,Patancheru Chandanagar Road,2028,Jul-Sep,4944.278052434463,6324.512620331583,3377.087241521149,Patancheru Chandanagar Road,,
3519,Patancheru Chandanagar Road,2028,Oct-Dec,5049.376179775285,6458.949726354163,3448.872351740769,Patancheru Chandanagar Road,,
3520,Patancheru Chandanagar Road,2029,Jan-Mar,4761.677602996255,6090.937802187702,3252.3657672120394,Patancheru Chandanagar Road,,
3521,Patancheru Chandanagar Road,2029,Apr-Jun,4774.764943820227,6107.678578359672,3261.304805683048,Patancheru Chandanagar Road,,
3522,Patancheru Chandanagar Road,2029,Jul-Sep,4944.278052434463,6324.512620331583,3377.087241521149,Patancheru Chandanagar Road,,
3523,Patancheru Chandanagar Road,2029,Oct-Dec,5049.376179775285,6458.949726354163,3448.872351740769,Patancheru Chandanagar Road,,
3524,Patancheru Chandanagar Road,2030,Jan-Mar,4761.677602996255,6090.937802187702,3252.3657672120394,Patancheru Chandanagar Road,,
3525,Patancheru Chandanagar Road,2030,Apr-Jun,4774.764943820227,6107.678578359672,3261.304805683048,Patancheru Chandanagar Road,,
3526,Patancheru Chandanagar Road,2030,Jul-Sep,4944.278052434463,6324.512620331583,3377.087241521149,Patancheru Chandanagar Road,,
3527,Patancheru Chandanagar Road,2030,Oct-Dec,5049.376179775285,6458.949726354163,3448.872351740769,Patancheru Chandanagar Road,,
3528,Patancheruvu,2024,Jan-Mar,4135.417228464424,5022.507436766494,3243.4585794854165,Patancheruvu,17.54578845,78.22222661865405
3529,Patancheruvu,2024,Apr-Jun,4366.47520599251,5303.129764900953,3424.6801922440163,Patancheruvu,17.54578845,78.22222661865405
3530,Patancheruvu,2024,Jul-Sep,4524.387116104876,5494.915429823538,3548.5324449578416,Patancheruvu,17.54578845,78.22222661865405
3531,Patancheruvu,2024,Oct-Dec,4555.289588014981,5532.446804871903,3572.769633639612,Patancheruvu,17.54578845,78.22222661865405
3532,Patancheruvu,2025,Jan-Mar,4135.417228464424,5022.507436766494,3243.4585794854165,Patancheruvu,17.54578845,78.22222661865405
3533,Patancheruvu,2025,Apr-Jun,4366.47520599251,5303.129764900953,3424.6801922440163,Patancheruvu,17.54578845,78.22222661865405
3534,Patancheruvu,2025,Jul-Sep,4524.387116104876,5494.915429823538,3548.5324449578416,Patancheruvu,17.54578845,78.22222661865405
3535,Patancheruvu,2025,Oct-Dec,4555.289588014981,5532.446804871903,3572.769633639612,Patancheruvu,17.54578845,78.22222661865405
3536,Patancheruvu,2026,Jan-Mar,4135.417228464424,5022.507436766494,3243.4585794854165,Patancheruvu,17.54578845,78.22222661865405
3537,Patancheruvu,2026,Apr-Jun,4366.47520599251,5303.129764900953,3424.6801922440163,Patancheruvu,17.54578845,78.22222661865405
3538,Patancheruvu,2026,Jul-Sep,4524.387116104876,5494.915429823538,3548.5324449578416,Patancheruvu,17.54578845,78.22222661865405
3539,Patancheruvu,2026,Oct-Dec,4555.289588014981,5532.446804871903,3572.769633639612,Patancheruvu,17.54578845,78.22222661865405
3540,Patancheruvu,2027,Jan-Mar,4135.417228464424,5022.507436766494,3243.4585794854165,Patancheruvu,17.54578845,78.22222661865405
3541,Patancheruvu,2027,Apr-Jun,4366.47520599251,5303.129764900953,3424.6801922440163,Patancheruvu,17.54578845,78.22222661865405
3542,Patancheruvu,2027,Jul-Sep,4524.387116104876,5494.915429823538,3548.5324449578416,Patancheruvu,17.54578845,78.22222661865405
3543,Patancheruvu,2027,Oct-Dec,4555.289588014981,5532.446804871903,3572.769633639612,Patancheruvu,17.54578845,78.22222661865405
3544,Patancheruvu,2028,Jan-Mar,4135.417228464424,5022.507436766494,3243.4585794854165,Patancheruvu,17.54578845,78.22222661865405
3545,Patancheruvu,2028,Apr-Jun,4366.47520599251,5303.129764900953,3424.6801922440163,Patancheruvu,17.54578845,78.22222661865405
3546,Patancheruvu,2028,Jul-Sep,4524.387116104876,5494.915429823538,3548.5324449578416,Patancheruvu,17.54578845,78.22222661865405
3547,Patancheruvu,2028,Oct-Dec,4555.289588014981,5532.446804871903,3572.769633639612,Patancheruvu,17.54578845,78.22222661865405
3548,Patancheruvu,2029,Jan-Mar,4135.417228464424,5022.507436766494,3243.4585794854165,Patancheruvu,17.54578845,78.22222661865405
3549,Patancheruvu,2029,Apr-Jun,4366.47520599251,5303.129764900953,3424.6801922440163,Patancheruvu,17.54578845,78.22222661865405
3550,Patancheruvu,2029,Jul-Sep,4524.387116104876,5494.915429823538,3548.5324449578416,Patancheruvu,17.54578845,78.22222661865405
3551,Patancheruvu,2029,Oct-Dec,4555.289588014981,5532.446804871903,3572.769633639612,Patancheruvu,17.54578845,78.22222661865405
3552,Patancheruvu,2030,Jan-Mar,4135.417228464424,5022.507436766494,3243.4585794854165,Patancheruvu,17.54578845,78.22222661865405
3553,Patancheruvu,2030,Apr-Jun,4366.47520599251,5303.129764900953,3424.6801922440163,Patancheruvu,17.54578845,78.22222661865405
3554,Patancheruvu,2030,Jul-Sep,4524.387116104876,5494.915429823538,3548.5324449578416,Patancheruvu,17.54578845,78.22222661865405
3555,Patancheruvu,2030,Oct-Dec,4555.289588014981,5532.446804871903,3572.769633639612,Patancheruvu,17.54578845,78.22222661865405
3556,Peerzadiguda,2024,Jan-Mar,4302.970486891383,5176.5202052700215,3430.4108268861346,Peerzadiguda,17.3945004,78.5925253
3557,Peerzadiguda,2024,Apr-Jun,4416.641797752805,5313.268026159395,3521.0317820317205,Peerzadiguda,17.3945004,78.5925253
3558,Peerzadiguda,2024,Jul-Sep,4538.533333333329,5459.904866617905,3618.206058414751,Peerzadiguda,17.3945004,78.5925253
3559,Peerzadiguda,2024,Oct-Dec,4577.330936329583,5506.578804177548,3649.136253678936,Peerzadiguda,17.3945004,78.5925253
3560,Peerzadiguda,2025,Jan-Mar,4302.970486891383,5176.5202052700215,3430.4108268861346,Peerzadiguda,17.3945004,78.5925253
3561,Peerzadiguda,2025,Apr-Jun,4416.641797752805,5313.268026159395,3521.0317820317205,Peerzadiguda,17.3945004,78.5925253
3562,Peerzadiguda,2025,Jul-Sep,4538.533333333329,5459.904866617905,3618.206058414751,Peerzadiguda,17.3945004,78.5925253
3563,Peerzadiguda,2025,Oct-Dec,4577.330936329583,5506.578804177548,3649.136253678936,Peerzadiguda,17.3945004,78.5925253
3564,Peerzadiguda,2026,Jan-Mar,4302.970486891383,5176.5202052700215,3430.4108268861346,Peerzadiguda,17.3945004,78.5925253
3565,Peerzadiguda,2026,Apr-Jun,4416.641797752805,5313.268026159395,3521.0317820317205,Peerzadiguda,17.3945004,78.5925253
3566,Peerzadiguda,2026,Jul-Sep,4538.533333333329,5459.904866617905,3618.206058414751,Peerzadiguda,17.3945004,78.5925253
3567,Peerzadiguda,2026,Oct-Dec,4577.330936329583,5506.578804177548,3649.136253678936,Peerzadiguda,17.3945004,78.5925253
3568,Peerzadiguda,2027,Jan-Mar,4302.970486891383,5176.5202052700215,3430.4108268861346,Peerzadiguda,17.3945004,78.5925253
3569,Peerzadiguda,2027,Apr-Jun,4416.641797752805,5313.268026159395,3521.0317820317205,Peerzadiguda,17.3945004,78.5925253
3570,Peerzadiguda,2027,Jul-Sep,4538.533333333329,5459.904866617905,3618.206058414751,Peerzadiguda,17.3945004,78.5925253
3571,Peerzadiguda,2027,Oct-Dec,4577.330936329583,5506.578804177548,3649.136253678936,Peerzadiguda,17.3945004,78.5925253
3572,Peerzadiguda,2028,Jan-Mar,4302.970486891383,5176.5202052700215,3430.4108268861346,Peerzadiguda,17.3945004,78.5925253
3573,Peerzadiguda,2028,Apr-Jun,4416.641797752805,5313.268026159395,3521.0317820317205,Peerzadiguda,17.3945004,78.5925253
3574,Peerzadiguda,2028,Jul-Sep,4538.533333333329,5459.904866617905,3618.206058414751,Peerzadiguda,17.3945004,78.5925253
3575,Peerzadiguda,2028,Oct-Dec,4577.330936329583,5506.578804177548,3649.136253678936,Peerzadiguda,17.3945004,78.5925253
3576,Peerzadiguda,2029,Jan-Mar,4302.970486891383,5176.5202052700215,3430.4108268861346,Peerzadiguda,17.3945004,78.5925253
3577,Peerzadiguda,2029,Apr-Jun,4416.641797752805,5313.268026159395,3521.0317820317205,Peerzadiguda,17.3945004,78.5925253
3578,Peerzadiguda,2029,Jul-Sep,4538.533333333329,5459.904866617905,3618.206058414751,Peerzadiguda,17.3945004,78.5925253
3579,Peerzadiguda,2029,Oct-Dec,4577.330936329583,5506.578804177548,3649.136253678936,Peerzadiguda,17.3945004,78.5925253
3580,Peerzadiguda,2030,Jan-Mar,4302.970486891383,5176.5202052700215,3430.4108268861346,Peerzadiguda,17.3945004,78.5925253
3581,Peerzadiguda,2030,Apr-Jun,4416.641797752805,5313.268026159395,3521.0317820317205,Peerzadiguda,17.3945004,78.5925253
3582,Peerzadiguda,2030,Jul-Sep,4538.533333333329,5459.904866617905,3618.206058414751,Peerzadiguda,17.3945004,78.5925253
3583,Peerzadiguda,2030,Oct-Dec,4577.330936329583,5506.578804177548,3649.136253678936,Peerzadiguda,17.3945004,78.5925253
3584,Power Welfare Society,2024,Jan-Mar,8256.350561797764,10121.554150023465,6845.090541516989,Power Welfare Society,,
3585,Power Welfare Society,2024,Apr-Jun,8631.155655430724,10581.031981362616,7155.830108852018,Power Welfare Society,,
3586,Power Welfare Society,2024,Jul-Sep,8866.179775280914,10869.15072557293,7350.681498430684,Power Welfare Society,,
3587,Power Welfare Society,2024,Oct-Dec,8902.107265917606,10913.194645369203,7380.467894308248,Power Welfare Society,,
3588,Power Welfare Society,2025,Jan-Mar,8256.350561797764,10121.554150023465,6845.090541516989,Power Welfare Society,,
3589,Power Welfare Society,2025,Apr-Jun,8631.155655430724,10581.031981362616,7155.830108852018,Power Welfare Society,,
3590,Power Welfare Society,2025,Jul-Sep,8866.179775280914,10869.15072557293,7350.681498430684,Power Welfare Society,,
3591,Power Welfare Society,2025,Oct-Dec,8902.107265917606,10913.194645369203,7380.467894308248,Power Welfare Society,,
3592,Power Welfare Society,2026,Jan-Mar,8256.350561797764,10121.554150023465,6845.090541516989,Power Welfare Society,,
3593,Power Welfare Society,2026,Apr-Jun,8631.155655430724,10581.031981362616,7155.830108852018,Power Welfare Society,,
3594,Power Welfare Society,2026,Jul-Sep,8866.179775280914,10869.15072557293,7350.681498430684,Power Welfare Society,,
3595,Power Welfare Society,2026,Oct-Dec,8902.107265917606,10913.194645369203,7380.467894308248,Power Welfare Society,,
3596,Power Welfare Society,2027,Jan-Mar,8256.350561797764,10121.554150023465,6845.090541516989,Power Welfare Society,,
3597,Power Welfare Society,2027,Apr-Jun,8631.155655430724,10581.031981362616,7155.830108852018,Power Welfare Society,,
3598,Power Welfare Society,2027,Jul-Sep,8866.179775280914,10869.15072557293,7350.681498430684,Power Welfare Society,,
3599,Power Welfare Society,2027,Oct-Dec,8902.107265917606,10913.194645369203,7380.467894308248,Power Welfare Society,,
3600,Power Welfare Society,2028,Jan-Mar,8256.350561797764,10121.554150023465,6845.090541516989,Power Welfare Society,,
3601,Power Welfare Society,2028,Apr-Jun,8631.155655430724,10581.031981362616,7155.830108852018,Power Welfare Society,,
3602,Power Welfare Society,2028,Jul-Sep,8866.179775280914,10869.15072557293,7350.681498430684,Power Welfare Society,,
3603,Power Welfare Society,2028,Oct-Dec,8902.107265917606,10913.194645369203,7380.467894308248,Power Welfare Society,,
3604,Power Welfare Society,2029,Jan-Mar,8256.350561797764,10121.554150023465,6845.090541516989,Power Welfare Society,,
3605,Power Welfare Society,2029,Apr-Jun,8631.155655430724,10581.031981362616,7155.830108852018,Power Welfare Society,,
3606,Power Welfare Society,2029,Jul-Sep,8866.179775280914,10869.15072557293,7350.681498430684,Power Welfare Society,,
3607,Power Welfare Society,2029,Oct-Dec,8902.107265917606,10913.194645369203,7380.467894308248,Power Welfare Society,,
3608,Power Welfare Society,2030,Jan-Mar,8256.350561797764,10121.554150023465,6845.090541516989,Power Welfare Society,,
3609,Power Welfare Society,2030,Apr-Jun,8631.155655430724,10581.031981362616,7155.830108852018,Power Welfare Society,,
3610,Power Welfare Society,2030,Jul-Sep,8866.179775280914,10869.15072557293,7350.681498430684,Power Welfare Society,,
3611,Power Welfare Society,2030,Oct-Dec,8902.107265917606,10913.194645369203,7380.467894308248,Power Welfare Society,,
3612,Pragathi Nagar,2024,Jan-Mar,4854.431460674158,5843.841566754541,3864.8185983115336,Pragathi Nagar,13.0008054,76.1144371
3613,Pragathi Nagar,2024,Apr-Jun,4840.833258426964,5827.471835269188,3853.992493262095,Pragathi Nagar,13.0008054,76.1144371
3614,Pragathi Nagar,2024,Jul-Sep,4889.810936329582,5886.431940543943,3892.985698129357,Pragathi Nagar,13.0008054,76.1144371
3615,Pragathi Nagar,2024,Oct-Dec,5013.560149812733,6035.403205966978,3991.5076910075272,Pragathi Nagar,13.0008054,76.1144371
3616,Pragathi Nagar,2025,Jan-Mar,4854.431460674158,5843.841566754541,3864.8185983115336,Pragathi Nagar,13.0008054,76.1144371
3617,Pragathi Nagar,2025,Apr-Jun,4840.833258426964,5827.471835269188,3853.992493262095,Pragathi Nagar,13.0008054,76.1144371
3618,Pragathi Nagar,2025,Jul-Sep,4889.810936329582,5886.431940543943,3892.985698129357,Pragathi Nagar,13.0008054,76.1144371
3619,Pragathi Nagar,2025,Oct-Dec,5013.560149812733,6035.403205966978,3991.5076910075272,Pragathi Nagar,13.0008054,76.1144371
3620,Pragathi Nagar,2026,Jan-Mar,4854.431460674158,5843.841566754541,3864.8185983115336,Pragathi Nagar,13.0008054,76.1144371
3621,Pragathi Nagar,2026,Apr-Jun,4840.833258426964,5827.471835269188,3853.992493262095,Pragathi Nagar,13.0008054,76.1144371
3622,Pragathi Nagar,2026,Jul-Sep,4889.810936329582,5886.431940543943,3892.985698129357,Pragathi Nagar,13.0008054,76.1144371
3623,Pragathi Nagar,2026,Oct-Dec,5013.560149812733,6035.403205966978,3991.5076910075272,Pragathi Nagar,13.0008054,76.1144371
3624,Pragathi Nagar,2027,Jan-Mar,4854.431460674158,5843.841566754541,3864.8185983115336,Pragathi Nagar,13.0008054,76.1144371
3625,Pragathi Nagar,2027,Apr-Jun,4840.833258426964,5827.471835269188,3853.992493262095,Pragathi Nagar,13.0008054,76.1144371
3626,Pragathi Nagar,2027,Jul-Sep,4889.810936329582,5886.431940543943,3892.985698129357,Pragathi Nagar,13.0008054,76.1144371
3627,Pragathi Nagar,2027,Oct-Dec,5013.560149812733,6035.403205966978,3991.5076910075272,Pragathi Nagar,13.0008054,76.1144371
3628,Pragathi Nagar,2028,Jan-Mar,4854.431460674158,5843.841566754541,3864.8185983115336,Pragathi Nagar,13.0008054,76.1144371
3629,Pragathi Nagar,2028,Apr-Jun,4840.833258426964,5827.471835269188,3853.992493262095,Pragathi Nagar,13.0008054,76.1144371
3630,Pragathi Nagar,2028,Jul-Sep,4889.810936329582,5886.431940543943,3892.985698129357,Pragathi Nagar,13.0008054,76.1144371
3631,Pragathi Nagar,2028,Oct-Dec,5013.560149812733,6035.403205966978,3991.5076910075272,Pragathi Nagar,13.0008054,76.1144371
3632,Pragathi Nagar,2029,Jan-Mar,4854.431460674158,5843.841566754541,3864.8185983115336,Pragathi Nagar,13.0008054,76.1144371
3633,Pragathi Nagar,2029,Apr-Jun,4840.833258426964,5827.471835269188,3853.992493262095,Pragathi Nagar,13.0008054,76.1144371
3634,Pragathi Nagar,2029,Jul-Sep,4889.810936329582,5886.431940543943,3892.985698129357,Pragathi Nagar,13.0008054,76.1144371
3635,Pragathi Nagar,2029,Oct-Dec,5013.560149812733,6035.403205966978,3991.5076910075272,Pragathi Nagar,13.0008054,76.1144371
3636,Pragathi Nagar,2030,Jan-Mar,4854.431460674158,5843.841566754541,3864.8185983115336,Pragathi Nagar,13.0008054,76.1144371
3637,Pragathi Nagar,2030,Apr-Jun,4840.833258426964,5827.471835269188,3853.992493262095,Pragathi Nagar,13.0008054,76.1144371
3638,Pragathi Nagar,2030,Jul-Sep,4889.810936329582,5886.431940543943,3892.985698129357,Pragathi Nagar,13.0008054,76.1144371
3639,Pragathi Nagar,2030,Oct-Dec,5013.560149812733,6035.403205966978,3991.5076910075272,Pragathi Nagar,13.0008054,76.1144371
3640,Prgathi Nagar Road,2024,Jan-Mar,4655.437003745321,5611.256252355454,3507.580829911006,Prgathi Nagar Road,,
3641,Prgathi Nagar Road,2024,Apr-Jun,4689.748314606735,5652.612103039876,3533.432258279555,Prgathi Nagar Road,,
3642,Prgathi Nagar Road,2024,Jul-Sep,4762.903670411982,5740.787165300461,3588.5502468639493,Prgathi Nagar Road,,
3643,Prgathi Nagar Road,2024,Oct-Dec,4919.561647940079,5929.608978414611,3706.5822422250967,Prgathi Nagar Road,,
3644,Prgathi Nagar Road,2025,Jan-Mar,4655.437003745321,5611.256252355454,3507.580829911006,Prgathi Nagar Road,,
3645,Prgathi Nagar Road,2025,Apr-Jun,4689.748314606735,5652.612103039876,3533.432258279555,Prgathi Nagar Road,,
3646,Prgathi Nagar Road,2025,Jul-Sep,4762.903670411982,5740.787165300461,3588.5502468639493,Prgathi Nagar Road,,
3647,Prgathi Nagar Road,2025,Oct-Dec,4919.561647940079,5929.608978414611,3706.5822422250967,Prgathi Nagar Road,,
3648,Prgathi Nagar Road,2026,Jan-Mar,4655.437003745321,5611.256252355454,3507.580829911006,Prgathi Nagar Road,,
3649,Prgathi Nagar Road,2026,Apr-Jun,4689.748314606735,5652.612103039876,3533.432258279555,Prgathi Nagar Road,,
3650,Prgathi Nagar Road,2026,Jul-Sep,4762.903670411982,5740.787165300461,3588.5502468639493,Prgathi Nagar Road,,
3651,Prgathi Nagar Road,2026,Oct-Dec,4919.561647940079,5929.608978414611,3706.5822422250967,Prgathi Nagar Road,,
3652,Prgathi Nagar Road,2027,Jan-Mar,4655.437003745321,5611.256252355454,3507.580829911006,Prgathi Nagar Road,,
3653,Prgathi Nagar Road,2027,Apr-Jun,4689.748314606735,5652.612103039876,3533.432258279555,Prgathi Nagar Road,,
3654,Prgathi Nagar Road,2027,Jul-Sep,4762.903670411982,5740.787165300461,3588.5502468639493,Prgathi Nagar Road,,
3655,Prgathi Nagar Road,2027,Oct-Dec,4919.561647940079,5929.608978414611,3706.5822422250967,Prgathi Nagar Road,,
3656,Prgathi Nagar Road,2028,Jan-Mar,4655.437003745321,5611.256252355454,3507.580829911006,Prgathi Nagar Road,,
3657,Prgathi Nagar Road,2028,Apr-Jun,4689.748314606735,5652.612103039876,3533.432258279555,Prgathi Nagar Road,,
3658,Prgathi Nagar Road,2028,Jul-Sep,4762.903670411982,5740.787165300461,3588.5502468639493,Prgathi Nagar Road,,
3659,Prgathi Nagar Road,2028,Oct-Dec,4919.561647940079,5929.608978414611,3706.5822422250967,Prgathi Nagar Road,,
3660,Prgathi Nagar Road,2029,Jan-Mar,4655.437003745321,5611.256252355454,3507.580829911006,Prgathi Nagar Road,,
3661,Prgathi Nagar Road,2029,Apr-Jun,4689.748314606735,5652.612103039876,3533.432258279555,Prgathi Nagar Road,,
3662,Prgathi Nagar Road,2029,Jul-Sep,4762.903670411982,5740.787165300461,3588.5502468639493,Prgathi Nagar Road,,
3663,Prgathi Nagar Road,2029,Oct-Dec,4919.561647940079,5929.608978414611,3706.5822422250967,Prgathi Nagar Road,,
3664,Prgathi Nagar Road,2030,Jan-Mar,4655.437003745321,5611.256252355454,3507.580829911006,Prgathi Nagar Road,,
3665,Prgathi Nagar Road,2030,Apr-Jun,4689.748314606735,5652.612103039876,3533.432258279555,Prgathi Nagar Road,,
3666,Prgathi Nagar Road,2030,Jul-Sep,4762.903670411982,5740.787165300461,3588.5502468639493,Prgathi Nagar Road,,
3667,Prgathi Nagar Road,2030,Oct-Dec,4919.561647940079,5929.608978414611,3706.5822422250967,Prgathi Nagar Road,,
3668,Puppalaguda,2024,Jan-Mar,6841.013632958807,8291.415947499372,5390.654704667553,Puppalaguda,17.39999505,78.3861689281263
3669,Puppalaguda,2024,Apr-Jun,7270.694531835206,8812.195944211462,5729.239230778494,Puppalaguda,17.39999505,78.3861689281263
3670,Puppalaguda,2024,Jul-Sep,7560.380823970031,9163.300279219167,5957.509317253805,Puppalaguda,17.39999505,78.3861689281263
3671,Puppalaguda,2024,Oct-Dec,7703.329138576773,9336.555881238171,6070.151251037798,Puppalaguda,17.39999505,78.3861689281263
3672,Puppalaguda,2025,Jan-Mar,6841.013632958807,8291.415947499372,5390.654704667553,Puppalaguda,17.39999505,78.3861689281263
3673,Puppalaguda,2025,Apr-Jun,7270.694531835206,8812.195944211462,5729.239230778494,Puppalaguda,17.39999505,78.3861689281263
3674,Puppalaguda,2025,Jul-Sep,7560.380823970031,9163.300279219167,5957.509317253805,Puppalaguda,17.39999505,78.3861689281263
3675,Puppalaguda,2025,Oct-Dec,7703.329138576773,9336.555881238171,6070.151251037798,Puppalaguda,17.39999505,78.3861689281263
3676,Puppalaguda,2026,Jan-Mar,6841.013632958807,8291.415947499372,5390.654704667553,Puppalaguda,17.39999505,78.3861689281263
3677,Puppalaguda,2026,Apr-Jun,7270.694531835206,8812.195944211462,5729.239230778494,Puppalaguda,17.39999505,78.3861689281263
3678,Puppalaguda,2026,Jul-Sep,7560.380823970031,9163.300279219167,5957.509317253805,Puppalaguda,17.39999505,78.3861689281263
3679,Puppalaguda,2026,Oct-Dec,7703.329138576773,9336.555881238171,6070.151251037798,Puppalaguda,17.39999505,78.3861689281263
3680,Puppalaguda,2027,Jan-Mar,6841.013632958807,8291.415947499372,5390.654704667553,Puppalaguda,17.39999505,78.3861689281263
3681,Puppalaguda,2027,Apr-Jun,7270.694531835206,8812.195944211462,5729.239230778494,Puppalaguda,17.39999505,78.3861689281263
3682,Puppalaguda,2027,Jul-Sep,7560.380823970031,9163.300279219167,5957.509317253805,Puppalaguda,17.39999505,78.3861689281263
3683,Puppalaguda,2027,Oct-Dec,7703.329138576773,9336.555881238171,6070.151251037798,Puppalaguda,17.39999505,78.3861689281263
3684,Puppalaguda,2028,Jan-Mar,6841.013632958807,8291.415947499372,5390.654704667553,Puppalaguda,17.39999505,78.3861689281263
3685,Puppalaguda,2028,Apr-Jun,7270.694531835206,8812.195944211462,5729.239230778494,Puppalaguda,17.39999505,78.3861689281263
3686,Puppalaguda,2028,Jul-Sep,7560.380823970031,9163.300279219167,5957.509317253805,Puppalaguda,17.39999505,78.3861689281263
3687,Puppalaguda,2028,Oct-Dec,7703.329138576773,9336.555881238171,6070.151251037798,Puppalaguda,17.39999505,78.3861689281263
3688,Puppalaguda,2029,Jan-Mar,6841.013632958807,8291.415947499372,5390.654704667553,Puppalaguda,17.39999505,78.3861689281263
3689,Puppalaguda,2029,Apr-Jun,7270.694531835206,8812.195944211462,5729.239230778494,Puppalaguda,17.39999505,78.3861689281263
3690,Puppalaguda,2029,Jul-Sep,7560.380823970031,9163.300279219167,5957.509317253805,Puppalaguda,17.39999505,78.3861689281263
3691,Puppalaguda,2029,Oct-Dec,7703.329138576773,9336.555881238171,6070.151251037798,Puppalaguda,17.39999505,78.3861689281263
3692,Puppalaguda,2030,Jan-Mar,6841.013632958807,8291.415947499372,5390.654704667553,Puppalaguda,17.39999505,78.3861689281263
3693,Puppalaguda,2030,Apr-Jun,7270.694531835206,8812.195944211462,5729.239230778494,Puppalaguda,17.39999505,78.3861689281263
3694,Puppalaguda,2030,Jul-Sep,7560.380823970031,9163.300279219167,5957.509317253805,Puppalaguda,17.39999505,78.3861689281263
3695,Puppalaguda,2030,Oct-Dec,7703.329138576773,9336.555881238171,6070.151251037798,Puppalaguda,17.39999505,78.3861689281263
3696,Puppalaguda Road,2024,Jan-Mar,7317.508014981284,9381.436912140063,5253.616695728286,Puppalaguda Road,17.4024071,78.3807595
3697,Puppalaguda Road,2024,Apr-Jun,7576.10606741574,9712.973455666806,5439.277585059877,Puppalaguda Road,17.4024071,78.3807595
3698,Puppalaguda Road,2024,Jul-Sep,7895.905318352064,10122.97321119375,5668.877973684087,Puppalaguda Road,17.4024071,78.3807595
3699,Puppalaguda Road,2024,Oct-Dec,8119.922696629214,10410.175479674694,5829.711612163283,Puppalaguda Road,17.4024071,78.3807595
3700,Puppalaguda Road,2025,Jan-Mar,7317.508014981284,9381.436912140063,5253.616695728286,Puppalaguda Road,17.4024071,78.3807595
3701,Puppalaguda Road,2025,Apr-Jun,7576.10606741574,9712.973455666806,5439.277585059877,Puppalaguda Road,17.4024071,78.3807595
3702,Puppalaguda Road,2025,Jul-Sep,7895.905318352064,10122.97321119375,5668.877973684087,Puppalaguda Road,17.4024071,78.3807595
3703,Puppalaguda Road,2025,Oct-Dec,8119.922696629214,10410.175479674694,5829.711612163283,Puppalaguda Road,17.4024071,78.3807595
3704,Puppalaguda Road,2026,Jan-Mar,7317.508014981284,9381.436912140063,5253.616695728286,Puppalaguda Road,17.4024071,78.3807595
3705,Puppalaguda Road,2026,Apr-Jun,7576.10606741574,9712.973455666806,5439.277585059877,Puppalaguda Road,17.4024071,78.3807595
3706,Puppalaguda Road,2026,Jul-Sep,7895.905318352064,10122.97321119375,5668.877973684087,Puppalaguda Road,17.4024071,78.3807595
3707,Puppalaguda Road,2026,Oct-Dec,8119.922696629214,10410.175479674694,5829.711612163283,Puppalaguda Road,17.4024071,78.3807595
3708,Puppalaguda Road,2027,Jan-Mar,7317.508014981284,9381.436912140063,5253.616695728286,Puppalaguda Road,17.4024071,78.3807595
3709,Puppalaguda Road,2027,Apr-Jun,7576.10606741574,9712.973455666806,5439.277585059877,Puppalaguda Road,17.4024071,78.3807595
3710,Puppalaguda Road,2027,Jul-Sep,7895.905318352064,10122.97321119375,5668.877973684087,Puppalaguda Road,17.4024071,78.3807595
3711,Puppalaguda Road,2027,Oct-Dec,8119.922696629214,10410.175479674694,5829.711612163283,Puppalaguda Road,17.4024071,78.3807595
3712,Puppalaguda Road,2028,Jan-Mar,7317.508014981284,9381.436912140063,5253.616695728286,Puppalaguda Road,17.4024071,78.3807595
3713,Puppalaguda Road,2028,Apr-Jun,7576.10606741574,9712.973455666806,5439.277585059877,Puppalaguda Road,17.4024071,78.3807595
3714,Puppalaguda Road,2028,Jul-Sep,7895.905318352064,10122.97321119375,5668.877973684087,Puppalaguda Road,17.4024071,78.3807595
3715,Puppalaguda Road,2028,Oct-Dec,8119.922696629214,10410.175479674694,5829.711612163283,Puppalaguda Road,17.4024071,78.3807595
3716,Puppalaguda Road,2029,Jan-Mar,7317.508014981284,9381.436912140063,5253.616695728286,Puppalaguda Road,17.4024071,78.3807595
3717,Puppalaguda Road,2029,Apr-Jun,7576.10606741574,9712.973455666806,5439.277585059877,Puppalaguda Road,17.4024071,78.3807595
3718,Puppalaguda Road,2029,Jul-Sep,7895.905318352064,10122.97321119375,5668.877973684087,Puppalaguda Road,17.4024071,78.3807595
3719,Puppalaguda Road,2029,Oct-Dec,8119.922696629214,10410.175479674694,5829.711612163283,Puppalaguda Road,17.4024071,78.3807595
3720,Puppalaguda Road,2030,Jan-Mar,7317.508014981284,9381.436912140063,5253.616695728286,Puppalaguda Road,17.4024071,78.3807595
3721,Puppalaguda Road,2030,Apr-Jun,7576.10606741574,9712.973455666806,5439.277585059877,Puppalaguda Road,17.4024071,78.3807595
3722,Puppalaguda Road,2030,Jul-Sep,7895.905318352064,10122.97321119375,5668.877973684087,Puppalaguda Road,17.4024071,78.3807595
3723,Puppalaguda Road,2030,Oct-Dec,8119.922696629214,10410.175479674694,5829.711612163283,Puppalaguda Road,17.4024071,78.3807595
3724,Quthbullapur,2024,Jan-Mar,4925.729138576787,5907.717945682119,3912.988006358256,Quthbullapur,17.2356174,78.0285618
3725,Quthbullapur,2024,Apr-Jun,5093.393857677903,6108.808148172955,4046.180477254384,Quthbullapur,17.2356174,78.0285618
3726,Quthbullapur,2024,Jul-Sep,5323.588014981273,6384.893599855996,4229.046191409769,Quthbullapur,17.2356174,78.0285618
3727,Quthbullapur,2024,Oct-Dec,5606.438052434451,6724.132359273816,4453.741616800548,Quthbullapur,17.2356174,78.0285618
3728,Quthbullapur,2025,Jan-Mar,4925.729138576787,5907.717945682119,3912.988006358256,Quthbullapur,17.2356174,78.0285618
3729,Quthbullapur,2025,Apr-Jun,5093.393857677903,6108.808148172955,4046.180477254384,Quthbullapur,17.2356174,78.0285618
3730,Quthbullapur,2025,Jul-Sep,5323.588014981273,6384.893599855996,4229.046191409769,Quthbullapur,17.2356174,78.0285618
3731,Quthbullapur,2025,Oct-Dec,5606.438052434451,6724.132359273816,4453.741616800548,Quthbullapur,17.2356174,78.0285618
3732,Quthbullapur,2026,Jan-Mar,4925.729138576787,5907.717945682119,3912.988006358256,Quthbullapur,17.2356174,78.0285618
3733,Quthbullapur,2026,Apr-Jun,5093.393857677903,6108.808148172955,4046.180477254384,Quthbullapur,17.2356174,78.0285618
3734,Quthbullapur,2026,Jul-Sep,5323.588014981273,6384.893599855996,4229.046191409769,Quthbullapur,17.2356174,78.0285618
3735,Quthbullapur,2026,Oct-Dec,5606.438052434451,6724.132359273816,4453.741616800548,Quthbullapur,17.2356174,78.0285618
3736,Quthbullapur,2027,Jan-Mar,4925.729138576787,5907.717945682119,3912.988006358256,Quthbullapur,17.2356174,78.0285618
3737,Quthbullapur,2027,Apr-Jun,5093.393857677903,6108.808148172955,4046.180477254384,Quthbullapur,17.2356174,78.0285618
3738,Quthbullapur,2027,Jul-Sep,5323.588014981273,6384.893599855996,4229.046191409769,Quthbullapur,17.2356174,78.0285618
3739,Quthbullapur,2027,Oct-Dec,5606.438052434451,6724.132359273816,4453.741616800548,Quthbullapur,17.2356174,78.0285618
3740,Quthbullapur,2028,Jan-Mar,4925.729138576787,5907.717945682119,3912.988006358256,Quthbullapur,17.2356174,78.0285618
3741,Quthbullapur,2028,Apr-Jun,5093.393857677903,6108.808148172955,4046.180477254384,Quthbullapur,17.2356174,78.0285618
3742,Quthbullapur,2028,Jul-Sep,5323.588014981273,6384.893599855996,4229.046191409769,Quthbullapur,17.2356174,78.0285618
3743,Quthbullapur,2028,Oct-Dec,5606.438052434451,6724.132359273816,4453.741616800548,Quthbullapur,17.2356174,78.0285618
3744,Quthbullapur,2029,Jan-Mar,4925.729138576787,5907.717945682119,3912.988006358256,Quthbullapur,17.2356174,78.0285618
3745,Quthbullapur,2029,Apr-Jun,5093.393857677903,6108.808148172955,4046.180477254384,Quthbullapur,17.2356174,78.0285618
3746,Quthbullapur,2029,Jul-Sep,5323.588014981273,6384.893599855996,4229.046191409769,Quthbullapur,17.2356174,78.0285618
3747,Quthbullapur,2029,Oct-Dec,5606.438052434451,6724.132359273816,4453.741616800548,Quthbullapur,17.2356174,78.0285618
3748,Quthbullapur,2030,Jan-Mar,4925.729138576787,5907.717945682119,3912.988006358256,Quthbullapur,17.2356174,78.0285618
3749,Quthbullapur,2030,Apr-Jun,5093.393857677903,6108.808148172955,4046.180477254384,Quthbullapur,17.2356174,78.0285618
3750,Quthbullapur,2030,Jul-Sep,5323.588014981273,6384.893599855996,4229.046191409769,Quthbullapur,17.2356174,78.0285618
3751,Quthbullapur,2030,Oct-Dec,5606.438052434451,6724.132359273816,4453.741616800548,Quthbullapur,17.2356174,78.0285618
3752,Quthbullapur Main Road,2024,Jan-Mar,4947.575430711618,6317.691789053907,3577.459072369329,Quthbullapur Main Road,17.5022536,78.4515586
3753,Quthbullapur Main Road,2024,Apr-Jun,5155.421722846434,6583.096295078096,3727.7471506147735,Quthbullapur Main Road,17.5022536,78.4515586
3754,Quthbullapur Main Road,2024,Jul-Sep,5480.273857677892,6997.908700391166,3962.63901496462,Quthbullapur Main Road,17.5022536,78.4515586
3755,Quthbullapur Main Road,2024,Oct-Dec,5631.070861423213,7190.465439690584,4071.6762831558426,Quthbullapur Main Road,17.5022536,78.4515586
3756,Quthbullapur Main Road,2025,Jan-Mar,4947.575430711618,6317.691789053907,3577.459072369329,Quthbullapur Main Road,17.5022536,78.4515586
3757,Quthbullapur Main Road,2025,Apr-Jun,5155.421722846434,6583.096295078096,3727.7471506147735,Quthbullapur Main Road,17.5022536,78.4515586
3758,Quthbullapur Main Road,2025,Jul-Sep,5480.273857677892,6997.908700391166,3962.63901496462,Quthbullapur Main Road,17.5022536,78.4515586
3759,Quthbullapur Main Road,2025,Oct-Dec,5631.070861423213,7190.465439690584,4071.6762831558426,Quthbullapur Main Road,17.5022536,78.4515586
3760,Quthbullapur Main Road,2026,Jan-Mar,4947.575430711618,6317.691789053907,3577.459072369329,Quthbullapur Main Road,17.5022536,78.4515586
3761,Quthbullapur Main Road,2026,Apr-Jun,5155.421722846434,6583.096295078096,3727.7471506147735,Quthbullapur Main Road,17.5022536,78.4515586
3762,Quthbullapur Main Road,2026,Jul-Sep,5480.273857677892,6997.908700391166,3962.63901496462,Quthbullapur Main Road,17.5022536,78.4515586
3763,Quthbullapur Main Road,2026,Oct-Dec,5631.070861423213,7190.465439690584,4071.6762831558426,Quthbullapur Main Road,17.5022536,78.4515586
3764,Quthbullapur Main Road,2027,Jan-Mar,4947.575430711618,6317.691789053907,3577.459072369329,Quthbullapur Main Road,17.5022536,78.4515586
3765,Quthbullapur Main Road,2027,Apr-Jun,5155.421722846434,6583.096295078096,3727.7471506147735,Quthbullapur Main Road,17.5022536,78.4515586
3766,Quthbullapur Main Road,2027,Jul-Sep,5480.273857677892,6997.908700391166,3962.63901496462,Quthbullapur Main Road,17.5022536,78.4515586
3767,Quthbullapur Main Road,2027,Oct-Dec,5631.070861423213,7190.465439690584,4071.6762831558426,Quthbullapur Main Road,17.5022536,78.4515586
3768,Quthbullapur Main Road,2028,Jan-Mar,4947.575430711618,6317.691789053907,3577.459072369329,Quthbullapur Main Road,17.5022536,78.4515586
3769,Quthbullapur Main Road,2028,Apr-Jun,5155.421722846434,6583.096295078096,3727.7471506147735,Quthbullapur Main Road,17.5022536,78.4515586
3770,Quthbullapur Main Road,2028,Jul-Sep,5480.273857677892,6997.908700391166,3962.63901496462,Quthbullapur Main Road,17.5022536,78.4515586
3771,Quthbullapur Main Road,2028,Oct-Dec,5631.070861423213,7190.465439690584,4071.6762831558426,Quthbullapur Main Road,17.5022536,78.4515586
3772,Quthbullapur Main Road,2029,Jan-Mar,4947.575430711618,6317.691789053907,3577.459072369329,Quthbullapur Main Road,17.5022536,78.4515586
3773,Quthbullapur Main Road,2029,Apr-Jun,5155.421722846434,6583.096295078096,3727.7471506147735,Quthbullapur Main Road,17.5022536,78.4515586
3774,Quthbullapur Main Road,2029,Jul-Sep,5480.273857677892,6997.908700391166,3962.63901496462,Quthbullapur Main Road,17.5022536,78.4515586
3775,Quthbullapur Main Road,2029,Oct-Dec,5631.070861423213,7190.465439690584,4071.6762831558426,Quthbullapur Main Road,17.5022536,78.4515586
3776,Quthbullapur Main Road,2030,Jan-Mar,4947.575430711618,6317.691789053907,3577.459072369329,Quthbullapur Main Road,17.5022536,78.4515586
3777,Quthbullapur Main Road,2030,Apr-Jun,5155.421722846434,6583.096295078096,3727.7471506147735,Quthbullapur Main Road,17.5022536,78.4515586
3778,Quthbullapur Main Road,2030,Jul-Sep,5480.273857677892,6997.908700391166,3962.63901496462,Quthbullapur Main Road,17.5022536,78.4515586
3779,Quthbullapur Main Road,2030,Oct-Dec,5631.070861423213,7190.465439690584,4071.6762831558426,Quthbullapur Main Road,17.5022536,78.4515586
3780,RTC Cross Road,2024,Jan-Mar,5094.341273408247,6546.727166796815,3646.069081374225,RTC Cross Road,,
3781,RTC Cross Road,2024,Apr-Jun,5536.347865168528,7114.748900496715,3962.417453320372,RTC Cross Road,,
3782,RTC Cross Road,2024,Jul-Sep,5793.208988764041,7444.840585699357,4146.255431713618,RTC Cross Road,,
3783,RTC Cross Road,2024,Oct-Dec,6003.730337078659,7715.381123962105,4296.927586927439,RTC Cross Road,,
3784,RTC Cross Road,2025,Jan-Mar,5094.341273408247,6546.727166796815,3646.069081374225,RTC Cross Road,,
3785,RTC Cross Road,2025,Apr-Jun,5536.347865168528,7114.748900496715,3962.417453320372,RTC Cross Road,,
3786,RTC Cross Road,2025,Jul-Sep,5793.208988764041,7444.840585699357,4146.255431713618,RTC Cross Road,,
3787,RTC Cross Road,2025,Oct-Dec,6003.730337078659,7715.381123962105,4296.927586927439,RTC Cross Road,,
3788,RTC Cross Road,2026,Jan-Mar,5094.341273408247,6546.727166796815,3646.069081374225,RTC Cross Road,,
3789,RTC Cross Road,2026,Apr-Jun,5536.347865168528,7114.748900496715,3962.417453320372,RTC Cross Road,,
3790,RTC Cross Road,2026,Jul-Sep,5793.208988764041,7444.840585699357,4146.255431713618,RTC Cross Road,,
3791,RTC Cross Road,2026,Oct-Dec,6003.730337078659,7715.381123962105,4296.927586927439,RTC Cross Road,,
3792,RTC Cross Road,2027,Jan-Mar,5094.341273408247,6546.727166796815,3646.069081374225,RTC Cross Road,,
3793,RTC Cross Road,2027,Apr-Jun,5536.347865168528,7114.748900496715,3962.417453320372,RTC Cross Road,,
3794,RTC Cross Road,2027,Jul-Sep,5793.208988764041,7444.840585699357,4146.255431713618,RTC Cross Road,,
3795,RTC Cross Road,2027,Oct-Dec,6003.730337078659,7715.381123962105,4296.927586927439,RTC Cross Road,,
3796,RTC Cross Road,2028,Jan-Mar,5094.341273408247,6546.727166796815,3646.069081374225,RTC Cross Road,,
3797,RTC Cross Road,2028,Apr-Jun,5536.347865168528,7114.748900496715,3962.417453320372,RTC Cross Road,,
3798,RTC Cross Road,2028,Jul-Sep,5793.208988764041,7444.840585699357,4146.255431713618,RTC Cross Road,,
3799,RTC Cross Road,2028,Oct-Dec,6003.730337078659,7715.381123962105,4296.927586927439,RTC Cross Road,,
3800,RTC Cross Road,2029,Jan-Mar,5094.341273408247,6546.727166796815,3646.069081374225,RTC Cross Road,,
3801,RTC Cross Road,2029,Apr-Jun,5536.347865168528,7114.748900496715,3962.417453320372,RTC Cross Road,,
3802,RTC Cross Road,2029,Jul-Sep,5793.208988764041,7444.840585699357,4146.255431713618,RTC Cross Road,,
3803,RTC Cross Road,2029,Oct-Dec,6003.730337078659,7715.381123962105,4296.927586927439,RTC Cross Road,,
3804,RTC Cross Road,2030,Jan-Mar,5094.341273408247,6546.727166796815,3646.069081374225,RTC Cross Road,,
3805,RTC Cross Road,2030,Apr-Jun,5536.347865168528,7114.748900496715,3962.417453320372,RTC Cross Road,,
3806,RTC Cross Road,2030,Jul-Sep,5793.208988764041,7444.840585699357,4146.255431713618,RTC Cross Road,,
3807,RTC Cross Road,2030,Oct-Dec,6003.730337078659,7715.381123962105,4296.927586927439,RTC Cross Road,,
3808,Raj Bhavan Road,2024,Jan-Mar,7417.934082397015,9788.344697078788,5115.293932399798,Raj Bhavan Road,12.98328229223872,77.59163117134872
3809,Raj Bhavan Road,2024,Apr-Jun,7634.604344569298,10074.252227152634,5264.706432579795,Raj Bhavan Road,12.98328229223872,77.59163117134872
3810,Raj Bhavan Road,2024,Jul-Sep,7788.057827715357,10276.741973127248,5370.525608447829,Raj Bhavan Road,12.98328229223872,77.59163117134872
3811,Raj Bhavan Road,2024,Oct-Dec,7790.797902621724,10280.357642582032,5372.415122210983,Raj Bhavan Road,12.98328229223872,77.59163117134872
3812,Raj Bhavan Road,2025,Jan-Mar,7417.934082397015,9788.344697078788,5115.293932399798,Raj Bhavan Road,12.98328229223872,77.59163117134872
3813,Raj Bhavan Road,2025,Apr-Jun,7634.604344569298,10074.252227152634,5264.706432579795,Raj Bhavan Road,12.98328229223872,77.59163117134872
3814,Raj Bhavan Road,2025,Jul-Sep,7788.057827715357,10276.741973127248,5370.525608447829,Raj Bhavan Road,12.98328229223872,77.59163117134872
3815,Raj Bhavan Road,2025,Oct-Dec,7790.797902621724,10280.357642582032,5372.415122210983,Raj Bhavan Road,12.98328229223872,77.59163117134872
3816,Raj Bhavan Road,2026,Jan-Mar,7417.934082397015,9788.344697078788,5115.293932399798,Raj Bhavan Road,12.98328229223872,77.59163117134872
3817,Raj Bhavan Road,2026,Apr-Jun,7634.604344569298,10074.252227152634,5264.706432579795,Raj Bhavan Road,12.98328229223872,77.59163117134872
3818,Raj Bhavan Road,2026,Jul-Sep,7788.057827715357,10276.741973127248,5370.525608447829,Raj Bhavan Road,12.98328229223872,77.59163117134872
3819,Raj Bhavan Road,2026,Oct-Dec,7790.797902621724,10280.357642582032,5372.415122210983,Raj Bhavan Road,12.98328229223872,77.59163117134872
3820,Raj Bhavan Road,2027,Jan-Mar,7417.934082397015,9788.344697078788,5115.293932399798,Raj Bhavan Road,12.98328229223872,77.59163117134872
3821,Raj Bhavan Road,2027,Apr-Jun,7634.604344569298,10074.252227152634,5264.706432579795,Raj Bhavan Road,12.98328229223872,77.59163117134872
3822,Raj Bhavan Road,2027,Jul-Sep,7788.057827715357,10276.741973127248,5370.525608447829,Raj Bhavan Road,12.98328229223872,77.59163117134872
3823,Raj Bhavan Road,2027,Oct-Dec,7790.797902621724,10280.357642582032,5372.415122210983,Raj Bhavan Road,12.98328229223872,77.59163117134872
3824,Raj Bhavan Road,2028,Jan-Mar,7417.934082397015,9788.344697078788,5115.293932399798,Raj Bhavan Road,12.98328229223872,77.59163117134872
3825,Raj Bhavan Road,2028,Apr-Jun,7634.604344569298,10074.252227152634,5264.706432579795,Raj Bhavan Road,12.98328229223872,77.59163117134872
3826,Raj Bhavan Road,2028,Jul-Sep,7788.057827715357,10276.741973127248,5370.525608447829,Raj Bhavan Road,12.98328229223872,77.59163117134872
3827,Raj Bhavan Road,2028,Oct-Dec,7790.797902621724,10280.357642582032,5372.415122210983,Raj Bhavan Road,12.98328229223872,77.59163117134872
3828,Raj Bhavan Road,2029,Jan-Mar,7417.934082397015,9788.344697078788,5115.293932399798,Raj Bhavan Road,12.98328229223872,77.59163117134872
3829,Raj Bhavan Road,2029,Apr-Jun,7634.604344569298,10074.252227152634,5264.706432579795,Raj Bhavan Road,12.98328229223872,77.59163117134872
3830,Raj Bhavan Road,2029,Jul-Sep,7788.057827715357,10276.741973127248,5370.525608447829,Raj Bhavan Road,12.98328229223872,77.59163117134872
3831,Raj Bhavan Road,2029,Oct-Dec,7790.797902621724,10280.357642582032,5372.415122210983,Raj Bhavan Road,12.98328229223872,77.59163117134872
3832,Raj Bhavan Road,2030,Jan-Mar,7417.934082397015,9788.344697078788,5115.293932399798,Raj Bhavan Road,12.98328229223872,77.59163117134872
3833,Raj Bhavan Road,2030,Apr-Jun,7634.604344569298,10074.252227152634,5264.706432579795,Raj Bhavan Road,12.98328229223872,77.59163117134872
3834,Raj Bhavan Road,2030,Jul-Sep,7788.057827715357,10276.741973127248,5370.525608447829,Raj Bhavan Road,12.98328229223872,77.59163117134872
3835,Raj Bhavan Road,2030,Oct-Dec,7790.797902621724,10280.357642582032,5372.415122210983,Raj Bhavan Road,12.98328229223872,77.59163117134872
3836,Rajendra Nagar Road,2024,Jan-Mar,6836.81528089887,8425.75318217111,5247.915453522617,Rajendra Nagar Road,19.222595987494763,72.85774692013909
3837,Rajendra Nagar Road,2024,Apr-Jun,7049.723745318336,8688.143505426653,5411.343244783022,Rajendra Nagar Road,19.222595987494763,72.85774692013909
3838,Rajendra Nagar Road,2024,Jul-Sep,7073.845692883882,8717.871612463332,5429.859167211403,Rajendra Nagar Road,19.222595987494763,72.85774692013909
3839,Rajendra Nagar Road,2024,Oct-Dec,7144.47460674156,8804.915326713188,5484.073674005931,Rajendra Nagar Road,19.222595987494763,72.85774692013909
3840,Rajendra Nagar Road,2025,Jan-Mar,6836.81528089887,8425.75318217111,5247.915453522617,Rajendra Nagar Road,19.222595987494763,72.85774692013909
3841,Rajendra Nagar Road,2025,Apr-Jun,7049.723745318336,8688.143505426653,5411.343244783022,Rajendra Nagar Road,19.222595987494763,72.85774692013909
3842,Rajendra Nagar Road,2025,Jul-Sep,7073.845692883882,8717.871612463332,5429.859167211403,Rajendra Nagar Road,19.222595987494763,72.85774692013909
3843,Rajendra Nagar Road,2025,Oct-Dec,7144.47460674156,8804.915326713188,5484.073674005931,Rajendra Nagar Road,19.222595987494763,72.85774692013909
3844,Rajendra Nagar Road,2026,Jan-Mar,6836.81528089887,8425.75318217111,5247.915453522617,Rajendra Nagar Road,19.222595987494763,72.85774692013909
3845,Rajendra Nagar Road,2026,Apr-Jun,7049.723745318336,8688.143505426653,5411.343244783022,Rajendra Nagar Road,19.222595987494763,72.85774692013909
3846,Rajendra Nagar Road,2026,Jul-Sep,7073.845692883882,8717.871612463332,5429.859167211403,Rajendra Nagar Road,19.222595987494763,72.85774692013909
3847,Rajendra Nagar Road,2026,Oct-Dec,7144.47460674156,8804.915326713188,5484.073674005931,Rajendra Nagar Road,19.222595987494763,72.85774692013909
3848,Rajendra Nagar Road,2027,Jan-Mar,6836.81528089887,8425.75318217111,5247.915453522617,Rajendra Nagar Road,19.222595987494763,72.85774692013909
3849,Rajendra Nagar Road,2027,Apr-Jun,7049.723745318336,8688.143505426653,5411.343244783022,Rajendra Nagar Road,19.222595987494763,72.85774692013909
3850,Rajendra Nagar Road,2027,Jul-Sep,7073.845692883882,8717.871612463332,5429.859167211403,Rajendra Nagar Road,19.222595987494763,72.85774692013909
3851,Rajendra Nagar Road,2027,Oct-Dec,7144.47460674156,8804.915326713188,5484.073674005931,Rajendra Nagar Road,19.222595987494763,72.85774692013909
3852,Rajendra Nagar Road,2028,Jan-Mar,6836.81528089887,8425.75318217111,5247.915453522617,Rajendra Nagar Road,19.222595987494763,72.85774692013909
3853,Rajendra Nagar Road,2028,Apr-Jun,7049.723745318336,8688.143505426653,5411.343244783022,Rajendra Nagar Road,19.222595987494763,72.85774692013909
3854,Rajendra Nagar Road,2028,Jul-Sep,7073.845692883882,8717.871612463332,5429.859167211403,Rajendra Nagar Road,19.222595987494763,72.85774692013909
3855,Rajendra Nagar Road,2028,Oct-Dec,7144.47460674156,8804.915326713188,5484.073674005931,Rajendra Nagar Road,19.222595987494763,72.85774692013909
3856,Rajendra Nagar Road,2029,Jan-Mar,6836.81528089887,8425.75318217111,5247.915453522617,Rajendra Nagar Road,19.222595987494763,72.85774692013909
3857,Rajendra Nagar Road,2029,Apr-Jun,7049.723745318336,8688.143505426653,5411.343244783022,Rajendra Nagar Road,19.222595987494763,72.85774692013909
3858,Rajendra Nagar Road,2029,Jul-Sep,7073.845692883882,8717.871612463332,5429.859167211403,Rajendra Nagar Road,19.222595987494763,72.85774692013909
3859,Rajendra Nagar Road,2029,Oct-Dec,7144.47460674156,8804.915326713188,5484.073674005931,Rajendra Nagar Road,19.222595987494763,72.85774692013909
3860,Rajendra Nagar Road,2030,Jan-Mar,6836.81528089887,8425.75318217111,5247.915453522617,Rajendra Nagar Road,19.222595987494763,72.85774692013909
3861,Rajendra Nagar Road,2030,Apr-Jun,7049.723745318336,8688.143505426653,5411.343244783022,Rajendra Nagar Road,19.222595987494763,72.85774692013909
3862,Rajendra Nagar Road,2030,Jul-Sep,7073.845692883882,8717.871612463332,5429.859167211403,Rajendra Nagar Road,19.222595987494763,72.85774692013909
3863,Rajendra Nagar Road,2030,Oct-Dec,7144.47460674156,8804.915326713188,5484.073674005931,Rajendra Nagar Road,19.222595987494763,72.85774692013909
3864,Rajendranagar Mandal,2024,Jan-Mar,6605.39505617977,7975.082625199016,5235.506558928947,Rajendranagar Mandal,17.32007385,78.41858898925364
3865,Rajendranagar Mandal,2024,Apr-Jun,7094.187265917596,8565.230258468246,5622.928476659906,Rajendranagar Mandal,17.32007385,78.41858898925364
3866,Rajendranagar Mandal,2024,Jul-Sep,7192.328389513109,8683.721819222335,5700.716177761032,Rajendranagar Mandal,17.32007385,78.41858898925364
3867,Rajendranagar Mandal,2024,Oct-Dec,7262.288539325841,8768.188829973775,5756.167338530823,Rajendranagar Mandal,17.32007385,78.41858898925364
3868,Rajendranagar Mandal,2025,Jan-Mar,6605.39505617977,7975.082625199016,5235.506558928947,Rajendranagar Mandal,17.32007385,78.41858898925364
3869,Rajendranagar Mandal,2025,Apr-Jun,7094.187265917596,8565.230258468246,5622.928476659906,Rajendranagar Mandal,17.32007385,78.41858898925364
3870,Rajendranagar Mandal,2025,Jul-Sep,7192.328389513109,8683.721819222335,5700.716177761032,Rajendranagar Mandal,17.32007385,78.41858898925364
3871,Rajendranagar Mandal,2025,Oct-Dec,7262.288539325841,8768.188829973775,5756.167338530823,Rajendranagar Mandal,17.32007385,78.41858898925364
3872,Rajendranagar Mandal,2026,Jan-Mar,6605.39505617977,7975.082625199016,5235.506558928947,Rajendranagar Mandal,17.32007385,78.41858898925364
3873,Rajendranagar Mandal,2026,Apr-Jun,7094.187265917596,8565.230258468246,5622.928476659906,Rajendranagar Mandal,17.32007385,78.41858898925364
3874,Rajendranagar Mandal,2026,Jul-Sep,7192.328389513109,8683.721819222335,5700.716177761032,Rajendranagar Mandal,17.32007385,78.41858898925364
3875,Rajendranagar Mandal,2026,Oct-Dec,7262.288539325841,8768.188829973775,5756.167338530823,Rajendranagar Mandal,17.32007385,78.41858898925364
3876,Rajendranagar Mandal,2027,Jan-Mar,6605.39505617977,7975.082625199016,5235.506558928947,Rajendranagar Mandal,17.32007385,78.41858898925364
3877,Rajendranagar Mandal,2027,Apr-Jun,7094.187265917596,8565.230258468246,5622.928476659906,Rajendranagar Mandal,17.32007385,78.41858898925364
3878,Rajendranagar Mandal,2027,Jul-Sep,7192.328389513109,8683.721819222335,5700.716177761032,Rajendranagar Mandal,17.32007385,78.41858898925364
3879,Rajendranagar Mandal,2027,Oct-Dec,7262.288539325841,8768.188829973775,5756.167338530823,Rajendranagar Mandal,17.32007385,78.41858898925364
3880,Rajendranagar Mandal,2028,Jan-Mar,6605.39505617977,7975.082625199016,5235.506558928947,Rajendranagar Mandal,17.32007385,78.41858898925364
3881,Rajendranagar Mandal,2028,Apr-Jun,7094.187265917596,8565.230258468246,5622.928476659906,Rajendranagar Mandal,17.32007385,78.41858898925364
3882,Rajendranagar Mandal,2028,Jul-Sep,7192.328389513109,8683.721819222335,5700.716177761032,Rajendranagar Mandal,17.32007385,78.41858898925364
3883,Rajendranagar Mandal,2028,Oct-Dec,7262.288539325841,8768.188829973775,5756.167338530823,Rajendranagar Mandal,17.32007385,78.41858898925364
3884,Rajendranagar Mandal,2029,Jan-Mar,6605.39505617977,7975.082625199016,5235.506558928947,Rajendranagar Mandal,17.32007385,78.41858898925364
3885,Rajendranagar Mandal,2029,Apr-Jun,7094.187265917596,8565.230258468246,5622.928476659906,Rajendranagar Mandal,17.32007385,78.41858898925364
3886,Rajendranagar Mandal,2029,Jul-Sep,7192.328389513109,8683.721819222335,5700.716177761032,Rajendranagar Mandal,17.32007385,78.41858898925364
3887,Rajendranagar Mandal,2029,Oct-Dec,7262.288539325841,8768.188829973775,5756.167338530823,Rajendranagar Mandal,17.32007385,78.41858898925364
3888,Rajendranagar Mandal,2030,Jan-Mar,6605.39505617977,7975.082625199016,5235.506558928947,Rajendranagar Mandal,17.32007385,78.41858898925364
3889,Rajendranagar Mandal,2030,Apr-Jun,7094.187265917596,8565.230258468246,5622.928476659906,Rajendranagar Mandal,17.32007385,78.41858898925364
3890,Rajendranagar Mandal,2030,Jul-Sep,7192.328389513109,8683.721819222335,5700.716177761032,Rajendranagar Mandal,17.32007385,78.41858898925364
3891,Rajendranagar Mandal,2030,Oct-Dec,7262.288539325841,8768.188829973775,5756.167338530823,Rajendranagar Mandal,17.32007385,78.41858898925364
3892,Road Number 10,2024,Jan-Mar,8363.640749063656,10225.11660665853,6276.9425406703485,Road Number 10,23.8030996,90.3954133
3893,Road Number 10,2024,Apr-Jun,8582.893183520593,10493.167539963732,6441.492283333837,Road Number 10,23.8030996,90.3954133
3894,Road Number 10,2024,Jul-Sep,8605.733333333332,10521.091168220357,6458.633898127719,Road Number 10,23.8030996,90.3954133
3895,Road Number 10,2024,Oct-Dec,8768.270861423225,10719.80429179196,6580.618899054149,Road Number 10,23.8030996,90.3954133
3896,Road Number 10,2025,Jan-Mar,8363.640749063656,10225.11660665853,6276.9425406703485,Road Number 10,23.8030996,90.3954133
3897,Road Number 10,2025,Apr-Jun,8582.893183520593,10493.167539963732,6441.492283333837,Road Number 10,23.8030996,90.3954133
3898,Road Number 10,2025,Jul-Sep,8605.733333333332,10521.091168220357,6458.633898127719,Road Number 10,23.8030996,90.3954133
3899,Road Number 10,2025,Oct-Dec,8768.270861423225,10719.80429179196,6580.618899054149,Road Number 10,23.8030996,90.3954133
3900,Road Number 10,2026,Jan-Mar,8363.640749063656,10225.11660665853,6276.9425406703485,Road Number 10,23.8030996,90.3954133
3901,Road Number 10,2026,Apr-Jun,8582.893183520593,10493.167539963732,6441.492283333837,Road Number 10,23.8030996,90.3954133
3902,Road Number 10,2026,Jul-Sep,8605.733333333332,10521.091168220357,6458.633898127719,Road Number 10,23.8030996,90.3954133
3903,Road Number 10,2026,Oct-Dec,8768.270861423225,10719.80429179196,6580.618899054149,Road Number 10,23.8030996,90.3954133
3904,Road Number 10,2027,Jan-Mar,8363.640749063656,10225.11660665853,6276.9425406703485,Road Number 10,23.8030996,90.3954133
3905,Road Number 10,2027,Apr-Jun,8582.893183520593,10493.167539963732,6441.492283333837,Road Number 10,23.8030996,90.3954133
3906,Road Number 10,2027,Jul-Sep,8605.733333333332,10521.091168220357,6458.633898127719,Road Number 10,23.8030996,90.3954133
3907,Road Number 10,2027,Oct-Dec,8768.270861423225,10719.80429179196,6580.618899054149,Road Number 10,23.8030996,90.3954133
3908,Road Number 10,2028,Jan-Mar,8363.640749063656,10225.11660665853,6276.9425406703485,Road Number 10,23.8030996,90.3954133
3909,Road Number 10,2028,Apr-Jun,8582.893183520593,10493.167539963732,6441.492283333837,Road Number 10,23.8030996,90.3954133
3910,Road Number 10,2028,Jul-Sep,8605.733333333332,10521.091168220357,6458.633898127719,Road Number 10,23.8030996,90.3954133
3911,Road Number 10,2028,Oct-Dec,8768.270861423225,10719.80429179196,6580.618899054149,Road Number 10,23.8030996,90.3954133
3912,Road Number 10,2029,Jan-Mar,8363.640749063656,10225.11660665853,6276.9425406703485,Road Number 10,23.8030996,90.3954133
3913,Road Number 10,2029,Apr-Jun,8582.893183520593,10493.167539963732,6441.492283333837,Road Number 10,23.8030996,90.3954133
3914,Road Number 10,2029,Jul-Sep,8605.733333333332,10521.091168220357,6458.633898127719,Road Number 10,23.8030996,90.3954133
3915,Road Number 10,2029,Oct-Dec,8768.270861423225,10719.80429179196,6580.618899054149,Road Number 10,23.8030996,90.3954133
3916,Road Number 10,2030,Jan-Mar,8363.640749063656,10225.11660665853,6276.9425406703485,Road Number 10,23.8030996,90.3954133
3917,Road Number 10,2030,Apr-Jun,8582.893183520593,10493.167539963732,6441.492283333837,Road Number 10,23.8030996,90.3954133
3918,Road Number 10,2030,Jul-Sep,8605.733333333332,10521.091168220357,6458.633898127719,Road Number 10,23.8030996,90.3954133
3919,Road Number 10,2030,Oct-Dec,8768.270861423225,10719.80429179196,6580.618899054149,Road Number 10,23.8030996,90.3954133
3920,SD Road,2024,Jan-Mar,5084.179775280898,6261.143340600887,3906.7430429273777,SD Road,53.4252606374624,-6.131927510206521
3921,SD Road,2024,Apr-Jun,5174.639400749063,6372.543941411065,3976.253274288944,SD Road,53.4252606374624,-6.131927510206521
3922,SD Road,2024,Jul-Sep,5262.684044943816,6480.97050420803,4043.9078058708574,SD Road,53.4252606374624,-6.131927510206521
3923,SD Road,2024,Oct-Dec,5297.6919850187205,6524.082616791822,4070.8083153689295,SD Road,53.4252606374624,-6.131927510206521
3924,SD Road,2025,Jan-Mar,5084.179775280898,6261.143340600887,3906.7430429273777,SD Road,53.4252606374624,-6.131927510206521
3925,SD Road,2025,Apr-Jun,5174.639400749063,6372.543941411065,3976.253274288944,SD Road,53.4252606374624,-6.131927510206521
3926,SD Road,2025,Jul-Sep,5262.684044943816,6480.97050420803,4043.9078058708574,SD Road,53.4252606374624,-6.131927510206521
3927,SD Road,2025,Oct-Dec,5297.6919850187205,6524.082616791822,4070.8083153689295,SD Road,53.4252606374624,-6.131927510206521
3928,SD Road,2026,Jan-Mar,5084.179775280898,6261.143340600887,3906.7430429273777,SD Road,53.4252606374624,-6.131927510206521
3929,SD Road,2026,Apr-Jun,5174.639400749063,6372.543941411065,3976.253274288944,SD Road,53.4252606374624,-6.131927510206521
3930,SD Road,2026,Jul-Sep,5262.684044943816,6480.97050420803,4043.9078058708574,SD Road,53.4252606374624,-6.131927510206521
3931,SD Road,2026,Oct-Dec,5297.6919850187205,6524.082616791822,4070.8083153689295,SD Road,53.4252606374624,-6.131927510206521
3932,SD Road,2027,Jan-Mar,5084.179775280898,6261.143340600887,3906.7430429273777,SD Road,53.4252606374624,-6.131927510206521
3933,SD Road,2027,Apr-Jun,5174.639400749063,6372.543941411065,3976.253274288944,SD Road,53.4252606374624,-6.131927510206521
3934,SD Road,2027,Jul-Sep,5262.684044943816,6480.97050420803,4043.9078058708574,SD Road,53.4252606374624,-6.131927510206521
3935,SD Road,2027,Oct-Dec,5297.6919850187205,6524.082616791822,4070.8083153689295,SD Road,53.4252606374624,-6.131927510206521
3936,SD Road,2028,Jan-Mar,5084.179775280898,6261.143340600887,3906.7430429273777,SD Road,53.4252606374624,-6.131927510206521
3937,SD Road,2028,Apr-Jun,5174.639400749063,6372.543941411065,3976.253274288944,SD Road,53.4252606374624,-6.131927510206521
3938,SD Road,2028,Jul-Sep,5262.684044943816,6480.97050420803,4043.9078058708574,SD Road,53.4252606374624,-6.131927510206521
3939,SD Road,2028,Oct-Dec,5297.6919850187205,6524.082616791822,4070.8083153689295,SD Road,53.4252606374624,-6.131927510206521
3940,SD Road,2029,Jan-Mar,5084.179775280898,6261.143340600887,3906.7430429273777,SD Road,53.4252606374624,-6.131927510206521
3941,SD Road,2029,Apr-Jun,5174.639400749063,6372.543941411065,3976.253274288944,SD Road,53.4252606374624,-6.131927510206521
3942,SD Road,2029,Jul-Sep,5262.684044943816,6480.97050420803,4043.9078058708574,SD Road,53.4252606374624,-6.131927510206521
3943,SD Road,2029,Oct-Dec,5297.6919850187205,6524.082616791822,4070.8083153689295,SD Road,53.4252606374624,-6.131927510206521
3944,SD Road,2030,Jan-Mar,5084.179775280898,6261.143340600887,3906.7430429273777,SD Road,53.4252606374624,-6.131927510206521
3945,SD Road,2030,Apr-Jun,5174.639400749063,6372.543941411065,3976.253274288944,SD Road,53.4252606374624,-6.131927510206521
3946,SD Road,2030,Jul-Sep,5262.684044943816,6480.97050420803,4043.9078058708574,SD Road,53.4252606374624,-6.131927510206521
3947,SD Road,2030,Oct-Dec,5297.6919850187205,6524.082616791822,4070.8083153689295,SD Road,53.4252606374624,-6.131927510206521
3948,Saidabad Colony Road,2024,Jan-Mar,4954.532434456926,6314.275461820705,3417.864296818559,Saidabad Colony Road,17.3617261,78.507307
3949,Saidabad Colony Road,2024,Apr-Jun,5215.898426966296,6647.371852830046,3598.166576805195,Saidabad Colony Road,17.3617261,78.507307
3950,Saidabad Colony Road,2024,Jul-Sep,5474.840149812728,6977.378647263316,3776.796484103504,Saidabad Colony Road,17.3617261,78.507307
3951,Saidabad Colony Road,2024,Oct-Dec,5732.4907865168425,7305.74002436299,3954.53574081302,Saidabad Colony Road,17.3617261,78.507307
3952,Saidabad Colony Road,2025,Jan-Mar,4954.532434456926,6314.275461820705,3417.864296818559,Saidabad Colony Road,17.3617261,78.507307
3953,Saidabad Colony Road,2025,Apr-Jun,5215.898426966296,6647.371852830046,3598.166576805195,Saidabad Colony Road,17.3617261,78.507307
3954,Saidabad Colony Road,2025,Jul-Sep,5474.840149812728,6977.378647263316,3776.796484103504,Saidabad Colony Road,17.3617261,78.507307
3955,Saidabad Colony Road,2025,Oct-Dec,5732.4907865168425,7305.74002436299,3954.53574081302,Saidabad Colony Road,17.3617261,78.507307
3956,Saidabad Colony Road,2026,Jan-Mar,4954.532434456926,6314.275461820705,3417.864296818559,Saidabad Colony Road,17.3617261,78.507307
3957,Saidabad Colony Road,2026,Apr-Jun,5215.898426966296,6647.371852830046,3598.166576805195,Saidabad Colony Road,17.3617261,78.507307
3958,Saidabad Colony Road,2026,Jul-Sep,5474.840149812728,6977.378647263316,3776.796484103504,Saidabad Colony Road,17.3617261,78.507307
3959,Saidabad Colony Road,2026,Oct-Dec,5732.4907865168425,7305.74002436299,3954.53574081302,Saidabad Colony Road,17.3617261,78.507307
3960,Saidabad Colony Road,2027,Jan-Mar,4954.532434456926,6314.275461820705,3417.864296818559,Saidabad Colony Road,17.3617261,78.507307
3961,Saidabad Colony Road,2027,Apr-Jun,5215.898426966296,6647.371852830046,3598.166576805195,Saidabad Colony Road,17.3617261,78.507307
3962,Saidabad Colony Road,2027,Jul-Sep,5474.840149812728,6977.378647263316,3776.796484103504,Saidabad Colony Road,17.3617261,78.507307
3963,Saidabad Colony Road,2027,Oct-Dec,5732.4907865168425,7305.74002436299,3954.53574081302,Saidabad Colony Road,17.3617261,78.507307
3964,Saidabad Colony Road,2028,Jan-Mar,4954.532434456926,6314.275461820705,3417.864296818559,Saidabad Colony Road,17.3617261,78.507307
3965,Saidabad Colony Road,2028,Apr-Jun,5215.898426966296,6647.371852830046,3598.166576805195,Saidabad Colony Road,17.3617261,78.507307
3966,Saidabad Colony Road,2028,Jul-Sep,5474.840149812728,6977.378647263316,3776.796484103504,Saidabad Colony Road,17.3617261,78.507307
3967,Saidabad Colony Road,2028,Oct-Dec,5732.4907865168425,7305.74002436299,3954.53574081302,Saidabad Colony Road,17.3617261,78.507307
3968,Saidabad Colony Road,2029,Jan-Mar,4954.532434456926,6314.275461820705,3417.864296818559,Saidabad Colony Road,17.3617261,78.507307
3969,Saidabad Colony Road,2029,Apr-Jun,5215.898426966296,6647.371852830046,3598.166576805195,Saidabad Colony Road,17.3617261,78.507307
3970,Saidabad Colony Road,2029,Jul-Sep,5474.840149812728,6977.378647263316,3776.796484103504,Saidabad Colony Road,17.3617261,78.507307
3971,Saidabad Colony Road,2029,Oct-Dec,5732.4907865168425,7305.74002436299,3954.53574081302,Saidabad Colony Road,17.3617261,78.507307
3972,Saidabad Colony Road,2030,Jan-Mar,4954.532434456926,6314.275461820705,3417.864296818559,Saidabad Colony Road,17.3617261,78.507307
3973,Saidabad Colony Road,2030,Apr-Jun,5215.898426966296,6647.371852830046,3598.166576805195,Saidabad Colony Road,17.3617261,78.507307
3974,Saidabad Colony Road,2030,Jul-Sep,5474.840149812728,6977.378647263316,3776.796484103504,Saidabad Colony Road,17.3617261,78.507307
3975,Saidabad Colony Road,2030,Oct-Dec,5732.4907865168425,7305.74002436299,3954.53574081302,Saidabad Colony Road,17.3617261,78.507307
3976,Saket Road,2024,Jan-Mar,4721.561048689144,6003.18703883537,4135.9525663177765,Saket Road,19.21902381769975,72.99157571308974
3977,Saket Road,2024,Apr-Jun,4762.959400749065,6055.822607443396,4172.21633981936,Saket Road,19.21902381769975,72.99157571308974
3978,Saket Road,2024,Jul-Sep,4865.382471910119,6186.04751546242,4261.936023553263,Saket Road,19.21902381769975,72.99157571308974
3979,Saket Road,2024,Oct-Dec,5135.200898876409,6529.105768209715,4498.289255872663,Saket Road,19.21902381769975,72.99157571308974
3980,Saket Road,2025,Jan-Mar,4721.561048689144,6003.18703883537,4135.9525663177765,Saket Road,19.21902381769975,72.99157571308974
3981,Saket Road,2025,Apr-Jun,4762.959400749065,6055.822607443396,4172.21633981936,Saket Road,19.21902381769975,72.99157571308974
3982,Saket Road,2025,Jul-Sep,4865.382471910119,6186.04751546242,4261.936023553263,Saket Road,19.21902381769975,72.99157571308974
3983,Saket Road,2025,Oct-Dec,5135.200898876409,6529.105768209715,4498.289255872663,Saket Road,19.21902381769975,72.99157571308974
3984,Saket Road,2026,Jan-Mar,4721.561048689144,6003.18703883537,4135.9525663177765,Saket Road,19.21902381769975,72.99157571308974
3985,Saket Road,2026,Apr-Jun,4762.959400749065,6055.822607443396,4172.21633981936,Saket Road,19.21902381769975,72.99157571308974
3986,Saket Road,2026,Jul-Sep,4865.382471910119,6186.04751546242,4261.936023553263,Saket Road,19.21902381769975,72.99157571308974
3987,Saket Road,2026,Oct-Dec,5135.200898876409,6529.105768209715,4498.289255872663,Saket Road,19.21902381769975,72.99157571308974
3988,Saket Road,2027,Jan-Mar,4721.561048689144,6003.18703883537,4135.9525663177765,Saket Road,19.21902381769975,72.99157571308974
3989,Saket Road,2027,Apr-Jun,4762.959400749065,6055.822607443396,4172.21633981936,Saket Road,19.21902381769975,72.99157571308974
3990,Saket Road,2027,Jul-Sep,4865.382471910119,6186.04751546242,4261.936023553263,Saket Road,19.21902381769975,72.99157571308974
3991,Saket Road,2027,Oct-Dec,5135.200898876409,6529.105768209715,4498.289255872663,Saket Road,19.21902381769975,72.99157571308974
3992,Saket Road,2028,Jan-Mar,4721.561048689144,6003.18703883537,4135.9525663177765,Saket Road,19.21902381769975,72.99157571308974
3993,Saket Road,2028,Apr-Jun,4762.959400749065,6055.822607443396,4172.21633981936,Saket Road,19.21902381769975,72.99157571308974
3994,Saket Road,2028,Jul-Sep,4865.382471910119,6186.04751546242,4261.936023553263,Saket Road,19.21902381769975,72.99157571308974
3995,Saket Road,2028,Oct-Dec,5135.200898876409,6529.105768209715,4498.289255872663,Saket Road,19.21902381769975,72.99157571308974
3996,Saket Road,2029,Jan-Mar,4721.561048689144,6003.18703883537,4135.9525663177765,Saket Road,19.21902381769975,72.99157571308974
3997,Saket Road,2029,Apr-Jun,4762.959400749065,6055.822607443396,4172.21633981936,Saket Road,19.21902381769975,72.99157571308974
3998,Saket Road,2029,Jul-Sep,4865.382471910119,6186.04751546242,4261.936023553263,Saket Road,19.21902381769975,72.99157571308974
3999,Saket Road,2029,Oct-Dec,5135.200898876409,6529.105768209715,4498.289255872663,Saket Road,19.21902381769975,72.99157571308974
4000,Saket Road,2030,Jan-Mar,4721.561048689144,6003.18703883537,4135.9525663177765,Saket Road,19.21902381769975,72.99157571308974
4001,Saket Road,2030,Apr-Jun,4762.959400749065,6055.822607443396,4172.21633981936,Saket Road,19.21902381769975,72.99157571308974
4002,Saket Road,2030,Jul-Sep,4865.382471910119,6186.04751546242,4261.936023553263,Saket Road,19.21902381769975,72.99157571308974
4003,Saket Road,2030,Oct-Dec,5135.200898876409,6529.105768209715,4498.289255872663,Saket Road,19.21902381769975,72.99157571308974
4004,Sanath Nagar,2024,Jan-Mar,7498.102172284639,9222.761792408204,5832.052611976325,Sanath Nagar,17.4522594,78.4446705
4005,Sanath Nagar,2024,Apr-Jun,8030.057528089878,9877.073699349396,6245.8095268588895,Sanath Nagar,17.4522594,78.4446705
4006,Sanath Nagar,2024,Jul-Sep,8208.422471910111,10096.464866763838,6384.542463886186,Sanath Nagar,17.4522594,78.4446705
4007,Sanath Nagar,2024,Oct-Dec,8539.68359550562,10503.920295325432,6642.198635637544,Sanath Nagar,17.4522594,78.4446705
4008,Sanath Nagar,2025,Jan-Mar,7498.102172284639,9222.761792408204,5832.052611976325,Sanath Nagar,17.4522594,78.4446705
4009,Sanath Nagar,2025,Apr-Jun,8030.057528089878,9877.073699349396,6245.8095268588895,Sanath Nagar,17.4522594,78.4446705
4010,Sanath Nagar,2025,Jul-Sep,8208.422471910111,10096.464866763838,6384.542463886186,Sanath Nagar,17.4522594,78.4446705
4011,Sanath Nagar,2025,Oct-Dec,8539.68359550562,10503.920295325432,6642.198635637544,Sanath Nagar,17.4522594,78.4446705
4012,Sanath Nagar,2026,Jan-Mar,7498.102172284639,9222.761792408204,5832.052611976325,Sanath Nagar,17.4522594,78.4446705
4013,Sanath Nagar,2026,Apr-Jun,8030.057528089878,9877.073699349396,6245.8095268588895,Sanath Nagar,17.4522594,78.4446705
4014,Sanath Nagar,2026,Jul-Sep,8208.422471910111,10096.464866763838,6384.542463886186,Sanath Nagar,17.4522594,78.4446705
4015,Sanath Nagar,2026,Oct-Dec,8539.68359550562,10503.920295325432,6642.198635637544,Sanath Nagar,17.4522594,78.4446705
4016,Sanath Nagar,2027,Jan-Mar,7498.102172284639,9222.761792408204,5832.052611976325,Sanath Nagar,17.4522594,78.4446705
4017,Sanath Nagar,2027,Apr-Jun,8030.057528089878,9877.073699349396,6245.8095268588895,Sanath Nagar,17.4522594,78.4446705
4018,Sanath Nagar,2027,Jul-Sep,8208.422471910111,10096.464866763838,6384.542463886186,Sanath Nagar,17.4522594,78.4446705
4019,Sanath Nagar,2027,Oct-Dec,8539.68359550562,10503.920295325432,6642.198635637544,Sanath Nagar,17.4522594,78.4446705
4020,Sanath Nagar,2028,Jan-Mar,7498.102172284639,9222.761792408204,5832.052611976325,Sanath Nagar,17.4522594,78.4446705
4021,Sanath Nagar,2028,Apr-Jun,8030.057528089878,9877.073699349396,6245.8095268588895,Sanath Nagar,17.4522594,78.4446705
4022,Sanath Nagar,2028,Jul-Sep,8208.422471910111,10096.464866763838,6384.542463886186,Sanath Nagar,17.4522594,78.4446705
4023,Sanath Nagar,2028,Oct-Dec,8539.68359550562,10503.920295325432,6642.198635637544,Sanath Nagar,17.4522594,78.4446705
4024,Sanath Nagar,2029,Jan-Mar,7498.102172284639,9222.761792408204,5832.052611976325,Sanath Nagar,17.4522594,78.4446705
4025,Sanath Nagar,2029,Apr-Jun,8030.057528089878,9877.073699349396,6245.8095268588895,Sanath Nagar,17.4522594,78.4446705
4026,Sanath Nagar,2029,Jul-Sep,8208.422471910111,10096.464866763838,6384.542463886186,Sanath Nagar,17.4522594,78.4446705
4027,Sanath Nagar,2029,Oct-Dec,8539.68359550562,10503.920295325432,6642.198635637544,Sanath Nagar,17.4522594,78.4446705
4028,Sanath Nagar,2030,Jan-Mar,7498.102172284639,9222.761792408204,5832.052611976325,Sanath Nagar,17.4522594,78.4446705
4029,Sanath Nagar,2030,Apr-Jun,8030.057528089878,9877.073699349396,6245.8095268588895,Sanath Nagar,17.4522594,78.4446705
4030,Sanath Nagar,2030,Jul-Sep,8208.422471910111,10096.464866763838,6384.542463886186,Sanath Nagar,17.4522594,78.4446705
4031,Sanath Nagar,2030,Oct-Dec,8539.68359550562,10503.920295325432,6642.198635637544,Sanath Nagar,17.4522594,78.4446705
4032,Sangareddy,2024,Jan-Mar,5371.181722846437,7286.20813808709,4298.893727651936,Sangareddy,17.8684342,77.82271887720601
4033,Sangareddy,2024,Apr-Jun,5447.467265917601,7389.692319674034,4359.949834024996,Sangareddy,17.8684342,77.82271887720601
4034,Sangareddy,2024,Jul-Sep,5580.179775280904,7569.721783513588,4466.167981822183,Sangareddy,17.8684342,77.82271887720601
4035,Sangareddy,2024,Oct-Dec,6098.016779026215,8272.186973779426,4880.625425680005,Sangareddy,17.8684342,77.82271887720601
4036,Sangareddy,2025,Jan-Mar,5371.181722846437,7286.20813808709,4298.893727651936,Sangareddy,17.8684342,77.82271887720601
4037,Sangareddy,2025,Apr-Jun,5447.467265917601,7389.692319674034,4359.949834024996,Sangareddy,17.8684342,77.82271887720601
4038,Sangareddy,2025,Jul-Sep,5580.179775280904,7569.721783513588,4466.167981822183,Sangareddy,17.8684342,77.82271887720601
4039,Sangareddy,2025,Oct-Dec,6098.016779026215,8272.186973779426,4880.625425680005,Sangareddy,17.8684342,77.82271887720601
4040,Sangareddy,2026,Jan-Mar,5371.181722846437,7286.20813808709,4298.893727651936,Sangareddy,17.8684342,77.82271887720601
4041,Sangareddy,2026,Apr-Jun,5447.467265917601,7389.692319674034,4359.949834024996,Sangareddy,17.8684342,77.82271887720601
4042,Sangareddy,2026,Jul-Sep,5580.179775280904,7569.721783513588,4466.167981822183,Sangareddy,17.8684342,77.82271887720601
4043,Sangareddy,2026,Oct-Dec,6098.016779026215,8272.186973779426,4880.625425680005,Sangareddy,17.8684342,77.82271887720601
4044,Sangareddy,2027,Jan-Mar,5371.181722846437,7286.20813808709,4298.893727651936,Sangareddy,17.8684342,77.82271887720601
4045,Sangareddy,2027,Apr-Jun,5447.467265917601,7389.692319674034,4359.949834024996,Sangareddy,17.8684342,77.82271887720601
4046,Sangareddy,2027,Jul-Sep,5580.179775280904,7569.721783513588,4466.167981822183,Sangareddy,17.8684342,77.82271887720601
4047,Sangareddy,2027,Oct-Dec,6098.016779026215,8272.186973779426,4880.625425680005,Sangareddy,17.8684342,77.82271887720601
4048,Sangareddy,2028,Jan-Mar,5371.181722846437,7286.20813808709,4298.893727651936,Sangareddy,17.8684342,77.82271887720601
4049,Sangareddy,2028,Apr-Jun,5447.467265917601,7389.692319674034,4359.949834024996,Sangareddy,17.8684342,77.82271887720601
4050,Sangareddy,2028,Jul-Sep,5580.179775280904,7569.721783513588,4466.167981822183,Sangareddy,17.8684342,77.82271887720601
4051,Sangareddy,2028,Oct-Dec,6098.016779026215,8272.186973779426,4880.625425680005,Sangareddy,17.8684342,77.82271887720601
4052,Sangareddy,2029,Jan-Mar,5371.181722846437,7286.20813808709,4298.893727651936,Sangareddy,17.8684342,77.82271887720601
4053,Sangareddy,2029,Apr-Jun,5447.467265917601,7389.692319674034,4359.949834024996,Sangareddy,17.8684342,77.82271887720601
4054,Sangareddy,2029,Jul-Sep,5580.179775280904,7569.721783513588,4466.167981822183,Sangareddy,17.8684342,77.82271887720601
4055,Sangareddy,2029,Oct-Dec,6098.016779026215,8272.186973779426,4880.625425680005,Sangareddy,17.8684342,77.82271887720601
4056,Sangareddy,2030,Jan-Mar,5371.181722846437,7286.20813808709,4298.893727651936,Sangareddy,17.8684342,77.82271887720601
4057,Sangareddy,2030,Apr-Jun,5447.467265917601,7389.692319674034,4359.949834024996,Sangareddy,17.8684342,77.82271887720601
4058,Sangareddy,2030,Jul-Sep,5580.179775280904,7569.721783513588,4466.167981822183,Sangareddy,17.8684342,77.82271887720601
4059,Sangareddy,2030,Oct-Dec,6098.016779026215,8272.186973779426,4880.625425680005,Sangareddy,17.8684342,77.82271887720601
4060,Secundarabad,2024,Jan-Mar,4658.446441947562,5768.872230149839,3547.9774347444613,Secundarabad,,
4061,Secundarabad,2024,Apr-Jun,4743.862471910115,5874.648730835465,3613.032201531884,Secundarabad,,
4062,Secundarabad,2024,Jul-Sep,4851.774981273413,6008.284157647725,3695.2207922818,Secundarabad,,
4063,Secundarabad,2024,Oct-Dec,5179.032808988764,6413.549865418096,3944.46770378909,Secundarabad,,
4064,Secundarabad,2025,Jan-Mar,4658.446441947562,5768.872230149839,3547.9774347444613,Secundarabad,,
4065,Secundarabad,2025,Apr-Jun,4743.862471910115,5874.648730835465,3613.032201531884,Secundarabad,,
4066,Secundarabad,2025,Jul-Sep,4851.774981273413,6008.284157647725,3695.2207922818,Secundarabad,,
4067,Secundarabad,2025,Oct-Dec,5179.032808988764,6413.549865418096,3944.46770378909,Secundarabad,,
4068,Secundarabad,2026,Jan-Mar,4658.446441947562,5768.872230149839,3547.9774347444613,Secundarabad,,
4069,Secundarabad,2026,Apr-Jun,4743.862471910115,5874.648730835465,3613.032201531884,Secundarabad,,
4070,Secundarabad,2026,Jul-Sep,4851.774981273413,6008.284157647725,3695.2207922818,Secundarabad,,
4071,Secundarabad,2026,Oct-Dec,5179.032808988764,6413.549865418096,3944.46770378909,Secundarabad,,
4072,Secundarabad,2027,Jan-Mar,4658.446441947562,5768.872230149839,3547.9774347444613,Secundarabad,,
4073,Secundarabad,2027,Apr-Jun,4743.862471910115,5874.648730835465,3613.032201531884,Secundarabad,,
4074,Secundarabad,2027,Jul-Sep,4851.774981273413,6008.284157647725,3695.2207922818,Secundarabad,,
4075,Secundarabad,2027,Oct-Dec,5179.032808988764,6413.549865418096,3944.46770378909,Secundarabad,,
4076,Secundarabad,2028,Jan-Mar,4658.446441947562,5768.872230149839,3547.9774347444613,Secundarabad,,
4077,Secundarabad,2028,Apr-Jun,4743.862471910115,5874.648730835465,3613.032201531884,Secundarabad,,
4078,Secundarabad,2028,Jul-Sep,4851.774981273413,6008.284157647725,3695.2207922818,Secundarabad,,
4079,Secundarabad,2028,Oct-Dec,5179.032808988764,6413.549865418096,3944.46770378909,Secundarabad,,
4080,Secundarabad,2029,Jan-Mar,4658.446441947562,5768.872230149839,3547.9774347444613,Secundarabad,,
4081,Secundarabad,2029,Apr-Jun,4743.862471910115,5874.648730835465,3613.032201531884,Secundarabad,,
4082,Secundarabad,2029,Jul-Sep,4851.774981273413,6008.284157647725,3695.2207922818,Secundarabad,,
4083,Secundarabad,2029,Oct-Dec,5179.032808988764,6413.549865418096,3944.46770378909,Secundarabad,,
4084,Secundarabad,2030,Jan-Mar,4658.446441947562,5768.872230149839,3547.9774347444613,Secundarabad,,
4085,Secundarabad,2030,Apr-Jun,4743.862471910115,5874.648730835465,3613.032201531884,Secundarabad,,
4086,Secundarabad,2030,Jul-Sep,4851.774981273413,6008.284157647725,3695.2207922818,Secundarabad,,
4087,Secundarabad,2030,Oct-Dec,5179.032808988764,6413.549865418096,3944.46770378909,Secundarabad,,
4088,Serilingampalle M,2024,Jan-Mar,6881.473857677907,8370.643318271119,5396.678678591853,Serilingampalle M,,
4089,Serilingampalle M,2024,Apr-Jun,7003.439700374538,8519.002897532875,5492.328313598895,Serilingampalle M,,
4090,Serilingampalle M,2024,Jul-Sep,7052.073707865163,8578.161435116786,5530.4687057165365,Serilingampalle M,,
4091,Serilingampalle M,2024,Oct-Dec,7177.504119850186,8730.73532578397,5628.835370184979,Serilingampalle M,,
4092,Serilingampalle M,2025,Jan-Mar,6881.473857677907,8370.643318271119,5396.678678591853,Serilingampalle M,,
4093,Serilingampalle M,2025,Apr-Jun,7003.439700374538,8519.002897532875,5492.328313598895,Serilingampalle M,,
4094,Serilingampalle M,2025,Jul-Sep,7052.073707865163,8578.161435116786,5530.4687057165365,Serilingampalle M,,
4095,Serilingampalle M,2025,Oct-Dec,7177.504119850186,8730.73532578397,5628.835370184979,Serilingampalle M,,
4096,Serilingampalle M,2026,Jan-Mar,6881.473857677907,8370.643318271119,5396.678678591853,Serilingampalle M,,
4097,Serilingampalle M,2026,Apr-Jun,7003.439700374538,8519.002897532875,5492.328313598895,Serilingampalle M,,
4098,Serilingampalle M,2026,Jul-Sep,7052.073707865163,8578.161435116786,5530.4687057165365,Serilingampalle M,,
4099,Serilingampalle M,2026,Oct-Dec,7177.504119850186,8730.73532578397,5628.835370184979,Serilingampalle M,,
4100,Serilingampalle M,2027,Jan-Mar,6881.473857677907,8370.643318271119,5396.678678591853,Serilingampalle M,,
4101,Serilingampalle M,2027,Apr-Jun,7003.439700374538,8519.002897532875,5492.328313598895,Serilingampalle M,,
4102,Serilingampalle M,2027,Jul-Sep,7052.073707865163,8578.161435116786,5530.4687057165365,Serilingampalle M,,
4103,Serilingampalle M,2027,Oct-Dec,7177.504119850186,8730.73532578397,5628.835370184979,Serilingampalle M,,
4104,Serilingampalle M,2028,Jan-Mar,6881.473857677907,8370.643318271119,5396.678678591853,Serilingampalle M,,
4105,Serilingampalle M,2028,Apr-Jun,7003.439700374538,8519.002897532875,5492.328313598895,Serilingampalle M,,
4106,Serilingampalle M,2028,Jul-Sep,7052.073707865163,8578.161435116786,5530.4687057165365,Serilingampalle M,,
4107,Serilingampalle M,2028,Oct-Dec,7177.504119850186,8730.73532578397,5628.835370184979,Serilingampalle M,,
4108,Serilingampalle M,2029,Jan-Mar,6881.473857677907,8370.643318271119,5396.678678591853,Serilingampalle M,,
4109,Serilingampalle M,2029,Apr-Jun,7003.439700374538,8519.002897532875,5492.328313598895,Serilingampalle M,,
4110,Serilingampalle M,2029,Jul-Sep,7052.073707865163,8578.161435116786,5530.4687057165365,Serilingampalle M,,
4111,Serilingampalle M,2029,Oct-Dec,7177.504119850186,8730.73532578397,5628.835370184979,Serilingampalle M,,
4112,Serilingampalle M,2030,Jan-Mar,6881.473857677907,8370.643318271119,5396.678678591853,Serilingampalle M,,
4113,Serilingampalle M,2030,Apr-Jun,7003.439700374538,8519.002897532875,5492.328313598895,Serilingampalle M,,
4114,Serilingampalle M,2030,Jul-Sep,7052.073707865163,8578.161435116786,5530.4687057165365,Serilingampalle M,,
4115,Serilingampalle M,2030,Oct-Dec,7177.504119850186,8730.73532578397,5628.835370184979,Serilingampalle M,,
4116,Shaikpet,2024,Jan-Mar,7776.3730337078705,9372.560143076971,6180.339644055574,Shaikpet,17.4057955,78.4006536
4117,Shaikpet,2024,Apr-Jun,8092.977078651698,9754.150691770414,6431.963443730949,Shaikpet,17.4057955,78.4006536
4118,Shaikpet,2024,Jul-Sep,8272.856029962551,9970.95179973253,6574.9237941537895,Shaikpet,17.4057955,78.4006536
4119,Shaikpet,2024,Oct-Dec,8492.099176029968,10235.1970415139,6749.169178403552,Shaikpet,17.4057955,78.4006536
4120,Shaikpet,2025,Jan-Mar,7776.3730337078705,9372.560143076971,6180.339644055574,Shaikpet,17.4057955,78.4006536
4121,Shaikpet,2025,Apr-Jun,8092.977078651698,9754.150691770414,6431.963443730949,Shaikpet,17.4057955,78.4006536
4122,Shaikpet,2025,Jul-Sep,8272.856029962551,9970.95179973253,6574.9237941537895,Shaikpet,17.4057955,78.4006536
4123,Shaikpet,2025,Oct-Dec,8492.099176029968,10235.1970415139,6749.169178403552,Shaikpet,17.4057955,78.4006536
4124,Shaikpet,2026,Jan-Mar,7776.3730337078705,9372.560143076971,6180.339644055574,Shaikpet,17.4057955,78.4006536
4125,Shaikpet,2026,Apr-Jun,8092.977078651698,9754.150691770414,6431.963443730949,Shaikpet,17.4057955,78.4006536
4126,Shaikpet,2026,Jul-Sep,8272.856029962551,9970.95179973253,6574.9237941537895,Shaikpet,17.4057955,78.4006536
4127,Shaikpet,2026,Oct-Dec,8492.099176029968,10235.1970415139,6749.169178403552,Shaikpet,17.4057955,78.4006536
4128,Shaikpet,2027,Jan-Mar,7776.3730337078705,9372.560143076971,6180.339644055574,Shaikpet,17.4057955,78.4006536
4129,Shaikpet,2027,Apr-Jun,8092.977078651698,9754.150691770414,6431.963443730949,Shaikpet,17.4057955,78.4006536
4130,Shaikpet,2027,Jul-Sep,8272.856029962551,9970.95179973253,6574.9237941537895,Shaikpet,17.4057955,78.4006536
4131,Shaikpet,2027,Oct-Dec,8492.099176029968,10235.1970415139,6749.169178403552,Shaikpet,17.4057955,78.4006536
4132,Shaikpet,2028,Jan-Mar,7776.3730337078705,9372.560143076971,6180.339644055574,Shaikpet,17.4057955,78.4006536
4133,Shaikpet,2028,Apr-Jun,8092.977078651698,9754.150691770414,6431.963443730949,Shaikpet,17.4057955,78.4006536
4134,Shaikpet,2028,Jul-Sep,8272.856029962551,9970.95179973253,6574.9237941537895,Shaikpet,17.4057955,78.4006536
4135,Shaikpet,2028,Oct-Dec,8492.099176029968,10235.1970415139,6749.169178403552,Shaikpet,17.4057955,78.4006536
4136,Shaikpet,2029,Jan-Mar,7776.3730337078705,9372.560143076971,6180.339644055574,Shaikpet,17.4057955,78.4006536
4137,Shaikpet,2029,Apr-Jun,8092.977078651698,9754.150691770414,6431.963443730949,Shaikpet,17.4057955,78.4006536
4138,Shaikpet,2029,Jul-Sep,8272.856029962551,9970.95179973253,6574.9237941537895,Shaikpet,17.4057955,78.4006536
4139,Shaikpet,2029,Oct-Dec,8492.099176029968,10235.1970415139,6749.169178403552,Shaikpet,17.4057955,78.4006536
4140,Shaikpet,2030,Jan-Mar,7776.3730337078705,9372.560143076971,6180.339644055574,Shaikpet,17.4057955,78.4006536
4141,Shaikpet,2030,Apr-Jun,8092.977078651698,9754.150691770414,6431.963443730949,Shaikpet,17.4057955,78.4006536
4142,Shaikpet,2030,Jul-Sep,8272.856029962551,9970.95179973253,6574.9237941537895,Shaikpet,17.4057955,78.4006536
4143,Shaikpet,2030,Oct-Dec,8492.099176029968,10235.1970415139,6749.169178403552,Shaikpet,17.4057955,78.4006536
4144,Shaikpet Main Road,2024,Jan-Mar,7632.793108614229,9397.33363992065,5861.719930338762,Shaikpet Main Road,,
4145,Shaikpet Main Road,2024,Apr-Jun,7810.888689138575,9616.601156564564,5998.491148817962,Shaikpet Main Road,,
4146,Shaikpet Main Road,2024,Jul-Sep,8012.985468164787,9865.418441801768,6153.694453901427,Shaikpet Main Road,,
4147,Shaikpet Main Road,2024,Oct-Dec,8234.559999999998,10138.216324848638,6323.85599644974,Shaikpet Main Road,,
4148,Shaikpet Main Road,2025,Jan-Mar,7632.793108614229,9397.33363992065,5861.719930338762,Shaikpet Main Road,,
4149,Shaikpet Main Road,2025,Apr-Jun,7810.888689138575,9616.601156564564,5998.491148817962,Shaikpet Main Road,,
4150,Shaikpet Main Road,2025,Jul-Sep,8012.985468164787,9865.418441801768,6153.694453901427,Shaikpet Main Road,,
4151,Shaikpet Main Road,2025,Oct-Dec,8234.559999999998,10138.216324848638,6323.85599644974,Shaikpet Main Road,,
4152,Shaikpet Main Road,2026,Jan-Mar,7632.793108614229,9397.33363992065,5861.719930338762,Shaikpet Main Road,,
4153,Shaikpet Main Road,2026,Apr-Jun,7810.888689138575,9616.601156564564,5998.491148817962,Shaikpet Main Road,,
4154,Shaikpet Main Road,2026,Jul-Sep,8012.985468164787,9865.418441801768,6153.694453901427,Shaikpet Main Road,,
4155,Shaikpet Main Road,2026,Oct-Dec,8234.559999999998,10138.216324848638,6323.85599644974,Shaikpet Main Road,,
4156,Shaikpet Main Road,2027,Jan-Mar,7632.793108614229,9397.33363992065,5861.719930338762,Shaikpet Main Road,,
4157,Shaikpet Main Road,2027,Apr-Jun,7810.888689138575,9616.601156564564,5998.491148817962,Shaikpet Main Road,,
4158,Shaikpet Main Road,2027,Jul-Sep,8012.985468164787,9865.418441801768,6153.694453901427,Shaikpet Main Road,,
4159,Shaikpet Main Road,2027,Oct-Dec,8234.559999999998,10138.216324848638,6323.85599644974,Shaikpet Main Road,,
4160,Shaikpet Main Road,2028,Jan-Mar,7632.793108614229,9397.33363992065,5861.719930338762,Shaikpet Main Road,,
4161,Shaikpet Main Road,2028,Apr-Jun,7810.888689138575,9616.601156564564,5998.491148817962,Shaikpet Main Road,,
4162,Shaikpet Main Road,2028,Jul-Sep,8012.985468164787,9865.418441801768,6153.694453901427,Shaikpet Main Road,,
4163,Shaikpet Main Road,2028,Oct-Dec,8234.559999999998,10138.216324848638,6323.85599644974,Shaikpet Main Road,,
4164,Shaikpet Main Road,2029,Jan-Mar,7632.793108614229,9397.33363992065,5861.719930338762,Shaikpet Main Road,,
4165,Shaikpet Main Road,2029,Apr-Jun,7810.888689138575,9616.601156564564,5998.491148817962,Shaikpet Main Road,,
4166,Shaikpet Main Road,2029,Jul-Sep,8012.985468164787,9865.418441801768,6153.694453901427,Shaikpet Main Road,,
4167,Shaikpet Main Road,2029,Oct-Dec,8234.559999999998,10138.216324848638,6323.85599644974,Shaikpet Main Road,,
4168,Shaikpet Main Road,2030,Jan-Mar,7632.793108614229,9397.33363992065,5861.719930338762,Shaikpet Main Road,,
4169,Shaikpet Main Road,2030,Apr-Jun,7810.888689138575,9616.601156564564,5998.491148817962,Shaikpet Main Road,,
4170,Shaikpet Main Road,2030,Jul-Sep,8012.985468164787,9865.418441801768,6153.694453901427,Shaikpet Main Road,,
4171,Shaikpet Main Road,2030,Oct-Dec,8234.559999999998,10138.216324848638,6323.85599644974,Shaikpet Main Road,,
4172,Shaikpet Road,2024,Jan-Mar,7653.868464419474,9697.38146447949,5570.472952367365,Shaikpet Road,17.4018092,78.3989012
4173,Shaikpet Road,2024,Apr-Jun,7806.93183520599,9891.311357795012,5681.87222332794,Shaikpet Road,17.4018092,78.3989012
4174,Shaikpet Road,2024,Jul-Sep,7869.405543071169,9970.464975274255,5727.340485751688,Shaikpet Road,17.4018092,78.3989012
4175,Shaikpet Road,2024,Oct-Dec,7942.765243445691,10063.411045873552,5780.731555722349,Shaikpet Road,17.4018092,78.3989012
4176,Shaikpet Road,2025,Jan-Mar,7653.868464419474,9697.38146447949,5570.472952367365,Shaikpet Road,17.4018092,78.3989012
4177,Shaikpet Road,2025,Apr-Jun,7806.93183520599,9891.311357795012,5681.87222332794,Shaikpet Road,17.4018092,78.3989012
4178,Shaikpet Road,2025,Jul-Sep,7869.405543071169,9970.464975274255,5727.340485751688,Shaikpet Road,17.4018092,78.3989012
4179,Shaikpet Road,2025,Oct-Dec,7942.765243445691,10063.411045873552,5780.731555722349,Shaikpet Road,17.4018092,78.3989012
4180,Shaikpet Road,2026,Jan-Mar,7653.868464419474,9697.38146447949,5570.472952367365,Shaikpet Road,17.4018092,78.3989012
4181,Shaikpet Road,2026,Apr-Jun,7806.93183520599,9891.311357795012,5681.87222332794,Shaikpet Road,17.4018092,78.3989012
4182,Shaikpet Road,2026,Jul-Sep,7869.405543071169,9970.464975274255,5727.340485751688,Shaikpet Road,17.4018092,78.3989012
4183,Shaikpet Road,2026,Oct-Dec,7942.765243445691,10063.411045873552,5780.731555722349,Shaikpet Road,17.4018092,78.3989012
4184,Shaikpet Road,2027,Jan-Mar,7653.868464419474,9697.38146447949,5570.472952367365,Shaikpet Road,17.4018092,78.3989012
4185,Shaikpet Road,2027,Apr-Jun,7806.93183520599,9891.311357795012,5681.87222332794,Shaikpet Road,17.4018092,78.3989012
4186,Shaikpet Road,2027,Jul-Sep,7869.405543071169,9970.464975274255,5727.340485751688,Shaikpet Road,17.4018092,78.3989012
4187,Shaikpet Road,2027,Oct-Dec,7942.765243445691,10063.411045873552,5780.731555722349,Shaikpet Road,17.4018092,78.3989012
4188,Shaikpet Road,2028,Jan-Mar,7653.868464419474,9697.38146447949,5570.472952367365,Shaikpet Road,17.4018092,78.3989012
4189,Shaikpet Road,2028,Apr-Jun,7806.93183520599,9891.311357795012,5681.87222332794,Shaikpet Road,17.4018092,78.3989012
4190,Shaikpet Road,2028,Jul-Sep,7869.405543071169,9970.464975274255,5727.340485751688,Shaikpet Road,17.4018092,78.3989012
4191,Shaikpet Road,2028,Oct-Dec,7942.765243445691,10063.411045873552,5780.731555722349,Shaikpet Road,17.4018092,78.3989012
4192,Shaikpet Road,2029,Jan-Mar,7653.868464419474,9697.38146447949,5570.472952367365,Shaikpet Road,17.4018092,78.3989012
4193,Shaikpet Road,2029,Apr-Jun,7806.93183520599,9891.311357795012,5681.87222332794,Shaikpet Road,17.4018092,78.3989012
4194,Shaikpet Road,2029,Jul-Sep,7869.405543071169,9970.464975274255,5727.340485751688,Shaikpet Road,17.4018092,78.3989012
4195,Shaikpet Road,2029,Oct-Dec,7942.765243445691,10063.411045873552,5780.731555722349,Shaikpet Road,17.4018092,78.3989012
4196,Shaikpet Road,2030,Jan-Mar,7653.868464419474,9697.38146447949,5570.472952367365,Shaikpet Road,17.4018092,78.3989012
4197,Shaikpet Road,2030,Apr-Jun,7806.93183520599,9891.311357795012,5681.87222332794,Shaikpet Road,17.4018092,78.3989012
4198,Shaikpet Road,2030,Jul-Sep,7869.405543071169,9970.464975274255,5727.340485751688,Shaikpet Road,17.4018092,78.3989012
4199,Shaikpet Road,2030,Oct-Dec,7942.765243445691,10063.411045873552,5780.731555722349,Shaikpet Road,17.4018092,78.3989012
4200,Shamshabad,2024,Jan-Mar,6315.615880149804,7840.727732377774,4738.439505624932,Shamshabad,17.2611444,78.3931943
4201,Shamshabad,2024,Apr-Jun,6903.357303370781,8570.398529963803,5179.406345871785,Shamshabad,17.2611444,78.3931943
4202,Shamshabad,2024,Jul-Sep,7178.061423220973,8911.438937040735,5385.50957927888,Shamshabad,17.2611444,78.3931943
4203,Shamshabad,2024,Oct-Dec,7328.942022471908,9098.754587845724,5498.711301120462,Shamshabad,17.2611444,78.3931943
4204,Shamshabad,2025,Jan-Mar,6315.615880149804,7840.727732377774,4738.439505624932,Shamshabad,17.2611444,78.3931943
4205,Shamshabad,2025,Apr-Jun,6903.357303370781,8570.398529963803,5179.406345871785,Shamshabad,17.2611444,78.3931943
4206,Shamshabad,2025,Jul-Sep,7178.061423220973,8911.438937040735,5385.50957927888,Shamshabad,17.2611444,78.3931943
4207,Shamshabad,2025,Oct-Dec,7328.942022471908,9098.754587845724,5498.711301120462,Shamshabad,17.2611444,78.3931943
4208,Shamshabad,2026,Jan-Mar,6315.615880149804,7840.727732377774,4738.439505624932,Shamshabad,17.2611444,78.3931943
4209,Shamshabad,2026,Apr-Jun,6903.357303370781,8570.398529963803,5179.406345871785,Shamshabad,17.2611444,78.3931943
4210,Shamshabad,2026,Jul-Sep,7178.061423220973,8911.438937040735,5385.50957927888,Shamshabad,17.2611444,78.3931943
4211,Shamshabad,2026,Oct-Dec,7328.942022471908,9098.754587845724,5498.711301120462,Shamshabad,17.2611444,78.3931943
4212,Shamshabad,2027,Jan-Mar,6315.615880149804,7840.727732377774,4738.439505624932,Shamshabad,17.2611444,78.3931943
4213,Shamshabad,2027,Apr-Jun,6903.357303370781,8570.398529963803,5179.406345871785,Shamshabad,17.2611444,78.3931943
4214,Shamshabad,2027,Jul-Sep,7178.061423220973,8911.438937040735,5385.50957927888,Shamshabad,17.2611444,78.3931943
4215,Shamshabad,2027,Oct-Dec,7328.942022471908,9098.754587845724,5498.711301120462,Shamshabad,17.2611444,78.3931943
4216,Shamshabad,2028,Jan-Mar,6315.615880149804,7840.727732377774,4738.439505624932,Shamshabad,17.2611444,78.3931943
4217,Shamshabad,2028,Apr-Jun,6903.357303370781,8570.398529963803,5179.406345871785,Shamshabad,17.2611444,78.3931943
4218,Shamshabad,2028,Jul-Sep,7178.061423220973,8911.438937040735,5385.50957927888,Shamshabad,17.2611444,78.3931943
4219,Shamshabad,2028,Oct-Dec,7328.942022471908,9098.754587845724,5498.711301120462,Shamshabad,17.2611444,78.3931943
4220,Shamshabad,2029,Jan-Mar,6315.615880149804,7840.727732377774,4738.439505624932,Shamshabad,17.2611444,78.3931943
4221,Shamshabad,2029,Apr-Jun,6903.357303370781,8570.398529963803,5179.406345871785,Shamshabad,17.2611444,78.3931943
4222,Shamshabad,2029,Jul-Sep,7178.061423220973,8911.438937040735,5385.50957927888,Shamshabad,17.2611444,78.3931943
4223,Shamshabad,2029,Oct-Dec,7328.942022471908,9098.754587845724,5498.711301120462,Shamshabad,17.2611444,78.3931943
4224,Shamshabad,2030,Jan-Mar,6315.615880149804,7840.727732377774,4738.439505624932,Shamshabad,17.2611444,78.3931943
4225,Shamshabad,2030,Apr-Jun,6903.357303370781,8570.398529963803,5179.406345871785,Shamshabad,17.2611444,78.3931943
4226,Shamshabad,2030,Jul-Sep,7178.061423220973,8911.438937040735,5385.50957927888,Shamshabad,17.2611444,78.3931943
4227,Shamshabad,2030,Oct-Dec,7328.942022471908,9098.754587845724,5498.711301120462,Shamshabad,17.2611444,78.3931943
4228,Shankarpalli Hyderabad Road,2024,Jan-Mar,7111.454382022468,9271.059953581758,4865.588746910407,Shankarpalli Hyderabad Road,,
4229,Shankarpalli Hyderabad Road,2024,Apr-Jun,7525.605093632955,9810.979901161792,5148.946683794738,Shankarpalli Hyderabad Road,,
4230,Shankarpalli Hyderabad Road,2024,Jul-Sep,7835.187116104869,10214.575753248517,5360.759728478395,Shankarpalli Hyderabad Road,,
4231,Shankarpalli Hyderabad Road,2024,Oct-Dec,8010.895580524349,10443.64334202513,5480.977771271098,Shankarpalli Hyderabad Road,,
4232,Shankarpalli Hyderabad Road,2025,Jan-Mar,7111.454382022468,9271.059953581758,4865.588746910407,Shankarpalli Hyderabad Road,,
4233,Shankarpalli Hyderabad Road,2025,Apr-Jun,7525.605093632955,9810.979901161792,5148.946683794738,Shankarpalli Hyderabad Road,,
4234,Shankarpalli Hyderabad Road,2025,Jul-Sep,7835.187116104869,10214.575753248517,5360.759728478395,Shankarpalli Hyderabad Road,,
4235,Shankarpalli Hyderabad Road,2025,Oct-Dec,8010.895580524349,10443.64334202513,5480.977771271098,Shankarpalli Hyderabad Road,,
4236,Shankarpalli Hyderabad Road,2026,Jan-Mar,7111.454382022468,9271.059953581758,4865.588746910407,Shankarpalli Hyderabad Road,,
4237,Shankarpalli Hyderabad Road,2026,Apr-Jun,7525.605093632955,9810.979901161792,5148.946683794738,Shankarpalli Hyderabad Road,,
4238,Shankarpalli Hyderabad Road,2026,Jul-Sep,7835.187116104869,10214.575753248517,5360.759728478395,Shankarpalli Hyderabad Road,,
4239,Shankarpalli Hyderabad Road,2026,Oct-Dec,8010.895580524349,10443.64334202513,5480.977771271098,Shankarpalli Hyderabad Road,,
4240,Shankarpalli Hyderabad Road,2027,Jan-Mar,7111.454382022468,9271.059953581758,4865.588746910407,Shankarpalli Hyderabad Road,,
4241,Shankarpalli Hyderabad Road,2027,Apr-Jun,7525.605093632955,9810.979901161792,5148.946683794738,Shankarpalli Hyderabad Road,,
4242,Shankarpalli Hyderabad Road,2027,Jul-Sep,7835.187116104869,10214.575753248517,5360.759728478395,Shankarpalli Hyderabad Road,,
4243,Shankarpalli Hyderabad Road,2027,Oct-Dec,8010.895580524349,10443.64334202513,5480.977771271098,Shankarpalli Hyderabad Road,,
4244,Shankarpalli Hyderabad Road,2028,Jan-Mar,7111.454382022468,9271.059953581758,4865.588746910407,Shankarpalli Hyderabad Road,,
4245,Shankarpalli Hyderabad Road,2028,Apr-Jun,7525.605093632955,9810.979901161792,5148.946683794738,Shankarpalli Hyderabad Road,,
4246,Shankarpalli Hyderabad Road,2028,Jul-Sep,7835.187116104869,10214.575753248517,5360.759728478395,Shankarpalli Hyderabad Road,,
4247,Shankarpalli Hyderabad Road,2028,Oct-Dec,8010.895580524349,10443.64334202513,5480.977771271098,Shankarpalli Hyderabad Road,,
4248,Shankarpalli Hyderabad Road,2029,Jan-Mar,7111.454382022468,9271.059953581758,4865.588746910407,Shankarpalli Hyderabad Road,,
4249,Shankarpalli Hyderabad Road,2029,Apr-Jun,7525.605093632955,9810.979901161792,5148.946683794738,Shankarpalli Hyderabad Road,,
4250,Shankarpalli Hyderabad Road,2029,Jul-Sep,7835.187116104869,10214.575753248517,5360.759728478395,Shankarpalli Hyderabad Road,,
4251,Shankarpalli Hyderabad Road,2029,Oct-Dec,8010.895580524349,10443.64334202513,5480.977771271098,Shankarpalli Hyderabad Road,,
4252,Shankarpalli Hyderabad Road,2030,Jan-Mar,7111.454382022468,9271.059953581758,4865.588746910407,Shankarpalli Hyderabad Road,,
4253,Shankarpalli Hyderabad Road,2030,Apr-Jun,7525.605093632955,9810.979901161792,5148.946683794738,Shankarpalli Hyderabad Road,,
4254,Shankarpalli Hyderabad Road,2030,Jul-Sep,7835.187116104869,10214.575753248517,5360.759728478395,Shankarpalli Hyderabad Road,,
4255,Shankarpalli Hyderabad Road,2030,Oct-Dec,8010.895580524349,10443.64334202513,5480.977771271098,Shankarpalli Hyderabad Road,,
4256,Shankarpalli Road,2024,Jan-Mar,8084.73827715356,10911.68004122511,5794.355686523314,Shankarpalli Road,17.414980417399363,78.2613779629545
4257,Shankarpalli Road,2024,Apr-Jun,8349.17872659176,11268.5857907138,5983.88093389947,Shankarpalli Road,17.414980417399363,78.2613779629545
4258,Shankarpalli Road,2024,Jul-Sep,8582.122247191024,11582.98126986475,6150.832239798556,Shankarpalli Road,17.414980417399363,78.2613779629545
4259,Shankarpalli Road,2024,Oct-Dec,8774.057528089896,11842.029405004692,6288.392819769783,Shankarpalli Road,17.414980417399363,78.2613779629545
4260,Shankarpalli Road,2025,Jan-Mar,8084.73827715356,10911.68004122511,5794.355686523314,Shankarpalli Road,17.414980417399363,78.2613779629545
4261,Shankarpalli Road,2025,Apr-Jun,8349.17872659176,11268.5857907138,5983.88093389947,Shankarpalli Road,17.414980417399363,78.2613779629545
4262,Shankarpalli Road,2025,Jul-Sep,8582.122247191024,11582.98126986475,6150.832239798556,Shankarpalli Road,17.414980417399363,78.2613779629545
4263,Shankarpalli Road,2025,Oct-Dec,8774.057528089896,11842.029405004692,6288.392819769783,Shankarpalli Road,17.414980417399363,78.2613779629545
4264,Shankarpalli Road,2026,Jan-Mar,8084.73827715356,10911.68004122511,5794.355686523314,Shankarpalli Road,17.414980417399363,78.2613779629545
4265,Shankarpalli Road,2026,Apr-Jun,8349.17872659176,11268.5857907138,5983.88093389947,Shankarpalli Road,17.414980417399363,78.2613779629545
4266,Shankarpalli Road,2026,Jul-Sep,8582.122247191024,11582.98126986475,6150.832239798556,Shankarpalli Road,17.414980417399363,78.2613779629545
4267,Shankarpalli Road,2026,Oct-Dec,8774.057528089896,11842.029405004692,6288.392819769783,Shankarpalli Road,17.414980417399363,78.2613779629545
4268,Shankarpalli Road,2027,Jan-Mar,8084.73827715356,10911.68004122511,5794.355686523314,Shankarpalli Road,17.414980417399363,78.2613779629545
4269,Shankarpalli Road,2027,Apr-Jun,8349.17872659176,11268.5857907138,5983.88093389947,Shankarpalli Road,17.414980417399363,78.2613779629545
4270,Shankarpalli Road,2027,Jul-Sep,8582.122247191024,11582.98126986475,6150.832239798556,Shankarpalli Road,17.414980417399363,78.2613779629545
4271,Shankarpalli Road,2027,Oct-Dec,8774.057528089896,11842.029405004692,6288.392819769783,Shankarpalli Road,17.414980417399363,78.2613779629545
4272,Shankarpalli Road,2028,Jan-Mar,8084.73827715356,10911.68004122511,5794.355686523314,Shankarpalli Road,17.414980417399363,78.2613779629545
4273,Shankarpalli Road,2028,Apr-Jun,8349.17872659176,11268.5857907138,5983.88093389947,Shankarpalli Road,17.414980417399363,78.2613779629545
4274,Shankarpalli Road,2028,Jul-Sep,8582.122247191024,11582.98126986475,6150.832239798556,Shankarpalli Road,17.414980417399363,78.2613779629545
4275,Shankarpalli Road,2028,Oct-Dec,8774.057528089896,11842.029405004692,6288.392819769783,Shankarpalli Road,17.414980417399363,78.2613779629545
4276,Shankarpalli Road,2029,Jan-Mar,8084.73827715356,10911.68004122511,5794.355686523314,Shankarpalli Road,17.414980417399363,78.2613779629545
4277,Shankarpalli Road,2029,Apr-Jun,8349.17872659176,11268.5857907138,5983.88093389947,Shankarpalli Road,17.414980417399363,78.2613779629545
4278,Shankarpalli Road,2029,Jul-Sep,8582.122247191024,11582.98126986475,6150.832239798556,Shankarpalli Road,17.414980417399363,78.2613779629545
4279,Shankarpalli Road,2029,Oct-Dec,8774.057528089896,11842.029405004692,6288.392819769783,Shankarpalli Road,17.414980417399363,78.2613779629545
4280,Shankarpalli Road,2030,Jan-Mar,8084.73827715356,10911.68004122511,5794.355686523314,Shankarpalli Road,17.414980417399363,78.2613779629545
4281,Shankarpalli Road,2030,Apr-Jun,8349.17872659176,11268.5857907138,5983.88093389947,Shankarpalli Road,17.414980417399363,78.2613779629545
4282,Shankarpalli Road,2030,Jul-Sep,8582.122247191024,11582.98126986475,6150.832239798556,Shankarpalli Road,17.414980417399363,78.2613779629545
4283,Shankarpalli Road,2030,Oct-Dec,8774.057528089896,11842.029405004692,6288.392819769783,Shankarpalli Road,17.414980417399363,78.2613779629545
4284,Shastripuram Main Road,2024,Jan-Mar,7246.953408239712,9656.783282589717,4837.554738462295,Shastripuram Main Road,,
4285,Shastripuram Main Road,2024,Apr-Jun,7337.979625468178,9778.078453579748,4898.317418125337,Shastripuram Main Road,,
4286,Shastripuram Main Road,2024,Jul-Sep,7454.678951310872,9933.583813612267,4976.217653562729,Shastripuram Main Road,,
4287,Shastripuram Main Road,2024,Oct-Dec,7561.188913857674,10075.511540728849,5047.316189041912,Shastripuram Main Road,,
4288,Shastripuram Main Road,2025,Jan-Mar,7246.953408239712,9656.783282589717,4837.554738462295,Shastripuram Main Road,,
4289,Shastripuram Main Road,2025,Apr-Jun,7337.979625468178,9778.078453579748,4898.317418125337,Shastripuram Main Road,,
4290,Shastripuram Main Road,2025,Jul-Sep,7454.678951310872,9933.583813612267,4976.217653562729,Shastripuram Main Road,,
4291,Shastripuram Main Road,2025,Oct-Dec,7561.188913857674,10075.511540728849,5047.316189041912,Shastripuram Main Road,,
4292,Shastripuram Main Road,2026,Jan-Mar,7246.953408239712,9656.783282589717,4837.554738462295,Shastripuram Main Road,,
4293,Shastripuram Main Road,2026,Apr-Jun,7337.979625468178,9778.078453579748,4898.317418125337,Shastripuram Main Road,,
4294,Shastripuram Main Road,2026,Jul-Sep,7454.678951310872,9933.583813612267,4976.217653562729,Shastripuram Main Road,,
4295,Shastripuram Main Road,2026,Oct-Dec,7561.188913857674,10075.511540728849,5047.316189041912,Shastripuram Main Road,,
4296,Shastripuram Main Road,2027,Jan-Mar,7246.953408239712,9656.783282589717,4837.554738462295,Shastripuram Main Road,,
4297,Shastripuram Main Road,2027,Apr-Jun,7337.979625468178,9778.078453579748,4898.317418125337,Shastripuram Main Road,,
4298,Shastripuram Main Road,2027,Jul-Sep,7454.678951310872,9933.583813612267,4976.217653562729,Shastripuram Main Road,,
4299,Shastripuram Main Road,2027,Oct-Dec,7561.188913857674,10075.511540728849,5047.316189041912,Shastripuram Main Road,,
4300,Shastripuram Main Road,2028,Jan-Mar,7246.953408239712,9656.783282589717,4837.554738462295,Shastripuram Main Road,,
4301,Shastripuram Main Road,2028,Apr-Jun,7337.979625468178,9778.078453579748,4898.317418125337,Shastripuram Main Road,,
4302,Shastripuram Main Road,2028,Jul-Sep,7454.678951310872,9933.583813612267,4976.217653562729,Shastripuram Main Road,,
4303,Shastripuram Main Road,2028,Oct-Dec,7561.188913857674,10075.511540728849,5047.316189041912,Shastripuram Main Road,,
4304,Shastripuram Main Road,2029,Jan-Mar,7246.953408239712,9656.783282589717,4837.554738462295,Shastripuram Main Road,,
4305,Shastripuram Main Road,2029,Apr-Jun,7337.979625468178,9778.078453579748,4898.317418125337,Shastripuram Main Road,,
4306,Shastripuram Main Road,2029,Jul-Sep,7454.678951310872,9933.583813612267,4976.217653562729,Shastripuram Main Road,,
4307,Shastripuram Main Road,2029,Oct-Dec,7561.188913857674,10075.511540728849,5047.316189041912,Shastripuram Main Road,,
4308,Shastripuram Main Road,2030,Jan-Mar,7246.953408239712,9656.783282589717,4837.554738462295,Shastripuram Main Road,,
4309,Shastripuram Main Road,2030,Apr-Jun,7337.979625468178,9778.078453579748,4898.317418125337,Shastripuram Main Road,,
4310,Shastripuram Main Road,2030,Jul-Sep,7454.678951310872,9933.583813612267,4976.217653562729,Shastripuram Main Road,,
4311,Shastripuram Main Road,2030,Oct-Dec,7561.188913857674,10075.511540728849,5047.316189041912,Shastripuram Main Road,,
4312,Shivam Road,2024,Jan-Mar,5511.092734082408,6584.189453523904,3999.3893505675032,Shivam Road,53.5449101,-113.31986535
4313,Shivam Road,2024,Apr-Jun,5719.644943820238,6833.350069416452,4150.735286284492,Shivam Road,53.5449101,-113.31986535
4314,Shivam Road,2024,Jul-Sep,5968.146516853935,7130.238820032801,4331.072397769464,Shivam Road,53.5449101,-113.31986535
4315,Shivam Road,2024,Oct-Dec,6098.927041198495,7286.484376161907,4425.979571639104,Shivam Road,53.5449101,-113.31986535
4316,Shivam Road,2025,Jan-Mar,5511.092734082408,6584.189453523904,3999.3893505675032,Shivam Road,53.5449101,-113.31986535
4317,Shivam Road,2025,Apr-Jun,5719.644943820238,6833.350069416452,4150.735286284492,Shivam Road,53.5449101,-113.31986535
4318,Shivam Road,2025,Jul-Sep,5968.146516853935,7130.238820032801,4331.072397769464,Shivam Road,53.5449101,-113.31986535
4319,Shivam Road,2025,Oct-Dec,6098.927041198495,7286.484376161907,4425.979571639104,Shivam Road,53.5449101,-113.31986535
4320,Shivam Road,2026,Jan-Mar,5511.092734082408,6584.189453523904,3999.3893505675032,Shivam Road,53.5449101,-113.31986535
4321,Shivam Road,2026,Apr-Jun,5719.644943820238,6833.350069416452,4150.735286284492,Shivam Road,53.5449101,-113.31986535
4322,Shivam Road,2026,Jul-Sep,5968.146516853935,7130.238820032801,4331.072397769464,Shivam Road,53.5449101,-113.31986535
4323,Shivam Road,2026,Oct-Dec,6098.927041198495,7286.484376161907,4425.979571639104,Shivam Road,53.5449101,-113.31986535
4324,Shivam Road,2027,Jan-Mar,5511.092734082408,6584.189453523904,3999.3893505675032,Shivam Road,53.5449101,-113.31986535
4325,Shivam Road,2027,Apr-Jun,5719.644943820238,6833.350069416452,4150.735286284492,Shivam Road,53.5449101,-113.31986535
4326,Shivam Road,2027,Jul-Sep,5968.146516853935,7130.238820032801,4331.072397769464,Shivam Road,53.5449101,-113.31986535
4327,Shivam Road,2027,Oct-Dec,6098.927041198495,7286.484376161907,4425.979571639104,Shivam Road,53.5449101,-113.31986535
4328,Shivam Road,2028,Jan-Mar,5511.092734082408,6584.189453523904,3999.3893505675032,Shivam Road,53.5449101,-113.31986535
4329,Shivam Road,2028,Apr-Jun,5719.644943820238,6833.350069416452,4150.735286284492,Shivam Road,53.5449101,-113.31986535
4330,Shivam Road,2028,Jul-Sep,5968.146516853935,7130.238820032801,4331.072397769464,Shivam Road,53.5449101,-113.31986535
4331,Shivam Road,2028,Oct-Dec,6098.927041198495,7286.484376161907,4425.979571639104,Shivam Road,53.5449101,-113.31986535
4332,Shivam Road,2029,Jan-Mar,5511.092734082408,6584.189453523904,3999.3893505675032,Shivam Road,53.5449101,-113.31986535
4333,Shivam Road,2029,Apr-Jun,5719.644943820238,6833.350069416452,4150.735286284492,Shivam Road,53.5449101,-113.31986535
4334,Shivam Road,2029,Jul-Sep,5968.146516853935,7130.238820032801,4331.072397769464,Shivam Road,53.5449101,-113.31986535
4335,Shivam Road,2029,Oct-Dec,6098.927041198495,7286.484376161907,4425.979571639104,Shivam Road,53.5449101,-113.31986535
4336,Shivam Road,2030,Jan-Mar,5511.092734082408,6584.189453523904,3999.3893505675032,Shivam Road,53.5449101,-113.31986535
4337,Shivam Road,2030,Apr-Jun,5719.644943820238,6833.350069416452,4150.735286284492,Shivam Road,53.5449101,-113.31986535
4338,Shivam Road,2030,Jul-Sep,5968.146516853935,7130.238820032801,4331.072397769464,Shivam Road,53.5449101,-113.31986535
4339,Shivam Road,2030,Oct-Dec,6098.927041198495,7286.484376161907,4425.979571639104,Shivam Road,53.5449101,-113.31986535
4340,Shivarampalli Village,2024,Jan-Mar,7218.48449438202,8963.217068726806,5732.8311441406695,Shivarampalli Village,,
4341,Shivarampalli Village,2024,Apr-Jun,7398.753558052431,9187.057786222502,5875.998605861911,Shivarampalli Village,,
4342,Shivarampalli Village,2024,Jul-Sep,7379.879550561787,9163.62186608898,5861.009102450036,Shivarampalli Village,,
4343,Shivarampalli Village,2024,Oct-Dec,7430.919250936316,9226.998037906722,5901.544201489513,Shivarampalli Village,,
4344,Shivarampalli Village,2025,Jan-Mar,7218.48449438202,8963.217068726806,5732.8311441406695,Shivarampalli Village,,
4345,Shivarampalli Village,2025,Apr-Jun,7398.753558052431,9187.057786222502,5875.998605861911,Shivarampalli Village,,
4346,Shivarampalli Village,2025,Jul-Sep,7379.879550561787,9163.62186608898,5861.009102450036,Shivarampalli Village,,
4347,Shivarampalli Village,2025,Oct-Dec,7430.919250936316,9226.998037906722,5901.544201489513,Shivarampalli Village,,
4348,Shivarampalli Village,2026,Jan-Mar,7218.48449438202,8963.217068726806,5732.8311441406695,Shivarampalli Village,,
4349,Shivarampalli Village,2026,Apr-Jun,7398.753558052431,9187.057786222502,5875.998605861911,Shivarampalli Village,,
4350,Shivarampalli Village,2026,Jul-Sep,7379.879550561787,9163.62186608898,5861.009102450036,Shivarampalli Village,,
4351,Shivarampalli Village,2026,Oct-Dec,7430.919250936316,9226.998037906722,5901.544201489513,Shivarampalli Village,,
4352,Shivarampalli Village,2027,Jan-Mar,7218.48449438202,8963.217068726806,5732.8311441406695,Shivarampalli Village,,
4353,Shivarampalli Village,2027,Apr-Jun,7398.753558052431,9187.057786222502,5875.998605861911,Shivarampalli Village,,
4354,Shivarampalli Village,2027,Jul-Sep,7379.879550561787,9163.62186608898,5861.009102450036,Shivarampalli Village,,
4355,Shivarampalli Village,2027,Oct-Dec,7430.919250936316,9226.998037906722,5901.544201489513,Shivarampalli Village,,
4356,Shivarampalli Village,2028,Jan-Mar,7218.48449438202,8963.217068726806,5732.8311441406695,Shivarampalli Village,,
4357,Shivarampalli Village,2028,Apr-Jun,7398.753558052431,9187.057786222502,5875.998605861911,Shivarampalli Village,,
4358,Shivarampalli Village,2028,Jul-Sep,7379.879550561787,9163.62186608898,5861.009102450036,Shivarampalli Village,,
4359,Shivarampalli Village,2028,Oct-Dec,7430.919250936316,9226.998037906722,5901.544201489513,Shivarampalli Village,,
4360,Shivarampalli Village,2029,Jan-Mar,7218.48449438202,8963.217068726806,5732.8311441406695,Shivarampalli Village,,
4361,Shivarampalli Village,2029,Apr-Jun,7398.753558052431,9187.057786222502,5875.998605861911,Shivarampalli Village,,
4362,Shivarampalli Village,2029,Jul-Sep,7379.879550561787,9163.62186608898,5861.009102450036,Shivarampalli Village,,
4363,Shivarampalli Village,2029,Oct-Dec,7430.919250936316,9226.998037906722,5901.544201489513,Shivarampalli Village,,
4364,Shivarampalli Village,2030,Jan-Mar,7218.48449438202,8963.217068726806,5732.8311441406695,Shivarampalli Village,,
4365,Shivarampalli Village,2030,Apr-Jun,7398.753558052431,9187.057786222502,5875.998605861911,Shivarampalli Village,,
4366,Shivarampalli Village,2030,Jul-Sep,7379.879550561787,9163.62186608898,5861.009102450036,Shivarampalli Village,,
4367,Shivarampalli Village,2030,Oct-Dec,7430.919250936316,9226.998037906722,5901.544201489513,Shivarampalli Village,,
4368,Shivarampally Jagir,2024,Jan-Mar,7204.635505617966,8751.525892522319,5657.707051719152,Shivarampally Jagir,,
4369,Shivarampally Jagir,2024,Apr-Jun,7367.544569288383,8949.41277905898,5785.63743176383,Shivarampally Jagir,,
4370,Shivarampally Jagir,2024,Jul-Sep,7367.553857677894,8949.42406173681,5785.644725815942,Shivarampally Jagir,,
4371,Shivarampally Jagir,2024,Oct-Dec,7414.051535580513,9005.905146975561,5822.158750703542,Shivarampally Jagir,,
4372,Shivarampally Jagir,2025,Jan-Mar,7204.635505617966,8751.525892522319,5657.707051719152,Shivarampally Jagir,,
4373,Shivarampally Jagir,2025,Apr-Jun,7367.544569288383,8949.41277905898,5785.63743176383,Shivarampally Jagir,,
4374,Shivarampally Jagir,2025,Jul-Sep,7367.553857677894,8949.42406173681,5785.644725815942,Shivarampally Jagir,,
4375,Shivarampally Jagir,2025,Oct-Dec,7414.051535580513,9005.905146975561,5822.158750703542,Shivarampally Jagir,,
4376,Shivarampally Jagir,2026,Jan-Mar,7204.635505617966,8751.525892522319,5657.707051719152,Shivarampally Jagir,,
4377,Shivarampally Jagir,2026,Apr-Jun,7367.544569288383,8949.41277905898,5785.63743176383,Shivarampally Jagir,,
4378,Shivarampally Jagir,2026,Jul-Sep,7367.553857677894,8949.42406173681,5785.644725815942,Shivarampally Jagir,,
4379,Shivarampally Jagir,2026,Oct-Dec,7414.051535580513,9005.905146975561,5822.158750703542,Shivarampally Jagir,,
4380,Shivarampally Jagir,2027,Jan-Mar,7204.635505617966,8751.525892522319,5657.707051719152,Shivarampally Jagir,,
4381,Shivarampally Jagir,2027,Apr-Jun,7367.544569288383,8949.41277905898,5785.63743176383,Shivarampally Jagir,,
4382,Shivarampally Jagir,2027,Jul-Sep,7367.553857677894,8949.42406173681,5785.644725815942,Shivarampally Jagir,,
4383,Shivarampally Jagir,2027,Oct-Dec,7414.051535580513,9005.905146975561,5822.158750703542,Shivarampally Jagir,,
4384,Shivarampally Jagir,2028,Jan-Mar,7204.635505617966,8751.525892522319,5657.707051719152,Shivarampally Jagir,,
4385,Shivarampally Jagir,2028,Apr-Jun,7367.544569288383,8949.41277905898,5785.63743176383,Shivarampally Jagir,,
4386,Shivarampally Jagir,2028,Jul-Sep,7367.553857677894,8949.42406173681,5785.644725815942,Shivarampally Jagir,,
4387,Shivarampally Jagir,2028,Oct-Dec,7414.051535580513,9005.905146975561,5822.158750703542,Shivarampally Jagir,,
4388,Shivarampally Jagir,2029,Jan-Mar,7204.635505617966,8751.525892522319,5657.707051719152,Shivarampally Jagir,,
4389,Shivarampally Jagir,2029,Apr-Jun,7367.544569288383,8949.41277905898,5785.63743176383,Shivarampally Jagir,,
4390,Shivarampally Jagir,2029,Jul-Sep,7367.553857677894,8949.42406173681,5785.644725815942,Shivarampally Jagir,,
4391,Shivarampally Jagir,2029,Oct-Dec,7414.051535580513,9005.905146975561,5822.158750703542,Shivarampally Jagir,,
4392,Shivarampally Jagir,2030,Jan-Mar,7204.635505617966,8751.525892522319,5657.707051719152,Shivarampally Jagir,,
4393,Shivarampally Jagir,2030,Apr-Jun,7367.544569288383,8949.41277905898,5785.63743176383,Shivarampally Jagir,,
4394,Shivarampally Jagir,2030,Jul-Sep,7367.553857677894,8949.42406173681,5785.644725815942,Shivarampally Jagir,,
4395,Shivarampally Jagir,2030,Oct-Dec,7414.051535580513,9005.905146975561,5822.158750703542,Shivarampally Jagir,,
4396,Somajiguda,2024,Jan-Mar,9834.308614232224,13062.739844951097,6944.095368723544,Somajiguda,17.4255053,78.4585197
4397,Somajiguda,2024,Apr-Jun,9454.617827715369,12558.40322502677,6675.992227402253,Somajiguda,17.4255053,78.4585197
4398,Somajiguda,2024,Jul-Sep,9572.849737827712,12715.448599923187,6759.4768618236585,Somajiguda,17.4255053,78.4585197
4399,Somajiguda,2024,Oct-Dec,9873.617078651689,13114.952589594155,6971.851435411526,Somajiguda,17.4255053,78.4585197
4400,Somajiguda,2025,Jan-Mar,9834.308614232224,13062.739844951097,6944.095368723544,Somajiguda,17.4255053,78.4585197
4401,Somajiguda,2025,Apr-Jun,9454.617827715369,12558.40322502677,6675.992227402253,Somajiguda,17.4255053,78.4585197
4402,Somajiguda,2025,Jul-Sep,9572.849737827712,12715.448599923187,6759.4768618236585,Somajiguda,17.4255053,78.4585197
4403,Somajiguda,2025,Oct-Dec,9873.617078651689,13114.952589594155,6971.851435411526,Somajiguda,17.4255053,78.4585197
4404,Somajiguda,2026,Jan-Mar,9834.308614232224,13062.739844951097,6944.095368723544,Somajiguda,17.4255053,78.4585197
4405,Somajiguda,2026,Apr-Jun,9454.617827715369,12558.40322502677,6675.992227402253,Somajiguda,17.4255053,78.4585197
4406,Somajiguda,2026,Jul-Sep,9572.849737827712,12715.448599923187,6759.4768618236585,Somajiguda,17.4255053,78.4585197
4407,Somajiguda,2026,Oct-Dec,9873.617078651689,13114.952589594155,6971.851435411526,Somajiguda,17.4255053,78.4585197
4408,Somajiguda,2027,Jan-Mar,9834.308614232224,13062.739844951097,6944.095368723544,Somajiguda,17.4255053,78.4585197
4409,Somajiguda,2027,Apr-Jun,9454.617827715369,12558.40322502677,6675.992227402253,Somajiguda,17.4255053,78.4585197
4410,Somajiguda,2027,Jul-Sep,9572.849737827712,12715.448599923187,6759.4768618236585,Somajiguda,17.4255053,78.4585197
4411,Somajiguda,2027,Oct-Dec,9873.617078651689,13114.952589594155,6971.851435411526,Somajiguda,17.4255053,78.4585197
4412,Somajiguda,2028,Jan-Mar,9834.308614232224,13062.739844951097,6944.095368723544,Somajiguda,17.4255053,78.4585197
4413,Somajiguda,2028,Apr-Jun,9454.617827715369,12558.40322502677,6675.992227402253,Somajiguda,17.4255053,78.4585197
4414,Somajiguda,2028,Jul-Sep,9572.849737827712,12715.448599923187,6759.4768618236585,Somajiguda,17.4255053,78.4585197
4415,Somajiguda,2028,Oct-Dec,9873.617078651689,13114.952589594155,6971.851435411526,Somajiguda,17.4255053,78.4585197
4416,Somajiguda,2029,Jan-Mar,9834.308614232224,13062.739844951097,6944.095368723544,Somajiguda,17.4255053,78.4585197
4417,Somajiguda,2029,Apr-Jun,9454.617827715369,12558.40322502677,6675.992227402253,Somajiguda,17.4255053,78.4585197
4418,Somajiguda,2029,Jul-Sep,9572.849737827712,12715.448599923187,6759.4768618236585,Somajiguda,17.4255053,78.4585197
4419,Somajiguda,2029,Oct-Dec,9873.617078651689,13114.952589594155,6971.851435411526,Somajiguda,17.4255053,78.4585197
4420,Somajiguda,2030,Jan-Mar,9834.308614232224,13062.739844951097,6944.095368723544,Somajiguda,17.4255053,78.4585197
4421,Somajiguda,2030,Apr-Jun,9454.617827715369,12558.40322502677,6675.992227402253,Somajiguda,17.4255053,78.4585197
4422,Somajiguda,2030,Jul-Sep,9572.849737827712,12715.448599923187,6759.4768618236585,Somajiguda,17.4255053,78.4585197
4423,Somajiguda,2030,Oct-Dec,9873.617078651689,13114.952589594155,6971.851435411526,Somajiguda,17.4255053,78.4585197
4424,Srinagar Colony Main Road,2024,Jan-Mar,9252.586067415736,11555.191282192793,6931.157098929969,Srinagar Colony Main Road,16.962898812970618,82.23596588189426
4425,Srinagar Colony Main Road,2024,Apr-Jun,9119.39056179776,11388.848647373728,6831.37969966202,Srinagar Colony Main Road,16.962898812970618,82.23596588189426
4426,Srinagar Colony Main Road,2024,Jul-Sep,9011.32943820224,11253.895354941003,6750.430587870982,Srinagar Colony Main Road,16.962898812970618,82.23596588189426
4427,Srinagar Colony Main Road,2024,Oct-Dec,9298.52644194756,11612.564411329116,6965.571256306479,Srinagar Colony Main Road,16.962898812970618,82.23596588189426
4428,Srinagar Colony Main Road,2025,Jan-Mar,9252.586067415736,11555.191282192793,6931.157098929969,Srinagar Colony Main Road,16.962898812970618,82.23596588189426
4429,Srinagar Colony Main Road,2025,Apr-Jun,9119.39056179776,11388.848647373728,6831.37969966202,Srinagar Colony Main Road,16.962898812970618,82.23596588189426
4430,Srinagar Colony Main Road,2025,Jul-Sep,9011.32943820224,11253.895354941003,6750.430587870982,Srinagar Colony Main Road,16.962898812970618,82.23596588189426
4431,Srinagar Colony Main Road,2025,Oct-Dec,9298.52644194756,11612.564411329116,6965.571256306479,Srinagar Colony Main Road,16.962898812970618,82.23596588189426
4432,Srinagar Colony Main Road,2026,Jan-Mar,9252.586067415736,11555.191282192793,6931.157098929969,Srinagar Colony Main Road,16.962898812970618,82.23596588189426
4433,Srinagar Colony Main Road,2026,Apr-Jun,9119.39056179776,11388.848647373728,6831.37969966202,Srinagar Colony Main Road,16.962898812970618,82.23596588189426
4434,Srinagar Colony Main Road,2026,Jul-Sep,9011.32943820224,11253.895354941003,6750.430587870982,Srinagar Colony Main Road,16.962898812970618,82.23596588189426
4435,Srinagar Colony Main Road,2026,Oct-Dec,9298.52644194756,11612.564411329116,6965.571256306479,Srinagar Colony Main Road,16.962898812970618,82.23596588189426
4436,Srinagar Colony Main Road,2027,Jan-Mar,9252.586067415736,11555.191282192793,6931.157098929969,Srinagar Colony Main Road,16.962898812970618,82.23596588189426
4437,Srinagar Colony Main Road,2027,Apr-Jun,9119.39056179776,11388.848647373728,6831.37969966202,Srinagar Colony Main Road,16.962898812970618,82.23596588189426
4438,Srinagar Colony Main Road,2027,Jul-Sep,9011.32943820224,11253.895354941003,6750.430587870982,Srinagar Colony Main Road,16.962898812970618,82.23596588189426
4439,Srinagar Colony Main Road,2027,Oct-Dec,9298.52644194756,11612.564411329116,6965.571256306479,Srinagar Colony Main Road,16.962898812970618,82.23596588189426
4440,Srinagar Colony Main Road,2028,Jan-Mar,9252.586067415736,11555.191282192793,6931.157098929969,Srinagar Colony Main Road,16.962898812970618,82.23596588189426
4441,Srinagar Colony Main Road,2028,Apr-Jun,9119.39056179776,11388.848647373728,6831.37969966202,Srinagar Colony Main Road,16.962898812970618,82.23596588189426
4442,Srinagar Colony Main Road,2028,Jul-Sep,9011.32943820224,11253.895354941003,6750.430587870982,Srinagar Colony Main Road,16.962898812970618,82.23596588189426
4443,Srinagar Colony Main Road,2028,Oct-Dec,9298.52644194756,11612.564411329116,6965.571256306479,Srinagar Colony Main Road,16.962898812970618,82.23596588189426
4444,Srinagar Colony Main Road,2029,Jan-Mar,9252.586067415736,11555.191282192793,6931.157098929969,Srinagar Colony Main Road,16.962898812970618,82.23596588189426
4445,Srinagar Colony Main Road,2029,Apr-Jun,9119.39056179776,11388.848647373728,6831.37969966202,Srinagar Colony Main Road,16.962898812970618,82.23596588189426
4446,Srinagar Colony Main Road,2029,Jul-Sep,9011.32943820224,11253.895354941003,6750.430587870982,Srinagar Colony Main Road,16.962898812970618,82.23596588189426
4447,Srinagar Colony Main Road,2029,Oct-Dec,9298.52644194756,11612.564411329116,6965.571256306479,Srinagar Colony Main Road,16.962898812970618,82.23596588189426
4448,Srinagar Colony Main Road,2030,Jan-Mar,9252.586067415736,11555.191282192793,6931.157098929969,Srinagar Colony Main Road,16.962898812970618,82.23596588189426
4449,Srinagar Colony Main Road,2030,Apr-Jun,9119.39056179776,11388.848647373728,6831.37969966202,Srinagar Colony Main Road,16.962898812970618,82.23596588189426
4450,Srinagar Colony Main Road,2030,Jul-Sep,9011.32943820224,11253.895354941003,6750.430587870982,Srinagar Colony Main Road,16.962898812970618,82.23596588189426
4451,Srinagar Colony Main Road,2030,Oct-Dec,9298.52644194756,11612.564411329116,6965.571256306479,Srinagar Colony Main Road,16.962898812970618,82.23596588189426
4452,Suchitra,2024,Jan-Mar,5173.199700374528,6336.315124893928,4006.146450671396,Suchitra,12.9948903,77.61448996449775
4453,Suchitra,2024,Apr-Jun,5270.170486891392,6455.088320762469,4081.24101394434,Suchitra,12.9948903,77.61448996449775
4454,Suchitra,2024,Jul-Sep,5434.324194756563,6656.149498021526,4208.362299071027,Suchitra,12.9948903,77.61448996449775
4455,Suchitra,2024,Oct-Dec,5841.796554307122,7155.235832270231,4523.910517099801,Suchitra,12.9948903,77.61448996449775
4456,Suchitra,2025,Jan-Mar,5173.199700374528,6336.315124893928,4006.146450671396,Suchitra,12.9948903,77.61448996449775
4457,Suchitra,2025,Apr-Jun,5270.170486891392,6455.088320762469,4081.24101394434,Suchitra,12.9948903,77.61448996449775
4458,Suchitra,2025,Jul-Sep,5434.324194756563,6656.149498021526,4208.362299071027,Suchitra,12.9948903,77.61448996449775
4459,Suchitra,2025,Oct-Dec,5841.796554307122,7155.235832270231,4523.910517099801,Suchitra,12.9948903,77.61448996449775
4460,Suchitra,2026,Jan-Mar,5173.199700374528,6336.315124893928,4006.146450671396,Suchitra,12.9948903,77.61448996449775
4461,Suchitra,2026,Apr-Jun,5270.170486891392,6455.088320762469,4081.24101394434,Suchitra,12.9948903,77.61448996449775
4462,Suchitra,2026,Jul-Sep,5434.324194756563,6656.149498021526,4208.362299071027,Suchitra,12.9948903,77.61448996449775
4463,Suchitra,2026,Oct-Dec,5841.796554307122,7155.235832270231,4523.910517099801,Suchitra,12.9948903,77.61448996449775
4464,Suchitra,2027,Jan-Mar,5173.199700374528,6336.315124893928,4006.146450671396,Suchitra,12.9948903,77.61448996449775
4465,Suchitra,2027,Apr-Jun,5270.170486891392,6455.088320762469,4081.24101394434,Suchitra,12.9948903,77.61448996449775
4466,Suchitra,2027,Jul-Sep,5434.324194756563,6656.149498021526,4208.362299071027,Suchitra,12.9948903,77.61448996449775
4467,Suchitra,2027,Oct-Dec,5841.796554307122,7155.235832270231,4523.910517099801,Suchitra,12.9948903,77.61448996449775
4468,Suchitra,2028,Jan-Mar,5173.199700374528,6336.315124893928,4006.146450671396,Suchitra,12.9948903,77.61448996449775
4469,Suchitra,2028,Apr-Jun,5270.170486891392,6455.088320762469,4081.24101394434,Suchitra,12.9948903,77.61448996449775
4470,Suchitra,2028,Jul-Sep,5434.324194756563,6656.149498021526,4208.362299071027,Suchitra,12.9948903,77.61448996449775
4471,Suchitra,2028,Oct-Dec,5841.796554307122,7155.235832270231,4523.910517099801,Suchitra,12.9948903,77.61448996449775
4472,Suchitra,2029,Jan-Mar,5173.199700374528,6336.315124893928,4006.146450671396,Suchitra,12.9948903,77.61448996449775
4473,Suchitra,2029,Apr-Jun,5270.170486891392,6455.088320762469,4081.24101394434,Suchitra,12.9948903,77.61448996449775
4474,Suchitra,2029,Jul-Sep,5434.324194756563,6656.149498021526,4208.362299071027,Suchitra,12.9948903,77.61448996449775
4475,Suchitra,2029,Oct-Dec,5841.796554307122,7155.235832270231,4523.910517099801,Suchitra,12.9948903,77.61448996449775
4476,Suchitra,2030,Jan-Mar,5173.199700374528,6336.315124893928,4006.146450671396,Suchitra,12.9948903,77.61448996449775
4477,Suchitra,2030,Apr-Jun,5270.170486891392,6455.088320762469,4081.24101394434,Suchitra,12.9948903,77.61448996449775
4478,Suchitra,2030,Jul-Sep,5434.324194756563,6656.149498021526,4208.362299071027,Suchitra,12.9948903,77.61448996449775
4479,Suchitra,2030,Oct-Dec,5841.796554307122,7155.235832270231,4523.910517099801,Suchitra,12.9948903,77.61448996449775
4480,Suchitra Road,2024,Jan-Mar,5067.312059925092,6051.368602606817,4083.373708036385,Suchitra Road,12.92600305,77.56978629169024
4481,Suchitra Road,2024,Apr-Jun,5045.605093632958,6025.446209684365,4065.881662077835,Suchitra Road,12.92600305,77.56978629169024
4482,Suchitra Road,2024,Jul-Sep,5160.288838951306,6162.401188466364,4158.296848834461,Suchitra Road,12.92600305,77.56978629169024
4483,Suchitra Road,2024,Oct-Dec,5496.93722846442,6564.425668176011,4429.57700019166,Suchitra Road,12.92600305,77.56978629169024
4484,Suchitra Road,2025,Jan-Mar,5067.312059925092,6051.368602606817,4083.373708036385,Suchitra Road,12.92600305,77.56978629169024
4485,Suchitra Road,2025,Apr-Jun,5045.605093632958,6025.446209684365,4065.881662077835,Suchitra Road,12.92600305,77.56978629169024
4486,Suchitra Road,2025,Jul-Sep,5160.288838951306,6162.401188466364,4158.296848834461,Suchitra Road,12.92600305,77.56978629169024
4487,Suchitra Road,2025,Oct-Dec,5496.93722846442,6564.425668176011,4429.57700019166,Suchitra Road,12.92600305,77.56978629169024
4488,Suchitra Road,2026,Jan-Mar,5067.312059925092,6051.368602606817,4083.373708036385,Suchitra Road,12.92600305,77.56978629169024
4489,Suchitra Road,2026,Apr-Jun,5045.605093632958,6025.446209684365,4065.881662077835,Suchitra Road,12.92600305,77.56978629169024
4490,Suchitra Road,2026,Jul-Sep,5160.288838951306,6162.401188466364,4158.296848834461,Suchitra Road,12.92600305,77.56978629169024
4491,Suchitra Road,2026,Oct-Dec,5496.93722846442,6564.425668176011,4429.57700019166,Suchitra Road,12.92600305,77.56978629169024
4492,Suchitra Road,2027,Jan-Mar,5067.312059925092,6051.368602606817,4083.373708036385,Suchitra Road,12.92600305,77.56978629169024
4493,Suchitra Road,2027,Apr-Jun,5045.605093632958,6025.446209684365,4065.881662077835,Suchitra Road,12.92600305,77.56978629169024
4494,Suchitra Road,2027,Jul-Sep,5160.288838951306,6162.401188466364,4158.296848834461,Suchitra Road,12.92600305,77.56978629169024
4495,Suchitra Road,2027,Oct-Dec,5496.93722846442,6564.425668176011,4429.57700019166,Suchitra Road,12.92600305,77.56978629169024
4496,Suchitra Road,2028,Jan-Mar,5067.312059925092,6051.368602606817,4083.373708036385,Suchitra Road,12.92600305,77.56978629169024
4497,Suchitra Road,2028,Apr-Jun,5045.605093632958,6025.446209684365,4065.881662077835,Suchitra Road,12.92600305,77.56978629169024
4498,Suchitra Road,2028,Jul-Sep,5160.288838951306,6162.401188466364,4158.296848834461,Suchitra Road,12.92600305,77.56978629169024
4499,Suchitra Road,2028,Oct-Dec,5496.93722846442,6564.425668176011,4429.57700019166,Suchitra Road,12.92600305,77.56978629169024
4500,Suchitra Road,2029,Jan-Mar,5067.312059925092,6051.368602606817,4083.373708036385,Suchitra Road,12.92600305,77.56978629169024
4501,Suchitra Road,2029,Apr-Jun,5045.605093632958,6025.446209684365,4065.881662077835,Suchitra Road,12.92600305,77.56978629169024
4502,Suchitra Road,2029,Jul-Sep,5160.288838951306,6162.401188466364,4158.296848834461,Suchitra Road,12.92600305,77.56978629169024
4503,Suchitra Road,2029,Oct-Dec,5496.93722846442,6564.425668176011,4429.57700019166,Suchitra Road,12.92600305,77.56978629169024
4504,Suchitra Road,2030,Jan-Mar,5067.312059925092,6051.368602606817,4083.373708036385,Suchitra Road,12.92600305,77.56978629169024
4505,Suchitra Road,2030,Apr-Jun,5045.605093632958,6025.446209684365,4065.881662077835,Suchitra Road,12.92600305,77.56978629169024
4506,Suchitra Road,2030,Jul-Sep,5160.288838951306,6162.401188466364,4158.296848834461,Suchitra Road,12.92600305,77.56978629169024
4507,Suchitra Road,2030,Oct-Dec,5496.93722846442,6564.425668176011,4429.57700019166,Suchitra Road,12.92600305,77.56978629169024
4508,Tarnaka,2024,Jan-Mar,5009.52898876405,6214.786420164505,3802.350017803076,Tarnaka,17.4285479,78.5379433
4509,Tarnaka,2024,Apr-Jun,4984.162397003744,6183.316804887022,3783.096179598379,Tarnaka,17.4285479,78.5379433
4510,Tarnaka,2024,Jul-Sep,5341.078052434448,6626.1038560229645,4054.003534725984,Tarnaka,17.4285479,78.5379433
4511,Tarnaka,2024,Oct-Dec,5624.085992509359,6977.201515447873,4268.813200144797,Tarnaka,17.4285479,78.5379433
4512,Tarnaka,2025,Jan-Mar,5009.52898876405,6214.786420164505,3802.350017803076,Tarnaka,17.4285479,78.5379433
4513,Tarnaka,2025,Apr-Jun,4984.162397003744,6183.316804887022,3783.096179598379,Tarnaka,17.4285479,78.5379433
4514,Tarnaka,2025,Jul-Sep,5341.078052434448,6626.1038560229645,4054.003534725984,Tarnaka,17.4285479,78.5379433
4515,Tarnaka,2025,Oct-Dec,5624.085992509359,6977.201515447873,4268.813200144797,Tarnaka,17.4285479,78.5379433
4516,Tarnaka,2026,Jan-Mar,5009.52898876405,6214.786420164505,3802.350017803076,Tarnaka,17.4285479,78.5379433
4517,Tarnaka,2026,Apr-Jun,4984.162397003744,6183.316804887022,3783.096179598379,Tarnaka,17.4285479,78.5379433
4518,Tarnaka,2026,Jul-Sep,5341.078052434448,6626.1038560229645,4054.003534725984,Tarnaka,17.4285479,78.5379433
4519,Tarnaka,2026,Oct-Dec,5624.085992509359,6977.201515447873,4268.813200144797,Tarnaka,17.4285479,78.5379433
4520,Tarnaka,2027,Jan-Mar,5009.52898876405,6214.786420164505,3802.350017803076,Tarnaka,17.4285479,78.5379433
4521,Tarnaka,2027,Apr-Jun,4984.162397003744,6183.316804887022,3783.096179598379,Tarnaka,17.4285479,78.5379433
4522,Tarnaka,2027,Jul-Sep,5341.078052434448,6626.1038560229645,4054.003534725984,Tarnaka,17.4285479,78.5379433
4523,Tarnaka,2027,Oct-Dec,5624.085992509359,6977.201515447873,4268.813200144797,Tarnaka,17.4285479,78.5379433
4524,Tarnaka,2028,Jan-Mar,5009.52898876405,6214.786420164505,3802.350017803076,Tarnaka,17.4285479,78.5379433
4525,Tarnaka,2028,Apr-Jun,4984.162397003744,6183.316804887022,3783.096179598379,Tarnaka,17.4285479,78.5379433
4526,Tarnaka,2028,Jul-Sep,5341.078052434448,6626.1038560229645,4054.003534725984,Tarnaka,17.4285479,78.5379433
4527,Tarnaka,2028,Oct-Dec,5624.085992509359,6977.201515447873,4268.813200144797,Tarnaka,17.4285479,78.5379433
4528,Tarnaka,2029,Jan-Mar,5009.52898876405,6214.786420164505,3802.350017803076,Tarnaka,17.4285479,78.5379433
4529,Tarnaka,2029,Apr-Jun,4984.162397003744,6183.316804887022,3783.096179598379,Tarnaka,17.4285479,78.5379433
4530,Tarnaka,2029,Jul-Sep,5341.078052434448,6626.1038560229645,4054.003534725984,Tarnaka,17.4285479,78.5379433
4531,Tarnaka,2029,Oct-Dec,5624.085992509359,6977.201515447873,4268.813200144797,Tarnaka,17.4285479,78.5379433
4532,Tarnaka,2030,Jan-Mar,5009.52898876405,6214.786420164505,3802.350017803076,Tarnaka,17.4285479,78.5379433
4533,Tarnaka,2030,Apr-Jun,4984.162397003744,6183.316804887022,3783.096179598379,Tarnaka,17.4285479,78.5379433
4534,Tarnaka,2030,Jul-Sep,5341.078052434448,6626.1038560229645,4054.003534725984,Tarnaka,17.4285479,78.5379433
4535,Tarnaka,2030,Oct-Dec,5624.085992509359,6977.201515447873,4268.813200144797,Tarnaka,17.4285479,78.5379433
4536,Tarnaka Main Road,2024,Jan-Mar,4945.1232958801575,6187.308250542666,3702.938341217648,Tarnaka Main Road,17.4248942,78.5358894
4537,Tarnaka Main Road,2024,Apr-Jun,4902.108764044937,6133.488729411815,3670.728798678059,Tarnaka Main Road,17.4248942,78.5358894
4538,Tarnaka Main Road,2024,Jul-Sep,5266.557303370778,6589.484529586834,3943.6300771547217,Tarnaka Main Road,17.4248942,78.5358894
4539,Tarnaka Main Road,2024,Oct-Dec,5622.44194756554,7034.765236157321,4210.118658973758,Tarnaka Main Road,17.4248942,78.5358894
4540,Tarnaka Main Road,2025,Jan-Mar,4945.1232958801575,6187.308250542666,3702.938341217648,Tarnaka Main Road,17.4248942,78.5358894
4541,Tarnaka Main Road,2025,Apr-Jun,4902.108764044937,6133.488729411815,3670.728798678059,Tarnaka Main Road,17.4248942,78.5358894
4542,Tarnaka Main Road,2025,Jul-Sep,5266.557303370778,6589.484529586834,3943.6300771547217,Tarnaka Main Road,17.4248942,78.5358894
4543,Tarnaka Main Road,2025,Oct-Dec,5622.44194756554,7034.765236157321,4210.118658973758,Tarnaka Main Road,17.4248942,78.5358894
4544,Tarnaka Main Road,2026,Jan-Mar,4945.1232958801575,6187.308250542666,3702.938341217648,Tarnaka Main Road,17.4248942,78.5358894
4545,Tarnaka Main Road,2026,Apr-Jun,4902.108764044937,6133.488729411815,3670.728798678059,Tarnaka Main Road,17.4248942,78.5358894
4546,Tarnaka Main Road,2026,Jul-Sep,5266.557303370778,6589.484529586834,3943.6300771547217,Tarnaka Main Road,17.4248942,78.5358894
4547,Tarnaka Main Road,2026,Oct-Dec,5622.44194756554,7034.765236157321,4210.118658973758,Tarnaka Main Road,17.4248942,78.5358894
4548,Tarnaka Main Road,2027,Jan-Mar,4945.1232958801575,6187.308250542666,3702.938341217648,Tarnaka Main Road,17.4248942,78.5358894
4549,Tarnaka Main Road,2027,Apr-Jun,4902.108764044937,6133.488729411815,3670.728798678059,Tarnaka Main Road,17.4248942,78.5358894
4550,Tarnaka Main Road,2027,Jul-Sep,5266.557303370778,6589.484529586834,3943.6300771547217,Tarnaka Main Road,17.4248942,78.5358894
4551,Tarnaka Main Road,2027,Oct-Dec,5622.44194756554,7034.765236157321,4210.118658973758,Tarnaka Main Road,17.4248942,78.5358894
4552,Tarnaka Main Road,2028,Jan-Mar,4945.1232958801575,6187.308250542666,3702.938341217648,Tarnaka Main Road,17.4248942,78.5358894
4553,Tarnaka Main Road,2028,Apr-Jun,4902.108764044937,6133.488729411815,3670.728798678059,Tarnaka Main Road,17.4248942,78.5358894
4554,Tarnaka Main Road,2028,Jul-Sep,5266.557303370778,6589.484529586834,3943.6300771547217,Tarnaka Main Road,17.4248942,78.5358894
4555,Tarnaka Main Road,2028,Oct-Dec,5622.44194756554,7034.765236157321,4210.118658973758,Tarnaka Main Road,17.4248942,78.5358894
4556,Tarnaka Main Road,2029,Jan-Mar,4945.1232958801575,6187.308250542666,3702.938341217648,Tarnaka Main Road,17.4248942,78.5358894
4557,Tarnaka Main Road,2029,Apr-Jun,4902.108764044937,6133.488729411815,3670.728798678059,Tarnaka Main Road,17.4248942,78.5358894
4558,Tarnaka Main Road,2029,Jul-Sep,5266.557303370778,6589.484529586834,3943.6300771547217,Tarnaka Main Road,17.4248942,78.5358894
4559,Tarnaka Main Road,2029,Oct-Dec,5622.44194756554,7034.765236157321,4210.118658973758,Tarnaka Main Road,17.4248942,78.5358894
4560,Tarnaka Main Road,2030,Jan-Mar,4945.1232958801575,6187.308250542666,3702.938341217648,Tarnaka Main Road,17.4248942,78.5358894
4561,Tarnaka Main Road,2030,Apr-Jun,4902.108764044937,6133.488729411815,3670.728798678059,Tarnaka Main Road,17.4248942,78.5358894
4562,Tarnaka Main Road,2030,Jul-Sep,5266.557303370778,6589.484529586834,3943.6300771547217,Tarnaka Main Road,17.4248942,78.5358894
4563,Tarnaka Main Road,2030,Oct-Dec,5622.44194756554,7034.765236157321,4210.118658973758,Tarnaka Main Road,17.4248942,78.5358894
4564,Tellapur,2024,Jan-Mar,5773.53617977529,6942.79587367104,4604.238129374689,Tellapur,17.4654913,78.2863481
4565,Tellapur,2024,Apr-Jun,6523.0534831460745,7844.105829832129,5201.957800534726,Tellapur,17.4654913,78.2863481
4566,Tellapur,2024,Jul-Sep,6540.952209737836,7865.62941628865,5216.231548351484,Tellapur,17.4654913,78.2863481
4567,Tellapur,2024,Oct-Dec,6683.770486891394,8037.371328772019,5330.125241361581,Tellapur,17.4654913,78.2863481
4568,Tellapur,2025,Jan-Mar,5773.53617977529,6942.79587367104,4604.238129374689,Tellapur,17.4654913,78.2863481
4569,Tellapur,2025,Apr-Jun,6523.0534831460745,7844.105829832129,5201.957800534726,Tellapur,17.4654913,78.2863481
4570,Tellapur,2025,Jul-Sep,6540.952209737836,7865.62941628865,5216.231548351484,Tellapur,17.4654913,78.2863481
4571,Tellapur,2025,Oct-Dec,6683.770486891394,8037.371328772019,5330.125241361581,Tellapur,17.4654913,78.2863481
4572,Tellapur,2026,Jan-Mar,5773.53617977529,6942.79587367104,4604.238129374689,Tellapur,17.4654913,78.2863481
4573,Tellapur,2026,Apr-Jun,6523.0534831460745,7844.105829832129,5201.957800534726,Tellapur,17.4654913,78.2863481
4574,Tellapur,2026,Jul-Sep,6540.952209737836,7865.62941628865,5216.231548351484,Tellapur,17.4654913,78.2863481
4575,Tellapur,2026,Oct-Dec,6683.770486891394,8037.371328772019,5330.125241361581,Tellapur,17.4654913,78.2863481
4576,Tellapur,2027,Jan-Mar,5773.53617977529,6942.79587367104,4604.238129374689,Tellapur,17.4654913,78.2863481
4577,Tellapur,2027,Apr-Jun,6523.0534831460745,7844.105829832129,5201.957800534726,Tellapur,17.4654913,78.2863481
4578,Tellapur,2027,Jul-Sep,6540.952209737836,7865.62941628865,5216.231548351484,Tellapur,17.4654913,78.2863481
4579,Tellapur,2027,Oct-Dec,6683.770486891394,8037.371328772019,5330.125241361581,Tellapur,17.4654913,78.2863481
4580,Tellapur,2028,Jan-Mar,5773.53617977529,6942.79587367104,4604.238129374689,Tellapur,17.4654913,78.2863481
4581,Tellapur,2028,Apr-Jun,6523.0534831460745,7844.105829832129,5201.957800534726,Tellapur,17.4654913,78.2863481
4582,Tellapur,2028,Jul-Sep,6540.952209737836,7865.62941628865,5216.231548351484,Tellapur,17.4654913,78.2863481
4583,Tellapur,2028,Oct-Dec,6683.770486891394,8037.371328772019,5330.125241361581,Tellapur,17.4654913,78.2863481
4584,Tellapur,2029,Jan-Mar,5773.53617977529,6942.79587367104,4604.238129374689,Tellapur,17.4654913,78.2863481
4585,Tellapur,2029,Apr-Jun,6523.0534831460745,7844.105829832129,5201.957800534726,Tellapur,17.4654913,78.2863481
4586,Tellapur,2029,Jul-Sep,6540.952209737836,7865.62941628865,5216.231548351484,Tellapur,17.4654913,78.2863481
4587,Tellapur,2029,Oct-Dec,6683.770486891394,8037.371328772019,5330.125241361581,Tellapur,17.4654913,78.2863481
4588,Tellapur,2030,Jan-Mar,5773.53617977529,6942.79587367104,4604.238129374689,Tellapur,17.4654913,78.2863481
4589,Tellapur,2030,Apr-Jun,6523.0534831460745,7844.105829832129,5201.957800534726,Tellapur,17.4654913,78.2863481
4590,Tellapur,2030,Jul-Sep,6540.952209737836,7865.62941628865,5216.231548351484,Tellapur,17.4654913,78.2863481
4591,Tellapur,2030,Oct-Dec,6683.770486891394,8037.371328772019,5330.125241361581,Tellapur,17.4654913,78.2863481
4592,Toli Chowki,2024,Jan-Mar,4904.096479400748,6064.127325704645,3744.0239443580335,Toli Chowki,,
4593,Toli Chowki,2024,Apr-Jun,5632.68704119851,6965.061056027217,4300.265144029013,Toli Chowki,,
4594,Toli Chowki,2024,Jul-Sep,5550.837752808995,6863.850872174352,4237.777446887203,Toli Chowki,,
4595,Toli Chowki,2024,Oct-Dec,5645.495730337083,6980.899553931558,4310.043915517725,Toli Chowki,,
4596,Toli Chowki,2025,Jan-Mar,4904.096479400748,6064.127325704645,3744.0239443580335,Toli Chowki,,
4597,Toli Chowki,2025,Apr-Jun,5632.68704119851,6965.061056027217,4300.265144029013,Toli Chowki,,
4598,Toli Chowki,2025,Jul-Sep,5550.837752808995,6863.850872174352,4237.777446887203,Toli Chowki,,
4599,Toli Chowki,2025,Oct-Dec,5645.495730337083,6980.899553931558,4310.043915517725,Toli Chowki,,
4600,Toli Chowki,2026,Jan-Mar,4904.096479400748,6064.127325704645,3744.0239443580335,Toli Chowki,,
4601,Toli Chowki,2026,Apr-Jun,5632.68704119851,6965.061056027217,4300.265144029013,Toli Chowki,,
4602,Toli Chowki,2026,Jul-Sep,5550.837752808995,6863.850872174352,4237.777446887203,Toli Chowki,,
4603,Toli Chowki,2026,Oct-Dec,5645.495730337083,6980.899553931558,4310.043915517725,Toli Chowki,,
4604,Toli Chowki,2027,Jan-Mar,4904.096479400748,6064.127325704645,3744.0239443580335,Toli Chowki,,
4605,Toli Chowki,2027,Apr-Jun,5632.68704119851,6965.061056027217,4300.265144029013,Toli Chowki,,
4606,Toli Chowki,2027,Jul-Sep,5550.837752808995,6863.850872174352,4237.777446887203,Toli Chowki,,
4607,Toli Chowki,2027,Oct-Dec,5645.495730337083,6980.899553931558,4310.043915517725,Toli Chowki,,
4608,Toli Chowki,2028,Jan-Mar,4904.096479400748,6064.127325704645,3744.0239443580335,Toli Chowki,,
4609,Toli Chowki,2028,Apr-Jun,5632.68704119851,6965.061056027217,4300.265144029013,Toli Chowki,,
4610,Toli Chowki,2028,Jul-Sep,5550.837752808995,6863.850872174352,4237.777446887203,Toli Chowki,,
4611,Toli Chowki,2028,Oct-Dec,5645.495730337083,6980.899553931558,4310.043915517725,Toli Chowki,,
4612,Toli Chowki,2029,Jan-Mar,4904.096479400748,6064.127325704645,3744.0239443580335,Toli Chowki,,
4613,Toli Chowki,2029,Apr-Jun,5632.68704119851,6965.061056027217,4300.265144029013,Toli Chowki,,
4614,Toli Chowki,2029,Jul-Sep,5550.837752808995,6863.850872174352,4237.777446887203,Toli Chowki,,
4615,Toli Chowki,2029,Oct-Dec,5645.495730337083,6980.899553931558,4310.043915517725,Toli Chowki,,
4616,Toli Chowki,2030,Jan-Mar,4904.096479400748,6064.127325704645,3744.0239443580335,Toli Chowki,,
4617,Toli Chowki,2030,Apr-Jun,5632.68704119851,6965.061056027217,4300.265144029013,Toli Chowki,,
4618,Toli Chowki,2030,Jul-Sep,5550.837752808995,6863.850872174352,4237.777446887203,Toli Chowki,,
4619,Toli Chowki,2030,Oct-Dec,5645.495730337083,6980.899553931558,4310.043915517725,Toli Chowki,,
4620,ToliChowki Road,2024,Jan-Mar,5018.87310861423,6481.771086747112,3845.127574516306,ToliChowki Road,17.3982765,78.4182287
4621,ToliChowki Road,2024,Apr-Jun,5689.884943820226,7348.369029787009,4359.212321139791,ToliChowki Road,17.3982765,78.4182287
4622,ToliChowki Road,2024,Jul-Sep,5612.958501872653,7249.020116907283,4300.276385374777,ToliChowki Road,17.3982765,78.4182287
4623,ToliChowki Road,2024,Oct-Dec,5693.061573033712,7352.471580886368,4361.646043674403,ToliChowki Road,17.3982765,78.4182287
4624,ToliChowki Road,2025,Jan-Mar,5018.87310861423,6481.771086747112,3845.127574516306,ToliChowki Road,17.3982765,78.4182287
4625,ToliChowki Road,2025,Apr-Jun,5689.884943820226,7348.369029787009,4359.212321139791,ToliChowki Road,17.3982765,78.4182287
4626,ToliChowki Road,2025,Jul-Sep,5612.958501872653,7249.020116907283,4300.276385374777,ToliChowki Road,17.3982765,78.4182287
4627,ToliChowki Road,2025,Oct-Dec,5693.061573033712,7352.471580886368,4361.646043674403,ToliChowki Road,17.3982765,78.4182287
4628,ToliChowki Road,2026,Jan-Mar,5018.87310861423,6481.771086747112,3845.127574516306,ToliChowki Road,17.3982765,78.4182287
4629,ToliChowki Road,2026,Apr-Jun,5689.884943820226,7348.369029787009,4359.212321139791,ToliChowki Road,17.3982765,78.4182287
4630,ToliChowki Road,2026,Jul-Sep,5612.958501872653,7249.020116907283,4300.276385374777,ToliChowki Road,17.3982765,78.4182287
4631,ToliChowki Road,2026,Oct-Dec,5693.061573033712,7352.471580886368,4361.646043674403,ToliChowki Road,17.3982765,78.4182287
4632,ToliChowki Road,2027,Jan-Mar,5018.87310861423,6481.771086747112,3845.127574516306,ToliChowki Road,17.3982765,78.4182287
4633,ToliChowki Road,2027,Apr-Jun,5689.884943820226,7348.369029787009,4359.212321139791,ToliChowki Road,17.3982765,78.4182287
4634,ToliChowki Road,2027,Jul-Sep,5612.958501872653,7249.020116907283,4300.276385374777,ToliChowki Road,17.3982765,78.4182287
4635,ToliChowki Road,2027,Oct-Dec,5693.061573033712,7352.471580886368,4361.646043674403,ToliChowki Road,17.3982765,78.4182287
4636,ToliChowki Road,2028,Jan-Mar,5018.87310861423,6481.771086747112,3845.127574516306,ToliChowki Road,17.3982765,78.4182287
4637,ToliChowki Road,2028,Apr-Jun,5689.884943820226,7348.369029787009,4359.212321139791,ToliChowki Road,17.3982765,78.4182287
4638,ToliChowki Road,2028,Jul-Sep,5612.958501872653,7249.020116907283,4300.276385374777,ToliChowki Road,17.3982765,78.4182287
4639,ToliChowki Road,2028,Oct-Dec,5693.061573033712,7352.471580886368,4361.646043674403,ToliChowki Road,17.3982765,78.4182287
4640,ToliChowki Road,2029,Jan-Mar,5018.87310861423,6481.771086747112,3845.127574516306,ToliChowki Road,17.3982765,78.4182287
4641,ToliChowki Road,2029,Apr-Jun,5689.884943820226,7348.369029787009,4359.212321139791,ToliChowki Road,17.3982765,78.4182287
4642,ToliChowki Road,2029,Jul-Sep,5612.958501872653,7249.020116907283,4300.276385374777,ToliChowki Road,17.3982765,78.4182287
4643,ToliChowki Road,2029,Oct-Dec,5693.061573033712,7352.471580886368,4361.646043674403,ToliChowki Road,17.3982765,78.4182287
4644,ToliChowki Road,2030,Jan-Mar,5018.87310861423,6481.771086747112,3845.127574516306,ToliChowki Road,17.3982765,78.4182287
4645,ToliChowki Road,2030,Apr-Jun,5689.884943820226,7348.369029787009,4359.212321139791,ToliChowki Road,17.3982765,78.4182287
4646,ToliChowki Road,2030,Jul-Sep,5612.958501872653,7249.020116907283,4300.276385374777,ToliChowki Road,17.3982765,78.4182287
4647,ToliChowki Road,2030,Oct-Dec,5693.061573033712,7352.471580886368,4361.646043674403,ToliChowki Road,17.3982765,78.4182287
4648,Trimulgherry ECIL Road,2024,Jan-Mar,4271.064868913856,5312.463102280186,3204.2389661173256,Trimulgherry ECIL Road,,
4649,Trimulgherry ECIL Road,2024,Apr-Jun,4359.583220973781,5422.564562601154,3270.6472182961397,Trimulgherry ECIL Road,,
4650,Trimulgherry ECIL Road,2024,Jul-Sep,4466.009588014987,5554.940484149709,3350.4904243260344,Trimulgherry ECIL Road,,
4651,Trimulgherry ECIL Road,2024,Oct-Dec,4440.002097378275,5522.591681537034,3330.979080558906,Trimulgherry ECIL Road,,
4652,Trimulgherry ECIL Road,2025,Jan-Mar,4271.064868913856,5312.463102280186,3204.2389661173256,Trimulgherry ECIL Road,,
4653,Trimulgherry ECIL Road,2025,Apr-Jun,4359.583220973781,5422.564562601154,3270.6472182961397,Trimulgherry ECIL Road,,
4654,Trimulgherry ECIL Road,2025,Jul-Sep,4466.009588014987,5554.940484149709,3350.4904243260344,Trimulgherry ECIL Road,,
4655,Trimulgherry ECIL Road,2025,Oct-Dec,4440.002097378275,5522.591681537034,3330.979080558906,Trimulgherry ECIL Road,,
4656,Trimulgherry ECIL Road,2026,Jan-Mar,4271.064868913856,5312.463102280186,3204.2389661173256,Trimulgherry ECIL Road,,
4657,Trimulgherry ECIL Road,2026,Apr-Jun,4359.583220973781,5422.564562601154,3270.6472182961397,Trimulgherry ECIL Road,,
4658,Trimulgherry ECIL Road,2026,Jul-Sep,4466.009588014987,5554.940484149709,3350.4904243260344,Trimulgherry ECIL Road,,
4659,Trimulgherry ECIL Road,2026,Oct-Dec,4440.002097378275,5522.591681537034,3330.979080558906,Trimulgherry ECIL Road,,
4660,Trimulgherry ECIL Road,2027,Jan-Mar,4271.064868913856,5312.463102280186,3204.2389661173256,Trimulgherry ECIL Road,,
4661,Trimulgherry ECIL Road,2027,Apr-Jun,4359.583220973781,5422.564562601154,3270.6472182961397,Trimulgherry ECIL Road,,
4662,Trimulgherry ECIL Road,2027,Jul-Sep,4466.009588014987,5554.940484149709,3350.4904243260344,Trimulgherry ECIL Road,,
4663,Trimulgherry ECIL Road,2027,Oct-Dec,4440.002097378275,5522.591681537034,3330.979080558906,Trimulgherry ECIL Road,,
4664,Trimulgherry ECIL Road,2028,Jan-Mar,4271.064868913856,5312.463102280186,3204.2389661173256,Trimulgherry ECIL Road,,
4665,Trimulgherry ECIL Road,2028,Apr-Jun,4359.583220973781,5422.564562601154,3270.6472182961397,Trimulgherry ECIL Road,,
4666,Trimulgherry ECIL Road,2028,Jul-Sep,4466.009588014987,5554.940484149709,3350.4904243260344,Trimulgherry ECIL Road,,
4667,Trimulgherry ECIL Road,2028,Oct-Dec,4440.002097378275,5522.591681537034,3330.979080558906,Trimulgherry ECIL Road,,
4668,Trimulgherry ECIL Road,2029,Jan-Mar,4271.064868913856,5312.463102280186,3204.2389661173256,Trimulgherry ECIL Road,,
4669,Trimulgherry ECIL Road,2029,Apr-Jun,4359.583220973781,5422.564562601154,3270.6472182961397,Trimulgherry ECIL Road,,
4670,Trimulgherry ECIL Road,2029,Jul-Sep,4466.009588014987,5554.940484149709,3350.4904243260344,Trimulgherry ECIL Road,,
4671,Trimulgherry ECIL Road,2029,Oct-Dec,4440.002097378275,5522.591681537034,3330.979080558906,Trimulgherry ECIL Road,,
4672,Trimulgherry ECIL Road,2030,Jan-Mar,4271.064868913856,5312.463102280186,3204.2389661173256,Trimulgherry ECIL Road,,
4673,Trimulgherry ECIL Road,2030,Apr-Jun,4359.583220973781,5422.564562601154,3270.6472182961397,Trimulgherry ECIL Road,,
4674,Trimulgherry ECIL Road,2030,Jul-Sep,4466.009588014987,5554.940484149709,3350.4904243260344,Trimulgherry ECIL Road,,
4675,Trimulgherry ECIL Road,2030,Oct-Dec,4440.002097378275,5522.591681537034,3330.979080558906,Trimulgherry ECIL Road,,
4676,Uppal,2024,Jan-Mar,4387.531985018727,5401.522703797757,3377.1875798095257,Uppal,17.4025091,78.5612562
4677,Uppal,2024,Apr-Jun,5140.20734082397,6328.146837103926,3956.539678422964,Uppal,17.4025091,78.5612562
4678,Uppal,2024,Jul-Sep,5179.432209737834,6376.436859994966,3986.731991679682,Uppal,17.4025091,78.5612562
4679,Uppal,2024,Oct-Dec,5279.626067415736,6499.78625069484,4063.853583699613,Uppal,17.4025091,78.5612562
4680,Uppal,2025,Jan-Mar,4387.531985018727,5401.522703797757,3377.1875798095257,Uppal,17.4025091,78.5612562
4681,Uppal,2025,Apr-Jun,5140.20734082397,6328.146837103926,3956.539678422964,Uppal,17.4025091,78.5612562
4682,Uppal,2025,Jul-Sep,5179.432209737834,6376.436859994966,3986.731991679682,Uppal,17.4025091,78.5612562
4683,Uppal,2025,Oct-Dec,5279.626067415736,6499.78625069484,4063.853583699613,Uppal,17.4025091,78.5612562
4684,Uppal,2026,Jan-Mar,4387.531985018727,5401.522703797757,3377.1875798095257,Uppal,17.4025091,78.5612562
4685,Uppal,2026,Apr-Jun,5140.20734082397,6328.146837103926,3956.539678422964,Uppal,17.4025091,78.5612562
4686,Uppal,2026,Jul-Sep,5179.432209737834,6376.436859994966,3986.731991679682,Uppal,17.4025091,78.5612562
4687,Uppal,2026,Oct-Dec,5279.626067415736,6499.78625069484,4063.853583699613,Uppal,17.4025091,78.5612562
4688,Uppal,2027,Jan-Mar,4387.531985018727,5401.522703797757,3377.1875798095257,Uppal,17.4025091,78.5612562
4689,Uppal,2027,Apr-Jun,5140.20734082397,6328.146837103926,3956.539678422964,Uppal,17.4025091,78.5612562
4690,Uppal,2027,Jul-Sep,5179.432209737834,6376.436859994966,3986.731991679682,Uppal,17.4025091,78.5612562
4691,Uppal,2027,Oct-Dec,5279.626067415736,6499.78625069484,4063.853583699613,Uppal,17.4025091,78.5612562
4692,Uppal,2028,Jan-Mar,4387.531985018727,5401.522703797757,3377.1875798095257,Uppal,17.4025091,78.5612562
4693,Uppal,2028,Apr-Jun,5140.20734082397,6328.146837103926,3956.539678422964,Uppal,17.4025091,78.5612562
4694,Uppal,2028,Jul-Sep,5179.432209737834,6376.436859994966,3986.731991679682,Uppal,17.4025091,78.5612562
4695,Uppal,2028,Oct-Dec,5279.626067415736,6499.78625069484,4063.853583699613,Uppal,17.4025091,78.5612562
4696,Uppal,2029,Jan-Mar,4387.531985018727,5401.522703797757,3377.1875798095257,Uppal,17.4025091,78.5612562
4697,Uppal,2029,Apr-Jun,5140.20734082397,6328.146837103926,3956.539678422964,Uppal,17.4025091,78.5612562
4698,Uppal,2029,Jul-Sep,5179.432209737834,6376.436859994966,3986.731991679682,Uppal,17.4025091,78.5612562
4699,Uppal,2029,Oct-Dec,5279.626067415736,6499.78625069484,4063.853583699613,Uppal,17.4025091,78.5612562
4700,Uppal,2030,Jan-Mar,4387.531985018727,5401.522703797757,3377.1875798095257,Uppal,17.4025091,78.5612562
4701,Uppal,2030,Apr-Jun,5140.20734082397,6328.146837103926,3956.539678422964,Uppal,17.4025091,78.5612562
4702,Uppal,2030,Jul-Sep,5179.432209737834,6376.436859994966,3986.731991679682,Uppal,17.4025091,78.5612562
4703,Uppal,2030,Oct-Dec,5279.626067415736,6499.78625069484,4063.853583699613,Uppal,17.4025091,78.5612562
4704,Uppal Road,2024,Jan-Mar,4584.724494382025,6039.8937237517375,3834.801611693004,Uppal Road,17.3898229,78.5049755
4705,Uppal Road,2024,Apr-Jun,6207.053183520598,8177.141638953066,5191.7661750877705,Uppal Road,17.3898229,78.5049755
4706,Uppal Road,2024,Jul-Sep,6380.216629213488,8405.266319095856,5336.6052949614095,Uppal Road,17.3898229,78.5049755
4707,Uppal Road,2024,Oct-Dec,6298.785318352063,8297.989106693783,5268.493694686123,Uppal Road,17.3898229,78.5049755
4708,Uppal Road,2025,Jan-Mar,4584.724494382025,6039.8937237517375,3834.801611693004,Uppal Road,17.3898229,78.5049755
4709,Uppal Road,2025,Apr-Jun,6207.053183520598,8177.141638953066,5191.7661750877705,Uppal Road,17.3898229,78.5049755
4710,Uppal Road,2025,Jul-Sep,6380.216629213488,8405.266319095856,5336.6052949614095,Uppal Road,17.3898229,78.5049755
4711,Uppal Road,2025,Oct-Dec,6298.785318352063,8297.989106693783,5268.493694686123,Uppal Road,17.3898229,78.5049755
4712,Uppal Road,2026,Jan-Mar,4584.724494382025,6039.8937237517375,3834.801611693004,Uppal Road,17.3898229,78.5049755
4713,Uppal Road,2026,Apr-Jun,6207.053183520598,8177.141638953066,5191.7661750877705,Uppal Road,17.3898229,78.5049755
4714,Uppal Road,2026,Jul-Sep,6380.216629213488,8405.266319095856,5336.6052949614095,Uppal Road,17.3898229,78.5049755
4715,Uppal Road,2026,Oct-Dec,6298.785318352063,8297.989106693783,5268.493694686123,Uppal Road,17.3898229,78.5049755
4716,Uppal Road,2027,Jan-Mar,4584.724494382025,6039.8937237517375,3834.801611693004,Uppal Road,17.3898229,78.5049755
4717,Uppal Road,2027,Apr-Jun,6207.053183520598,8177.141638953066,5191.7661750877705,Uppal Road,17.3898229,78.5049755
4718,Uppal Road,2027,Jul-Sep,6380.216629213488,8405.266319095856,5336.6052949614095,Uppal Road,17.3898229,78.5049755
4719,Uppal Road,2027,Oct-Dec,6298.785318352063,8297.989106693783,5268.493694686123,Uppal Road,17.3898229,78.5049755
4720,Uppal Road,2028,Jan-Mar,4584.724494382025,6039.8937237517375,3834.801611693004,Uppal Road,17.3898229,78.5049755
4721,Uppal Road,2028,Apr-Jun,6207.053183520598,8177.141638953066,5191.7661750877705,Uppal Road,17.3898229,78.5049755
4722,Uppal Road,2028,Jul-Sep,6380.216629213488,8405.266319095856,5336.6052949614095,Uppal Road,17.3898229,78.5049755
4723,Uppal Road,2028,Oct-Dec,6298.785318352063,8297.989106693783,5268.493694686123,Uppal Road,17.3898229,78.5049755
4724,Uppal Road,2029,Jan-Mar,4584.724494382025,6039.8937237517375,3834.801611693004,Uppal Road,17.3898229,78.5049755
4725,Uppal Road,2029,Apr-Jun,6207.053183520598,8177.141638953066,5191.7661750877705,Uppal Road,17.3898229,78.5049755
4726,Uppal Road,2029,Jul-Sep,6380.216629213488,8405.266319095856,5336.6052949614095,Uppal Road,17.3898229,78.5049755
4727,Uppal Road,2029,Oct-Dec,6298.785318352063,8297.989106693783,5268.493694686123,Uppal Road,17.3898229,78.5049755
4728,Uppal Road,2030,Jan-Mar,4584.724494382025,6039.8937237517375,3834.801611693004,Uppal Road,17.3898229,78.5049755
4729,Uppal Road,2030,Apr-Jun,6207.053183520598,8177.141638953066,5191.7661750877705,Uppal Road,17.3898229,78.5049755
4730,Uppal Road,2030,Jul-Sep,6380.216629213488,8405.266319095856,5336.6052949614095,Uppal Road,17.3898229,78.5049755
4731,Uppal Road,2030,Oct-Dec,6298.785318352063,8297.989106693783,5268.493694686123,Uppal Road,17.3898229,78.5049755
4732,Warangal Highway,2024,Jan-Mar,3974.468014981277,4771.288203848178,3185.511441912926,Warangal Highway,17.6463286,79.0518958
4733,Warangal Highway,2024,Apr-Jun,4173.834007490641,5010.624035643239,3345.3020473154697,Warangal Highway,17.6463286,79.0518958
4734,Warangal Highway,2024,Jul-Sep,4202.572284644199,5045.123898836209,3368.3355980569654,Warangal Highway,17.6463286,79.0518958
4735,Warangal Highway,2024,Oct-Dec,4252.998951310867,5105.660342687095,3408.7522583593523,Warangal Highway,17.6463286,79.0518958
4736,Warangal Highway,2025,Jan-Mar,3974.468014981277,4771.288203848178,3185.511441912926,Warangal Highway,17.6463286,79.0518958
4737,Warangal Highway,2025,Apr-Jun,4173.834007490641,5010.624035643239,3345.3020473154697,Warangal Highway,17.6463286,79.0518958
4738,Warangal Highway,2025,Jul-Sep,4202.572284644199,5045.123898836209,3368.3355980569654,Warangal Highway,17.6463286,79.0518958
4739,Warangal Highway,2025,Oct-Dec,4252.998951310867,5105.660342687095,3408.7522583593523,Warangal Highway,17.6463286,79.0518958
4740,Warangal Highway,2026,Jan-Mar,3974.468014981277,4771.288203848178,3185.511441912926,Warangal Highway,17.6463286,79.0518958
4741,Warangal Highway,2026,Apr-Jun,4173.834007490641,5010.624035643239,3345.3020473154697,Warangal Highway,17.6463286,79.0518958
4742,Warangal Highway,2026,Jul-Sep,4202.572284644199,5045.123898836209,3368.3355980569654,Warangal Highway,17.6463286,79.0518958
4743,Warangal Highway,2026,Oct-Dec,4252.998951310867,5105.660342687095,3408.7522583593523,Warangal Highway,17.6463286,79.0518958
4744,Warangal Highway,2027,Jan-Mar,3974.468014981277,4771.288203848178,3185.511441912926,Warangal Highway,17.6463286,79.0518958
4745,Warangal Highway,2027,Apr-Jun,4173.834007490641,5010.624035643239,3345.3020473154697,Warangal Highway,17.6463286,79.0518958
4746,Warangal Highway,2027,Jul-Sep,4202.572284644199,5045.123898836209,3368.3355980569654,Warangal Highway,17.6463286,79.0518958
4747,Warangal Highway,2027,Oct-Dec,4252.998951310867,5105.660342687095,3408.7522583593523,Warangal Highway,17.6463286,79.0518958
4748,Warangal Highway,2028,Jan-Mar,3974.468014981277,4771.288203848178,3185.511441912926,Warangal Highway,17.6463286,79.0518958
4749,Warangal Highway,2028,Apr-Jun,4173.834007490641,5010.624035643239,3345.3020473154697,Warangal Highway,17.6463286,79.0518958
4750,Warangal Highway,2028,Jul-Sep,4202.572284644199,5045.123898836209,3368.3355980569654,Warangal Highway,17.6463286,79.0518958
4751,Warangal Highway,2028,Oct-Dec,4252.998951310867,5105.660342687095,3408.7522583593523,Warangal Highway,17.6463286,79.0518958
4752,Warangal Highway,2029,Jan-Mar,3974.468014981277,4771.288203848178,3185.511441912926,Warangal Highway,17.6463286,79.0518958
4753,Warangal Highway,2029,Apr-Jun,4173.834007490641,5010.624035643239,3345.3020473154697,Warangal Highway,17.6463286,79.0518958
4754,Warangal Highway,2029,Jul-Sep,4202.572284644199,5045.123898836209,3368.3355980569654,Warangal Highway,17.6463286,79.0518958
4755,Warangal Highway,2029,Oct-Dec,4252.998951310867,5105.660342687095,3408.7522583593523,Warangal Highway,17.6463286,79.0518958
4756,Warangal Highway,2030,Jan-Mar,3974.468014981277,4771.288203848178,3185.511441912926,Warangal Highway,17.6463286,79.0518958
4757,Warangal Highway,2030,Apr-Jun,4173.834007490641,5010.624035643239,3345.3020473154697,Warangal Highway,17.6463286,79.0518958
4758,Warangal Highway,2030,Jul-Sep,4202.572284644199,5045.123898836209,3368.3355980569654,Warangal Highway,17.6463286,79.0518958
4759,Warangal Highway,2030,Oct-Dec,4252.998951310867,5105.660342687095,3408.7522583593523,Warangal Highway,17.6463286,79.0518958
4760,Yapral,2024,Jan-Mar,4811.286891385767,5705.41313620529,3917.040795856514,Yapral,17.5030543,78.5407976
4761,Yapral,2024,Apr-Jun,4963.532883895136,5885.952419188554,4040.989705395162,Yapral,17.5030543,78.5407976
4762,Yapral,2024,Jul-Sep,4940.460524344569,5858.592308217259,4022.20567200525,Yapral,17.5030543,78.5407976
4763,Yapral,2024,Oct-Dec,5050.899475655436,5989.555158236845,4112.117973537466,Yapral,17.5030543,78.5407976
4764,Yapral,2025,Jan-Mar,4811.286891385767,5705.41313620529,3917.040795856514,Yapral,17.5030543,78.5407976
4765,Yapral,2025,Apr-Jun,4963.532883895136,5885.952419188554,4040.989705395162,Yapral,17.5030543,78.5407976
4766,Yapral,2025,Jul-Sep,4940.460524344569,5858.592308217259,4022.20567200525,Yapral,17.5030543,78.5407976
4767,Yapral,2025,Oct-Dec,5050.899475655436,5989.555158236845,4112.117973537466,Yapral,17.5030543,78.5407976
4768,Yapral,2026,Jan-Mar,4811.286891385767,5705.41313620529,3917.040795856514,Yapral,17.5030543,78.5407976
4769,Yapral,2026,Apr-Jun,4963.532883895136,5885.952419188554,4040.989705395162,Yapral,17.5030543,78.5407976
4770,Yapral,2026,Jul-Sep,4940.460524344569,5858.592308217259,4022.20567200525,Yapral,17.5030543,78.5407976
4771,Yapral,2026,Oct-Dec,5050.899475655436,5989.555158236845,4112.117973537466,Yapral,17.5030543,78.5407976
4772,Yapral,2027,Jan-Mar,4811.286891385767,5705.41313620529,3917.040795856514,Yapral,17.5030543,78.5407976
4773,Yapral,2027,Apr-Jun,4963.532883895136,5885.952419188554,4040.989705395162,Yapral,17.5030543,78.5407976
4774,Yapral,2027,Jul-Sep,4940.460524344569,5858.592308217259,4022.20567200525,Yapral,17.5030543,78.5407976
4775,Yapral,2027,Oct-Dec,5050.899475655436,5989.555158236845,4112.117973537466,Yapral,17.5030543,78.5407976
4776,Yapral,2028,Jan-Mar,4811.286891385767,5705.41313620529,3917.040795856514,Yapral,17.5030543,78.5407976
4777,Yapral,2028,Apr-Jun,4963.532883895136,5885.952419188554,4040.989705395162,Yapral,17.5030543,78.5407976
4778,Yapral,2028,Jul-Sep,4940.460524344569,5858.592308217259,4022.20567200525,Yapral,17.5030543,78.5407976
4779,Yapral,2028,Oct-Dec,5050.899475655436,5989.555158236845,4112.117973537466,Yapral,17.5030543,78.5407976
4780,Yapral,2029,Jan-Mar,4811.286891385767,5705.41313620529,3917.040795856514,Yapral,17.5030543,78.5407976
4781,Yapral,2029,Apr-Jun,4963.532883895136,5885.952419188554,4040.989705395162,Yapral,17.5030543,78.5407976
4782,Yapral,2029,Jul-Sep,4940.460524344569,5858.592308217259,4022.20567200525,Yapral,17.5030543,78.5407976
4783,Yapral,2029,Oct-Dec,5050.899475655436,5989.555158236845,4112.117973537466,Yapral,17.5030543,78.5407976
4784,Yapral,2030,Jan-Mar,4811.286891385767,5705.41313620529,3917.040795856514,Yapral,17.5030543,78.5407976
4785,Yapral,2030,Apr-Jun,4963.532883895136,5885.952419188554,4040.989705395162,Yapral,17.5030543,78.5407976
4786,Yapral,2030,Jul-Sep,4940.460524344569,5858.592308217259,4022.20567200525,Yapral,17.5030543,78.5407976
4787,Yapral,2030,Oct-Dec,5050.899475655436,5989.555158236845,4112.117973537466,Yapral,17.5030543,78.5407976
4788,Yapral Main Road,2024,Jan-Mar,4835.910411985017,5789.127541584861,3650.925979842736,Yapral Main Road,,
4789,Yapral Main Road,2024,Apr-Jun,4992.568389513108,5976.6647238430805,3769.196715108933,Yapral Main Road,,
4790,Yapral Main Road,2024,Jul-Sep,4963.774382022469,5942.19506506207,3747.458349205622,Yapral Main Road,,
4791,Yapral Main Road,2024,Oct-Dec,5061.376779026222,6059.036089084927,3821.144397241748,Yapral Main Road,,
4792,Yapral Main Road,2025,Jan-Mar,4835.910411985017,5789.127541584861,3650.925979842736,Yapral Main Road,,
4793,Yapral Main Road,2025,Apr-Jun,4992.568389513108,5976.6647238430805,3769.196715108933,Yapral Main Road,,
4794,Yapral Main Road,2025,Jul-Sep,4963.774382022469,5942.19506506207,3747.458349205622,Yapral Main Road,,
4795,Yapral Main Road,2025,Oct-Dec,5061.376779026222,6059.036089084927,3821.144397241748,Yapral Main Road,,
4796,Yapral Main Road,2026,Jan-Mar,4835.910411985017,5789.127541584861,3650.925979842736,Yapral Main Road,,
4797,Yapral Main Road,2026,Apr-Jun,4992.568389513108,5976.6647238430805,3769.196715108933,Yapral Main Road,,
4798,Yapral Main Road,2026,Jul-Sep,4963.774382022469,5942.19506506207,3747.458349205622,Yapral Main Road,,
4799,Yapral Main Road,2026,Oct-Dec,5061.376779026222,6059.036089084927,3821.144397241748,Yapral Main Road,,
4800,Yapral Main Road,2027,Jan-Mar,4835.910411985017,5789.127541584861,3650.925979842736,Yapral Main Road,,
4801,Yapral Main Road,2027,Apr-Jun,4992.568389513108,5976.6647238430805,3769.196715108933,Yapral Main Road,,
4802,Yapral Main Road,2027,Jul-Sep,4963.774382022469,5942.19506506207,3747.458349205622,Yapral Main Road,,
4803,Yapral Main Road,2027,Oct-Dec,5061.376779026222,6059.036089084927,3821.144397241748,Yapral Main Road,,
4804,Yapral Main Road,2028,Jan-Mar,4835.910411985017,5789.127541584861,3650.925979842736,Yapral Main Road,,
4805,Yapral Main Road,2028,Apr-Jun,4992.568389513108,5976.6647238430805,3769.196715108933,Yapral Main Road,,
4806,Yapral Main Road,2028,Jul-Sep,4963.774382022469,5942.19506506207,3747.458349205622,Yapral Main Road,,
4807,Yapral Main Road,2028,Oct-Dec,5061.376779026222,6059.036089084927,3821.144397241748,Yapral Main Road,,
4808,Yapral Main Road,2029,Jan-Mar,4835.910411985017,5789.127541584861,3650.925979842736,Yapral Main Road,,
4809,Yapral Main Road,2029,Apr-Jun,4992.568389513108,5976.6647238430805,3769.196715108933,Yapral Main Road,,
4810,Yapral Main Road,2029,Jul-Sep,4963.774382022469,5942.19506506207,3747.458349205622,Yapral Main Road,,
4811,Yapral Main Road,2029,Oct-Dec,5061.376779026222,6059.036089084927,3821.144397241748,Yapral Main Road,,
4812,Yapral Main Road,2030,Jan-Mar,4835.910411985017,5789.127541584861,3650.925979842736,Yapral Main Road,,
4813,Yapral Main Road,2030,Apr-Jun,4992.568389513108,5976.6647238430805,3769.196715108933,Yapral Main Road,,
4814,Yapral Main Road,2030,Jul-Sep,4963.774382022469,5942.19506506207,3747.458349205622,Yapral Main Road,,
4815,Yapral Main Road,2030,Oct-Dec,5061.376779026222,6059.036089084927,3821.144397241748,Yapral Main Road,,
4816,Yousufguda Main Road,2024,Jan-Mar,6544.119550561804,8367.694978573443,4688.867223353324,Yousufguda Main Road,17.4363061075402,78.42962976155229
4817,Yousufguda Main Road,2024,Apr-Jun,6614.19116104869,8457.292648463403,4739.073591858823,Yousufguda Main Road,17.4363061075402,78.42962976155229
4818,Yousufguda Main Road,2024,Jul-Sep,6885.765093632968,8804.543002684364,4933.656545512576,Yousufguda Main Road,17.4363061075402,78.42962976155229
4819,Yousufguda Main Road,2024,Oct-Dec,6911.76329588016,8837.785828509128,4952.284279532579,Yousufguda Main Road,17.4363061075402,78.42962976155229
4820,Yousufguda Main Road,2025,Jan-Mar,6544.119550561804,8367.694978573443,4688.867223353324,Yousufguda Main Road,17.4363061075402,78.42962976155229
4821,Yousufguda Main Road,2025,Apr-Jun,6614.19116104869,8457.292648463403,4739.073591858823,Yousufguda Main Road,17.4363061075402,78.42962976155229
4822,Yousufguda Main Road,2025,Jul-Sep,6885.765093632968,8804.543002684364,4933.656545512576,Yousufguda Main Road,17.4363061075402,78.42962976155229
4823,Yousufguda Main Road,2025,Oct-Dec,6911.76329588016,8837.785828509128,4952.284279532579,Yousufguda Main Road,17.4363061075402,78.42962976155229
4824,Yousufguda Main Road,2026,Jan-Mar,6544.119550561804,8367.694978573443,4688.867223353324,Yousufguda Main Road,17.4363061075402,78.42962976155229
4825,Yousufguda Main Road,2026,Apr-Jun,6614.19116104869,8457.292648463403,4739.073591858823,Yousufguda Main Road,17.4363061075402,78.42962976155229
4826,Yousufguda Main Road,2026,Jul-Sep,6885.765093632968,8804.543002684364,4933.656545512576,Yousufguda Main Road,17.4363061075402,78.42962976155229
4827,Yousufguda Main Road,2026,Oct-Dec,6911.76329588016,8837.785828509128,4952.284279532579,Yousufguda Main Road,17.4363061075402,78.42962976155229
4828,Yousufguda Main Road,2027,Jan-Mar,6544.119550561804,8367.694978573443,4688.867223353324,Yousufguda Main Road,17.4363061075402,78.42962976155229
4829,Yousufguda Main Road,2027,Apr-Jun,6614.19116104869,8457.292648463403,4739.073591858823,Yousufguda Main Road,17.4363061075402,78.42962976155229
4830,Yousufguda Main Road,2027,Jul-Sep,6885.765093632968,8804.543002684364,4933.656545512576,Yousufguda Main Road,17.4363061075402,78.42962976155229
4831,Yousufguda Main Road,2027,Oct-Dec,6911.76329588016,8837.785828509128,4952.284279532579,Yousufguda Main Road,17.4363061075402,78.42962976155229
4832,Yousufguda Main Road,2028,Jan-Mar,6544.119550561804,8367.694978573443,4688.867223353324,Yousufguda Main Road,17.4363061075402,78.42962976155229
4833,Yousufguda Main Road,2028,Apr-Jun,6614.19116104869,8457.292648463403,4739.073591858823,Yousufguda Main Road,17.4363061075402,78.42962976155229
4834,Yousufguda Main Road,2028,Jul-Sep,6885.765093632968,8804.543002684364,4933.656545512576,Yousufguda Main Road,17.4363061075402,78.42962976155229
4835,Yousufguda Main Road,2028,Oct-Dec,6911.76329588016,8837.785828509128,4952.284279532579,Yousufguda Main Road,17.4363061075402,78.42962976155229
4836,Yousufguda Main Road,2029,Jan-Mar,6544.119550561804,8367.694978573443,4688.867223353324,Yousufguda Main Road,17.4363061075402,78.42962976155229
4837,Yousufguda Main Road,2029,Apr-Jun,6614.19116104869,8457.292648463403,4739.073591858823,Yousufguda Main Road,17.4363061075402,78.42962976155229
4838,Yousufguda Main Road,2029,Jul-Sep,6885.765093632968,8804.543002684364,4933.656545512576,Yousufguda Main Road,17.4363061075402,78.42962976155229
4839,Yousufguda Main Road,2029,Oct-Dec,6911.76329588016,8837.785828509128,4952.284279532579,Yousufguda Main Road,17.4363061075402,78.42962976155229
4840,Yousufguda Main Road,2030,Jan-Mar,6544.119550561804,8367.694978573443,4688.867223353324,Yousufguda Main Road,17.4363061075402,78.42962976155229
4841,Yousufguda Main Road,2030,Apr-Jun,6614.19116104869,8457.292648463403,4739.073591858823,Yousufguda Main Road,17.4363061075402,78.42962976155229
4842,Yousufguda Main Road,2030,Jul-Sep,6885.765093632968,8804.543002684364,4933.656545512576,Yousufguda Main Road,17.4363061075402,78.42962976155229
4843,Yousufguda Main Road,2030,Oct-Dec,6911.76329588016,8837.785828509128,4952.284279532579,Yousufguda Main Road,17.4363061075402,78.42962976155229
