Locality,Quarter,Price Range,Average Price,Q-o-Q,Growth Type,City,Type
100 Feet Road,Oct-Dec 2024,"5,933 - 8,858","7,395",1%,,,
100 Feet Road,Jul-Sep 2024,"5,971 - 8,910","7,440",2%,,,
100 Feet Road,Apr-Jun 2024,"5,791 - 8,792","7,292",1%,,,
100 Feet Road,Jan-Mar 2024,"5,718 - 8,678","7,198",3%,,,
100 Feet Road,Oct-Dec 2023,"5,570 - 8,424","6,997",-,,,
100 Feet Road,Jul-Sep 2023,"5,514 - 8,473","6,994",2%,,,
100 Feet Road,Apr-Jun 2023,"5,284 - 8,396","6,840",-,,,
100 Feet Road,Jan-Mar 2023,"5,150 - 8,200","6,675",2%,,,
100 Feet Road,Oct-Dec 2022,"5,050 - 8,000","6,545",2%,,,
100 Feet Road,Jul-Sep 2022,"4,950 - 7,820","6,420",2%,,,
100 Feet Road,Apr-Jun 2022,"4,850 - 7,650","6,300",1.50%,,,
100 Feet Road,Jan-Mar 2022,"4,775 - 7,540","6,205",2%,,,
100 Feet Road,Oct-Dec 2021,"4,680 - 7,340","6,090",1.50%,,,
100 Feet Road,Jul-Sep 2021,"4,590 - 7,250","6,000",2%,,,
100 Feet Road,Apr-Jun 2021,"4,500 - 7,100","5,880",1.50%,,,
100 Feet Road,Jan-Mar 2021,"4,430 - 7,000","5,785",2%,,,
100 Feet Road,Oct-Dec 2020,"4,350 - 6,850","5,685",-,,,
100 Feet Road,Jul-Sep 2020,"4,300 - 6,750","5,600",-,,,
100 Feet Road,Apr-Jun 2020,"4,250 - 6,600","5,475",-,,,
100 Feet Road,Jan-Mar 2020,"4,200 - 6,500","5,350",-,,,
100 Feet Road,Oct-Dec 2019,"4,100 - 6,350","5,225",2%,,,
100 Feet Road,Jul-Sep 2019,"4,000 - 6,200","5,100",2%,,,
100 Feet Road,Apr-Jun 2019,"3,900 - 6,000","4,950",2%,,,
100 Feet Road,Jan-Mar 2019,"3,850 - 5,900","4,875",1.50%,,,
100 Feet Road,Oct-Dec 2018,"3,800 - 5,750","4,775",1.50%,,,
100 Feet Road,Jul-Sep 2018,"3,700 - 5,600","4,650",2%,,,
100 Feet Road,Apr-Jun 2018,"3,600 - 5,450","4,525",2%,,,
100 Feet Road,Jan-Mar 2018,"3,500 - 5,300","4,400",2%,,,
100 Feet Road,Oct-Dec 2017,"3,430 - 5,100","4,265",1.50%,,,
100 Feet Road,Jul-Sep 2017,"3,375 - 5,000","4,190",1.50%,,,
100 Feet Road,Apr-Jun 2017,"3,310 - 4,875","4,092",1.50%,,,
100 Feet Road,Jan-Mar 2017,"3,250 - 4,750","4,000",2%,,,
100 Feet Road,Oct-Dec 2016,"3,180 - 4,600","3,890",1.50%,,,
100 Feet Road,Jul-Sep 2016,"3,120 - 4,500","3,810",1.50%,,,
100 Feet Road,Apr-Jun 2016,"3,070 - 4,400","3,735",1.50%,,,
100 Feet Road,Jan-Mar 2016,"3,000 - 4,300","3,650",2%,,,
100 Feet Road,Oct-Dec 2015,"2,940 - 4,150","3,545",1.50%,,,
100 Feet Road,Jul-Sep 2015,"2,875 - 4,050","3,462",1.50%,,,
100 Feet Road,Apr-Jun 2015,"2,820 - 3,950","3,385",1.50%,,,
100 Feet Road,Jan-Mar 2015,"2,750 - 3,850","3,300",2%,,,
100 Feet Road,Oct-Dec 2014,"2,690 - 3,700","3,195",-,,,
,,,,,,,
Ambawadi,Oct-Dec 2024,"6,757 - 9,924","8,341",2%,,,
Ambawadi,Jul-Sep 2024,"6,585 - 9,803","8,194",1%,,,
Ambawadi,Apr-Jun 2024,"6,612 - 9,880","8,246",1%,,,
Ambawadi,Jan-Mar 2024,"6,585 - 10,052","8,318",1%,,,
Ambawadi,Oct-Dec 2023,"6,865 - 9,954","8,410",3%,,,
Ambawadi,Jul-Sep 2023,"6,612 - 9,755","8,183",2%,,,
Ambawadi,Apr-Jun 2023,"6,617 - 9,429","8,023",3%,,,
Ambawadi,Jan-Mar 2023,"6,390 - 9,145","7,768",2%,,,
Ambawadi,Oct-Dec 2022,"6,249 - 8,967","7,608",3%,,,
Ambawadi,Jul-Sep 2022,"6,156 - 8,557","7,357",4%,,,
Ambawadi,Apr-Jun 2022,"5,895 - 8,256","7,075",0.10%,,,
Ambawadi,Jan-Mar 2022,"6,062 - 8,108","7,085",4%,,,
Ambawadi,Oct-Dec 2021,"5,889 - 7,799","6,844",2%,,,
Ambawadi,Jul-Sep 2021,"5,752 - 7,704","6,728",0.30%,,,
Ambawadi,Apr-Jun 2021,"5,709 - 7,781","6,745",0.40%,,,
Ambawadi,Jan-Mar 2021,"5,849 - 7,588","6,719",2%,,,
Ambawadi,Oct-Dec 2020,"5,798 - 7,316","6,557",2%,,,
Ambawadi,Jul-Sep 2020,"5,873 - 7,520","6,697",2%,,,
Ambawadi,Apr-Jun 2020,"5,737 - 7,409","6,573",1%,,,
Ambawadi,Jan-Mar 2020,"5,704 - 7,603","6,654",1%,,,
Ambawadi,Oct-Dec 2019,"5,633 - 7,566","6,599",2%,,,
Ambawadi,Jul-Sep 2019,"5,525 - 7,452","6,488",1%,,,
Ambawadi,Apr-Jun 2019,"5,472 - 7,618","6,545",1%,,,
Ambawadi,Jan-Mar 2019,"5,527 - 7,686","6,606",1%,,,
Ambawadi,Oct-Dec 2018,"5,583 - 7,556","6,569",2%,,,
Ambawadi,Jul-Sep 2018,"5,468 - 7,433","6,451",3%,,,
Ambawadi,Apr-Jun 2018,"5,288 - 7,271","6,279",3%,,,
Ambawadi,Jan-Mar 2018,"4,882 - 7,314","6,098",2%,,,
Ambawadi,Oct-Dec 2017,"5,012 - 7,413","6,212",2%,,,
Ambawadi,Jul-Sep 2017,"5,171 - 7,465","6,318",1%,,,
Ambawadi,Apr-Jun 2017,"5,199 - 7,308","6,254",2%,,,
Ambawadi,Jan-Mar 2017,"4,952 - 7,360","6,156",2%,,,
Ambawadi,Oct-Dec 2016,"4,941 - 7,568","6,255",0.30%,,,
Ambawadi,Jul-Sep 2016,"4,837 - 7,641","6,239",7%,,,
Ambawadi,Apr-Jun 2016,"4,459 - 7,190","5,825",3%,,,
Ambawadi,Jan-Mar 2016,"4,359 - 6,908","5,634",5%,,,
Ambawadi,Oct-Dec 2015,"4,017 - 6,709","5,363",4%,,,
Ambawadi,Jul-Sep 2015,"4,471 - 6,748","5,610",3%,,,
Ambawadi,Apr-Jun 2015,"4,944 - 6,643","5,793",-,,,
Ambawadi,Jan-Mar 2015,"4,785 - 6,583","5,684",2%,,,
Ambawadi,Oct-Dec 2014,"4,632 - 6,528","5,580",0.5,,,
,,,,,,,
Ambli,Oct-Dec 2024,"5,732 - 8,323","7,028",1%,,,
Ambli,Jul-Sep 2024,"5,608 - 8,267","6,938",5%,,,
Ambli,Apr-Jun 2024,"5,376 - 7,855","6,616",5%,,,
Ambli,Jan-Mar 2024,"4,892 - 7,761","6,327",7%,,,
Ambli,Oct-Dec 2023,"5,489 - 8,074","6,781",3%,,,
Ambli,Jul-Sep 2023,"5,092 - 8,027","6,560",2%,,,
Ambli,Apr-Jun 2023,"5,089 - 7,725","6,407",1%,,,
Ambli,Jan-Mar 2023,"4,997 - 7,722","6,360",1%,,,
Ambli,Oct-Dec 2022,"4,913 - 7,726","6,320",1%,,,
Ambli,Jul-Sep 2022,"4,738 - 7,763","6,250",6%,,,
Ambli,Apr-Jun 2022,"4,637 - 7,210","5,924",2%,,,
Ambli,Jan-Mar 2022,"4,730 - 7,371","6,050",-,,,
Ambli,Oct-Dec 2021,"4,652 - 7,205","5,928",2%,,,
Ambli,Jul-Sep 2021,"4,575 - 7,040","5,807",1%,,,
Ambli,Apr-Jun 2021,"4,498 - 6,879","5,688",2%,,,
Ambli,Jan-Mar 2021,"4,423 - 6,715","5,565",1%,,,
Ambli,Oct-Dec 2020,"4,351 - 6,550","5,451",1%,,,
Ambli,Jul-Sep 2020,"4,282 - 6,395","5,339",2%,,,
Ambli,Apr-Jun 2020,"4,215 - 6,270","5,243",1%,,,
Ambli,Jan-Mar 2020,"4,140 - 6,100","5,120",1%,,,
Ambli,Oct-Dec 2019,"4,080 - 6,010","5,045",1%,,,
Ambli,Jul-Sep 2019,"4,023 - 5,920","4,970",1%,,,
Ambli,Apr-Jun 2019,"3,965 - 5,830","4,895",1%,,,
Ambli,Jan-Mar 2019,"3,910 - 5,750","4,830",1%,,,
Ambli,Oct-Dec 2018,"3,855 - 5,670","4,760",2%,,,
Ambli,Jul-Sep 2018,"3,775 - 5,570","4,670",3%,,,
Ambli,Apr-Jun 2018,"3,689 - 5,470","4,580",3%,,,
Ambli,Jan-Mar 2018,"3,605 - 5,380","4,495",2%,,,
Ambli,Oct-Dec 2017,"3,525 - 5,290","4,410",2%,,,
Ambli,Jul-Sep 2017,"3,450 - 5,210","4,330",1%,,,
Ambli,Apr-Jun 2017,"3,375 - 5,130","4,250",2%,,,
Ambli,Jan-Mar 2017,"3,305 - 5,050","4,180",2%,,,
Ambli,Oct-Dec 2016,"3,235 - 4,970","4,100",0.50%,,,
Ambli,Jul-Sep 2016,"3,195 - 4,905","4,050",6%,,,
Ambli,Apr-Jun 2016,"3,120 - 4,825","3,975",3%,,,
Ambli,Jan-Mar 2016,"3,030 - 4,740","3,885",5%,,,
Ambli,Oct-Dec 2015,"2,875 - 4,560","3,720",4%,,,
Ambli,Jul-Sep 2015,"2,760 - 4,400","3,580",3%,,,
Ambli,Apr-Jun 2015,"2,690 - 4,320","3,505",2%,,,
Ambli,Jan-Mar 2015,"2,620 - 4,250","3,435",2%,,,
Ambli,Oct-Dec 2014,"2,570 - 4,180","3,375",1%,,,
,,,,,,,
Ambli Bopal Road,Oct-Dec 2024,"5,565 - 8,567","7,066",2%,,,
Ambli Bopal Road,Jul-Sep 2024,"5,528 - 8,874","7,201",4%,,,
Ambli Bopal Road,Apr-Jun 2024,"5,377 - 8,457","6,917",2%,,,
Ambli Bopal Road,Jan-Mar 2024,"5,342 - 8,195","6,768",1%,,,
Ambli Bopal Road,Oct-Dec 2023,"5,292 - 8,122","6,707",2%,,,
Ambli Bopal Road,Jul-Sep 2023,"5,249 - 7,869","6,559",1%,,,
Ambli Bopal Road,Apr-Jun 2023,"5,074 - 7,963","6,519",1%,,,
Ambli Bopal Road,Jan-Mar 2023,"4,924 - 7,991","6,458",5%,,,
Ambli Bopal Road,Oct-Dec 2022,"5,220 - 8,350","6,785",3%,,,
Ambli Bopal Road,Jul-Sep 2022,"5,456 - 8,529","6,992",1%,,,
Ambli Bopal Road,Apr-Jun 2022,"5,539 - 8,526","7,033",2%,,,
Ambli Bopal Road,Jan-Mar 2022,"5,331 - 8,396","6,864",4%,,,
Ambli Bopal Road,Oct-Dec 2021,"5,127 - 8,057","6,592",1%,,,
Ambli Bopal Road,Jul-Sep 2021,"5,254 - 8,031","6,642",5%,,,
Ambli Bopal Road,Apr-Jun 2021,"5,071 - 7,546","6,308",1%,,,
Ambli Bopal Road,Jan-Mar 2021,"5,283 - 7,420","6,351",2%,,,
Ambli Bopal Road,Oct-Dec 2020,"5,354 - 7,354","6,354",1%,,,
Ambli Bopal Road,Jul-Sep 2020,"5,495 - 7,363","6,429",4%,,,
Ambli Bopal Road,Apr-Jun 2020,"5,683 - 7,728","6,705",0.20%,,,
Ambli Bopal Road,Jan-Mar 2020,"5,615 - 7,827","6,721",1%,,,
Ambli Bopal Road,Oct-Dec 2019,"5,413 - 7,937","6,675",0.40%,,,
Ambli Bopal Road,Jul-Sep 2019,"5,327 - 7,975","6,651",1%,,,
Ambli Bopal Road,Apr-Jun 2019,"5,329 - 7,965","6,647",5%,,,
Ambli Bopal Road,Jan-Mar 2019,"4,934 - 7,774","6,354",5%,,,
Ambli Bopal Road,Oct-Dec 2018,"4,727 - 7,393","6,060",1%,,,
Ambli Bopal Road,Jul-Sep 2018,"4,766 - 7,240","6,003",3%,,,
Ambli Bopal Road,Apr-Jun 2018,"5,086 - 7,347","6,217",0.30%,,,
Ambli Bopal Road,Jan-Mar 2018,"4,937 - 7,457","6,197",3%,,,
Ambli Bopal Road,Oct-Dec 2017,"4,857 - 7,207","6,032",2%,,,
Ambli Bopal Road,Jul-Sep 2017,"4,780 - 7,090","5,935",1%,,,
Ambli Bopal Road,Apr-Jun 2017,"4,702 - 6,992","5,847",6%,,,
Ambli Bopal Road,Jan-Mar 2017,"4,292 - 6,697","5,495",5%,,,
Ambli Bopal Road,Oct-Dec 2016,"4,494 - 7,027","5,761",6%,,,
Ambli Bopal Road,Jul-Sep 2016,"4,362 - 6,550","5,456",7%,,,
Ambli Bopal Road,Apr-Jun 2016,"4,240 - 5,974","5,107",5%,,,
Ambli Bopal Road,Jan-Mar 2016,"4,050 - 5,890","4,970",5%,,,
Ambli Bopal Road,Oct-Dec 2015,"3,890 - 5,745","4,818",4%,,,
Ambli Bopal Road,Jul-Sep 2015,"3,750 - 5,600","4,675",3%,,,
Ambli Bopal Road,Apr-Jun 2015,"3,610 - 5,460","4,535",2%,,,
Ambli Bopal Road,Jan-Mar 2015,"3,500 - 5,320","4,410",2%,,,
Ambli Bopal Road,Oct-Dec 2014,"3,420 - 5,180","4,300",1%,,,
,,,,,,,
Ambli Road,Oct-Dec 2024,"7,012 - 10,141","8,577",0.40%,,,
Ambli Road,Jul-Sep 2024,"6,909 - 10,170","8,540",2%,,,
Ambli Road,Apr-Jun 2024,"6,682 - 10,060","8,371",3%,,,
Ambli Road,Jan-Mar 2024,"6,596 - 9,670","8,133",0.30%,,,
Ambli Road,Oct-Dec 2023,"6,638 - 9,678","8,158",0.30%,,,
Ambli Road,Jul-Sep 2023,"6,590 - 9,580","8,085",1%,,,
Ambli Road,Apr-Jun 2023,"6,450 - 9,420","7,935",2%,,,
Ambli Road,Jan-Mar 2023,"6,380 - 9,350","7,865",3%,,,
Ambli Road,Oct-Dec 2022,"6,280 - 9,270","7,775",1%,,,
Ambli Road,Jul-Sep 2022,"6,210 - 9,190","7,700",2%,,,
Ambli Road,Apr-Jun 2022,"6,050 - 9,000","7,525",3%,,,
Ambli Road,Jan-Mar 2022,"5,870 - 8,850","7,360",1%,,,
Ambli Road,Oct-Dec 2021,"5,820 - 8,720","7,270",1%,,,
Ambli Road,Jul-Sep 2021,"5,710 - 8,600","7,155",2%,,,
Ambli Road,Apr-Jun 2021,"5,600 - 8,480","7,040",1%,,,
Ambli Road,Jan-Mar 2021,"5,530 - 8,400","6,965",1%,,,
Ambli Road,Oct-Dec 2020,"5,450 - 8,250","6,850",0.50%,,,
Ambli Road,Jul-Sep 2020,"5,370 - 8,120","6,745",-1%,,,
Ambli Road,Apr-Jun 2020,"5,290 - 8,000","6,645",-2%,,,
Ambli Road,Jan-Mar 2020,"5,250 - 7,950","6,600",-0.50%,,,
Ambli Road,Oct-Dec 2019,"5,180 - 7,890","6,535",-1%,,,
Ambli Road,Jul-Sep 2019,"5,100 - 7,820","6,460",1%,,,
Ambli Road,Apr-Jun 2019,"5,020 - 7,750","6,385",1%,,,
Ambli Road,Jan-Mar 2019,"4,950 - 7,680","6,315",1%,,,
Ambli Road,Oct-Dec 2018,"4,870 - 7,600","6,235",2%,,,
Ambli Road,Jul-Sep 2018,"4,780 - 7,520","6,150",3%,,,
Ambli Road,Apr-Jun 2018,"4,700 - 7,450","6,075",2%,,,
Ambli Road,Jan-Mar 2018,"4,620 - 7,380","6,000",2%,,,
Ambli Road,Oct-Dec 2017,"4,540 - 7,300","5,920",1%,,,
Ambli Road,Jul-Sep 2017,"4,460 - 7,220","5,840",2%,,,
Ambli Road,Apr-Jun 2017,"4,380 - 7,140","5,760",1%,,,
Ambli Road,Jan-Mar 2017,"4,300 - 7,050","5,675",1%,,,
Ambli Road,Oct-Dec 2016,"4,220 - 6,980","5,600",2%,,,
Ambli Road,Jul-Sep 2016,"4,150 - 6,900","5,525",3%,,,
Ambli Road,Apr-Jun 2016,"4,080 - 6,820","5,450",2%,,,
Ambli Road,Jan-Mar 2016,"4,000 - 6,750","5,375",2%,,,
Ambli Road,Oct-Dec 2015,"3,920 - 6,670","5,295",2%,,,
Ambli Road,Jul-Sep 2015,"3,850 - 6,590","5,220",3%,,,
Ambli Road,Apr-Jun 2015,"3,780 - 6,500","5,140",2%,,,
Ambli Road,Jan-Mar 2015,"3,700 - 6,420","5,060",1%,,,
Ambli Road,Oct-Dec 2014,"3,630 - 6,350","4,990",1%,,,
,,,,,,,
Anand Nagar Prahlad Nagar,Oct-Dec 2024,"5,614 - 8,939","7,276",1%,,,
Anand Nagar Prahlad Nagar,Jul-Sep 2024,"5,756 - 8,882","7,319",0.40%,,,
Anand Nagar Prahlad Nagar,Apr-Jun 2024,"5,706 - 8,985","7,345",1%,,,
Anand Nagar Prahlad Nagar,Jan-Mar 2024,"5,825 - 9,081","7,453",0.30%,,,
Anand Nagar Prahlad Nagar,Oct-Dec 2023,"5,540 - 9,327","7,434",0.50%,,,
Anand Nagar Prahlad Nagar,Jul-Sep 2023,"5,470 - 9,250","7,397",0.80%,,,
Anand Nagar Prahlad Nagar,Apr-Jun 2023,"5,420 - 9,150","7,338",1.50%,,,
Anand Nagar Prahlad Nagar,Jan-Mar 2023,"5,350 - 9,000","7,230",2%,,,
Anand Nagar Prahlad Nagar,Oct-Dec 2022,"5,250 - 8,850","7,090",1.50%,,,
Anand Nagar Prahlad Nagar,Jul-Sep 2022,"5,180 - 8,770","6,985",1%,,,
Anand Nagar Prahlad Nagar,Apr-Jun 2022,"5,120 - 8,690","6,915",2%,,,
Anand Nagar Prahlad Nagar,Jan-Mar 2022,"5,020 - 8,600","6,780",1.50%,,,
Anand Nagar Prahlad Nagar,Oct-Dec 2021,"4,950 - 8,500","6,680",1%,,,
Anand Nagar Prahlad Nagar,Jul-Sep 2021,"4,890 - 8,420","6,615",2%,,,
Anand Nagar Prahlad Nagar,Apr-Jun 2021,"4,800 - 8,350","6,490",1.50%,,,
Anand Nagar Prahlad Nagar,Jan-Mar 2021,"4,750 - 8,250","6,395",1%,,,
Anand Nagar Prahlad Nagar,Oct-Dec 2020,"4,700 - 8,100","6,330",0.50%,,,
Anand Nagar Prahlad Nagar,Jul-Sep 2020,"4,620 - 8,020","6,270",-1%,,,
Anand Nagar Prahlad Nagar,Apr-Jun 2020,"4,540 - 7,900","6,205",-2%,,,
Anand Nagar Prahlad Nagar,Jan-Mar 2020,"4,500 - 7,850","6,150",-0.50%,,,
Anand Nagar Prahlad Nagar,Oct-Dec 2019,"4,420 - 7,750","6,120",-1%,,,
Anand Nagar Prahlad Nagar,Jul-Sep 2019,"4,350 - 7,650","6,060",1%,,,
Anand Nagar Prahlad Nagar,Apr-Jun 2019,"4,270 - 7,550","5,995",1%,,,
Anand Nagar Prahlad Nagar,Jan-Mar 2019,"4,200 - 7,450","5,930",1%,,,
Anand Nagar Prahlad Nagar,Oct-Dec 2018,"4,130 - 7,350","5,860",2%,,,
Anand Nagar Prahlad Nagar,Jul-Sep 2018,"4,050 - 7,250","5,750",3%,,,
Anand Nagar Prahlad Nagar,Apr-Jun 2018,"3,950 - 7,150","5,650",2%,,,
Anand Nagar Prahlad Nagar,Jan-Mar 2018,"3,870 - 7,050","5,540",2%,,,
Anand Nagar Prahlad Nagar,Oct-Dec 2017,"3,800 - 6,980","5,440",1%,,,
Anand Nagar Prahlad Nagar,Jul-Sep 2017,"3,730 - 6,900","5,370",2%,,,
Anand Nagar Prahlad Nagar,Apr-Jun 2017,"3,650 - 6,820","5,250",1%,,,
Anand Nagar Prahlad Nagar,Jan-Mar 2017,"3,600 - 6,750","5,180",1%,,,
Anand Nagar Prahlad Nagar,Oct-Dec 2016,"3,530 - 6,680","5,120",2%,,,
Anand Nagar Prahlad Nagar,Jul-Sep 2016,"3,460 - 6,600","5,020",3%,,,
Anand Nagar Prahlad Nagar,Apr-Jun 2016,"3,400 - 6,520","4,900",2%,,,
Anand Nagar Prahlad Nagar,Jan-Mar 2016,"3,320 - 6,450","4,800",2%,,,
Anand Nagar Prahlad Nagar,Oct-Dec 2015,"3,250 - 6,370","4,700",2%,,,
Anand Nagar Prahlad Nagar,Jul-Sep 2015,"3,180 - 6,300","4,620",3%,,,
Anand Nagar Prahlad Nagar,Apr-Jun 2015,"3,100 - 6,220","4,500",2%,,,
Anand Nagar Prahlad Nagar,Jan-Mar 2015,"3,050 - 6,140","4,420",1%,,,
Anand Nagar Prahlad Nagar,Oct-Dec 2014,"3,000 - 6,070","4,360",1%,,,
,,,,,,,
Ashram Road,Oct-Dec 2024,"5,897 - 8,903","7,400",3%,,,
Ashram Road,Jul-Sep 2024,"5,788 - 8,635","7,211",1%,,,
Ashram Road,Apr-Jun 2024,"5,638 - 8,592","7,115",3%,,,
Ashram Road,Jan-Mar 2024,"5,644 - 8,969","7,307",4%,,,
Ashram Road,Oct-Dec 2023,"5,541 - 8,452","6,997",1%,,,
Ashram Road,Jul-Sep 2023,"5,534 - 8,287","6,911",1%,,,
Ashram Road,Apr-Jun 2023,"5,452 - 8,179","6,816",2%,,,
Ashram Road,Jan-Mar 2023,"5,535 - 7,889","6,712",1%,,,
Ashram Road,Oct-Dec 2022,"5,484 - 8,079","6,781",2%,,,
Ashram Road,Jul-Sep 2022,"5,480 - 7,845","6,662",1%,,,
Ashram Road,Apr-Jun 2022,"5,451 - 7,778","6,614",1%,,,
Ashram Road,Jan-Mar 2022,"5,465 - 7,576","6,521",1%,,,
Ashram Road,Oct-Dec 2021,"5,375 - 7,563","6,469",2%,,,
Ashram Road,Jul-Sep 2021,"5,486 - 7,258","6,372",1%,,,
Ashram Road,Apr-Jun 2021,"5,165 - 7,429","6,297",0.30%,,,
Ashram Road,Jan-Mar 2021,"5,194 - 7,431","6,313",2%,,,
Ashram Road,Oct-Dec 2020,"5,409 - 7,481","6,445",1%,,,
Ashram Road,Jul-Sep 2020,"5,371 - 7,687","6,529",1%,,,
Ashram Road,Apr-Jun 2020,"5,227 - 7,935","6,581",1%,,,
Ashram Road,Jan-Mar 2020,"5,181 - 7,991","6,586",1%,,,
Ashram Road,Oct-Dec 2019,"5,575 - 7,773","6,674",0.10%,,,
Ashram Road,Jul-Sep 2019,"5,563 - 7,770","6,667",1%,,,
Ashram Road,Apr-Jun 2019,"5,399 - 8,058","6,729",1%,,,
Ashram Road,Jan-Mar 2019,"5,167 - 8,151","6,659",5%,,,
Ashram Road,Oct-Dec 2018,"4,986 - 7,717","6,351",3%,,,
Ashram Road,Jul-Sep 2018,"5,087 - 7,283","6,185",9%,,,
Ashram Road,Apr-Jun 2018,"5,307 - 8,339","6,823",9%,,,
Ashram Road,Jan-Mar 2018,"4,963 - 7,583","6,273",2%,,,
Ashram Road,Oct-Dec 2017,"4,966 - 7,826","6,396",3%,,,
Ashram Road,Jul-Sep 2017,"5,219 - 7,165","6,192",1%,,,
Ashram Road,Apr-Jun 2017,"4,953 - 7,302","6,128",6%,,,
Ashram Road,Jan-Mar 2017,"5,177 - 7,920","6,549",2%,,,
Ashram Road,Oct-Dec 2016,"5,294 - 8,020","6,657",2%,,,
Ashram Road,Jul-Sep 2016,"5,226 - 7,804","6,515",4%,,,
Ashram Road,Apr-Jun 2016,"4,910 - 7,650","6,280",3%,,,
Ashram Road,Jan-Mar 2016,"4,696 - 7,551","6,124",2%,,,
Ashram Road,Oct-Dec 2015,"4,960 - 7,496","6,228",3%,,,
Ashram Road,Jul-Sep 2015,"5,062 - 7,730","6,396",6%,,,
Ashram Road,Apr-Jun 2015,"4,770 - 7,263","6,016",8%,,,
Ashram Road,Jan-Mar 2015,"4,487 - 6,693","5,590",3%,,,
Ashram Road,Oct-Dec 2014,"4,359 - 6,500","5,430",2%,,,
,,,,,,,
Ashram Road Area,Oct-Dec 2024,"6,183 - 8,816","7,499",3%,,,
Ashram Road Area,Jul-Sep 2024,"6,065 - 8,672","7,280",2.50%,,,
Ashram Road Area,Apr-Jun 2024,"5,930 - 8,520","7,105",3%,,,
Ashram Road Area,Jan-Mar 2024,"5,760 - 8,355","6,900",3.50%,,,
Ashram Road Area,Oct-Dec 2023,"5,630 - 8,270","6,665",2%,,,
Ashram Road Area,Jul-Sep 2023,"5,550 - 8,100","6,535",1.50%,,,
Ashram Road Area,Apr-Jun 2023,"5,480 - 7,970","6,435",1.80%,,,
Ashram Road Area,Jan-Mar 2023,"5,430 - 7,850","6,320",2%,,,
Ashram Road Area,Oct-Dec 2022,"5,350 - 7,710","6,200",2.20%,,,
Ashram Road Area,Jul-Sep 2022,"5,270 - 7,600","6,070",1.80%,,,
Ashram Road Area,Apr-Jun 2022,"5,180 - 7,500","5,960",1.50%,,,
Ashram Road Area,Jan-Mar 2022,"5,120 - 7,420","5,870",1.80%,,,
Ashram Road Area,Oct-Dec 2021,"5,070 - 7,310","5,765",2.10%,,,
Ashram Road Area,Jul-Sep 2021,"5,000 - 7,190","5,650",1.20%,,,
Ashram Road Area,Apr-Jun 2021,"4,950 - 7,050","5,580",0.80%,,,
Ashram Road Area,Jan-Mar 2021,"4,890 - 7,000","5,535",2%,,,
Ashram Road Area,Oct-Dec 2020,"4,850 - 6,950","5,430",1.50%,,,
Ashram Road Area,Jul-Sep 2020,"4,810 - 6,910","5,350",1.20%,,,
Ashram Road Area,Apr-Jun 2020,"4,750 - 6,860","5,290",0.50%,,,
Ashram Road Area,Jan-Mar 2020,"4,720 - 6,840","5,265",1%,,,
Ashram Road Area,Oct-Dec 2019,"4,680 - 6,800","5,215",0.70%,,,
Ashram Road Area,Jul-Sep 2019,"4,640 - 6,760","5,180",1%,,,
Ashram Road Area,Apr-Jun 2019,"4,580 - 6,720","5,130",1.30%,,,
Ashram Road Area,Jan-Mar 2019,"4,520 - 6,670","5,065",2%,,,
Ashram Road Area,Oct-Dec 2018,"4,430 - 6,590","4,965",3%,,,
Ashram Road Area,Jul-Sep 2018,"4,330 - 6,470","4,820",2.50%,,,
Ashram Road Area,Apr-Jun 2018,"4,290 - 6,410","4,720",2.80%,,,
Ashram Road Area,Jan-Mar 2018,"4,230 - 6,350","4,590",1.90%,,,
Ashram Road Area,Oct-Dec 2017,"4,200 - 6,320","4,505",2%,,,
Ashram Road Area,Jul-Sep 2017,"4,180 - 6,250","4,415",1.30%,,,
Ashram Road Area,Apr-Jun 2017,"4,150 - 6,200","4,360",1.80%,,,
Ashram Road Area,Jan-Mar 2017,"4,120 - 6,150","4,280",2%,,,
Ashram Road Area,Oct-Dec 2016,"4,050 - 6,090","4,200",1.50%,,,
Ashram Road Area,Jul-Sep 2016,"4,020 - 6,050","4,140",1.80%,,,
Ashram Road Area,Apr-Jun 2016,"3,980 - 6,000","4,080",1.50%,,,
Ashram Road Area,Jan-Mar 2016,"3,950 - 5,950","4,020",2%,,,
Ashram Road Area,Oct-Dec 2015,"3,880 - 5,900","3,940",1.70%,,,
Ashram Road Area,Jul-Sep 2015,"3,850 - 5,870","3,875",2%,,,
Ashram Road Area,Apr-Jun 2015,"3,800 - 5,810","3,800",2.30%,,,
Ashram Road Area,Jan-Mar 2015,"3,720 - 5,740","3,715",1.80%,,,
Ashram Road Area,Oct-Dec 2014,"3,650 - 5,670","3,650",2%,,,
,,,,,,,
Boakdev,Oct-Dec 2024,"7,255-10,160","8,707",0.50%,,,
Boakdev,Jul-Sep 2024,"7,158-10,176","8,667",2%,,,
Boakdev,Apr-Jun 2024,"6,941-10,076","8,508",4%,,,
Boakdev,Jan-Mar 2024,"6,752-9,624","8,188",0.50%,,,
Boakdev,Oct-Dec 2023,"6,638-9,659","8,149",3%,,,
Boakdev,Jul-Sep 2023,"6,455-9,366","7,911",8%,,,
Boakdev,Apr-Jun 2023,"6,180-8,456","7,318",2%,,,
Boakdev,Jan-Mar 2023,"6,025-8,390","7,208",1%,,,
Boakdev,Oct-Dec 2022,"6,008-8,248","7,128",2%,,,
Boakdev,Jul-Sep 2022,"5,873-8,155","7,014",1%,,,
Boakdev,Apr-Jun 2022,"5,836-8,071","6,954",2%,,,
Boakdev,Jan-Mar 2022,"5,696-7,955","6,826",2%,,,
Boakdev,Oct-Dec 2021,"5,677-7,660","6,669",1%,,,
Boakdev,Jul-Sep 2021,"5,633-7,635","6,634",1%,,,
Boakdev,Apr-Jun 2021,"5,521-7,569","6,545",0.40%,,,
Boakdev,Jan-Mar 2021,"5,451-7,592","6,521",3%,,,
Boakdev,Oct-Dec 2020,"5,446-7,235","6,340",1%,,,
Boakdev,Jul-Sep 2020,"5,357-7,180","6,268",1%,,,
Boakdev,Apr-Jun 2020,"5,420-7,181","6,301",3%,,,
Boakdev,Jan-Mar 2020,"5,558-7,499","6,528",1%,,,
Boakdev,Oct-Dec 2019,"5,569-7,632","6,600",1%,,,
Boakdev,Jul-Sep 2019,"5,582-7,515","6,548",-,,,
Boakdev,Apr-Jun 2019,"5,593-7,515","6,554",1%,,,
Boakdev,Jan-Mar 2019,"5,628-7,657","6,643",2%,,,
Boakdev,Oct-Dec 2018,"5,519-7,517","6,518",1%,,,
Boakdev,Jul-Sep 2018,"5,481-7,446","6,463",0.10%,,,
Boakdev,Apr-Jun 2018,"5,387-7,554","6,471",1%,,,
Boakdev,Jan-Mar 2018,"5,310-7,497","6,404",3%,,,
Boakdev,Oct-Dec 2017,"5,444-7,748","6,596",3%,,,
Boakdev,Jul-Sep 2017,"5,487-8,140","6,813",3%,,,
Boakdev,Apr-Jun 2017,"5,429-7,814","6,622",0.30%,,,
Boakdev,Jan-Mar 2017,"5,720-7,559","6,640",1%,,,
Boakdev,Oct-Dec 2016,"5,662-7,810","6,736",0.30%,,,
Boakdev,Jul-Sep 2016,"5,644-7,791","6,717",2%,,,
Boakdev,Apr-Jun 2016,"5,691-7,442","6,567",1%,,,
Boakdev,Jan-Mar 2016,"5,598-7,446","6,522",2%,,,
Boakdev,Oct-Dec 2015,"5,607-7,677","6,642",1%,,,
Boakdev,Jul-Sep 2015,"5,501-7,710","6,605",4%,,,
Boakdev,Apr-Jun 2015,"5,283-7,428","6,355",4%,,,
Boakdev,Jan-Mar 2015,"4,955-7,242","6,098",4%,,,
Boakdev,Oct-Dec 2014,"4,671-7,080","5,876",4%,,,
,,,,,,,
Bopal,Oct-Dec 2024,"5,464-8,182","6,823",0.20%,,,
Bopal,Jul-Sep 2024,"5,205-8,462","6,834",1%,,,
Bopal,Apr-Jun 2024,"5,191-8,373","6,782",2%,,,
Bopal,Jan-Mar 2024,"5,143-8,175","6,659",2%,,,
Bopal,Oct-Dec 2023,"5,172-7,942","6,557",1%,,,
Bopal,Jul-Sep 2023,"5,123-7,872","6,497",1%,,,
Bopal,Apr-Jun 2023,"4,882-8,011","6,447",8%,,,
Bopal,Jan-Mar 2023,"4,658-7,290","5,974",6%,,,
Bopal,Oct-Dec 2022,"4,755-7,916","6,336",3%,,,
Bopal,Jul-Sep 2022,"4,836-8,251","6,544",10%,,,
Bopal,Apr-Jun 2022,"4,601-7,261","5,931",4%,,,
Bopal,Jan-Mar 2022,"4,608-6,843","5,725",1%,,,
Bopal,Oct-Dec 2021,"4,564-6,984","5,774",2%,,,
Bopal,Jul-Sep 2021,"4,511-6,854","5,682",4%,,,
Bopal,Apr-Jun 2021,"4,338-6,537","5,438",3%,,,
Bopal,Jan-Mar 2021,"4,465-6,765","5,615",-,,,
Bopal,Oct-Dec 2020,"4,449-6,781","5,615",3%,,,
Bopal,Jul-Sep 2020,"4,341-6,602","5,471",4%,,,
Bopal,Apr-Jun 2020,"4,606-6,735","5,671",,,,
Bopal,Jan-Mar 2020,"4,701-6,636","5,668",0.40%,,,
Bopal,Oct-Dec 2019,"4,660-6,637","5,648",4%,,,
Bopal,Jul-Sep 2019,"4,436-6,439","5,437",0.30%,,,
Bopal,Apr-Jun 2019,"4,466-6,441","5,454",1%,,,
Bopal,Jan-Mar 2019,"4,442-6,546","5,494",4%,,,
Bopal,Oct-Dec 2018,"4,264-6,333","5,299",3%,,,
Bopal,Jul-Sep 2018,"4,106-6,219","5,163",3%,,,
Bopal,Apr-Jun 2018,"4,073-5,912","4,992",1%,,,
Bopal,Jan-Mar 2018,"3,975-6,088","5,032",5%,,,
Bopal,Oct-Dec 2017,"3,869-5,729","4,799",1%,,,
Bopal,Jul-Sep 2017,"3,928-5,743","4,836",2%,,,
Bopal,Apr-Jun 2017,"3,922-5,944","4,933",2%,,,
Bopal,Jan-Mar 2017,"3,760-5,928","4,844",1%,,,
Bopal,Oct-Dec 2016,"3,809-5,742","4,775",2%,,,
Bopal,Jul-Sep 2016,"3,859-5,525","4,692",9%,,,
Bopal,Apr-Jun 2016,"3,907-6,411","5,159",8%,,,
Bopal,Jan-Mar 2016,"3,725-5,805","4,765",11%,,,
Bopal,Oct-Dec 2015,"3,307-5,267","4,287",6%,,,
Bopal,Jul-Sep 2015,"3,620-5,463","4,542",3%,,,
Bopal,Apr-Jun 2015,"3,547-5,821","4,684",10%,,,
Bopal,Jan-Mar 2015,"3,082-5,460","4,271",12%,,,
Bopal,Oct-Dec 2014,"3,037-4,600","3,819",6%,,,
,,,,,,,
Chharodi,Oct-Dec 2024,"5,423 - 7,424","6,424",4%,,,
Chharodi,Jul-Sep 2024,"5,098 - 7,289","6,194",8%,,,
Chharodi,Apr-Jun 2024,"4,605 - 6,861","5,733",18%,,,
Chharodi,Jan-Mar 2024,"4,328 - 5,406","4,867",14%,,,
Chharodi,Oct-Dec 2023,"3,945 - 5,016","4,268",11%,,,
Chharodi,Jul-Sep 2023,"3,750 - 4,980","3,842",9%,,,
Chharodi,Apr-Jun 2023,"3,420 - 4,720","3,525",7%,,,
Chharodi,Jan-Mar 2023,"3,250 - 4,520","3,295",5%,,,
Chharodi,Oct-Dec 2022,"3,050 - 4,360","3,140",6%,,,
Chharodi,Jul-Sep 2022,"2,950 - 4,120","2,960",4%,,,
Chharodi,Apr-Jun 2022,"2,850 - 3,960","2,850",3%,,,
Chharodi,Jan-Mar 2022,"2,720 - 3,850","2,770",4%,,,
Chharodi,Oct-Dec 2021,"2,600 - 3,700","2,663",3%,,,
Chharodi,Jul-Sep 2021,"2,530 - 3,580","2,585",2%,,,
Chharodi,Apr-Jun 2021,"2,450 - 3,500","2,535",1.50%,,,
Chharodi,Jan-Mar 2021,"2,400 - 3,420","2,498",2%,,,
Chharodi,Oct-Dec 2020,"2,300 - 3,350","2,448",1.80%,,,
Chharodi,Jul-Sep 2020,"2,250 - 3,300","2,405",1.50%,,,
Chharodi,Apr-Jun 2020,"2,200 - 3,240","2,370",1%,,,
Chharodi,Jan-Mar 2020,"2,180 - 3,210","2,345",2%,,,
Chharodi,Oct-Dec 2019,"2,120 - 3,180","2,300",1.20%,,,
Chharodi,Jul-Sep 2019,"2,050 - 3,150","2,275",1.50%,,,
Chharodi,Apr-Jun 2019,"2,000 - 3,100","2,240",2%,,,
Chharodi,Jan-Mar 2019,"1,950 - 3,050","2,195",2.50%,,,
Chharodi,Oct-Dec 2018,"1,870 - 3,000","2,140",3%,,,
Chharodi,Jul-Sep 2018,"1,800 - 2,930","2,080",2%,,,
Chharodi,Apr-Jun 2018,"1,750 - 2,870","2,040",2.50%,,,
Chharodi,Jan-Mar 2018,"1,700 - 2,820","1,990",2%,,,
Chharodi,Oct-Dec 2017,"1,650 - 2,760","1,950",2.20%,,,
Chharodi,Jul-Sep 2017,"1,620 - 2,710","1,910",1.80%,,,
Chharodi,Apr-Jun 2017,"1,590 - 2,670","1,875",2%,,,
Chharodi,Jan-Mar 2017,"1,550 - 2,640","1,840",2.50%,,,
Chharodi,Oct-Dec 2016,"1,500 - 2,600","1,795",1.70%,,,
Chharodi,Jul-Sep 2016,"1,450 - 2,550","1,765",2%,,,
Chharodi,Apr-Jun 2016,"1,420 - 2,500","1,730",1.50%,,,
Chharodi,Jan-Mar 2016,"1,400 - 2,460","1,705",2%,,,
Chharodi,Oct-Dec 2015,"1,350 - 2,420","1,670",2%,,,
Chharodi,Jul-Sep 2015,"1,320 - 2,390","1,635",2.50%,,,
Chharodi,Apr-Jun 2015,"1,300 - 2,350","1,595",2.80%,,,
Chharodi,Jan-Mar 2015,"1,250 - 2,310","1,550",2%,,,
Chharodi,Oct-Dec 2014,"1,200 - 2,280","1,520",2.20%,,,
,,,,,,,
Chimanlal Girdharlal Road,Oct-Dec 2024,"5,894 - 9,250","7,572",2%,,,
Chimanlal Girdharlal Road,Jul-Sep 2024,"5,728 - 9,150","7,439",0.10%,,,
Chimanlal Girdharlal Road,Apr-Jun 2024,"5,790 - 9,069","7,429",1%,,,
Chimanlal Girdharlal Road,Jan-Mar 2024,"5,826 - 9,215","7,520",4%,,,
Chimanlal Girdharlal Road,Oct-Dec 2023,"5,716 - 8,799","7,257",0.50%,,,
Chimanlal Girdharlal Road,Jul-Sep 2023,"5,721 - 8,725","7,223",1%,,,
Chimanlal Girdharlal Road,Apr-Jun 2023,"5,653 - 8,582","7,117",4%,,,
Chimanlal Girdharlal Road,Jan-Mar 2023,"5,639 - 9,224","7,432",2%,,,
Chimanlal Girdharlal Road,Oct-Dec 2022,"5,551 - 8,968","7,259",1%,,,
Chimanlal Girdharlal Road,Jul-Sep 2022,"5,553 - 8,793","7,173",0.80%,,,
Chimanlal Girdharlal Road,Apr-Jun 2022,"5,480 - 8,745","7,115",1.50%,,,
Chimanlal Girdharlal Road,Jan-Mar 2022,"5,402 - 8,670","7,008",1.20%,,,
Chimanlal Girdharlal Road,Oct-Dec 2021,"5,350 - 8,520","6,925",1.50%,,,
Chimanlal Girdharlal Road,Jul-Sep 2021,"5,280 - 8,450","6,820",1.20%,,,
Chimanlal Girdharlal Road,Apr-Jun 2021,"5,200 - 8,380","6,740",1%,,,
Chimanlal Girdharlal Road,Jan-Mar 2021,"5,150 - 8,300","6,673",1.50%,,,
Chimanlal Girdharlal Road,Oct-Dec 2020,"5,100 - 8,250","6,570",0.80%,,,
Chimanlal Girdharlal Road,Jul-Sep 2020,"5,050 - 8,150","6,520",1%,,,
Chimanlal Girdharlal Road,Apr-Jun 2020,"5,000 - 8,120","6,455",1%,,,
Chimanlal Girdharlal Road,Jan-Mar 2020,"4,950 - 8,050","6,390",1.50%,,,
Chimanlal Girdharlal Road,Oct-Dec 2019,"4,900 - 7,950","6,295",1%,,,
Chimanlal Girdharlal Road,Jul-Sep 2019,"4,850 - 7,900","6,235",0.80%,,,
Chimanlal Girdharlal Road,Apr-Jun 2019,"4,800 - 7,850","6,180",1.20%,,,
Chimanlal Girdharlal Road,Jan-Mar 2019,"4,750 - 7,800","6,105",1.50%,,,
Chimanlal Girdharlal Road,Oct-Dec 2018,"4,700 - 7,720","6,015",2%,,,
Chimanlal Girdharlal Road,Jul-Sep 2018,"4,697 - 8,149","6,423",2%,,,
Chimanlal Girdharlal Road,Apr-Jun 2018,"4,835 - 7,719","6,277",2%,,,
Chimanlal Girdharlal Road,Jan-Mar 2018,"4,801 - 7,510","6,155",1.80%,,,
Chimanlal Girdharlal Road,Oct-Dec 2017,"4,750 - 7,460","6,040",1.50%,,,
Chimanlal Girdharlal Road,Jul-Sep 2017,"4,690 - 7,400","5,950",1.80%,,,
Chimanlal Girdharlal Road,Apr-Jun 2017,"4,650 - 7,350","5,845",1.20%,,,
Chimanlal Girdharlal Road,Jan-Mar 2017,"4,600 - 7,280","5,775",1.50%,,,
Chimanlal Girdharlal Road,Oct-Dec 2016,"4,550 - 7,250","5,690",1.80%,,,
Chimanlal Girdharlal Road,Jul-Sep 2016,"4,500 - 7,200","5,590",2%,,,
Chimanlal Girdharlal Road,Apr-Jun 2016,"5,240 - 7,375","6,307",4%,,,
Chimanlal Girdharlal Road,Jan-Mar 2016,"4,733 - 7,405","6,069",1%,,,
Chimanlal Girdharlal Road,Oct-Dec 2015,"4,733 - 7,303","6,018",6%,,,
Chimanlal Girdharlal Road,Jul-Sep 2015,"4,483 - 6,895","5,689",4%,,,
Chimanlal Girdharlal Road,Apr-Jun 2015,"4,588 - 7,213","5,900",2%,,,
Chimanlal Girdharlal Road,Jan-Mar 2015,"4,522 - 7,041","5,782",1%,,,
Chimanlal Girdharlal Road,Oct-Dec 2014,"4,459 - 6,937","5,698",6%,,,
,,,,,,,
Corporate Road,Oct-Dec 2024,"5,931 - 8,938","7,435",1%,,,
Corporate Road,Jul-Sep 2024,"5,885 - 8,812","7,349",1%,,,
Corporate Road,Apr-Jun 2024,"5,734 - 8,878","7,306",0.30%,,,
Corporate Road,Jan-Mar 2024,"5,710 - 8,940","7,325",2%,,,
Corporate Road,Oct-Dec 2023,"5,732 - 9,265","7,499",1%,,,
Corporate Road,Jul-Sep 2023,"5,827 - 9,284","7,556",1%,,,
Corporate Road,Apr-Jun 2023,"6,125 - 9,102","7,613",2%,,,
Corporate Road,Jan-Mar 2023,"6,244 - 9,260","7,752",3%,,,
Corporate Road,Oct-Dec 2022,"6,007 - 9,068","7,538",0.20%,,,
Corporate Road,Jul-Sep 2022,"6,165 - 8,936","7,551",5%,,,
Corporate Road,Apr-Jun 2022,"5,745 - 8,685","7,215",5%,,,
Corporate Road,Jan-Mar 2022,"6,533 - 8,700","7,616",1%,,,
Corporate Road,Oct-Dec 2021,"6,751 - 8,626","7,688",2%,,,
Corporate Road,Jul-Sep 2021,"6,568 - 8,574","7,571",0.80%,,,
Corporate Road,Apr-Jun 2021,"6,485 - 8,430","7,457",0.70%,,,
Corporate Road,Jan-Mar 2021,"6,400 - 8,380","7,375",1%,,,
Corporate Road,Oct-Dec 2020,"6,320 - 8,300","7,285",0.80%,,,
Corporate Road,Jul-Sep 2020,"6,200 - 8,150","7,175",1%,,,
Corporate Road,Apr-Jun 2020,"6,150 - 8,050","7,100",0.50%,,,
Corporate Road,Jan-Mar 2020,"6,100 - 8,000","7,040",0.80%,,,
Corporate Road,Oct-Dec 2019,"6,050 - 7,950","6,980",1.20%,,,
Corporate Road,Jul-Sep 2019,"6,000 - 7,900","6,900",1%,,,
Corporate Road,Apr-Jun 2019,"5,950 - 7,850","6,830",0.80%,,,
Corporate Road,Jan-Mar 2019,"5,900 - 7,800","6,770",1.20%,,,
Corporate Road,Oct-Dec 2018,"5,850 - 7,750","6,690",1.50%,,,
Corporate Road,Jul-Sep 2018,"5,800 - 7,700","6,590",1.80%,,,
Corporate Road,Apr-Jun 2018,"5,750 - 7,650","6,470",2%,,,
Corporate Road,Jan-Mar 2018,"5,700 - 7,600","6,350",1.80%,,,
Corporate Road,Oct-Dec 2017,"5,650 - 7,550","6,235",1.50%,,,
Corporate Road,Jul-Sep 2017,"5,600 - 7,500","6,150",1.80%,,,
Corporate Road,Apr-Jun 2017,"5,550 - 7,450","6,050",1.20%,,,
Corporate Road,Jan-Mar 2017,"5,500 - 7,400","5,980",1.50%,,,
Corporate Road,Oct-Dec 2016,"5,450 - 7,350","5,890",1.80%,,,
Corporate Road,Jul-Sep 2016,"5,400 - 7,300","5,780",2%,,,
Corporate Road,Apr-Jun 2016,"5,350 - 7,250","5,670",1.50%,,,
Corporate Road,Jan-Mar 2016,"5,300 - 7,200","5,580",1.20%,,,
Corporate Road,Oct-Dec 2015,"5,250 - 7,150","5,510",1.80%,,,
Corporate Road,Jul-Sep 2015,"5,200 - 7,100","5,420",1.50%,,,
Corporate Road,Apr-Jun 2015,"5,150 - 7,050","5,340",1.20%,,,
Corporate Road,Jan-Mar 2015,"5,100 - 7,000","5,270",1%,,,
Corporate Road,Oct-Dec 2014,"5,050 - 6,950","5,210",1.50%,,,
,,,,,,,
Drive In Road,Oct-Dec 2024,"6,218 - 9,747","7,982",3%,,,
Drive In Road,Jul-Sep 2024,"6,057 - 9,427","7,742",2%,,,
Drive In Road,Apr-Jun 2024,"6,083 - 9,093","7,588",4%,,,
Drive In Road,Jan-Mar 2024,"6,171 - 9,603","7,887",5%,,,
Drive In Road,Oct-Dec 2023,"5,802 - 9,242","7,522",2%,,,
Drive In Road,Jul-Sep 2023,"5,812 - 8,868","7,340",3%,,,
Drive In Road,Apr-Jun 2023,"5,785 - 8,504","7,145",2%,,,
Drive In Road,Jan-Mar 2023,"6,209 - 7,836","7,022",1%,,,
Drive In Road,Oct-Dec 2022,"6,214 - 7,936","7,075",4%,,,
Drive In Road,Jul-Sep 2022,"6,117 - 7,515","6,816",2.50%,,,
Drive In Road,Apr-Jun 2022,"6,050 - 7,450","6,650",2%,,,
Drive In Road,Jan-Mar 2022,"5,980 - 7,350","6,520",2.50%,,,
Drive In Road,Oct-Dec 2021,"5,850 - 7,250","6,370",3%,,,
Drive In Road,Jul-Sep 2021,"5,145 - 7,549","6,347",2%,,,
Drive In Road,Apr-Jun 2021,"4,981 - 7,415","6,198",7%,,,
Drive In Road,Jan-Mar 2021,"4,826 - 6,717","5,772",1%,,,
Drive In Road,Oct-Dec 2020,"4,845 - 6,772","5,809",1%,,,
Drive In Road,Jul-Sep 2020,"5,026 - 6,462","5,744",2%,,,
Drive In Road,Apr-Jun 2020,"4,952 - 6,305","5,629",1%,,,
Drive In Road,Jan-Mar 2020,"5,052 - 6,348","5,700",1%,,,
Drive In Road,Oct-Dec 2019,"5,090 - 6,467","5,778",0.10%,,,
Drive In Road,Jul-Sep 2019,"5,057 - 6,482","5,770",1%,,,
Drive In Road,Apr-Jun 2019,"5,163 - 6,314","5,738",0.30%,,,
Drive In Road,Jan-Mar 2019,"5,228 - 6,288","5,758",2%,,,
Drive In Road,Oct-Dec 2018,"5,209 - 6,511","5,860",1.50%,,,
Drive In Road,Jul-Sep 2018,"5,225 - 6,489","5,857",1.20%,,,
Drive In Road,Apr-Jun 2018,"5,197 - 6,515","5,856",1%,,,
Drive In Road,Jan-Mar 2018,"5,139 - 6,475","5,807",0.20%,,,
Drive In Road,Oct-Dec 2017,"5,194 - 6,392","5,793",2%,,,
Drive In Road,Jul-Sep 2017,"5,166 - 6,643","5,905",1%,,,
Drive In Road,Apr-Jun 2017,"5,153 - 6,768","5,961",2%,,,
Drive In Road,Jan-Mar 2017,"5,104 - 6,538","5,821",2%,,,
Drive In Road,Oct-Dec 2016,"5,131 - 6,713","5,922",1%,,,
Drive In Road,Jul-Sep 2016,"5,136 - 6,848","5,992",2%,,,
Drive In Road,Apr-Jun 2016,"4,967 - 6,832","5,900",3%,,,
Drive In Road,Jan-Mar 2016,"4,910 - 6,599","5,755",2%,,,
Drive In Road,Oct-Dec 2015,"4,742 - 6,538","5,640",3%,,,
Drive In Road,Jul-Sep 2015,"4,905 - 6,698","5,802",1%,,,
Drive In Road,Apr-Jun 2015,"4,768 - 6,772","5,770",3%,,,
Drive In Road,Jan-Mar 2015,"4,440 - 6,806","5,623",1.50%,,,
Drive In Road,Oct-Dec 2014,"4,350 - 6,600","5,500",2%,,,
,,,,,,,
Ellisbridge,Oct-Dec 2024,"5,706 - 9,874","7,790",-,,,
Ellisbridge,Jul-Sep 2024,"5,640 - 9,600","7,620",5%,,,
Ellisbridge,Apr-Jun 2024,"5,577 - 8,894","7,235",5%,,,
Ellisbridge,Jan-Mar 2024,"5,847 - 9,398","7,622",5%,,,
Ellisbridge,Oct-Dec 2023,"5,703 - 8,778","7,241",1%,,,
Ellisbridge,Jul-Sep 2023,"5,580 - 8,798","7,189",1.50%,,,
Ellisbridge,Apr-Jun 2023,"5,550 - 8,700","7,125",2%,,,
Ellisbridge,Jan-Mar 2023,"5,525 - 8,560","7,043",1.50%,,,
Ellisbridge,Oct-Dec 2022,"5,480 - 8,400","6,950",1.20%,,,
Ellisbridge,Jul-Sep 2022,"5,425 - 8,250","6,850",1%,,,
Ellisbridge,Apr-Jun 2022,"5,370 - 8,100","6,735",1.50%,,,
Ellisbridge,Jan-Mar 2022,"5,300 - 7,900","6,600",2%,,,
Ellisbridge,Oct-Dec 2021,"5,200 - 7,700","6,470",2%,,,
Ellisbridge,Jul-Sep 2021,"5,050 - 7,500","6,275",2%,,,
Ellisbridge,Apr-Jun 2021,"4,980 - 7,250","6,115",1.50%,,,
Ellisbridge,Jan-Mar 2021,"4,925 - 7,000","5,962",1%,,,
Ellisbridge,Oct-Dec 2020,"4,850 - 6,950","5,900",0.50%,,,
Ellisbridge,Jul-Sep 2020,"4,780 - 6,880","5,860",0.50%,,,
Ellisbridge,Apr-Jun 2020,"4,750 - 6,800","5,820",-,,,
Ellisbridge,Jan-Mar 2020,"4,740 - 6,750","5,800",-,,,
Ellisbridge,Oct-Dec 2019,"4,700 - 6,700","5,760",0.50%,,,
Ellisbridge,Jul-Sep 2019,"4,675 - 6,675","5,750",1%,,,
Ellisbridge,Apr-Jun 2019,"4,650 - 6,650","5,725",1%,,,
Ellisbridge,Jan-Mar 2019,"4,600 - 6,600","5,700",1.50%,,,
Ellisbridge,Oct-Dec 2018,"4,500 - 6,500","5,620",1%,,,
Ellisbridge,Jul-Sep 2018,"4,450 - 6,450","5,580",1.20%,,,
Ellisbridge,Apr-Jun 2018,"4,400 - 6,400","5,540",1%,,,
Ellisbridge,Jan-Mar 2018,"4,350 - 6,350","5,500",1%,,,
Ellisbridge,Oct-Dec 2017,"4,300 - 6,300","5,450",1.50%,,,
Ellisbridge,Jul-Sep 2017,"4,250 - 6,250","5,400",1.50%,,,
Ellisbridge,Apr-Jun 2017,"4,200 - 6,200","5,350",2%,,,
Ellisbridge,Jan-Mar 2017,"4,150 - 6,150","5,300",1.50%,,,
Ellisbridge,Oct-Dec 2016,"4,100 - 6,100","5,250",1.50%,,,
Ellisbridge,Jul-Sep 2016,"4,050 - 6,050","5,200",2%,,,
Ellisbridge,Apr-Jun 2016,"4,000 - 6,000","5,150",2%,,,
Ellisbridge,Jan-Mar 2016,"3,950 - 5,950","5,100",1.50%,,,
Ellisbridge,Oct-Dec 2015,"3,900 - 5,900","5,050",1.50%,,,
Ellisbridge,Jul-Sep 2015,"3,850 - 5,850","5,000",2%,,,
Ellisbridge,Apr-Jun 2015,"3,800 - 5,800","4,950",2%,,,
Ellisbridge,Jan-Mar 2015,"3,750 - 5,750","4,900",1.50%,,,
Ellisbridge,Oct-Dec 2014,"3,700 - 5,700","4,850",1.50%,,,
,,,,,,,
Friends Colony Bodakdev,Oct-Dec 2024,"7,578 - 10,723","9,151",0.30%,,,
Friends Colony Bodakdev,Jul-Sep 2024,"7,603 - 10,749","9,176",0.30%,,,
Friends Colony Bodakdev,Apr-Jun 2024,"7,570 - 10,700","9,120",0.50%,,,
Friends Colony Bodakdev,Jan-Mar 2024,"7,520 - 10,650","9,057",0.70%,,,
Friends Colony Bodakdev,Oct-Dec 2023,"7,460 - 10,580","8,986",0.80%,,,
Friends Colony Bodakdev,Jul-Sep 2023,"7,370 - 10,470","8,900",1.00%,,,
Friends Colony Bodakdev,Apr-Jun 2023,"7,240 - 10,340","8,790",1.20%,,,
Friends Colony Bodakdev,Jan-Mar 2023,"7,100 - 10,200","8,620",1.50%,,,
Friends Colony Bodakdev,Oct-Dec 2022,"6,950 - 10,050","8,410",1.80%,,,
Friends Colony Bodakdev,Jul-Sep 2022,"6,720 - 9,820","8,170",2.00%,,,
Friends Colony Bodakdev,Apr-Jun 2022,"6,500 - 9,600","7,900",2.20%,,,
Friends Colony Bodakdev,Jan-Mar 2022,"6,280 - 9,350","7,630",2.40%,,,
Friends Colony Bodakdev,Oct-Dec 2021,"6,080 - 9,120","7,370",2.50%,,,
Friends Colony Bodakdev,Jul-Sep 2021,"5,900 - 8,900","7,160",2.00%,,,
Friends Colony Bodakdev,Apr-Jun 2021,"5,750 - 8,720","6,980",1.80%,,,
Friends Colony Bodakdev,Jan-Mar 2021,"5,620 - 8,560","6,820",1.50%,,,
Friends Colony Bodakdev,Oct-Dec 2020,"5,520 - 8,450","6,700",1.30%,,,
Friends Colony Bodakdev,Jul-Sep 2020,"5,460 - 8,350","6,600",1.20%,,,
Friends Colony Bodakdev,Apr-Jun 2020,"5,420 - 8,280","6,540",1.00%,,,
Friends Colony Bodakdev,Jan-Mar 2020,"5,400 - 8,250","6,520",0.80%,,,
Friends Colony Bodakdev,Oct-Dec 2019,"5,370 - 8,200","6,500",0.70%,,,
Friends Colony Bodakdev,Jul-Sep 2019,"5,340 - 8,180","6,480",0.50%,,,
Friends Colony Bodakdev,Apr-Jun 2019,"5,300 - 8,140","6,450",0.30%,,,
Friends Colony Bodakdev,Jan-Mar 2019,"5,250 - 8,080","6,400",0.50%,,,
Friends Colony Bodakdev,Oct-Dec 2018,"5,190 - 8,010","6,340",0.40%,,,
Friends Colony Bodakdev,Jul-Sep 2018,"5,120 - 7,940","6,270",0.50%,,,
Friends Colony Bodakdev,Apr-Jun 2018,"5,050 - 7,870","6,200",0.70%,,,
Friends Colony Bodakdev,Jan-Mar 2018,"5,000 - 7,820","6,150",0.80%,,,
Friends Colony Bodakdev,Oct-Dec 2017,"4,950 - 7,750","6,090",1.00%,,,
Friends Colony Bodakdev,Jul-Sep 2017,"4,880 - 7,680","6,020",1.20%,,,
Friends Colony Bodakdev,Apr-Jun 2017,"4,820 - 7,620","5,950",1.30%,,,
Friends Colony Bodakdev,Jan-Mar 2017,"4,760 - 7,560","5,880",1.50%,,,
Friends Colony Bodakdev,Oct-Dec 2016,"4,700 - 7,500","5,820",1.60%,,,
Friends Colony Bodakdev,Jul-Sep 2016,"4,650 - 7,450","5,780",1.80%,,,
Friends Colony Bodakdev,Apr-Jun 2016,"4,600 - 7,400","5,740",2.00%,,,
Friends Colony Bodakdev,Jan-Mar 2016,"4,550 - 7,350","5,700",1.80%,,,
Friends Colony Bodakdev,Oct-Dec 2015,"4,500 - 7,300","5,650",1.60%,,,
Friends Colony Bodakdev,Jul-Sep 2015,"4,450 - 7,250","5,600",1.50%,,,
Friends Colony Bodakdev,Apr-Jun 2015,"4,400 - 7,200","5,550",1.40%,,,
Friends Colony Bodakdev,Jan-Mar 2015,"4,350 - 7,150","5,500",1.30%,,,
Friends Colony Bodakdev,Oct-Dec 2014,"4,300 - 7,100","5,450",1.20%,,,
,,,,,,,
Gala Gymkhana Road,Oct-Dec 2024,"5,438 - 8,209","6,823",0.40%,,,
Gala Gymkhana Road,Jul-Sep 2024,"5,420 - 8,190","6,796",0.50%,,,
Gala Gymkhana Road,Apr-Jun 2024,"5,218 - 8,373","6,796",3%,,,
Gala Gymkhana Road,Jan-Mar 2024,"5,125 - 8,082","6,603",2.80%,,,
Gala Gymkhana Road,Oct-Dec 2023,"5,000 - 7,880","6,420",2.60%,,,
Gala Gymkhana Road,Jul-Sep 2023,"4,870 - 7,690","6,260",2.50%,,,
Gala Gymkhana Road,Apr-Jun 2023,"4,750 - 7,500","6,110",2.40%,,,
Gala Gymkhana Road,Jan-Mar 2023,"4,640 - 7,320","5,970",2.30%,,,
Gala Gymkhana Road,Oct-Dec 2022,"4,540 - 7,150","5,840",2.20%,,,
Gala Gymkhana Road,Jul-Sep 2022,"4,450 - 7,000","5,720",2.00%,,,
Gala Gymkhana Road,Apr-Jun 2022,"4,360 - 6,860","5,600",1.90%,,,
Gala Gymkhana Road,Jan-Mar 2022,"4,290 - 6,750","5,490",1.80%,,,
Gala Gymkhana Road,Oct-Dec 2021,"4,210 - 6,620","5,400",1.60%,,,
Gala Gymkhana Road,Jul-Sep 2021,"4,140 - 6,500","5,310",1.40%,,,
Gala Gymkhana Road,Apr-Jun 2021,"4,070 - 6,400","5,230",1.30%,,,
Gala Gymkhana Road,Jan-Mar 2021,"4,010 - 6,320","5,160",1.20%,,,
Gala Gymkhana Road,Oct-Dec 2020,"3,960 - 6,250","5,100",1.10%,,,
Gala Gymkhana Road,Jul-Sep 2020,"3,910 - 6,180","5,040",1.00%,,,
Gala Gymkhana Road,Apr-Jun 2020,"3,870 - 6,120","4,990",0.90%,,,
Gala Gymkhana Road,Jan-Mar 2020,"3,830 - 6,080","4,950",0.80%,,,
Gala Gymkhana Road,Oct-Dec 2019,"3,800 - 6,050","4,920",0.70%,,,
Gala Gymkhana Road,Jul-Sep 2019,"3,770 - 6,020","4,890",0.60%,,,
Gala Gymkhana Road,Apr-Jun 2019,"3,740 - 5,990","4,860",0.50%,,,
Gala Gymkhana Road,Jan-Mar 2019,"3,710 - 5,960","4,830",0.50%,,,
Gala Gymkhana Road,Oct-Dec 2018,"3,680 - 5,930","4,800",0.40%,,,
Gala Gymkhana Road,Jul-Sep 2018,"3,650 - 5,900","4,770",0.50%,,,
Gala Gymkhana Road,Apr-Jun 2018,"3,620 - 5,870","4,740",0.60%,,,
Gala Gymkhana Road,Jan-Mar 2018,"3,590 - 5,840","4,710",0.70%,,,
Gala Gymkhana Road,Oct-Dec 2017,"3,560 - 5,800","4,680",0.80%,,,
Gala Gymkhana Road,Jul-Sep 2017,"3,520 - 5,770","4,640",0.90%,,,
Gala Gymkhana Road,Apr-Jun 2017,"3,480 - 5,730","4,600",1.00%,,,
Gala Gymkhana Road,Jan-Mar 2017,"3,440 - 5,690","4,560",1.20%,,,
Gala Gymkhana Road,Oct-Dec 2016,"3,400 - 5,650","4,520",1.30%,,,
Gala Gymkhana Road,Jul-Sep 2016,"3,360 - 5,620","4,480",1.40%,,,
Gala Gymkhana Road,Apr-Jun 2016,"3,320 - 5,580","4,440",1.50%,,,
Gala Gymkhana Road,Jan-Mar 2016,"3,290 - 5,540","4,400",1.40%,,,
Gala Gymkhana Road,Oct-Dec 2015,"3,260 - 5,510","4,370",1.30%,,,
Gala Gymkhana Road,Jul-Sep 2015,"3,230 - 5,480","4,340",1.20%,,,
Gala Gymkhana Road,Apr-Jun 2015,"3,200 - 5,450","4,310",1.10%,,,
Gala Gymkhana Road,Jan-Mar 2015,"3,170 - 5,420","4,280",1.00%,,,
Gala Gymkhana Road,Oct-Dec 2014,"3,140 - 5,390","4,250",0.90%,,,
,,,,,,,
Gota,Oct-Dec 2024,"5,591 - 7,892","6,741",2%,,,
Gota,Jul-Sep 2024,"5,431 - 7,742","6,587",2%,,,
Gota,Apr-Jun 2024,"5,276 - 7,688","6,482",2%,,,
Gota,Jan-Mar 2024,"5,097 - 7,566","6,331",1%,,,
Gota,Oct-Dec 2023,"5,023 - 7,723","6,373",5%,,,
Gota,Jul-Sep 2023,"4,911 - 7,276","6,093",4%,,,
Gota,Apr-Jun 2023,"4,864 - 6,853","5,859",2%,,,
Gota,Jan-Mar 2023,"4,595 - 6,907","5,751",4%,,,
Gota,Oct-Dec 2022,"4,425 - 6,626","5,526",5%,,,
Gota,Jul-Sep 2022,"4,510 - 7,082","5,796",0.30%,,,
Gota,Apr-Jun 2022,"4,767 - 6,791","5,779",1%,,,
Gota,Jan-Mar 2022,"4,684 - 6,764","5,724",1.00%,,,
Gota,Oct-Dec 2021,"4,558 - 6,896","5,727",7%,,,
Gota,Jul-Sep 2021,"4,276 - 6,440","5,358",9%,,,
Gota,Apr-Jun 2021,"4,052 - 5,764","4,908",1%,,,
Gota,Jan-Mar 2021,"4,015 - 5,667","4,841",2%,,,
Gota,Oct-Dec 2020,"4,015 - 5,901","4,958",1%,,,
Gota,Jul-Sep 2020,"4,000 - 5,975","4,987",2%,,,
Gota,Apr-Jun 2020,"3,989 - 5,805","4,897",2%,,,
Gota,Jan-Mar 2020,"4,061 - 5,505","4,783",4%,,,
Gota,Oct-Dec 2019,"4,053 - 5,948","5,001",0.40%,,,
Gota,Jul-Sep 2019,"3,944 - 6,015","4,980",4%,,,
Gota,Apr-Jun 2019,"3,852 - 6,474","5,163",6%,,,
Gota,Jan-Mar 2019,"3,735 - 5,972","4,854",5%,,,
Gota,Oct-Dec 2018,"3,518 - 5,704","4,611",4.50%,,,
Gota,Jul-Sep 2018,"3,390 - 5,450","4,412",3.80%,,,
Gota,Apr-Jun 2018,"3,280 - 5,310","4,263",3.40%,,,
Gota,Jan-Mar 2018,"3,190 - 5,180","4,126",3.10%,,,
Gota,Oct-Dec 2017,"3,100 - 5,060","4,006",2.90%,,,
Gota,Jul-Sep 2017,"3,020 - 4,950","3,895",2.60%,,,
Gota,Apr-Jun 2017,"2,950 - 4,840","3,800",2.40%,,,
Gota,Jan-Mar 2017,"2,890 - 4,740","3,720",2.20%,,,
Gota,Oct-Dec 2016,"2,840 - 4,650","3,645",2.00%,,,
Gota,Jul-Sep 2016,"2,790 - 4,570","3,580",1.90%,,,
Gota,Apr-Jun 2016,"2,750 - 4,500","3,520",1.70%,,,
Gota,Jan-Mar 2016,"2,720 - 4,440","3,470",1.60%,,,
Gota,Oct-Dec 2015,"2,690 - 4,380","3,420",1.50%,,,
Gota,Jul-Sep 2015,"2,660 - 4,320","3,370",1.30%,,,
Gota,Apr-Jun 2015,"2,630 - 4,270","3,320",1.10%,,,
Gota,Jan-Mar 2015,"2,600 - 4,220","3,270",1.00%,,,
Gota,Oct-Dec 2014,"2,570 - 4,180","3,230",0.80%,,,
,,,,,,,
Iscon Ambli Road,Oct-Dec 2024,"6,768-10,721","8,744",1%,,,
Iscon Ambli Road,Jul-Sep 2024,"6,832-10,764","8,798",8%,,,
Iscon Ambli Road,Apr-Jun 2024,"6,506-9,726","8,116",3%,,,
Iscon Ambli Road,Jan-Mar 2024,"6,415-9,343","7,879",2%,,,
Iscon Ambli Road,Oct-Dec 2023,"6,564-9,525","8,045",1%,,,
Iscon Ambli Road,Jul-Sep 2023,"6,494-9,377","7,936",1%,,,
Iscon Ambli Road,Apr-Jun 2023,"6,391-9,350","7,870",1%,,,
Iscon Ambli Road,Jan-Mar 2023,"6,307-9,285","7,796",5%,,,
Iscon Ambli Road,Oct-Dec 2022,"6,064-8,790","7,427",1%,,,
Iscon Ambli Road,Jul-Sep 2022,"6,044-8,923","7,484",1%,,,
Iscon Ambli Road,Apr-Jun 2022,"6,070-8,687","7,379",1%,,,
Iscon Ambli Road,Jan-Mar 2022,"6,448-8,218","7,333",4%,,,
Iscon Ambli Road,Oct-Dec 2021,"5,992-8,050","7,021",2%,,,
Iscon Ambli Road,Jul-Sep 2021,"5,898-7,813","6,855",0.50%,,,
Iscon Ambli Road,Apr-Jun 2021,"5,925-7,852","6,888",3%,,,
Iscon Ambli Road,Jan-Mar 2021,"5,932-7,480","6,706",3%,,,
Iscon Ambli Road,Oct-Dec 2020,"5,993-7,078","6,535",1%,,,
Iscon Ambli Road,Jul-Sep 2020,"5,613-7,305","6,459",1%,,,
Iscon Ambli Road,Apr-Jun 2020,"5,710-7,367","6,538",0.20%,,,
Iscon Ambli Road,Jan-Mar 2020,"5,862-7,238","6,550",0.20%,,,
Iscon Ambli Road,Oct-Dec 2019,"5,812-7,268","6,540",1%,,,
Iscon Ambli Road,Jul-Sep 2019,"5,873-7,346","6,609",1%,,,
Iscon Ambli Road,Apr-Jun 2019,"5,898-7,398","6,648",0.10%,,,
Iscon Ambli Road,Jan-Mar 2019,"5,212-8,067","6,639",0.50%,,,
Iscon Ambli Road,Oct-Dec 2018,"5,989-7,226","6,608",1%,,,
Iscon Ambli Road,Jul-Sep 2018,"5,833-7,302","6,568",2%,,,
Iscon Ambli Road,Apr-Jun 2018,"5,734-7,164","6,449",1%,,,
Iscon Ambli Road,Jan-Mar 2018,"5,795-7,009","6,402",-,,,
Iscon Ambli Road,Oct-Dec 2017,"5,710 - 6,950","6,330",1.20%,,,
Iscon Ambli Road,Jul-Sep 2017,"5,640 - 6,875","6,255",1.50%,,,
Iscon Ambli Road,Apr-Jun 2017,"5,580 - 6,780","6,180",1.80%,,,
Iscon Ambli Road,Jan-Mar 2017,"5,520 - 6,700","6,100",2.00%,,,
Iscon Ambli Road,Oct-Dec 2016,"5,460 - 6,630","6,030",2.20%,,,
Iscon Ambli Road,Jul-Sep 2016,"5,410 - 6,570","5,980",2.50%,,,
Iscon Ambli Road,Apr-Jun 2016,"5,360 - 6,500","5,930",2.70%,,,
Iscon Ambli Road,Jan-Mar 2016,"5,320 - 6,450","5,880",2.90%,,,
Iscon Ambli Road,Oct-Dec 2015,"5,280 - 6,390","5,830",3.00%,,,
Iscon Ambli Road,Jul-Sep 2015,"5,240 - 6,320","5,770",3.20%,,,
Iscon Ambli Road,Apr-Jun 2015,"5,190 - 6,250","5,700",3.50%,,,
Iscon Ambli Road,Jan-Mar 2015,"5,140 - 6,180","5,630",3.70%,,,
Iscon Ambli Road,Oct-Dec 2014,"5,090 - 6,110","5,560",4.00%,,,
,,,,,,,
Jagatpur,Oct-Dec 2024,"5,286-7,200","6,243",1%,,,
Jagatpur,Jul-Sep 2024,"5,232-7,181","6,206",1%,,,
Jagatpur,Apr-Jun 2024,"5,242-7,262","6,252",3%,,,
Jagatpur,Jan-Mar 2024,"5,326-7,612","6,469",2%,,,
Jagatpur,Oct-Dec 2023,"5,093-7,599","6,346",5%,,,
Jagatpur,Jul-Sep 2023,"5,003-7,061","6,032",-,,,
Jagatpur,Apr-Jun 2023,"4,846-7,158","6,002",1%,,,
Jagatpur,Jan-Mar 2023,"4,871-7,010","5,940",10%,,,
Jagatpur,Oct-Dec 2022,"4,473-6,366","5,420",1%,,,
Jagatpur,Jul-Sep 2022,"4,557-6,145","5,351",3%,,,
Jagatpur,Apr-Jun 2022,"4,638-6,344","5,491",-,,,
Jagatpur,Jan-Mar 2022,"4,589 - 6,255","5,422",1.20%,,,
Jagatpur,Oct-Dec 2021,"4,540 - 6,180","5,358",1.00%,,,
Jagatpur,Jul-Sep 2021,"4,490 - 6,110","5,295",0.80%,,,
Jagatpur,Apr-Jun 2021,"4,440 - 6,040","5,232",0.50%,,,
Jagatpur,Jan-Mar 2021,"4,400 - 5,970","5,185",0.70%,,,
Jagatpur,Oct-Dec 2020,"4,360 - 5,910","5,140",1.00%,,,
Jagatpur,Jul-Sep 2020,"4,320 - 5,850","5,095",1.20%,,,
Jagatpur,Apr-Jun 2020,"4,280 - 5,790","5,050",1.40%,,,
Jagatpur,Jan-Mar 2020,"4,240 - 5,730","5,000",1.60%,,,
Jagatpur,Oct-Dec 2019,"4,190 - 5,670","4,950",1.80%,,,
Jagatpur,Jul-Sep 2019,"4,150 - 5,620","4,910",2.00%,,,
Jagatpur,Apr-Jun 2019,"4,100 - 5,550","4,855",2.20%,,,
Jagatpur,Jan-Mar 2019,"4,050 - 5,480","4,800",2.50%,,,
Jagatpur,Oct-Dec 2018,"4,000 - 5,410","4,745",2.80%,,,
Jagatpur,Jul-Sep 2018,"3,960 - 5,360","4,700",3.00%,,,
Jagatpur,Apr-Jun 2018,"3,920 - 5,310","4,650",3.30%,,,
Jagatpur,Jan-Mar 2018,"3,880 - 5,260","4,600",3.50%,,,
Jagatpur,Oct-Dec 2017,"3,840 - 5,210","4,550",3.80%,,,
Jagatpur,Jul-Sep 2017,"3,800 - 5,160","4,500",4.00%,,,
Jagatpur,Apr-Jun 2017,"3,760 - 5,110","4,450",4.30%,,,
Jagatpur,Jan-Mar 2017,"3,720 - 5,060","4,400",4.50%,,,
Jagatpur,Oct-Dec 2016,"3,680 - 5,010","4,350",4.70%,,,
Jagatpur,Jul-Sep 2016,"3,640 - 4,960","4,300",5.00%,,,
Jagatpur,Apr-Jun 2016,"3,600 - 4,910","4,250",5.20%,,,
Jagatpur,Jan-Mar 2016,"3,560 - 4,860","4,200",5.50%,,,
Jagatpur,Oct-Dec 2015,"3,520 - 4,810","4,150",5.70%,,,
Jagatpur,Jul-Sep 2015,"3,480 - 4,760","4,100",6.00%,,,
Jagatpur,Apr-Jun 2015,"3,440 - 4,710","4,050",6.20%,,,
Jagatpur,Jan-Mar 2015,"3,400 - 4,660","4,000",6.50%,,,
Jagatpur,Oct-Dec 2014,"3,360 - 4,610","3,950",6.80%,,,
,,,,,,,
Jagatpur Road,Oct-Dec 2024,"5,525 - 7,861","6,693",2%,,,
Jagatpur Road,Jul-Sep 2024,"5,409 - 7,712","6,561",2%,,,
Jagatpur Road,Apr-Jun 2024,"5,281 - 7,698","6,489",1%,,,
Jagatpur Road,Jan-Mar 2024,"5,162 - 7,656","6,409",1.00%,,,
Jagatpur Road,Oct-Dec 2023,"5,057 - 7,794","6,425",0.50%,,,
Jagatpur Road,Jul-Sep 2023,"4,950 - 7,600","6,275",0.80%,,,
Jagatpur Road,Apr-Jun 2023,"4,850 - 7,450","6,150",1.00%,,,
Jagatpur Road,Jan-Mar 2023,"4,750 - 7,300","6,025",1.50%,,,
Jagatpur Road,Oct-Dec 2022,"4,600 - 7,100","5,850",1.20%,,,
Jagatpur Road,Jul-Sep 2022,"4,500 - 6,900","5,700",1.00%,,,
Jagatpur Road,Apr-Jun 2022,"4,350 - 6,700","5,525",0.80%,,,
Jagatpur Road,Jan-Mar 2022,"4,250 - 6,500","5,375",0.50%,,,
Jagatpur Road,Oct-Dec 2021,"4,100 - 6,350","5,225",1.00%,,,
Jagatpur Road,Jul-Sep 2021,"4,000 - 6,100","5,050",0.80%,,,
Jagatpur Road,Apr-Jun 2021,"3,900 - 5,900","4,900",1.00%,,,
Jagatpur Road,Jan-Mar 2021,"3,800 - 5,750","4,775",1.20%,,,
Jagatpur Road,Oct-Dec 2020,"3,700 - 5,600","4,650",1.50%,,,
Jagatpur Road,Jul-Sep 2020,"3,600 - 5,450","4,525",1.20%,,,
Jagatpur Road,Apr-Jun 2020,"3,500 - 5,300","4,400",1.00%,,,
Jagatpur Road,Jan-Mar 2020,"3,400 - 5,150","4,275",0.80%,,,
Jagatpur Road,Oct-Dec 2019,"3,300 - 5,000","4,150",1.00%,,,
Jagatpur Road,Jul-Sep 2019,"3,200 - 4,850","4,025",0.80%,,,
Jagatpur Road,Apr-Jun 2019,"3,100 - 4,700","3,900",1.00%,,,
Jagatpur Road,Jan-Mar 2019,"3,000 - 4,550","3,775",1.20%,,,
Jagatpur Road,Oct-Dec 2018,"2,900 - 4,400","3,650",1.50%,,,
Jagatpur Road,Jul-Sep 2018,"2,800 - 4,250","3,525",1.20%,,,
Jagatpur Road,Apr-Jun 2018,"2,700 - 4,100","3,400",1.00%,,,
Jagatpur Road,Jan-Mar 2018,"2,600 - 3,950","3,275",0.80%,,,
Jagatpur Road,Oct-Dec 2017,"2,500 - 3,800","3,150",1.00%,,,
Jagatpur Road,Jul-Sep 2017,"2,400 - 3,650","3,025",0.80%,,,
Jagatpur Road,Apr-Jun 2017,"2,300 - 3,500","2,900",1.00%,,,
Jagatpur Road,Jan-Mar 2017,"2,200 - 3,350","2,775",1.20%,,,
Jagatpur Road,Oct-Dec 2016,"2,100 - 3,200","2,650",1.50%,,,
Jagatpur Road,Jul-Sep 2016,"2,000 - 3,050","2,525",1.20%,,,
Jagatpur Road,Apr-Jun 2016,"1,900 - 2,900","2,400",1.00%,,,
Jagatpur Road,Jan-Mar 2016,"1,800 - 2,750","2,275",0.80%,,,
Jagatpur Road,Oct-Dec 2015,"1,700 - 2,600","2,150",1.00%,,,
Jagatpur Road,Jul-Sep 2015,"1,600 - 2,450","2,025",0.80%,,,
Jagatpur Road,Apr-Jun 2015,"1,500 - 2,300","1,900",1.00%,,,
Jagatpur Road,Jan-Mar 2015,"1,400 - 2,150","1,775",1.20%,,,
Jagatpur Road,Oct-Dec 2014,"1,300 - 2,000","1,650",1.50%,,,
,,,,,,,
Jodhpur Gam Road,Oct-Dec 2024,"5,897 - 8,924","7,411",1%,,,
Jodhpur Gam Road,Jul-Sep 2024,"5,938 - 8,984","7,461",0.70%,,,
Jodhpur Gam Road,Apr-Jun 2024,"5,879 - 8,950","7,410",2.10%,,,
Jodhpur Gam Road,Jan-Mar 2024,"5,700 - 8,811","7,255",0.50%,,,
Jodhpur Gam Road,Oct-Dec 2023,"5,620 - 8,720","7,220",2.00%,,,
Jodhpur Gam Road,Jul-Sep 2023,"5,698 - 8,849","7,273",4%,,,
Jodhpur Gam Road,Apr-Jun 2023,"5,379 - 8,630","7,005",2.50%,,,
Jodhpur Gam Road,Jan-Mar 2023,"5,250 - 8,500","6,835",2.80%,,,
Jodhpur Gam Road,Oct-Dec 2022,"5,110 - 8,370","6,650",2.10%,,,
Jodhpur Gam Road,Jul-Sep 2022,"5,010 - 8,200","6,450",2.00%,,,
Jodhpur Gam Road,Apr-Jun 2022,"4,890 - 8,050","6,250",1.80%,,,
Jodhpur Gam Road,Jan-Mar 2022,"4,800 - 7,900","6,100",1.50%,,,
Jodhpur Gam Road,Oct-Dec 2021,"4,725 - 7,750","5,980",2.00%,,,
Jodhpur Gam Road,Jul-Sep 2021,"4,640 - 7,600","5,860",1.80%,,,
Jodhpur Gam Road,Apr-Jun 2021,"4,500 - 7,450","5,725",1.50%,,,
Jodhpur Gam Road,Jan-Mar 2021,"4,400 - 7,300","5,600",1.30%,,,
Jodhpur Gam Road,Oct-Dec 2020,"4,350 - 7,200","5,500",2.00%,,,
Jodhpur Gam Road,Jul-Sep 2020,"4,275 - 7,050","5,400",1.80%,,,
Jodhpur Gam Road,Apr-Jun 2020,"4,200 - 6,900","5,300",1.50%,,,
Jodhpur Gam Road,Jan-Mar 2020,"4,100 - 6,750","5,200",1.30%,,,
Jodhpur Gam Road,Oct-Dec 2019,"4,050 - 6,600","5,100",2.00%,,,
Jodhpur Gam Road,Jul-Sep 2019,"3,975 - 6,500","5,000",1.80%,,,
Jodhpur Gam Road,Apr-Jun 2019,"3,900 - 6,350","4,900",1.50%,,,
Jodhpur Gam Road,Jan-Mar 2019,"3,800 - 6,200","4,800",1.30%,,,
Jodhpur Gam Road,Oct-Dec 2018,"3,750 - 6,050","4,700",2.00%,,,
Jodhpur Gam Road,Jul-Sep 2018,"3,680 - 5,900","4,600",1.80%,,,
Jodhpur Gam Road,Apr-Jun 2018,"3,600 - 5,750","4,500",1.50%,,,
Jodhpur Gam Road,Jan-Mar 2018,"3,500 - 5,600","4,400",1.30%,,,
Jodhpur Gam Road,Oct-Dec 2017,"3,450 - 5,450","4,300",2.00%,,,
Jodhpur Gam Road,Jul-Sep 2017,"3,375 - 5,300","4,200",1.80%,,,
Jodhpur Gam Road,Apr-Jun 2017,"3,300 - 5,150","4,100",1.50%,,,
Jodhpur Gam Road,Jan-Mar 2017,"3,200 - 5,000","4,000",1.30%,,,
Jodhpur Gam Road,Oct-Dec 2016,"3,150 - 4,850","3,900",2.00%,,,
Jodhpur Gam Road,Jul-Sep 2016,"3,075 - 4,700","3,800",1.80%,,,
Jodhpur Gam Road,Apr-Jun 2016,"3,000 - 4,550","3,700",1.50%,,,
Jodhpur Gam Road,Jan-Mar 2016,"2,900 - 4,400","3,600",1.30%,,,
Jodhpur Gam Road,Oct-Dec 2015,"2,850 - 4,250","3,500",2.00%,,,
Jodhpur Gam Road,Jul-Sep 2015,"2,775 - 4,100","3,400",1.80%,,,
Jodhpur Gam Road,Apr-Jun 2015,"2,700 - 3,950","3,300",1.50%,,,
Jodhpur Gam Road,Jan-Mar 2015,"2,600 - 3,800","3,200",1.30%,,,
Jodhpur Gam Road,Oct-Dec 2014,"2,550 - 3,650","3,100",2.00%,,,
,,,,,,,
Judges Bunglow Road,Oct-Dec 2024,"6,841 - 10,053","8,447",1%,,,
Judges Bunglow Road,Jul-Sep 2024,"6,747 - 9,975","8,361",3%,,,
Judges Bunglow Road,Apr-Jun 2024,"6,586 - 9,611","8,098",0.10%,,,
Judges Bunglow Road,Jan-Mar 2024,"6,646 - 9,540","8,093",0.50%,,,
Judges Bunglow Road,Oct-Dec 2023,"6,509 - 9,600","8,054",3%,,,
Judges Bunglow Road,Jul-Sep 2023,"6,365 - 9,266","7,816",4%,,,
Judges Bunglow Road,Apr-Jun 2023,"6,172 - 8,857","7,514",3.50%,,,
Judges Bunglow Road,Jan-Mar 2023,"5,990 - 8,550","7,260",3.20%,,,
Judges Bunglow Road,Oct-Dec 2022,"5,810 - 8,290","7,035",2.80%,,,
Judges Bunglow Road,Jul-Sep 2022,"5,655 - 8,050","6,845",2.50%,,,
Judges Bunglow Road,Apr-Jun 2022,"5,515 - 7,850","6,680",2.20%,,,
Judges Bunglow Road,Jan-Mar 2022,"5,390 - 7,650","6,540",2.00%,,,
Judges Bunglow Road,Oct-Dec 2021,"5,280 - 7,450","6,410",1.80%,,,
Judges Bunglow Road,Jul-Sep 2021,"5,175 - 7,280","6,295",1.50%,,,
Judges Bunglow Road,Apr-Jun 2021,"5,050 - 7,120","6,170",1.30%,,,
Judges Bunglow Road,Jan-Mar 2021,"4,950 - 6,960","6,050",1.20%,,,
Judges Bunglow Road,Oct-Dec 2020,"4,850 - 6,800","5,975",1.50%,,,
Judges Bunglow Road,Jul-Sep 2020,"4,760 - 6,650","5,885",1.30%,,,
Judges Bunglow Road,Apr-Jun 2020,"4,680 - 6,500","5,810",1.20%,,,
Judges Bunglow Road,Jan-Mar 2020,"4,600 - 6,350","5,740",1.10%,,,
Judges Bunglow Road,Oct-Dec 2019,"4,525 - 6,200","5,680",1.40%,,,
Judges Bunglow Road,Jul-Sep 2019,"4,450 - 6,080","5,600",1.30%,,,
Judges Bunglow Road,Apr-Jun 2019,"4,375 - 5,950","5,525",1.20%,,,
Judges Bunglow Road,Jan-Mar 2019,"4,300 - 5,800","5,460",1.00%,,,
Judges Bunglow Road,Oct-Dec 2018,"4,250 - 5,700","5,405",1.50%,,,
Judges Bunglow Road,Jul-Sep 2018,"4,150 - 5,550","5,325",1.30%,,,
Judges Bunglow Road,Apr-Jun 2018,"4,050 - 5,400","5,250",1.20%,,,
Judges Bunglow Road,Jan-Mar 2018,"3,950 - 5,250","5,175",1.10%,,,
Judges Bunglow Road,Oct-Dec 2017,"3,875 - 5,150","5,120",1.40%,,,
Judges Bunglow Road,Jul-Sep 2017,"3,800 - 5,000","5,050",1.30%,,,
Judges Bunglow Road,Apr-Jun 2017,"3,700 - 4,900","4,975",1.20%,,,
Judges Bunglow Road,Jan-Mar 2017,"3,600 - 4,750","4,910",1.00%,,,
Judges Bunglow Road,Oct-Dec 2016,"3,550 - 4,650","4,860",1.30%,,,
Judges Bunglow Road,Jul-Sep 2016,"3,500 - 4,500","4,800",1.20%,,,
Judges Bunglow Road,Apr-Jun 2016,"3,450 - 4,400","4,740",1.10%,,,
Judges Bunglow Road,Jan-Mar 2016,"3,400 - 4,300","4,690",1.00%,,,
Judges Bunglow Road,Oct-Dec 2015,"3,350 - 4,200","4,640",1.30%,,,
Judges Bunglow Road,Jul-Sep 2015,"3,300 - 4,100","4,580",1.20%,,,
Judges Bunglow Road,Apr-Jun 2015,"3,250 - 4,000","4,520",1.10%,,,
Judges Bunglow Road,Jan-Mar 2015,"3,200 - 3,900","4,470",1.00%,,,
Judges Bunglow Road,Oct-Dec 2014,"3,150 - 3,800","4,420",1.50%,,,
,,,,,,,
Makarba,Oct-Dec 2024,"5,732 - 8,391","7,061",0.20%,,,
Makarba,Jul-Sep 2024,"5,567 - 8,582","7,075",3%,,,
Makarba,Apr-Jun 2024,"5,282 - 8,438","6,860",5%,,,
Makarba,Jan-Mar 2024,"5,146 - 7,912","6,529",2%,,,
Makarba,Oct-Dec 2023,"5,253 - 7,607","6,430",0.40%,,,
Makarba,Jul-Sep 2023,"5,135 - 7,679","6,407",1%,,,
Makarba,Apr-Jun 2023,"5,268 - 7,664","6,466",2%,,,
Makarba,Jan-Mar 2023,"4,895 - 7,724","6,310",4%,,,
Makarba,Oct-Dec 2022,"4,636 - 7,515","6,076",3%,,,
Makarba,Jul-Sep 2022,"4,660 - 7,177","5,918",7%,,,
Makarba,Apr-Jun 2022,"4,393 - 6,671","5,532",3%,,,
Makarba,Jan-Mar 2022,"4,360 - 7,010","5,685",7%,,,
Makarba,Oct-Dec 2021,"4,321 - 6,293","5,307",5%,,,
Makarba,Jul-Sep 2021,"4,427 - 6,730","5,578",0.40%,,,
Makarba,Apr-Jun 2021,"4,383 - 6,816","5,599",0.40%,,,
Makarba,Jan-Mar 2021,"4,369 - 6,870","5,620",7%,,,
Makarba,Oct-Dec 2020,"4,183 - 6,364","5,274",6%,,,
Makarba,Jul-Sep 2020,"4,063 - 5,912","4,987",1%,,,
Makarba,Apr-Jun 2020,"4,028 - 5,820","4,924",1%,,,
Makarba,Jan-Mar 2020,"4,063 - 5,678","4,871",1%,,,
Makarba,Oct-Dec 2019,"4,101 - 5,549","4,825",1.50%,,,
Makarba,Jul-Sep 2019,"3,980 - 5,400","4,750",1.40%,,,
Makarba,Apr-Jun 2019,"3,870 - 5,250","4,685",1.30%,,,
Makarba,Jan-Mar 2019,"3,633 - 5,187","4,410",2%,,,
Makarba,Oct-Dec 2018,"3,656 - 4,993","4,324",1.80%,,,
Makarba,Jul-Sep 2018,"3,570 - 4,900","4,245",1.50%,,,
Makarba,Apr-Jun 2018,"3,500 - 4,750","4,180",1.40%,,,
Makarba,Jan-Mar 2018,"3,430 - 4,620","4,120",1.30%,,,
Makarba,Oct-Dec 2017,"3,350 - 4,500","4,070",1.50%,,,
Makarba,Jul-Sep 2017,"3,280 - 4,400","4,010",1.40%,,,
Makarba,Apr-Jun 2017,"3,200 - 4,300","3,960",1.30%,,,
Makarba,Jan-Mar 2017,"3,150 - 4,180","3,910",1.20%,,,
Makarba,Oct-Dec 2016,"3,100 - 4,050","3,865",1.50%,,,
Makarba,Jul-Sep 2016,"3,050 - 3,950","3,810",1.40%,,,
Makarba,Apr-Jun 2016,"3,000 - 3,850","3,760",1.30%,,,
Makarba,Jan-Mar 2016,"2,950 - 3,750","3,710",1.20%,,,
Makarba,Oct-Dec 2015,"2,900 - 3,680","3,665",1.50%,,,
Makarba,Jul-Sep 2015,"2,850 - 3,600","3,610",1.40%,,,
Makarba,Apr-Jun 2015,"2,800 - 3,500","3,560",1.30%,,,
Makarba,Jan-Mar 2015,"2,750 - 3,400","3,510",1.20%,,,
Makarba,Oct-Dec 2014,"2,700 - 3,320","3,460",1.50%,,,
,,,,,,,
Navrangpura,Oct-Dec 2024,"5,640-8,972","7,306",2%,,,
Navrangpura,Jul-Sep 2024,"5,667-8,607","7,137",1%,,,
Navrangpura,Apr-Jun 2024,"5,680-8,765","7,223",2%,,,
Navrangpura,Jan-Mar 2024,"5,491-9,241","7,366",4%,,,
Navrangpura,Oct-Dec 2023,"5,326-8,871","7,098",3%,,,
Navrangpura,Jul-Sep 2023,"5,420-8,410","6,915",2%,,,
Navrangpura,Apr-Jun 2023,"5,464-8,073","6,768",0.20%,,,
Navrangpura,Jan-Mar 2023,"5,338-8,168","6,753",2%,,,
Navrangpura,Oct-Dec 2022,"5,419-8,352","6,886",1%,,,
Navrangpura,Jul-Sep 2022,"5,123-8,449","6,786",0.10%,,,
Navrangpura,Apr-Jun 2022,"5,165-8,387","6,776",0.30%,,,
Navrangpura,Jan-Mar 2022,"5,404-8,189","6,797",,,,
Navrangpura,Oct-Dec 2021,"5,394-8,212","6,803",1%,,,
Navrangpura,Jul-Sep 2021,"5,377-8,070","6,723",6%,,,
Navrangpura,Apr-Jun 2021,"4,946-7,750","6,348",2%,,,
Navrangpura,Jan-Mar 2021,"5,151-7,830","6,491",2%,,,
Navrangpura,Oct-Dec 2020,"5,133-8,055","6,594",0.30%,,,
Navrangpura,Jul-Sep 2020,"5,277-7,956","6,617",2%,,,
Navrangpura,Apr-Jun 2020,"5,065-7,892","6,478",4%,,,
Navrangpura,Jan-Mar 2020,"5,235-8,239","6,737",2%,,,
Navrangpura,Oct-Dec 2019,"5,639-8,163","6,901",4%,,,
Navrangpura,Jul-Sep 2019,"5,353-7,941","6,647",0.30%,,,
Navrangpura,Apr-Jun 2019,"5,285-8,047","6,666",1%,,,
Navrangpura,Jan-Mar 2019,"5,379-8,041","6,710",3%,,,
Navrangpura,Oct-Dec 2018,"5,089-7,960","6,525",2%,,,
Navrangpura,Jul-Sep 2018,"5,224-8,087","6,655",1%,,,
Navrangpura,Apr-Jun 2018,"5,064-8,059","6,562",2%,,,
Navrangpura,Jan-Mar 2018,"5,067-7,820","6,443",1%,,,
Navrangpura,Oct-Dec 2017,"4,937-7,823","6,380",1%,,,
Navrangpura,Jul-Sep 2017,"4,986-7,625","6,305",1%,,,
Navrangpura,Apr-Jun 2017,"4,770-7,766","6,268",2%,,,
Navrangpura,Jan-Mar 2017,"4,858-7,883","6,370",1%,,,
Navrangpura,Oct-Dec 2016,"5,098-7,491","6,295",1%,,,
Navrangpura,Jul-Sep 2016,"5,104-7,551","6,327",2%,,,
Navrangpura,Apr-Jun 2016,"5,216-7,678","6,447",6%,,,
Navrangpura,Jan-Mar 2016,"4,957-7,167","6,062",1%,,,
Navrangpura,Oct-Dec 2015,"4,871-7,092","5,982",3%,,,
Navrangpura,Jul-Sep 2015,"4,443-7,136","5,790",3%,,,
Navrangpura,Apr-Jun 2015,"4,688-7,286","5,987",3%,,,
Navrangpura,Jan-Mar 2015,"4,618-6,965","5,792",7%,,,
Navrangpura,Oct-Dec 2014,"4,243-6,584","5,413",4%,,,
,,,,,,,
Nehru Nagar Ambawadi,Oct-Dec 2024,"7,548 - 10,238","8,893",0.30%,,,
Nehru Nagar Ambawadi,Jul-Sep 2024,"7,443 - 10,283","8,863",1%,,,
Nehru Nagar Ambawadi,Apr-Jun 2024,"7,283 - 10,284","8,784",2%,,,
Nehru Nagar Ambawadi,Jan-Mar 2024,"7,176 - 10,676","8,926",1%,,,
Nehru Nagar Ambawadi,Oct-Dec 2023,"7,425 - 10,243","8,834",3%,,,
Nehru Nagar Ambawadi,Jul-Sep 2023,"7,263 - 9,826","8,544",4%,,,
Nehru Nagar Ambawadi,Apr-Jun 2023,"7,159 - 9,269","8,214",1%,,,
Nehru Nagar Ambawadi,Jan-Mar 2023,"7,145 - 9,094","8,119",2%,,,
Nehru Nagar Ambawadi,Oct-Dec 2022,"6,968 - 8,969","7,969",8%,,,
Nehru Nagar Ambawadi,Jul-Sep 2022,"6,264 - 8,539","7,402",1%,,,
Nehru Nagar Ambawadi,Apr-Jun 2022,"6,320 - 8,350","7,335",0.40%,,,
Nehru Nagar Ambawadi,Jan-Mar 2022,"6,437 - 8,298","7,368",8%,,,
Nehru Nagar Ambawadi,Oct-Dec 2021,"6,181 - 7,460","6,821",2%,,,
Nehru Nagar Ambawadi,Jul-Sep 2021,"6,025 - 7,352","6,689",2%,,,
Nehru Nagar Ambawadi,Apr-Jun 2021,"6,163 - 6,915","6,539",0.20%,,,
Nehru Nagar Ambawadi,Jan-Mar 2021,"6,072 - 7,001","6,537",0.20%,,,
Nehru Nagar Ambawadi,Oct-Dec 2020,"6,043 - 6,999","6,521",1%,,,
Nehru Nagar Ambawadi,Jul-Sep 2020,"6,035 - 7,136","6,586",1.00%,,,
Nehru Nagar Ambawadi,Apr-Jun 2020,"5,900 - 7,000","6,520",1.00%,,,
Nehru Nagar Ambawadi,Jan-Mar 2020,"5,703 - 7,517","6,610",4%,,,
Nehru Nagar Ambawadi,Oct-Dec 2019,"5,317 - 7,339","6,328",4%,,,
Nehru Nagar Ambawadi,Jul-Sep 2019,"5,045 - 7,085","6,065",2%,,,
Nehru Nagar Ambawadi,Apr-Jun 2019,"4,820 - 7,094","5,957",3%,,,
Nehru Nagar Ambawadi,Jan-Mar 2019,"5,095 - 7,166","6,130",29%,,,
Nehru Nagar Ambawadi,Oct-Dec 2018,"5,980 - 11,215","8,598",39%,,,
Nehru Nagar Ambawadi,Jul-Sep 2018,"5,242 - 7,148","6,195",2.00%,,,
Nehru Nagar Ambawadi,Apr-Jun 2018,"5,100 - 7,050","6,076",2.00%,,,
Nehru Nagar Ambawadi,Jan-Mar 2018,"4,980 - 6,900","5,960",2.00%,,,
Nehru Nagar Ambawadi,Oct-Dec 2017,"4,850 - 6,750","5,850",2.00%,,,
Nehru Nagar Ambawadi,Jul-Sep 2017,"4,700 - 6,600","5,740",2.00%,,,
Nehru Nagar Ambawadi,Apr-Jun 2017,"4,550 - 6,450","5,630",2.00%,,,
Nehru Nagar Ambawadi,Jan-Mar 2017,"4,400 - 6,300","5,520",2.00%,,,
Nehru Nagar Ambawadi,Oct-Dec 2016,"4,250 - 6,150","5,410",2.00%,,,
Nehru Nagar Ambawadi,Jul-Sep 2016,"4,100 - 6,000","5,300",2.00%,,,
Nehru Nagar Ambawadi,Apr-Jun 2016,"3,950 - 5,850","5,190",2.00%,,,
Nehru Nagar Ambawadi,Jan-Mar 2016,"3,800 - 5,700","5,080",2.00%,,,
Nehru Nagar Ambawadi,Oct-Dec 2015,"3,650 - 5,550","4,970",2.00%,,,
Nehru Nagar Ambawadi,Jul-Sep 2015,"3,500 - 5,400","4,860",2.00%,,,
Nehru Nagar Ambawadi,Apr-Jun 2015,"3,350 - 5,250","4,750",2.00%,,,
Nehru Nagar Ambawadi,Jan-Mar 2015,"3,200 - 5,100","4,640",2.00%,,,
Nehru Nagar Ambawadi,Oct-Dec 2014,"3,050 - 4,950","4,530",2.00%,,,
,,,,,,,
NR Vandematram Cross Road,Oct-Dec 2024,"5,565 - 7,888","6,726",3.00%,,,
NR Vandematram Cross Road,Jul-Sep 2024,"5,400 - 7,650","6,530",3.00%,,,
NR Vandematram Cross Road,Apr-Jun 2024,"5,250 - 7,450","6,340",3.00%,,,
NR Vandematram Cross Road,Jan-Mar 2024,"5,100 - 7,250","6,160",3.00%,,,
NR Vandematram Cross Road,Oct-Dec 2023,"4,950 - 7,050","5,980",4.00%,,,
NR Vandematram Cross Road,Jul-Sep 2023,"4,760 - 6,810","5,750",4.00%,,,
NR Vandematram Cross Road,Apr-Jun 2023,"4,570 - 6,580","5,530",4.00%,,,
NR Vandematram Cross Road,Jan-Mar 2023,"4,400 - 6,350","5,320",4.00%,,,
NR Vandematram Cross Road,Oct-Dec 2022,"4,230 - 6,150","5,120",6.00%,,,
NR Vandematram Cross Road,Jul-Sep 2022,"4,000 - 5,800","4,830",6.00%,,,
NR Vandematram Cross Road,Apr-Jun 2022,"3,780 - 5,500","4,550",6.00%,,,
NR Vandematram Cross Road,Jan-Mar 2022,"3,600 - 5,250","4,290",6.00%,,,
NR Vandematram Cross Road,Oct-Dec 2021,"3,430 - 5,020","4,050",6.00%,,,
NR Vandematram Cross Road,Jul-Sep 2021,"3,200 - 4,750","3,820",6.00%,,,
NR Vandematram Cross Road,Apr-Jun 2021,"3,020 - 4,550","3,600",6.00%,,,
NR Vandematram Cross Road,Jan-Mar 2021,"2,850 - 4,350","3,400",6.00%,,,
NR Vandematram Cross Road,Oct-Dec 2020,"2,700 - 4,180","3,210",5.00%,,,
NR Vandematram Cross Road,Jul-Sep 2020,"2,560 - 4,020","3,060",5.00%,,,
NR Vandematram Cross Road,Apr-Jun 2020,"2,430 - 3,860","2,920",5.00%,,,
NR Vandematram Cross Road,Jan-Mar 2020,"2,310 - 3,720","2,790",5.00%,,,
NR Vandematram Cross Road,Oct-Dec 2019,"2,200 - 3,580","2,660",6.00%,,,
NR Vandematram Cross Road,Jul-Sep 2019,"2,000 - 3,300","2,500",6.00%,,,
NR Vandematram Cross Road,Apr-Jun 2019,"1,850 - 3,080","2,320",6.00%,,,
NR Vandematram Cross Road,Jan-Mar 2019,"1,750 - 2,900","2,190",6.00%,,,
NR Vandematram Cross Road,Oct-Dec 2018,"1,650 - 2,750","2,060",7.00%,,,
NR Vandematram Cross Road,Jul-Sep 2018,"1,500 - 2,550","1,920",7.00%,,,
NR Vandematram Cross Road,Apr-Jun 2018,"1,400 - 2,350","1,795",7.00%,,,
NR Vandematram Cross Road,Jan-Mar 2018,"1,300 - 2,150","1,675",7.00%,,,
NR Vandematram Cross Road,Oct-Dec 2017,"1,200 - 2,000","1,565",7.00%,,,
NR Vandematram Cross Road,Jul-Sep 2017,"1,050 - 1,850","1,455",7.00%,,,
NR Vandematram Cross Road,Apr-Jun 2017,"930 - 1,650","1,360",7.00%,,,
NR Vandematram Cross Road,Jan-Mar 2017,"800 - 1,500","1,270",7.00%,,,
NR Vandematram Cross Road,Oct-Dec 2016,"700 - 1,350","1,180",7.00%,,,
NR Vandematram Cross Road,Jul-Sep 2016,"600 - 1,200","1,100",7.00%,,,
NR Vandematram Cross Road,Apr-Jun 2016,"500 - 1,050","1,030",7.00%,,,
NR Vandematram Cross Road,Jan-Mar 2016,400 - 900,960,7.00%,,,
NR Vandematram Cross Road,Oct-Dec 2015,350 - 800,900,6.00%,,,
NR Vandematram Cross Road,Jul-Sep 2015,300 - 700,850,6.00%,,,
NR Vandematram Cross Road,Apr-Jun 2015,250 - 600,800,6.00%,,,
NR Vandematram Cross Road,Jan-Mar 2015,200 - 500,750,6.00%,,,
NR Vandematram Cross Road,Oct-Dec 2014,150 - 400,710,6.00%,,,
,,,,,,,
Nyay Marg,Oct-Dec 2024,"7,272 - 10,798","9,035",7%,,,
Nyay Marg,Jul-Sep 2024,"6,827 - 10,074","8,450",3.00%,,,
Nyay Marg,Apr-Jun 2024,"6,650 - 9,800","8,200",3.00%,,,
Nyay Marg,Jan-Mar 2024,"6,450 - 9,500","7,960",3.00%,,,
Nyay Marg,Oct-Dec 2023,"6,250 - 9,200","7,730",5.00%,,,
Nyay Marg,Jul-Sep 2023,"6,000 - 8,850","7,370",5.00%,,,
Nyay Marg,Apr-Jun 2023,"5,750 - 8,500","7,020",5.00%,,,
Nyay Marg,Jan-Mar 2023,"5,500 - 8,150","6,690",5.00%,,,
Nyay Marg,Oct-Dec 2022,"5,250 - 7,800","6,370",6.00%,,,
Nyay Marg,Jul-Sep 2022,"5,000 - 7,450","6,010",6.00%,,,
Nyay Marg,Apr-Jun 2022,"4,750 - 7,150","5,670",6.00%,,,
Nyay Marg,Jan-Mar 2022,"4,500 - 6,850","5,350",6.00%,,,
Nyay Marg,Oct-Dec 2021,"4,250 - 6,500","5,050",6.00%,,,
Nyay Marg,Jul-Sep 2021,"4,000 - 6,150","4,760",6.00%,,,
Nyay Marg,Apr-Jun 2021,"3,750 - 5,800","4,490",6.00%,,,
Nyay Marg,Jan-Mar 2021,"3,500 - 5,500","4,240",6.00%,,,
Nyay Marg,Oct-Dec 2020,"3,250 - 5,150","4,000",5.00%,,,
Nyay Marg,Jul-Sep 2020,"3,100 - 4,900","3,810",5.00%,,,
Nyay Marg,Apr-Jun 2020,"2,950 - 4,700","3,630",5.00%,,,
Nyay Marg,Jan-Mar 2020,"2,800 - 4,500","3,460",5.00%,,,
Nyay Marg,Oct-Dec 2019,"2,650 - 4,300","3,300",6.00%,,,
Nyay Marg,Jul-Sep 2019,"2,450 - 4,000","3,110",6.00%,,,
Nyay Marg,Apr-Jun 2019,"2,300 - 3,800","2,930",6.00%,,,
Nyay Marg,Jan-Mar 2019,"2,150 - 3,600","2,760",6.00%,,,
Nyay Marg,Oct-Dec 2018,"2,000 - 3,400","2,600",7.00%,,,
Nyay Marg,Jul-Sep 2018,"1,850 - 3,200","2,430",7.00%,,,
Nyay Marg,Apr-Jun 2018,"1,700 - 3,000","2,270",7.00%,,,
Nyay Marg,Jan-Mar 2018,"1,550 - 2,800","2,120",7.00%,,,
Nyay Marg,Oct-Dec 2017,"1,400 - 2,600","1,980",7.00%,,,
Nyay Marg,Jul-Sep 2017,"1,250 - 2,400","1,850",7.00%,,,
Nyay Marg,Apr-Jun 2017,"1,150 - 2,200","1,730",7.00%,,,
Nyay Marg,Jan-Mar 2017,"1,050 - 2,000","1,620",7.00%,,,
Nyay Marg,Oct-Dec 2016,"950 - 1,850","1,515",7.00%,,,
Nyay Marg,Jul-Sep 2016,"850 - 1,700","1,420",7.00%,,,
Nyay Marg,Apr-Jun 2016,"750 - 1,550","1,330",7.00%,,,
Nyay Marg,Jan-Mar 2016,"650 - 1,400","1,250",7.00%,,,
Nyay Marg,Oct-Dec 2015,"550 - 1,250","1,170",6.00%,,,
Nyay Marg,Jul-Sep 2015,"500 - 1,150","1,105",6.00%,,,
Nyay Marg,Apr-Jun 2015,"450 - 1,050","1,040",6.00%,,,
Nyay Marg,Jan-Mar 2015,400 - 950,980,6.00%,,,
Nyay Marg,Oct-Dec 2014,350 - 850,925,6.00%,,,
,,,,,,,
Prahlad Nagar,Oct-Dec 2024,"5,857-8,982","7,420",,,,
Prahlad Nagar,Jul-Sep 2024,"5,862-8,981","7,421",2%,,,
Prahlad Nagar,Apr-Jun 2024,"5,677-8,874","7,276",0.20%,,,
Prahlad Nagar,Jan-Mar 2024,"5,675-8,848","7,262",1%,,,
Prahlad Nagar,Oct-Dec 2023,"5,611-8,805","7,208",1%,,,
Prahlad Nagar,Jul-Sep 2023,"5,676-8,890","7,283",5%,,,
Prahlad Nagar,Apr-Jun 2023,"5,260-8,597","6,929",4%,,,
Prahlad Nagar,Jan-Mar 2023,"5,503-8,872","7,188",3%,,,
Prahlad Nagar,Oct-Dec 2022,"5,369-8,628","6,999",0.20%,,,
Prahlad Nagar,Jul-Sep 2022,"5,386-8,646","7,016",1%,,,
Prahlad Nagar,Apr-Jun 2022,"5,347-8,532","6,940",2%,,,
Prahlad Nagar,Jan-Mar 2022,"5,434-8,677","7,056",1%,,,
Prahlad Nagar,Oct-Dec 2021,"5,634-8,666","7,150",1%,,,
Prahlad Nagar,Jul-Sep 2021,"5,666-8,550","7,108",1%,,,
Prahlad Nagar,Apr-Jun 2021,"5,675-8,625","7,150",0.20%,,,
Prahlad Nagar,Jan-Mar 2021,"5,721-8,608","7,165",6%,,,
Prahlad Nagar,Oct-Dec 2020,"5,153-8,426","6,789",,,,
Prahlad Nagar,Jul-Sep 2020,"5,249-8,319","6,784",1%,,,
Prahlad Nagar,Apr-Jun 2020,"5,304-8,367","6,836",0.30%,,,
Prahlad Nagar,Jan-Mar 2020,"5,253-8,382","6,817",1%,,,
Prahlad Nagar,Oct-Dec 2019,"5,377-8,413","6,895",1%,,,
Prahlad Nagar,Jul-Sep 2019,"5,193-8,401","6,797",1%,,,
Prahlad Nagar,Apr-Jun 2019,"5,075-8,320","6,697",1%,,,
Prahlad Nagar,Jan-Mar 2019,"4,933-8,367","6,650",3%,,,
Prahlad Nagar,Oct-Dec 2018,"5,045-7,918","6,482",3%,,,
Prahlad Nagar,Jul-Sep 2018,"4,968-7,646","6,307",1%,,,
Prahlad Nagar,Apr-Jun 2018,"5,022-7,513","6,268",3%,,,
Prahlad Nagar,Jan-Mar 2018,"4,920-7,252","6,086",1%,,,
Prahlad Nagar,Oct-Dec 2017,"4,932-7,082","6,007",1%,,,
Prahlad Nagar,Jul-Sep 2017,"4,911-7,201","6,056",2%,,,
Prahlad Nagar,Apr-Jun 2017,"4,860-7,051","5,956",0.10%,,,
Prahlad Nagar,Jan-Mar 2017,"4,837-7,061","5,949",1%,,,
Prahlad Nagar,Oct-Dec 2016,"4,771-6,971","5,871",1%,,,
Prahlad Nagar,Jul-Sep 2016,"4,699-6,953","5,826",0.20%,,,
Prahlad Nagar,Apr-Jun 2016,"4,731-6,942","5,836",1%,,,
Prahlad Nagar,Jan-Mar 2016,"4,769-6,967","5,868",0.20%,,,
Prahlad Nagar,Oct-Dec 2015,"4,754-6,959","5,856",2%,,,
Prahlad Nagar,Jul-Sep 2015,"4,842-7,068","5,955",1%,,,
Prahlad Nagar,Apr-Jun 2015,"4,926-7,156","6,041",1%,,,
Prahlad Nagar,Jan-Mar 2015,"5,068-7,184","6,126",1%,,,
Prahlad Nagar,Oct-Dec 2014,"4,966-7,162","6,064",5%,,,
,,,,,,,
Prernatirth Derasar Road,Oct-Dec 2024,"5,867 - 8,899","7,383",0.91%,,,
Prernatirth Derasar Road,Jul-Sep 2024,"5,912 - 8,918","7,415",2%,,,
Prernatirth Derasar Road,Apr-Jun 2024,"5,751 - 8,858","7,304",0.30%,,,
Prernatirth Derasar Road,Jan-Mar 2024,"5,722 - 8,841","7,282",1%,,,
Prernatirth Derasar Road,Oct-Dec 2023,"5,532 - 8,829","7,180",1.87%,,,
Prernatirth Derasar Road,Jul-Sep 2023,"5,421 - 8,700","7,061",1.63%,,,
Prernatirth Derasar Road,Apr-Jun 2023,"5,350 - 8,610","6,948",1.92%,,,
Prernatirth Derasar Road,Jan-Mar 2023,"5,230 - 8,512","6,816",2.15%,,,
Prernatirth Derasar Road,Oct-Dec 2022,"5,102 - 8,425","6,674",1.78%,,,
Prernatirth Derasar Road,Jul-Sep 2022,"5,012 - 8,328","6,557",2.03%,,,
Prernatirth Derasar Road,Apr-Jun 2022,"4,920 - 8,231","6,425",1.69%,,,
Prernatirth Derasar Road,Jan-Mar 2022,"4,810 - 8,130","6,318",2.32%,,,
Prernatirth Derasar Road,Oct-Dec 2021,"4,690 - 7,989","6,179",1.85%,,,
Prernatirth Derasar Road,Jul-Sep 2021,"4,562 - 7,850","6,065",2.01%,,,
Prernatirth Derasar Road,Apr-Jun 2021,"4,450 - 7,729","5,944",1.76%,,,
Prernatirth Derasar Road,Jan-Mar 2021,"4,312 - 7,598","5,825",2.12%,,,
Prernatirth Derasar Road,Oct-Dec 2020,"4,210 - 7,455","5,678",1.93%,,,
Prernatirth Derasar Road,Jul-Sep 2020,"4,085 - 7,312","5,564",2.28%,,,
Prernatirth Derasar Road,Apr-Jun 2020,"3,980 - 7,190","5,435",1.89%,,,
Prernatirth Derasar Road,Jan-Mar 2020,"3,862 - 7,045","5,334",2.45%,,,
Prernatirth Derasar Road,Oct-Dec 2019,"3,725 - 6,890","5,207",2.08%,,,
Prernatirth Derasar Road,Jul-Sep 2019,"3,612 - 6,750","5,105",2.21%,,,
Prernatirth Derasar Road,Apr-Jun 2019,"3,512 - 6,600","4,994",1.97%,,,
Prernatirth Derasar Road,Jan-Mar 2019,"3,400 - 6,450","4,890",2.38%,,,
Prernatirth Derasar Road,Oct-Dec 2018,"3,250 - 6,200","4,725",2.04%,,,
Prernatirth Derasar Road,Jul-Sep 2018,"3,150 - 6,010","4,580",2.56%,,,
Prernatirth Derasar Road,Apr-Jun 2018,"3,060 - 5,890","4,475",1.84%,,,
Prernatirth Derasar Road,Jan-Mar 2018,"2,980 - 5,750","4,365",2.63%,,,
Prernatirth Derasar Road,Oct-Dec 2017,"2,850 - 5,610","4,250",2.12%,,,
Prernatirth Derasar Road,Jul-Sep 2017,"2,720 - 5,450","4,085",2.35%,,,
Prernatirth Derasar Road,Apr-Jun 2017,"2,620 - 5,300","3,990",1.98%,,,
Prernatirth Derasar Road,Jan-Mar 2017,"2,500 - 5,150","3,825",2.47%,,,
Prernatirth Derasar Road,Oct-Dec 2016,"2,410 - 5,000","3,705",2.11%,,,
Prernatirth Derasar Road,Jul-Sep 2016,"2,300 - 4,850","3,575",2.42%,,,
Prernatirth Derasar Road,Apr-Jun 2016,"2,200 - 4,700","3,450",2.18%,,,
Prernatirth Derasar Road,Jan-Mar 2016,"2,080 - 4,550","3,315",2.60%,,,
Prernatirth Derasar Road,Oct-Dec 2015,"1,950 - 4,300","3,125",2.08%,,,
Prernatirth Derasar Road,Jul-Sep 2015,"1,850 - 4,100","2,975",2.55%,,,
Prernatirth Derasar Road,Apr-Jun 2015,"1,750 - 3,950","2,850",2.15%,,,
Prernatirth Derasar Road,Jan-Mar 2015,"1,600 - 3,800","2,700",2.70%,,,
Prernatirth Derasar Road,Oct-Dec 2014,"1,500 - 3,600","2,550",-,,,
,,,,,,,
Rajpath Rangoli Road,Oct-Dec 2024,"7,288 - 10,193","8,741",0.40%,,,
Rajpath Rangoli Road,Jul-Sep 2024,"7,190 - 10,227","8,709",2%,,,
Rajpath Rangoli Road,Apr-Jun 2024,"6,950 - 10,085","8,518",4%,,,
Rajpath Rangoli Road,Jan-Mar 2024,"6,789 - 9,653","8,221",1%,,,
Rajpath Rangoli Road,Oct-Dec 2023,"6,673 - 9,686","8,179",1.89%,,,
Rajpath Rangoli Road,Jul-Sep 2023,"6,540 - 9,520","8,027",1.95%,,,
Rajpath Rangoli Road,Apr-Jun 2023,"6,400 - 9,350","7,872",2.13%,,,
Rajpath Rangoli Road,Jan-Mar 2023,"6,260 - 9,180","7,710",2.42%,,,
Rajpath Rangoli Road,Oct-Dec 2022,"6,110 - 9,010","7,530",2.29%,,,
Rajpath Rangoli Road,Jul-Sep 2022,"5,970 - 8,845","7,363",2.46%,,,
Rajpath Rangoli Road,Apr-Jun 2022,"5,830 - 8,670","7,188",2.10%,,,
Rajpath Rangoli Road,Jan-Mar 2022,"5,690 - 8,500","7,045",2.54%,,,
Rajpath Rangoli Road,Oct-Dec 2021,"5,550 - 8,310","6,875",2.37%,,,
Rajpath Rangoli Road,Jul-Sep 2021,"5,420 - 8,150","6,720",2.58%,,,
Rajpath Rangoli Road,Apr-Jun 2021,"5,290 - 7,970","6,550",2.15%,,,
Rajpath Rangoli Road,Jan-Mar 2021,"5,160 - 7,800","6,415",2.70%,,,
Rajpath Rangoli Road,Oct-Dec 2020,"5,020 - 7,620","6,245",2.42%,,,
Rajpath Rangoli Road,Jul-Sep 2020,"4,890 - 7,460","6,100",2.65%,,,
Rajpath Rangoli Road,Apr-Jun 2020,"4,760 - 7,280","5,940",2.30%,,,
Rajpath Rangoli Road,Jan-Mar 2020,"4,630 - 7,100","5,810",2.71%,,,
Rajpath Rangoli Road,Oct-Dec 2019,"4,490 - 6,900","5,655",2.48%,,,
Rajpath Rangoli Road,Jul-Sep 2019,"4,350 - 6,720","5,520",2.63%,,,
Rajpath Rangoli Road,Apr-Jun 2019,"4,230 - 6,540","5,380",2.19%,,,
Rajpath Rangoli Road,Jan-Mar 2019,"4,100 - 6,360","5,265",2.72%,,,
Rajpath Rangoli Road,Oct-Dec 2018,"3,950 - 6,180","5,125",2.35%,,,
Rajpath Rangoli Road,Jul-Sep 2018,"3,820 - 5,990","4,990",2.80%,,,
Rajpath Rangoli Road,Apr-Jun 2018,"3,700 - 5,820","4,860",2.21%,,,
Rajpath Rangoli Road,Jan-Mar 2018,"3,560 - 5,650","4,755",2.89%,,,
Rajpath Rangoli Road,Oct-Dec 2017,"3,420 - 5,460","4,620",2.50%,,,
Rajpath Rangoli Road,Jul-Sep 2017,"3,290 - 5,280","4,510",2.76%,,,
Rajpath Rangoli Road,Apr-Jun 2017,"3,160 - 5,100","4,390",2.32%,,,
Rajpath Rangoli Road,Jan-Mar 2017,"3,020 - 4,920","4,290",2.94%,,,
Rajpath Rangoli Road,Oct-Dec 2016,"2,890 - 4,730","4,170",2.54%,,,
Rajpath Rangoli Road,Jul-Sep 2016,"2,760 - 4,550","4,065",2.79%,,,
Rajpath Rangoli Road,Apr-Jun 2016,"2,630 - 4,370","3,955",2.38%,,,
Rajpath Rangoli Road,Jan-Mar 2016,"2,500 - 4,200","3,865",2.91%,,,
Rajpath Rangoli Road,Oct-Dec 2015,"2,360 - 4,000","3,755",2.50%,,,
Rajpath Rangoli Road,Jul-Sep 2015,"2,230 - 3,820","3,660",2.85%,,,
Rajpath Rangoli Road,Apr-Jun 2015,"2,100 - 3,650","3,560",2.40%,,,
Rajpath Rangoli Road,Jan-Mar 2015,"1,980 - 3,470","3,475",2.99%,,,
Rajpath Rangoli Road,Oct-Dec 2014,"1,850 - 3,280","3,370",-,,,
,,,,,,,
Sanand Sarkhej Road,Oct-Dec 2024,"5,700 - 8,495","7,098",-0.03%,,,
Sanand Sarkhej Road,Jul-Sep 2024,"5,497 - 8,703","7,100",3%,,,
Sanand Sarkhej Road,Apr-Jun 2024,"5,253 - 8,560","6,906",4.24%,,,
Sanand Sarkhej Road,Jan-Mar 2024,"5,000 - 8,250","6,625",2.50%,,,
Sanand Sarkhej Road,Oct-Dec 2023,"5,145 - 7,782","6,464",0.20%,,,
Sanand Sarkhej Road,Jul-Sep 2023,"5,066 - 7,841","6,454",-1.35%,,,
Sanand Sarkhej Road,Apr-Jun 2023,"4,980 - 7,780","6,542",3.69%,,,
Sanand Sarkhej Road,Jan-Mar 2023,"4,878 - 7,740","6,309",4%,,,
Sanand Sarkhej Road,Oct-Dec 2022,"4,652 - 7,508","6,080",2%,,,
Sanand Sarkhej Road,Jul-Sep 2022,"4,670 - 7,200","5,935",6%,,,
Sanand Sarkhej Road,Apr-Jun 2022,"4,426 - 6,791","5,608",-2%,,,
Sanand Sarkhej Road,Jan-Mar 2022,"4,424 - 7,017","5,720",7%,,,
Sanand Sarkhej Road,Oct-Dec 2021,"4,358 - 6,358","5,358",-3%,,,
Sanand Sarkhej Road,Jul-Sep 2021,"4,484 - 6,737","5,611",4.72%,,,
Sanand Sarkhej Road,Apr-Jun 2021,"4,429 - 6,784","5,606",0%,,,
Sanand Sarkhej Road,Jan-Mar 2021,"4,392 - 6,965","5,679",8%,,,
Sanand Sarkhej Road,Oct-Dec 2020,"4,203 - 6,351","5,277",-4.01%,,,
Sanand Sarkhej Road,Jul-Sep 2020,"4,100 - 6,200","5,150",-2.41%,,,
Sanand Sarkhej Road,Apr-Jun 2020,"3,980 - 6,030","5,005",-2.82%,,,
Sanand Sarkhej Road,Jan-Mar 2020,"3,860 - 5,850","4,855",-3.00%,,,
Sanand Sarkhej Road,Oct-Dec 2019,"3,750 - 5,700","4,725",1.02%,,,
Sanand Sarkhej Road,Jul-Sep 2019,"3,630 - 5,550","4,590",2.00%,,,
Sanand Sarkhej Road,Apr-Jun 2019,"3,510 - 5,400","4,455",2.94%,,,
Sanand Sarkhej Road,Jan-Mar 2019,"3,380 - 5,230","4,305",2.22%,,,
Sanand Sarkhej Road,Oct-Dec 2018,"3,270 - 5,090","4,180",2.94%,,,
Sanand Sarkhej Road,Jul-Sep 2018,"3,160 - 4,950","4,055",3.03%,,,
Sanand Sarkhej Road,Apr-Jun 2018,"3,050 - 4,800","3,925",3.21%,,,
Sanand Sarkhej Road,Jan-Mar 2018,"2,940 - 4,650","3,795",3.31%,,,
Sanand Sarkhej Road,Oct-Dec 2017,"2,840 - 4,520","3,680",2.80%,,,
Sanand Sarkhej Road,Jul-Sep 2017,"2,750 - 4,400","3,575",3.30%,,,
Sanand Sarkhej Road,Apr-Jun 2017,"2,640 - 4,260","3,450",3.62%,,,
Sanand Sarkhej Road,Jan-Mar 2017,"2,540 - 4,140","3,340",3.14%,,,
Sanand Sarkhej Road,Oct-Dec 2016,"2,450 - 4,020","3,235",3.12%,,,
Sanand Sarkhej Road,Jul-Sep 2016,"2,360 - 3,900","3,130",3.21%,,,
Sanand Sarkhej Road,Apr-Jun 2016,"2,280 - 3,790","3,035",3.04%,,,
Sanand Sarkhej Road,Jan-Mar 2016,"2,200 - 3,670","2,935",3.29%,,,
Sanand Sarkhej Road,Oct-Dec 2015,"2,120 - 3,560","2,840",3.24%,,,
Sanand Sarkhej Road,Jul-Sep 2015,"2,040 - 3,450","2,745",3.35%,,,
Sanand Sarkhej Road,Apr-Jun 2015,"1,950 - 3,320","2,635",4.01%,,,
Sanand Sarkhej Road,Jan-Mar 2015,"1,860 - 3,200","2,530",3.98%,,,
Sanand Sarkhej Road,Oct-Dec 2014,"1,770 - 3,080","2,425",4.15%,,,
,,,,,,,
Sardar Patel Ring Road,Oct-Dec 2024,"5,988 - 9,023","7,505",1%,,,
Sardar Patel Ring Road,Jul-Sep 2024,"5,906 - 9,025","7,465",0.07%,,,
Sardar Patel Ring Road,Apr-Jun 2024,"5,815 - 9,105","7,460",2%,,,
Sardar Patel Ring Road,Jan-Mar 2024,"5,710 - 8,988","7,349",1%,,,
Sardar Patel Ring Road,Oct-Dec 2023,"5,638 - 8,961","7,299",3%,,,
Sardar Patel Ring Road,Jul-Sep 2023,"5,538 - 8,702","7,120",7%,,,
Sardar Patel Ring Road,Apr-Jun 2023,"5,161 - 8,102","6,631",32%,,,
Sardar Patel Ring Road,Jan-Mar 2023,"4,414 - 5,662","5,038",1%,,,
Sardar Patel Ring Road,Oct-Dec 2022,"4,323 - 5,640","4,981",0.20%,,,
Sardar Patel Ring Road,Jul-Sep 2022,"4,276 - 5,669","4,973",0.50%,,,
Sardar Patel Ring Road,Apr-Jun 2022,"4,272 - 5,627","4,950",3%,,,
Sardar Patel Ring Road,Jan-Mar 2022,"4,373 - 5,876","5,124",5.00%,,,
Sardar Patel Ring Road,Oct-Dec 2021,"4,163 - 5,550","4,855",9.08%,,,
Sardar Patel Ring Road,Jul-Sep 2021,"3,850 - 5,052","4,451",3%,,,
Sardar Patel Ring Road,Apr-Jun 2021,"3,974 - 5,225","4,600",3%,,,
Sardar Patel Ring Road,Jan-Mar 2021,"4,144 - 5,303","4,724",5.35%,,,
Sardar Patel Ring Road,Oct-Dec 2020,"3,840 - 4,950","4,483",3.60%,,,
Sardar Patel Ring Road,Jul-Sep 2020,"3,750 - 4,800","4,330",2.97%,,,
Sardar Patel Ring Road,Apr-Jun 2020,"3,620 - 4,650","4,135",2.86%,,,
Sardar Patel Ring Road,Jan-Mar 2020,"3,500 - 4,500","4,000",3.23%,,,
Sardar Patel Ring Road,Oct-Dec 2019,"3,380 - 4,400","3,875",2.93%,,,
Sardar Patel Ring Road,Jul-Sep 2019,"3,280 - 4,250","3,770",2.86%,,,
Sardar Patel Ring Road,Apr-Jun 2019,"3,170 - 4,100","3,635",2.98%,,,
Sardar Patel Ring Road,Jan-Mar 2019,"3,060 - 3,950","3,530",2.77%,,,
Sardar Patel Ring Road,Oct-Dec 2018,"2,950 - 3,800","3,435",2.85%,,,
Sardar Patel Ring Road,Jul-Sep 2018,"2,850 - 3,650","3,325",2.94%,,,
Sardar Patel Ring Road,Apr-Jun 2018,"2,750 - 3,500","3,225",3.03%,,,
Sardar Patel Ring Road,Jan-Mar 2018,"2,650 - 3,350","3,100",3.33%,,,
Sardar Patel Ring Road,Oct-Dec 2017,"2,550 - 3,230","3,000",3.09%,,,
Sardar Patel Ring Road,Jul-Sep 2017,"2,450 - 3,100","2,910",3.19%,,,
Sardar Patel Ring Road,Apr-Jun 2017,"2,360 - 2,970","2,825",3.29%,,,
Sardar Patel Ring Road,Jan-Mar 2017,"2,270 - 2,850","2,735",3.40%,,,
Sardar Patel Ring Road,Oct-Dec 2016,"2,180 - 2,740","2,645",3.33%,,,
Sardar Patel Ring Road,Jul-Sep 2016,"2,100 - 2,650","2,560",3.24%,,,
Sardar Patel Ring Road,Apr-Jun 2016,"2,020 - 2,560","2,480",3.09%,,,
Sardar Patel Ring Road,Jan-Mar 2016,"1,950 - 2,480","2,405",3.44%,,,
Sardar Patel Ring Road,Oct-Dec 2015,"1,870 - 2,390","2,325",3.56%,,,
Sardar Patel Ring Road,Jul-Sep 2015,"1,800 - 2,300","2,220",3.74%,,,
Sardar Patel Ring Road,Apr-Jun 2015,"1,720 - 2,200","2,140",4.14%,,,
Sardar Patel Ring Road,Jan-Mar 2015,"1,650 - 2,120","2,055",3.79%,,,
Sardar Patel Ring Road,Oct-Dec 2014,"1,580 - 2,040","1,980",4.21%,,,
,,,,,,,
Sarkhej Gandhinagar Highway,Oct-Dec 2024,"6,016 - 9,041","7,529",1%,,,
Sarkhej Gandhinagar Highway,Jul-Sep 2024,"5,950 - 9,009","7,479",1%,,,
Sarkhej Gandhinagar Highway,Apr-Jun 2024,"5,836 - 9,012","7,424",0.20%,,,
Sarkhej Gandhinagar Highway,Jan-Mar 2024,"5,813 - 9,005","7,409",0.20%,,,
Sarkhej Gandhinagar Highway,Oct-Dec 2023,"5,723 - 9,064","7,393",1%,,,
Sarkhej Gandhinagar Highway,Jul-Sep 2023,"5,732 - 8,961","7,346",5%,,,
Sarkhej Gandhinagar Highway,Apr-Jun 2023,"5,454 - 8,474","6,964",3%,,,
Sarkhej Gandhinagar Highway,Jan-Mar 2023,"5,320 - 8,250","6,785",2%,,,
Sarkhej Gandhinagar Highway,Oct-Dec 2022,"5,180 - 8,020","6,600",4%,,,
Sarkhej Gandhinagar Highway,Jul-Sep 2022,"4,980 - 7,750","6,365",3%,,,
Sarkhej Gandhinagar Highway,Apr-Jun 2022,"4,820 - 7,540","6,180",3%,,,
Sarkhej Gandhinagar Highway,Jan-Mar 2022,"4,680 - 7,250","5,965",4%,,,
Sarkhej Gandhinagar Highway,Oct-Dec 2021,"4,500 - 7,000","5,750",5%,,,
Sarkhej Gandhinagar Highway,Jul-Sep 2021,"4,320 - 6,720","5,520",4%,,,
Sarkhej Gandhinagar Highway,Apr-Jun 2021,"4,150 - 6,500","5,325",3%,,,
Sarkhej Gandhinagar Highway,Jan-Mar 2021,"4,020 - 6,300","5,160",3%,,,
Sarkhej Gandhinagar Highway,Oct-Dec 2020,"3,900 - 6,120","5,010",2%,,,
Sarkhej Gandhinagar Highway,Jul-Sep 2020,"3,800 - 5,980","4,890",2%,,,
Sarkhej Gandhinagar Highway,Apr-Jun 2020,"3,720 - 5,850","4,785",1%,,,
Sarkhej Gandhinagar Highway,Jan-Mar 2020,"3,680 - 5,770","4,725",2%,,,
Sarkhej Gandhinagar Highway,Oct-Dec 2019,"3,600 - 5,660","4,630",2%,,,
Sarkhej Gandhinagar Highway,Jul-Sep 2019,"3,520 - 5,550","4,535",2%,,,
Sarkhej Gandhinagar Highway,Apr-Jun 2019,"3,450 - 5,450","4,450",3%,,,
Sarkhej Gandhinagar Highway,Jan-Mar 2019,"3,350 - 5,300","4,325",3%,,,
Sarkhej Gandhinagar Highway,Oct-Dec 2018,"3,200 - 5,100","4,150",4%,,,
Sarkhej Gandhinagar Highway,Jul-Sep 2018,"3,100 - 4,950","4,025",3%,,,
Sarkhej Gandhinagar Highway,Apr-Jun 2018,"3,000 - 4,800","3,900",3%,,,
Sarkhej Gandhinagar Highway,Jan-Mar 2018,"2,900 - 4,650","3,775",3%,,,
Sarkhej Gandhinagar Highway,Oct-Dec 2017,"2,800 - 4,500","3,650",4%,,,
Sarkhej Gandhinagar Highway,Jul-Sep 2017,"2,700 - 4,350","3,525",3%,,,
Sarkhej Gandhinagar Highway,Apr-Jun 2017,"2,600 - 4,200","3,400",3%,,,
Sarkhej Gandhinagar Highway,Jan-Mar 2017,"2,500 - 4,050","3,275",3%,,,
Sarkhej Gandhinagar Highway,Oct-Dec 2016,"2,420 - 3,920","3,170",3%,,,
Sarkhej Gandhinagar Highway,Jul-Sep 2016,"2,350 - 3,800","3,075",3%,,,
Sarkhej Gandhinagar Highway,Apr-Jun 2016,"2,280 - 3,680","2,980",3%,,,
Sarkhej Gandhinagar Highway,Jan-Mar 2016,"2,210 - 3,560","2,885",3%,,,
Sarkhej Gandhinagar Highway,Oct-Dec 2015,"2,150 - 3,450","2,800",3%,,,
Sarkhej Gandhinagar Highway,Jul-Sep 2015,"2,090 - 3,350","2,720",3%,,,
Sarkhej Gandhinagar Highway,Apr-Jun 2015,"2,030 - 3,250","2,640",3%,,,
Sarkhej Gandhinagar Highway,Jan-Mar 2015,"1,970 - 3,150","2,560",3%,,,
Sarkhej Gandhinagar Highway,Oct-Dec 2014,"1,900 - 3,000","2,450",-,,,
,,,,,,,
Satellite,Oct-Dec 2024,"6,372-8,623","7,498",0.40%,,,
Satellite,Jul-Sep 2024,"6,327-8,727","7,527",1%,,,
Satellite,Apr-Jun 2024,"6,266-8,575","7,420",4%,,,
Satellite,Jan-Mar 2024,"6,393-9,113","7,753",1%,,,
Satellite,Oct-Dec 2023,"6,234-9,098","7,666",2%,,,
Satellite,Jul-Sep 2023,"6,109-8,893","7,501",2%,,,
Satellite,Apr-Jun 2023,"6,180-9,077","7,628",2%,,,
Satellite,Jan-Mar 2023,"6,028-8,929","7,478",2%,,,
Satellite,Oct-Dec 2022,"6,056-8,659","7,357",1%,,,
Satellite,Jul-Sep 2022,"5,953-8,570","7,262",1%,,,
Satellite,Apr-Jun 2022,"5,729-8,589","7,159",1%,,,
Satellite,Jan-Mar 2022,"5,574-8,552","7,063",2%,,,
Satellite,Oct-Dec 2021,"5,342-8,504","6,923",2%,,,
Satellite,Jul-Sep 2021,"5,574-8,521","7,047",2%,,,
Satellite,Apr-Jun 2021,"5,464-8,371","6,918",2%,,,
Satellite,Jan-Mar 2021,"5,430-8,113","6,772",1%,,,
Satellite,Oct-Dec 2020,"5,395-8,345","6,870",3%,,,
Satellite,Jul-Sep 2020,"5,435-8,694","7,065",7%,,,
Satellite,Apr-Jun 2020,"5,785-9,393","7,589",7%,,,
Satellite,Jan-Mar 2020,"5,539-8,601","7,070",,,,
Satellite,Oct-Dec 2019,"5,472-8,655","7,064",3%,,,
Satellite,Jul-Sep 2019,"5,725-8,789","7,257",1%,,,
Satellite,Apr-Jun 2019,"5,623-9,011","7,317",2%,,,
Satellite,Jan-Mar 2019,"5,460-8,950","7,205",0.20%,,,
Satellite,Oct-Dec 2018,"5,464-8,921","7,192",1%,,,
Satellite,Jul-Sep 2018,"5,444-8,808","7,126",4%,,,
Satellite,Apr-Jun 2018,"5,301-8,396","6,848",1%,,,
Satellite,Jan-Mar 2018,"5,215-8,409","6,812",4%,,,
Satellite,Oct-Dec 2017,"5,520-8,698","7,109",3%,,,
Satellite,Jul-Sep 2017,"5,424-8,417","6,920",3%,,,
Satellite,Apr-Jun 2017,"5,796-8,459","7,127",1%,,,
Satellite,Jan-Mar 2017,"5,945-8,477","7,211",2%,,,
Satellite,Oct-Dec 2016,"5,745-8,339","7,042",2%,,,
Satellite,Jul-Sep 2016,"5,445-8,316","6,881",5%,,,
Satellite,Apr-Jun 2016,"5,267-7,880","6,573",2%,,,
Satellite,Jan-Mar 2016,"5,445-7,957","6,701",2%,,,
Satellite,Oct-Dec 2015,"5,441-7,651","6,546",2%,,,
Satellite,Jul-Sep 2015,"5,328-7,554","6,441",5%,,,
Satellite,Apr-Jun 2015,"5,018-7,234","6,126",1%,,,
Satellite,Jan-Mar 2015,"5,057-7,077","6,067",2%,,,
Satellite,Oct-Dec 2014,"4,938-6,921","5,930",16%,,,
,,,,,,,
Satellite Road,Oct-Dec 2024,"6,391 - 8,617","7,504",1%,,,
Satellite Road,Jul-Sep 2024,"6,373 - 8,780","7,577",2%,,,
Satellite Road,Apr-Jun 2024,"6,272 - 8,648","7,460",2%,,,
Satellite Road,Jan-Mar 2024,"6,285 - 8,990","7,638",2%,,,
Satellite Road,Oct-Dec 2023,"6,116 - 8,865","7,490",1%,,,
Satellite Road,Jul-Sep 2023,"6,046 - 8,831","7,439",3%,,,
Satellite Road,Apr-Jun 2023,"6,236 - 9,073","7,654",2%,,,
Satellite Road,Jan-Mar 2023,"6,110 - 8,900","7,505",1%,,,
Satellite Road,Oct-Dec 2022,"6,050 - 8,780","7,415",2%,,,
Satellite Road,Jul-Sep 2022,"5,980 - 8,690","7,335",3%,,,
Satellite Road,Apr-Jun 2022,"5,800 - 8,450","7,125",3%,,,
Satellite Road,Jan-Mar 2022,"5,700 - 8,200","6,950",4%,,,
Satellite Road,Oct-Dec 2021,"5,500 - 7,900","6,700",5%,,,
Satellite Road,Jul-Sep 2021,"5,320 - 7,650","6,485",3%,,,
Satellite Road,Apr-Jun 2021,"5,150 - 7,400","6,275",3%,,,
Satellite Road,Jan-Mar 2021,"5,000 - 7,200","6,100",3%,,,
Satellite Road,Oct-Dec 2020,"4,870 - 7,000","5,935",3%,,,
Satellite Road,Jul-Sep 2020,"4,750 - 6,850","5,800",3%,,,
Satellite Road,Apr-Jun 2020,"4,630 - 6,700","5,665",2%,,,
Satellite Road,Jan-Mar 2020,"4,550 - 6,550","5,550",3%,,,
Satellite Road,Oct-Dec 2019,"4,400 - 6,350","5,375",3%,,,
Satellite Road,Jul-Sep 2019,"4,250 - 6,150","5,200",3%,,,
Satellite Road,Apr-Jun 2019,"4,100 - 5,950","5,025",3%,,,
Satellite Road,Jan-Mar 2019,"4,000 - 5,800","4,900",3%,,,
Satellite Road,Oct-Dec 2018,"3,850 - 5,600","4,725",4%,,,
Satellite Road,Jul-Sep 2018,"3,700 - 5,400","4,550",3%,,,
Satellite Road,Apr-Jun 2018,"3,600 - 5,250","4,425",3%,,,
Satellite Road,Jan-Mar 2018,"3,500 - 5,100","4,300",3%,,,
Satellite Road,Oct-Dec 2017,"3,350 - 4,900","4,125",4%,,,
Satellite Road,Jul-Sep 2017,"3,200 - 4,700","3,950",3%,,,
Satellite Road,Apr-Jun 2017,"3,100 - 4,550","3,825",3%,,,
Satellite Road,Jan-Mar 2017,"3,000 - 4,400","3,700",3%,,,
Satellite Road,Oct-Dec 2016,"2,900 - 4,250","3,575",3%,,,
Satellite Road,Jul-Sep 2016,"2,800 - 4,100","3,450",3%,,,
Satellite Road,Apr-Jun 2016,"2,700 - 3,950","3,325",3%,,,
Satellite Road,Jan-Mar 2016,"2,600 - 3,800","3,200",3%,,,
Satellite Road,Oct-Dec 2015,"2,500 - 3,650","3,075",3%,,,
Satellite Road,Jul-Sep 2015,"2,400 - 3,500","2,950",3%,,,
Satellite Road,Apr-Jun 2015,"2,300 - 3,350","2,825",3%,,,
Satellite Road,Jan-Mar 2015,"2,200 - 3,200","2,700",3%,,,
Satellite Road,Oct-Dec 2014,"2,100 - 3,000","2,550",-,,,
,,,,,,,
Science City,Oct-Dec 2024,"6,740 - 8,921","7,830",2%,,,
Science City,Jul-Sep 2024,"6,593 - 8,735","7,664",0.20%,,,
Science City,Apr-Jun 2024,"6,586 - 8,774","7,680",0.20%,,,
Science City,Jan-Mar 2024,"6,639 - 8,750","7,695",1%,,,
Science City,Oct-Dec 2023,"6,457 - 8,815","7,636",3%,,,
Science City,Jul-Sep 2023,"6,229 - 8,636","7,433",5%,,,
Science City,Apr-Jun 2023,"6,072 - 8,112","7,092",1%,,,
Science City,Jan-Mar 2023,"6,005 - 7,985","6,995",1%,,,
Science City,Oct-Dec 2022,"6,019 - 8,151","7,085",0.30%,,,
Science City,Jul-Sep 2022,"6,065 - 8,143","7,104",1%,,,
Science City,Apr-Jun 2022,"6,025 - 8,108","7,066",1%,,,
Science City,Jan-Mar 2022,"6,018 - 8,213","7,116",5%,,,
Science City,Oct-Dec 2021,"5,820 - 7,774","6,797",3%,,,
Science City,Jul-Sep 2021,"5,629 - 7,612","6,621",6%,,,
Science City,Apr-Jun 2021,"5,363 - 7,167","6,265",4%,,,
Science City,Jan-Mar 2021,"5,138 - 6,938","6,038",2%,,,
Science City,Oct-Dec 2020,"4,887 - 6,993","5,940",2%,,,
Science City,Jul-Sep 2020,"4,920 - 7,151","6,036",2%,,,
Science City,Apr-Jun 2020,"5,122 - 7,256","6,189",1%,,,
Science City,Jan-Mar 2020,"5,227 - 7,001","6,114",0.20%,,,
Science City,Oct-Dec 2019,"5,290 - 6,909","6,099",1%,,,
Science City,Jul-Sep 2019,"5,213 - 6,826","6,020",1%,,,
Science City,Apr-Jun 2019,"5,049 - 7,107","6,078",2%,,,
Science City,Jan-Mar 2019,"4,920 - 7,048","5,984",4%,,,
Science City,Oct-Dec 2018,"4,901 - 6,609","5,755",3%,,,
Science City,Jul-Sep 2018,"4,750 - 6,386","5,568",4%,,,
Science City,Apr-Jun 2018,"4,628 - 6,053","5,340",2%,,,
Science City,Jan-Mar 2018,"4,472 - 6,013","5,242",4%,,,
Science City,Oct-Dec 2017,"4,355 - 5,694","5,024",3%,,,
Science City,Jul-Sep 2017,"4,324 - 6,086","5,205",6%,,,
Science City,Apr-Jun 2017,"4,261 - 5,585","4,923",2%,,,
Science City,Jan-Mar 2017,"4,383 - 5,289","4,836",3%,,,
Science City,Oct-Dec 2016,"4,250 - 5,150","4,700",3%,,,
Science City,Jul-Sep 2016,"4,150 - 5,000","4,575",3%,,,
Science City,Apr-Jun 2016,"4,050 - 4,850","4,450",3%,,,
Science City,Jan-Mar 2016,"3,950 - 4,700","4,325",3%,,,
Science City,Oct-Dec 2015,"3,850 - 4,550","4,200",3%,,,
Science City,Jul-Sep 2015,"3,750 - 4,400","4,075",3%,,,
Science City,Apr-Jun 2015,"3,650 - 4,250","3,950",3%,,,
Science City,Jan-Mar 2015,"3,550 - 4,100","3,825",3%,,,
Science City,Oct-Dec 2014,"3,450 - 3,950","3,700",-,,,
,,,,,,,
Science City Road,Oct-Dec 2024,"6,517 - 8,997","7,757",1%,,,
Science City Road,Jul-Sep 2024,"6,472 - 8,832","7,652",0.40%,,,
Science City Road,Apr-Jun 2024,"6,509 - 8,864","7,686",2%,,,
Science City Road,Jan-Mar 2024,"6,542 - 9,153","7,847",1%,,,
Science City Road,Oct-Dec 2023,"6,399 - 9,104","7,751",2%,,,
Science City Road,Jul-Sep 2023,"6,256 - 8,967","7,611",6%,,,
Science City Road,Apr-Jun 2023,"5,982 - 8,329","7,156",2%,,,
Science City Road,Jan-Mar 2023,"6,004 - 8,050","7,027",1%,,,
Science City Road,Oct-Dec 2022,"6,033 - 8,158","7,095",1%,,,
Science City Road,Jul-Sep 2022,"6,059 - 8,249","7,154",1%,,,
Science City Road,Apr-Jun 2022,"6,086 - 8,122","7,104",1%,,,
Science City Road,Jan-Mar 2022,"6,067 - 8,350","7,209",6%,,,
Science City Road,Oct-Dec 2021,"5,790 - 7,846","6,818",3%,,,
Science City Road,Jul-Sep 2021,"5,648 - 7,632","6,640",6%,,,
Science City Road,Apr-Jun 2021,"5,327 - 7,143","6,235",3%,,,
Science City Road,Jan-Mar 2021,"5,127 - 6,968","6,048",3%,,,
Science City Road,Oct-Dec 2020,"4,916 - 7,119","6,018",1%,,,
Science City Road,Jul-Sep 2020,"4,902 - 7,204","6,053",2%,,,
Science City Road,Apr-Jun 2020,"5,179 - 7,220","6,199",1%,,,
Science City Road,Jan-Mar 2020,"5,252 - 6,989","6,121",0.20%,,,
Science City Road,Oct-Dec 2019,"5,318 - 6,915","6,117",1%,,,
Science City Road,Jul-Sep 2019,"5,262 - 6,825","6,043",1%,,,
Science City Road,Apr-Jun 2019,"5,094 - 7,095","6,095",2%,,,
Science City Road,Jan-Mar 2019,"4,902 - 7,034","5,968",2%,,,
Science City Road,Oct-Dec 2018,"4,910 - 6,765","5,838",4%,,,
Science City Road,Jul-Sep 2018,"4,791 - 6,461","5,626",4%,,,
Science City Road,Apr-Jun 2018,"4,639 - 6,184","5,412",3%,,,
Science City Road,Jan-Mar 2018,"4,472 - 5,987","5,229",2%,,,
Science City Road,Oct-Dec 2017,"4,401 - 5,868","5,135",2%,,,
Science City Road,Jul-Sep 2017,"4,293 - 5,812","5,052",4%,,,
Science City Road,Apr-Jun 2017,"4,252 - 5,480","4,866",4%,,,
Science City Road,Jan-Mar 2017,"4,292 - 5,812","5,052",6%,,,
Science City Road,Oct-Dec 2016,"4,282 - 5,292","4,787",3%,,,
Science City Road,Jul-Sep 2016,"4,150 - 5,000","4,575",3%,,,
Science City Road,Apr-Jun 2016,"4,050 - 4,850","4,450",3%,,,
Science City Road,Jan-Mar 2016,"3,950 - 4,700","4,325",3%,,,
Science City Road,Oct-Dec 2015,"3,850 - 4,550","4,200",3%,,,
Science City Road,Jul-Sep 2015,"3,750 - 4,400","4,075",3%,,,
Science City Road,Apr-Jun 2015,"3,650 - 4,250","3,950",3%,,,
Science City Road,Jan-Mar 2015,"3,550 - 4,100","3,825",3%,,,
Science City Road,Oct-Dec 2014,"3,450 - 3,950","3,700",-,,,
,,,,,,,
Shivranjani Cross Road,Oct-Dec 2024,"6,913 - 10,018","8,465",1%,,,
Shivranjani Cross Road,Jul-Sep 2024,"6,804 - 9,895","8,349",0.20%,,,
Shivranjani Cross Road,Apr-Jun 2024,"6,734 - 9,930","8,332",1%,,,
Shivranjani Cross Road,Jan-Mar 2024,"6,708 - 10,094","8,401",0.40%,,,
Shivranjani Cross Road,Oct-Dec 2023,"6,931 - 9,946","8,438",4%,,,
Shivranjani Cross Road,Jul-Sep 2023,"6,724 - 9,540","8,132",2%,,,
Shivranjani Cross Road,Apr-Jun 2023,"6,756 - 9,202","7,979",12%,,,
Shivranjani Cross Road,Jan-Mar 2023,"6,351 - 7,907","7,129",1%,,,
Shivranjani Cross Road,Oct-Dec 2022,"6,153 - 7,984","7,068",1%,,,
Shivranjani Cross Road,Jul-Sep 2022,"6,030 - 8,000","7,015",5%,,,
Shivranjani Cross Road,Apr-Jun 2022,"5,180 - 8,151","6,665",3%,,,
Shivranjani Cross Road,Jan-Mar 2022,"5,122 - 7,799","6,461",3%,,,
Shivranjani Cross Road,Oct-Dec 2021,"5,007 - 7,517","6,262",0.40%,,,
Shivranjani Cross Road,Jul-Sep 2021,"5,465 - 7,112","6,289",1%,,,
Shivranjani Cross Road,Apr-Jun 2021,"5,441 - 7,202","6,322",1%,,,
Shivranjani Cross Road,Jan-Mar 2021,"5,482 - 7,087","6,284",1%,,,
Shivranjani Cross Road,Oct-Dec 2020,"5,400 - 7,020","6,210",1%,,,
Shivranjani Cross Road,Jul-Sep 2020,"5,350 - 6,980","6,165",2%,,,
Shivranjani Cross Road,Apr-Jun 2020,"5,225 - 6,900","6,062",1%,,,
Shivranjani Cross Road,Jan-Mar 2020,"5,160 - 6,850","6,000",0.50%,,,
Shivranjani Cross Road,Oct-Dec 2019,"5,140 - 6,820","5,970",1%,,,
Shivranjani Cross Road,Jul-Sep 2019,"5,110 - 6,780","5,930",1%,,,
Shivranjani Cross Road,Apr-Jun 2019,"5,050 - 6,725","5,888",1%,,,
Shivranjani Cross Road,Jan-Mar 2019,"5,000 - 6,680","5,840",2%,,,
Shivranjani Cross Road,Oct-Dec 2018,"4,950 - 6,600","5,775",3%,,,
Shivranjani Cross Road,Jul-Sep 2018,"4,850 - 6,550","5,700",4%,,,
Shivranjani Cross Road,Apr-Jun 2018,"4,750 - 6,480","5,615",3%,,,
Shivranjani Cross Road,Jan-Mar 2018,"4,600 - 6,300","5,450",2%,,,
Shivranjani Cross Road,Oct-Dec 2017,"4,500 - 6,200","5,350",2%,,,
Shivranjani Cross Road,Jul-Sep 2017,"4,450 - 6,100","5,275",3%,,,
Shivranjani Cross Road,Apr-Jun 2017,"4,380 - 6,050","5,215",2%,,,
Shivranjani Cross Road,Jan-Mar 2017,"4,350 - 6,000","5,175",2%,,,
Shivranjani Cross Road,Oct-Dec 2016,"4,300 - 5,900","5,100",3%,,,
Shivranjani Cross Road,Jul-Sep 2016,"4,200 - 5,800","5,000",3%,,,
Shivranjani Cross Road,Apr-Jun 2016,"4,100 - 5,700","4,900",2%,,,
Shivranjani Cross Road,Jan-Mar 2016,"4,050 - 5,600","4,825",2%,,,
Shivranjani Cross Road,Oct-Dec 2015,"4,000 - 5,500","4,750",2%,,,
Shivranjani Cross Road,Jul-Sep 2015,"3,950 - 5,450","4,700",2%,,,
Shivranjani Cross Road,Apr-Jun 2015,"3,900 - 5,400","4,650",2%,,,
Shivranjani Cross Road,Jan-Mar 2015,"3,850 - 5,300","4,575",2%,,,
Shivranjani Cross Road,Oct-Dec 2014,"3,800 - 5,200","4,500",-,,,
,,,,,,,
Shyamal,Oct-Dec 2024,"6,037 - 8,569","7,303",2%,,,
Shyamal,Jul-Sep 2024,"6,106 - 8,793","7,449",3%,,,
Shyamal,Apr-Jun 2024,"5,928 - 8,508","7,218",3%,,,
Shyamal,Jan-Mar 2024,"5,745 - 8,246","6,996",5%,,,
Shyamal,Oct-Dec 2023,"5,566 - 7,793","6,679",1%,,,
Shyamal,Jul-Sep 2023,"5,479 - 7,748","6,614",1%,,,
Shyamal,Apr-Jun 2023,"5,348 - 7,709","6,529",4%,,,
Shyamal,Jan-Mar 2023,"5,238 - 7,264","6,251",2%,,,
Shyamal,Oct-Dec 2022,"5,478 - 7,256","6,367",2%,,,
Shyamal,Jul-Sep 2022,"5,467 - 7,053","6,260",1%,,,
Shyamal,Apr-Jun 2022,"5,588 - 6,765","6,177",2%,,,
Shyamal,Jan-Mar 2022,"5,603 - 6,557","6,080",0.20%,,,
Shyamal,Oct-Dec 2021,"5,580 - 6,606","6,093",2%,,,
Shyamal,Jul-Sep 2021,"5,711 - 6,688","6,199",0.20%,,,
Shyamal,Apr-Jun 2021,"5,656 - 6,723","6,189",3%,,,
Shyamal,Jan-Mar 2021,"5,454 - 6,580","6,017",2%,,,
Shyamal,Oct-Dec 2020,"5,340 - 6,470","5,905",1%,,,
Shyamal,Jul-Sep 2020,"5,280 - 6,400","5,840",1%,,,
Shyamal,Apr-Jun 2020,"5,225 - 6,350","5,788",1%,,,
Shyamal,Jan-Mar 2020,"5,180 - 6,290","5,735",1%,,,
Shyamal,Oct-Dec 2019,"5,120 - 6,250","5,685",1%,,,
Shyamal,Jul-Sep 2019,"5,076 - 6,661","5,868",1%,,,
Shyamal,Apr-Jun 2019,"5,232 - 6,574","5,903",1%,,,
Shyamal,Jan-Mar 2019,"5,308 - 6,408","5,858",1%,,,
Shyamal,Oct-Dec 2018,"5,345 - 6,433","5,889",1%,,,
Shyamal,Jul-Sep 2018,"5,230 - 6,300","5,765",1%,,,
Shyamal,Apr-Jun 2018,"5,120 - 6,200","5,660",2%,,,
Shyamal,Jan-Mar 2018,"5,010 - 6,100","5,555",2%,,,
Shyamal,Oct-Dec 2017,"4,900 - 6,000","5,450",2%,,,
Shyamal,Jul-Sep 2017,"4,850 - 5,950","5,400",2%,,,
Shyamal,Apr-Jun 2017,"4,800 - 5,900","5,350",2%,,,
Shyamal,Jan-Mar 2017,"4,750 - 5,850","5,300",2%,,,
Shyamal,Oct-Dec 2016,"4,680 - 5,750","5,215",2%,,,
Shyamal,Jul-Sep 2016,"4,600 - 5,700","5,150",2%,,,
Shyamal,Apr-Jun 2016,"4,500 - 5,650","5,075",2%,,,
Shyamal,Jan-Mar 2016,"4,450 - 5,600","5,025",2%,,,
Shyamal,Oct-Dec 2015,"4,400 - 5,500","4,950",2%,,,
Shyamal,Jul-Sep 2015,"4,350 - 5,450","4,900",2%,,,
Shyamal,Apr-Jun 2015,"4,300 - 5,400","4,850",2%,,,
Shyamal,Jan-Mar 2015,"4,250 - 5,350","4,800",2%,,,
Shyamal,Oct-Dec 2014,"4,200 - 5,300","4,750",-,,,
,,,,,,,
Shayamal Cross Road,Oct-Dec 2024,"6,010 - 8,463","7,236",2%,,,
Shayamal Cross Road,Jul-Sep 2024,"6,030 - 8,679","7,354",3%,,,
Shayamal Cross Road,Apr-Jun 2024,"5,898 - 8,327","7,112",3%,,,
Shayamal Cross Road,Jan-Mar 2024,"5,743 - 8,099","6,921",5%,,,
Shayamal Cross Road,Oct-Dec 2023,"5,581 - 7,654","6,617",1%,,,
Shayamal Cross Road,Jul-Sep 2023,"5,469 - 7,615","6,542",2%,,,
Shayamal Cross Road,Apr-Jun 2023,"5,286 - 7,544","6,415",3%,,,
Shayamal Cross Road,Jan-Mar 2023,"5,269 - 7,196","6,232",0.40%,,,
Shayamal Cross Road,Oct-Dec 2022,"5,236 - 7,177","6,206",1%,,,
Shayamal Cross Road,Jul-Sep 2022,"5,321 - 7,247","6,284",3%,,,
Shayamal Cross Road,Apr-Jun 2022,"5,197 - 6,981","6,089",1%,,,
Shayamal Cross Road,Jan-Mar 2022,"5,272 - 6,800","6,036",2%,,,
Shayamal Cross Road,Oct-Dec 2021,"5,333 - 6,951","6,142",1%,,,
Shayamal Cross Road,Jul-Sep 2021,"5,232 - 6,894","6,063",0.40%,,,
Shayamal Cross Road,Apr-Jun 2021,"5,245 - 6,826","6,036",1%,,,
Shayamal Cross Road,Jan-Mar 2021,"5,253 - 6,742","5,998",2%,,,
Shayamal Cross Road,Oct-Dec 2020,"5,258 - 6,475","5,867",1%,,,
Shayamal Cross Road,Jul-Sep 2020,"5,147 - 6,516","5,831",2%,,,
Shayamal Cross Road,Apr-Jun 2020,"5,195 - 6,753","5,974",0.30%,,,
Shayamal Cross Road,Jan-Mar 2020,"5,258 - 6,649","5,954",1%,,,
Shayamal Cross Road,Oct-Dec 2019,"4,989 - 6,778","5,884",1%,,,
Shayamal Cross Road,Jul-Sep 2019,"5,080 - 6,532","5,806",0.10%,,,
Shayamal Cross Road,Apr-Jun 2019,"5,158 - 6,467","5,812",1%,,,
Shayamal Cross Road,Jan-Mar 2019,"5,164 - 6,351","5,757",1%,,,
Shayamal Cross Road,Oct-Dec 2018,"5,207 - 6,433","5,820",1%,,,
Shayamal Cross Road,Jul-Sep 2018,"5,150 - 6,380","5,765",1%,,,
Shayamal Cross Road,Apr-Jun 2018,"5,080 - 6,300","5,690",2%,,,
Shayamal Cross Road,Jan-Mar 2018,"5,010 - 6,250","5,630",2%,,,
Shayamal Cross Road,Oct-Dec 2017,"4,950 - 6,180","5,565",2%,,,
Shayamal Cross Road,Jul-Sep 2017,"4,880 - 6,120","5,500",2%,,,
Shayamal Cross Road,Apr-Jun 2017,"4,810 - 6,050","5,440",2%,,,
Shayamal Cross Road,Jan-Mar 2017,"4,750 - 5,980","5,380",2%,,,
Shayamal Cross Road,Oct-Dec 2016,"4,680 - 5,920","5,320",2%,,,
Shayamal Cross Road,Jul-Sep 2016,"4,620 - 5,860","5,270",2%,,,
Shayamal Cross Road,Apr-Jun 2016,"4,560 - 5,800","5,220",2%,,,
Shayamal Cross Road,Jan-Mar 2016,"4,500 - 5,750","5,170",2%,,,
Shayamal Cross Road,Oct-Dec 2015,"4,440 - 5,700","5,120",2%,,,
Shayamal Cross Road,Jul-Sep 2015,"4,390 - 5,650","5,070",2%,,,
Shayamal Cross Road,Apr-Jun 2015,"4,340 - 5,600","5,020",2%,,,
Shayamal Cross Road,Jan-Mar 2015,"4,290 - 5,550","4,970",2%,,,
Shayamal Cross Road,Oct-Dec 2014,"4,250 - 5,500","4,920",-,,,
,,,,,,,
Sindhu Bhavan Marg,Oct-Dec 2024,"6,761 - 9,588","8,174",1%,,,
Sindhu Bhavan Marg,Jul-Sep 2024,"6,706 - 9,524","8,115",1%,,,
Sindhu Bhavan Marg,Apr-Jun 2024,"6,639 - 9,598","8,119",2%,,,
Sindhu Bhavan Marg,Jan-Mar 2024,"6,613 - 9,381","7,997",0.20%,,,
Sindhu Bhavan Marg,Oct-Dec 2023,"6,632 - 9,394","8,013",1%,,,
Sindhu Bhavan Marg,Jul-Sep 2023,"6,490 - 9,311","7,900",13%,,,
Sindhu Bhavan Marg,Apr-Jun 2023,"5,509 - 8,512","7,011",11%,,,
Sindhu Bhavan Marg,Jan-Mar 2023,"6,501 - 9,332","7,917",1%,,,
Sindhu Bhavan Marg,Oct-Dec 2022,"6,459 - 9,502","7,980",1%,,,
Sindhu Bhavan Marg,Jul-Sep 2022,"6,459 - 9,407","7,933",6%,,,
Sindhu Bhavan Marg,Apr-Jun 2022,"6,107 - 8,797","7,452",3%,,,
Sindhu Bhavan Marg,Jan-Mar 2022,"5,844 - 8,603","7,224",1%,,,
Sindhu Bhavan Marg,Oct-Dec 2021,"5,725 - 8,525","7,125",2%,,,
Sindhu Bhavan Marg,Jul-Sep 2021,"5,710 - 8,326","7,018",0.40%,,,
Sindhu Bhavan Marg,Apr-Jun 2021,"5,806 - 8,283","7,045",2%,,,
Sindhu Bhavan Marg,Jan-Mar 2021,"5,632 - 8,160","6,896",4%,,,
Sindhu Bhavan Marg,Oct-Dec 2020,"5,335 - 7,967","6,651",2%,,,
Sindhu Bhavan Marg,Jul-Sep 2020,"5,127 - 7,927","6,527",3%,,,
Sindhu Bhavan Marg,Apr-Jun 2020,"4,951 - 7,723","6,337",5%,,,
Sindhu Bhavan Marg,Jan-Mar 2020,"4,970 - 7,088","6,029",2%,,,
Sindhu Bhavan Marg,Oct-Dec 2019,"5,003 - 7,271","6,137",0.30%,,,
Sindhu Bhavan Marg,Jul-Sep 2019,"4,922 - 7,309","6,116",8%,,,
Sindhu Bhavan Marg,Apr-Jun 2019,"5,240 - 8,097","6,669",2%,,,
Sindhu Bhavan Marg,Jan-Mar 2019,"5,224 - 7,874","6,549",4%,,,
Sindhu Bhavan Marg,Oct-Dec 2018,"5,517 - 8,063","6,790",3%,,,
Sindhu Bhavan Marg,Jul-Sep 2018,"5,131 - 8,009","6,570",2%,,,
Sindhu Bhavan Marg,Apr-Jun 2018,"5,119 - 8,223","6,671",6%,,,
Sindhu Bhavan Marg,Jan-Mar 2018,"5,747 - 8,511","7,129",2%,,,
Sindhu Bhavan Marg,Oct-Dec 2017,"5,630 - 8,340","7,030",2%,,,
Sindhu Bhavan Marg,Jul-Sep 2017,"5,520 - 8,170","6,910",2%,,,
Sindhu Bhavan Marg,Apr-Jun 2017,"5,400 - 8,000","6,780",2%,,,
Sindhu Bhavan Marg,Jan-Mar 2017,"5,310 - 7,860","6,635",2%,,,
Sindhu Bhavan Marg,Oct-Dec 2016,"5,220 - 7,730","6,475",2%,,,
Sindhu Bhavan Marg,Jul-Sep 2016,"5,140 - 7,600","6,330",2%,,,
Sindhu Bhavan Marg,Apr-Jun 2016,"5,060 - 7,480","6,180",2%,,,
Sindhu Bhavan Marg,Jan-Mar 2016,"4,990 - 7,360","6,030",2%,,,
Sindhu Bhavan Marg,Oct-Dec 2015,"4,920 - 7,250","5,900",2%,,,
Sindhu Bhavan Marg,Jul-Sep 2015,"4,850 - 7,140","5,770",2%,,,
Sindhu Bhavan Marg,Apr-Jun 2015,"4,780 - 7,030","5,640",2%,,,
Sindhu Bhavan Marg,Jan-Mar 2015,"4,720 - 6,920","5,510",2%,,,
Sindhu Bhavan Marg,Oct-Dec 2014,"4,660 - 6,820","5,390",-,,,
,,,,,,,
Sola,Oct-Dec 2024,"6,502 - 8,989","7,745",1%,,,
Sola,Jul-Sep 2024,"6,456 - 8,840","7,648",1%,,,
Sola,Apr-Jun 2024,"6,502 - 8,924","7,713",1%,,,
Sola,Jan-Mar 2024,"6,510 - 9,084","7,797",1%,,,
Sola,Oct-Dec 2023,"6,344 - 9,083","7,713",2%,,,
Sola,Jul-Sep 2023,"6,236 - 8,891","7,563",5%,,,
Sola,Apr-Jun 2023,"5,993 - 8,353","7,173",2%,,,
Sola,Jan-Mar 2023,"5,983 - 8,121","7,052",1%,,,
Sola,Oct-Dec 2022,"6,065 - 8,208","7,136",1%,,,
Sola,Jul-Sep 2022,"6,104 - 8,272","7,188",1%,,,
Sola,Apr-Jun 2022,"6,017 - 8,277","7,147",0.20%,,,
Sola,Jan-Mar 2022,"6,043 - 8,277","7,160",1%,,,
Sola,Oct-Dec 2021,"5,970 - 8,120","7,045",2%,,,
Sola,Jul-Sep 2021,"5,900 - 7,980","6,940",1.50%,,,
Sola,Apr-Jun 2021,"5,830 - 7,850","6,835",1%,,,
Sola,Jan-Mar 2021,"5,770 - 7,720","6,745",2%,,,
Sola,Oct-Dec 2020,"5,660 - 7,650","6,705",1%,,,
Sola,Jul-Sep 2020,"5,540 - 7,500","6,520",1%,,,
Sola,Apr-Jun 2020,"5,420 - 7,360","6,440",0.50%,,,
Sola,Jan-Mar 2020,"5,380 - 7,230","6,420",1%,,,
Sola,Oct-Dec 2019,"5,250 - 7,180","6,320",1%,,,
Sola,Jul-Sep 2019,"5,150 - 7,030","6,210",1%,,,
Sola,Apr-Jun 2019,"5,060 - 6,950","6,150",1%,,,
Sola,Jan-Mar 2019,"5,000 - 6,880","6,100",1%,,,
Sola,Oct-Dec 2018,"4,950 - 6,750","6,040",1%,,,
Sola,Jul-Sep 2018,"4,850 - 6,700","5,980",1%,,,
Sola,Apr-Jun 2018,"4,800 - 6,620","5,920",1%,,,
Sola,Jan-Mar 2018,"4,750 - 6,550","5,860",1%,,,
Sola,Oct-Dec 2017,"4,700 - 6,480","5,800",1%,,,
Sola,Jul-Sep 2017,"4,650 - 6,420","5,740",1%,,,
Sola,Apr-Jun 2017,"4,600 - 6,360","5,680",1%,,,
Sola,Jan-Mar 2017,"4,550 - 6,280","5,620",1%,,,
Sola,Oct-Dec 2016,"4,500 - 6,200","5,560",1%,,,
Sola,Jul-Sep 2016,"4,450 - 6,150","5,500",1%,,,
Sola,Apr-Jun 2016,"4,400 - 6,100","5,440",1%,,,
Sola,Jan-Mar 2016,"4,350 - 6,050","5,380",1%,,,
Sola,Oct-Dec 2015,"4,300 - 6,000","5,320",1%,,,
Sola,Jul-Sep 2015,"4,250 - 5,950","5,260",1%,,,
Sola,Apr-Jun 2015,"4,200 - 5,900","5,200",1%,,,
Sola,Jan-Mar 2015,"4,150 - 5,850","5,140",1%,,,
Sola,Oct-Dec 2014,"4,100 - 5,800","5,080",-,,,
,,,,,,,
Sola Road,Oct-Dec 2024,"6,484 - 9,035","7,760",2%,,,
Sola Road,Jul-Sep 2024,"6,338 - 8,864","7,601",1.50%,,,
Sola Road,Apr-Jun 2024,"6,332 - 8,870","7,601",1%,,,
Sola Road,Jan-Mar 2024,"6,345 - 8,943","7,644",1%,,,
Sola Road,Oct-Dec 2023,"6,179 - 9,014","7,596",3%,,,
Sola Road,Jul-Sep 2023,"5,972 - 8,696","7,334",3%,,,
Sola Road,Apr-Jun 2023,"5,882 - 8,388","7,135",1.50%,,,
Sola Road,Jan-Mar 2023,"5,780 - 8,210","7,060",1%,,,
Sola Road,Oct-Dec 2022,"5,670 - 8,120","6,920",1.50%,,,
Sola Road,Jul-Sep 2022,"5,580 - 7,980","6,785",1.30%,,,
Sola Road,Apr-Jun 2022,"5,520 - 7,850","6,685",1.50%,,,
Sola Road,Jan-Mar 2022,"5,460 - 7,720","6,620",1%,,,
Sola Road,Oct-Dec 2021,"5,390 - 7,650","6,555",2%,,,
Sola Road,Jul-Sep 2021,"5,290 - 7,500","6,430",1.80%,,,
Sola Road,Apr-Jun 2021,"5,210 - 7,380","6,335",1.50%,,,
Sola Road,Jan-Mar 2021,"5,140 - 7,260","6,270",1%,,,
Sola Road,Oct-Dec 2020,"5,070 - 7,150","6,180",1.50%,,,
Sola Road,Jul-Sep 2020,"4,980 - 7,050","6,115",1.30%,,,
Sola Road,Apr-Jun 2020,"4,910 - 6,950","6,050",1%,,,
Sola Road,Jan-Mar 2020,"4,850 - 6,870","6,020",0.80%,,,
Sola Road,Oct-Dec 2019,"4,780 - 6,780","5,960",1%,,,
Sola Road,Jul-Sep 2019,"4,700 - 6,700","5,890",1.20%,,,
Sola Road,Apr-Jun 2019,"4,630 - 6,620","5,820",1.30%,,,
Sola Road,Jan-Mar 2019,"4,560 - 6,550","5,750",1.50%,,,
Sola Road,Oct-Dec 2018,"4,490 - 6,460","5,680",1.80%,,,
Sola Road,Jul-Sep 2018,"4,420 - 6,400","5,620",1.50%,,,
Sola Road,Apr-Jun 2018,"4,350 - 6,320","5,560",2%,,,
Sola Road,Jan-Mar 2018,"4,280 - 6,240","5,490",1.70%,,,
Sola Road,Oct-Dec 2017,"4,200 - 6,150","5,410",1.50%,,,
Sola Road,Jul-Sep 2017,"4,130 - 6,080","5,350",1.30%,,,
Sola Road,Apr-Jun 2017,"4,070 - 6,010","5,290",1.50%,,,
Sola Road,Jan-Mar 2017,"4,000 - 5,930","5,220",1.30%,,,
Sola Road,Oct-Dec 2016,"3,950 - 5,850","5,150",1.50%,,,
Sola Road,Jul-Sep 2016,"3,900 - 5,800","5,100",1%,,,
Sola Road,Apr-Jun 2016,"3,850 - 5,750","5,050",1.30%,,,
Sola Road,Jan-Mar 2016,"3,800 - 5,700","5,000",1%,,,
Sola Road,Oct-Dec 2015,"3,750 - 5,650","4,950",1.20%,,,
Sola Road,Jul-Sep 2015,"3,700 - 5,600","4,900",1.30%,,,
Sola Road,Apr-Jun 2015,"3,650 - 5,550","4,850",1.50%,,,
Sola Road,Jan-Mar 2015,"3,600 - 5,500","4,800",1.30%,,,
Sola Road,Oct-Dec 2014,"3,550 - 5,450","4,750",-,,,
,,,,,,,
South Bopal,Oct-Dec 2024,"5,254 - 8,395","6,825",5%,,,
South Bopal,Jul-Sep 2024,"5,459 - 8,970","7,214",5%,,,
South Bopal,Apr-Jun 2024,"5,130 - 8,667","6,899",6%,,,
South Bopal,Jan-Mar 2024,"5,021 - 8,009","6,515",2%,,,
South Bopal,Oct-Dec 2023,"5,076 - 7,640","6,358",1%,,,
South Bopal,Jul-Sep 2023,"5,166 - 7,645","6,405",5%,,,
South Bopal,Apr-Jun 2023,"5,201 - 8,315","6,758",3%,,,
South Bopal,Jan-Mar 2023,"4,923 - 8,259","6,591",6%,,,
South Bopal,Oct-Dec 2022,"4,975 - 9,103","7,039",7%,,,
South Bopal,Jul-Sep 2022,"4,945 - 8,252","6,598",12%,,,
South Bopal,Apr-Jun 2022,"4,754 - 7,066","5,910",1%,,,
South Bopal,Jan-Mar 2022,"4,840 - 6,826","5,833",2%,,,
South Bopal,Oct-Dec 2021,"4,656 - 6,789","5,722",2%,,,
South Bopal,Jul-Sep 2021,"4,636 - 7,002","5,819",5%,,,
South Bopal,Apr-Jun 2021,"4,338 - 6,698","5,518",4%,,,
South Bopal,Jan-Mar 2021,"4,437 - 7,071","5,754",3%,,,
South Bopal,Oct-Dec 2020,"4,482 - 7,393","5,938",6%,,,
South Bopal,Jul-Sep 2020,"4,729 - 7,933","6,331",7%,,,
South Bopal,Apr-Jun 2020,"4,606 - 7,234","5,920",2%,,,
South Bopal,Jan-Mar 2020,"4,594 - 6,983","5,789",0.40%,,,
South Bopal,Oct-Dec 2019,"4,581 - 7,040","5,811",3%,,,
South Bopal,Jul-Sep 2019,"4,338 - 6,933","5,635",2%,,,
South Bopal,Apr-Jun 2019,"4,239 - 6,767","5,503",1.50%,,,
South Bopal,Jan-Mar 2019,"4,199 - 6,803","5,501",3%,,,
South Bopal,Oct-Dec 2018,"4,195 - 6,510","5,352",2%,,,
South Bopal,Jul-Sep 2018,"4,100 - 6,401","5,251",3%,,,
South Bopal,Apr-Jun 2018,"4,010 - 6,210","5,110",1%,,,
South Bopal,Jan-Mar 2018,"3,962 - 6,341","5,151",3%,,,
South Bopal,Oct-Dec 2017,"3,725 - 6,254","4,990",2%,,,
South Bopal,Jul-Sep 2017,"3,777 - 6,016","4,897",3%,,,
South Bopal,Apr-Jun 2017,"3,894 - 6,172","5,033",5%,,,
South Bopal,Jan-Mar 2017,"3,588 - 5,959","4,774",4%,,,
South Bopal,Oct-Dec 2016,"3,728 - 5,495","4,611",4%,,,
South Bopal,Jul-Sep 2016,"3,600 - 5,292","4,446",4%,,,
South Bopal,Apr-Jun 2016,"3,480 - 5,817","4,649",3%,,,
South Bopal,Jan-Mar 2016,"3,420 - 5,641","4,531",13%,,,
South Bopal,Oct-Dec 2015,"3,225 - 4,798","4,012",3%,,,
South Bopal,Jul-Sep 2015,"3,150 - 4,620","3,885",3%,,,
South Bopal,Apr-Jun 2015,"3,050 - 4,480","3,765",3%,,,
South Bopal,Jan-Mar 2015,"2,970 - 4,350","3,660",3%,,,
South Bopal,Oct-Dec 2014,"2,850 - 4,200","3,525",-,,,
,,,,,,,
Thaltej,Oct-Dec 2024,"6,531 - 9,142","7,837",0.30%,,,
Thaltej,Jul-Sep 2024,"6,506 - 9,118","7,812",1%,,,
Thaltej,Apr-Jun 2024,"6,445 - 9,330","7,887",1%,,,
Thaltej,Jan-Mar 2024,"6,437 - 9,149","7,793",1%,,,
Thaltej,Oct-Dec 2023,"6,469 - 9,123","7,796",2%,,,
Thaltej,Jul-Sep 2023,"6,373 - 8,973","7,673",15%,,,
Thaltej,Apr-Jun 2023,"5,268 - 8,036","6,652",12%,,,
Thaltej,Jan-Mar 2023,"6,215 - 8,886","7,551",1%,,,
Thaltej,Oct-Dec 2022,"6,109 - 8,779","7,444",3%,,,
Thaltej,Jul-Sep 2022,"5,849 - 8,557","7,203",7%,,,
Thaltej,Apr-Jun 2022,"5,510 - 7,944","6,727",2%,,,
Thaltej,Jan-Mar 2022,"5,295 - 7,874","6,584",1%,,,
Thaltej,Oct-Dec 2021,"5,155 - 7,825","6,490",2%,,,
Thaltej,Jul-Sep 2021,"5,208 - 8,037","6,623",5%,,,
Thaltej,Apr-Jun 2021,"5,649 - 8,290","6,970",4%,,,
Thaltej,Jan-Mar 2021,"5,470 - 7,892","6,681",1%,,,
Thaltej,Oct-Dec 2020,"5,339 - 8,096","6,718",4%,,,
Thaltej,Jul-Sep 2020,"5,040 - 7,828","6,434",6%,,,
Thaltej,Apr-Jun 2020,"5,461 - 8,183","6,822",3%,,,
Thaltej,Jan-Mar 2020,"5,375 - 7,898","6,637",1%,,,
Thaltej,Oct-Dec 2019,"5,391 - 7,764","6,577",3%,,,
Thaltej,Jul-Sep 2019,"5,295 - 7,460","6,377",1%,,,
Thaltej,Apr-Jun 2019,"5,156 - 7,696","6,426",2%,,,
Thaltej,Jan-Mar 2019,"5,135 - 7,465","6,300",2%,,,
Thaltej,Oct-Dec 2018,"5,142 - 7,270","6,206",1%,,,
Thaltej,Jul-Sep 2018,"5,185 - 7,314","6,249",2%,,,
Thaltej,Apr-Jun 2018,"5,234 - 7,074","6,154",1%,,,
Thaltej,Jan-Mar 2018,"5,251 - 6,989","6,120",1%,,,
Thaltej,Oct-Dec 2017,"5,294 - 7,087","6,190",5%,,,
Thaltej,Jul-Sep 2017,"5,246 - 7,834","6,540",1%,,,
Thaltej,Apr-Jun 2017,"5,276 - 7,736","6,506",3%,,,
Thaltej,Jan-Mar 2017,"5,160 - 7,486","6,323",6%,,,
Thaltej,Oct-Dec 2016,"5,078 - 6,864","5,971",0.50%,,,
Thaltej,Jul-Sep 2016,"5,132 - 6,752","5,942",0.20%,,,
Thaltej,Apr-Jun 2016,"4,990 - 6,918","5,954",2%,,,
Thaltej,Jan-Mar 2016,"4,915 - 7,211","6,063",3%,,,
Thaltej,Oct-Dec 2015,"4,847 - 7,598","6,222",1%,,,
Thaltej,Jul-Sep 2015,"5,022 - 7,507","6,265",4%,,,
Thaltej,Apr-Jun 2015,"4,764 - 7,315","6,039",6%,,,
Thaltej,Jan-Mar 2015,"5,074 - 7,834","6,454",4%,,,
Thaltej,Oct-Dec 2014,"4,875 - 7,580","6,228",3%,,,
,,,,,,,
Thaltej Shilaj Road,Oct-Dec 2024,"6,471 - 9,235","7,853",0.50%,,,
Thaltej Shilaj Road,Jul-Sep 2024,"6,474 - 9,159","7,817",0.40%,,,
Thaltej Shilaj Road,Apr-Jun 2024,"6,368 - 9,334","7,851",2%,,,
Thaltej Shilaj Road,Jan-Mar 2024,"6,253 - 9,175","7,714",0.40%,,,
Thaltej Shilaj Road,Oct-Dec 2023,"6,297 - 9,065","7,681",1%,,,
Thaltej Shilaj Road,Jul-Sep 2023,"6,305 - 8,973","7,639",14%,,,
Thaltej Shilaj Road,Apr-Jun 2023,"5,302 - 8,139","6,720",11%,,,
Thaltej Shilaj Road,Jan-Mar 2023,"6,208 - 8,907","7,558",1%,,,
Thaltej Shilaj Road,Oct-Dec 2022,"6,109 - 8,807","7,458",4%,,,
Thaltej Shilaj Road,Jul-Sep 2022,"5,836 - 8,574","7,205",7%,,,
Thaltej Shilaj Road,Apr-Jun 2022,"5,533 - 7,919","6,726",2%,,,
Thaltej Shilaj Road,Jan-Mar 2022,"5,254 - 7,886","6,570",1%,,,
Thaltej Shilaj Road,Oct-Dec 2021,"5,136 - 7,856","6,496",2%,,,
Thaltej Shilaj Road,Jul-Sep 2021,"5,214 - 8,015","6,615",5%,,,
Thaltej Shilaj Road,Apr-Jun 2021,"5,651 - 8,338","6,995",5%,,,
Thaltej Shilaj Road,Jan-Mar 2021,"5,474 - 7,874","6,674",0.20%,,,
Thaltej Shilaj Road,Oct-Dec 2020,"5,327 - 8,050","6,689",3%,,,
Thaltej Shilaj Road,Jul-Sep 2020,"5,100 - 7,970","6,535",2%,,,
Thaltej Shilaj Road,Apr-Jun 2020,"5,470 - 8,317","6,894",4%,,,
Thaltej Shilaj Road,Jan-Mar 2020,"5,386 - 7,883","6,635",1%,,,
Thaltej Shilaj Road,Oct-Dec 2019,"5,392 - 7,753","6,572",3%,,,
Thaltej Shilaj Road,Jul-Sep 2019,"5,303 - 7,435","6,369",1%,,,
Thaltej Shilaj Road,Apr-Jun 2019,"5,174 - 7,670","6,422",2%,,,
Thaltej Shilaj Road,Jan-Mar 2019,"5,154 - 7,436","6,295",2%,,,
Thaltej Shilaj Road,Oct-Dec 2018,"5,135 - 7,224","6,179",1%,,,
Thaltej Shilaj Road,Jul-Sep 2018,"5,222 - 7,227","6,225",1%,,,
Thaltej Shilaj Road,Apr-Jun 2018,"5,253 - 7,018","6,136",0.40%,,,
Thaltej Shilaj Road,Jan-Mar 2018,"5,235 - 6,990","6,113",1%,,,
Thaltej Shilaj Road,Oct-Dec 2017,"5,230 - 7,163","6,197",3%,,,
Thaltej Shilaj Road,Jul-Sep 2017,"5,185 - 7,584","6,384",2%,,,
Thaltej Shilaj Road,Apr-Jun 2017,"5,280 - 7,691","6,485",3%,,,
Thaltej Shilaj Road,Jan-Mar 2017,"5,044 - 7,518","6,281",2%,,,
Thaltej Shilaj Road,Oct-Dec 2016,"5,082 - 6,950","6,016",0.50%,,,
Thaltej Shilaj Road,Jul-Sep 2016,"5,169 - 6,768","5,968",0.10%,,,
Thaltej Shilaj Road,Apr-Jun 2016,"5,022 - 6,901","5,961",1%,,,
Thaltej Shilaj Road,Jan-Mar 2016,"4,859 - 6,997","5,928",5%,,,
Thaltej Shilaj Road,Oct-Dec 2015,"4,859 - 7,558","6,209",0.40%,,,
Thaltej Shilaj Road,Jul-Sep 2015,"5,008 - 7,466","6,237",3%,,,
Thaltej Shilaj Road,Apr-Jun 2015,"4,789 - 7,295","6,042",6%,,,
Thaltej Shilaj Road,Jan-Mar 2015,"5,062 - 7,771","6,417",3%,,,
Thaltej Shilaj Road,Oct-Dec 2014,"4,850 - 7,540","6,195",2%,,,
,,,,,,,
Tragad Road,Oct-Dec 2024,"6,124 - 9,111","7,618",0.50%,,,
Tragad Road,Jul-Sep 2024,"6,093 - 9,081","7,580",0.40%,,,
Tragad Road,Apr-Jun 2024,"6,065 - 9,058","7,550",1%,,,
Tragad Road,Jan-Mar 2024,"6,000 - 9,015","7,475",0.50%,,,
Tragad Road,Oct-Dec 2023,"5,970 - 8,975","7,438",1%,,,
Tragad Road,Jul-Sep 2023,"5,850 - 8,850","7,350",12%,,,
Tragad Road,Apr-Jun 2023,"5,245 - 7,940","6,700",10%,,,
Tragad Road,Jan-Mar 2023,"5,100 - 7,850","6,600",2%,,,
Tragad Road,Oct-Dec 2022,"5,020 - 7,775","6,470",4%,,,
Tragad Road,Jul-Sep 2022,"4,950 - 7,680","6,375",7%,,,
Tragad Road,Apr-Jun 2022,"4,700 - 7,450","6,200",2%,,,
Tragad Road,Jan-Mar 2022,"4,620 - 7,360","6,080",1%,,,
Tragad Road,Oct-Dec 2021,"4,590 - 7,320","6,020",2%,,,
Tragad Road,Jul-Sep 2021,"4,550 - 7,285","5,950",5%,,,
Tragad Road,Apr-Jun 2021,"4,500 - 7,150","5,850",4%,,,
Tragad Road,Jan-Mar 2021,"4,450 - 7,000","5,750",0.50%,,,
Tragad Road,Oct-Dec 2020,"4,425 - 6,950","5,720",3%,,,
Tragad Road,Jul-Sep 2020,"4,280 - 6,780","5,530",2%,,,
Tragad Road,Apr-Jun 2020,"4,200 - 6,650","5,420",3%,,,
Tragad Road,Jan-Mar 2020,"4,090 - 6,500","5,250",1%,,,
Tragad Road,Oct-Dec 2019,"4,050 - 6,400","5,150",2%,,,
Tragad Road,Jul-Sep 2019,"4,000 - 6,350","5,080",1%,,,
Tragad Road,Apr-Jun 2019,"3,950 - 6,270","5,020",2%,,,
Tragad Road,Jan-Mar 2019,"3,900 - 6,200","4,950",2%,,,
Tragad Road,Oct-Dec 2018,"3,850 - 6,100","4,875",1%,,,
Tragad Road,Jul-Sep 2018,"3,800 - 6,050","4,850",1%,,,
Tragad Road,Apr-Jun 2018,"3,750 - 5,980","4,800",0.50%,,,
Tragad Road,Jan-Mar 2018,"3,720 - 5,900","4,750",1%,,,
Tragad Road,Oct-Dec 2017,"3,700 - 5,850","4,700",3%,,,
Tragad Road,Jul-Sep 2017,"3,600 - 5,780","4,620",2%,,,
Tragad Road,Apr-Jun 2017,"3,500 - 5,690","4,530",3%,,,
Tragad Road,Jan-Mar 2017,"3,450 - 5,600","4,480",2%,,,
Tragad Road,Oct-Dec 2016,"3,400 - 5,500","4,400",0.50%,,,
Tragad Road,Jul-Sep 2016,"3,350 - 5,450","4,350",0.50%,,,
Tragad Road,Apr-Jun 2016,"3,300 - 5,400","4,320",2%,,,
Tragad Road,Jan-Mar 2016,"3,250 - 5,350","4,250",3%,,,
Tragad Road,Oct-Dec 2015,"3,200 - 5,250","4,180",1%,,,
Tragad Road,Jul-Sep 2015,"3,150 - 5,200","4,140",3%,,,
Tragad Road,Apr-Jun 2015,"3,100 - 5,100","4,020",5%,,,
Tragad Road,Jan-Mar 2015,"3,000 - 5,000","3,850",3%,,,
Tragad Road,Oct-Dec 2014,"2,900 - 4,900","3,740",2%,,,
,,,,,,,
Usmanpura,Oct-Dec 2024,"6,066 - 8,988","7,527",0.50%,,,
Usmanpura,Jul-Sep 2024,"6,036 - 8,950","7,490",0.50%,,,
Usmanpura,Apr-Jun 2024,"5,505 - 9,008","7,256",5%,,,
Usmanpura,Jan-Mar 2024,"6,086 - 9,133","7,609",1%,,,
Usmanpura,Oct-Dec 2023,"6,020 - 8,970","7,495",1.50%,,,
Usmanpura,Jul-Sep 2023,"5,900 - 8,850","7,380",10%,,,
Usmanpura,Apr-Jun 2023,"5,355 - 8,100","6,750",9%,,,
Usmanpura,Jan-Mar 2023,"5,200 - 8,000","6,650",2%,,,
Usmanpura,Oct-Dec 2022,"5,100 - 7,900","6,520",4%,,,
Usmanpura,Jul-Sep 2022,"4,900 - 7,750","6,350",7%,,,
Usmanpura,Apr-Jun 2022,"4,600 - 7,400","6,150",3%,,,
Usmanpura,Jan-Mar 2022,"4,500 - 7,300","6,000",2%,,,
Usmanpura,Oct-Dec 2021,"4,420 - 7,210","5,900",3%,,,
Usmanpura,Jul-Sep 2021,"4,250 - 7,050","5,750",5%,,,
Usmanpura,Apr-Jun 2021,"4,000 - 6,800","5,500",4%,,,
Usmanpura,Jan-Mar 2021,"3,900 - 6,700","5,400",1%,,,
Usmanpura,Oct-Dec 2020,"3,850 - 6,650","5,350",3%,,,
Usmanpura,Jul-Sep 2020,"3,730 - 6,520","5,200",2%,,,
Usmanpura,Apr-Jun 2020,"3,650 - 6,400","5,020",2%,,,
Usmanpura,Jan-Mar 2020,"3,580 - 6,300","4,950",1%,,,
Usmanpura,Oct-Dec 2019,"3,520 - 6,200","4,850",2%,,,
Usmanpura,Jul-Sep 2019,"3,400 - 6,100","4,750",1%,,,
Usmanpura,Apr-Jun 2019,"3,350 - 6,000","4,700",2%,,,
Usmanpura,Jan-Mar 2019,"3,280 - 5,950","4,650",2%,,,
Usmanpura,Oct-Dec 2018,"3,200 - 5,850","4,600",1%,,,
Usmanpura,Jul-Sep 2018,"3,150 - 5,800","4,550",1%,,,
Usmanpura,Apr-Jun 2018,"3,100 - 5,750","4,500",0.50%,,,
Usmanpura,Jan-Mar 2018,"3,080 - 5,700","4,450",1%,,,
Usmanpura,Oct-Dec 2017,"3,020 - 5,650","4,400",3%,,,
Usmanpura,Jul-Sep 2017,"2,900 - 5,550","4,300",2%,,,
Usmanpura,Apr-Jun 2017,"2,850 - 5,500","4,250",3%,,,
Usmanpura,Jan-Mar 2017,"2,800 - 5,450","4,200",2%,,,
Usmanpura,Oct-Dec 2016,"2,750 - 5,400","4,150",0.50%,,,
Usmanpura,Jul-Sep 2016,"2,720 - 5,370","4,100",0.50%,,,
Usmanpura,Apr-Jun 2016,"2,680 - 5,320","4,050",2%,,,
Usmanpura,Jan-Mar 2016,"2,620 - 5,250","3,980",3%,,,
Usmanpura,Oct-Dec 2015,"2,550 - 5,200","3,900",1%,,,
Usmanpura,Jul-Sep 2015,"2,500 - 5,150","3,850",3%,,,
Usmanpura,Apr-Jun 2015,"2,450 - 5,100","3,800",5%,,,
Usmanpura,Jan-Mar 2015,"2,400 - 5,050","3,750",3%,,,
Usmanpura,Oct-Dec 2014,"2,350 - 5,000","3,650",2%,,,
,,,,,,,
Vaishnodevi Circle,Oct-Dec 2024,"5,357 - 7,852","6,605",3%,,,
Vaishnodevi Circle,Jul-Sep 2024,"5,432 - 7,390","6,411",0.20%,,,
Vaishnodevi Circle,Apr-Jun 2024,"5,441 - 7,404","6,422",2%,,,
Vaishnodevi Circle,Jan-Mar 2024,"5,332 - 7,323","6,327",6%,,,
Vaishnodevi Circle,Oct-Dec 2023,"4,902 - 6,987","5,945",3%,,,
Vaishnodevi Circle,Jul-Sep 2023,"4,701 - 6,788","5,744",10%,,,
Vaishnodevi Circle,Apr-Jun 2023,"4,311 - 6,104","5,207",5%,,,
Vaishnodevi Circle,Jan-Mar 2023,"4,383 - 6,546","5,465",5%,,,
Vaishnodevi Circle,Oct-Dec 2022,"4,250 - 6,400","5,325",3%,,,
Vaishnodevi Circle,Jul-Sep 2022,"4,374 - 6,494","5,434",3%,,,
Vaishnodevi Circle,Apr-Jun 2022,"4,250 - 6,350","5,300",3%,,,
Vaishnodevi Circle,Jan-Mar 2022,"4,120 - 6,210","5,165",2%,,,
Vaishnodevi Circle,Oct-Dec 2021,"4,000 - 6,050","5,025",3%,,,
Vaishnodevi Circle,Jul-Sep 2021,"3,900 - 5,900","4,900",2%,,,
Vaishnodevi Circle,Apr-Jun 2021,"3,820 - 5,800","4,810",1%,,,
Vaishnodevi Circle,Jan-Mar 2021,"3,800 - 5,750","4,775",1%,,,
Vaishnodevi Circle,Oct-Dec 2020,"3,750 - 5,700","4,725",2%,,,
Vaishnodevi Circle,Jul-Sep 2020,"3,650 - 5,600","4,625",1%,,,
Vaishnodevi Circle,Apr-Jun 2020,"3,600 - 5,550","4,575",2%,,,
Vaishnodevi Circle,Jan-Mar 2020,"3,580 - 5,500","4,540",1%,,,
Vaishnodevi Circle,Oct-Dec 2019,"4,264 - 5,634","4,949",2%,,,
Vaishnodevi Circle,Jul-Sep 2019,"3,500 - 5,400","4,450",2%,,,
Vaishnodevi Circle,Apr-Jun 2019,"3,400 - 5,300","4,350",2%,,,
Vaishnodevi Circle,Jan-Mar 2019,"3,300 - 5,200","4,250",1%,,,
Vaishnodevi Circle,Oct-Dec 2018,"3,200 - 5,100","4,150",1%,,,
Vaishnodevi Circle,Jul-Sep 2018,"3,150 - 5,050","4,100",1%,,,
Vaishnodevi Circle,Apr-Jun 2018,"3,100 - 5,000","4,050",1%,,,
Vaishnodevi Circle,Jan-Mar 2018,"3,050 - 4,950","4,000",1%,,,
Vaishnodevi Circle,Oct-Dec 2017,"3,000 - 4,900","3,950",2%,,,
Vaishnodevi Circle,Jul-Sep 2017,"2,950 - 4,850","3,900",1%,,,
Vaishnodevi Circle,Apr-Jun 2017,"2,900 - 4,800","3,850",1%,,,
Vaishnodevi Circle,Jan-Mar 2017,"2,850 - 4,750","3,800",1%,,,
Vaishnodevi Circle,Oct-Dec 2016,"2,800 - 4,700","3,750",1%,,,
Vaishnodevi Circle,Jul-Sep 2016,"2,750 - 4,650","3,700",1%,,,
Vaishnodevi Circle,Apr-Jun 2016,"2,700 - 4,600","3,650",1%,,,
Vaishnodevi Circle,Jan-Mar 2016,"2,650 - 4,550","3,600",1%,,,
Vaishnodevi Circle,Oct-Dec 2015,"2,600 - 4,500","3,550",1%,,,
Vaishnodevi Circle,Jul-Sep 2015,"2,550 - 4,450","3,500",1%,,,
Vaishnodevi Circle,Apr-Jun 2015,"2,500 - 4,400","3,450",1%,,,
Vaishnodevi Circle,Jan-Mar 2015,"2,450 - 4,350","3,400",1%,,,
Vaishnodevi Circle,Oct-Dec 2014,"2,400 - 4,300","3,350",1%,,,
,,,,,,,
Vastrapur,Oct-Dec 2024,"7,175-10,825","9,000",8%,,,
Vastrapur,Jul-Sep 2024,"6,701-10,040","8,370",3%,,,
Vastrapur,Apr-Jun 2024,"6,633-9,683","8,158",1%,,,
Vastrapur,Jan-Mar 2024,"6,660-9,866","8,263",2%,,,
Vastrapur,Oct-Dec 2023,"6,463-9,719","8,091",4%,,,
Vastrapur,Jul-Sep 2023,"6,343-9,264","7,803",2%,,,
Vastrapur,Apr-Jun 2023,"6,237-9,104","7,670",5%,,,
Vastrapur,Jan-Mar 2023,"5,935-8,716","7,325",2%,,,
Vastrapur,Oct-Dec 2022,"5,865-8,429","7,147",2%,,,
Vastrapur,Jul-Sep 2022,"5,818-8,140","6,979",1%,,,
Vastrapur,Apr-Jun 2022,"5,877-7,897","6,887",3%,,,
Vastrapur,Jan-Mar 2022,"5,829-7,564","6,696",2%,,,
Vastrapur,Oct-Dec 2021,"5,715-7,885","6,800",2%,,,
Vastrapur,Jul-Sep 2021,"5,700-8,111","6,906",4%,,,
Vastrapur,Apr-Jun 2021,"5,566-7,727","6,647",1%,,,
Vastrapur,Jan-Mar 2021,"5,533-7,829","6,681",4%,,,
Vastrapur,Oct-Dec 2020,"5,465-7,337","6,401",1%,,,
Vastrapur,Jul-Sep 2020,"5,501-7,228","6,365",2%,,,
Vastrapur,Apr-Jun 2020,"5,681-7,298","6,490",1%,,,
Vastrapur,Jan-Mar 2020,"5,760-7,406","6,583",1%,,,
Vastrapur,Oct-Dec 2019,"5,753-7,589","6,671",0.20%,,,
Vastrapur,Jul-Sep 2019,"5,765-7,551","6,658",0.30%,,,
Vastrapur,Apr-Jun 2019,"5,654-7,615","6,635",1%,,,
Vastrapur,Jan-Mar 2019,"5,580-7,514","6,547",3%,,,
Vastrapur,Oct-Dec 2018,"5,398-7,290","6,344",1%,,,
Vastrapur,Jul-Sep 2018,"5,335-7,217","6,276",4%,,,
Vastrapur,Apr-Jun 2018,"5,837-7,276","6,556",0.20%,,,
Vastrapur,Jan-Mar 2018,"5,817-7,328","6,572",1%,,,
Vastrapur,Oct-Dec 2017,"5,648-7,308","6,478",2%,,,
Vastrapur,Jul-Sep 2017,"5,488-7,227","6,358",3%,,,
Vastrapur,Apr-Jun 2017,"5,306-7,050","6,178",2%,,,
Vastrapur,Jan-Mar 2017,"5,170-6,912","6,041",1%,,,
Vastrapur,Oct-Dec 2016,"5,123-7,045","6,084",3%,,,
Vastrapur,Jul-Sep 2016,"5,262-7,286","6,274",3%,,,
Vastrapur,Apr-Jun 2016,"5,530-7,398","6,464",3%,,,
Vastrapur,Jan-Mar 2016,"5,189-7,346","6,267",1%,,,
Vastrapur,Oct-Dec 2015,"5,243-7,408","6,326",2%,,,
Vastrapur,Jul-Sep 2015,"5,296-7,676","6,486",4%,,,
Vastrapur,Apr-Jun 2015,"5,730-7,731","6,730",1%,,,
Vastrapur,Jan-Mar 2015,"5,885-7,472","6,679",2%,,,
Vastrapur,Oct-Dec 2014,"5,768-7,266","6,517",0.30%,,,
,,,,,,,
Vijay Cross Road,Oct-Dec 2024,"5,766 - 9,005","7,385",3%,,,
Vijay Cross Road,Jul-Sep 2024,"5,717 - 8,669","7,193",0.50%,,,
Vijay Cross Road,Apr-Jun 2024,"5,699 - 8,754","7,226",2%,,,
Vijay Cross Road,Jan-Mar 2024,"5,588 - 8,570","7,079",3%,,,
Vijay Cross Road,Oct-Dec 2023,"5,426 - 8,360","6,893",4%,,,
Vijay Cross Road,Jul-Sep 2023,"5,220 - 8,000","6,610",5%,,,
Vijay Cross Road,Apr-Jun 2023,"4,970 - 7,700","6,335",5%,,,
Vijay Cross Road,Jan-Mar 2023,"4,730 - 7,400","6,065",5%,,,
Vijay Cross Road,Oct-Dec 2022,"4,500 - 7,000","5,750",5%,,,
Vijay Cross Road,Jul-Sep 2022,"4,300 - 6,800","5,550",5%,,,
Vijay Cross Road,Apr-Jun 2022,"4,100 - 6,600","5,350",5%,,,
Vijay Cross Road,Jan-Mar 2022,"3,900 - 6,400","5,150",5%,,,
Vijay Cross Road,Oct-Dec 2021,"3,700 - 6,200","4,950",5%,,,
Vijay Cross Road,Jul-Sep 2021,"3,500 - 6,000","4,750",5%,,,
Vijay Cross Road,Apr-Jun 2021,"3,400 - 5,850","4,625",3%,,,
Vijay Cross Road,Jan-Mar 2021,"3,300 - 5,700","4,500",3%,,,
Vijay Cross Road,Oct-Dec 2020,"3,200 - 5,600","4,400",2%,,,
Vijay Cross Road,Jul-Sep 2020,"3,150 - 5,500","4,325",2%,,,
Vijay Cross Road,Apr-Jun 2020,"3,100 - 5,450","4,275",2%,,,
Vijay Cross Road,Jan-Mar 2020,"3,050 - 5,400","4,225",1%,,,
Vijay Cross Road,Oct-Dec 2019,"3,000 - 5,300","4,150",1%,,,
Vijay Cross Road,Jul-Sep 2019,"2,950 - 5,250","4,100",1%,,,
Vijay Cross Road,Apr-Jun 2019,"2,900 - 5,200","4,050",1%,,,
Vijay Cross Road,Jan-Mar 2019,"2,850 - 5,150","4,000",1%,,,
Vijay Cross Road,Oct-Dec 2018,"2,800 - 5,100","3,950",1%,,,
Vijay Cross Road,Jul-Sep 2018,"2,750 - 5,050","3,900",1%,,,
Vijay Cross Road,Apr-Jun 2018,"2,700 - 5,000","3,850",1%,,,
Vijay Cross Road,Jan-Mar 2018,"2,650 - 4,950","3,800",1%,,,
Vijay Cross Road,Oct-Dec 2017,"2,600 - 4,900","3,750",1%,,,
Vijay Cross Road,Jul-Sep 2017,"2,550 - 4,850","3,700",1%,,,
Vijay Cross Road,Apr-Jun 2017,"2,500 - 4,800","3,650",1%,,,
Vijay Cross Road,Jan-Mar 2017,"2,450 - 4,750","3,600",1%,,,
Vijay Cross Road,Oct-Dec 2016,"2,400 - 4,700","3,550",1%,,,
Vijay Cross Road,Jul-Sep 2016,"2,350 - 4,650","3,500",1%,,,
Vijay Cross Road,Apr-Jun 2016,"2,300 - 4,600","3,450",1%,,,
Vijay Cross Road,Jan-Mar 2016,"2,250 - 4,550","3,400",1%,,,
Vijay Cross Road,Oct-Dec 2015,"2,200 - 4,500","3,350",1%,,,
Vijay Cross Road,Jul-Sep 2015,"2,150 - 4,450","3,300",1%,,,
Vijay Cross Road,Apr-Jun 2015,"2,100 - 4,400","3,250",1%,,,
Vijay Cross Road,Jan-Mar 2015,"2,050 - 4,350","3,200",1%,,,
Vijay Cross Road,Oct-Dec 2014,"2,000 - 4,300","3,150",1%,,,
,,,,,,,
,,,,,,,
,,,,,,,
,,,,,,,
,,,,,,,
,,,,,,,
,,,,,,,
,,,,,,,
,,,,,,,
,,,,,,,
,,,,,,,
,,,,,,,
,,,,,,,
,,,,,,,
,,,,,,,
,,,,,,,
,,,,,,,
,,,,,,,
,,,,,,,
,,,,,,,
,,,,,,,
,,,,,,,
,,,,,,,
,,,,,,,
,,,,,,,
,,,,,,,
,,,,,,,
,,,,,,,
,,,,,,,
,,,,,,,
,,,,,,,
,,,,,,,
,,,,,,,
,,,,,,,
,,,,,,,
,,,,,,,
,,,,,,,
,,,,,,,
,,,,,,,
,,,,,,,
,,,,,,,
,,,,,,,
,,,,,,,
,,,,,,,
,,,,,,,
,,,,,,,
,,,,,,,
,,,,,,,
,,,,,,,
,,,,,,,
,,,,,,,
,,,,,,,
,,,,,,,
,,,,,,,
,,,,,,,
,,,,,,,
,,,,,,,
,,,,,,,
,,,,,,,
,,,,,,,
,,,,,,,
,,,,,,,
,,,,,,,
,,,,,,,
,,,,,,,
,,,,,,,
,,,,,,,
,,,,,,,
,,,,,,,
,,,,,,,
,,,,,,,
,,,,,,,
,,,,,,,
,,,,,,,
,,,,,,,
,,,,,,,
,,,,,,,
,,,,,,,
,,,,,,,
,,,,,,,
,,,,,,,
,,,,,,,
,,,,,,,
,,,,,,,
,,,,,,,
,,,,,,,
,,,,,,,
,,,,,,,
,,,,,,,
,,,,,,,
,,,,,,,
,,,,,,,
,,,,,,,
,,,,,,,
,,,,,,,
,,,,,,,
,,,,,,,
,,,,,,,
,,,,,,,
,,,,,,,
,,,,,,,
,,,,,,,
,,,,,,,
,,,,,,,
,,,,,,,
,,,,,,,
,,,,,,,
,,,,,,,
,,,,,,,
,,,,,,,
,,,,,,,
,,,,,,,
,,,,,,,
,,,,,,,
,,,,,,,
,,,,,,,
,,,,,,,
,,,,,,,
,,,,,,,
,,,,,,,
,,,,,,,
,,,,,,,
,,,,,,,
,,,,,,,
,,,,,,,
,,,,,,,
,,,,,,,
,,,,,,,
,,,,,,,
,,,,,,,
,,,,,,,
,,,,,,,
,,,,,,,
,,,,,,,
,,,,,,,
,,,,,,,
,,,,,,,
,,,,,,,
,,,,,,,
,,,,,,,
,,,,,,,
,,,,,,,
,,,,,,,
,,,,,,,
,,,,,,,
,,,,,,,
,,,,,,,
,,,,,,,
,,,,,,,
,,,,,,,
,,,,,,,
,,,,,,,
,,,,,,,
,,,,,,,
,,,,,,,
,,,,,,,
,,,,,,,
,,,,,,,
,,,,,,,
,,,,,,,
,,,,,,,
,,,,,,,
,,,,,,,
,,,,,,,
,,,,,,,
,,,,,,,
,,,,,,,
,,,,,,,
,,,,,,,
,,,,,,,
,,,,,,,
,,,,,,,
,,,,,,,
,,,,,,,
,,,,,,,
,,,,,,,
,,,,,,,
,,,,,,,
,,,,,,,
,,,,,,,
,,,,,,,
,,,,,,,
,,,,,,,
,,,,,,,
,,,,,,,
,,,,,,,
,,,,,,,
,,,,,,,
,,,,,,,
,,,,,,,
,,,,,,,
,,,,,,,
,,,,,,,
,,,,,,,
,,,,,,,
,,,,,,,
,,,,,,,
,,,,,,,
,,,,,,,
,,,,,,,
,,,,,,,
,,,,,,,
,,,,,,,
,,,,,,,
,,,,,,,
,,,,,,,
,,,,,,,
,,,,,,,
,,,,,,,
,,,,,,,
,,,,,,,
,,,,,,,
,,,,,,,
,,,,,,,
,,,,,,,
,,,,,,,
,,,,,,,
,,,,,,,
,,,,,,,
,,,,,,,
,,,,,,,
,,,,,,,
,,,,,,,
,,,,,,,
,,,,,,,
,,,,,,,
,,,,,,,
,,,,,,,
,,,,,,,
,,,,,,,
,,,,,,,
,,,,,,,
,,,,,,,
,,,,,,,
,,,,,,,
,,,,,,,
,,,,,,,
,,,,,,,
,,,,,,,
,,,,,,,
,,,,,,,
,,,,,,,
,,,,,,,
,,,,,,,
,,,,,,,
,,,,,,,
,,,,,,,
,,,,,,,
,,,,,,,
,,,,,,,
,,,,,,,
,,,,,,,
,,,,,,,
,,,,,,,
,,,,,,,
,,,,,,,
,,,,,,,
,,,,,,,
,,,,,,,
,,,,,,,
,,,,,,,
,,,,,,,
,,,,,,,
,,,,,,,
,,,,,,,
,,,,,,,
,,,,,,,
,,,,,,,
,,,,,,,
,,,,,,,
,,,,,,,
,,,,,,,
,,,,,,,
,,,,,,,
,,,,,,,
,,,,,,,
,,,,,,,
,,,,,,,
,,,,,,,
,,,,,,,
,,,,,,,
,,,,,,,
,,,,,,,
,,,,,,,
,,,,,,,
,,,,,,,
,,,,,,,
,,,,,,,
,,,,,,,
,,,,,,,
,,,,,,,
,,,,,,,
,,,,,,,
,,,,,,,
,,,,,,,
,,,,,,,
,,,,,,,
,,,,,,,
,,,,,,,
,,,,,,,
,,,,,,,
,,,,,,,
,,,,,,,
,,,,,,,
,,,,,,,
,,,,,,,
,,,,,,,
,,,,,,,
,,,,,,,
,,,,,,,
,,,,,,,
,,,,,,,
,,,,,,,
,,,,,,,
,,,,,,,
,,,,,,,
,,,,,,,
,,,,,,,
,,,,,,,
,,,,,,,
,,,,,,,
,,,,,,,
,,,,,,,
,,,,,,,
,,,,,,,
,,,,,,,
,,,,,,,
,,,,,,,
,,,,,,,
,,,,,,,
,,,,,,,
,,,,,,,
,,,,,,,
,,,,,,,
,,,,,,,
,,,,,,,
,,,,,,,
,,,,,,,
,,,,,,,
,,,,,,,
,,,,,,,
,,,,,,,
,,,,,,,
,,,,,,,
,,,,,,,
,,,,,,,
,,,,,,,
,,,,,,,
,,,,,,,
,,,,,,,
,,,,,,,
,,,,,,,
,,,,,,,
,,,,,,,
,,,,,,,
,,,,,,,
,,,,,,,
,,,,,,,
,,,,,,,
,,,,,,,
,,,,,,,
,,,,,,,
,,,,,,,
,,,,,,,
,,,,,,,
,,,,,,,
,,,,,,,
,,,,,,,
,,,,,,,
,,,,,,,
,,,,,,,
,,,,,,,
,,,,,,,
,,,,,,,
,,,,,,,
,,,,,,,
,,,,,,,
,,,,,,,
,,,,,,,
,,,,,,,
,,,,,,,
,,,,,,,
,,,,,,,
,,,,,,,
,,,,,,,
,,,,,,,
,,,,,,,
,,,,,,,
,,,,,,,
,,,,,,,
,,,,,,,
,,,,,,,
,,,,,,,
,,,,,,,
,,,,,,,
,,,,,,,
,,,,,,,
,,,,,,,
,,,,,,,
,,,,,,,
,,,,,,,
,,,,,,,
,,,,,,,
,,,,,,,
,,,,,,,
,,,,,,,
,,,,,,,
,,,,,,,
,,,,,,,
,,,,,,,
,,,,,,,
,,,,,,,
,,,,,,,
,,,,,,,
,,,,,,,
,,,,,,,
,,,,,,,
,,,,,,,
,,,,,,,
,,,,,,,
,,,,,,,
,,,,,,,
,,,,,,,
,,,,,,,
,,,,,,,
,,,,,,,
,,,,,,,
,,,,,,,
,,,,,,,
,,,,,,,
,,,,,,,
,,,,,,,
,,,,,,,
,,,,,,,
,,,,,,,
,,,,,,,
,,,,,,,
,,,,,,,
,,,,,,,
,,,,,,,
,,,,,,,
,,,,,,,
,,,,,,,
,,,,,,,
,,,,,,,
,,,,,,,
,,,,,,,
,,,,,,,
,,,,,,,
,,,,,,,
,,,,,,,
,,,,,,,
,,,,,,,
,,,,,,,
,,,,,,,
,,,,,,,
,,,,,,,
,,,,,,,
,,,,,,,
,,,,,,,
,,,,,,,
,,,,,,,
,,,,,,,
,,,,,,,
,,,,,,,
,,,,,,,
,,,,,,,
,,,,,,,
,,,,,,,
,,,,,,,
,,,,,,,
,,,,,,,
,,,,,,,
,,,,,,,
,,,,,,,
,,,,,,,
,,,,,,,
,,,,,,,
,,,,,,,
,,,,,,,
,,,,,,,
,,,,,,,
,,,,,,,
,,,,,,,
,,,,,,,
,,,,,,,
,,,,,,,
,,,,,,,
,,,,,,,
,,,,,,,
,,,,,,,
,,,,,,,
,,,,,,,
,,,,,,,
,,,,,,,
,,,,,,,
,,,,,,,
,,,,,,,
,,,,,,,
,,,,,,,
,,,,,,,
,,,,,,,
,,,,,,,
,,,,,,,
,,,,,,,
,,,,,,,
,,,,,,,
,,,,,,,
,,,,,,,
,,,,,,,
,,,,,,,
,,,,,,,
,,,,,,,
,,,,,,,
,,,,,,,
,,,,,,,
,,,,,,,
,,,,,,,
,,,,,,,
,,,,,,,
,,,,,,,
,,,,,,,
,,,,,,,
,,,,,,,
,,,,,,,
,,,,,,,
,,,,,,,
,,,,,,,
,,,,,,,
,,,,,,,
,,,,,,,
,,,,,,,
,,,,,,,
,,,,,,,
,,,,,,,
,,,,,,,
,,,,,,,
,,,,,,,
,,,,,,,
,,,,,,,
,,,,,,,
,,,,,,,
,,,,,,,
,,,,,,,
,,,,,,,
,,,,,,,
,,,,,,,
,,,,,,,
,,,,,,,
,,,,,,,
,,,,,,,
,,,,,,,
,,,,,,,
,,,,,,,
,,,,,,,
,,,,,,,
,,,,,,,
,,,,,,,
,,,,,,,
,,,,,,,
,,,,,,,
,,,,,,,
,,,,,,,
,,,,,,,
,,,,,,,
,,,,,,,
,,,,,,,
,,,,,,,
,,,,,,,
,,,,,,,
,,,,,,,
,,,,,,,
,,,,,,,
,,,,,,,
,,,,,,,
,,,,,,,
,,,,,,,
,,,,,,,
,,,,,,,
,,,,,,,
,,,,,,,
,,,,,,,
,,,,,,,
,,,,,,,
,,,,,,,
,,,,,,,
,,,,,,,
,,,,,,,
,,,,,,,
,,,,,,,
,,,,,,,
,,,,,,,
,,,,,,,
,,,,,,,
,,,,,,,
,,,,,,,
,,,,,,,
,,,,,,,
,,,,,,,
,,,,,,,
,,,,,,,
,,,,,,,
,,,,,,,
,,,,,,,
,,,,,,,
,,,,,,,
,,,,,,,
,,,,,,,
,,,,,,,
,,,,,,,
,,,,,,,
,,,,,,,
,,,,,,,
,,,,,,,
,,,,,,,
,,,,,,,
,,,,,,,
,,,,,,,
,,,,,,,
,,,,,,,
,,,,,,,
,,,,,,,
,,,,,,,
,,,,,,,
,,,,,,,
,,,,,,,
,,,,,,,
,,,,,,,
,,,,,,,
,,,,,,,
,,,,,,,
,,,,,,,
,,,,,,,
,,,,,,,
,,,,,,,
,,,,,,,
,,,,,,,
,,,,,,,
,,,,,,,
,,,,,,,
,,,,,,,
,,,,,,,
,,,,,,,
,,,,,,,
,,,,,,,
,,,,,,,
,,,,,,,
,,,,,,,
,,,,,,,
,,,,,,,
,,,,,,,
,,,,,,,
,,,,,,,
,,,,,,,
,,,,,,,
,,,,,,,
,,,,,,,
,,,,,,,
,,,,,,,
,,,,,,,
,,,,,,,
,,,,,,,
,,,,,,,
,,,,,,,
,,,,,,,
,,,,,,,
,,,,,,,
,,,,,,,
,,,,,,,
,,,,,,,
,,,,,,,
,,,,,,,
,,,,,,,
,,,,,,,
,,,,,,,
,,,,,,,
,,,,,,,
,,,,,,,
,,,,,,,
,,,,,,,
,,,,,,,
,,,,,,,
,,,,,,,
,,,,,,,
,,,,,,,
,,,,,,,
,,,,,,,
,,,,,,,
,,,,,,,
,,,,,,,
,,,,,,,
,,,,,,,
,,,,,,,
,,,,,,,
,,,,,,,
,,,,,,,
,,,,,,,
,,,,,,,
,,,,,,,
,,,,,,,
,,,,,,,
,,,,,,,
,,,,,,,
,,,,,,,
,,,,,,,
,,,,,,,
,,,,,,,
,,,,,,,
,,,,,,,
,,,,,,,
,,,,,,,
,,,,,,,
,,,,,,,
,,,,,,,
,,,,,,,
,,,,,,,
,,,,,,,
,,,,,,,
,,,,,,,
,,,,,,,
,,,,,,,
,,,,,,,
,,,,,,,
,,,,,,,
,,,,,,,
,,,,,,,
,,,,,,,
,,,,,,,
,,,,,,,
,,,,,,,
,,,,,,,
,,,,,,,
,,,,,,,
,,,,,,,
,,,,,,,
,,,,,,,
,,,,,,,
,,,,,,,
,,,,,,,
,,,,,,,
,,,,,,,
,,,,,,,
,,,,,,,
,,,,,,,
,,,,,,,
,,,,,,,
,,,,,,,
,,,,,,,
,,,,,,,
,,,,,,,
,,,,,,,
,,,,,,,
,,,,,,,
,,,,,,,
,,,,,,,
,,,,,,,
,,,,,,,
,,,,,,,
,,,,,,,
,,,,,,,
,,,,,,,
,,,,,,,
,,,,,,,
,,,,,,,
,,,,,,,
,,,,,,,
,,,,,,,
,,,,,,,
,,,,,,,
,,,,,,,
,,,,,,,
,,,,,,,
,,,,,,,
,,,,,,,
,,,,,,,
,,,,,,,
,,,,,,,
,,,,,,,
,,,,,,,
,,,,,,,
,,,,,,,
,,,,,,,
,,,,,,,
,,,,,,,
,,,,,,,
,,,,,,,
,,,,,,,
,,,,,,,
,,,,,,,
,,,,,,,
,,,,,,,
,,,,,,,
,,,,,,,
,,,,,,,
,,,,,,,
,,,,,,,
,,,,,,,
,,,,,,,
,,,,,,,
,,,,,,,
,,,,,,,
,,,,,,,
,,,,,,,
,,,,,,,
,,,,,,,
,,,,,,,
,,,,,,,
,,,,,,,
,,,,,,,
,,,,,,,
,,,,,,,
,,,,,,,
,,,,,,,
,,,,,,,
,,,,,,,
,,,,,,,
,,,,,,,
,,,,,,,
,,,,,,,
,,,,,,,
,,,,,,,
,,,,,,,
,,,,,,,
,,,,,,,
,,,,,,,
,,,,,,,
,,,,,,,
,,,,,,,
,,,,,,,
,,,,,,,
,,,,,,,
,,,,,,,
