,location,quarter,year,min_price,max_price,avg_price,latitude,longitude,Risk
0,100 Feet Ring Road,Jan-Mar,2024,6658.540375,12574.3369,9770.560714,12.9557,77.6013,Moderate
28,100 Feet Ring Road,Apr-Jun,2024,6740.005214,12728.17938,9890.1,12.9557,77.6013,Moderate
56,100 Feet Ring Road,Jul-Sep,2024,6756.91889,12760.12005,9914.918667,12.9557,77.6013,Moderate
84,100 Feet Ring Road,Oct-Dec,2024,6678.596142,12612.21126,9799.99,12.9557,77.6013,Moderate
112,100 Feet Ring Road,Jan-Mar,2025,6570.09302,12407.30828,9640.775476,12.9557,77.6013,Moderate
140,100 Feet Ring Road,Apr-Jun,2025,6581.724434,12429.27365,9657.843095,12.9557,77.6013,Moderate
168,100 Feet Ring Road,Jul-Sep,2025,6533.529421,12338.25966,9587.123048,12.9557,77.6013,Moderate
196,100 Feet Ring Road,Oct-Dec,2025,5003.354685,9448.597424,7341.786333,12.9557,77.6013,Moderate
224,100 Feet Ring Road,Jan-Mar,2026,6089.488842,11499.71014,8935.55,12.9557,77.6013,Moderate
252,100 Feet Ring Road,Apr-Jun,2026,6096.923899,11513.75089,8946.46,12.9557,77.6013,Moderate
280,100 Feet Ring Road,Jul-Sep,2026,6142.651884,11600.10601,9013.56,12.9557,77.6013,Moderate
308,100 Feet Ring Road,Oct-Dec,2026,6019.445289,11367.43622,8832.77,12.9557,77.6013,Moderate
336,100 Feet Ring Road,Jan-Mar,2027,6312.438327,11920.73964,9262.7,12.9557,77.6013,Moderate
364,100 Feet Ring Road,Apr-Jun,2027,6318.06062,11931.35707,9270.95,12.9557,77.6013,Moderate
392,100 Feet Ring Road,Jul-Sep,2027,6384.117455,12056.10226,9367.88,12.9557,77.6013,Moderate
420,100 Feet Ring Road,Oct-Dec,2027,6274.888223,11849.82805,9207.6,12.9557,77.6013,Moderate
448,100 Feet Ring Road,Jan-Mar,2028,6376.60062,12041.90708,9356.85,12.9557,77.6013,Moderate
476,100 Feet Ring Road,Apr-Jun,2028,6409.509777,12104.05446,9405.14,12.9557,77.6013,Moderate
504,100 Feet Ring Road,Jul-Sep,2028,6269.027408,11838.76018,9199.0,12.9557,77.6013,Moderate
532,100 Feet Ring Road,Oct-Dec,2028,6425.933688,12135.07023,9429.24,12.9557,77.6013,Moderate
560,100 Feet Ring Road,Jan-Mar,2029,6510.397571,12294.57626,9553.18,12.9557,77.6013,Moderate
588,100 Feet Ring Road,Apr-Jun,2029,6539.70846,12349.92848,9596.19,12.9557,77.6013,Moderate
616,100 Feet Ring Road,Jul-Sep,2029,6382.154764,12052.39581,9365.0,12.9557,77.6013,Moderate
644,100 Feet Ring Road,Oct-Dec,2029,6444.102214,12169.38063,9455.9,12.9557,77.6013,Moderate
672,100 Feet Ring Road,Jan-Mar,2030,6658.540375,12574.3369,9770.560714,12.9557,77.6013,Moderate
700,100 Feet Ring Road,Apr-Jun,2030,6740.005214,12728.17938,9890.1,12.9557,77.6013,Moderate
728,100 Feet Ring Road,Jul-Sep,2030,6756.91889,12760.12005,9914.918667,12.9557,77.6013,Moderate
756,100 Feet Ring Road,Oct-Dec,2030,6678.596142,12612.21126,9799.99,12.9557,77.6013,Moderate
784,11th Main Road Malleshwaram,Jan-Mar,2024,6293.284708,10599.70114,8591.45,13.00387758,77.57542389,Moderate
785,11th Main Road Malleshwaram,Apr-Jun,2024,6410.214567,10796.64465,8751.08,13.00387758,77.57542389,Moderate
786,11th Main Road Malleshwaram,Jul-Sep,2024,5948.565648,10019.09512,8120.847333,13.00387758,77.57542389,Moderate
787,11th Main Road Malleshwaram,Oct-Dec,2024,6528.241719,10995.43632,8912.208,13.00387758,77.57542389,Moderate
788,11th Main Road Malleshwaram,Jan-Mar,2025,6547.061252,11027.13382,8937.9,13.00387758,77.57542389,Moderate
789,11th Main Road Malleshwaram,Apr-Jun,2025,6668.224993,11231.2084,9103.31,13.00387758,77.57542389,Moderate
790,11th Main Road Malleshwaram,Jul-Sep,2025,5526.086975,9307.519546,7544.089,13.00387758,77.57542389,Moderate
791,11th Main Road Malleshwaram,Oct-Dec,2025,4881.029657,8221.05753,6663.471333,13.00387758,77.57542389,Moderate
792,11th Main Road Malleshwaram,Jan-Mar,2026,4382.463435,7381.328645,5982.84,13.00387758,77.57542389,Moderate
793,11th Main Road Malleshwaram,Apr-Jun,2026,4369.725164,7359.873734,5965.45,13.00387758,77.57542389,Moderate
794,11th Main Road Malleshwaram,Jul-Sep,2026,4449.736744,7494.636242,6074.68,13.00387758,77.57542389,Moderate
795,11th Main Road Malleshwaram,Oct-Dec,2026,4513.757728,7602.465989,6162.08,13.00387758,77.57542389,Moderate
796,11th Main Road Malleshwaram,Jan-Mar,2027,4674.198416,7872.694244,6381.11,13.00387758,77.57542389,Moderate
797,11th Main Road Malleshwaram,Apr-Jun,2027,4679.157479,7881.046732,6387.88,13.00387758,77.57542389,Moderate
798,11th Main Road Malleshwaram,Jul-Sep,2027,4774.5883,8041.779677,6518.16,13.00387758,77.57542389,Moderate
799,11th Main Road Malleshwaram,Oct-Dec,2027,4912.16749,8273.502596,6705.98,13.00387758,77.57542389,Moderate
800,11th Main Road Malleshwaram,Jan-Mar,2028,5216.428316,8785.965319,7121.35,13.00387758,77.57542389,Moderate
801,11th Main Road Malleshwaram,Apr-Jun,2028,5290.37475,8910.512378,7222.3,13.00387758,77.57542389,Moderate
802,11th Main Road Malleshwaram,Jul-Sep,2028,5342.104291,8997.639801,7292.92,13.00387758,77.57542389,Moderate
803,11th Main Road Malleshwaram,Oct-Dec,2028,5527.281691,9309.531792,7545.72,13.00387758,77.57542389,Moderate
804,11th Main Road Malleshwaram,Jan-Mar,2029,5614.618326,9456.6318,7664.95,13.00387758,77.57542389,Moderate
805,11th Main Road Malleshwaram,Apr-Jun,2029,5695.633439,9593.084547,7775.55,13.00387758,77.57542389,Moderate
806,11th Main Road Malleshwaram,Jul-Sep,2029,5767.565483,9714.238793,7873.75,13.00387758,77.57542389,Moderate
807,11th Main Road Malleshwaram,Oct-Dec,2029,5957.701945,10034.48327,8133.32,13.00387758,77.57542389,Moderate
808,11th Main Road Malleshwaram,Jan-Mar,2030,6293.284708,10599.70114,8591.45,13.00387758,77.57542389,Moderate
809,11th Main Road Malleshwaram,Apr-Jun,2030,6410.214567,10796.64465,8751.08,13.00387758,77.57542389,Moderate
810,11th Main Road Malleshwaram,Jul-Sep,2030,5948.565648,10019.09512,8120.847333,13.00387758,77.57542389,Moderate
811,11th Main Road Malleshwaram,Oct-Dec,2030,6528.241719,10995.43632,8912.208,13.00387758,77.57542389,Moderate
812,Aga Abbas Ali Road,Jan-Mar,2024,9788.173276,16359.68914,13112.83,12.977376,77.6176664,Low
840,Aga Abbas Ali Road,Apr-Jun,2024,9864.550831,16487.34453,13215.15,12.977376,77.6176664,Low
868,Aga Abbas Ali Road,Jul-Sep,2024,10099.87163,16880.65337,13530.4,12.977376,77.6176664,Low
896,Aga Abbas Ali Road,Oct-Dec,2024,9540.580713,15945.8696,12781.14,12.977376,77.6176664,Low
924,Aga Abbas Ali Road,Jan-Mar,2025,9961.924749,16650.09267,13345.598,12.977376,77.6176664,Low
952,Aga Abbas Ali Road,Apr-Jun,2025,9965.868534,16656.68421,13350.88133,12.977376,77.6176664,Low
980,Aga Abbas Ali Road,Jul-Sep,2025,9242.744329,15448.07389,12382.14033,12.977376,77.6176664,Low
1008,Aga Abbas Ali Road,Oct-Dec,2025,6658.940374,11129.57356,8920.72,12.977376,77.6176664,Low
1036,Aga Abbas Ali Road,Jan-Mar,2026,7528.339689,12582.66416,10085.42,12.977376,77.6176664,Low
1064,Aga Abbas Ali Road,Apr-Jun,2026,7556.503539,12629.73646,10123.15,12.977376,77.6176664,Low
1092,Aga Abbas Ali Road,Jul-Sep,2026,7669.218656,12818.12547,10274.15,12.977376,77.6176664,Low
1120,Aga Abbas Ali Road,Oct-Dec,2026,7790.107485,13020.1758,10436.1,12.977376,77.6176664,Low
1148,Aga Abbas Ali Road,Jan-Mar,2027,7921.685588,13240.0919,10612.37,12.977376,77.6176664,Low
1176,Aga Abbas Ali Road,Apr-Jun,2027,8004.74394,13378.91339,10723.64,12.977376,77.6176664,Low
1204,Aga Abbas Ali Road,Jul-Sep,2027,8121.952732,13574.81301,10880.66,12.977376,77.6176664,Low
1232,Aga Abbas Ali Road,Oct-Dec,2027,8288.830821,13853.72855,11104.22,12.977376,77.6176664,Low
1260,Aga Abbas Ali Road,Jan-Mar,2028,8646.682656,14451.83247,11583.62,12.977376,77.6176664,Low
1288,Aga Abbas Ali Road,Apr-Jun,2028,8663.477955,14479.90368,11606.12,12.977376,77.6176664,Low
1316,Aga Abbas Ali Road,Jul-Sep,2028,8787.404866,14687.03178,11772.14,12.977376,77.6176664,Low
1344,Aga Abbas Ali Road,Oct-Dec,2028,8849.084668,14790.12174,11854.77,12.977376,77.6176664,Low
1372,Aga Abbas Ali Road,Jan-Mar,2029,9215.393869,15402.36107,12345.5,12.977376,77.6176664,Low
1400,Aga Abbas Ali Road,Apr-Jun,2029,9268.019139,15490.31753,12416.0,12.977376,77.6176664,Low
1428,Aga Abbas Ali Road,Jul-Sep,2029,9217.551132,15405.96666,12348.39,12.977376,77.6176664,Low
1456,Aga Abbas Ali Road,Oct-Dec,2029,9344.852032,15618.73396,12518.93,12.977376,77.6176664,Low
1484,Aga Abbas Ali Road,Jan-Mar,2030,9788.173276,16359.68914,13112.83,12.977376,77.6176664,Low
1512,Aga Abbas Ali Road,Apr-Jun,2030,9864.550831,16487.34453,13215.15,12.977376,77.6176664,Low
1540,Aga Abbas Ali Road,Jul-Sep,2030,10099.87163,16880.65337,13530.4,12.977376,77.6176664,Low
1568,Aga Abbas Ali Road,Oct-Dec,2030,9540.580713,15945.8696,12781.14,12.977376,77.6176664,Low
1596,Akshayanagar,Jan-Mar,2024,4634.435871,7447.372627,6041.01,12.8694,77.6164,Moderate
1624,Akshayanagar,Apr-Jun,2024,4536.162365,7289.450618,5912.91,12.8694,77.6164,Moderate
1652,Akshayanagar,Jul-Sep,2024,4731.469131,7603.301605,6167.493333,12.8694,77.6164,Moderate
1680,Akshayanagar,Oct-Dec,2024,7376.588908,11853.91445,9615.42,12.8694,77.6164,Moderate
1708,Akshayanagar,Jan-Mar,2025,5765.376487,9264.753732,7515.196667,12.8694,77.6164,Moderate
1736,Akshayanagar,Apr-Jun,2025,5630.487341,9047.9917,7339.368,12.8694,77.6164,Moderate
1764,Akshayanagar,Jul-Sep,2025,5365.332992,8621.89815,6993.738,12.8694,77.6164,Moderate
1792,Akshayanagar,Oct-Dec,2025,4543.741929,7301.630708,5922.79,12.8694,77.6164,Moderate
1820,Akshayanagar,Jan-Mar,2026,4165.74566,6694.204227,5430.07,12.8694,77.6164,Moderate
1848,Akshayanagar,Apr-Jun,2026,4169.849979,6700.799721,5435.42,12.8694,77.6164,Moderate
1876,Akshayanagar,Jul-Sep,2026,4122.62346,6624.908395,5373.86,12.8694,77.6164,Moderate
1904,Akshayanagar,Oct-Dec,2026,4190.195126,6733.493645,5461.94,12.8694,77.6164,Moderate
1932,Akshayanagar,Jan-Mar,2027,4310.217688,6926.365607,5618.39,12.8694,77.6164,Moderate
1960,Akshayanagar,Apr-Jun,2027,4357.137341,7001.763812,5679.55,12.8694,77.6164,Moderate
1988,Akshayanagar,Jul-Sep,2027,4372.334829,7026.18563,5699.36,12.8694,77.6164,Moderate
2016,Akshayanagar,Oct-Dec,2027,4357.08364,7001.677515,5679.48,12.8694,77.6164,Moderate
2044,Akshayanagar,Jan-Mar,2028,4236.378304,6807.70836,5522.14,12.8694,77.6164,Moderate
2072,Akshayanagar,Apr-Jun,2028,4181.280699,6719.168479,5450.32,12.8694,77.6164,Moderate
2100,Akshayanagar,Jul-Sep,2028,4274.099681,6868.325262,5571.31,12.8694,77.6164,Moderate
2128,Akshayanagar,Oct-Dec,2028,4380.267288,7038.932809,5709.7,12.8694,77.6164,Moderate
2156,Akshayanagar,Jan-Mar,2029,4493.239627,7220.475315,5856.96,12.8694,77.6164,Moderate
2184,Akshayanagar,Apr-Jun,2029,4446.910688,7146.026368,5796.57,12.8694,77.6164,Moderate
2212,Akshayanagar,Jul-Sep,2029,4337.843206,6970.758827,5654.4,12.8694,77.6164,Moderate
2240,Akshayanagar,Oct-Dec,2029,4460.911402,7168.525015,5814.82,12.8694,77.6164,Moderate
2268,Akshayanagar,Jan-Mar,2030,4634.435871,7447.372627,6041.01,12.8694,77.6164,Moderate
2296,Akshayanagar,Apr-Jun,2030,4536.162365,7289.450618,5912.91,12.8694,77.6164,Moderate
2324,Akshayanagar,Jul-Sep,2030,4731.469131,7603.301605,6167.493333,12.8694,77.6164,Moderate
2352,Akshayanagar,Oct-Dec,2030,7376.588908,11853.91445,9615.42,12.8694,77.6164,Moderate
2380,Amrutahalli,Jan-Mar,2024,5620.449242,9047.837287,7334.12,13.0662319,77.6007646,Moderate
2408,Amrutahalli,Apr-Jun,2024,5481.281409,8823.803968,7152.52,13.0662319,77.6007646,Moderate
2436,Amrutahalli,Jul-Sep,2024,5706.800736,9186.846508,7446.8,13.0662319,77.6007646,Moderate
2464,Amrutahalli,Oct-Dec,2024,5643.178966,9084.427751,7363.78,13.0662319,77.6007646,Moderate
2492,Amrutahalli,Jan-Mar,2025,6341.755504,10209.001,8275.352,13.0662319,77.6007646,Moderate
2520,Amrutahalli,Apr-Jun,2025,5905.177737,9506.195149,7705.662,13.0662319,77.6007646,Moderate
2548,Amrutahalli,Jul-Sep,2025,5829.603576,9384.535352,7607.045333,13.0662319,77.6007646,Moderate
2576,Amrutahalli,Oct-Dec,2025,4454.527811,7170.929066,5812.71,13.0662319,77.6007646,Moderate
2604,Amrutahalli,Jan-Mar,2026,4299.481359,6921.334235,5610.39,13.0662319,77.6007646,Moderate
2632,Amrutahalli,Apr-Jun,2026,4229.912769,6809.342248,5519.61,13.0662319,77.6007646,Moderate
2660,Amrutahalli,Jul-Sep,2026,4307.144785,6933.670872,5620.39,13.0662319,77.6007646,Moderate
2688,Amrutahalli,Oct-Dec,2026,4269.616984,6873.258362,5571.42,13.0662319,77.6007646,Moderate
2716,Amrutahalli,Jan-Mar,2027,4642.205136,7473.053295,6057.61,13.0662319,77.6007646,Moderate
2744,Amrutahalli,Apr-Jun,2027,4642.871854,7474.126582,6058.48,13.0662319,77.6007646,Moderate
2772,Amrutahalli,Jul-Sep,2027,4556.49737,7335.080352,5945.77,13.0662319,77.6007646,Moderate
2800,Amrutahalli,Oct-Dec,2027,4495.120984,7236.27623,5865.68,13.0662319,77.6007646,Moderate
2828,Amrutahalli,Jan-Mar,2028,4500.232489,7244.504766,5872.35,13.0662319,77.6007646,Moderate
2856,Amrutahalli,Apr-Jun,2028,4606.861411,7416.156727,6011.49,13.0662319,77.6007646,Moderate
2884,Amrutahalli,Jul-Sep,2028,4444.496386,7154.780408,5799.62,13.0662319,77.6007646,Moderate
2912,Amrutahalli,Oct-Dec,2028,4525.284232,7284.833231,5905.04,13.0662319,77.6007646,Moderate
2940,Amrutahalli,Jan-Mar,2029,4423.046454,7120.250163,5771.63,13.0662319,77.6007646,Moderate
2968,Amrutahalli,Apr-Jun,2029,4662.214344,7505.264253,6083.72,13.0662319,77.6007646,Moderate
2996,Amrutahalli,Jul-Sep,2029,4728.694572,7612.284575,6170.47,13.0662319,77.6007646,Moderate
3024,Amrutahalli,Oct-Dec,2029,4682.062619,7537.216142,6109.62,13.0662319,77.6007646,Moderate
3052,Amrutahalli,Jan-Mar,2030,5620.449242,9047.837287,7334.12,13.0662319,77.6007646,Moderate
3080,Amrutahalli,Apr-Jun,2030,5481.281409,8823.803968,7152.52,13.0662319,77.6007646,Moderate
3108,Amrutahalli,Jul-Sep,2030,5706.800736,9186.846508,7446.8,13.0662319,77.6007646,Moderate
3136,Amrutahalli,Oct-Dec,2030,5643.178966,9084.427751,7363.78,13.0662319,77.6007646,Moderate
3164,Amruthahalli Main Road,Jan-Mar,2024,5708.100523,9149.639477,7428.87,13.06453992,77.60585116,Moderate
3192,Amruthahalli Main Road,Apr-Jun,2024,5624.70194,9015.95806,7320.33,13.06453992,77.60585116,Moderate
3220,Amruthahalli Main Road,Jul-Sep,2024,5840.298111,9361.541889,7600.92,13.06453992,77.60585116,Moderate
3248,Amruthahalli Main Road,Oct-Dec,2024,5352.684561,8579.935439,6966.31,13.06453992,77.60585116,Moderate
3276,Amruthahalli Main Road,Jan-Mar,2025,6194.215756,9928.844244,8061.53,13.06453992,77.60585116,Moderate
3304,Amruthahalli Main Road,Apr-Jun,2025,6104.478144,9785.001856,7944.74,13.06453992,77.60585116,Moderate
3332,Amruthahalli Main Road,Jul-Sep,2025,5992.743457,9605.899877,7799.321667,13.06453992,77.60585116,Moderate
3360,Amruthahalli Main Road,Oct-Dec,2025,4520.435241,7245.904759,5883.17,13.06453992,77.60585116,Moderate
3388,Amruthahalli Main Road,Jan-Mar,2026,4303.002673,6897.377327,5600.19,13.06453992,77.60585116,Moderate
3416,Amruthahalli Main Road,Apr-Jun,2026,4241.087639,6798.132361,5519.61,13.06453992,77.60585116,Moderate
3444,Amruthahalli Main Road,Jul-Sep,2026,4318.523692,6922.256308,5620.39,13.06453992,77.60585116,Moderate
3472,Amruthahalli Main Road,Oct-Dec,2026,4270.139605,6844.700395,5557.42,13.06453992,77.60585116,Moderate
3500,Amruthahalli Main Road,Jan-Mar,2027,4646.631881,7448.188119,6047.41,13.06453992,77.60585116,Moderate
3528,Amruthahalli Main Road,Apr-Jun,2027,4655.137707,7461.822293,6058.48,13.06453992,77.60585116,Moderate
3556,Amruthahalli Main Road,Jul-Sep,2027,4568.535032,7323.004968,5945.77,13.06453992,77.60585116,Moderate
3584,Amruthahalli Main Road,Oct-Dec,2027,4488.471163,7194.668837,5841.57,13.06453992,77.60585116,Moderate
3612,Amruthahalli Main Road,Jan-Mar,2028,4449.44579,7132.11421,5790.78,13.06453992,77.60585116,Moderate
3640,Amruthahalli Main Road,Apr-Jun,2028,4564.654778,7316.785222,5940.72,13.06453992,77.60585116,Moderate
3668,Amruthahalli Main Road,Jul-Sep,2028,4407.900172,7065.519828,5736.71,13.06453992,77.60585116,Moderate
3696,Amruthahalli Main Road,Oct-Dec,2028,4462.738543,7153.421457,5808.08,13.06453992,77.60585116,Moderate
3724,Amruthahalli Main Road,Jan-Mar,2029,4356.773014,6983.566986,5670.17,13.06453992,77.60585116,Moderate
3752,Amruthahalli Main Road,Apr-Jun,2029,4602.373927,7377.246073,5989.81,13.06453992,77.60585116,Moderate
3780,Amruthahalli Main Road,Jul-Sep,2029,4685.226969,7510.053031,6097.64,13.06453992,77.60585116,Moderate
3808,Amruthahalli Main Road,Oct-Dec,2029,4565.223369,7317.696631,5941.46,13.06453992,77.60585116,Moderate
3836,Amruthahalli Main Road,Jan-Mar,2030,5708.100523,9149.639477,7428.87,13.06453992,77.60585116,Moderate
3864,Amruthahalli Main Road,Apr-Jun,2030,5624.70194,9015.95806,7320.33,13.06453992,77.60585116,Moderate
3892,Amruthahalli Main Road,Jul-Sep,2030,5840.298111,9361.541889,7600.92,13.06453992,77.60585116,Moderate
3920,Amruthahalli Main Road,Oct-Dec,2030,5352.684561,8579.935439,6966.31,13.06453992,77.60585116,Moderate
3948,Anekal Main Road,Jan-Mar,2024,3189.601985,5387.815829,4288.91,12.79737939,77.70639222,Moderate
3976,Anekal Main Road,Apr-Jun,2024,3155.377559,5330.00457,4242.89,12.79737939,77.70639222,Moderate
4004,Anekal Main Road,Jul-Sep,2024,3474.676631,5869.358571,4672.236667,12.79737939,77.70639222,Moderate
4032,Anekal Main Road,Oct-Dec,2024,3696.11903,6243.414916,4970.0,12.79737939,77.70639222,Moderate
4060,Anekal Main Road,Jan-Mar,2025,3860.414124,6520.939106,5190.92,12.79737939,77.70639222,Moderate
4088,Anekal Main Road,Apr-Jun,2025,4533.256524,7657.491865,6095.66,12.79737939,77.70639222,Moderate
4116,Anekal Main Road,Jul-Sep,2025,3727.056364,6295.673681,5011.6,12.79737939,77.70639222,Moderate
4144,Anekal Main Road,Oct-Dec,2025,3959.197924,6687.802849,5323.75,12.79737939,77.70639222,Moderate
4172,Anekal Main Road,Jan-Mar,2026,3144.817219,5312.166242,4228.69,12.79737939,77.70639222,Moderate
4200,Anekal Main Road,Apr-Jun,2026,3099.556494,5235.712674,4167.83,12.79737939,77.70639222,Moderate
4228,Anekal Main Road,Jul-Sep,2026,3049.194084,5150.641435,4100.11,12.79737939,77.70639222,Moderate
4256,Anekal Main Road,Oct-Dec,2026,3029.650018,5117.627965,4073.83,12.79737939,77.70639222,Moderate
4284,Anekal Main Road,Jan-Mar,2027,3118.788212,5268.198531,4193.69,12.79737939,77.70639222,Moderate
4312,Anekal Main Road,Apr-Jun,2027,3088.364021,5216.806559,4152.78,12.79737939,77.70639222,Moderate
4340,Anekal Main Road,Jul-Sep,2027,3084.853823,5210.877199,4148.06,12.79737939,77.70639222,Moderate
4368,Anekal Main Road,Oct-Dec,2027,3082.764066,5207.34722,4145.25,12.79737939,77.70639222,Moderate
4396,Anekal Main Road,Jan-Mar,2028,3141.723486,5306.940365,4224.53,12.79737939,77.70639222,Moderate
4424,Anekal Main Road,Apr-Jun,2028,3222.48034,5443.353328,4333.12,12.79737939,77.70639222,Moderate
4452,Anekal Main Road,Jul-Sep,2028,3301.712638,5577.19104,4439.66,12.79737939,77.70639222,Moderate
4480,Anekal Main Road,Oct-Dec,2028,3412.053318,5763.576446,4588.03,12.79737939,77.70639222,Moderate
4508,Anekal Main Road,Jan-Mar,2029,3251.55846,5492.471542,4372.22,12.79737939,77.70639222,Moderate
4536,Anekal Main Road,Apr-Jun,2029,3290.066517,5557.51863,4424.0,12.79737939,77.70639222,Moderate
4564,Anekal Main Road,Jul-Sep,2029,3372.489227,5696.745526,4534.83,12.79737939,77.70639222,Moderate
4592,Anekal Main Road,Oct-Dec,2029,3422.635969,5781.452461,4602.26,12.79737939,77.70639222,Moderate
4620,Anekal Main Road,Jan-Mar,2030,3189.601985,5387.815829,4288.91,12.79737939,77.70639222,Moderate
4648,Anekal Main Road,Apr-Jun,2030,3155.377559,5330.00457,4242.89,12.79737939,77.70639222,Moderate
4676,Anekal Main Road,Jul-Sep,2030,3474.676631,5869.358571,4672.236667,12.79737939,77.70639222,Moderate
4704,Anekal Main Road,Oct-Dec,2030,3696.11903,6243.414916,4970.0,12.79737939,77.70639222,Moderate
4732,AnjanaPura,Jan-Mar,2024,3870.313377,5868.907438,4869.54,12.8580811,77.5580713,Moderate
4760,AnjanaPura,Apr-Jun,2024,3826.980848,5803.198391,4815.02,12.8580811,77.5580713,Moderate
4788,AnjanaPura,Jul-Sep,2024,4010.745638,6081.85762,5046.228667,12.8580811,77.5580713,Moderate
4816,AnjanaPura,Oct-Dec,2024,4560.462594,6915.443332,5737.87,12.8580811,77.5580713,Moderate
4844,AnjanaPura,Jan-Mar,2025,4880.504956,7400.752613,6140.54,12.8580811,77.5580713,Moderate
4872,AnjanaPura,Apr-Jun,2025,5161.466973,7826.800819,6494.04,12.8580811,77.5580713,Moderate
4900,AnjanaPura,Jul-Sep,2025,4155.759583,6301.755427,5228.681905,12.8580811,77.5580713,Moderate
4928,AnjanaPura,Oct-Dec,2025,4258.80132,6458.006964,5358.326667,12.8580811,77.5580713,Moderate
4956,AnjanaPura,Jan-Mar,2026,3358.223342,5092.378842,4225.24,12.8580811,77.5580713,Moderate
4984,AnjanaPura,Apr-Jun,2026,3307.006391,5014.71393,4160.8,12.8580811,77.5580713,Moderate
5012,AnjanaPura,Jul-Sep,2026,3252.340005,4931.818327,4092.02,12.8580811,77.5580713,Moderate
5040,AnjanaPura,Oct-Dec,2026,3207.266862,4863.46983,4035.31,12.8580811,77.5580713,Moderate
5068,AnjanaPura,Jan-Mar,2027,3351.761613,5082.580335,4217.11,12.8580811,77.5580713,Moderate
5096,AnjanaPura,Apr-Jun,2027,3319.24632,5033.274446,4176.2,12.8580811,77.5580713,Moderate
5124,AnjanaPura,Jul-Sep,2027,3326.049813,5043.5912,4184.76,12.8580811,77.5580713,Moderate
5152,AnjanaPura,Oct-Dec,2027,3343.368519,5069.853125,4206.55,12.8580811,77.5580713,Moderate
5180,AnjanaPura,Jan-Mar,2028,3409.925122,5170.778943,4290.29,12.8580811,77.5580713,Moderate
5208,AnjanaPura,Apr-Jun,2028,3504.291799,5313.875699,4409.02,12.8580811,77.5580713,Moderate
5236,AnjanaPura,Jul-Sep,2028,3593.571752,5449.258995,4521.35,12.8580811,77.5580713,Moderate
5264,AnjanaPura,Oct-Dec,2028,3698.835145,5608.879431,4653.79,12.8580811,77.5580713,Moderate
5292,AnjanaPura,Jan-Mar,2029,3533.246385,5357.782167,4445.45,12.8580811,77.5580713,Moderate
5320,AnjanaPura,Apr-Jun,2029,3603.133203,5463.757891,4533.38,12.8580811,77.5580713,Moderate
5348,AnjanaPura,Jul-Sep,2029,3698.191357,5607.903197,4652.98,12.8580811,77.5580713,Moderate
5376,AnjanaPura,Oct-Dec,2029,3788.194578,5744.38325,4766.22,12.8580811,77.5580713,Moderate
5404,AnjanaPura,Jan-Mar,2030,3870.313377,5868.907438,4869.54,12.8580811,77.5580713,Moderate
5432,AnjanaPura,Apr-Jun,2030,3826.980848,5803.198391,4815.02,12.8580811,77.5580713,Moderate
5460,AnjanaPura,Jul-Sep,2030,4010.745638,6081.85762,5046.228667,12.8580811,77.5580713,Moderate
5488,AnjanaPura,Oct-Dec,2030,4560.462594,6915.443332,5737.87,12.8580811,77.5580713,Moderate
5544,Arekere,Jan-Mar,2024,4772.596449,7895.342303,6333.93,12.8872086,77.5960493,Moderate
5572,Arekere,Apr-Jun,2024,4876.420783,8067.099682,6471.72,12.8872086,77.5960493,Moderate
5600,Arekere,Jul-Sep,2024,4547.313442,7522.654926,6034.946667,12.8872086,77.5960493,Moderate
5628,Arekere,Oct-Dec,2024,4279.779354,7080.071266,5679.89,12.8872086,77.5960493,Moderate
5656,Arekere,Jan-Mar,2025,6049.395644,10007.56084,8028.428333,12.8872086,77.5960493,Moderate
5684,Arekere,Apr-Jun,2025,6229.707446,10305.85202,8267.728333,12.8872086,77.5960493,Moderate
5712,Arekere,Jul-Sep,2025,5195.121076,8594.327981,6894.681667,12.8872086,77.5960493,Moderate
5740,Arekere,Oct-Dec,2025,3736.292106,6180.976212,4958.603333,12.8872086,77.5960493,Moderate
5768,Arekere,Jan-Mar,2026,4595.087656,7601.688167,6098.35,12.8872086,77.5960493,Moderate
5796,Arekere,Apr-Jun,2026,4547.941356,7523.693689,6035.78,12.8872086,77.5960493,Moderate
5824,Arekere,Jul-Sep,2026,4516.882215,7472.312317,5994.56,12.8872086,77.5960493,Moderate
5852,Arekere,Oct-Dec,2026,4669.774266,7725.24279,6197.47,12.8872086,77.5960493,Moderate
5880,Arekere,Jan-Mar,2027,4548.709923,7524.965134,6036.8,12.8872086,77.5960493,Moderate
5908,Arekere,Apr-Jun,2027,4432.927594,7333.425553,5883.14,12.8872086,77.5960493,Moderate
5936,Arekere,Jul-Sep,2027,4403.804939,7285.247727,5844.49,12.8872086,77.5960493,Moderate
5964,Arekere,Oct-Dec,2027,4484.414035,7418.599962,5951.47,12.8872086,77.5960493,Moderate
5992,Arekere,Jan-Mar,2028,4634.246888,7666.469581,6150.32,12.8872086,77.5960493,Moderate
6020,Arekere,Apr-Jun,2028,4877.897637,8069.542852,6473.68,12.8872086,77.5960493,Moderate
6048,Arekere,Jul-Sep,2028,5029.131994,8319.730991,6674.39,12.8872086,77.5960493,Moderate
6076,Arekere,Oct-Dec,2028,5448.874962,9014.114949,7231.45,12.8872086,77.5960493,Moderate
6104,Arekere,Jan-Mar,2029,4480.269802,7411.744126,5945.97,12.8872086,77.5960493,Moderate
6132,Arekere,Apr-Jun,2029,4709.249967,7790.54774,6249.86,12.8872086,77.5960493,Moderate
6160,Arekere,Jul-Sep,2029,4927.003028,8150.778272,6538.85,12.8872086,77.5960493,Moderate
6188,Arekere,Oct-Dec,2029,5175.702206,8562.203197,6868.91,12.8872086,77.5960493,Moderate
6216,Arekere,Jan-Mar,2030,4772.596449,7895.342303,6333.93,12.8872086,77.5960493,Moderate
6244,Arekere,Apr-Jun,2030,4876.420783,8067.099682,6471.72,12.8872086,77.5960493,Moderate
6272,Arekere,Jul-Sep,2030,4547.313442,7522.654926,6034.946667,12.8872086,77.5960493,Moderate
6300,Arekere,Oct-Dec,2030,4279.779354,7080.071266,5679.89,12.8872086,77.5960493,Moderate
6328,Attibele,Jan-Mar,2024,3624.224625,5808.755375,4716.49,12.77512485,77.77092155,Moderate
6356,Attibele,Apr-Jun,2024,3436.577529,5508.002471,4472.29,12.77512485,77.77092155,Moderate
6384,Attibele,Jul-Sep,2024,3398.364219,5446.755781,4422.56,12.77512485,77.77092155,Moderate
6412,Attibele,Oct-Dec,2024,3380.029823,5417.370177,4398.7,12.77512485,77.77092155,Moderate
6440,Attibele,Jan-Mar,2025,4784.831905,7668.928095,6226.88,12.77512485,77.77092155,Moderate
6468,Attibele,Apr-Jun,2025,5213.953613,8356.706387,6785.33,12.77512485,77.77092155,Moderate
6496,Attibele,Jul-Sep,2025,3857.983062,6183.413604,5020.698333,12.77512485,77.77092155,Moderate
6524,Attibele,Oct-Dec,2025,2777.077132,4450.982868,3614.03,12.77512485,77.77092155,Moderate
6552,Attibele,Jan-Mar,2026,3265.566631,5233.913369,4249.74,12.77512485,77.77092155,Moderate
6580,Attibele,Apr-Jun,2026,2559.769192,4102.690808,3331.23,12.77512485,77.77092155,Moderate
6608,Attibele,Jul-Sep,2026,2551.339673,4089.180327,3320.26,12.77512485,77.77092155,Moderate
6636,Attibele,Oct-Dec,2026,2767.740882,4436.019118,3601.88,12.77512485,77.77092155,Moderate
6664,Attibele,Jan-Mar,2027,3451.431003,5531.808997,4491.62,12.77512485,77.77092155,Moderate
6692,Attibele,Apr-Jun,2027,2530.23898,4055.36102,3292.8,12.77512485,77.77092155,Moderate
6720,Attibele,Jul-Sep,2027,2628.734495,4213.225505,3420.98,12.77512485,77.77092155,Moderate
6748,Attibele,Oct-Dec,2027,2652.286434,4250.973566,3451.63,12.77512485,77.77092155,Moderate
6776,Attibele,Jan-Mar,2028,2839.641532,4551.258468,3695.45,12.77512485,77.77092155,Moderate
6804,Attibele,Apr-Jun,2028,2911.411552,4666.288448,3788.85,12.77512485,77.77092155,Moderate
6832,Attibele,Jul-Sep,2028,2987.031334,4787.488666,3887.26,12.77512485,77.77092155,Moderate
6860,Attibele,Oct-Dec,2028,4084.067589,6545.772411,5314.92,12.77512485,77.77092155,Moderate
6888,Attibele,Jan-Mar,2029,3012.250735,4827.909265,3920.08,12.77512485,77.77092155,Moderate
6916,Attibele,Apr-Jun,2029,3056.004321,4898.035679,3977.02,12.77512485,77.77092155,Moderate
6944,Attibele,Jul-Sep,2029,3194.926182,5120.693818,4157.81,12.77512485,77.77092155,Moderate
6972,Attibele,Oct-Dec,2029,3585.865317,5747.274683,4666.57,12.77512485,77.77092155,Moderate
7000,Attibele,Jan-Mar,2030,3624.224625,5808.755375,4716.49,12.77512485,77.77092155,Moderate
7028,Attibele,Apr-Jun,2030,3436.577529,5508.002471,4472.29,12.77512485,77.77092155,Moderate
7056,Attibele,Jul-Sep,2030,3398.364219,5446.755781,4422.56,12.77512485,77.77092155,Moderate
7084,Attibele,Oct-Dec,2030,3380.029823,5417.370177,4398.7,12.77512485,77.77092155,Moderate
7140,Avalahalli,Jan-Mar,2024,3593.934689,5288.636333,4441.15,13.0329471,77.73516828,Moderate
7168,Avalahalli,Apr-Jun,2024,3492.836941,5139.866457,4316.22,13.0329471,77.73516828,Moderate
7196,Avalahalli,Jul-Sep,2024,3627.752626,5338.400947,4482.94,13.0329471,77.73516828,Moderate
7224,Avalahalli,Oct-Dec,2024,4088.094133,6015.814154,5051.8,13.0329471,77.73516828,Moderate
7252,Avalahalli,Jan-Mar,2025,3639.348965,5355.465481,4497.27,13.0329471,77.73516828,Moderate
7280,Avalahalli,Apr-Jun,2025,3850.332754,5665.937604,4757.99,13.0329471,77.73516828,Moderate
7308,Avalahalli,Jul-Sep,2025,4087.220159,6014.528062,5050.72,13.0329471,77.73516828,Moderate
7336,Avalahalli,Oct-Dec,2025,3402.32399,5006.672583,4204.37,13.0329471,77.73516828,Moderate
7364,Avalahalli,Jan-Mar,2026,2635.921656,3878.877122,3257.3,13.0329471,77.73516828,Moderate
7392,Avalahalli,Apr-Jun,2026,2486.739156,3659.348372,3072.95,13.0329471,77.73516828,Moderate
7420,Avalahalli,Jul-Sep,2026,2651.394232,3901.645712,3276.42,13.0329471,77.73516828,Moderate
7448,Avalahalli,Oct-Dec,2026,2986.393307,4394.6119,3690.39,13.0329471,77.73516828,Moderate
7476,Avalahalli,Jan-Mar,2027,3006.802218,4424.644528,3715.61,13.0329471,77.73516828,Moderate
7504,Avalahalli,Apr-Jun,2027,2669.553469,3928.367845,3298.86,13.0329471,77.73516828,Moderate
7532,Avalahalli,Jul-Sep,2027,2876.523451,4232.933471,3554.62,13.0329471,77.73516828,Moderate
7560,Avalahalli,Oct-Dec,2027,2893.654959,4258.143254,3575.79,13.0329471,77.73516828,Moderate
7588,Avalahalli,Jan-Mar,2028,4358.459597,6413.669079,5385.9,13.0329471,77.73516828,Moderate
7616,Avalahalli,Apr-Jun,2028,4499.638762,6621.420561,5560.36,13.0329471,77.73516828,Moderate
7644,Avalahalli,Jul-Sep,2028,4635.598359,6821.491216,5728.37,13.0329471,77.73516828,Moderate
7672,Avalahalli,Oct-Dec,2028,4663.444141,6862.467534,5762.78,13.0329471,77.73516828,Moderate
7700,Avalahalli,Jan-Mar,2029,4383.076531,6449.894002,5416.32,13.0329471,77.73516828,Moderate
7728,Avalahalli,Apr-Jun,2029,4517.433843,6647.606822,5582.35,13.0329471,77.73516828,Moderate
7756,Avalahalli,Jul-Sep,2029,4626.154585,6807.594278,5716.7,13.0329471,77.73516828,Moderate
7784,Avalahalli,Oct-Dec,2029,4674.959557,6879.412986,5777.01,13.0329471,77.73516828,Moderate
7812,Avalahalli,Jan-Mar,2030,3593.934689,5288.636333,4441.15,13.0329471,77.73516828,Moderate
7840,Avalahalli,Apr-Jun,2030,3492.836941,5139.866457,4316.22,13.0329471,77.73516828,Moderate
7868,Avalahalli,Jul-Sep,2030,3627.752626,5338.400947,4482.94,13.0329471,77.73516828,Moderate
7896,Avalahalli,Oct-Dec,2030,4088.094133,6015.814154,5051.8,13.0329471,77.73516828,Moderate
7924,BTM Layout,Jan-Mar,2024,5379.809764,9426.917166,7403.341333,12.9151772,77.6102821,Moderate
7952,BTM Layout,Apr-Jun,2024,5696.988084,9982.701456,7839.821333,12.9151772,77.6102821,Moderate
7980,BTM Layout,Jul-Sep,2024,5723.396842,10028.97692,7876.163333,12.9151772,77.6102821,Moderate
8008,BTM Layout,Oct-Dec,2024,5845.475518,10242.89258,8044.16,12.9151772,77.6102821,Moderate
8036,BTM Layout,Jan-Mar,2025,6384.120577,11186.74795,8785.408,12.9151772,77.6102821,Moderate
8064,BTM Layout,Apr-Jun,2025,6821.543934,11953.23486,9387.361333,12.9151772,77.6102821,Moderate
8092,BTM Layout,Jul-Sep,2025,5739.230445,10056.72178,7897.9525,12.9151772,77.6102821,Moderate
8120,BTM Layout,Oct-Dec,2025,3809.838606,6675.892741,5242.85,12.9151772,77.6102821,Moderate
8148,BTM Layout,Jan-Mar,2026,4018.466482,7041.466581,5529.95,12.9151772,77.6102821,Moderate
8176,BTM Layout,Apr-Jun,2026,4096.082447,7177.471254,5636.76,12.9151772,77.6102821,Moderate
8204,BTM Layout,Jul-Sep,2026,4134.283658,7244.410358,5689.33,12.9151772,77.6102821,Moderate
8232,BTM Layout,Oct-Dec,2026,4131.485966,7239.508027,5685.48,12.9151772,77.6102821,Moderate
8260,BTM Layout,Jan-Mar,2027,4207.357915,7372.456702,5789.89,12.9151772,77.6102821,Moderate
8288,BTM Layout,Apr-Jun,2027,4053.702866,7103.210487,5578.44,12.9151772,77.6102821,Moderate
8316,BTM Layout,Jul-Sep,2027,4088.096309,7163.477327,5625.77,12.9151772,77.6102821,Moderate
8344,BTM Layout,Oct-Dec,2027,4017.078537,7039.034515,5528.04,12.9151772,77.6102821,Moderate
8372,BTM Layout,Jan-Mar,2028,4014.353512,7034.259517,5524.29,12.9151772,77.6102821,Moderate
8400,BTM Layout,Apr-Jun,2028,4148.272117,7268.922014,5708.58,12.9151772,77.6102821,Moderate
8428,BTM Layout,Jul-Sep,2028,4194.866403,7350.568112,5772.7,12.9151772,77.6102821,Moderate
8456,BTM Layout,Oct-Dec,2028,4243.50264,7435.792275,5839.63,12.9151772,77.6102821,Moderate
8484,BTM Layout,Jan-Mar,2029,4143.10547,7259.868618,5701.47,12.9151772,77.6102821,Moderate
8512,BTM Layout,Apr-Jun,2029,4288.890648,7515.32464,5902.09,12.9151772,77.6102821,Moderate
8540,BTM Layout,Jul-Sep,2029,4343.616407,7611.219331,5977.4,12.9151772,77.6102821,Moderate
8568,BTM Layout,Oct-Dec,2029,4390.050825,7692.585295,6041.3,12.9151772,77.6102821,Moderate
8596,BTM Layout,Jan-Mar,2030,5379.809764,9426.917166,7403.341333,12.9151772,77.6102821,Moderate
8624,BTM Layout,Apr-Jun,2030,5696.988084,9982.701456,7839.821333,12.9151772,77.6102821,Moderate
8652,BTM Layout,Jul-Sep,2030,5723.396842,10028.97692,7876.163333,12.9151772,77.6102821,Moderate
8680,BTM Layout,Oct-Dec,2030,5845.475518,10242.89258,8044.16,12.9151772,77.6102821,Moderate
8708,Bagalur Colony,Jan-Mar,2024,5526.643587,8024.683363,6709.05,13.1420265,77.6714353,Moderate
8736,Bagalur Colony,Apr-Jun,2024,5898.867549,8565.152345,7160.91,13.1420265,77.6714353,Moderate
8764,Bagalur Colony,Jul-Sep,2024,5983.058514,8687.397579,7263.113333,13.1420265,77.6714353,Moderate
8792,Bagalur Colony,Oct-Dec,2024,6247.433138,9071.269384,7584.05,13.1420265,77.6714353,Moderate
8820,Bagalur Colony,Jan-Mar,2025,6221.25818,9033.26336,7552.275,13.1420265,77.6714353,Moderate
8848,Bagalur Colony,Apr-Jun,2025,6746.385083,9795.747326,8189.751,13.1420265,77.6714353,Moderate
8876,Bagalur Colony,Jul-Sep,2025,5119.584111,7433.633235,6214.901548,13.1420265,77.6714353,Moderate
8904,Bagalur Colony,Oct-Dec,2025,3855.574153,5598.29149,4680.461,13.1420265,77.6714353,Moderate
8932,Bagalur Colony,Jan-Mar,2026,3743.336099,5435.321899,4544.21,13.1420265,77.6714353,Moderate
8960,Bagalur Colony,Apr-Jun,2026,3790.067974,5503.176556,4600.94,13.1420265,77.6714353,Moderate
8988,Bagalur Colony,Jul-Sep,2026,3853.95876,5595.945941,4678.5,13.1420265,77.6714353,Moderate
9016,Bagalur Colony,Oct-Dec,2026,3925.378708,5699.647664,4765.2,13.1420265,77.6714353,Moderate
9044,Bagalur Colony,Jan-Mar,2027,4337.505579,6298.055648,5265.5,13.1420265,77.6714353,Moderate
9072,Bagalur Colony,Apr-Jun,2027,4121.38404,5984.247296,5003.14,13.1420265,77.6714353,Moderate
9100,Bagalur Colony,Jul-Sep,2027,4166.666099,6049.99682,5058.11,13.1420265,77.6714353,Moderate
9128,Bagalur Colony,Oct-Dec,2027,4231.487733,6144.117796,5136.8,13.1420265,77.6714353,Moderate
9156,Bagalur Colony,Jan-Mar,2028,4367.910542,6342.203637,5302.41,13.1420265,77.6714353,Moderate
9184,Bagalur Colony,Apr-Jun,2028,4486.614284,6514.561403,5446.51,13.1420265,77.6714353,Moderate
9212,Bagalur Colony,Jul-Sep,2028,4556.362,6615.835047,5531.18,13.1420265,77.6714353,Moderate
9240,Bagalur Colony,Oct-Dec,2028,4659.908567,6766.184605,5656.88,13.1420265,77.6714353,Moderate
9268,Bagalur Colony,Jan-Mar,2029,4794.749758,6961.973937,5820.57,13.1420265,77.6714353,Moderate
9296,Bagalur Colony,Apr-Jun,2029,4943.413632,7177.833799,6001.04,13.1420265,77.6714353,Moderate
9324,Bagalur Colony,Jul-Sep,2029,5029.068144,7302.204101,6105.02,13.1420265,77.6714353,Moderate
9352,Bagalur Colony,Oct-Dec,2029,5170.252282,7507.20339,6276.41,13.1420265,77.6714353,Moderate
9380,Bagalur Colony,Jan-Mar,2030,5526.643587,8024.683363,6709.05,13.1420265,77.6714353,Moderate
9408,Bagalur Colony,Apr-Jun,2030,5898.867549,8565.152345,7160.91,13.1420265,77.6714353,Moderate
9436,Bagalur Colony,Jul-Sep,2030,5983.058514,8687.397579,7263.113333,13.1420265,77.6714353,Moderate
9464,Bagalur Colony,Oct-Dec,2030,6247.433138,9071.269384,7584.05,13.1420265,77.6714353,Moderate
9492,Bagalur Main Road,Jan-Mar,2024,5230.565212,7258.242925,6244.43,12.783911,77.85125,High
9520,Bagalur Main Road,Apr-Jun,2024,5600.26465,7771.259822,6685.79,12.783911,77.85125,High
9548,Bagalur Main Road,Jul-Sep,2024,6012.298259,8343.022127,7177.69,12.783911,77.85125,High
9576,Bagalur Main Road,Oct-Dec,2024,6200.180224,8603.7383,7401.99,12.783911,77.85125,High
9604,Bagalur Main Road,Jan-Mar,2025,6538.769826,9073.58534,7806.21,12.783911,77.85125,High
9632,Bagalur Main Road,Apr-Jun,2025,7004.621608,9720.028939,8362.36,12.783911,77.85125,High
9660,Bagalur Main Road,Jul-Sep,2025,6929.110034,9615.244595,8272.211667,12.783911,77.85125,High
9688,Bagalur Main Road,Oct-Dec,2025,4261.193115,5913.084634,5087.16,12.783911,77.85125,High
9716,Bagalur Main Road,Jan-Mar,2026,3798.909667,5271.592666,4535.27,12.783911,77.85125,High
9744,Bagalur Main Road,Apr-Jun,2026,3752.018751,5206.524047,4479.29,12.783911,77.85125,High
9772,Bagalur Main Road,Jul-Sep,2026,3720.825151,5163.237955,4442.05,12.783911,77.85125,High
9800,Bagalur Main Road,Oct-Dec,2026,3751.424029,5205.698775,4478.58,12.783911,77.85125,High
9828,Bagalur Main Road,Jan-Mar,2027,4047.026103,5615.893769,4831.48,12.783911,77.85125,High
9856,Bagalur Main Road,Apr-Jun,2027,3968.24635,5506.574304,4737.43,12.783911,77.85125,High
9884,Bagalur Main Road,Jul-Sep,2027,3921.020379,5441.040743,4681.05,12.783911,77.85125,High
9912,Bagalur Main Road,Oct-Dec,2027,3898.621967,5409.959377,4654.31,12.783911,77.85125,High
9940,Bagalur Main Road,Jan-Mar,2028,4031.387422,5594.192606,4812.81,12.783911,77.85125,High
9968,Bagalur Main Road,Apr-Jun,2028,4378.571179,6075.965406,5227.29,12.783911,77.85125,High
9996,Bagalur Main Road,Jul-Sep,2028,4144.124977,5750.633933,4947.4,12.783911,77.85125,High
10024,Bagalur Main Road,Oct-Dec,2028,4262.215032,5914.502707,5088.38,12.783911,77.85125,High
10052,Bagalur Main Road,Jan-Mar,2029,4353.643104,6041.373728,5197.53,12.783911,77.85125,High
10080,Bagalur Main Road,Apr-Jun,2029,4518.314149,6269.88105,5394.12,12.783911,77.85125,High
10108,Bagalur Main Road,Jul-Sep,2029,4541.650714,6302.264254,5421.98,12.783911,77.85125,High
10136,Bagalur Main Road,Oct-Dec,2029,4674.282146,6486.311507,5580.32,12.783911,77.85125,High
10164,Bagalur Main Road,Jan-Mar,2030,5230.565212,7258.242925,6244.43,12.783911,77.85125,High
10192,Bagalur Main Road,Apr-Jun,2030,5600.26465,7771.259822,6685.79,12.783911,77.85125,High
10220,Bagalur Main Road,Jul-Sep,2030,6012.298259,8343.022127,7177.69,12.783911,77.85125,High
10248,Bagalur Main Road,Oct-Dec,2030,6200.180224,8603.7383,7401.99,12.783911,77.85125,High
10332,Banashankari,Jan-Mar,2024,6307.005443,10876.17441,8591.64,12.93622,77.54246,Moderate
10360,Banashankari,Apr-Jun,2024,7004.952699,12079.75607,9542.41,12.93622,77.54246,Moderate
10388,Banashankari,Jul-Sep,2024,6783.192561,11697.33973,9240.32,12.93622,77.54246,Moderate
10416,Banashankari,Oct-Dec,2024,6709.938086,11571.01537,9140.53,12.93622,77.54246,Moderate
10444,Banashankari,Jan-Mar,2025,6377.338253,10997.46048,8687.45,12.93622,77.54246,Moderate
10472,Banashankari,Apr-Jun,2025,7027.812147,12119.17626,9573.55,12.93622,77.54246,Moderate
10500,Banashankari,Jul-Sep,2025,6460.882171,11141.52857,8801.256667,12.93622,77.54246,Moderate
10528,Banashankari,Oct-Dec,2025,4628.377582,7981.448926,6304.95,12.93622,77.54246,Moderate
10556,Banashankari,Jan-Mar,2026,4651.91973,8022.046404,6337.02,12.93622,77.54246,Moderate
10584,Banashankari,Apr-Jun,2026,4747.505111,8186.879506,6467.23,12.93622,77.54246,Moderate
10612,Banashankari,Jul-Sep,2026,4847.142648,8358.700387,6602.96,12.93622,77.54246,Moderate
10640,Banashankari,Oct-Dec,2026,4596.400781,7926.306235,6261.39,12.93622,77.54246,Moderate
10668,Banashankari,Jan-Mar,2027,4827.682019,8325.141324,6576.45,12.93622,77.54246,Moderate
10696,Banashankari,Apr-Jun,2027,4862.154713,8384.588083,6623.41,12.93622,77.54246,Moderate
10724,Banashankari,Jul-Sep,2027,4911.360519,8469.441495,6690.44,12.93622,77.54246,Moderate
10752,Banashankari,Oct-Dec,2027,4658.262236,8032.983798,6345.66,12.93622,77.54246,Moderate
10780,Banashankari,Jan-Mar,2028,4209.735491,7259.517665,5734.66,12.93622,77.54246,Moderate
10808,Banashankari,Apr-Jun,2028,4334.55953,7474.771644,5904.7,12.93622,77.54246,Moderate
10836,Banashankari,Jul-Sep,2028,4563.462328,7869.505211,6216.52,12.93622,77.54246,Moderate
10864,Banashankari,Oct-Dec,2028,4669.26619,8051.959669,6360.65,12.93622,77.54246,Moderate
10892,Banashankari,Jan-Mar,2029,4468.963395,7706.545644,6087.79,12.93622,77.54246,Moderate
10920,Banashankari,Apr-Jun,2029,4611.18528,7951.801501,6281.53,12.93622,77.54246,Moderate
10948,Banashankari,Jul-Sep,2029,4810.519081,8295.544535,6553.07,12.93622,77.54246,Moderate
10976,Banashankari,Oct-Dec,2029,4941.494763,8521.406773,6731.49,12.93622,77.54246,Moderate
11004,Banashankari,Jan-Mar,2030,6307.005443,10876.17441,8591.64,12.93622,77.54246,Moderate
11032,Banashankari,Apr-Jun,2030,7004.952699,12079.75607,9542.41,12.93622,77.54246,Moderate
11060,Banashankari,Jul-Sep,2030,6783.192561,11697.33973,9240.32,12.93622,77.54246,Moderate
11088,Banashankari,Oct-Dec,2030,6709.938086,11571.01537,9140.53,12.93622,77.54246,Moderate
11116,Banaswadi,Jan-Mar,2024,6828.41114,11038.32332,8933.53,13.0141618,77.6518539,Moderate
11144,Banaswadi,Apr-Jun,2024,7826.012402,12650.9745,10238.68,13.0141618,77.6518539,Moderate
11172,Banaswadi,Jul-Sep,2024,5988.160525,9680.033992,7834.24,13.0141618,77.6518539,Moderate
11200,Banaswadi,Oct-Dec,2024,6537.473725,10568.0146,8552.9,13.0141618,77.6518539,Moderate
11228,Banaswadi,Jan-Mar,2025,6094.337433,9851.672022,7973.15,13.0141618,77.6518539,Moderate
11256,Banaswadi,Apr-Jun,2025,6300.759834,10185.35978,8243.21,13.0141618,77.6518539,Moderate
11284,Banaswadi,Jul-Sep,2025,4658.495589,7530.592319,6094.655,13.0141618,77.6518539,Moderate
11312,Banaswadi,Oct-Dec,2025,4377.636227,7076.57507,5727.21,13.0141618,77.6518539,Moderate
11340,Banaswadi,Jan-Mar,2026,4199.410977,6788.468818,5494.04,13.0141618,77.6518539,Moderate
11368,Banaswadi,Apr-Jun,2026,4264.862914,6894.27376,5579.67,13.0141618,77.6518539,Moderate
11396,Banaswadi,Jul-Sep,2026,4324.887913,6991.3059,5658.2,13.0141618,77.6518539,Moderate
11424,Banaswadi,Oct-Dec,2026,4295.597731,6943.957478,5619.88,13.0141618,77.6518539,Moderate
11452,Banaswadi,Jan-Mar,2027,4274.799562,6910.336638,5592.67,13.0141618,77.6518539,Moderate
11480,Banaswadi,Apr-Jun,2027,4342.926751,7020.466201,5681.8,13.0141618,77.6518539,Moderate
11508,Banaswadi,Jul-Sep,2027,4409.800393,7128.569371,5769.29,13.0141618,77.6518539,Moderate
11536,Banaswadi,Oct-Dec,2027,4326.003875,6993.109884,5659.66,13.0141618,77.6518539,Moderate
11564,Banaswadi,Jan-Mar,2028,4323.710802,6989.403066,5656.66,13.0141618,77.6518539,Moderate
11592,Banaswadi,Apr-Jun,2028,4385.241585,7088.86935,5737.16,13.0141618,77.6518539,Moderate
11620,Banaswadi,Jul-Sep,2028,4636.042586,7494.296392,6065.28,13.0141618,77.6518539,Moderate
11648,Banaswadi,Oct-Dec,2028,4753.577847,7684.295528,6219.05,13.0141618,77.6518539,Moderate
11676,Banaswadi,Jan-Mar,2029,4526.319059,7316.92515,5921.73,13.0141618,77.6518539,Moderate
11704,Banaswadi,Apr-Jun,2029,4713.90769,7620.167576,6167.15,13.0141618,77.6518539,Moderate
11732,Banaswadi,Jul-Sep,2029,4930.320244,7970.004704,6450.28,13.0141618,77.6518539,Moderate
11760,Banaswadi,Oct-Dec,2029,5054.704149,8171.07487,6613.01,13.0141618,77.6518539,Moderate
11788,Banaswadi,Jan-Mar,2030,6828.41114,11038.32332,8933.53,13.0141618,77.6518539,Moderate
11816,Banaswadi,Apr-Jun,2030,7826.012402,12650.9745,10238.68,13.0141618,77.6518539,Moderate
11844,Banaswadi,Jul-Sep,2030,5988.160525,9680.033992,7834.24,13.0141618,77.6518539,Moderate
11872,Banaswadi,Oct-Dec,2030,6537.473725,10568.0146,8552.9,13.0141618,77.6518539,Moderate
11900,Bangalore University Road,Jan-Mar,2024,6664.806875,10137.56675,8346.44,12.94702838,77.50255496,Low
11928,Bangalore University Road,Apr-Jun,2024,7100.67153,10800.54276,8892.28,12.94702838,77.50255496,Low
11956,Bangalore University Road,Jul-Sep,2024,6648.540073,10112.82398,8326.068833,12.94702838,77.50255496,Low
11984,Bangalore University Road,Oct-Dec,2024,6734.046623,10242.88452,8433.15,12.94702838,77.50255496,Low
12012,Bangalore University Road,Jan-Mar,2025,6702.174992,10194.40588,8393.236667,12.94702838,77.50255496,Low
12040,Bangalore University Road,Apr-Jun,2025,6762.21578,10285.73148,8468.426667,12.94702838,77.50255496,Low
12068,Bangalore University Road,Jul-Sep,2025,6063.091291,9222.321642,7592.902333,12.94702838,77.50255496,Low
12096,Bangalore University Road,Oct-Dec,2025,5121.891994,7790.70166,6414.224,12.94702838,77.50255496,Low
12124,Bangalore University Road,Jan-Mar,2026,5258.667447,7998.74524,6585.51,12.94702838,77.50255496,Low
12152,Bangalore University Road,Apr-Jun,2026,5466.897745,8315.47588,6846.28,12.94702838,77.50255496,Low
12180,Bangalore University Road,Jul-Sep,2026,5576.854074,8482.725982,6983.98,12.94702838,77.50255496,Low
12208,Bangalore University Road,Oct-Dec,2026,5510.409149,8381.659308,6900.77,12.94702838,77.50255496,Low
12236,Bangalore University Road,Jan-Mar,2027,5600.043122,8517.997899,7013.02,12.94702838,77.50255496,Low
12264,Bangalore University Road,Apr-Jun,2027,5898.19486,8971.504385,7386.4,12.94702838,77.50255496,Low
12292,Bangalore University Road,Jul-Sep,2027,6201.39325,9432.687128,7766.1,12.94702838,77.50255496,Low
12320,Bangalore University Road,Oct-Dec,2027,5861.438942,8915.596453,7340.37,12.94702838,77.50255496,Low
12348,Bangalore University Road,Jan-Mar,2028,5770.894656,8777.873221,7226.98,12.94702838,77.50255496,Low
12376,Bangalore University Road,Apr-Jun,2028,5853.062458,8902.855323,7329.88,12.94702838,77.50255496,Low
12404,Bangalore University Road,Jul-Sep,2028,5946.904635,9045.594844,7447.4,12.94702838,77.50255496,Low
12432,Bangalore University Road,Oct-Dec,2028,5885.314717,8951.912924,7370.27,12.94702838,77.50255496,Low
12460,Bangalore University Road,Jan-Mar,2029,6008.1991,9138.827363,7524.16,12.94702838,77.50255496,Low
12488,Bangalore University Road,Apr-Jun,2029,6221.300376,9462.967049,7791.03,12.94702838,77.50255496,Low
12516,Bangalore University Road,Jul-Sep,2029,6210.7599,9446.934359,7777.83,12.94702838,77.50255496,Low
12544,Bangalore University Road,Oct-Dec,2029,5979.428392,9095.065408,7488.13,12.94702838,77.50255496,Low
12572,Bangalore University Road,Jan-Mar,2030,6664.806875,10137.56675,8346.44,12.94702838,77.50255496,Low
12600,Bangalore University Road,Apr-Jun,2030,7100.67153,10800.54276,8892.28,12.94702838,77.50255496,Low
12628,Bangalore University Road,Jul-Sep,2030,6648.540073,10112.82398,8326.068833,12.94702838,77.50255496,Low
12656,Bangalore University Road,Oct-Dec,2030,6734.046623,10242.88452,8433.15,12.94702838,77.50255496,Low
12712,Bannerghatta Main Road,Jan-Mar,2024,5069.738192,8904.497662,6987.21,12.71771464,77.68741214,Moderate
12740,Bannerghatta Main Road,Apr-Jun,2024,5232.208731,9189.861221,7211.13,12.71771464,77.68741214,Moderate
12768,Bannerghatta Main Road,Jul-Sep,2024,5130.806131,9011.757505,7071.375,12.71771464,77.68741214,Moderate
12796,Bannerghatta Main Road,Oct-Dec,2024,5664.476721,9949.09753,7806.89,12.71771464,77.68741214,Moderate
12824,Bannerghatta Main Road,Jan-Mar,2025,5654.61617,9931.778439,7793.3,12.71771464,77.68741214,Moderate
12852,Bannerghatta Main Road,Apr-Jun,2025,6111.15824,10733.64979,8422.515,12.71771464,77.68741214,Moderate
12880,Bannerghatta Main Road,Jul-Sep,2025,5140.681375,9029.102402,7084.98525,12.71771464,77.68741214,Moderate
12908,Bannerghatta Main Road,Oct-Dec,2025,4036.327755,7089.413634,5562.944,12.71771464,77.68741214,Moderate
12936,Bannerghatta Main Road,Jan-Mar,2026,3699.854403,6498.431208,5099.21,12.71771464,77.68741214,Moderate
12964,Bannerghatta Main Road,Apr-Jun,2026,3732.911556,6556.492854,5144.77,12.71771464,77.68741214,Moderate
12992,Bannerghatta Main Road,Jul-Sep,2026,3905.27167,6859.22648,5382.32,12.71771464,77.68741214,Moderate
13020,Bannerghatta Main Road,Oct-Dec,2026,4020.558129,7061.715833,5541.21,12.71771464,77.68741214,Moderate
13048,Bannerghatta Main Road,Jan-Mar,2027,3931.210942,6904.786266,5418.07,12.71771464,77.68741214,Moderate
13076,Bannerghatta Main Road,Apr-Jun,2027,3866.613085,6791.326469,5329.04,12.71771464,77.68741214,Moderate
13104,Bannerghatta Main Road,Jul-Sep,2027,3878.468965,6812.150159,5345.38,12.71771464,77.68741214,Moderate
13132,Bannerghatta Main Road,Oct-Dec,2027,3962.047838,6958.948249,5460.57,12.71771464,77.68741214,Moderate
13160,Bannerghatta Main Road,Jan-Mar,2028,3726.3306,6544.93405,5135.7,12.71771464,77.68741214,Moderate
13188,Bannerghatta Main Road,Apr-Jun,2028,3905.445808,6859.532336,5382.56,12.71771464,77.68741214,Moderate
13216,Bannerghatta Main Road,Jul-Sep,2028,4021.370772,7063.143161,5542.33,12.71771464,77.68741214,Moderate
13244,Bannerghatta Main Road,Oct-Dec,2028,4085.025383,7174.946238,5630.06,12.71771464,77.68741214,Moderate
13272,Bannerghatta Main Road,Jan-Mar,2029,3959.965441,6955.290722,5457.7,12.71771464,77.68741214,Moderate
13300,Bannerghatta Main Road,Apr-Jun,2029,4146.213041,7282.416357,5714.39,12.71771464,77.68741214,Moderate
13328,Bannerghatta Main Road,Jul-Sep,2029,4675.67893,8212.371237,6444.11,12.71771464,77.68741214,Moderate
13356,Bannerghatta Main Road,Oct-Dec,2029,4843.272022,8506.732057,6675.09,12.71771464,77.68741214,Moderate
13384,Bannerghatta Main Road,Jan-Mar,2030,5069.738192,8904.497662,6987.21,12.71771464,77.68741214,Moderate
13412,Bannerghatta Main Road,Apr-Jun,2030,5232.208731,9189.861221,7211.13,12.71771464,77.68741214,Moderate
13440,Bannerghatta Main Road,Jul-Sep,2030,5130.806131,9011.757505,7071.375,12.71771464,77.68741214,Moderate
13468,Bannerghatta Main Road,Oct-Dec,2030,5664.476721,9949.09753,7806.89,12.71771464,77.68741214,Moderate
13496,Bannerughatta,Jan-Mar,2024,6002.498493,9807.558153,7905.07,12.79811335,77.58437436,Moderate
13524,Bannerughatta,Apr-Jun,2024,6289.287054,10276.14561,8282.76,12.79811335,77.58437436,Moderate
13552,Bannerughatta,Jul-Sep,2024,6305.259406,10302.24304,8303.795,12.79811335,77.58437436,Moderate
13580,Bannerughatta,Oct-Dec,2024,6372.432882,10411.99863,8392.26,12.79811335,77.58437436,Moderate
13608,Bannerughatta,Jan-Mar,2025,6763.468846,11050.91723,8907.24,12.79811335,77.58437436,Moderate
13636,Bannerughatta,Apr-Jun,2025,7748.887375,12661.00502,10205.0,12.79811335,77.58437436,Moderate
13664,Bannerughatta,Jul-Sep,2025,5126.123439,8375.637876,6750.91625,12.79811335,77.58437436,Moderate
13692,Bannerughatta,Oct-Dec,2025,4360.964472,7125.434969,5743.23,12.79811335,77.58437436,Moderate
13720,Bannerughatta,Jan-Mar,2026,4732.584557,7732.629723,6232.64,12.79811335,77.58437436,Moderate
13748,Bannerughatta,Apr-Jun,2026,4949.720455,8087.41081,6518.6,12.79811335,77.58437436,Moderate
13776,Bannerughatta,Jul-Sep,2026,5067.50658,8279.863049,6673.72,12.79811335,77.58437436,Moderate
13804,Bannerughatta,Oct-Dec,2026,5220.67714,8530.130362,6875.44,12.79811335,77.58437436,Moderate
13832,Bannerughatta,Jan-Mar,2027,4728.35513,7725.719209,6227.07,12.79811335,77.58437436,Moderate
13860,Bannerughatta,Apr-Jun,2027,4861.008793,7942.463704,6401.77,12.79811335,77.58437436,Moderate
13888,Bannerughatta,Jul-Sep,2027,4877.508873,7969.423394,6423.5,12.79811335,77.58437436,Moderate
13916,Bannerughatta,Oct-Dec,2027,4960.145954,8104.445166,6532.33,12.79811335,77.58437436,Moderate
13944,Bannerughatta,Jan-Mar,2028,4914.579004,8029.992749,6472.32,12.79811335,77.58437436,Moderate
13972,Bannerughatta,Apr-Jun,2028,5211.504522,8515.143107,6863.36,12.79811335,77.58437436,Moderate
14000,Bannerughatta,Jul-Sep,2028,5319.19925,8691.106884,7005.19,12.79811335,77.58437436,Moderate
14028,Bannerughatta,Oct-Dec,2028,5279.760033,8626.666649,6953.25,12.79811335,77.58437436,Moderate
14056,Bannerughatta,Jan-Mar,2029,5116.665127,8360.18382,6738.46,12.79811335,77.58437436,Moderate
14084,Bannerughatta,Apr-Jun,2029,5522.910324,9023.952982,7273.47,12.79811335,77.58437436,Moderate
14112,Bannerughatta,Jul-Sep,2029,5757.83715,9407.802893,7582.86,12.79811335,77.58437436,Moderate
14140,Bannerughatta,Oct-Dec,2029,5571.028598,9102.574039,7336.84,12.79811335,77.58437436,Moderate
14168,Bannerughatta,Jan-Mar,2030,6002.498493,9807.558153,7905.07,12.79811335,77.58437436,Moderate
14196,Bannerughatta,Apr-Jun,2030,6289.287054,10276.14561,8282.76,12.79811335,77.58437436,Moderate
14224,Bannerughatta,Jul-Sep,2030,6305.259406,10302.24304,8303.795,12.79811335,77.58437436,Moderate
14252,Bannerughatta,Oct-Dec,2030,6372.432882,10411.99863,8392.26,12.79811335,77.58437436,Moderate
14280,Basapaura Main Road,Jan-Mar,2024,5099.637704,8568.650955,6754.88,12.869585,77.65063,Low
14308,Basapaura Main Road,Apr-Jun,2024,5364.974566,9014.482423,7106.34,12.869585,77.65063,Low
14336,Basapaura Main Road,Jul-Sep,2024,5758.68416,9676.011787,7627.84,12.869585,77.65063,Low
14364,Basapaura Main Road,Oct-Dec,2024,7079.366573,11895.08445,9377.19,12.869585,77.65063,Low
14392,Basapaura Main Road,Jan-Mar,2025,5973.091686,10036.26939,7911.84,12.869585,77.65063,Low
14420,Basapaura Main Road,Apr-Jun,2025,6657.738704,11186.64549,8818.71,12.869585,77.65063,Low
14448,Basapaura Main Road,Jul-Sep,2025,5941.600266,9983.356026,7870.127083,12.869585,77.65063,Low
14476,Basapaura Main Road,Oct-Dec,2025,3275.293894,5503.302741,4338.39,12.869585,77.65063,Low
14504,Basapaura Main Road,Jan-Mar,2026,2671.872601,4489.405923,3539.11,12.869585,77.65063,Low
14532,Basapaura Main Road,Apr-Jun,2026,2713.387635,4559.161436,3594.1,12.869585,77.65063,Low
14560,Basapaura Main Road,Jul-Sep,2026,2845.542697,4781.214581,3769.15,12.869585,77.65063,Low
14588,Basapaura Main Road,Oct-Dec,2026,3106.130886,5219.067104,4114.32,12.869585,77.65063,Low
14616,Basapaura Main Road,Jan-Mar,2027,3152.711676,5297.334336,4176.02,12.869585,77.65063,Low
14644,Basapaura Main Road,Apr-Jun,2027,3158.796622,5307.558549,4184.08,12.869585,77.65063,Low
14672,Basapaura Main Road,Jul-Sep,2027,3283.741852,5517.497398,4349.58,12.869585,77.65063,Low
14700,Basapaura Main Road,Oct-Dec,2027,3543.265553,5953.561318,4693.34,12.869585,77.65063,Low
14728,Basapaura Main Road,Jan-Mar,2028,3884.785034,6527.3984,5145.71,12.869585,77.65063,Low
14756,Basapaura Main Road,Apr-Jun,2028,3898.94046,6551.183013,5164.46,12.869585,77.65063,Low
14784,Basapaura Main Road,Jul-Sep,2028,4157.62616,6985.838884,5507.11,12.869585,77.65063,Low
14812,Basapaura Main Road,Oct-Dec,2028,4318.182669,7255.613477,5719.78,12.869585,77.65063,Low
14840,Basapaura Main Road,Jan-Mar,2029,4379.628544,7358.857724,5801.17,12.869585,77.65063,Low
14868,Basapaura Main Road,Apr-Jun,2029,4533.69998,7617.735792,6005.25,12.869585,77.65063,Low
14896,Basapaura Main Road,Jul-Sep,2029,5015.377056,8427.072255,6643.27,12.869585,77.65063,Low
14924,Basapaura Main Road,Oct-Dec,2029,4862.181369,8169.665661,6440.35,12.869585,77.65063,Low
14952,Basapaura Main Road,Jan-Mar,2030,5099.637704,8568.650955,6754.88,12.869585,77.65063,Low
14980,Basapaura Main Road,Apr-Jun,2030,5364.974566,9014.482423,7106.34,12.869585,77.65063,Low
15008,Basapaura Main Road,Jul-Sep,2030,5758.68416,9676.011787,7627.84,12.869585,77.65063,Low
15036,Basapaura Main Road,Oct-Dec,2030,7079.366573,11895.08445,9377.19,12.869585,77.65063,Low
15064,Basavanagudi,Jan-Mar,2024,8216.782883,13816.43407,11016.65,12.9417261,77.5755021,Moderate
15092,Basavanagudi,Apr-Jun,2024,8363.514212,14063.16126,11213.38,12.9417261,77.5755021,Moderate
15120,Basavanagudi,Jul-Sep,2024,8809.309543,14812.76143,11811.08,12.9417261,77.5755021,Moderate
15148,Basavanagudi,Oct-Dec,2024,7855.350795,13208.68982,10532.06,12.9417261,77.5755021,Moderate
15176,Basavanagudi,Jan-Mar,2025,7663.331374,12885.81118,10274.61,12.9417261,77.5755021,Moderate
15204,Basavanagudi,Apr-Jun,2025,7823.159852,13154.56108,10488.9,12.9417261,77.5755021,Moderate
15232,Basavanagudi,Jul-Sep,2025,7208.125886,12120.38793,9664.293333,12.9417261,77.5755021,Moderate
15260,Basavanagudi,Oct-Dec,2025,5130.62169,8627.086458,6878.88,12.9417261,77.5755021,Moderate
15288,Basavanagudi,Jan-Mar,2026,7340.318086,12342.66773,9841.53,12.9417261,77.5755021,Moderate
15316,Basavanagudi,Apr-Jun,2026,7552.042899,12698.68078,10125.4,12.9417261,77.5755021,Moderate
15344,Basavanagudi,Jul-Sep,2026,7539.766186,12678.03761,10108.94,12.9417261,77.5755021,Moderate
15372,Basavanagudi,Oct-Dec,2026,7438.904713,12508.44011,9973.71,12.9417261,77.5755021,Moderate
15400,Basavanagudi,Jan-Mar,2027,7587.620007,12758.50331,10173.1,12.9417261,77.5755021,Moderate
15428,Basavanagudi,Apr-Jun,2027,7977.290026,13413.72935,10695.55,12.9417261,77.5755021,Moderate
15456,Basavanagudi,Jul-Sep,2027,8377.938977,14087.41635,11232.72,12.9417261,77.5755021,Moderate
15484,Basavanagudi,Oct-Dec,2027,7988.037743,13431.80153,10709.96,12.9417261,77.5755021,Moderate
15512,Basavanagudi,Jan-Mar,2028,6725.557599,11308.95443,9017.29,12.9417261,77.5755021,Moderate
15540,Basavanagudi,Apr-Jun,2028,6733.411413,11322.16054,9027.82,12.9417261,77.5755021,Moderate
15568,Basavanagudi,Jul-Sep,2028,7280.828986,12242.63743,9761.77,12.9417261,77.5755021,Moderate
15596,Basavanagudi,Oct-Dec,2028,7171.65127,12059.05625,9615.39,12.9417261,77.5755021,Moderate
15624,Basavanagudi,Jan-Mar,2029,6540.974316,10998.57958,8769.81,12.9417261,77.5755021,Moderate
15652,Basavanagudi,Apr-Jun,2029,6749.186169,11348.68562,9048.97,12.9417261,77.5755021,Moderate
15680,Basavanagudi,Jul-Sep,2029,7771.121806,13067.05966,10419.13,12.9417261,77.5755021,Moderate
15708,Basavanagudi,Oct-Dec,2029,7581.242978,12747.7804,10164.55,12.9417261,77.5755021,Moderate
15736,Basavanagudi,Jan-Mar,2030,8216.782883,13816.43407,11016.65,12.9417261,77.5755021,Moderate
15764,Basavanagudi,Apr-Jun,2030,8363.514212,14063.16126,11213.38,12.9417261,77.5755021,Moderate
15792,Basavanagudi,Jul-Sep,2030,8809.309543,14812.76143,11811.08,12.9417261,77.5755021,Moderate
15820,Basavanagudi,Oct-Dec,2030,7855.350795,13208.68982,10532.06,12.9417261,77.5755021,Moderate
15876,Begur Koppa Road,Jan-Mar,2024,4468.439787,7256.535054,5862.54,12.8645869,77.6176559,Moderate
15904,Begur Koppa Road,Apr-Jun,2024,4568.295873,7418.696618,5993.55,12.8645869,77.6176559,Moderate
15932,Begur Koppa Road,Jul-Sep,2024,4901.904071,7960.460568,6431.24,12.8645869,77.6176559,Moderate
15960,Begur Koppa Road,Oct-Dec,2024,4930.943968,8007.619988,6469.34,12.8645869,77.6176559,Moderate
15988,Begur Koppa Road,Jan-Mar,2025,4776.140739,7756.22686,6266.24,12.8645869,77.6176559,Moderate
16016,Begur Koppa Road,Apr-Jun,2025,4728.335429,7678.593295,6203.52,12.8645869,77.6176559,Moderate
16044,Begur Koppa Road,Jul-Sep,2025,4386.345549,7123.21789,5754.833333,12.8645869,77.6176559,Moderate
16072,Begur Koppa Road,Oct-Dec,2025,3413.994279,5544.165377,4479.12,12.8645869,77.6176559,Moderate
16100,Begur Koppa Road,Jan-Mar,2026,3583.416542,5819.299126,4701.4,12.8645869,77.6176559,Moderate
16128,Begur Koppa Road,Apr-Jun,2026,3753.509543,6095.522122,4924.56,12.8645869,77.6176559,Moderate
16156,Begur Koppa Road,Jul-Sep,2026,3833.792281,6225.897495,5029.89,12.8645869,77.6176559,Moderate
16184,Begur Koppa Road,Oct-Dec,2026,3912.177136,6353.190795,5132.73,12.8645869,77.6176559,Moderate
16212,Begur Koppa Road,Jan-Mar,2027,3594.018772,5836.516647,4715.31,12.8645869,77.6176559,Moderate
16240,Begur Koppa Road,Apr-Jun,2027,3704.042633,6015.190197,4859.66,12.8645869,77.6176559,Moderate
16268,Begur Koppa Road,Jul-Sep,2027,3757.945559,6102.726002,4930.38,12.8645869,77.6176559,Moderate
16296,Begur Koppa Road,Oct-Dec,2027,3902.443816,6337.384344,5119.96,12.8645869,77.6176559,Moderate
16324,Begur Koppa Road,Jan-Mar,2028,3975.142644,6455.443805,5215.34,12.8645869,77.6176559,Moderate
16352,Begur Koppa Road,Apr-Jun,2028,4117.430516,6686.512585,5402.02,12.8645869,77.6176559,Moderate
16380,Begur Koppa Road,Jul-Sep,2028,4232.256249,6872.984149,5552.67,12.8645869,77.6176559,Moderate
16408,Begur Koppa Road,Oct-Dec,2028,4236.692265,6880.188029,5558.49,12.8645869,77.6176559,Moderate
16436,Begur Koppa Road,Jan-Mar,2029,4297.858976,6979.519878,5638.74,12.8645869,77.6176559,Moderate
16464,Begur Koppa Road,Apr-Jun,2029,4466.198913,7252.89598,5859.6,12.8645869,77.6176559,Moderate
16492,Begur Koppa Road,Jul-Sep,2029,4562.335453,7409.017178,5985.73,12.8645869,77.6176559,Moderate
16520,Begur Koppa Road,Oct-Dec,2029,4913.024599,7978.519779,6445.83,12.8645869,77.6176559,Moderate
16548,Begur Koppa Road,Jan-Mar,2030,4468.439787,7256.535054,5862.54,12.8645869,77.6176559,Moderate
16576,Begur Koppa Road,Apr-Jun,2030,4568.295873,7418.696618,5993.55,12.8645869,77.6176559,Moderate
16604,Begur Koppa Road,Jul-Sep,2030,4901.904071,7960.460568,6431.24,12.8645869,77.6176559,Moderate
16632,Begur Koppa Road,Oct-Dec,2030,4930.943968,8007.619988,6469.34,12.8645869,77.6176559,Moderate
16660,Begur Road,Jan-Mar,2024,4259.813183,7165.486027,5712.61,12.90438169,77.62740658,Moderate
16688,Begur Road,Apr-Jun,2024,4278.828176,7197.471388,5738.11,12.90438169,77.62740658,Moderate
16716,Begur Road,Jul-Sep,2024,4673.161836,7860.785061,6266.93,12.90438169,77.62740658,Moderate
16744,Begur Road,Oct-Dec,2024,5245.311774,8823.205761,7034.21,12.90438169,77.62740658,Moderate
16772,Begur Road,Jan-Mar,2025,5443.597133,9156.74409,7300.12,12.90438169,77.62740658,Moderate
16800,Begur Road,Apr-Jun,2025,5410.354452,9100.826153,7255.54,12.90438169,77.62740658,Moderate
16828,Begur Road,Jul-Sep,2025,4132.907372,6952.016145,5542.423333,12.90438169,77.62740658,Moderate
16856,Begur Road,Oct-Dec,2025,3681.727585,6193.080876,4937.37,12.90438169,77.62740658,Moderate
16884,Begur Road,Jan-Mar,2026,3763.484595,6330.605386,5047.01,12.90438169,77.62740658,Moderate
16912,Begur Road,Apr-Jun,2026,3780.941104,6359.969202,5070.42,12.90438169,77.62740658,Moderate
16940,Begur Road,Jul-Sep,2026,3854.965351,6484.486331,5169.69,12.90438169,77.62740658,Moderate
16968,Begur Road,Oct-Dec,2026,3955.714984,6653.958572,5304.8,12.90438169,77.62740658,Moderate
16996,Begur Road,Jan-Mar,2027,3992.253597,6715.420638,5353.8,12.90438169,77.62740658,Moderate
17024,Begur Road,Apr-Jun,2027,3999.725371,6727.989003,5363.82,12.90438169,77.62740658,Moderate
17052,Begur Road,Jul-Sep,2027,4030.909958,6780.444996,5405.64,12.90438169,77.62740658,Moderate
17080,Begur Road,Oct-Dec,2027,4094.792876,6887.903266,5491.31,12.90438169,77.62740658,Moderate
17108,Begur Road,Jan-Mar,2028,4041.811887,6798.783269,5420.26,12.90438169,77.62740658,Moderate
17136,Begur Road,Apr-Jun,2028,4121.495891,6932.820747,5527.12,12.90438169,77.62740658,Moderate
17164,Begur Road,Jul-Sep,2028,4129.146629,6945.690151,5537.38,12.90438169,77.62740658,Moderate
17192,Begur Road,Oct-Dec,2028,4099.997764,6896.658474,5498.29,12.90438169,77.62740658,Moderate
17220,Begur Road,Jan-Mar,2029,4181.038917,7032.978829,5606.97,12.90438169,77.62740658,Moderate
17248,Begur Road,Apr-Jun,2029,4311.914263,7253.125916,5782.48,12.90438169,77.62740658,Moderate
17276,Begur Road,Jul-Sep,2029,4235.48145,7124.557308,5679.98,12.90438169,77.62740658,Moderate
17304,Begur Road,Oct-Dec,2029,4434.646718,7459.575743,5947.07,12.90438169,77.62740658,Moderate
17332,Begur Road,Jan-Mar,2030,4259.813183,7165.486027,5712.61,12.90438169,77.62740658,Moderate
17360,Begur Road,Apr-Jun,2030,4278.828176,7197.471388,5738.11,12.90438169,77.62740658,Moderate
17388,Begur Road,Jul-Sep,2030,4673.161836,7860.785061,6266.93,12.90438169,77.62740658,Moderate
17416,Begur Road,Oct-Dec,2030,5245.311774,8823.205761,7034.21,12.90438169,77.62740658,Moderate
17444,Belathur Main Road,Jan-Mar,2024,4700.537666,7597.862334,6149.2,13.0064138,77.7502347,High
17472,Belathur Main Road,Apr-Jun,2024,4770.718562,7711.301438,6241.01,13.0064138,77.7502347,High
17500,Belathur Main Road,Jul-Sep,2024,5379.031979,8694.568021,7036.8,13.0064138,77.7502347,High
17528,Belathur Main Road,Oct-Dec,2024,5683.169578,9186.170422,7434.67,13.0064138,77.7502347,High
17556,Belathur Main Road,Jan-Mar,2025,5845.378336,9448.361664,7646.87,13.0064138,77.7502347,High
17584,Belathur Main Road,Apr-Jun,2025,5692.258466,9200.861534,7446.56,13.0064138,77.7502347,High
17612,Belathur Main Road,Jul-Sep,2025,5151.226775,8326.347892,6738.787333,13.0064138,77.7502347,High
17640,Belathur Main Road,Oct-Dec,2025,4169.27723,6739.14277,5454.21,13.0064138,77.7502347,High
17668,Belathur Main Road,Jan-Mar,2026,3858.007644,6236.012356,5047.01,13.0064138,77.7502347,High
17696,Belathur Main Road,Apr-Jun,2026,3875.902588,6264.937412,5070.42,13.0064138,77.7502347,High
17724,Belathur Main Road,Jul-Sep,2026,3951.786015,6387.593985,5169.69,13.0064138,77.7502347,High
17752,Belathur Main Road,Oct-Dec,2026,4055.066059,6554.533941,5304.8,13.0064138,77.7502347,High
17780,Belathur Main Road,Jan-Mar,2027,4092.52237,6615.07763,5353.8,13.0064138,77.7502347,High
17808,Belathur Main Road,Apr-Jun,2027,4100.181803,6627.458197,5363.82,13.0064138,77.7502347,High
17836,Belathur Main Road,Jul-Sep,2027,4132.149618,6679.130382,5405.64,13.0064138,77.7502347,High
17864,Belathur Main Road,Oct-Dec,2027,4197.637008,6784.982992,5491.31,13.0064138,77.7502347,High
17892,Belathur Main Road,Jan-Mar,2028,4170.232748,6740.687252,5455.46,13.0064138,77.7502347,High
17920,Belathur Main Road,Apr-Jun,2028,4225.010691,6829.229309,5527.12,13.0064138,77.7502347,High
17948,Belathur Main Road,Jul-Sep,2028,4232.853584,6841.906416,5537.38,13.0064138,77.7502347,High
17976,Belathur Main Road,Oct-Dec,2028,4218.474947,6818.665053,5518.57,13.0064138,77.7502347,High
18004,Belathur Main Road,Jan-Mar,2029,4298.761403,6948.438597,5623.6,13.0064138,77.7502347,High
18032,Belathur Main Road,Apr-Jun,2029,4429.575657,7159.884343,5794.73,13.0064138,77.7502347,High
18060,Belathur Main Road,Jul-Sep,2029,4331.264308,7000.975692,5666.12,13.0064138,77.7502347,High
18088,Belathur Main Road,Oct-Dec,2029,4569.150101,7385.489899,5977.32,13.0064138,77.7502347,High
18116,Belathur Main Road,Jan-Mar,2030,4700.537666,7597.862334,6149.2,13.0064138,77.7502347,High
18144,Belathur Main Road,Apr-Jun,2030,4770.718562,7711.301438,6241.01,13.0064138,77.7502347,High
18172,Belathur Main Road,Jul-Sep,2030,5379.031979,8694.568021,7036.8,13.0064138,77.7502347,High
18200,Belathur Main Road,Oct-Dec,2030,5683.169578,9186.170422,7434.67,13.0064138,77.7502347,High
18228,Bellandur,Jan-Mar,2024,6179.957437,10461.5442,8320.73,12.9361208,77.6671843,Moderate
18256,Bellandur,Apr-Jun,2024,6145.614148,10403.40726,8274.49,12.9361208,77.6671843,Moderate
18284,Bellandur,Jul-Sep,2024,7246.641859,12267.24696,9756.92,12.9361208,77.6671843,Moderate
18312,Bellandur,Oct-Dec,2024,7281.950681,12327.01838,9804.46,12.9361208,77.6671843,Moderate
18340,Bellandur,Jan-Mar,2025,8596.870087,14552.93783,11574.875,12.9361208,77.6671843,Moderate
18368,Bellandur,Apr-Jun,2025,8133.213409,13768.05139,10950.605,12.9361208,77.6671843,Moderate
18396,Bellandur,Jul-Sep,2025,8363.789525,14158.37482,11261.054,12.9361208,77.6671843,Moderate
18424,Bellandur,Oct-Dec,2025,4903.091197,8300.041836,6601.55,12.9361208,77.6671843,Moderate
18452,Bellandur,Jan-Mar,2026,4801.301671,8127.730676,6464.5,12.9361208,77.6671843,Moderate
18480,Bellandur,Apr-Jun,2026,4869.468345,8243.124461,6556.28,12.9361208,77.6671843,Moderate
18508,Bellandur,Jul-Sep,2026,4922.364734,8332.668429,6627.5,12.9361208,77.6671843,Moderate
18536,Bellandur,Oct-Dec,2026,4985.354663,8439.298924,6712.31,12.9361208,77.6671843,Moderate
18564,Bellandur,Jan-Mar,2027,5325.007113,9014.268762,7169.62,12.9361208,77.6671843,Moderate
18592,Bellandur,Apr-Jun,2027,5389.021993,9122.634313,7255.81,12.9361208,77.6671843,Moderate
18620,Bellandur,Jul-Sep,2027,5414.497227,9165.759252,7290.11,12.9361208,77.6671843,Moderate
18648,Bellandur,Oct-Dec,2027,5473.855264,9266.241615,7370.03,12.9361208,77.6671843,Moderate
18676,Bellandur,Jan-Mar,2028,4999.25092,8462.822761,6731.02,12.9361208,77.6671843,Moderate
18704,Bellandur,Apr-Jun,2028,5071.799632,8585.634538,6828.7,12.9361208,77.6671843,Moderate
18732,Bellandur,Jul-Sep,2028,5018.762127,8495.851686,6757.29,12.9361208,77.6671843,Moderate
18760,Bellandur,Oct-Dec,2028,5061.936334,8568.937769,6815.42,12.9361208,77.6671843,Moderate
18788,Bellandur,Jan-Mar,2029,5100.490835,8634.203528,6867.33,12.9361208,77.6671843,Moderate
18816,Bellandur,Apr-Jun,2029,5200.09677,8802.818264,7001.44,12.9361208,77.6671843,Moderate
18844,Bellandur,Jul-Sep,2029,5332.345169,9026.690756,7179.5,12.9361208,77.6671843,Moderate
18872,Bellandur,Oct-Dec,2029,5495.483217,9302.853807,7399.15,12.9361208,77.6671843,Moderate
18900,Bellandur,Jan-Mar,2030,6179.957437,10461.5442,8320.73,12.9361208,77.6671843,Moderate
18928,Bellandur,Apr-Jun,2030,6145.614148,10403.40726,8274.49,12.9361208,77.6671843,Moderate
18956,Bellandur,Jul-Sep,2030,7246.641859,12267.24696,9756.92,12.9361208,77.6671843,Moderate
18984,Bellandur,Oct-Dec,2030,7281.950681,12327.01838,9804.46,12.9361208,77.6671843,Moderate
19012,Bellary Road,Jan-Mar,2024,5484.865682,9516.004019,7500.48,12.9969763,77.5846071,High
19040,Bellary Road,Apr-Jun,2024,5523.878863,9583.690196,7553.83,12.9969763,77.5846071,High
19068,Bellary Road,Jul-Sep,2024,5782.929554,10033.13191,7908.078333,12.9969763,77.5846071,High
19096,Bellary Road,Oct-Dec,2024,6339.718702,10999.13693,8669.48,12.9969763,77.5846071,High
19124,Bellary Road,Jan-Mar,2025,6282.456712,10899.78986,8591.175,12.9969763,77.5846071,High
19152,Bellary Road,Apr-Jun,2025,6163.234332,10692.9442,8428.14,12.9969763,77.5846071,High
19180,Bellary Road,Jul-Sep,2025,5507.489792,9555.255869,7531.418167,12.9969763,77.5846071,High
19208,Bellary Road,Oct-Dec,2025,4357.900294,7560.76796,5959.37,12.9969763,77.5846071,High
19236,Bellary Road,Jan-Mar,2026,4223.405369,7327.4251,5775.45,12.9969763,77.5846071,High
19264,Bellary Road,Apr-Jun,2026,4222.783791,7326.346688,5774.6,12.9969763,77.5846071,High
19292,Bellary Road,Jul-Sep,2026,4263.676332,7397.293474,5830.52,12.9969763,77.5846071,High
19320,Bellary Road,Oct-Dec,2026,4372.840112,7586.687896,5979.8,12.9969763,77.5846071,High
19348,Bellary Road,Jan-Mar,2027,4543.57671,7882.908487,6213.28,12.9969763,77.5846071,High
19376,Bellary Road,Apr-Jun,2027,4371.253259,7583.934776,5977.63,12.9969763,77.5846071,High
19404,Bellary Road,Jul-Sep,2027,4394.851298,7624.876349,6009.9,12.9969763,77.5846071,High
19432,Bellary Road,Oct-Dec,2027,4470.398659,7755.947743,6113.21,12.9969763,77.5846071,High
19460,Bellary Road,Jan-Mar,2028,4322.675084,7499.65375,5911.2,12.9969763,77.5846071,High
19488,Bellary Road,Apr-Jun,2028,4538.574833,7874.230447,6206.44,12.9969763,77.5846071,High
19516,Bellary Road,Jul-Sep,2028,4528.161567,7856.163884,6192.2,12.9969763,77.5846071,High
19544,Bellary Road,Oct-Dec,2028,4664.674794,8093.00841,6378.88,12.9969763,77.5846071,High
19572,Bellary Road,Jan-Mar,2029,4651.921469,8070.881945,6361.44,12.9969763,77.5846071,High
19600,Bellary Road,Apr-Jun,2029,4724.587632,8196.954585,6460.81,12.9969763,77.5846071,High
19628,Bellary Road,Jul-Sep,2029,4940.706761,8571.911898,6756.35,12.9969763,77.5846071,High
19656,Bellary Road,Oct-Dec,2029,5142.449149,8921.926189,7032.23,12.9969763,77.5846071,High
19684,Bellary Road,Jan-Mar,2030,5484.865682,9516.004019,7500.48,12.9969763,77.5846071,High
19712,Bellary Road,Apr-Jun,2030,5523.878863,9583.690196,7553.83,12.9969763,77.5846071,High
19740,Bellary Road,Jul-Sep,2030,5782.929554,10033.13191,7908.078333,12.9969763,77.5846071,High
19768,Bellary Road,Oct-Dec,2030,6339.718702,10999.13693,8669.48,12.9969763,77.5846071,High
19796,Benson Town,Jan-Mar,2024,7871.191308,12899.48857,10385.4,12.997803,77.6041749,Moderate
19824,Benson Town,Apr-Jun,2024,7652.344996,12540.83823,10096.65,12.997803,77.6041749,Moderate
19852,Benson Town,Jul-Sep,2024,8524.367653,13969.92893,11247.21333,12.997803,77.6041749,Moderate
19880,Benson Town,Oct-Dec,2024,8406.186855,13776.25153,11091.28333,12.997803,77.6041749,Moderate
19908,Benson Town,Jan-Mar,2025,9231.001868,15127.97726,12179.56,12.997803,77.6041749,Moderate
19936,Benson Town,Apr-Jun,2025,8799.448309,14420.73741,11610.16,12.997803,77.6041749,Moderate
19964,Benson Town,Jul-Sep,2025,7498.532355,12288.76655,9893.706667,12.997803,77.6041749,Moderate
19992,Benson Town,Oct-Dec,2025,6014.139189,9856.109032,7935.17,12.997803,77.6041749,Moderate
20020,Benson Town,Jan-Mar,2026,7371.895815,12081.23169,9726.62,12.997803,77.6041749,Moderate
20048,Benson Town,Apr-Jun,2026,7465.793199,12235.11287,9850.51,12.997803,77.6041749,Moderate
20076,Benson Town,Jul-Sep,2026,7391.41198,12113.21522,9752.37,12.997803,77.6041749,Moderate
20104,Benson Town,Oct-Dec,2026,7292.663976,11951.38473,9622.08,12.997803,77.6041749,Moderate
20132,Benson Town,Jan-Mar,2027,7357.601645,12057.80607,9707.76,12.997803,77.6041749,Moderate
20160,Benson Town,Apr-Jun,2027,7324.594695,12003.71353,9664.21,12.997803,77.6041749,Moderate
20188,Benson Town,Jul-Sep,2027,7345.596362,12038.13154,9691.92,12.997803,77.6041749,Moderate
20216,Benson Town,Oct-Dec,2027,7267.114853,11909.51425,9588.37,12.997803,77.6041749,Moderate
20244,Benson Town,Jan-Mar,2028,7349.522332,12044.56551,9697.1,12.997803,77.6041749,Moderate
20272,Benson Town,Apr-Jun,2028,7357.39701,12057.47071,9707.49,12.997803,77.6041749,Moderate
20300,Benson Town,Jul-Sep,2028,7188.064913,11779.96539,9484.07,12.997803,77.6041749,Moderate
20328,Benson Town,Oct-Dec,2028,7330.521546,12013.42659,9672.03,12.997803,77.6041749,Moderate
20356,Benson Town,Jan-Mar,2029,7043.751402,11543.46111,9293.66,12.997803,77.6041749,Moderate
20384,Benson Town,Apr-Jun,2029,7013.230394,11493.44258,9253.39,12.997803,77.6041749,Moderate
20412,Benson Town,Jul-Sep,2029,7028.600795,11518.63194,9273.67,12.997803,77.6041749,Moderate
20440,Benson Town,Oct-Dec,2029,7658.476482,12550.88665,10104.74,12.997803,77.6041749,Moderate
20468,Benson Town,Jan-Mar,2030,7871.191308,12899.48857,10385.4,12.997803,77.6041749,Moderate
20496,Benson Town,Apr-Jun,2030,7652.344996,12540.83823,10096.65,12.997803,77.6041749,Moderate
20524,Benson Town,Jul-Sep,2030,8524.367653,13969.92893,11247.21333,12.997803,77.6041749,Moderate
20552,Benson Town,Oct-Dec,2030,8406.186855,13776.25153,11091.28333,12.997803,77.6041749,Moderate
20580,Bhattarahalli,Jan-Mar,2024,5555.420031,8124.288419,6839.82,13.04685825,77.34890037,Moderate
20608,Bhattarahalli,Apr-Jun,2024,5411.665694,7914.060985,6662.83,13.04685825,77.34890037,Moderate
20636,Bhattarahalli,Jul-Sep,2024,6005.867615,8783.026385,7394.41,13.04685825,77.34890037,Moderate
20664,Bhattarahalli,Oct-Dec,2024,6501.655876,9508.0709,8004.823333,13.04685825,77.34890037,Moderate
20692,Bhattarahalli,Jan-Mar,2025,6247.071783,9135.76519,7691.38,13.04685825,77.34890037,Moderate
20720,Bhattarahalli,Apr-Jun,2025,6386.968088,9340.350608,7863.62,13.04685825,77.34890037,Moderate
20748,Bhattarahalli,Jul-Sep,2025,6900.370634,10091.15439,8495.72,13.04685825,77.34890037,Moderate
20776,Bhattarahalli,Oct-Dec,2025,6286.569909,9193.52755,7740.01,13.04685825,77.34890037,Moderate
20804,Bhattarahalli,Jan-Mar,2026,7824.340895,11442.37551,9633.31,13.04685825,77.34890037,Moderate
20832,Bhattarahalli,Apr-Jun,2026,7924.503531,11588.85411,9756.63,13.04685825,77.34890037,Moderate
20860,Bhattarahalli,Jul-Sep,2026,7850.315604,11480.36112,9665.29,13.04685825,77.34890037,Moderate
20888,Bhattarahalli,Oct-Dec,2026,7745.693895,11327.36154,9536.48,13.04685825,77.34890037,Moderate
20916,Bhattarahalli,Jan-Mar,2027,7816.153745,11430.40256,9623.23,13.04685825,77.34890037,Moderate
20944,Bhattarahalli,Apr-Jun,2027,7783.299556,11382.35635,9582.78,13.04685825,77.34890037,Moderate
20972,Bhattarahalli,Jul-Sep,2027,7800.875938,11408.06018,9604.42,13.04685825,77.34890037,Moderate
21000,Bhattarahalli,Oct-Dec,2027,7721.238033,11291.5971,9506.37,13.04685825,77.34890037,Moderate
21028,Bhattarahalli,Jan-Mar,2028,4508.561295,6593.354257,5550.93,13.04685825,77.34890037,Moderate
21056,Bhattarahalli,Apr-Jun,2028,4498.546655,6578.708773,5538.6,13.04685825,77.34890037,Moderate
21084,Bhattarahalli,Jul-Sep,2028,4561.087386,6670.168812,5615.6,13.04685825,77.34890037,Moderate
21112,Bhattarahalli,Oct-Dec,2028,4947.98709,7235.973876,6091.95,13.04685825,77.34890037,Moderate
21140,Bhattarahalli,Jan-Mar,2029,4766.172251,6970.086475,5868.1,13.04685825,77.34890037,Moderate
21168,Bhattarahalli,Apr-Jun,2029,4856.685745,7102.454096,5979.54,13.04685825,77.34890037,Moderate
21196,Bhattarahalli,Jul-Sep,2029,4797.109607,7015.3295,5906.19,13.04685825,77.34890037,Moderate
21224,Bhattarahalli,Oct-Dec,2029,5028.810832,7354.171129,6191.46,13.04685825,77.34890037,Moderate
21252,Bhattarahalli,Jan-Mar,2030,5555.420031,8124.288419,6839.82,13.04685825,77.34890037,Moderate
21280,Bhattarahalli,Apr-Jun,2030,5411.665694,7914.060985,6662.83,13.04685825,77.34890037,Moderate
21308,Bhattarahalli,Jul-Sep,2030,6005.867615,8783.026385,7394.41,13.04685825,77.34890037,Moderate
21336,Bhattarahalli,Oct-Dec,2030,6501.655876,9508.0709,8004.823333,13.04685825,77.34890037,Moderate
21364,Bhoganahalli Road,Jan-Mar,2024,9329.973884,13739.4074,11534.93,12.928639,77.69885,Moderate
21392,Bhoganahalli Road,Apr-Jun,2024,9722.0212,14316.73997,12019.63,12.928639,77.69885,Moderate
21420,Bhoganahalli Road,Jul-Sep,2024,11719.54555,17258.31313,14489.23,12.928639,77.69885,Moderate
21448,Bhoganahalli Road,Oct-Dec,2024,9876.294959,14543.92496,12210.36333,12.928639,77.69885,Moderate
21476,Bhoganahalli Road,Jan-Mar,2025,10222.70453,15054.05095,12638.64,12.928639,77.69885,Moderate
21504,Bhoganahalli Road,Apr-Jun,2025,11106.36801,16355.34213,13731.14,12.928639,77.69885,Moderate
21532,Bhoganahalli Road,Jul-Sep,2025,11789.75736,17361.70771,14576.035,12.928639,77.69885,Moderate
21560,Bhoganahalli Road,Oct-Dec,2025,6256.798531,9213.820437,7735.47,12.928639,77.69885,Moderate
21588,Bhoganahalli Road,Jan-Mar,2026,5387.111891,7933.111701,6660.25,12.928639,77.69885,Moderate
21616,Bhoganahalli Road,Apr-Jun,2026,5253.709036,7736.6614,6495.32,12.928639,77.69885,Moderate
21644,Bhoganahalli Road,Jul-Sep,2026,5271.091121,7762.258423,6516.81,12.928639,77.69885,Moderate
21672,Bhoganahalli Road,Oct-Dec,2026,5386.286869,7931.896765,6659.23,12.928639,77.69885,Moderate
21700,Bhoganahalli Road,Jan-Mar,2027,6461.91361,9515.874834,7989.06,12.928639,77.69885,Moderate
21728,Bhoganahalli Road,Apr-Jun,2027,6060.702077,8925.046953,7493.03,12.928639,77.69885,Moderate
21756,Bhoganahalli Road,Jul-Sep,2027,5923.732215,8723.343843,7323.69,12.928639,77.69885,Moderate
21784,Bhoganahalli Road,Oct-Dec,2027,6103.101748,8987.485107,7545.45,12.928639,77.69885,Moderate
21812,Bhoganahalli Road,Jan-Mar,2028,5687.363354,8375.264832,7031.46,12.928639,77.69885,Moderate
21840,Bhoganahalli Road,Apr-Jun,2028,6173.349962,9090.933288,7632.3,12.928639,77.69885,Moderate
21868,Bhoganahalli Road,Jul-Sep,2028,6739.28284,9924.331373,8331.98,12.928639,77.69885,Moderate
21896,Bhoganahalli Road,Oct-Dec,2028,7247.027386,10672.04077,8959.72,12.928639,77.69885,Moderate
21924,Bhoganahalli Road,Jan-Mar,2029,5759.237347,8481.107151,7120.32,12.928639,77.69885,Moderate
21952,Bhoganahalli Road,Apr-Jun,2029,6284.210298,9254.187264,7769.36,12.928639,77.69885,Moderate
21980,Bhoganahalli Road,Jul-Sep,2029,5840.324088,8600.51625,7220.57,12.928639,77.69885,Moderate
22008,Bhoganahalli Road,Oct-Dec,2029,5888.62024,8671.637619,7280.28,12.928639,77.69885,Moderate
22036,Bhoganahalli Road,Jan-Mar,2030,9329.973884,13739.4074,11534.93,12.928639,77.69885,Moderate
22064,Bhoganahalli Road,Apr-Jun,2030,9722.0212,14316.73997,12019.63,12.928639,77.69885,Moderate
22092,Bhoganahalli Road,Jul-Sep,2030,11719.54555,17258.31313,14489.23,12.928639,77.69885,Moderate
22120,Bhoganahalli Road,Oct-Dec,2030,9876.294959,14543.92496,12210.36333,12.928639,77.69885,Moderate
22176,Bilekahalli,Jan-Mar,2024,5284.887893,8942.657742,6965.605,12.8979703,77.6085699,Moderate
22204,Bilekahalli,Apr-Jun,2024,5412.404613,9158.431172,7133.675,12.8979703,77.6085699,Moderate
22232,Bilekahalli,Jul-Sep,2024,5952.00436,10071.49801,7844.88,12.8979703,77.6085699,Moderate
22260,Bilekahalli,Oct-Dec,2024,6575.898271,11127.20057,8667.186667,12.8979703,77.6085699,Moderate
22288,Bilekahalli,Jan-Mar,2025,5975.835503,10111.82313,7876.29,12.8979703,77.6085699,Moderate
22316,Bilekahalli,Apr-Jun,2025,6152.953019,10411.52699,8109.735,12.8979703,77.6085699,Moderate
22344,Bilekahalli,Jul-Sep,2025,5423.137479,9176.592456,7147.821167,12.8979703,77.6085699,Moderate
22372,Bilekahalli,Oct-Dec,2025,4594.869704,7775.065047,6056.145,12.8979703,77.6085699,Moderate
22400,Bilekahalli,Jan-Mar,2026,3637.530734,6155.133853,4794.35,12.8979703,77.6085699,Moderate
22428,Bilekahalli,Apr-Jun,2026,3563.123851,6029.228574,4696.28,12.8979703,77.6085699,Moderate
22456,Bilekahalli,Jul-Sep,2026,3545.802457,5999.918718,4673.45,12.8979703,77.6085699,Moderate
22484,Bilekahalli,Oct-Dec,2026,3449.711586,5837.321556,4546.8,12.8979703,77.6085699,Moderate
22512,Bilekahalli,Jan-Mar,2027,3691.217193,6245.977716,4865.11,12.8979703,77.6085699,Moderate
22540,Bilekahalli,Apr-Jun,2027,3544.489885,5997.697691,4671.72,12.8979703,77.6085699,Moderate
22568,Bilekahalli,Jul-Sep,2027,3576.962757,6052.645646,4714.52,12.8979703,77.6085699,Moderate
22596,Bilekahalli,Oct-Dec,2027,3629.473213,6141.499571,4783.73,12.8979703,77.6085699,Moderate
22624,Bilekahalli,Jan-Mar,2028,4032.023023,6822.66164,5314.3,12.8979703,77.6085699,Moderate
22652,Bilekahalli,Apr-Jun,2028,4174.994706,7064.586703,5502.74,12.8979703,77.6085699,Moderate
22680,Bilekahalli,Jul-Sep,2028,4251.973623,7194.844169,5604.2,12.8979703,77.6085699,Moderate
22708,Bilekahalli,Oct-Dec,2028,4793.731905,8111.5635,6318.25,12.8979703,77.6085699,Moderate
22736,Bilekahalli,Jan-Mar,2029,4004.709392,6776.443734,5278.3,12.8979703,77.6085699,Moderate
22764,Bilekahalli,Apr-Jun,2029,4249.6899,7190.979838,5601.19,12.8979703,77.6085699,Moderate
22792,Bilekahalli,Jul-Sep,2029,4238.438201,7171.940628,5586.36,12.8979703,77.6085699,Moderate
22820,Bilekahalli,Oct-Dec,2029,4357.609091,7373.591921,5743.43,12.8979703,77.6085699,Moderate
22848,Bilekahalli,Jan-Mar,2030,5284.887893,8942.657742,6965.605,12.8979703,77.6085699,Moderate
22876,Bilekahalli,Apr-Jun,2030,5412.404613,9158.431172,7133.675,12.8979703,77.6085699,Moderate
22904,Bilekahalli,Jul-Sep,2030,5952.00436,10071.49801,7844.88,12.8979703,77.6085699,Moderate
22932,Bilekahalli,Oct-Dec,2030,6575.898271,11127.20057,8667.186667,12.8979703,77.6085699,Moderate
22960,Binny Pete,Jan-Mar,2024,8958.001876,11990.8414,10528.39,12.9706,77.602,Moderate
22988,Binny Pete,Apr-Jun,2024,9151.747226,12250.18158,10756.1,12.9706,77.602,Moderate
23016,Binny Pete,Jul-Sep,2024,9235.023438,12361.65195,10853.975,12.9706,77.602,Moderate
23044,Binny Pete,Oct-Dec,2024,8013.223506,10726.19692,9417.986667,12.9706,77.602,Moderate
23072,Binny Pete,Jan-Mar,2025,9566.439362,12805.27273,11243.49,12.9706,77.602,Moderate
23100,Binny Pete,Apr-Jun,2025,9546.499867,12778.58248,11220.055,12.9706,77.602,Moderate
23128,Binny Pete,Jul-Sep,2025,8975.179677,12013.83495,10548.57917,12.9706,77.602,Moderate
23156,Binny Pete,Oct-Dec,2025,6964.958578,9323.029269,8185.955,12.9706,77.602,Moderate
23184,Binny Pete,Jan-Mar,2026,7531.385715,10081.22714,8851.68,12.9706,77.602,Moderate
23212,Binny Pete,Apr-Jun,2026,7571.043484,10134.31153,8898.29,12.9706,77.602,Moderate
23240,Binny Pete,Jul-Sep,2026,7753.481138,10378.51565,9112.71,12.9706,77.602,Moderate
23268,Binny Pete,Oct-Dec,2026,7952.144357,10644.43869,9346.2,12.9706,77.602,Moderate
23296,Binny Pete,Jan-Mar,2027,8154.585318,10915.41848,9584.13,12.9706,77.602,Moderate
23324,Binny Pete,Apr-Jun,2027,8200.777559,10977.24966,9638.42,12.9706,77.602,Moderate
23352,Binny Pete,Jul-Sep,2027,8229.629628,11015.86995,9672.33,12.9706,77.602,Moderate
23380,Binny Pete,Oct-Dec,2027,8469.958607,11337.5652,9954.79,12.9706,77.602,Moderate
23408,Binny Pete,Jan-Mar,2028,8350.857671,11178.14121,9814.81,12.9706,77.602,Moderate
23436,Binny Pete,Apr-Jun,2028,8416.644814,11266.20138,9892.13,12.9706,77.602,Moderate
23464,Binny Pete,Jul-Sep,2028,8539.276747,11430.35183,10036.26,12.9706,77.602,Moderate
23492,Binny Pete,Oct-Dec,2028,8644.934371,11571.78112,10160.44,12.9706,77.602,Moderate
23520,Binny Pete,Jan-Mar,2029,8598.963349,11510.24605,10106.41,12.9706,77.602,Moderate
23548,Binny Pete,Apr-Jun,2029,8700.86025,11646.64138,10226.17,12.9706,77.602,Moderate
23576,Binny Pete,Jul-Sep,2029,8881.681302,11888.68158,10438.69,12.9706,77.602,Moderate
23604,Binny Pete,Oct-Dec,2029,8933.438052,11957.9612,10499.52,12.9706,77.602,Moderate
23632,Binny Pete,Jan-Mar,2030,8958.001876,11990.8414,10528.39,12.9706,77.602,Moderate
23660,Binny Pete,Apr-Jun,2030,9151.747226,12250.18158,10756.1,12.9706,77.602,Moderate
23688,Binny Pete,Jul-Sep,2030,9235.023438,12361.65195,10853.975,12.9706,77.602,Moderate
23716,Binny Pete,Oct-Dec,2030,8013.223506,10726.19692,9417.986667,12.9706,77.602,Moderate
23744,Block 1st Koramangala,Jan-Mar,2024,9716.211966,15146.63837,12431.46,12.9277245,77.6327822,Low
23772,Block 1st Koramangala,Apr-Jun,2024,9566.24191,14912.84951,12239.58,12.9277245,77.6327822,Low
23800,Block 1st Koramangala,Jul-Sep,2024,9943.023309,15500.21541,12721.655,12.9277245,77.6327822,Low
23828,Block 1st Koramangala,Oct-Dec,2024,10112.53605,15764.46944,12938.539,12.9277245,77.6327822,Low
23856,Block 1st Koramangala,Jan-Mar,2025,10717.64975,16707.78341,13712.755,12.9277245,77.6327822,Low
23884,Block 1st Koramangala,Apr-Jun,2025,11186.73214,17439.03766,14312.925,12.9277245,77.6327822,Low
23912,Block 1st Koramangala,Jul-Sep,2025,11457.00534,17860.36752,14658.7275,12.9277245,77.6327822,Low
23940,Block 1st Koramangala,Oct-Dec,2025,7176.490796,11187.45775,9182.0,12.9277245,77.6327822,Low
23968,Block 1st Koramangala,Jan-Mar,2026,7849.175433,12236.10829,10042.67,12.9277245,77.6327822,Low
23996,Block 1st Koramangala,Apr-Jun,2026,7857.092864,12248.45081,10052.8,12.9277245,77.6327822,Low
24024,Block 1st Koramangala,Jul-Sep,2026,8221.013322,12815.76774,10518.42,12.9277245,77.6327822,Low
24052,Block 1st Koramangala,Oct-Dec,2026,8278.248611,12904.99204,10591.65,12.9277245,77.6327822,Low
24080,Block 1st Koramangala,Jan-Mar,2027,8756.694357,13650.84286,11203.8,12.9277245,77.6327822,Low
24108,Block 1st Koramangala,Apr-Jun,2027,8855.290993,13804.54552,11329.95,12.9277245,77.6327822,Low
24136,Block 1st Koramangala,Jul-Sep,2027,8832.06236,13768.33432,11300.23,12.9277245,77.6327822,Low
24164,Block 1st Koramangala,Oct-Dec,2027,9021.94002,14064.3353,11543.17,12.9277245,77.6327822,Low
24192,Block 1st Koramangala,Jan-Mar,2028,8225.937292,12823.44373,10524.72,12.9277245,77.6327822,Low
24220,Block 1st Koramangala,Apr-Jun,2028,8330.051901,12985.74838,10657.93,12.9277245,77.6327822,Low
24248,Block 1st Koramangala,Jul-Sep,2028,8478.677635,13217.44158,10848.09,12.9277245,77.6327822,Low
24276,Block 1st Koramangala,Oct-Dec,2028,8441.911993,13160.12748,10801.05,12.9277245,77.6327822,Low
24304,Block 1st Koramangala,Jan-Mar,2029,8495.864635,13244.23446,10870.08,12.9277245,77.6327822,Low
24332,Block 1st Koramangala,Apr-Jun,2029,8729.78447,13608.89294,11169.37,12.9277245,77.6327822,Low
24360,Block 1st Koramangala,Jul-Sep,2029,9400.280676,14654.13193,12027.24,12.9277245,77.6327822,Low
24388,Block 1st Koramangala,Oct-Dec,2029,9362.170712,14594.72217,11978.48,12.9277245,77.6327822,Low
24416,Block 1st Koramangala,Jan-Mar,2030,9716.211966,15146.63837,12431.46,12.9277245,77.6327822,Low
24444,Block 1st Koramangala,Apr-Jun,2030,9566.24191,14912.84951,12239.58,12.9277245,77.6327822,Low
24472,Block 1st Koramangala,Jul-Sep,2030,9943.023309,15500.21541,12721.655,12.9277245,77.6327822,Low
24500,Block 1st Koramangala,Oct-Dec,2030,10112.53605,15764.46944,12938.539,12.9277245,77.6327822,Low
24528,Block 9th Jayanagara,Jan-Mar,2024,12843.9747,16594.66857,15018.67667,12.9189992,77.5921272,Low
24556,Block 9th Jayanagara,Apr-Jun,2024,12073.96958,15599.80677,14118.29667,12.9189992,77.5921272,Low
24584,Block 9th Jayanagara,Jul-Sep,2024,12135.05225,15678.72679,14189.72167,12.9189992,77.5921272,Low
24612,Block 9th Jayanagara,Oct-Dec,2024,11694.41863,15109.41947,13674.48133,12.9189992,77.5921272,Low
24640,Block 9th Jayanagara,Jan-Mar,2025,12430.63651,16060.62748,14535.35333,12.9189992,77.5921272,Low
24668,Block 9th Jayanagara,Apr-Jun,2025,13061.93671,16876.27979,15273.54333,12.9189992,77.5921272,Low
24696,Block 9th Jayanagara,Jul-Sep,2025,13326.9363,17218.66449,15583.41183,12.9189992,77.5921272,Low
24724,Block 9th Jayanagara,Oct-Dec,2025,6759.217288,8733.042017,7903.667,12.9189992,77.5921272,Low
24752,Block 9th Jayanagara,Jan-Mar,2026,7687.693564,9932.651673,8989.35,12.9189992,77.5921272,Low
24780,Block 9th Jayanagara,Apr-Jun,2026,7687.93302,9932.961055,8989.63,12.9189992,77.5921272,Low
24808,Block 9th Jayanagara,Jul-Sep,2026,7864.300949,10160.8319,9195.86,12.9189992,77.5921272,Low
24836,Block 9th Jayanagara,Oct-Dec,2026,8022.829403,10365.65379,9381.23,12.9189992,77.5921272,Low
24864,Block 9th Jayanagara,Jan-Mar,2027,8259.488943,10671.42258,9657.96,12.9189992,77.5921272,Low
24892,Block 9th Jayanagara,Apr-Jun,2027,8350.764456,10789.35234,9764.69,12.9189992,77.5921272,Low
24920,Block 9th Jayanagara,Jul-Sep,2027,8470.945735,10944.62892,9905.22,12.9189992,77.5921272,Low
24948,Block 9th Jayanagara,Oct-Dec,2027,8684.797087,11220.92909,10155.28,12.9189992,77.5921272,Low
24976,Block 9th Jayanagara,Jan-Mar,2028,9006.882571,11637.06988,10531.9,12.9189992,77.5921272,Low
25004,Block 9th Jayanagara,Apr-Jun,2028,9086.39053,11739.79573,10624.87,12.9189992,77.5921272,Low
25032,Block 9th Jayanagara,Jul-Sep,2028,9324.734815,12047.74125,10903.57,12.9189992,77.5921272,Low
25060,Block 9th Jayanagara,Oct-Dec,2028,9325.914991,12049.26606,10904.95,12.9189992,77.5921272,Low
25088,Block 9th Jayanagara,Jan-Mar,2029,9539.159151,12324.78172,11154.3,12.9189992,77.5921272,Low
25116,Block 9th Jayanagara,Apr-Jun,2029,9692.949796,12523.48227,11334.13,12.9189992,77.5921272,Low
25144,Block 9th Jayanagara,Jul-Sep,2029,10402.16729,13439.80525,12163.43,12.9189992,77.5921272,Low
25172,Block 9th Jayanagara,Oct-Dec,2029,10534.44965,13610.71667,12318.11,12.9189992,77.5921272,Low
25200,Block 9th Jayanagara,Jan-Mar,2030,12843.9747,16594.66857,15018.67667,12.9189992,77.5921272,Low
25228,Block 9th Jayanagara,Apr-Jun,2030,12073.96958,15599.80677,14118.29667,12.9189992,77.5921272,Low
25256,Block 9th Jayanagara,Jul-Sep,2030,12135.05225,15678.72679,14189.72167,12.9189992,77.5921272,Low
25284,Block 9th Jayanagara,Oct-Dec,2030,11694.41863,15109.41947,13674.48133,12.9189992,77.5921272,Low
25312,Bommanahalli,Jan-Mar,2024,3867.143275,6457.635998,5162.37,12.89878273,77.61864858,Moderate
25340,Bommanahalli,Apr-Jun,2024,3935.326567,6571.493399,5253.39,12.89878273,77.61864858,Moderate
25368,Bommanahalli,Jul-Sep,2024,4077.438765,6808.802644,5443.1,12.89878273,77.61864858,Moderate
25396,Bommanahalli,Oct-Dec,2024,4503.655505,7520.530233,6012.07,12.89878273,77.61864858,Moderate
25424,Bommanahalli,Jan-Mar,2025,4702.145143,7851.98261,6277.04,12.89878273,77.61864858,Moderate
25452,Bommanahalli,Apr-Jun,2025,4942.015192,8252.534997,6597.25,12.89878273,77.61864858,Moderate
25480,Bommanahalli,Jul-Sep,2025,4735.971357,7908.468073,6322.195667,12.89878273,77.61864858,Moderate
25508,Bommanahalli,Oct-Dec,2025,3750.116015,6262.215403,5006.146667,12.89878273,77.61864858,Moderate
25536,Bommanahalli,Jan-Mar,2026,3672.886064,6133.251236,4903.05,12.89878273,77.61864858,Moderate
25564,Bommanahalli,Apr-Jun,2026,3725.046058,6220.351772,4972.68,12.89878273,77.61864858,Moderate
25592,Bommanahalli,Jul-Sep,2026,3850.303455,6429.515647,5139.89,12.89878273,77.61864858,Moderate
25620,Bommanahalli,Oct-Dec,2026,3873.338351,6467.980985,5170.64,12.89878273,77.61864858,Moderate
25648,Bommanahalli,Jan-Mar,2027,3910.89834,6530.701377,5220.78,12.89878273,77.61864858,Moderate
25676,Bommanahalli,Apr-Jun,2027,3949.77675,6595.623362,5272.68,12.89878273,77.61864858,Moderate
25704,Bommanahalli,Jul-Sep,2027,3946.615538,6590.344542,5268.46,12.89878273,77.61864858,Moderate
25732,Bommanahalli,Oct-Dec,2027,4071.505875,6798.895474,5435.18,12.89878273,77.61864858,Moderate
25760,Bommanahalli,Jan-Mar,2028,4099.36499,6845.416642,5472.37,12.89878273,77.61864858,Moderate
25788,Bommanahalli,Apr-Jun,2028,3883.204028,6484.455408,5183.81,12.89878273,77.61864858,Moderate
25816,Bommanahalli,Jul-Sep,2028,3770.936065,6296.982231,5033.94,12.89878273,77.61864858,Moderate
25844,Bommanahalli,Oct-Dec,2028,3737.159042,6240.578911,4988.85,12.89878273,77.61864858,Moderate
25872,Bommanahalli,Jan-Mar,2029,3690.20531,6162.172166,4926.17,12.89878273,77.61864858,Moderate
25900,Bommanahalli,Apr-Jun,2029,3723.997315,6218.600505,4971.28,12.89878273,77.61864858,Moderate
25928,Bommanahalli,Jul-Sep,2029,3637.19134,6073.645598,4855.4,12.89878273,77.61864858,Moderate
25956,Bommanahalli,Oct-Dec,2029,3704.348361,6185.789258,4945.05,12.89878273,77.61864858,Moderate
25984,Bommanahalli,Jan-Mar,2030,3867.143275,6457.635998,5162.37,12.89878273,77.61864858,Moderate
26012,Bommanahalli,Apr-Jun,2030,3935.326567,6571.493399,5253.39,12.89878273,77.61864858,Moderate
26040,Bommanahalli,Jul-Sep,2030,4077.438765,6808.802644,5443.1,12.89878273,77.61864858,Moderate
26068,Bommanahalli,Oct-Dec,2030,4503.655505,7520.530233,6012.07,12.89878273,77.61864858,Moderate
26152,Bommasandra Jigani Link Road,Jan-Mar,2024,3745.789735,6216.750265,4981.27,12.79541211,77.65878294,High
26180,Bommasandra Jigani Link Road,Apr-Jun,2024,3880.641384,6440.558616,5160.6,12.79541211,77.65878294,High
26208,Bommasandra Jigani Link Road,Jul-Sep,2024,3876.603279,6433.856721,5155.23,12.79541211,77.65878294,High
26236,Bommasandra Jigani Link Road,Oct-Dec,2024,3815.242131,6332.017869,5073.63,12.79541211,77.65878294,High
26264,Bommasandra Jigani Link Road,Jan-Mar,2025,4226.30166,7014.23834,5620.27,12.79541211,77.65878294,High
26292,Bommasandra Jigani Link Road,Apr-Jun,2025,4236.077333,7030.462667,5633.27,12.79541211,77.65878294,High
26320,Bommasandra Jigani Link Road,Jul-Sep,2025,4095.055731,6796.414269,5445.735,12.79541211,77.65878294,High
26348,Bommasandra Jigani Link Road,Oct-Dec,2025,3106.753992,5156.166008,4131.46,12.79541211,77.65878294,High
26376,Bommasandra Jigani Link Road,Jan-Mar,2026,2681.828047,4450.931953,3566.38,12.79541211,77.65878294,High
26404,Bommasandra Jigani Link Road,Apr-Jun,2026,2621.406868,4350.653132,3486.03,12.79541211,77.65878294,High
26432,Bommasandra Jigani Link Road,Jul-Sep,2026,2600.547086,4316.032914,3458.29,12.79541211,77.65878294,High
26460,Bommasandra Jigani Link Road,Oct-Dec,2026,2747.046825,4559.173175,3653.11,12.79541211,77.65878294,High
26488,Bommasandra Jigani Link Road,Jan-Mar,2027,2578.980447,4280.239553,3429.61,12.79541211,77.65878294,High
26516,Bommasandra Jigani Link Road,Apr-Jun,2027,2611.089773,4333.530227,3472.31,12.79541211,77.65878294,High
26544,Bommasandra Jigani Link Road,Jul-Sep,2027,2623.72295,4354.49705,3489.11,12.79541211,77.65878294,High
26572,Bommasandra Jigani Link Road,Oct-Dec,2027,2759.206258,4579.353742,3669.28,12.79541211,77.65878294,High
26600,Bommasandra Jigani Link Road,Jan-Mar,2028,3539.199686,5873.880314,4706.54,12.79541211,77.65878294,High
26628,Bommasandra Jigani Link Road,Apr-Jun,2028,3494.306787,5799.373213,4646.84,12.79541211,77.65878294,High
26656,Bommasandra Jigani Link Road,Jul-Sep,2028,3500.367705,5809.432295,4654.9,12.79541211,77.65878294,High
26684,Bommasandra Jigani Link Road,Oct-Dec,2028,3448.722072,5723.717928,4586.22,12.79541211,77.65878294,High
26712,Bommasandra Jigani Link Road,Jan-Mar,2029,3634.903524,6032.716476,4833.81,12.79541211,77.65878294,High
26740,Bommasandra Jigani Link Road,Apr-Jun,2029,3644.566401,6048.753599,4846.66,12.79541211,77.65878294,High
26768,Bommasandra Jigani Link Road,Jul-Sep,2029,3672.630102,6095.329898,4883.98,12.79541211,77.65878294,High
26796,Bommasandra Jigani Link Road,Oct-Dec,2029,3651.45449,6060.18551,4855.82,12.79541211,77.65878294,High
26824,Bommasandra Jigani Link Road,Jan-Mar,2030,3745.789735,6216.750265,4981.27,12.79541211,77.65878294,High
26852,Bommasandra Jigani Link Road,Apr-Jun,2030,3880.641384,6440.558616,5160.6,12.79541211,77.65878294,High
26880,Bommasandra Jigani Link Road,Jul-Sep,2030,3876.603279,6433.856721,5155.23,12.79541211,77.65878294,High
26908,Bommasandra Jigani Link Road,Oct-Dec,2030,3815.242131,6332.017869,5073.63,12.79541211,77.65878294,High
26936,Borewell Road,Jan-Mar,2024,6446.363655,11061.71116,8754.1,12.9691992,77.7378529,Moderate
26964,Borewell Road,Apr-Jun,2024,6738.412846,11562.85629,9150.7,12.9691992,77.7378529,Moderate
26992,Borewell Road,Jul-Sep,2024,7125.020879,12226.26075,9675.71,12.9691992,77.7378529,Moderate
27020,Borewell Road,Oct-Dec,2024,6277.489119,10771.92897,8524.77,12.9691992,77.7378529,Moderate
27048,Borewell Road,Jan-Mar,2025,8053.304315,13819.15929,10936.31,12.9691992,77.7378529,Moderate
27076,Borewell Road,Apr-Jun,2025,7916.241491,13583.96477,10750.18,12.9691992,77.7378529,Moderate
27104,Borewell Road,Jul-Sep,2025,7165.006434,12294.87442,9730.01,12.9691992,77.7378529,Moderate
27132,Borewell Road,Oct-Dec,2025,4264.131744,7317.085446,5790.65,12.9691992,77.7378529,Moderate
27160,Borewell Road,Jan-Mar,2026,4353.418089,7470.297367,5911.9,12.9691992,77.7378529,Moderate
27188,Borewell Road,Apr-Jun,2026,4451.010825,7637.762735,6044.43,12.9691992,77.7378529,Moderate
27216,Borewell Road,Jul-Sep,2026,4558.574177,7822.337295,6190.5,12.9691992,77.7378529,Moderate
27244,Borewell Road,Oct-Dec,2026,4503.500151,7727.832391,6115.71,12.9691992,77.7378529,Moderate
27272,Borewell Road,Jan-Mar,2027,4423.882504,7591.211584,6007.59,12.9691992,77.7378529,Moderate
27300,Borewell Road,Apr-Jun,2027,4563.036654,7829.994732,6196.56,12.9691992,77.7378529,Moderate
27328,Borewell Road,Jul-Sep,2027,4588.014739,7872.856161,6230.48,12.9691992,77.7378529,Moderate
27356,Borewell Road,Oct-Dec,2027,4477.233397,7682.759655,6080.04,12.9691992,77.7378529,Moderate
27384,Borewell Road,Jan-Mar,2028,4386.982391,7527.892414,5957.48,12.9691992,77.7378529,Moderate
27412,Borewell Road,Apr-Jun,2028,4453.13897,7641.414549,6047.32,12.9691992,77.7378529,Moderate
27440,Borewell Road,Jul-Sep,2028,4441.975416,7622.258321,6032.16,12.9691992,77.7378529,Moderate
27468,Borewell Road,Oct-Dec,2028,4444.037286,7625.796411,6034.96,12.9691992,77.7378529,Moderate
27496,Borewell Road,Jan-Mar,2029,4485.377784,7696.735109,6091.1,12.9691992,77.7378529,Moderate
27524,Borewell Road,Apr-Jun,2029,4486.961006,7699.451857,6093.25,12.9691992,77.7378529,Moderate
27552,Borewell Road,Jul-Sep,2029,4408.595209,7564.979175,5986.83,12.9691992,77.7378529,Moderate
27580,Borewell Road,Oct-Dec,2029,4538.308938,7787.562927,6162.98,12.9691992,77.7378529,Moderate
27608,Borewell Road,Jan-Mar,2030,6446.363655,11061.71116,8754.1,12.9691992,77.7378529,Moderate
27636,Borewell Road,Apr-Jun,2030,6738.412846,11562.85629,9150.7,12.9691992,77.7378529,Moderate
27664,Borewell Road,Jul-Sep,2030,7125.020879,12226.26075,9675.71,12.9691992,77.7378529,Moderate
27692,Borewell Road,Oct-Dec,2030,6277.489119,10771.92897,8524.77,12.9691992,77.7378529,Moderate
27720,Brookefield,Jan-Mar,2024,6187.014559,10681.26359,8434.28,12.9643,77.732,Moderate
27748,Brookefield,Apr-Jun,2024,6576.701378,11354.01902,8965.51,12.9643,77.732,Moderate
27776,Brookefield,Jul-Sep,2024,6791.02436,11724.02627,9257.68,12.9643,77.732,Moderate
27804,Brookefield,Oct-Dec,2024,6304.229431,10883.62338,8594.07,12.9643,77.732,Moderate
27832,Brookefield,Jan-Mar,2025,8130.526495,14036.54311,11083.72,12.9643,77.732,Moderate
27860,Brookefield,Apr-Jun,2025,7963.884636,13748.85256,10856.55,12.9643,77.732,Moderate
27888,Brookefield,Jul-Sep,2025,5697.960278,9836.960147,7767.59,12.9643,77.732,Moderate
27916,Brookefield,Oct-Dec,2025,4094.920906,7069.472547,5582.29,12.9643,77.732,Moderate
27944,Brookefield,Jan-Mar,2026,4349.99291,7509.828923,5930.01,12.9643,77.732,Moderate
27972,Brookefield,Apr-Jun,2026,4433.926359,7654.731651,6044.43,12.9643,77.732,Moderate
28000,Brookefield,Jul-Sep,2026,4541.076847,7839.716282,6190.5,12.9643,77.732,Moderate
28028,Brookefield,Oct-Dec,2026,4486.214212,7745.001415,6115.71,12.9643,77.732,Moderate
28056,Brookefield,Jan-Mar,2027,4422.967036,7635.811473,6029.49,12.9643,77.732,Moderate
28084,Brookefield,Apr-Jun,2027,4545.522194,7847.390731,6196.56,12.9643,77.732,Moderate
28112,Brookefield,Jul-Sep,2027,4570.404405,7890.347387,6230.48,12.9643,77.732,Moderate
28140,Brookefield,Oct-Dec,2027,4460.048279,7699.828541,6080.04,12.9643,77.732,Moderate
28168,Brookefield,Jan-Mar,2028,4386.010497,7572.009695,5979.11,12.9643,77.732,Moderate
28196,Brookefield,Apr-Jun,2028,4452.397292,7686.619876,6069.61,12.9643,77.732,Moderate
28224,Brookefield,Jul-Sep,2028,4441.276587,7667.421087,6054.45,12.9643,77.732,Moderate
28252,Brookefield,Oct-Dec,2028,4426.979586,7642.73874,6034.96,12.9643,77.732,Moderate
28280,Brookefield,Jan-Mar,2029,4485.737401,7744.178248,6115.06,12.9643,77.732,Moderate
28308,Brookefield,Apr-Jun,2029,4505.110608,7777.624158,6141.47,12.9643,77.732,Moderate
28336,Brookefield,Jul-Sep,2029,4409.366912,7612.332216,6010.95,12.9643,77.732,Moderate
28364,Brookefield,Oct-Dec,2029,4531.2472,7822.746376,6177.1,12.9643,77.732,Moderate
28392,Brookefield,Jan-Mar,2030,6187.014559,10681.26359,8434.28,12.9643,77.732,Moderate
28420,Brookefield,Apr-Jun,2030,6576.701378,11354.01902,8965.51,12.9643,77.732,Moderate
28448,Brookefield,Jul-Sep,2030,6791.02436,11724.02627,9257.68,12.9643,77.732,Moderate
28476,Brookefield,Oct-Dec,2030,6304.229431,10883.62338,8594.07,12.9643,77.732,Moderate
28504,Budigere,Jan-Mar,2024,5840.015981,8166.31508,7003.1,13.1351506,77.7471989,High
28532,Budigere,Apr-Jun,2024,6059.61179,8473.3842,7266.43,13.1351506,77.7471989,High
28560,Budigere,Jul-Sep,2024,6393.464466,8940.223016,7666.772,13.1351506,77.7471989,High
28588,Budigere,Oct-Dec,2024,6907.131694,9658.503316,8282.74,13.1351506,77.7471989,High
28616,Budigere,Jan-Mar,2025,7253.182933,10142.39984,8697.71,13.1351506,77.7471989,High
28644,Budigere,Apr-Jun,2025,7700.455223,10767.83759,9234.06,13.1351506,77.7471989,High
28672,Budigere,Jul-Sep,2025,5912.878793,8268.201904,7090.474,13.1351506,77.7471989,High
28700,Budigere,Oct-Dec,2025,4462.686685,6240.343467,5351.465,13.1351506,77.7471989,High
28728,Budigere,Jan-Mar,2026,4347.226473,6078.891088,5213.01,13.1351506,77.7471989,High
28756,Budigere,Apr-Jun,2026,4337.928279,6065.889073,5201.86,13.1351506,77.7471989,High
28784,Budigere,Jul-Sep,2026,4416.575151,6175.863966,5296.17,13.1351506,77.7471989,High
28812,Budigere,Oct-Dec,2026,4502.585525,6296.135522,5399.31,13.1351506,77.7471989,High
28840,Budigere,Jan-Mar,2027,4683.704325,6549.400787,5616.5,13.1351506,77.7471989,High
28868,Budigere,Apr-Jun,2027,4657.244085,6512.400433,5584.77,13.1351506,77.7471989,High
28896,Budigere,Jul-Sep,2027,4754.912642,6648.974068,5701.89,13.1351506,77.7471989,High
28924,Budigere,Oct-Dec,2027,4829.590061,6753.398325,5791.44,13.1351506,77.7471989,High
28952,Budigere,Jan-Mar,2028,4849.687501,6781.501335,5815.54,13.1351506,77.7471989,High
28980,Budigere,Apr-Jun,2028,4942.986324,6911.964606,5927.42,13.1351506,77.7471989,High
29008,Budigere,Jul-Sep,2028,4989.48563,6976.986344,5983.18,13.1351506,77.7471989,High
29036,Budigere,Oct-Dec,2028,5042.447806,7051.045356,6046.69,13.1351506,77.7471989,High
29064,Budigere,Jan-Mar,2029,5139.340819,7186.534518,6162.88,13.1351506,77.7471989,High
29092,Budigere,Apr-Jun,2029,5178.443266,7241.212948,6209.77,13.1351506,77.7471989,High
29120,Budigere,Jul-Sep,2029,5176.692037,7238.764138,6207.67,13.1351506,77.7471989,High
29148,Budigere,Oct-Dec,2029,5305.365691,7418.693372,6361.97,13.1351506,77.7471989,High
29176,Budigere,Jan-Mar,2030,5840.015981,8166.31508,7003.1,13.1351506,77.7471989,High
29204,Budigere,Apr-Jun,2030,6059.61179,8473.3842,7266.43,13.1351506,77.7471989,High
29232,Budigere,Jul-Sep,2030,6393.464466,8940.223016,7666.772,13.1351506,77.7471989,High
29260,Budigere,Oct-Dec,2030,6907.131694,9658.503316,8282.74,13.1351506,77.7471989,High
29288,Budigere Cross,Jan-Mar,2024,5567.943476,8264.766385,6940.2,13.0463995,77.7502058,Moderate
29316,Budigere Cross,Apr-Jun,2024,5644.881573,8378.969304,7036.1,13.0463995,77.7502058,Moderate
29344,Budigere Cross,Jul-Sep,2024,5891.877734,8745.597589,7343.97,13.0463995,77.7502058,Moderate
29372,Budigere Cross,Oct-Dec,2024,6572.061855,9755.227605,8191.79,13.0463995,77.7502058,Moderate
29400,Budigere Cross,Jan-Mar,2025,6840.887898,10154.25903,8526.87,13.0463995,77.7502058,Moderate
29428,Budigere Cross,Apr-Jun,2025,7311.99936,10853.55244,9114.09,13.0463995,77.7502058,Moderate
29456,Budigere Cross,Jul-Sep,2025,4482.448017,6653.51325,5587.177,13.0463995,77.7502058,Moderate
29484,Budigere Cross,Oct-Dec,2025,4005.779202,5945.970794,4993.03,13.0463995,77.7502058,Moderate
29512,Budigere Cross,Jan-Mar,2026,4159.759691,6174.531442,5184.96,13.0463995,77.7502058,Moderate
29540,Budigere Cross,Apr-Jun,2026,4137.737264,6141.842494,5157.51,13.0463995,77.7502058,Moderate
29568,Budigere Cross,Jul-Sep,2026,4311.694381,6400.055413,5374.34,13.0463995,77.7502058,Moderate
29596,Budigere Cross,Oct-Dec,2026,4345.654648,6450.464271,5416.67,13.0463995,77.7502058,Moderate
29624,Budigere Cross,Jan-Mar,2027,4460.821111,6621.411393,5560.22,13.0463995,77.7502058,Moderate
29652,Budigere Cross,Apr-Jun,2027,4434.995904,6583.077796,5528.03,13.0463995,77.7502058,Moderate
29680,Budigere Cross,Jul-Sep,2027,4534.590225,6730.910438,5652.17,13.0463995,77.7502058,Moderate
29708,Budigere Cross,Oct-Dec,2027,4590.998124,6814.639397,5722.48,13.0463995,77.7502058,Moderate
29736,Budigere Cross,Jan-Mar,2028,4698.944119,6974.868831,5857.03,13.0463995,77.7502058,Moderate
29764,Budigere Cross,Apr-Jun,2028,4889.740972,7258.077779,6094.85,13.0463995,77.7502058,Moderate
29792,Budigere Cross,Jul-Sep,2028,4946.838828,7342.830873,6166.02,13.0463995,77.7502058,Moderate
29820,Budigere Cross,Oct-Dec,2028,4949.97572,7347.487113,6169.93,13.0463995,77.7502058,Moderate
29848,Budigere Cross,Jan-Mar,2029,4955.663844,7355.930269,6177.02,13.0463995,77.7502058,Moderate
29876,Budigere Cross,Apr-Jun,2029,5021.466375,7453.604132,6259.04,13.0463995,77.7502058,Moderate
29904,Budigere Cross,Jul-Sep,2029,4949.775151,7347.1894,6169.68,13.0463995,77.7502058,Moderate
29932,Budigere Cross,Oct-Dec,2029,4969.679575,7376.734493,6194.49,13.0463995,77.7502058,Moderate
29960,Budigere Cross,Jan-Mar,2030,5567.943476,8264.766385,6940.2,13.0463995,77.7502058,Moderate
29988,Budigere Cross,Apr-Jun,2030,5644.881573,8378.969304,7036.1,13.0463995,77.7502058,Moderate
30016,Budigere Cross,Jul-Sep,2030,5891.877734,8745.597589,7343.97,13.0463995,77.7502058,Moderate
30044,Budigere Cross,Oct-Dec,2030,6572.061855,9755.227605,8191.79,13.0463995,77.7502058,Moderate
30100,Byatarayanapura,Jan-Mar,2024,6646.536608,12213.9138,9536.68,13.0666526,77.591967,Moderate
30128,Byatarayanapura,Apr-Jun,2024,6832.641696,12555.90717,9803.71,13.0666526,77.591967,Moderate
30156,Byatarayanapura,Jul-Sep,2024,6886.009872,12653.97845,9880.2845,13.0666526,77.591967,Moderate
30184,Byatarayanapura,Oct-Dec,2024,6478.01543,11904.23324,9294.88,13.0666526,77.591967,Moderate
30212,Byatarayanapura,Jan-Mar,2025,7195.718879,13223.11081,10324.66567,13.0666526,77.591967,Moderate
30240,Byatarayanapura,Apr-Jun,2025,7664.437282,14084.44454,10997.199,13.0666526,77.591967,Moderate
30268,Byatarayanapura,Jul-Sep,2025,6824.213878,12540.41991,9791.617476,13.0666526,77.591967,Moderate
30296,Byatarayanapura,Oct-Dec,2025,5014.499366,9214.823688,7194.976667,13.0666526,77.591967,Moderate
30324,Byatarayanapura,Jan-Mar,2026,5501.840126,10110.37853,7894.23,13.0666526,77.591967,Moderate
30352,Byatarayanapura,Apr-Jun,2026,5514.608149,10133.84151,7912.55,13.0666526,77.591967,Moderate
30380,Byatarayanapura,Jul-Sep,2026,5568.844369,10233.50793,7990.37,13.0666526,77.591967,Moderate
30408,Byatarayanapura,Oct-Dec,2026,5608.549297,10306.47113,8047.34,13.0666526,77.591967,Moderate
30436,Byatarayanapura,Jan-Mar,2027,5696.308548,10467.74067,8173.26,13.0666526,77.591967,Moderate
30464,Byatarayanapura,Apr-Jun,2027,5691.206914,10458.36572,8165.94,13.0666526,77.591967,Moderate
30492,Byatarayanapura,Jul-Sep,2027,5759.082338,10583.09603,8263.33,13.0666526,77.591967,Moderate
30520,Byatarayanapura,Oct-Dec,2027,5724.172388,10518.94426,8213.24,13.0666526,77.591967,Moderate
30548,Byatarayanapura,Jan-Mar,2028,6042.188161,11103.34144,8669.54,13.0666526,77.591967,Moderate
30576,Byatarayanapura,Apr-Jun,2028,6069.306271,11153.17465,8708.45,13.0666526,77.591967,Moderate
30604,Byatarayanapura,Jul-Sep,2028,6187.445332,11370.27122,8877.96,13.0666526,77.591967,Moderate
30632,Byatarayanapura,Oct-Dec,2028,6214.382236,11419.77144,8916.61,13.0666526,77.591967,Moderate
30660,Byatarayanapura,Jan-Mar,2029,6299.743998,11576.63527,9039.09,13.0666526,77.591967,Moderate
30688,Byatarayanapura,Apr-Jun,2029,6404.766564,11769.6285,9189.78,13.0666526,77.591967,Moderate
30716,Byatarayanapura,Jul-Sep,2029,6446.792317,11846.85653,9250.08,13.0666526,77.591967,Moderate
30744,Byatarayanapura,Oct-Dec,2029,6386.506618,11736.07337,9163.58,13.0666526,77.591967,Moderate
30772,Byatarayanapura,Jan-Mar,2030,6646.536608,12213.9138,9536.68,13.0666526,77.591967,Moderate
30800,Byatarayanapura,Apr-Jun,2030,6832.641696,12555.90717,9803.71,13.0666526,77.591967,Moderate
30828,Byatarayanapura,Jul-Sep,2030,6886.009872,12653.97845,9880.2845,13.0666526,77.591967,Moderate
30856,Byatarayanapura,Oct-Dec,2030,6478.01543,11904.23324,9294.88,13.0666526,77.591967,Moderate
30884,CV Raman Nagar,Jan-Mar,2024,4357.068301,7752.208132,6054.58,12.9866,77.6559,Moderate
30912,CV Raman Nagar,Apr-Jun,2024,4511.875494,8027.645076,6269.7,12.9866,77.6559,Moderate
30940,CV Raman Nagar,Jul-Sep,2024,4815.970303,8568.698392,6692.27,12.9866,77.6559,Moderate
30968,CV Raman Nagar,Oct-Dec,2024,5242.884672,9328.275432,7285.51,12.9866,77.6559,Moderate
30996,CV Raman Nagar,Jan-Mar,2025,5212.480229,9274.179063,7243.26,12.9866,77.6559,Moderate
31024,CV Raman Nagar,Apr-Jun,2025,6037.789958,10742.59139,8390.11,12.9866,77.6559,Moderate
31052,CV Raman Nagar,Jul-Sep,2025,5973.033291,10627.37466,8300.124167,12.9866,77.6559,Moderate
31080,CV Raman Nagar,Oct-Dec,2025,5473.53386,9738.652407,7606.02,12.9866,77.6559,Moderate
31108,CV Raman Nagar,Jan-Mar,2026,5133.925221,9134.411971,7134.1,12.9866,77.6559,Moderate
31136,CV Raman Nagar,Apr-Jun,2026,4988.746702,8876.106611,6932.36,12.9866,77.6559,Moderate
31164,CV Raman Nagar,Jul-Sep,2026,5087.321866,9051.494081,7069.34,12.9866,77.6559,Moderate
31192,CV Raman Nagar,Oct-Dec,2026,4970.000294,8842.752518,6906.31,12.9866,77.6559,Moderate
31220,CV Raman Nagar,Jan-Mar,2027,5069.172752,9019.20271,7044.12,12.9866,77.6559,Moderate
31248,CV Raman Nagar,Apr-Jun,2027,4892.236882,8704.393852,6798.25,12.9866,77.6559,Moderate
31276,CV Raman Nagar,Jul-Sep,2027,4529.038712,8058.182316,6293.55,12.9866,77.6559,Moderate
31304,CV Raman Nagar,Oct-Dec,2027,4197.223686,7467.808475,5832.46,12.9866,77.6559,Moderate
31332,CV Raman Nagar,Jan-Mar,2028,3993.978077,7106.188653,5550.03,12.9866,77.6559,Moderate
31360,CV Raman Nagar,Apr-Jun,2028,3978.851416,7079.274909,5529.01,12.9866,77.6559,Moderate
31388,CV Raman Nagar,Jul-Sep,2028,4059.349429,7222.499048,5640.87,12.9866,77.6559,Moderate
31416,CV Raman Nagar,Oct-Dec,2028,4031.384538,7172.743192,5602.01,12.9866,77.6559,Moderate
31444,CV Raman Nagar,Jan-Mar,2029,4094.345124,7284.764288,5689.5,12.9866,77.6559,Moderate
31472,CV Raman Nagar,Apr-Jun,2029,4238.580925,7541.392341,5889.93,12.9866,77.6559,Moderate
31500,CV Raman Nagar,Jul-Sep,2029,4107.435226,7308.054536,5707.69,12.9866,77.6559,Moderate
31528,CV Raman Nagar,Oct-Dec,2029,4095.03597,7285.99346,5690.46,12.9866,77.6559,Moderate
31556,CV Raman Nagar,Jan-Mar,2030,4357.068301,7752.208132,6054.58,12.9866,77.6559,Moderate
31584,CV Raman Nagar,Apr-Jun,2030,4511.875494,8027.645076,6269.7,12.9866,77.6559,Moderate
31612,CV Raman Nagar,Jul-Sep,2030,4815.970303,8568.698392,6692.27,12.9866,77.6559,Moderate
31640,CV Raman Nagar,Oct-Dec,2030,5242.884672,9328.275432,7285.51,12.9866,77.6559,Moderate
31668,Cambridge Road,Jan-Mar,2024,9025.700619,14664.19788,11844.25,12.9725,77.6172,Low
31696,Cambridge Road,Apr-Jun,2024,8898.083076,14456.85565,11676.78,12.9725,77.6172,Low
31724,Cambridge Road,Jul-Sep,2024,9368.637998,15221.37364,12294.28,12.9725,77.6172,Low
31752,Cambridge Road,Oct-Dec,2024,6425.174081,10439.08148,8431.63,12.9725,77.6172,Low
31780,Cambridge Road,Jan-Mar,2025,9977.242684,16210.18325,13092.94,12.9725,77.6172,Low
31808,Cambridge Road,Apr-Jun,2025,10464.2956,17001.5058,13732.09,12.9725,77.6172,Low
31836,Cambridge Road,Jul-Sep,2025,10450.63427,16979.31001,13714.1625,12.9725,77.6172,Low
31864,Cambridge Road,Oct-Dec,2025,7183.449524,11671.06352,9426.7,12.9725,77.6172,Low
31892,Cambridge Road,Jan-Mar,2026,7472.94558,12141.41232,9806.6,12.9725,77.6172,Low
31920,Cambridge Road,Apr-Jun,2026,7491.341039,12171.29972,9830.74,12.9725,77.6172,Low
31948,Cambridge Road,Jul-Sep,2026,7571.735443,12301.91777,9936.24,12.9725,77.6172,Low
31976,Cambridge Road,Oct-Dec,2026,7651.946959,12432.23868,10041.5,12.9725,77.6172,Low
32004,Cambridge Road,Jan-Mar,2027,7716.552054,12537.2036,10126.28,12.9725,77.6172,Low
32032,Cambridge Road,Apr-Jun,2027,7698.347103,12507.62573,10102.39,12.9725,77.6172,Low
32060,Cambridge Road,Jul-Sep,2027,7814.328413,12696.06239,10254.59,12.9725,77.6172,Low
32088,Cambridge Road,Oct-Dec,2027,7925.867076,12877.28101,10400.96,12.9725,77.6172,Low
32116,Cambridge Road,Jan-Mar,2028,8049.918308,13078.829,10563.75,12.9725,77.6172,Low
32144,Cambridge Road,Apr-Jun,2028,8069.060558,13109.92971,10588.87,12.9725,77.6172,Low
32172,Cambridge Road,Jul-Sep,2028,8285.22625,13461.13751,10872.54,12.9725,77.6172,Low
32200,Cambridge Road,Oct-Dec,2028,8206.424494,13333.10706,10769.13,12.9725,77.6172,Low
32228,Cambridge Road,Jan-Mar,2029,8675.302944,14094.90126,11384.43,12.9725,77.6172,Low
32256,Cambridge Road,Apr-Jun,2029,8812.979313,14318.58622,11565.1,12.9725,77.6172,Low
32284,Cambridge Road,Jul-Sep,2029,8926.141104,14502.44197,11713.6,12.9725,77.6172,Low
32312,Cambridge Road,Oct-Dec,2029,8768.96433,14247.07439,11507.34,12.9725,77.6172,Low
32340,Cambridge Road,Jan-Mar,2030,9025.700619,14664.19788,11844.25,12.9725,77.6172,Low
32368,Cambridge Road,Apr-Jun,2030,8898.083076,14456.85565,11676.78,12.9725,77.6172,Low
32396,Cambridge Road,Jul-Sep,2030,9368.637998,15221.37364,12294.28,12.9725,77.6172,Low
32424,Cambridge Road,Oct-Dec,2030,6425.174081,10439.08148,8431.63,12.9725,77.6172,Low
32452,Carmelaram,Jan-Mar,2024,7440.74818,11379.09573,9492.89,12.9111998,77.7065133,Moderate
32480,Carmelaram,Apr-Jun,2024,7270.321484,11118.46311,9275.46,12.9111998,77.7065133,Moderate
32508,Carmelaram,Jul-Sep,2024,7109.543653,10872.58645,9070.34,12.9111998,77.7065133,Moderate
32536,Carmelaram,Oct-Dec,2024,6837.956725,10457.25003,8723.85,12.9111998,77.7065133,Moderate
32564,Carmelaram,Jan-Mar,2025,7762.390063,11870.98091,9903.24,12.9111998,77.7065133,Moderate
32592,Carmelaram,Apr-Jun,2025,8061.293233,12328.0919,10284.58,12.9111998,77.7065133,Moderate
32620,Carmelaram,Jul-Sep,2025,6560.637435,10033.14715,8370.046667,12.9111998,77.7065133,Moderate
32648,Carmelaram,Oct-Dec,2025,5777.867091,8836.060722,7371.39,12.9111998,77.7065133,Moderate
32676,Carmelaram,Jan-Mar,2026,5308.098284,8117.64584,6772.06,12.9111998,77.7065133,Moderate
32704,Carmelaram,Apr-Jun,2026,5277.168617,8070.345269,6732.6,12.9111998,77.7065133,Moderate
32732,Carmelaram,Jul-Sep,2026,5286.025821,8083.890542,6743.9,12.9111998,77.7065133,Moderate
32760,Carmelaram,Oct-Dec,2026,5316.038414,8129.788638,6782.19,12.9111998,77.7065133,Moderate
32788,Carmelaram,Jan-Mar,2027,5362.04884,8200.152133,6840.89,12.9111998,77.7065133,Moderate
32816,Carmelaram,Apr-Jun,2027,5282.459425,8078.436472,6739.35,12.9111998,77.7065133,Moderate
32844,Carmelaram,Jul-Sep,2027,5279.19872,8073.449894,6735.19,12.9111998,77.7065133,Moderate
32872,Carmelaram,Oct-Dec,2027,5286.746938,8084.993343,6744.82,12.9111998,77.7065133,Moderate
32900,Carmelaram,Jan-Mar,2028,5400.699166,8259.259866,6890.2,12.9111998,77.7065133,Moderate
32928,Carmelaram,Apr-Jun,2028,5372.277734,8215.795125,6853.94,12.9111998,77.7065133,Moderate
32956,Carmelaram,Jul-Sep,2028,5368.335103,8209.76568,6848.91,12.9111998,77.7065133,Moderate
32984,Carmelaram,Oct-Dec,2028,5336.127805,8160.511234,6807.82,12.9111998,77.7065133,Moderate
33012,Carmelaram,Jan-Mar,2029,5548.010914,8484.54292,7078.14,12.9111998,77.7065133,Moderate
33040,Carmelaram,Apr-Jun,2029,5668.304273,8668.5069,7231.61,12.9111998,77.7065133,Moderate
33068,Carmelaram,Jul-Sep,2029,5648.00325,8637.460656,7205.71,12.9111998,77.7065133,Moderate
33096,Carmelaram,Oct-Dec,2029,5550.542663,8488.414711,7081.37,12.9111998,77.7065133,Moderate
33124,Carmelaram,Jan-Mar,2030,7440.74818,11379.09573,9492.89,12.9111998,77.7065133,Moderate
33152,Carmelaram,Apr-Jun,2030,7270.321484,11118.46311,9275.46,12.9111998,77.7065133,Moderate
33180,Carmelaram,Jul-Sep,2030,7109.543653,10872.58645,9070.34,12.9111998,77.7065133,Moderate
33208,Carmelaram,Oct-Dec,2030,6837.956725,10457.25003,8723.85,12.9111998,77.7065133,Moderate
33236,Chandapura,Jan-Mar,2024,3562.473519,5389.664978,4850.97,12.8009043,77.71149079,High
33264,Chandapura,Apr-Jun,2024,3462.112636,5237.829033,4714.31,12.8009043,77.71149079,High
33292,Chandapura,Jul-Sep,2024,3851.5698,5827.038644,5244.628333,12.8009043,77.71149079,High
33320,Chandapura,Oct-Dec,2024,4128.661355,6246.250364,5621.94,12.8009043,77.71149079,High
33348,Chandapura,Jan-Mar,2025,3490.769339,5281.183749,4753.331429,12.8009043,77.71149079,High
33376,Chandapura,Apr-Jun,2025,3491.136531,5281.739273,4753.831429,12.8009043,77.71149079,High
33404,Chandapura,Jul-Sep,2025,3304.044071,4998.687154,4499.070262,12.8009043,77.71149079,High
33432,Chandapura,Oct-Dec,2025,3316.895594,5018.130219,4516.57,12.8009043,77.71149079,High
33460,Chandapura,Jan-Mar,2026,3089.075069,4673.460624,4206.35,12.8009043,77.71149079,High
33488,Chandapura,Apr-Jun,2026,3138.71941,4748.567531,4273.95,12.8009043,77.71149079,High
33516,Chandapura,Jul-Sep,2026,3108.52155,4702.881199,4232.83,12.8009043,77.71149079,High
33544,Chandapura,Oct-Dec,2026,3128.114908,4732.523984,4259.51,12.8009043,77.71149079,High
33572,Chandapura,Jan-Mar,2027,3083.053122,4664.350022,4198.15,12.8009043,77.71149079,High
33600,Chandapura,Apr-Jun,2027,3063.224761,4634.351702,4171.15,12.8009043,77.71149079,High
33628,Chandapura,Jul-Sep,2027,3082.208581,4663.072316,4197.0,12.8009043,77.71149079,High
33656,Chandapura,Oct-Dec,2027,3048.88959,4612.664027,4151.63,12.8009043,77.71149079,High
33684,Chandapura,Jan-Mar,2028,3129.671802,4734.879408,4261.63,12.8009043,77.71149079,High
33712,Chandapura,Apr-Jun,2028,3126.300981,4729.779693,4257.04,12.8009043,77.71149079,High
33740,Chandapura,Jul-Sep,2028,3125.999883,4729.324163,4256.63,12.8009043,77.71149079,High
33768,Chandapura,Oct-Dec,2028,3005.920797,4547.656554,4093.12,12.8009043,77.71149079,High
33796,Chandapura,Jan-Mar,2029,3055.359511,4622.452368,4160.44,12.8009043,77.71149079,High
33824,Chandapura,Apr-Jun,2029,3149.566258,4764.977723,4288.72,12.8009043,77.71149079,High
33852,Chandapura,Jul-Sep,2029,3139.101289,4749.145276,4274.47,12.8009043,77.71149079,High
33880,Chandapura,Oct-Dec,2029,3002.469193,4542.434624,4088.42,12.8009043,77.71149079,High
33908,Chandapura,Jan-Mar,2030,3562.473519,5389.664978,4850.97,12.8009043,77.71149079,High
33936,Chandapura,Apr-Jun,2030,3462.112636,5237.829033,4714.31,12.8009043,77.71149079,High
33964,Chandapura,Jul-Sep,2030,3851.5698,5827.038644,5244.628333,12.8009043,77.71149079,High
33992,Chandapura,Oct-Dec,2030,4128.661355,6246.250364,5621.94,12.8009043,77.71149079,High
34020,Chandapura Anekal Road,Jan-Mar,2024,3294.936506,5682.835422,4681.0825,12.79737939,77.70639222,High
34048,Chandapura Anekal Road,Apr-Jun,2024,3274.467575,5647.532294,4652.0025,12.79737939,77.70639222,High
34076,Chandapura Anekal Road,Jul-Sep,2024,3498.136396,6033.297876,4969.7665,12.79737939,77.70639222,High
34104,Chandapura Anekal Road,Oct-Dec,2024,3996.861402,6893.457737,5678.3,12.79737939,77.70639222,High
34132,Chandapura Anekal Road,Jan-Mar,2025,3310.43602,5709.567708,4703.1025,12.79737939,77.70639222,High
34160,Chandapura Anekal Road,Apr-Jun,2025,3303.865502,5698.23542,4693.767833,12.79737939,77.70639222,High
34188,Chandapura Anekal Road,Jul-Sep,2025,3275.480229,5649.278836,4653.441167,12.79737939,77.70639222,High
34216,Chandapura Anekal Road,Oct-Dec,2025,3167.60399,5463.222773,4500.1825,12.79737939,77.70639222,High
34244,Chandapura Anekal Road,Jan-Mar,2026,3031.457093,5228.407806,4306.76,12.79737939,77.70639222,High
34272,Chandapura Anekal Road,Apr-Jun,2026,3029.007579,5224.183085,4303.28,12.79737939,77.70639222,High
34300,Chandapura Anekal Road,Jul-Sep,2026,3016.9219,5203.3387,4286.11,12.79737939,77.70639222,High
34328,Chandapura Anekal Road,Oct-Dec,2026,3039.256122,5241.858929,4317.84,12.79737939,77.70639222,High
34356,Chandapura Anekal Road,Jan-Mar,2027,3047.449325,5255.989892,4329.48,12.79737939,77.70639222,High
34384,Chandapura Anekal Road,Apr-Jun,2027,3057.831606,5273.896396,4344.23,12.79737939,77.70639222,High
34412,Chandapura Anekal Road,Jul-Sep,2027,3043.634277,5249.41001,4324.06,12.79737939,77.70639222,High
34440,Chandapura Anekal Road,Oct-Dec,2027,3041.92384,5246.45999,4321.63,12.79737939,77.70639222,High
34468,Chandapura Anekal Road,Jan-Mar,2028,3132.612184,5402.871784,4450.47,12.79737939,77.70639222,High
34496,Chandapura Anekal Road,Apr-Jun,2028,3116.75369,5375.520358,4427.94,12.79737939,77.70639222,High
34524,Chandapura Anekal Road,Jul-Sep,2028,3117.316796,5376.491559,4428.74,12.79737939,77.70639222,High
34552,Chandapura Anekal Road,Oct-Dec,2028,3094.22238,5336.66021,4395.93,12.79737939,77.70639222,High
34580,Chandapura Anekal Road,Jan-Mar,2029,3069.537188,5294.08522,4360.86,12.79737939,77.70639222,High
34608,Chandapura Anekal Road,Apr-Jun,2029,3096.073594,5339.85303,4398.56,12.79737939,77.70639222,High
34636,Chandapura Anekal Road,Jul-Sep,2029,3081.165342,5314.140505,4377.38,12.79737939,77.70639222,High
34664,Chandapura Anekal Road,Oct-Dec,2029,3058.669227,5275.341056,4345.42,12.79737939,77.70639222,High
34692,Chandapura Anekal Road,Jan-Mar,2030,3294.936506,5682.835422,4681.0825,12.79737939,77.70639222,High
34720,Chandapura Anekal Road,Apr-Jun,2030,3274.467575,5647.532294,4652.0025,12.79737939,77.70639222,High
34748,Chandapura Anekal Road,Jul-Sep,2030,3498.136396,6033.297876,4969.7665,12.79737939,77.70639222,High
34776,Chandapura Anekal Road,Oct-Dec,2030,3996.861402,6893.457737,5678.3,12.79737939,77.70639222,High
34804,Channasandra,Jan-Mar,2024,7059.129356,11561.65082,8924.78,12.9873426,77.7538033,High
34832,Channasandra,Apr-Jun,2024,6895.092502,11292.98641,8717.39,12.9873426,77.7538033,High
34860,Channasandra,Jul-Sep,2024,7090.780214,11613.48953,8964.795833,12.9873426,77.7538033,High
34888,Channasandra,Oct-Dec,2024,6901.981749,11304.26982,8726.1,12.9873426,77.7538033,High
34916,Channasandra,Jan-Mar,2025,7604.333,12454.60147,9614.075,12.9873426,77.7538033,High
34944,Channasandra,Apr-Jun,2025,7661.395372,12548.05991,9686.218333,12.9873426,77.7538033,High
34972,Channasandra,Jul-Sep,2025,6554.718073,10735.5111,8287.058333,12.9873426,77.7538033,High
35000,Channasandra,Oct-Dec,2025,4881.682289,7995.363622,6171.8575,12.9873426,77.7538033,High
35028,Channasandra,Jan-Mar,2026,5700.183797,9335.929597,7206.68,12.9873426,77.7538033,High
35056,Channasandra,Apr-Jun,2026,5796.419701,9493.547607,7328.35,12.9873426,77.7538033,High
35084,Channasandra,Jul-Sep,2026,5860.961903,9599.256734,7409.95,12.9873426,77.7538033,High
35112,Channasandra,Oct-Dec,2026,5946.50405,9739.360192,7518.1,12.9873426,77.7538033,High
35140,Channasandra,Jan-Mar,2027,6091.787282,9977.309365,7701.78,12.9873426,77.7538033,High
35168,Channasandra,Apr-Jun,2027,6180.113602,10121.97282,7813.45,12.9873426,77.7538033,High
35196,Channasandra,Jul-Sep,2027,6240.661464,10221.1399,7890.0,12.9873426,77.7538033,High
35224,Channasandra,Oct-Dec,2027,6306.722306,10329.33631,7973.52,12.9873426,77.7538033,High
35252,Channasandra,Jan-Mar,2028,6438.828172,10545.7032,8140.54,12.9873426,77.7538033,High
35280,Channasandra,Apr-Jun,2028,6567.778113,10756.90123,8303.57,12.9873426,77.7538033,High
35308,Channasandra,Jul-Sep,2028,6737.794613,11035.35928,8518.52,12.9873426,77.7538033,High
35336,Channasandra,Oct-Dec,2028,6810.641878,11154.67068,8610.62,12.9873426,77.7538033,High
35364,Channasandra,Jan-Mar,2029,6822.055407,11173.3641,8625.05,12.9873426,77.7538033,High
35392,Channasandra,Apr-Jun,2029,6834.663283,11194.01365,8640.99,12.9873426,77.7538033,High
35420,Channasandra,Jul-Sep,2029,7156.021756,11720.34406,9047.28,12.9873426,77.7538033,High
35448,Channasandra,Oct-Dec,2029,7170.891773,11744.69861,9066.08,12.9873426,77.7538033,High
35476,Channasandra,Jan-Mar,2030,7059.129356,11561.65082,8924.78,12.9873426,77.7538033,High
35504,Channasandra,Apr-Jun,2030,6895.092502,11292.98641,8717.39,12.9873426,77.7538033,High
35532,Channasandra,Jul-Sep,2030,7090.780214,11613.48953,8964.795833,12.9873426,77.7538033,High
35560,Channasandra,Oct-Dec,2030,6901.981749,11304.26982,8726.1,12.9873426,77.7538033,High
36428,Chokkanahalli,Jan-Mar,2024,6831.056935,10539.18586,8975.83,13.1706044,77.62033957,High
36456,Chokkanahalli,Apr-Jun,2024,6917.230646,10672.13758,9089.06,13.1706044,77.62033957,High
36484,Chokkanahalli,Jul-Sep,2024,7062.274124,10895.91557,9279.643333,13.1706044,77.62033957,High
36512,Chokkanahalli,Oct-Dec,2024,7248.439679,11183.13809,9524.26,13.1706044,77.62033957,High
36540,Chokkanahalli,Jan-Mar,2025,7038.427885,10859.12478,9248.31,13.1706044,77.62033957,High
36568,Chokkanahalli,Apr-Jun,2025,7070.757296,10909.00369,9290.79,13.1706044,77.62033957,High
36596,Chokkanahalli,Jul-Sep,2025,6880.530396,10615.51519,9040.836833,13.1706044,77.62033957,High
36624,Chokkanahalli,Oct-Dec,2025,5265.328128,8123.526462,6918.503333,13.1706044,77.62033957,High
36652,Chokkanahalli,Jan-Mar,2026,5387.664406,8312.271012,7079.25,13.1706044,77.62033957,High
36680,Chokkanahalli,Apr-Jun,2026,5557.188331,8573.818262,7302.0,13.1706044,77.62033957,High
36708,Chokkanahalli,Jul-Sep,2026,5652.319602,8720.590007,7427.0,13.1706044,77.62033957,High
36736,Chokkanahalli,Oct-Dec,2026,5577.158288,8604.628587,7328.24,13.1706044,77.62033957,High
36764,Chokkanahalli,Jan-Mar,2027,5779.186665,8916.324806,7593.7,13.1706044,77.62033957,High
36792,Chokkanahalli,Apr-Jun,2027,5918.306636,9130.963806,7776.5,13.1706044,77.62033957,High
36820,Chokkanahalli,Jul-Sep,2027,6069.961103,9364.941451,7975.77,13.1706044,77.62033957,High
36848,Chokkanahalli,Oct-Dec,2027,5940.97071,9165.930707,7806.28,13.1706044,77.62033957,High
36876,Chokkanahalli,Jan-Mar,2028,5933.870112,9154.975664,7796.95,13.1706044,77.62033957,High
36904,Chokkanahalli,Apr-Jun,2028,6199.438569,9564.703667,8145.9,13.1706044,77.62033957,High
36932,Chokkanahalli,Jul-Sep,2028,6601.729688,10185.37202,8674.5,13.1706044,77.62033957,High
36960,Chokkanahalli,Oct-Dec,2028,6633.259996,10234.01805,8715.93,13.1706044,77.62033957,High
36988,Chokkanahalli,Jan-Mar,2029,6386.519921,9853.33911,8391.72,13.1706044,77.62033957,High
37016,Chokkanahalli,Apr-Jun,2029,6458.994729,9965.155697,8486.95,13.1706044,77.62033957,High
37044,Chokkanahalli,Jul-Sep,2029,6852.716423,10572.60285,9004.29,13.1706044,77.62033957,High
37072,Chokkanahalli,Oct-Dec,2029,6926.477405,10686.40379,9101.21,13.1706044,77.62033957,High
37100,Chokkanahalli,Jan-Mar,2030,6831.056935,10539.18586,8975.83,13.1706044,77.62033957,High
37128,Chokkanahalli,Apr-Jun,2030,6917.230646,10672.13758,9089.06,13.1706044,77.62033957,High
37156,Chokkanahalli,Jul-Sep,2030,7062.274124,10895.91557,9279.643333,13.1706044,77.62033957,High
37184,Chokkanahalli,Oct-Dec,2030,7248.439679,11183.13809,9524.26,13.1706044,77.62033957,High
37240,Chunchgatta Main Road,Jan-Mar,2024,6131.713574,10857.13749,8449.15,12.9057,77.5495,Moderate
37268,Chunchgatta Main Road,Apr-Jun,2024,6129.10824,10852.52435,8445.56,12.9057,77.5495,Moderate
37296,Chunchgatta Main Road,Jul-Sep,2024,6097.32898,10796.2543,8401.77,12.9057,77.5495,Moderate
37324,Chunchgatta Main Road,Oct-Dec,2024,6741.796994,11937.38357,9289.81,12.9057,77.5495,Moderate
37352,Chunchgatta Main Road,Jan-Mar,2025,6734.677685,11924.77775,9280.0,12.9057,77.5495,Moderate
37380,Chunchgatta Main Road,Apr-Jun,2025,6365.475107,11271.04807,8771.26,12.9057,77.5495,Moderate
37408,Chunchgatta Main Road,Jul-Sep,2025,5310.063716,9402.280642,7316.963571,12.9057,77.5495,Moderate
37436,Chunchgatta Main Road,Oct-Dec,2025,7446.45619,13185.09054,10260.79,12.9057,77.5495,Moderate
37464,Chunchgatta Main Road,Jan-Mar,2026,4658.546373,8248.669456,6419.21,12.9057,77.5495,Moderate
37492,Chunchgatta Main Road,Apr-Jun,2026,4723.004786,8362.802943,6508.03,12.9057,77.5495,Moderate
37520,Chunchgatta Main Road,Jul-Sep,2026,4804.648239,8507.365173,6620.53,12.9057,77.5495,Moderate
37548,Chunchgatta Main Road,Oct-Dec,2026,4775.133223,8455.104321,6579.86,12.9057,77.5495,Moderate
37576,Chunchgatta Main Road,Jan-Mar,2027,5078.861381,8992.901517,6998.38,12.9057,77.5495,Moderate
37604,Chunchgatta Main Road,Apr-Jun,2027,5103.52859,9036.578585,7032.37,12.9057,77.5495,Moderate
37632,Chunchgatta Main Road,Jul-Sep,2027,5238.809976,9276.114988,7218.78,12.9057,77.5495,Moderate
37660,Chunchgatta Main Road,Oct-Dec,2027,5222.111169,9246.547194,7195.77,12.9057,77.5495,Moderate
37688,Chunchgatta Main Road,Jan-Mar,2028,5337.783612,9451.362961,7355.16,12.9057,77.5495,Moderate
37716,Chunchgatta Main Road,Apr-Jun,2028,5456.467792,9661.511469,7518.7,12.9057,77.5495,Moderate
37744,Chunchgatta Main Road,Jul-Sep,2028,5507.551193,9751.96245,7589.09,12.9057,77.5495,Moderate
37772,Chunchgatta Main Road,Oct-Dec,2028,5563.758175,9851.485515,7666.54,12.9057,77.5495,Moderate
37800,Chunchgatta Main Road,Jan-Mar,2029,5733.395126,10151.8537,7900.29,12.9057,77.5495,Moderate
37828,Chunchgatta Main Road,Apr-Jun,2029,5782.569885,10238.92514,7968.05,12.9057,77.5495,Moderate
37856,Chunchgatta Main Road,Jul-Sep,2029,5953.215586,10541.07948,8203.19,12.9057,77.5495,Moderate
37884,Chunchgatta Main Road,Oct-Dec,2029,6127.097997,10848.9649,8442.79,12.9057,77.5495,Moderate
37912,Chunchgatta Main Road,Jan-Mar,2030,6131.713574,10857.13749,8449.15,12.9057,77.5495,Moderate
37940,Chunchgatta Main Road,Apr-Jun,2030,6129.10824,10852.52435,8445.56,12.9057,77.5495,Moderate
37968,Chunchgatta Main Road,Jul-Sep,2030,6097.32898,10796.2543,8401.77,12.9057,77.5495,Moderate
37996,Chunchgatta Main Road,Oct-Dec,2030,6741.796994,11937.38357,9289.81,12.9057,77.5495,Moderate
38024,Church Street,Jan-Mar,2024,14818.85043,22291.85404,19039.65,12.9716,77.6095,Moderate
38052,Church Street,Apr-Jun,2024,14961.82695,22506.93223,19223.35,12.9716,77.6095,Moderate
38080,Church Street,Jul-Sep,2024,14839.0088,22322.17807,19065.55,12.9716,77.6095,Moderate
38108,Church Street,Oct-Dec,2024,10448.59459,15717.72025,13424.63,12.9716,77.6095,Moderate
38136,Church Street,Jan-Mar,2025,15474.44095,23278.05255,19881.97,12.9716,77.6095,Moderate
38164,Church Street,Apr-Jun,2025,14362.39966,21605.21953,18453.19,12.9716,77.6095,Moderate
38192,Church Street,Jul-Sep,2025,14397.3979,21657.86705,18498.15667,12.9716,77.6095,Moderate
38220,Church Street,Oct-Dec,2025,10377.75234,15611.15293,13333.61,12.9716,77.6095,Moderate
38248,Church Street,Jan-Mar,2026,12451.41773,18730.54781,15997.91,12.9716,77.6095,Moderate
38276,Church Street,Apr-Jun,2026,12451.41773,18730.54781,15997.91,12.9716,77.6095,Moderate
38304,Church Street,Jul-Sep,2026,12513.93979,18824.59915,16078.24,12.9716,77.6095,Moderate
38332,Church Street,Oct-Dec,2026,12698.19815,19101.77723,16314.98,12.9716,77.6095,Moderate
38360,Church Street,Jan-Mar,2027,13147.14597,19777.1251,16891.8,12.9716,77.6095,Moderate
38388,Church Street,Apr-Jun,2027,13147.14597,19777.1251,16891.8,12.9716,77.6095,Moderate
38416,Church Street,Jul-Sep,2027,13192.82529,19845.84007,16950.49,12.9716,77.6095,Moderate
38444,Church Street,Oct-Dec,2027,13341.62361,20069.67594,17141.67,12.9716,77.6095,Moderate
38472,Church Street,Jan-Mar,2028,13590.82459,20444.54658,17461.85,12.9716,77.6095,Moderate
38500,Church Street,Apr-Jun,2028,13723.34833,20643.90077,17632.12,12.9716,77.6095,Moderate
38528,Church Street,Jul-Sep,2028,13897.33293,20905.62413,17855.66,12.9716,77.6095,Moderate
38556,Church Street,Oct-Dec,2028,14044.47343,21126.96617,18044.71,12.9716,77.6095,Moderate
38584,Church Street,Jan-Mar,2029,14095.91229,21204.34515,18110.8,12.9716,77.6095,Moderate
38612,Church Street,Apr-Jun,2029,14225.2605,21398.92242,18276.99,12.9716,77.6095,Moderate
38640,Church Street,Jul-Sep,2029,14641.73701,22025.42402,18812.09,12.9716,77.6095,Moderate
38668,Church Street,Oct-Dec,2029,14716.33074,22137.63466,18907.93,12.9716,77.6095,Moderate
38696,Church Street,Jan-Mar,2030,14818.85043,22291.85404,19039.65,12.9716,77.6095,Moderate
38724,Church Street,Apr-Jun,2030,14961.82695,22506.93223,19223.35,12.9716,77.6095,Moderate
38752,Church Street,Jul-Sep,2030,14839.0088,22322.17807,19065.55,12.9716,77.6095,Moderate
38780,Church Street,Oct-Dec,2030,10448.59459,15717.72025,13424.63,12.9716,77.6095,Moderate
38808,Coles Road,Jan-Mar,2024,8508.254747,15112.29187,11726.96,12.99672182,77.61219017,Moderate
38836,Coles Road,Apr-Jun,2024,8264.926683,14680.09457,11391.58,12.99672182,77.61219017,Moderate
38864,Coles Road,Jul-Sep,2024,9330.11757,16572.07783,12859.73667,12.99672182,77.61219017,Moderate
38892,Coles Road,Oct-Dec,2024,9450.898875,16786.60859,13026.21,12.99672182,77.61219017,Moderate
38920,Coles Road,Jan-Mar,2025,10336.5309,18359.66088,14246.88,12.99672182,77.61219017,Moderate
38948,Coles Road,Apr-Jun,2025,9227.834848,16390.4041,12718.76,12.99672182,77.61219017,Moderate
38976,Coles Road,Jul-Sep,2025,8971.363576,15934.86195,12365.26467,12.99672182,77.61219017,Moderate
39004,Coles Road,Oct-Dec,2025,6110.496025,10853.41261,8422.12,12.99672182,77.61219017,Moderate
39032,Coles Road,Jan-Mar,2026,5424.870702,9635.610573,7477.12,12.99672182,77.61219017,Moderate
39060,Coles Road,Apr-Jun,2026,5483.188759,9739.194624,7557.5,12.99672182,77.61219017,Moderate
39088,Coles Road,Jul-Sep,2026,5543.044938,9845.510675,7640.0,12.99672182,77.61219017,Moderate
39116,Coles Road,Oct-Dec,2026,5642.812492,10022.71698,7777.51,12.99672182,77.61219017,Moderate
39144,Coles Road,Jan-Mar,2027,5732.045358,10181.21166,7900.5,12.99672182,77.61219017,Moderate
39172,Coles Road,Apr-Jun,2027,5759.252712,10229.53714,7938.0,12.99672182,77.61219017,Moderate
39200,Coles Road,Jul-Sep,2027,5841.237539,10375.15791,8051.0,12.99672182,77.61219017,Moderate
39228,Coles Road,Oct-Dec,2027,5918.14366,10511.75793,8157.0,12.99672182,77.61219017,Moderate
39256,Coles Road,Jan-Mar,2028,6174.255553,10966.66176,8510.0,12.99672182,77.61219017,Moderate
39284,Coles Road,Apr-Jun,2028,6264.039821,11126.13584,8633.75,12.99672182,77.61219017,Moderate
39312,Coles Road,Jul-Sep,2028,6342.788787,11266.0091,8742.29,12.99672182,77.61219017,Moderate
39340,Coles Road,Oct-Dec,2028,6455.536062,11466.26988,8897.69,12.99672182,77.61219017,Moderate
39368,Coles Road,Jan-Mar,2029,6678.498515,11862.29395,9205.0,12.99672182,77.61219017,Moderate
39396,Coles Road,Apr-Jun,2029,6749.825314,11988.98402,9303.31,12.99672182,77.61219017,Moderate
39424,Coles Road,Jul-Sep,2029,7165.118367,12726.62411,9875.71,12.99672182,77.61219017,Moderate
39452,Coles Road,Oct-Dec,2029,7258.290858,12892.11632,10004.13,12.99672182,77.61219017,Moderate
39480,Coles Road,Jan-Mar,2030,8508.254747,15112.29187,11726.96,12.99672182,77.61219017,Moderate
39508,Coles Road,Apr-Jun,2030,8264.926683,14680.09457,11391.58,12.99672182,77.61219017,Moderate
39536,Coles Road,Jul-Sep,2030,9330.11757,16572.07783,12859.73667,12.99672182,77.61219017,Moderate
39564,Coles Road,Oct-Dec,2030,9450.898875,16786.60859,13026.21,12.99672182,77.61219017,Moderate
39592,Commissariat Road,Jan-Mar,2024,13129.23239,22160.63551,17064.42,12.97101544,77.61054084,Moderate
39620,Commissariat Road,Apr-Jun,2024,13079.39885,22076.52223,16999.65,12.97101544,77.61054084,Moderate
39648,Commissariat Road,Jul-Sep,2024,13274.46799,22405.77653,17253.18667,12.97101544,77.61054084,Moderate
39676,Commissariat Road,Oct-Dec,2024,12660.04161,21368.6954,16454.6,12.97101544,77.61054084,Moderate
39704,Commissariat Road,Jan-Mar,2025,14681.22734,24780.22464,19081.59,12.97101544,77.61054084,Moderate
39732,Commissariat Road,Apr-Jun,2025,13965.32837,23571.86946,18151.11667,12.97101544,77.61054084,Moderate
39760,Commissariat Road,Jul-Sep,2025,11202.99838,18909.37387,14560.84133,12.97101544,77.61054084,Moderate
39788,Commissariat Road,Oct-Dec,2025,7922.770463,13372.72609,10297.44,12.97101544,77.61054084,Moderate
39816,Commissariat Road,Jan-Mar,2026,7645.235293,12904.27862,9936.72,12.97101544,77.61054084,Moderate
39844,Commissariat Road,Apr-Jun,2026,7788.149902,13145.50205,10122.47,12.97101544,77.61054084,Moderate
39872,Commissariat Road,Jul-Sep,2026,8099.015144,13670.20686,10526.51,12.97101544,77.61054084,Moderate
39900,Commissariat Road,Oct-Dec,2026,8356.038317,14104.03244,10860.57,12.97101544,77.61054084,Moderate
39928,Commissariat Road,Jan-Mar,2027,8651.708062,14603.08899,11244.86,12.97101544,77.61054084,Moderate
39956,Commissariat Road,Apr-Jun,2027,8692.031909,14671.15101,11297.27,12.97101544,77.61054084,Moderate
39984,Commissariat Road,Jul-Sep,2027,9138.364044,15424.50837,11877.38,12.97101544,77.61054084,Moderate
40012,Commissariat Road,Oct-Dec,2027,9355.240329,15790.57061,12159.26,12.97101544,77.61054084,Moderate
40040,Commissariat Road,Jan-Mar,2028,10200.98706,17218.0939,13258.5,12.97101544,77.61054084,Moderate
40068,Commissariat Road,Apr-Jun,2028,10472.58252,17676.51583,13611.5,12.97101544,77.61054084,Moderate
40096,Commissariat Road,Jul-Sep,2028,10844.19897,18303.7617,14094.5,12.97101544,77.61054084,Moderate
40124,Commissariat Road,Oct-Dec,2028,11103.09946,18740.75598,14431.0,12.97101544,77.61054084,Moderate
40152,Commissariat Road,Jan-Mar,2029,11770.54724,19867.33111,15298.5,12.97101544,77.61054084,Moderate
40180,Commissariat Road,Apr-Jun,2029,11873.78429,20041.58339,15432.68,12.97101544,77.61054084,Moderate
40208,Commissariat Road,Jul-Sep,2029,12418.56785,20961.11545,16140.75,12.97101544,77.61054084,Moderate
40236,Commissariat Road,Oct-Dec,2029,12602.23717,21271.12815,16379.47,12.97101544,77.61054084,Moderate
40264,Commissariat Road,Jan-Mar,2030,13129.23239,22160.63551,17064.42,12.97101544,77.61054084,Moderate
40292,Commissariat Road,Apr-Jun,2030,13079.39885,22076.52223,16999.65,12.97101544,77.61054084,Moderate
40320,Commissariat Road,Jul-Sep,2030,13274.46799,22405.77653,17253.18667,12.97101544,77.61054084,Moderate
40348,Commissariat Road,Oct-Dec,2030,12660.04161,21368.6954,16454.6,12.97101544,77.61054084,Moderate
40376,Cooke Town,Jan-Mar,2024,8269.590509,13849.01989,11059.22,13.0018862,77.6238136,Moderate
40404,Cooke Town,Apr-Jun,2024,7795.064988,13054.33563,10424.62,13.0018862,77.6238136,Moderate
40432,Cooke Town,Jul-Sep,2024,7783.519646,13035.00073,10409.18,13.0018862,77.6238136,Moderate
40460,Cooke Town,Oct-Dec,2024,8121.774239,13601.47311,10861.54,13.0018862,77.6238136,Moderate
40488,Cooke Town,Jan-Mar,2025,9397.594354,15738.07928,12567.74,13.0018862,77.6238136,Moderate
40516,Cooke Town,Apr-Jun,2025,8315.09142,13925.21991,11120.07,13.0018862,77.6238136,Moderate
40544,Cooke Town,Jul-Sep,2025,7132.980002,11945.54697,9539.19,13.0018862,77.6238136,Moderate
40572,Cooke Town,Oct-Dec,2025,7459.27051,12491.98319,9975.55,13.0018862,77.6238136,Moderate
40600,Cooke Town,Jan-Mar,2026,6987.302311,11701.58166,9344.37,13.0018862,77.6238136,Moderate
40628,Cooke Town,Apr-Jun,2026,7316.651139,12253.13962,9784.82,13.0018862,77.6238136,Moderate
40656,Cooke Town,Jul-Sep,2026,7482.607953,12531.06623,10006.76,13.0018862,77.6238136,Moderate
40684,Cooke Town,Oct-Dec,2026,7699.718708,12894.65995,10297.11,13.0018862,77.6238136,Moderate
40712,Cooke Town,Jan-Mar,2027,7258.872086,12156.37748,9707.55,13.0018862,77.6238136,Moderate
40740,Cooke Town,Apr-Jun,2027,7619.080775,12759.61622,10189.27,13.0018862,77.6238136,Moderate
40768,Cooke Town,Jul-Sep,2027,7561.354065,12662.94174,10112.07,13.0018862,77.6238136,Moderate
40796,Cooke Town,Oct-Dec,2027,7550.990176,12645.58541,10098.21,13.0018862,77.6238136,Moderate
40824,Cooke Town,Jan-Mar,2028,7868.898348,13177.98379,10523.36,13.0018862,77.6238136,Moderate
40852,Cooke Town,Apr-Jun,2028,8365.677067,14009.93531,11187.72,13.0018862,77.6238136,Moderate
40880,Cooke Town,Jul-Sep,2028,8307.434406,13912.39677,11109.83,13.0018862,77.6238136,Moderate
40908,Cooke Town,Oct-Dec,2028,8144.07978,13638.82803,10891.37,13.0018862,77.6238136,Moderate
40936,Cooke Town,Jan-Mar,2029,7766.014694,13005.68533,10385.77,13.0018862,77.6238136,Moderate
40964,Cooke Town,Apr-Jun,2029,7523.921434,12600.2536,10062.01,13.0018862,77.6238136,Moderate
40992,Cooke Town,Jul-Sep,2029,7621.90729,12764.34976,10193.05,13.0018862,77.6238136,Moderate
41020,Cooke Town,Oct-Dec,2029,7639.292601,12793.46481,10216.3,13.0018862,77.6238136,Moderate
41048,Cooke Town,Jan-Mar,2030,8269.590509,13849.01989,11059.22,13.0018862,77.6238136,Moderate
41076,Cooke Town,Apr-Jun,2030,7795.064988,13054.33563,10424.62,13.0018862,77.6238136,Moderate
41104,Cooke Town,Jul-Sep,2030,7783.519646,13035.00073,10409.18,13.0018862,77.6238136,Moderate
41132,Cooke Town,Oct-Dec,2030,8121.774239,13601.47311,10861.54,13.0018862,77.6238136,Moderate
41188,Cunningham Road,Jan-Mar,2024,14006.92622,23108.70452,18557.84,12.9910375,77.5858824,Moderate
41216,Cunningham Road,Apr-Jun,2024,14188.11664,23407.63347,18797.9,12.9910375,77.5858824,Moderate
41244,Cunningham Road,Jul-Sep,2024,13921.45151,22967.68787,18444.59417,12.9910375,77.5858824,Moderate
41272,Cunningham Road,Oct-Dec,2024,11631.61545,19189.90365,15410.78,12.9910375,77.5858824,Moderate
41300,Cunningham Road,Jan-Mar,2025,13917.44808,22961.08298,18439.29,12.9910375,77.5858824,Moderate
41328,Cunningham Road,Apr-Jun,2025,14048.38204,23177.09856,18612.765,12.9910375,77.5858824,Moderate
41356,Cunningham Road,Jul-Sep,2025,13934.52126,22989.25041,18461.91033,12.9910375,77.5858824,Moderate
41384,Cunningham Road,Oct-Dec,2025,10689.72872,17635.97369,14162.87,12.9910375,77.5858824,Moderate
41412,Cunningham Road,Jan-Mar,2026,11600.2547,19138.16451,15369.23,12.9910375,77.5858824,Moderate
41440,Cunningham Road,Apr-Jun,2026,11600.2547,19138.16451,15369.23,12.9910375,77.5858824,Moderate
41468,Cunningham Road,Jul-Sep,2026,11550.13788,19055.4815,15302.83,12.9910375,77.5858824,Moderate
41496,Cunningham Road,Oct-Dec,2026,11539.6843,19038.23512,15288.98,12.9910375,77.5858824,Moderate
41524,Cunningham Road,Jan-Mar,2027,11348.78753,18723.29257,15036.06,12.9910375,77.5858824,Moderate
41552,Cunningham Road,Apr-Jun,2027,11348.78753,18723.29257,15036.06,12.9910375,77.5858824,Moderate
41580,Cunningham Road,Jul-Sep,2027,11326.18212,18685.99805,15006.11,12.9910375,77.5858824,Moderate
41608,Cunningham Road,Oct-Dec,2027,11269.98939,18593.29098,14931.66,12.9910375,77.5858824,Moderate
41636,Cunningham Road,Jan-Mar,2028,14525.42396,23964.12496,19244.8,12.9910375,77.5858824,Moderate
41664,Cunningham Road,Apr-Jun,2028,14455.73592,23849.15325,19152.47,12.9910375,77.5858824,Moderate
41692,Cunningham Road,Jul-Sep,2028,14616.01162,24113.57699,19364.82,12.9910375,77.5858824,Moderate
41720,Cunningham Road,Oct-Dec,2028,14771.70585,24370.4422,19571.1,12.9910375,77.5858824,Moderate
41748,Cunningham Road,Jan-Mar,2029,15185.63757,25053.34903,20119.52,12.9910375,77.5858824,Moderate
41776,Cunningham Road,Apr-Jun,2029,15668.61576,25850.16914,20759.42,12.9910375,77.5858824,Moderate
41804,Cunningham Road,Jul-Sep,2029,15579.27348,25702.77174,20641.05,12.9910375,77.5858824,Moderate
41832,Cunningham Road,Oct-Dec,2029,15399.23786,25405.74799,20402.52,12.9910375,77.5858824,Moderate
41860,Cunningham Road,Jan-Mar,2030,14006.92622,23108.70452,18557.84,12.9910375,77.5858824,Moderate
41888,Cunningham Road,Apr-Jun,2030,14188.11664,23407.63347,18797.9,12.9910375,77.5858824,Moderate
41916,Cunningham Road,Jul-Sep,2030,13921.45151,22967.68787,18444.59417,12.9910375,77.5858824,Moderate
41944,Cunningham Road,Oct-Dec,2030,11631.61545,19189.90365,15410.78,12.9910375,77.5858824,Moderate
41972,Dasarahalli Main Road,Jan-Mar,2024,7312.189442,12414.06808,9862.9,13.05524234,77.60255477,Moderate
42000,Dasarahalli Main Road,Apr-Jun,2024,7397.90818,12559.59471,9978.52,13.05524234,77.60255477,Moderate
42028,Dasarahalli Main Road,Jul-Sep,2024,6672.464612,11327.99289,9000.02,13.05524234,77.60255477,Moderate
42056,Dasarahalli Main Road,Oct-Dec,2024,7277.35184,12354.92351,9815.91,13.05524234,77.60255477,Moderate
42084,Dasarahalli Main Road,Jan-Mar,2025,7416.620695,12591.36337,10003.76,13.05524234,77.60255477,Moderate
42112,Dasarahalli Main Road,Apr-Jun,2025,7578.019841,12865.37432,10221.46,13.05524234,77.60255477,Moderate
42140,Dasarahalli Main Road,Jul-Sep,2025,7804.026466,13249.07084,10526.3045,13.05524234,77.60255477,Moderate
42168,Dasarahalli Main Road,Oct-Dec,2025,8709.593186,14786.47178,11747.76,13.05524234,77.60255477,Moderate
42196,Dasarahalli Main Road,Jan-Mar,2026,11365.47286,19295.41829,15330.09,13.05524234,77.60255477,Moderate
42224,Dasarahalli Main Road,Apr-Jun,2026,11365.47286,19295.41829,15330.09,13.05524234,77.60255477,Moderate
42252,Dasarahalli Main Road,Jul-Sep,2026,11302.12165,19187.86552,15244.64,13.05524234,77.60255477,Moderate
42280,Dasarahalli Main Road,Oct-Dec,2026,11291.94987,19170.59667,15230.92,13.05524234,77.60255477,Moderate
42308,Dasarahalli Main Road,Jan-Mar,2027,11147.48392,18925.33358,15036.06,13.05524234,77.60255477,Moderate
42336,Dasarahalli Main Road,Apr-Jun,2027,11147.48392,18925.33358,15036.06,13.05524234,77.60255477,Moderate
42364,Dasarahalli Main Road,Jul-Sep,2027,11125.27949,18887.63662,15006.11,13.05524234,77.60255477,Moderate
42392,Dasarahalli Main Road,Oct-Dec,2027,11070.08351,18793.92915,14931.66,13.05524234,77.60255477,Moderate
42420,Dasarahalli Main Road,Jan-Mar,2028,14267.77351,24222.71923,19244.8,13.05524234,77.60255477,Moderate
42448,Dasarahalli Main Road,Apr-Jun,2028,14199.32159,24106.50687,19152.47,13.05524234,77.60255477,Moderate
42476,Dasarahalli Main Road,Jul-Sep,2028,14356.75434,24373.78397,19364.82,13.05524234,77.60255477,Moderate
42504,Dasarahalli Main Road,Oct-Dec,2028,14509.68689,24633.42099,19571.1,13.05524234,77.60255477,Moderate
42532,Dasarahalli Main Road,Jan-Mar,2029,14916.27632,25323.697,20119.52,13.05524234,77.60255477,Moderate
42560,Dasarahalli Main Road,Apr-Jun,2029,15390.6875,26129.1155,20759.42,13.05524234,77.60255477,Moderate
42588,Dasarahalli Main Road,Jul-Sep,2029,15302.92996,25980.12755,20641.05,13.05524234,77.60255477,Moderate
42616,Dasarahalli Main Road,Oct-Dec,2029,15126.0878,25679.89865,20402.52,13.05524234,77.60255477,Moderate
42644,Dasarahalli Main Road,Jan-Mar,2030,7312.189442,12414.06808,9862.9,13.05524234,77.60255477,Moderate
42672,Dasarahalli Main Road,Apr-Jun,2030,7397.90818,12559.59471,9978.52,13.05524234,77.60255477,Moderate
42700,Dasarahalli Main Road,Jul-Sep,2030,6672.464612,11327.99289,9000.02,13.05524234,77.60255477,Moderate
42728,Dasarahalli Main Road,Oct-Dec,2030,7277.35184,12354.92351,9815.91,13.05524234,77.60255477,Moderate
42756,Davis Road,Jan-Mar,2024,7193.702444,12538.10527,9865.78,12.9835,77.6052,Moderate
42784,Davis Road,Apr-Jun,2024,7328.312116,12772.72023,10050.39,12.9835,77.6052,Moderate
42812,Davis Road,Jul-Sep,2024,7870.673668,13718.01736,10794.21,12.9835,77.6052,Moderate
42840,Davis Road,Oct-Dec,2024,7286.567878,12699.96303,9993.14,12.9835,77.6052,Moderate
42868,Davis Road,Jan-Mar,2025,8053.327494,14036.36982,11044.71,12.9835,77.6052,Moderate
42896,Davis Road,Apr-Jun,2025,8178.618539,14254.74309,11216.54,12.9835,77.6052,Moderate
42924,Davis Road,Jul-Sep,2025,8283.82131,14438.10394,11360.82,12.9835,77.6052,Moderate
42952,Davis Road,Oct-Dec,2025,6509.826104,11346.15806,8927.88,12.9835,77.6052,Moderate
42980,Davis Road,Jan-Mar,2026,3831.421026,6677.890908,5254.59,12.9835,77.6052,Moderate
43008,Davis Road,Apr-Jun,2026,3752.839777,6540.929451,5146.82,12.9835,77.6052,Moderate
43036,Davis Road,Jul-Sep,2026,3768.560401,6568.329368,5168.38,12.9835,77.6052,Moderate
43064,Davis Road,Oct-Dec,2026,3810.698384,6641.772836,5226.17,12.9835,77.6052,Moderate
43092,Davis Road,Jan-Mar,2027,3839.361545,6691.730662,5265.48,12.9835,77.6052,Moderate
43120,Davis Road,Apr-Jun,2027,3788.167433,6602.503011,5195.27,12.9835,77.6052,Moderate
43148,Davis Road,Jul-Sep,2027,3825.354439,6667.317285,5246.27,12.9835,77.6052,Moderate
43176,Davis Road,Oct-Dec,2027,3847.51352,6705.938968,5276.66,12.9835,77.6052,Moderate
43204,Davis Road,Jan-Mar,2028,3627.461232,6322.403678,4974.87,12.9835,77.6052,Moderate
43232,Davis Road,Apr-Jun,2028,3718.53294,6481.135106,5099.77,12.9835,77.6052,Moderate
43260,Davis Road,Jul-Sep,2028,3764.04692,6560.462694,5162.19,12.9835,77.6052,Moderate
43288,Davis Road,Oct-Dec,2028,3724.395363,6491.352886,5107.81,12.9835,77.6052,Moderate
43316,Davis Road,Jan-Mar,2029,3831.165821,6677.446104,5254.24,12.9835,77.6052,Moderate
43344,Davis Road,Apr-Jun,2029,3881.681817,6765.491848,5323.52,12.9835,77.6052,Moderate
43372,Davis Road,Jul-Sep,2029,3960.19015,6902.326218,5431.19,12.9835,77.6052,Moderate
43400,Davis Road,Oct-Dec,2029,4016.546694,7000.551615,5508.48,12.9835,77.6052,Moderate
43428,Davis Road,Jan-Mar,2030,7193.702444,12538.10527,9865.78,12.9835,77.6052,Moderate
43456,Davis Road,Apr-Jun,2030,7328.312116,12772.72023,10050.39,12.9835,77.6052,Moderate
43484,Davis Road,Jul-Sep,2030,7870.673668,13718.01736,10794.21,12.9835,77.6052,Moderate
43512,Davis Road,Oct-Dec,2030,7286.567878,12699.96303,9993.14,12.9835,77.6052,Moderate
43540,Devanahalli,Jan-Mar,2024,4591.491737,6807.92845,5699.69,13.2483502,77.7134377,High
43568,Devanahalli,Apr-Jun,2024,4884.783181,7242.799573,6063.77,13.2483502,77.7134377,High
43596,Devanahalli,Jul-Sep,2024,4847.200717,7187.075041,6017.116667,13.2483502,77.7134377,High
43624,Devanahalli,Oct-Dec,2024,5506.649978,8164.858219,6835.73,13.2483502,77.7134377,High
43652,Devanahalli,Jan-Mar,2025,5677.229145,8417.780545,7047.48,13.2483502,77.7134377,High
43680,Devanahalli,Apr-Jun,2025,6056.595603,8980.277408,7518.41,13.2483502,77.7134377,High
43708,Devanahalli,Jul-Sep,2025,5394.864972,7999.11158,6696.964667,13.2483502,77.7134377,High
43736,Devanahalli,Oct-Dec,2025,4336.488972,6429.828983,5383.14,13.2483502,77.7134377,High
43764,Devanahalli,Jan-Mar,2026,4232.933119,6276.28393,5254.59,13.2483502,77.7134377,High
43792,Devanahalli,Apr-Jun,2026,4146.116982,6147.559307,5146.82,13.2483502,77.7134377,High
43820,Devanahalli,Jul-Sep,2026,4163.485043,6173.311398,5168.38,13.2483502,77.7134377,High
43848,Devanahalli,Oct-Dec,2026,4210.038857,6242.337992,5226.17,13.2483502,77.7134377,High
43876,Devanahalli,Jan-Mar,2027,4241.705761,6289.291364,5265.48,13.2483502,77.7134377,High
43904,Devanahalli,Apr-Jun,2027,4185.146785,6205.429846,5195.27,13.2483502,77.7134377,High
43932,Devanahalli,Jul-Sep,2027,4226.230787,6266.346203,5246.27,13.2483502,77.7134377,High
43960,Devanahalli,Oct-Dec,2027,4250.712019,6302.645185,5276.66,13.2483502,77.7134377,High
43988,Devanahalli,Jan-Mar,2028,4007.599448,5942.175629,4974.87,13.2483502,77.7134377,High
44016,Devanahalli,Apr-Jun,2028,4108.214976,6091.360981,5099.77,13.2483502,77.7134377,High
44044,Devanahalli,Jul-Sep,2028,4158.498573,6165.917825,5162.19,13.2483502,77.7134377,High
44072,Devanahalli,Oct-Dec,2028,4114.691748,6100.964266,5107.81,13.2483502,77.7134377,High
44100,Devanahalli,Jan-Mar,2029,4232.65117,6275.865877,5254.24,13.2483502,77.7134377,High
44128,Devanahalli,Apr-Jun,2029,4288.460968,6358.616567,5323.52,13.2483502,77.7134377,High
44156,Devanahalli,Jul-Sep,2029,4375.196547,6487.221747,5431.19,13.2483502,77.7134377,High
44184,Devanahalli,Oct-Dec,2029,4437.45895,6579.539889,5508.48,13.2483502,77.7134377,High
44212,Devanahalli,Jan-Mar,2030,4591.491737,6807.92845,5699.69,13.2483502,77.7134377,High
44240,Devanahalli,Apr-Jun,2030,4884.783181,7242.799573,6063.77,13.2483502,77.7134377,High
44268,Devanahalli,Jul-Sep,2030,4847.200717,7187.075041,6017.116667,13.2483502,77.7134377,High
44296,Devanahalli,Oct-Dec,2030,5506.649978,8164.858219,6835.73,13.2483502,77.7134377,High
44380,Doddaballapur Main Road,Jan-Mar,2024,4729.12166,7419.451673,6074.286667,13.2461,77.5204,Low
44408,Doddaballapur Main Road,Apr-Jun,2024,5011.586536,7862.606798,6437.096667,13.2461,77.5204,Low
44436,Doddaballapur Main Road,Jul-Sep,2024,5230.008211,8205.285456,6717.646833,13.2461,77.5204,Low
44464,Doddaballapur Main Road,Oct-Dec,2024,6286.734711,9863.168623,8074.951667,13.2461,77.5204,Low
44492,Doddaballapur Main Road,Jan-Mar,2025,5613.809758,8807.426242,7210.618,13.2461,77.5204,Low
44520,Doddaballapur Main Road,Apr-Jun,2025,5908.996103,9270.539897,7589.768,13.2461,77.5204,Low
44548,Doddaballapur Main Road,Jul-Sep,2025,5197.730923,8154.646077,6676.1885,13.2461,77.5204,Low
44576,Doddaballapur Main Road,Oct-Dec,2025,3958.587203,6210.57113,5084.579167,13.2461,77.5204,Low
44604,Doddaballapur Main Road,Jan-Mar,2026,3918.056661,6146.983339,5032.52,13.2461,77.5204,Low
44632,Doddaballapur Main Road,Apr-Jun,2026,3925.655286,6158.904714,5042.28,13.2461,77.5204,Low
44660,Doddaballapur Main Road,Jul-Sep,2026,4056.178801,6363.681199,5209.93,13.2461,77.5204,Low
44688,Doddaballapur Main Road,Oct-Dec,2026,4093.946148,6422.933852,5258.44,13.2461,77.5204,Low
44716,Doddaballapur Main Road,Jan-Mar,2027,3985.136327,6252.223673,5118.68,13.2461,77.5204,Low
44744,Doddaballapur Main Road,Apr-Jun,2027,3959.062766,6211.317234,5085.19,13.2461,77.5204,Low
44772,Doddaballapur Main Road,Jul-Sep,2027,4071.874322,6388.305678,5230.09,13.2461,77.5204,Low
44800,Doddaballapur Main Road,Oct-Dec,2027,4107.531805,6444.248195,5275.89,13.2461,77.5204,Low
44828,Doddaballapur Main Road,Jan-Mar,2028,3863.433757,6061.286243,4962.36,13.2461,77.5204,Low
44856,Doddaballapur Main Road,Apr-Jun,2028,4051.468588,6356.291412,5203.88,13.2461,77.5204,Low
44884,Doddaballapur Main Road,Jul-Sep,2028,4145.314723,6503.525277,5324.42,13.2461,77.5204,Low
44912,Doddaballapur Main Road,Oct-Dec,2028,4144.582888,6502.377112,5323.48,13.2461,77.5204,Low
44940,Doddaballapur Main Road,Jan-Mar,2029,4049.031734,6352.468266,5200.75,13.2461,77.5204,Low
44968,Doddaballapur Main Road,Apr-Jun,2029,4182.241238,6561.458762,5371.85,13.2461,77.5204,Low
44996,Doddaballapur Main Road,Jul-Sep,2029,4150.468708,6511.611292,5331.04,13.2461,77.5204,Low
45024,Doddaballapur Main Road,Oct-Dec,2029,4040.078436,6338.421564,5189.25,13.2461,77.5204,Low
45052,Doddaballapur Main Road,Jan-Mar,2030,4729.12166,7419.451673,6074.286667,13.2461,77.5204,Low
45080,Doddaballapur Main Road,Apr-Jun,2030,5011.586536,7862.606798,6437.096667,13.2461,77.5204,Low
45108,Doddaballapur Main Road,Jul-Sep,2030,5230.008211,8205.285456,6717.646833,13.2461,77.5204,Low
45136,Doddaballapur Main Road,Oct-Dec,2030,6286.734711,9863.168623,8074.951667,13.2461,77.5204,Low
45164,Doddaballapura Main Road,Jan-Mar,2024,4191.702378,6817.927584,5504.72,13.2527,77.5307,Moderate
45192,Doddaballapura Main Road,Apr-Jun,2024,4325.7523,7035.963737,5680.76,13.2527,77.5307,Moderate
45220,Doddaballapura Main Road,Jul-Sep,2024,4272.461288,6949.284333,5610.776,13.2527,77.5307,Moderate
45248,Doddaballapura Main Road,Oct-Dec,2024,4733.308533,7698.865973,6215.98,13.2527,77.5307,Moderate
45276,Doddaballapura Main Road,Jan-Mar,2025,5155.683055,8385.870594,6770.66,13.2527,77.5307,Moderate
45304,Doddaballapura Main Road,Apr-Jun,2025,5293.570807,8610.14909,6951.74,13.2527,77.5307,Moderate
45332,Doddaballapura Main Road,Jul-Sep,2025,4240.8821,6897.919852,5569.304881,13.2527,77.5307,Moderate
45360,Doddaballapura Main Road,Oct-Dec,2025,2815.016,4578.706573,3696.7975,13.2527,77.5307,Moderate
45388,Doddaballapura Main Road,Jan-Mar,2026,1549.067009,2519.603192,2034.3,13.2527,77.5307,Moderate
45416,Doddaballapura Main Road,Apr-Jun,2026,1577.850735,2566.420771,2072.1,13.2527,77.5307,Moderate
45444,Doddaballapura Main Road,Jul-Sep,2026,1672.684735,2720.671069,2196.64,13.2527,77.5307,Moderate
45472,Doddaballapura Main Road,Oct-Dec,2026,1743.212477,2835.386523,2289.26,13.2527,77.5307,Moderate
45500,Doddaballapura Main Road,Jan-Mar,2027,1852.933298,3013.850675,2433.35,13.2527,77.5307,Moderate
45528,Doddaballapura Main Road,Apr-Jun,2027,1845.166261,3001.21736,2423.15,13.2527,77.5307,Moderate
45556,Doddaballapura Main Road,Jul-Sep,2027,1941.416602,3157.77138,2549.55,13.2527,77.5307,Moderate
45584,Doddaballapura Main Road,Oct-Dec,2027,1978.271955,3217.717698,2597.95,13.2527,77.5307,Moderate
45612,Doddaballapura Main Road,Jan-Mar,2028,2245.389497,3652.192261,2948.74,13.2527,77.5307,Moderate
45640,Doddaballapura Main Road,Apr-Jun,2028,2180.527123,3546.691696,2863.56,13.2527,77.5307,Moderate
45668,Doddaballapura Main Road,Jul-Sep,2028,2204.52879,3585.731116,2895.08,13.2527,77.5307,Moderate
45696,Doddaballapura Main Road,Oct-Dec,2028,2298.867831,3739.17635,3018.97,13.2527,77.5307,Moderate
45724,Doddaballapura Main Road,Jan-Mar,2029,2410.697936,3921.071314,3165.83,13.2527,77.5307,Moderate
45752,Doddaballapura Main Road,Apr-Jun,2029,2490.409057,4050.723805,3270.51,13.2527,77.5307,Moderate
45780,Doddaballapura Main Road,Jul-Sep,2029,2506.925433,4077.588177,3292.2,13.2527,77.5307,Moderate
45808,Doddaballapura Main Road,Oct-Dec,2029,2597.974906,4225.682831,3411.77,13.2527,77.5307,Moderate
45836,Doddaballapura Main Road,Jan-Mar,2030,4191.702378,6817.927584,5504.72,13.2527,77.5307,Moderate
45864,Doddaballapura Main Road,Apr-Jun,2030,4325.7523,7035.963737,5680.76,13.2527,77.5307,Moderate
45892,Doddaballapura Main Road,Jul-Sep,2030,4272.461288,6949.284333,5610.776,13.2527,77.5307,Moderate
45920,Doddaballapura Main Road,Oct-Dec,2030,4733.308533,7698.865973,6215.98,13.2527,77.5307,Moderate
45948,Doddagubbi Main Road,Jan-Mar,2024,3180.058347,5228.779218,4229.93,13.033,77.668,Moderate
45976,Doddagubbi Main Road,Apr-Jun,2024,3207.87492,5274.516341,4266.93,13.033,77.668,Moderate
46004,Doddagubbi Main Road,Jul-Sep,2024,3022.652752,4969.966639,4020.558167,13.033,77.668,Moderate
46032,Doddagubbi Main Road,Oct-Dec,2024,3317.558677,5454.862764,4412.825,13.033,77.668,Moderate
46060,Doddagubbi Main Road,Jan-Mar,2025,3302.122358,5429.481751,4392.2925,13.033,77.668,Moderate
46088,Doddagubbi Main Road,Apr-Jun,2025,3477.97197,5718.620721,4626.1975,13.033,77.668,Moderate
46116,Doddagubbi Main Road,Jul-Sep,2025,2712.282352,4459.643204,3607.721381,13.033,77.668,Moderate
46144,Doddagubbi Main Road,Oct-Dec,2025,2196.658522,3611.833864,2921.868333,13.033,77.668,Moderate
46172,Doddagubbi Main Road,Jan-Mar,2026,1533.21946,2520.980805,2039.4,13.033,77.668,Moderate
46200,Doddagubbi Main Road,Apr-Jun,2026,1560.284235,2565.48179,2075.4,13.033,77.668,Moderate
46228,Doddagubbi Main Road,Jul-Sep,2026,1651.763172,2715.89512,2197.08,13.033,77.668,Moderate
46256,Doddagubbi Main Road,Oct-Dec,2026,1717.786185,2824.4528,2284.9,13.033,77.668,Moderate
46284,Doddagubbi Main Road,Jan-Mar,2027,1833.224965,3014.261863,2438.45,13.033,77.668,Moderate
46312,Doddagubbi Main Road,Apr-Jun,2027,1824.203373,2999.428202,2426.45,13.033,77.668,Moderate
46340,Doddagubbi Main Road,Jul-Sep,2027,1918.012888,3153.67356,2551.23,13.033,77.668,Moderate
46368,Doddagubbi Main Road,Oct-Dec,2027,1954.399973,3213.502663,2599.63,13.033,77.668,Moderate
46396,Doddagubbi Main Road,Jan-Mar,2028,2239.361974,3682.04859,2978.67,13.033,77.668,Moderate
46424,Doddagubbi Main Road,Apr-Jun,2028,2171.376765,3570.264588,2888.24,13.033,77.668,Moderate
46452,Doddagubbi Main Road,Jul-Sep,2028,2188.878652,3599.041891,2911.52,13.033,77.668,Moderate
46480,Doddagubbi Main Road,Oct-Dec,2028,2282.019066,3752.187087,3035.41,13.033,77.668,Moderate
46508,Doddagubbi Main Road,Jan-Mar,2029,2410.020412,3962.652024,3205.67,13.033,77.668,Moderate
46536,Doddagubbi Main Road,Apr-Jun,2029,2478.118391,4074.621447,3296.25,13.033,77.668,Moderate
46564,Doddagubbi Main Road,Jul-Sep,2029,2495.49999,4103.200968,3319.37,13.033,77.668,Moderate
46592,Doddagubbi Main Road,Oct-Dec,2029,2612.276973,4295.210357,3474.7,13.033,77.668,Moderate
46620,Doddagubbi Main Road,Jan-Mar,2030,3180.058347,5228.779218,4229.93,13.033,77.668,Moderate
46648,Doddagubbi Main Road,Apr-Jun,2030,3207.87492,5274.516341,4266.93,13.033,77.668,Moderate
46676,Doddagubbi Main Road,Jul-Sep,2030,3022.652752,4969.966639,4020.558167,13.033,77.668,Moderate
46704,Doddagubbi Main Road,Oct-Dec,2030,3317.558677,5454.862764,4412.825,13.033,77.668,Moderate
46732,Doddakannelli,Jan-Mar,2024,5964.554842,9183.657834,7574.04,12.92242876,77.68568432,Moderate
46760,Doddakannelli,Apr-Jun,2024,5925.904352,9124.147463,7524.96,12.92242876,77.68568432,Moderate
46788,Doddakannelli,Jul-Sep,2024,6310.44837,9716.231999,8013.27,12.92242876,77.68568432,Moderate
46816,Doddakannelli,Oct-Dec,2024,5422.802242,8349.518382,6886.1,12.92242876,77.68568432,Moderate
46844,Doddakannelli,Jan-Mar,2025,7795.050833,12002.08256,9898.48,12.92242876,77.68568432,Moderate
46872,Doddakannelli,Apr-Jun,2025,7875.21831,12125.51687,10000.28,12.92242876,77.68568432,Moderate
46900,Doddakannelli,Jul-Sep,2025,6247.423713,9619.192588,7933.238667,12.92242876,77.68568432,Moderate
46928,Doddakannelli,Oct-Dec,2025,3930.956357,6052.515083,4991.692,12.92242876,77.68568432,Moderate
46956,Doddakannelli,Jan-Mar,2026,4320.404924,6652.151179,5486.23,12.92242876,77.68568432,Moderate
46984,Doddakannelli,Apr-Jun,2026,4385.728031,6752.729525,5569.18,12.92242876,77.68568432,Moderate
47012,Doddakannelli,Jul-Sep,2026,4438.112516,6833.386205,5635.7,12.92242876,77.68568432,Moderate
47040,Doddakannelli,Oct-Dec,2026,4615.457467,7106.445199,5860.9,12.92242876,77.68568432,Moderate
47068,Doddakannelli,Jan-Mar,2027,4807.316038,7401.850895,6104.53,12.92242876,77.68568432,Moderate
47096,Doddakannelli,Apr-Jun,2027,4941.947001,7609.142928,6275.49,12.92242876,77.68568432,Moderate
47124,Doddakannelli,Jul-Sep,2027,4914.061634,7566.207675,6240.08,12.92242876,77.68568432,Moderate
47152,Doddakannelli,Oct-Dec,2027,4903.635137,7550.15394,6226.84,12.92242876,77.68568432,Moderate
47180,Doddakannelli,Jan-Mar,2028,4888.097766,7526.230965,6207.11,12.92242876,77.68568432,Moderate
47208,Doddakannelli,Apr-Jun,2028,4887.168516,7524.800194,6205.93,12.92242876,77.68568432,Moderate
47236,Doddakannelli,Jul-Sep,2028,5061.363468,7793.009117,6427.13,12.92242876,77.68568432,Moderate
47264,Doddakannelli,Oct-Dec,2028,5171.952062,7963.282983,6567.56,12.92242876,77.68568432,Moderate
47292,Doddakannelli,Jan-Mar,2029,5506.513469,8478.409018,6992.4,12.92242876,77.68568432,Moderate
47320,Doddakannelli,Apr-Jun,2029,5309.150274,8174.527823,6741.78,12.92242876,77.68568432,Moderate
47348,Doddakannelli,Jul-Sep,2029,5269.60991,8113.647307,6691.57,12.92242876,77.68568432,Moderate
47376,Doddakannelli,Oct-Dec,2029,5564.851453,8568.232332,7066.48,12.92242876,77.68568432,Moderate
47404,Doddakannelli,Jan-Mar,2030,5964.554842,9183.657834,7574.04,12.92242876,77.68568432,Moderate
47432,Doddakannelli,Apr-Jun,2030,5925.904352,9124.147463,7524.96,12.92242876,77.68568432,Moderate
47460,Doddakannelli,Jul-Sep,2030,6310.44837,9716.231999,8013.27,12.92242876,77.68568432,Moderate
47488,Doddakannelli,Oct-Dec,2030,5422.802242,8349.518382,6886.1,12.92242876,77.68568432,Moderate
47516,Doddakannelli Chikkanayakana Halli Road,Jan-Mar,2024,6262.79559,10695.55299,8831.72,12.8651,77.7129,Moderate
47544,Doddakannelli Chikkanayakana Halli Road,Apr-Jun,2024,6347.167311,10839.64235,8950.7,12.8651,77.7129,Moderate
47572,Doddakannelli Chikkanayakana Halli Road,Jul-Sep,2024,6482.824743,11071.31704,9142.0025,12.8651,77.7129,Moderate
47600,Doddakannelli Chikkanayakana Halli Road,Oct-Dec,2024,6180.714343,10555.37528,8715.97,12.8651,77.7129,Moderate
47628,Doddakannelli Chikkanayakana Halli Road,Jan-Mar,2025,7072.779716,12078.8375,9973.95,12.8651,77.7129,Moderate
47656,Doddakannelli Chikkanayakana Halli Road,Apr-Jun,2025,7183.825892,12268.48129,10130.546,12.8651,77.7129,Moderate
47684,Doddakannelli Chikkanayakana Halli Road,Jul-Sep,2025,6315.582214,10785.70157,8906.159071,12.8651,77.7129,Moderate
47712,Doddakannelli Chikkanayakana Halli Road,Oct-Dec,2025,4016.795263,6859.851318,5664.437,12.8651,77.7129,Moderate
47740,Doddakannelli Chikkanayakana Halli Road,Jan-Mar,2026,3906.344043,6671.223593,5508.68,12.8651,77.7129,Moderate
47768,Doddakannelli Chikkanayakana Halli Road,Apr-Jun,2026,3980.915653,6798.576402,5613.84,12.8651,77.7129,Moderate
47796,Doddakannelli Chikkanayakana Halli Road,Jul-Sep,2026,4022.924233,6870.318323,5673.08,12.8651,77.7129,Moderate
47824,Doddakannelli Chikkanayakana Halli Road,Oct-Dec,2026,4178.619771,7136.213938,5892.64,12.8651,77.7129,Moderate
47852,Doddakannelli Chikkanayakana Halli Road,Jan-Mar,2027,4419.594711,7547.749042,6232.46,12.8651,77.7129,Moderate
47880,Doddakannelli Chikkanayakana Halli Road,Apr-Jun,2027,4485.387351,7660.109195,6325.24,12.8651,77.7129,Moderate
47908,Doddakannelli Chikkanayakana Halli Road,Jul-Sep,2027,4564.249169,7794.788787,6436.45,12.8651,77.7129,Moderate
47936,Doddakannelli Chikkanayakana Halli Road,Oct-Dec,2027,4684.757913,8000.592671,6606.39,12.8651,77.7129,Moderate
47964,Doddakannelli Chikkanayakana Halli Road,Jan-Mar,2028,4978.399585,8502.071605,7020.48,12.8651,77.7129,Moderate
47992,Doddakannelli Chikkanayakana Halli Road,Apr-Jun,2028,5033.243331,8595.733323,7097.82,12.8651,77.7129,Moderate
48020,Doddakannelli Chikkanayakana Halli Road,Jul-Sep,2028,5132.563413,8765.351376,7237.88,12.8651,77.7129,Moderate
48048,Doddakannelli Chikkanayakana Halli Road,Oct-Dec,2028,5353.512656,9142.686754,7549.46,12.8651,77.7129,Moderate
48076,Doddakannelli Chikkanayakana Halli Road,Jan-Mar,2029,5686.695151,9711.693196,8019.31,12.8651,77.7129,Moderate
48104,Doddakannelli Chikkanayakana Halli Road,Apr-Jun,2029,5747.864295,9816.157377,8105.57,12.8651,77.7129,Moderate
48132,Doddakannelli Chikkanayakana Halli Road,Jul-Sep,2029,5870.918798,10026.30889,8279.1,12.8651,77.7129,Moderate
48160,Doddakannelli Chikkanayakana Halli Road,Oct-Dec,2029,5978.556919,10210.13242,8430.89,12.8651,77.7129,Moderate
48188,Doddakannelli Chikkanayakana Halli Road,Jan-Mar,2030,6262.79559,10695.55299,8831.72,12.8651,77.7129,Moderate
48216,Doddakannelli Chikkanayakana Halli Road,Apr-Jun,2030,6347.167311,10839.64235,8950.7,12.8651,77.7129,Moderate
48244,Doddakannelli Chikkanayakana Halli Road,Jul-Sep,2030,6482.824743,11071.31704,9142.0025,12.8651,77.7129,Moderate
48272,Doddakannelli Chikkanayakana Halli Road,Oct-Dec,2030,6180.714343,10555.37528,8715.97,12.8651,77.7129,Moderate
48300,Double Road,Jan-Mar,2024,7872.126937,13111.08408,10491.54,12.96231255,77.5948493,Moderate
48328,Double Road,Apr-Jun,2024,7840.11782,13057.77266,10448.88,12.96231255,77.5948493,Moderate
48356,Double Road,Jul-Sep,2024,8044.11279,13397.52776,10720.75333,12.96231255,77.5948493,Moderate
48384,Double Road,Oct-Dec,2024,8221.120858,13692.33597,10956.66,12.96231255,77.5948493,Moderate
48412,Double Road,Jan-Mar,2025,8661.084901,14425.09925,11543.02,12.96231255,77.5948493,Moderate
48440,Double Road,Apr-Jun,2025,8841.854628,14726.17253,11783.94,12.96231255,77.5948493,Moderate
48468,Double Road,Jul-Sep,2025,8470.256738,14107.27357,11288.69467,12.96231255,77.5948493,Moderate
48496,Double Road,Oct-Dec,2025,6658.196543,11089.27427,8873.68,12.96231255,77.5948493,Moderate
48524,Double Road,Jan-Mar,2026,3097.84628,5159.485278,4128.64,12.96231255,77.5948493,Moderate
48552,Double Road,Apr-Jun,2026,3106.670172,5174.181533,4140.4,12.96231255,77.5948493,Moderate
48580,Double Road,Jul-Sep,2026,2879.019768,4795.028148,3837.0,12.96231255,77.5948493,Moderate
48608,Double Road,Oct-Dec,2026,2870.015797,4780.031969,3825.0,12.96231255,77.5948493,Moderate
48636,Double Road,Jan-Mar,2027,3629.740868,6045.359542,4837.52,12.96231255,77.5948493,Moderate
48664,Double Road,Apr-Jun,2027,3646.053062,6072.52762,4859.26,12.96231255,77.5948493,Moderate
48692,Double Road,Jul-Sep,2027,3494.823864,5820.654301,4657.71,12.96231255,77.5948493,Moderate
48720,Double Road,Oct-Dec,2027,3294.140354,5486.414471,4390.25,12.96231255,77.5948493,Moderate
48748,Double Road,Jan-Mar,2028,3952.008001,6582.097773,5267.02,12.96231255,77.5948493,Moderate
48776,Double Road,Apr-Jun,2028,3879.218398,6460.866164,5170.01,12.96231255,77.5948493,Moderate
48804,Double Road,Jul-Sep,2028,5008.804092,8342.19927,6675.46,12.96231255,77.5948493,Moderate
48832,Double Road,Oct-Dec,2028,4866.608878,8105.372117,6485.95,12.96231255,77.5948493,Moderate
48860,Double Road,Jan-Mar,2029,5083.829682,8467.154929,6775.45,12.96231255,77.5948493,Moderate
48888,Double Road,Apr-Jun,2029,4746.360844,7905.09815,6325.69,12.96231255,77.5948493,Moderate
48916,Double Road,Jul-Sep,2029,5360.656774,8928.212444,7144.39,12.96231255,77.5948493,Moderate
48944,Double Road,Oct-Dec,2029,5829.215928,9708.601088,7768.86,12.96231255,77.5948493,Moderate
48972,Double Road,Jan-Mar,2030,7872.126937,13111.08408,10491.54,12.96231255,77.5948493,Moderate
49000,Double Road,Apr-Jun,2030,7840.11782,13057.77266,10448.88,12.96231255,77.5948493,Moderate
49028,Double Road,Jul-Sep,2030,8044.11279,13397.52776,10720.75333,12.96231255,77.5948493,Moderate
49056,Double Road,Oct-Dec,2030,8221.120858,13692.33597,10956.66,12.96231255,77.5948493,Moderate
49084,Dr Rajkumar Road,Jan-Mar,2024,8966.199629,13481.13883,11298.11,12.99655966,77.55410167,Moderate
49112,Dr Rajkumar Road,Apr-Jun,2024,8975.437153,13495.02791,11309.75,12.99655966,77.55410167,Moderate
49140,Dr Rajkumar Road,Jul-Sep,2024,9121.451935,13714.56859,11493.74,12.99655966,77.55410167,Moderate
49168,Dr Rajkumar Road,Oct-Dec,2024,9026.35464,13571.58496,11373.91,12.99655966,77.55410167,Moderate
49196,Dr Rajkumar Road,Jan-Mar,2025,9212.563366,13851.55928,11608.5475,12.99655966,77.55410167,Moderate
49224,Dr Rajkumar Road,Apr-Jun,2025,9335.873203,14036.96191,11763.9275,12.99655966,77.55410167,Moderate
49252,Dr Rajkumar Road,Jul-Sep,2025,8718.431614,13108.60697,10985.903,12.99655966,77.55410167,Moderate
49280,Dr Rajkumar Road,Oct-Dec,2025,6548.068047,9845.354557,8251.075833,12.99655966,77.55410167,Moderate
49308,Dr Rajkumar Road,Jan-Mar,2026,7405.502469,11134.55098,9331.51,12.99655966,77.55410167,Moderate
49336,Dr Rajkumar Road,Apr-Jun,2026,7427.715382,11167.94923,9359.5,12.99655966,77.55410167,Moderate
49364,Dr Rajkumar Road,Jul-Sep,2026,7493.981126,11267.58316,9443.0,12.99655966,77.55410167,Moderate
49392,Dr Rajkumar Road,Oct-Dec,2026,7641.987848,11490.11882,9629.5,12.99655966,77.55410167,Moderate
49420,Dr Rajkumar Road,Jan-Mar,2027,7716.380074,11601.97133,9723.24,12.99655966,77.55410167,Moderate
49448,Dr Rajkumar Road,Apr-Jun,2027,7763.551761,11672.89637,9782.68,12.99655966,77.55410167,Moderate
49476,Dr Rajkumar Road,Jul-Sep,2027,7849.459148,11802.06251,9890.93,12.99655966,77.55410167,Moderate
49504,Dr Rajkumar Road,Oct-Dec,2027,7926.525812,11917.93617,9988.04,12.99655966,77.55410167,Moderate
49532,Dr Rajkumar Road,Jan-Mar,2028,7432.254783,11174.77445,9365.22,12.99655966,77.55410167,Moderate
49560,Dr Rajkumar Road,Apr-Jun,2028,7198.475586,10823.27549,9070.64,12.99655966,77.55410167,Moderate
49588,Dr Rajkumar Road,Jul-Sep,2028,8084.238284,12155.06492,10186.77,12.99655966,77.55410167,Moderate
49616,Dr Rajkumar Road,Oct-Dec,2028,7876.417799,11842.59622,9924.9,12.99655966,77.55410167,Moderate
49644,Dr Rajkumar Road,Jan-Mar,2029,8409.408656,12643.97518,10596.51,12.99655966,77.55410167,Moderate
49672,Dr Rajkumar Road,Apr-Jun,2029,8406.623114,12639.78697,10593.0,12.99655966,77.55410167,Moderate
49700,Dr Rajkumar Road,Jul-Sep,2029,8715.318315,13103.92596,10981.98,12.99655966,77.55410167,Moderate
49728,Dr Rajkumar Road,Oct-Dec,2029,8906.711244,13391.695,11223.15,12.99655966,77.55410167,Moderate
49756,Dr Rajkumar Road,Jan-Mar,2030,8966.199629,13481.13883,11298.11,12.99655966,77.55410167,Moderate
49784,Dr Rajkumar Road,Apr-Jun,2030,8975.437153,13495.02791,11309.75,12.99655966,77.55410167,Moderate
49812,Dr Rajkumar Road,Jul-Sep,2030,9121.451935,13714.56859,11493.74,12.99655966,77.55410167,Moderate
49840,Dr Rajkumar Road,Oct-Dec,2030,9026.35464,13571.58496,11373.91,12.99655966,77.55410167,Moderate
49868,ECC Road,Jan-Mar,2024,7255.512348,11751.4913,9503.633333,12.9810195,77.743212,Moderate
49896,ECC Road,Apr-Jun,2024,7454.756526,12074.1999,9764.613333,12.9810195,77.743212,Moderate
49924,ECC Road,Jul-Sep,2024,7495.463475,12140.13147,9817.933333,12.9810195,77.743212,Moderate
49952,ECC Road,Oct-Dec,2024,8101.492125,13121.69419,10611.74,12.9810195,77.743212,Moderate
49980,ECC Road,Jan-Mar,2025,8324.258079,13482.50016,10903.53,12.9810195,77.743212,Moderate
50008,ECC Road,Apr-Jun,2025,8731.510797,14142.11268,11436.97,12.9810195,77.743212,Moderate
50036,ECC Road,Jul-Sep,2025,7709.100522,12486.15168,10097.76583,12.9810195,77.743212,Moderate
50064,ECC Road,Oct-Dec,2025,5061.429168,8197.814018,6629.713333,12.9810195,77.743212,Moderate
50092,ECC Road,Jan-Mar,2026,4959.437851,8032.622365,6496.12,12.9810195,77.743212,Moderate
50120,ECC Road,Apr-Jun,2026,4964.614016,8041.006013,6502.9,12.9810195,77.743212,Moderate
50148,ECC Road,Jul-Sep,2026,5161.476242,8359.85665,6760.76,12.9810195,77.743212,Moderate
50176,ECC Road,Oct-Dec,2026,5279.619535,8551.209075,6915.51,12.9810195,77.743212,Moderate
50204,ECC Road,Jan-Mar,2027,5050.013103,8179.32383,6614.76,12.9810195,77.743212,Moderate
50232,ECC Road,Apr-Jun,2027,4987.097505,8077.421708,6532.35,12.9810195,77.743212,Moderate
50260,ECC Road,Jul-Sep,2027,5186.303511,8400.068481,6793.28,12.9810195,77.743212,Moderate
50288,ECC Road,Oct-Dec,2027,5302.02668,8587.501118,6944.86,12.9810195,77.743212,Moderate
50316,ECC Road,Jan-Mar,2028,5283.215366,8557.033113,6920.22,12.9810195,77.743212,Moderate
50344,ECC Road,Apr-Jun,2028,5266.915791,8530.633279,6898.87,12.9810195,77.743212,Moderate
50372,ECC Road,Jul-Sep,2028,6296.842829,10198.76891,8247.92,12.9810195,77.743212,Moderate
50400,ECC Road,Oct-Dec,2028,6180.669228,10010.60672,8095.75,12.9810195,77.743212,Moderate
50428,ECC Road,Jan-Mar,2029,5757.994897,9326.016371,7542.11,12.9810195,77.743212,Moderate
50456,ECC Road,Apr-Jun,2029,5961.170823,9655.09308,7808.24,12.9810195,77.743212,Moderate
50484,ECC Road,Jul-Sep,2029,6622.139602,10725.64034,8674.01,12.9810195,77.743212,Moderate
50512,ECC Road,Oct-Dec,2029,6870.992512,11128.69841,8999.97,12.9810195,77.743212,Moderate
50540,ECC Road,Jan-Mar,2030,7255.512348,11751.4913,9503.633333,12.9810195,77.743212,Moderate
50568,ECC Road,Apr-Jun,2030,7454.756526,12074.1999,9764.613333,12.9810195,77.743212,Moderate
50596,ECC Road,Jul-Sep,2030,7495.463475,12140.13147,9817.933333,12.9810195,77.743212,Moderate
50624,ECC Road,Oct-Dec,2030,8101.492125,13121.69419,10611.74,12.9810195,77.743212,Moderate
50680,Electronic City,Jan-Mar,2024,4919.211079,8552.722296,6735.94,12.8436448,77.6686835,High
50708,Electronic City,Apr-Jun,2024,4950.226631,8606.647081,6778.41,12.8436448,77.6686835,High
50736,Electronic City,Jul-Sep,2024,4134.379599,7188.185261,5661.26,12.8436448,77.6686835,High
50764,Electronic City,Oct-Dec,2024,5090.997945,8851.397294,6971.17,12.8436448,77.6686835,High
50792,Electronic City,Jan-Mar,2025,4702.715665,8176.315361,6439.49,12.8436448,77.6686835,High
50820,Electronic City,Apr-Jun,2025,4766.674742,8287.516978,6527.07,12.8436448,77.6686835,High
50848,Electronic City,Jul-Sep,2025,4142.482202,7202.272746,5672.355,12.8436448,77.6686835,High
50876,Electronic City,Oct-Dec,2025,3961.391401,6887.421582,5424.385,12.8436448,77.6686835,High
50904,Electronic City,Jan-Mar,2026,3481.972182,6053.885599,4767.91,12.8436448,77.6686835,High
50932,Electronic City,Apr-Jun,2026,3485.470286,6059.967532,4772.7,12.8436448,77.6686835,High
50960,Electronic City,Jul-Sep,2026,3473.610325,6039.347365,4756.46,12.8436448,77.6686835,High
50988,Electronic City,Oct-Dec,2026,3515.353883,6111.92426,4813.62,12.8436448,77.6686835,High
51016,Electronic City,Jan-Mar,2027,3638.656585,6326.302896,4982.46,12.8436448,77.6686835,High
51044,Electronic City,Apr-Jun,2027,3610.854323,6277.964856,4944.39,12.8436448,77.6686835,High
51072,Electronic City,Jul-Sep,2027,3553.694275,6178.584283,4866.12,12.8436448,77.6686835,High
51100,Electronic City,Oct-Dec,2027,3584.446921,6232.051971,4908.23,12.8436448,77.6686835,High
51128,Electronic City,Jan-Mar,2028,3572.083058,6210.5557,4891.3,12.8436448,77.6686835,High
51156,Electronic City,Apr-Jun,2028,3591.574583,6244.444387,4917.99,12.8436448,77.6686835,High
51184,Electronic City,Jul-Sep,2028,3715.541851,6459.978464,5087.74,12.8436448,77.6686835,High
51212,Electronic City,Oct-Dec,2028,3773.132772,6560.108168,5166.6,12.8436448,77.6686835,High
51240,Electronic City,Jan-Mar,2029,3583.490237,6230.388645,4906.92,12.8436448,77.6686835,High
51268,Electronic City,Apr-Jun,2029,3684.066215,6405.253758,5044.64,12.8436448,77.6686835,High
51296,Electronic City,Jul-Sep,2029,3713.314457,6456.105834,5084.69,12.8436448,77.6686835,High
51324,Electronic City,Oct-Dec,2029,3891.009395,6765.052824,5328.01,12.8436448,77.6686835,High
51352,Electronic City,Jan-Mar,2030,4919.211079,8552.722296,6735.94,12.8436448,77.6686835,High
51380,Electronic City,Apr-Jun,2030,4950.226631,8606.647081,6778.41,12.8436448,77.6686835,High
51408,Electronic City,Jul-Sep,2030,4134.379599,7188.185261,5661.26,12.8436448,77.6686835,High
51436,Electronic City,Oct-Dec,2030,5090.997945,8851.397294,6971.17,12.8436448,77.6686835,High
51464,GKVK Road,Jan-Mar,2024,4569.41141,8179.522057,6001.24,13.0667689,77.581052,Moderate
51492,GKVK Road,Apr-Jun,2024,4577.505211,8194.010449,6011.87,13.0667689,77.581052,Moderate
51520,GKVK Road,Jul-Sep,2024,4506.298035,8066.545308,5918.35,13.0667689,77.581052,Moderate
51548,GKVK Road,Oct-Dec,2024,5209.022207,9324.463965,6841.273333,13.0667689,77.581052,Moderate
51576,GKVK Road,Jan-Mar,2025,4993.460348,8938.595235,6558.165,13.0667689,77.581052,Moderate
51604,GKVK Road,Apr-Jun,2025,4892.60255,8758.053693,6425.703333,13.0667689,77.581052,Moderate
51632,GKVK Road,Jul-Sep,2025,4120.215661,7375.43457,5411.288417,13.0667689,77.581052,Moderate
51660,GKVK Road,Oct-Dec,2025,3978.249843,7121.307192,5224.8375,13.0667689,77.581052,Moderate
51688,GKVK Road,Jan-Mar,2026,2808.351036,5027.117759,3688.35,13.0667689,77.581052,Moderate
51716,GKVK Road,Apr-Jun,2026,2818.112328,5044.59106,3701.17,13.0667689,77.581052,Moderate
51744,GKVK Road,Jul-Sep,2026,2905.316754,5200.692242,3815.7,13.0667689,77.581052,Moderate
51772,GKVK Road,Oct-Dec,2026,2966.686498,5310.547785,3896.3,13.0667689,77.581052,Moderate
51800,GKVK Road,Jan-Mar,2027,3101.951199,5552.67976,4073.95,13.0667689,77.581052,Moderate
51828,GKVK Road,Apr-Jun,2027,3116.189589,5578.167337,4092.65,13.0667689,77.581052,Moderate
51856,GKVK Road,Jul-Sep,2027,3192.688573,5715.105133,4193.12,13.0667689,77.581052,Moderate
51884,GKVK Road,Oct-Dec,2027,3306.717516,5919.223819,4342.88,13.0667689,77.581052,Moderate
51912,GKVK Road,Jan-Mar,2028,3474.227982,6219.077658,4562.88,13.0667689,77.581052,Moderate
51940,GKVK Road,Apr-Jun,2028,3552.828461,6359.777257,4666.11,13.0667689,77.581052,Moderate
51968,GKVK Road,Jul-Sep,2028,3744.376679,6702.660122,4917.68,13.0667689,77.581052,Moderate
51996,GKVK Road,Oct-Dec,2028,3800.477457,6803.083898,4991.36,13.0667689,77.581052,Moderate
52024,GKVK Road,Jan-Mar,2029,3804.756588,6810.743801,4996.98,13.0667689,77.581052,Moderate
52052,GKVK Road,Apr-Jun,2029,3952.417064,7075.06496,5190.91,13.0667689,77.581052,Moderate
52080,GKVK Road,Jul-Sep,2029,4092.166478,7325.22484,5374.45,13.0667689,77.581052,Moderate
52108,GKVK Road,Oct-Dec,2029,4254.636402,7616.055804,5587.83,13.0667689,77.581052,Moderate
52136,GKVK Road,Jan-Mar,2030,4569.41141,8179.522057,6001.24,13.0667689,77.581052,Moderate
52164,GKVK Road,Apr-Jun,2030,4577.505211,8194.010449,6011.87,13.0667689,77.581052,Moderate
52192,GKVK Road,Jul-Sep,2030,4506.298035,8066.545308,5918.35,13.0667689,77.581052,Moderate
52220,GKVK Road,Oct-Dec,2030,5209.022207,9324.463965,6841.273333,13.0667689,77.581052,Moderate
52248,Gatthalli Road,Jan-Mar,2024,5309.908785,9170.725333,7240.22,12.8269,77.6931,Moderate
52276,Gatthalli Road,Apr-Jun,2024,5451.665841,9415.553459,7433.51,12.8269,77.6931,Moderate
52304,Gatthalli Road,Jul-Sep,2024,5651.226294,9760.213636,7705.616667,12.8269,77.6931,Moderate
52332,Gatthalli Road,Oct-Dec,2024,5581.468631,9639.735415,7610.5,12.8269,77.6931,Moderate
52360,Gatthalli Road,Jan-Mar,2025,6191.678888,10693.62747,8442.54,12.8269,77.6931,Moderate
52388,Gatthalli Road,Apr-Jun,2025,6263.961859,10818.46714,8541.1,12.8269,77.6931,Moderate
52416,Gatthalli Road,Jul-Sep,2025,6562.586259,11334.22032,8948.283333,12.8269,77.6931,Moderate
52444,Gatthalli Road,Oct-Dec,2025,4386.064068,7575.156276,5980.53,12.8269,77.6931,Moderate
52472,Gatthalli Road,Jan-Mar,2026,2705.000963,4671.797926,3688.35,12.8269,77.6931,Moderate
52500,Gatthalli Road,Apr-Jun,2026,2714.403029,4688.036203,3701.17,12.8269,77.6931,Moderate
52528,Gatthalli Road,Jul-Sep,2026,2798.398247,4833.104057,3815.7,12.8269,77.6931,Moderate
52556,Gatthalli Road,Oct-Dec,2026,2835.500473,4897.183186,3866.29,12.8269,77.6931,Moderate
52584,Gatthalli Road,Jan-Mar,2027,2987.796351,5160.212876,4073.95,12.8269,77.6931,Moderate
52612,Gatthalli Road,Apr-Jun,2027,3001.510754,5183.898974,4092.65,12.8269,77.6931,Moderate
52640,Gatthalli Road,Jul-Sep,2027,3075.194501,5311.157922,4193.12,12.8269,77.6931,Moderate
52668,Gatthalli Road,Oct-Dec,2027,3154.195328,5447.599982,4300.84,12.8269,77.6931,Moderate
52696,Gatthalli Road,Jan-Mar,2028,3346.372983,5779.509353,4562.88,12.8269,77.6931,Moderate
52724,Gatthalli Road,Apr-Jun,2028,3422.080887,5910.264216,4666.11,12.8269,77.6931,Moderate
52752,Gatthalli Road,Jul-Sep,2028,3552.13303,6134.876828,4843.44,12.8269,77.6931,Moderate
52780,Gatthalli Road,Oct-Dec,2028,3605.648537,6227.303277,4916.41,12.8269,77.6931,Moderate
52808,Gatthalli Road,Jan-Mar,2029,3664.737812,6329.356162,4996.98,12.8269,77.6931,Moderate
52836,Gatthalli Road,Apr-Jun,2029,3806.964238,6574.994936,5190.91,12.8269,77.6931,Moderate
52864,Gatthalli Road,Jul-Sep,2029,3941.570736,6807.473359,5374.45,12.8269,77.6931,Moderate
52892,Gatthalli Road,Oct-Dec,2029,4098.061607,7077.748209,5587.83,12.8269,77.6931,Moderate
52920,Gatthalli Road,Jan-Mar,2030,5309.908785,9170.725333,7240.22,12.8269,77.6931,Moderate
52948,Gatthalli Road,Apr-Jun,2030,5451.665841,9415.553459,7433.51,12.8269,77.6931,Moderate
52976,Gatthalli Road,Jul-Sep,2030,5651.226294,9760.213636,7705.616667,12.8269,77.6931,Moderate
53004,Gatthalli Road,Oct-Dec,2030,5581.468631,9639.735415,7610.5,12.8269,77.6931,Moderate
53032,Gear School Road,Jan-Mar,2024,5584.365749,8481.017138,7032.96,12.91893443,77.69704792,Low
53060,Gear School Road,Apr-Jun,2024,5757.630555,8744.155667,7251.17,12.91893443,77.69704792,Low
53088,Gear School Road,Jul-Sep,2024,5987.461902,9093.202215,7540.62,12.91893443,77.69704792,Low
53116,Gear School Road,Oct-Dec,2024,5839.923596,8869.134711,7354.81,12.91893443,77.69704792,Low
53144,Gear School Road,Jan-Mar,2025,6567.606403,9974.271915,8271.255,12.91893443,77.69704792,Low
53172,Gear School Road,Apr-Jun,2025,6677.865103,10141.72261,8410.115,12.91893443,77.69704792,Low
53200,Gear School Road,Jul-Sep,2025,7215.40453,10958.08767,9087.093095,12.91893443,77.69704792,Low
53228,Gear School Road,Oct-Dec,2025,4725.648505,7176.876974,5951.49,12.91893443,77.69704792,Low
53256,Gear School Road,Jan-Mar,2026,4063.731052,6171.618092,5117.87,12.91893443,77.69704792,Low
53284,Gear School Road,Apr-Jun,2026,3939.394239,5982.786864,4961.28,12.91893443,77.69704792,Low
53312,Gear School Road,Jul-Sep,2026,4017.526574,6101.447014,5059.68,12.91893443,77.69704792,Low
53340,Gear School Road,Oct-Dec,2026,4244.713808,6446.477929,5345.8,12.91893443,77.69704792,Low
53368,Gear School Road,Jan-Mar,2027,4228.944416,6422.528838,5325.94,12.91893443,77.69704792,Low
53396,Gear School Road,Apr-Jun,2027,3990.434346,6060.301848,5025.56,12.91893443,77.69704792,Low
53424,Gear School Road,Jul-Sep,2027,3933.566075,5973.935589,4953.94,12.91893443,77.69704792,Low
53452,Gear School Road,Oct-Dec,2027,4177.777264,6344.82091,5261.5,12.91893443,77.69704792,Low
53480,Gear School Road,Jan-Mar,2028,4180.826331,6349.45155,5265.34,12.91893443,77.69704792,Low
53508,Gear School Road,Apr-Jun,2028,4200.78025,6379.755713,5290.47,12.91893443,77.69704792,Low
53536,Gear School Road,Jul-Sep,2028,4343.101792,6595.900481,5469.71,12.91893443,77.69704792,Low
53564,Gear School Road,Oct-Dec,2028,4426.554114,6722.640133,5574.81,12.91893443,77.69704792,Low
53592,Gear School Road,Jan-Mar,2029,4419.447565,6711.847365,5565.86,12.91893443,77.69704792,Low
53620,Gear School Road,Apr-Jun,2029,4771.916505,7247.144524,6009.76,12.91893443,77.69704792,Low
53648,Gear School Road,Jul-Sep,2029,4959.354707,7531.808294,6245.82,12.91893443,77.69704792,Low
53676,Gear School Road,Oct-Dec,2029,5619.366495,8534.173026,7077.04,12.91893443,77.69704792,Low
53704,Gear School Road,Jan-Mar,2030,5584.365749,8481.017138,7032.96,12.91893443,77.69704792,Low
53732,Gear School Road,Apr-Jun,2030,5757.630555,8744.155667,7251.17,12.91893443,77.69704792,Low
53760,Gear School Road,Jul-Sep,2030,5987.461902,9093.202215,7540.62,12.91893443,77.69704792,Low
53788,Gear School Road,Oct-Dec,2030,5839.923596,8869.134711,7354.81,12.91893443,77.69704792,Low
53816,Gottigere,Jan-Mar,2024,4144.939639,7030.100974,5587.58,12.8565317,77.5877237,Moderate
53844,Gottigere,Apr-Jun,2024,4197.934761,7119.984325,5659.02,12.8565317,77.5877237,Moderate
53872,Gottigere,Jul-Sep,2024,4136.565188,7015.897333,5576.290833,12.8565317,77.5877237,Moderate
53900,Gottigere,Oct-Dec,2024,4920.972502,8346.305759,6633.71,12.8565317,77.5877237,Moderate
53928,Gottigere,Jan-Mar,2025,4493.527471,7621.329767,6057.493333,12.8565317,77.5877237,Moderate
53956,Gottigere,Apr-Jun,2025,4505.724114,7642.016107,6073.935,12.8565317,77.5877237,Moderate
53984,Gottigere,Jul-Sep,2025,4166.828634,7067.226205,5617.087429,12.8565317,77.5877237,Moderate
54012,Gottigere,Oct-Dec,2025,3668.020007,6221.212676,4944.669167,12.8565317,77.5877237,Moderate
54040,Gottigere,Jan-Mar,2026,3803.178959,6450.451498,5126.87,12.8565317,77.5877237,Moderate
54068,Gottigere,Apr-Jun,2026,3687.389363,6254.064428,4970.78,12.8565317,77.5877237,Moderate
54096,Gottigere,Jul-Sep,2026,3757.787419,6373.464344,5065.68,12.8565317,77.5877237,Moderate
54124,Gottigere,Oct-Dec,2026,3970.034963,6733.450687,5351.8,12.8565317,77.5877237,Moderate
54152,Gottigere,Jan-Mar,2027,3950.851678,6700.914525,5325.94,12.8565317,77.5877237,Moderate
54180,Gottigere,Apr-Jun,2027,3729.1386,6324.873989,5027.06,12.8565317,77.5877237,Moderate
54208,Gottigere,Jul-Sep,2027,3674.897232,6232.87692,4953.94,12.8565317,77.5877237,Moderate
54236,Gottigere,Oct-Dec,2027,3902.307433,6618.580168,5260.5,12.8565317,77.5877237,Moderate
54264,Gottigere,Jan-Mar,2028,3898.346152,6611.861563,5255.16,12.8565317,77.5877237,Moderate
54292,Gottigere,Apr-Jun,2028,3921.038212,6650.348849,5285.75,12.8565317,77.5877237,Moderate
54320,Gottigere,Jul-Sep,2028,4056.841923,6880.681226,5468.82,12.8565317,77.5877237,Moderate
54348,Gottigere,Oct-Dec,2028,4104.889153,6962.172613,5533.59,12.8565317,77.5877237,Moderate
54376,Gottigere,Jan-Mar,2029,4121.082932,6989.638368,5555.42,12.8565317,77.5877237,Moderate
54404,Gottigere,Apr-Jun,2029,4442.22121,7534.31084,5988.33,12.8565317,77.5877237,Moderate
54432,Gottigere,Jul-Sep,2029,4631.376114,7855.130488,6243.32,12.8565317,77.5877237,Moderate
54460,Gottigere,Oct-Dec,2029,5252.436817,8908.491896,7080.54,12.8565317,77.5877237,Moderate
54488,Gottigere,Jan-Mar,2030,4144.939639,7030.100974,5587.58,12.8565317,77.5877237,Moderate
54516,Gottigere,Apr-Jun,2030,4197.934761,7119.984325,5659.02,12.8565317,77.5877237,Moderate
54544,Gottigere,Jul-Sep,2030,4136.565188,7015.897333,5576.290833,12.8565317,77.5877237,Moderate
54572,Gottigere,Oct-Dec,2030,4920.972502,8346.305759,6633.71,12.8565317,77.5877237,Moderate
54600,Gubbalala,Jan-Mar,2024,4392.561842,6437.679265,5415.08,12.8856635,77.5416809,Moderate
54628,Gubbalala,Apr-Jun,2024,4565.544293,6691.200008,5628.33,12.8856635,77.5416809,Moderate
54656,Gubbalala,Jul-Sep,2024,4775.718986,6999.229196,5887.43,12.8856635,77.5416809,Moderate
54684,Gubbalala,Oct-Dec,2024,5116.3626,7498.471872,6307.37,12.8856635,77.5416809,Moderate
54712,Gubbalala,Jan-Mar,2025,5082.236589,7448.457253,6265.3,12.8856635,77.5416809,Moderate
54740,Gubbalala,Apr-Jun,2025,5171.635867,7579.479626,6375.51,12.8856635,77.5416809,Moderate
54768,Gubbalala,Jul-Sep,2025,5150.760353,7548.884754,6349.775,12.8856635,77.5416809,Moderate
54796,Gubbalala,Oct-Dec,2025,4151.631559,6084.575099,5118.065,12.8856635,77.5416809,Moderate
54824,Gubbalala,Jan-Mar,2026,4059.997502,5950.277464,5005.1,12.8856635,77.5416809,Moderate
54852,Gubbalala,Apr-Jun,2026,4079.116829,5978.298491,5028.67,12.8856635,77.5416809,Moderate
54880,Gubbalala,Jul-Sep,2026,4199.762456,6155.115091,5177.4,12.8856635,77.5416809,Moderate
54908,Gubbalala,Oct-Dec,2026,4294.637145,6294.162154,5294.36,12.8856635,77.5416809,Moderate
54936,Gubbalala,Jan-Mar,2027,4019.138763,5890.395449,4954.73,12.8856635,77.5416809,Moderate
54964,Gubbalala,Apr-Jun,2027,4020.663767,5892.630473,4956.61,12.8856635,77.5416809,Moderate
54992,Gubbalala,Jul-Sep,2027,4068.149782,5962.225335,5015.15,12.8856635,77.5416809,Moderate
55020,Gubbalala,Oct-Dec,2027,4108.083785,6020.75207,5064.38,12.8856635,77.5416809,Moderate
55048,Gubbalala,Jan-Mar,2028,3858.632139,5655.159109,4756.86,12.8856635,77.5416809,Moderate
55076,Gubbalala,Apr-Jun,2028,3926.949054,5755.283456,4841.08,12.8856635,77.5416809,Moderate
55104,Gubbalala,Jul-Sep,2028,4102.973401,6013.262359,5058.08,12.8856635,77.5416809,Moderate
55132,Gubbalala,Oct-Dec,2028,3947.560937,5785.491953,4866.49,12.8856635,77.5416809,Moderate
55160,Gubbalala,Jan-Mar,2029,4151.546386,6084.450271,5117.96,12.8856635,77.5416809,Moderate
55188,Gubbalala,Apr-Jun,2029,4173.886066,6117.191003,5145.5,12.8856635,77.5416809,Moderate
55216,Gubbalala,Jul-Sep,2029,4205.570448,6163.627206,5184.56,12.8856635,77.5416809,Moderate
55244,Gubbalala,Oct-Dec,2029,4280.912113,6274.046932,5277.44,12.8856635,77.5416809,Moderate
55272,Gubbalala,Jan-Mar,2030,4392.561842,6437.679265,5415.08,12.8856635,77.5416809,Moderate
55300,Gubbalala,Apr-Jun,2030,4565.544293,6691.200008,5628.33,12.8856635,77.5416809,Moderate
55328,Gubbalala,Jul-Sep,2030,4775.718986,6999.229196,5887.43,12.8856635,77.5416809,Moderate
55356,Gubbalala,Oct-Dec,2030,5116.3626,7498.471872,6307.37,12.8856635,77.5416809,Moderate
55384,Gubbalala Main Road,Jan-Mar,2024,4515.10175,6936.57825,5725.84,12.8886669,77.5411424,High
55412,Gubbalala Main Road,Apr-Jun,2024,4726.093635,7260.726365,5993.41,12.8886669,77.5411424,High
55440,Gubbalala Main Road,Jul-Sep,2024,4816.50859,7399.63141,6108.07,12.8886669,77.5411424,High
55468,Gubbalala Main Road,Oct-Dec,2024,5176.646512,7952.913488,6564.78,12.8886669,77.5411424,High
55496,Gubbalala Main Road,Jan-Mar,2025,5277.312596,8107.567404,6692.44,12.8886669,77.5411424,High
55524,Gubbalala Main Road,Apr-Jun,2025,5242.632239,8054.287761,6648.46,12.8886669,77.5411424,High
55552,Gubbalala Main Road,Jul-Sep,2025,5029.014488,7726.105512,6377.56,12.8886669,77.5411424,High
55580,Gubbalala Main Road,Oct-Dec,2025,4275.359391,6568.260609,5421.81,12.8886669,77.5411424,High
55608,Gubbalala Main Road,Jan-Mar,2026,3943.971942,6059.148058,5001.56,12.8886669,77.5411424,High
55636,Gubbalala Main Road,Apr-Jun,2026,3971.768272,6101.851728,5036.81,12.8886669,77.5411424,High
55664,Gubbalala Main Road,Jul-Sep,2026,4082.630286,6272.169714,5177.4,12.8886669,77.5411424,High
55692,Gubbalala Main Road,Oct-Dec,2026,4174.858903,6413.861097,5294.36,12.8886669,77.5411424,High
55720,Gubbalala Main Road,Jan-Mar,2027,3903.566724,5997.073276,4950.32,12.8886669,77.5411424,High
55748,Gubbalala Main Road,Apr-Jun,2027,3908.361098,6004.438902,4956.4,12.8886669,77.5411424,High
55776,Gubbalala Main Road,Jul-Sep,2027,3957.077616,6079.282384,5018.18,12.8886669,77.5411424,High
55804,Gubbalala Main Road,Oct-Dec,2027,3995.945165,6138.994835,5067.47,12.8886669,77.5411424,High
55832,Gubbalala Main Road,Jan-Mar,2028,3778.219077,5804.500923,4791.36,12.8886669,77.5411424,High
55860,Gubbalala Main Road,Apr-Jun,2028,3840.845588,5900.714412,4870.78,12.8886669,77.5411424,High
55888,Gubbalala Main Road,Jul-Sep,2028,4026.020399,6185.199601,5105.61,12.8886669,77.5411424,High
55916,Gubbalala Main Road,Oct-Dec,2028,3889.136289,5974.903711,4932.02,12.8886669,77.5411424,High
55944,Gubbalala Main Road,Jan-Mar,2029,4051.05681,6223.66319,5137.36,12.8886669,77.5411424,High
55972,Gubbalala Main Road,Apr-Jun,2029,4086.478402,6278.081598,5182.28,12.8886669,77.5411424,High
56000,Gubbalala Main Road,Jul-Sep,2029,4170.592856,6407.307144,5288.95,12.8886669,77.5411424,High
56028,Gubbalala Main Road,Oct-Dec,2029,4219.372458,6482.247542,5350.81,12.8886669,77.5411424,High
56056,Gubbalala Main Road,Jan-Mar,2030,4515.10175,6936.57825,5725.84,12.8886669,77.5411424,High
56084,Gubbalala Main Road,Apr-Jun,2030,4726.093635,7260.726365,5993.41,12.8886669,77.5411424,High
56112,Gubbalala Main Road,Jul-Sep,2030,4816.50859,7399.63141,6108.07,12.8886669,77.5411424,High
56140,Gubbalala Main Road,Oct-Dec,2030,5176.646512,7952.913488,6564.78,12.8886669,77.5411424,High
56168,Gunjur,Jan-Mar,2024,5495.472068,8244.387932,6869.93,12.92151888,77.73478007,Moderate
56169,Gunjur,Apr-Jun,2024,5858.248913,8788.631087,7323.44,12.92151888,77.73478007,Moderate
56170,Gunjur,Jul-Sep,2024,5387.537337,8082.462663,6735.0,12.92151888,77.73478007,Moderate
56171,Gunjur,Oct-Dec,2024,5511.662677,8268.677323,6890.17,12.92151888,77.73478007,Moderate
56172,Gunjur,Jan-Mar,2025,7184.303036,10777.99696,8981.15,12.92151888,77.73478007,Moderate
56173,Gunjur,Apr-Jun,2025,7210.484788,10817.27521,9013.88,12.92151888,77.73478007,Moderate
56174,Gunjur,Jul-Sep,2025,4425.737266,6639.556067,5532.646667,12.92151888,77.73478007,Moderate
56175,Gunjur,Oct-Dec,2025,5124.09596,7687.24404,6405.67,12.92151888,77.73478007,Moderate
56176,Gunjur,Jan-Mar,2026,3732.359478,5599.340522,4665.85,12.92151888,77.73478007,Moderate
56177,Gunjur,Apr-Jun,2026,3700.842184,5552.057816,4626.45,12.92151888,77.73478007,Moderate
56178,Gunjur,Jul-Sep,2026,3688.227268,5533.132732,4610.68,12.92151888,77.73478007,Moderate
56179,Gunjur,Oct-Dec,2026,3737.023077,5606.336923,4671.68,12.92151888,77.73478007,Moderate
56180,Gunjur,Jan-Mar,2027,3680.491932,5521.528068,4601.01,12.92151888,77.73478007,Moderate
56181,Gunjur,Apr-Jun,2027,3653.782226,5481.457774,4567.62,12.92151888,77.73478007,Moderate
56182,Gunjur,Jul-Sep,2027,3655.59807,5484.18193,4569.89,12.92151888,77.73478007,Moderate
56183,Gunjur,Oct-Dec,2027,3682.819732,5525.020268,4603.92,12.92151888,77.73478007,Moderate
56184,Gunjur,Jan-Mar,2028,3777.547597,5667.132403,4722.34,12.92151888,77.73478007,Moderate
56185,Gunjur,Apr-Jun,2028,3825.511478,5739.088522,4782.3,12.92151888,77.73478007,Moderate
56186,Gunjur,Jul-Sep,2028,4061.651199,6093.348801,5077.5,12.92151888,77.73478007,Moderate
56187,Gunjur,Oct-Dec,2028,3895.537464,5844.142536,4869.84,12.92151888,77.73478007,Moderate
56188,Gunjur,Jan-Mar,2029,4258.562289,6388.757711,5323.66,12.92151888,77.73478007,Moderate
56189,Gunjur,Apr-Jun,2029,4864.094288,7297.185712,6080.64,12.92151888,77.73478007,Moderate
56190,Gunjur,Jul-Sep,2029,5335.013847,8003.666153,6669.34,12.92151888,77.73478007,Moderate
56191,Gunjur,Oct-Dec,2029,5342.653191,8015.126809,6678.89,12.92151888,77.73478007,Moderate
56192,Gunjur,Jan-Mar,2030,5495.472068,8244.387932,6869.93,12.92151888,77.73478007,Moderate
56193,Gunjur,Apr-Jun,2030,5858.248913,8788.631087,7323.44,12.92151888,77.73478007,Moderate
56194,Gunjur,Jul-Sep,2030,5387.537337,8082.462663,6735.0,12.92151888,77.73478007,Moderate
56195,Gunjur,Oct-Dec,2030,5511.662677,8268.677323,6890.17,12.92151888,77.73478007,Moderate
56196,HAL Old Airport Road,Jan-Mar,2024,6499.9393,11520.9159,8670.95,12.95929599,77.65709999,Moderate
56224,HAL Old Airport Road,Apr-Jun,2024,6771.550024,12002.33645,9033.28,12.95929599,77.65709999,Moderate
56252,HAL Old Airport Road,Jul-Sep,2024,7307.832216,12952.87794,9748.683,12.95929599,77.65709999,Moderate
56280,HAL Old Airport Road,Oct-Dec,2024,7026.421677,12454.08757,9373.28,12.95929599,77.65709999,Moderate
56308,HAL Old Airport Road,Jan-Mar,2025,8150.265739,14446.06201,10872.49333,12.95929599,77.65709999,Moderate
56336,HAL Old Airport Road,Apr-Jun,2025,8446.98132,14971.98004,11268.31333,12.95929599,77.65709999,Moderate
56364,HAL Old Airport Road,Jul-Sep,2025,7273.348331,12891.75646,9702.681333,12.95929599,77.65709999,Moderate
56392,HAL Old Airport Road,Oct-Dec,2025,5350.55435,9483.671133,7137.665,12.95929599,77.65709999,Moderate
56420,HAL Old Airport Road,Jan-Mar,2026,5489.613074,9730.147875,7323.17,12.95929599,77.65709999,Moderate
56448,HAL Old Airport Road,Apr-Jun,2026,5582.438829,9894.678292,7447.0,12.95929599,77.65709999,Moderate
56476,HAL Old Airport Road,Jul-Sep,2026,5723.367861,10144.47009,7635.0,12.95929599,77.65709999,Moderate
56504,HAL Old Airport Road,Oct-Dec,2026,5865.046515,10395.59057,7824.0,12.95929599,77.65709999,Moderate
56532,HAL Old Airport Road,Jan-Mar,2027,6096.30506,10805.48828,8132.5,12.95929599,77.65709999,Moderate
56560,HAL Old Airport Road,Apr-Jun,2027,6167.519198,10931.71286,8227.5,12.95929599,77.65709999,Moderate
56588,HAL Old Airport Road,Jul-Sep,2027,6365.044729,11281.81998,8491.0,12.95929599,77.65709999,Moderate
56616,HAL Old Airport Road,Oct-Dec,2027,6461.746033,11453.21967,8620.0,12.95929599,77.65709999,Moderate
56644,HAL Old Airport Road,Jan-Mar,2028,6342.398633,11241.68056,8460.79,12.95929599,77.65709999,Moderate
56672,HAL Old Airport Road,Apr-Jun,2028,6633.634475,11757.88594,8849.3,12.95929599,77.65709999,Moderate
56700,HAL Old Airport Road,Jul-Sep,2028,6775.223174,12008.84698,9038.18,12.95929599,77.65709999,Moderate
56728,HAL Old Airport Road,Oct-Dec,2028,6975.942097,12364.61427,9305.94,12.95929599,77.65709999,Moderate
56756,HAL Old Airport Road,Jan-Mar,2029,7219.644375,12796.56807,9631.04,12.95929599,77.65709999,Moderate
56784,HAL Old Airport Road,Apr-Jun,2029,7566.49471,13411.3482,10093.74,12.95929599,77.65709999,Moderate
56812,HAL Old Airport Road,Jul-Sep,2029,7957.910104,14105.11835,10615.89,12.95929599,77.65709999,Moderate
56840,HAL Old Airport Road,Oct-Dec,2029,8130.330777,14410.72798,10845.9,12.95929599,77.65709999,Moderate
56868,HAL Old Airport Road,Jan-Mar,2030,6499.9393,11520.9159,8670.95,12.95929599,77.65709999,Moderate
56896,HAL Old Airport Road,Apr-Jun,2030,6771.550024,12002.33645,9033.28,12.95929599,77.65709999,Moderate
56924,HAL Old Airport Road,Jul-Sep,2030,7307.832216,12952.87794,9748.683,12.95929599,77.65709999,Moderate
56952,HAL Old Airport Road,Oct-Dec,2030,7026.421677,12454.08757,9373.28,12.95929599,77.65709999,Moderate
57008,HSR Layout,Jan-Mar,2024,7975.768327,13623.94207,10800.05,12.9116225,77.6388622,Moderate
57036,HSR Layout,Apr-Jun,2024,8291.769759,14163.7252,11227.95,12.9116225,77.6388622,Moderate
57064,HSR Layout,Jul-Sep,2024,7802.656554,13328.2383,10565.638,12.9116225,77.6388622,Moderate
57092,HSR Layout,Oct-Dec,2024,6339.133474,10828.29687,8583.87,12.9116225,77.6388622,Moderate
57120,HSR Layout,Jan-Mar,2025,8529.402246,14569.64111,11549.73,12.9116225,77.6388622,Moderate
57148,HSR Layout,Apr-Jun,2025,7944.906678,13571.22523,10758.26,12.9116225,77.6388622,Moderate
57176,HSR Layout,Jul-Sep,2025,6135.307292,10480.12777,8307.867381,12.9116225,77.6388622,Moderate
57204,HSR Layout,Oct-Dec,2025,4839.889455,8267.338125,6553.732,12.9116225,77.6388622,Moderate
57232,HSR Layout,Jan-Mar,2026,5116.055063,8739.075027,6927.69,12.9116225,77.6388622,Moderate
57260,HSR Layout,Apr-Jun,2026,5153.378532,8802.829735,6978.23,12.9116225,77.6388622,Moderate
57288,HSR Layout,Jul-Sep,2026,4816.381725,8227.183003,6521.9,12.9116225,77.6388622,Moderate
57316,HSR Layout,Oct-Dec,2026,4691.820002,8014.410811,6353.23,12.9116225,77.6388622,Moderate
57344,HSR Layout,Jan-Mar,2027,4859.694378,8301.168235,6580.55,12.9116225,77.6388622,Moderate
57372,HSR Layout,Apr-Jun,2027,4804.093191,8206.192137,6505.26,12.9116225,77.6388622,Moderate
57400,HSR Layout,Jul-Sep,2027,4571.083675,7808.173036,6189.74,12.9116225,77.6388622,Moderate
57428,HSR Layout,Oct-Dec,2027,4469.710652,7635.011011,6052.47,12.9116225,77.6388622,Moderate
57456,HSR Layout,Jan-Mar,2028,4626.441159,7902.732848,6264.7,12.9116225,77.6388622,Moderate
57484,HSR Layout,Apr-Jun,2028,4738.780813,8094.627706,6416.82,12.9116225,77.6388622,Moderate
57512,HSR Layout,Jul-Sep,2028,4781.443591,8167.502844,6474.59,12.9116225,77.6388622,Moderate
57540,HSR Layout,Oct-Dec,2028,4879.796175,8335.505456,6607.77,12.9116225,77.6388622,Moderate
57568,HSR Layout,Jan-Mar,2029,4470.744543,7636.777069,6053.87,12.9116225,77.6388622,Moderate
57596,HSR Layout,Apr-Jun,2029,4511.502008,7706.397614,6109.06,12.9116225,77.6388622,Moderate
57624,HSR Layout,Jul-Sep,2029,4631.581075,7911.512681,6271.66,12.9116225,77.6388622,Moderate
57652,HSR Layout,Oct-Dec,2029,4889.071655,8351.349522,6620.33,12.9116225,77.6388622,Moderate
57680,HSR Layout,Jan-Mar,2030,7975.768327,13623.94207,10800.05,12.9116225,77.6388622,Moderate
57708,HSR Layout,Apr-Jun,2030,8291.769759,14163.7252,11227.95,12.9116225,77.6388622,Moderate
57736,HSR Layout,Jul-Sep,2030,7802.656554,13328.2383,10565.638,12.9116225,77.6388622,Moderate
57764,HSR Layout,Oct-Dec,2030,6339.133474,10828.29687,8583.87,12.9116225,77.6388622,Moderate
57792,Hadosiddapura,Jan-Mar,2024,7771.295632,12859.07946,10315.12,12.8933812,77.70025233,Moderate
57820,Hadosiddapura,Apr-Jun,2024,7982.410235,13208.40853,10595.34,12.8933812,77.70025233,Moderate
57848,Hadosiddapura,Jul-Sep,2024,8277.16606,13696.13783,10986.58,12.8933812,77.70025233,Moderate
57876,Hadosiddapura,Oct-Dec,2024,8574.174517,14187.59453,11380.81,12.8933812,77.70025233,Moderate
57904,Hadosiddapura,Jan-Mar,2025,9375.637031,15513.76595,12444.62,12.8933812,77.70025233,Moderate
57932,Hadosiddapura,Apr-Jun,2025,9551.334827,15804.49121,12677.83,12.8933812,77.70025233,Moderate
57960,Hadosiddapura,Jul-Sep,2025,9575.28807,15844.12638,12709.624,12.8933812,77.70025233,Moderate
57988,Hadosiddapura,Oct-Dec,2025,6048.461247,10008.3239,8028.34,12.8933812,77.70025233,Moderate
58016,Hadosiddapura,Jan-Mar,2026,5199.813994,8604.076398,6901.9,12.8933812,77.70025233,Moderate
58044,Hadosiddapura,Apr-Jun,2026,5175.735689,8564.234285,6869.94,12.8933812,77.70025233,Moderate
58072,Hadosiddapura,Jul-Sep,2026,4755.427624,7868.755043,6312.05,12.8933812,77.70025233,Moderate
58100,Hadosiddapura,Oct-Dec,2026,4686.545288,7754.776181,6220.62,12.8933812,77.70025233,Moderate
58128,Hadosiddapura,Jan-Mar,2027,4975.861646,8233.504853,6604.64,12.8933812,77.70025233,Moderate
58156,Hadosiddapura,Apr-Jun,2027,4873.702128,8064.462595,6469.04,12.8933812,77.70025233,Moderate
58184,Hadosiddapura,Jul-Sep,2027,4636.618214,7672.162388,6154.35,12.8933812,77.70025233,Moderate
58212,Hadosiddapura,Oct-Dec,2027,4563.449096,7551.090234,6057.23,12.8933812,77.70025233,Moderate
58240,Hadosiddapura,Jan-Mar,2028,5115.298841,8464.230082,6789.72,12.8933812,77.70025233,Moderate
58268,Hadosiddapura,Apr-Jun,2028,5262.782228,8708.269259,6985.48,12.8933812,77.70025233,Moderate
58296,Hadosiddapura,Jul-Sep,2028,5130.68304,8489.686151,6810.14,12.8933812,77.70025233,Moderate
58324,Hadosiddapura,Oct-Dec,2028,5716.894846,9459.684535,7588.24,12.8933812,77.70025233,Moderate
58352,Hadosiddapura,Jan-Mar,2029,5490.177562,9084.537878,7287.31,12.8933812,77.70025233,Moderate
58380,Hadosiddapura,Apr-Jun,2029,5473.263984,9056.551162,7264.86,12.8933812,77.70025233,Moderate
58408,Hadosiddapura,Jul-Sep,2029,5573.396886,9222.24,7397.77,12.8933812,77.70025233,Moderate
58436,Hadosiddapura,Oct-Dec,2029,6367.536461,10536.29423,8451.86,12.8933812,77.70025233,Moderate
58464,Hadosiddapura,Jan-Mar,2030,7771.295632,12859.07946,10315.12,12.8933812,77.70025233,Moderate
58492,Hadosiddapura,Apr-Jun,2030,7982.410235,13208.40853,10595.34,12.8933812,77.70025233,Moderate
58520,Hadosiddapura,Jul-Sep,2030,8277.16606,13696.13783,10986.58,12.8933812,77.70025233,Moderate
58548,Hadosiddapura,Oct-Dec,2030,8574.174517,14187.59453,11380.81,12.8933812,77.70025233,Moderate
58576,Hagadur Main Road,Jan-Mar,2024,6607.214102,10871.09697,8738.99,12.958,77.7624,Moderate
58604,Hagadur Main Road,Apr-Jun,2024,6925.848671,11395.35837,9160.43,12.958,77.7624,Moderate
58632,Hagadur Main Road,Jul-Sep,2024,7350.29405,12093.71426,9721.82,12.958,77.7624,Moderate
58660,Hagadur Main Road,Oct-Dec,2024,8105.954862,13337.03131,10721.29,12.958,77.7624,Moderate
58688,Hagadur Main Road,Jan-Mar,2025,8388.185068,13801.39524,11094.58,12.958,77.7624,Moderate
58716,Hagadur Main Road,Apr-Jun,2025,8517.078437,14013.46833,11265.06,12.958,77.7624,Moderate
58744,Hagadur Main Road,Jul-Sep,2025,8984.367302,14782.31622,11883.11667,12.958,77.7624,Moderate
58772,Hagadur Main Road,Oct-Dec,2025,5982.692161,9843.547618,7912.97,12.958,77.7624,Moderate
58800,Hagadur Main Road,Jan-Mar,2026,6467.902205,10641.88189,8554.73,12.958,77.7624,Moderate
58828,Hagadur Main Road,Apr-Jun,2026,6379.427886,10496.31177,8437.71,12.958,77.7624,Moderate
58856,Hagadur Main Road,Jul-Sep,2026,5963.457956,9811.900859,7887.53,12.958,77.7624,Moderate
58884,Hagadur Main Road,Oct-Dec,2026,5968.591614,9820.347459,7894.32,12.958,77.7624,Moderate
58912,Hagadur Main Road,Jan-Mar,2027,6061.836682,9973.767063,8017.65,12.958,77.7624,Moderate
58940,Hagadur Main Road,Apr-Jun,2027,5933.215495,9762.141805,7847.53,12.958,77.7624,Moderate
58968,Hagadur Main Road,Jul-Sep,2027,5769.656706,9493.032399,7631.2,12.958,77.7624,Moderate
58996,Hagadur Main Road,Oct-Dec,2027,5766.277111,9487.471825,7626.73,12.958,77.7624,Moderate
59024,Hagadur Main Road,Jan-Mar,2028,5138.330211,8454.287259,6796.18,12.958,77.7624,Moderate
59052,Hagadur Main Road,Apr-Jun,2028,5283.357933,8692.906804,6988.0,12.958,77.7624,Moderate
59080,Hagadur Main Road,Jul-Sep,2028,5200.901863,8557.238742,6878.94,12.958,77.7624,Moderate
59108,Hagadur Main Road,Oct-Dec,2028,6318.081054,10395.37553,8356.57,12.958,77.7624,Moderate
59136,Hagadur Main Road,Jan-Mar,2029,5606.823735,9225.11721,7415.83,12.958,77.7624,Moderate
59164,Hagadur Main Road,Apr-Jun,2029,5595.248433,9206.071932,7400.52,12.958,77.7624,Moderate
59192,Hagadur Main Road,Jul-Sep,2029,5642.041081,9283.061629,7462.41,12.958,77.7624,Moderate
59220,Hagadur Main Road,Oct-Dec,2029,6486.576925,10672.6081,8579.43,12.958,77.7624,Moderate
59248,Hagadur Main Road,Jan-Mar,2030,6607.214102,10871.09697,8738.99,12.958,77.7624,Moderate
59276,Hagadur Main Road,Apr-Jun,2030,6925.848671,11395.35837,9160.43,12.958,77.7624,Moderate
59304,Hagadur Main Road,Jul-Sep,2030,7350.29405,12093.71426,9721.82,12.958,77.7624,Moderate
59332,Hagadur Main Road,Oct-Dec,2030,8105.954862,13337.03131,10721.29,12.958,77.7624,Moderate
59360,Halasuru,Jan-Mar,2024,9975.919542,16102.7017,13039.34,12.9778793,77.6246697,Moderate
59388,Halasuru,Apr-Jun,2024,10244.23487,16535.80479,13390.05,12.9778793,77.6246697,Moderate
59416,Halasuru,Jul-Sep,2024,10127.2414,16346.95895,13237.13,12.9778793,77.6246697,Moderate
59444,Halasuru,Oct-Dec,2024,9964.497148,16084.26416,13024.41,12.9778793,77.6246697,Moderate
59472,Halasuru,Jan-Mar,2025,10576.96086,17072.87683,13824.95,12.9778793,77.6246697,Moderate
59500,Halasuru,Apr-Jun,2025,11014.46992,17779.0852,14396.81,12.9778793,77.6246697,Moderate
59528,Halasuru,Jul-Sep,2025,10838.81306,17495.54743,14167.21217,12.9778793,77.6246697,Moderate
59556,Halasuru,Oct-Dec,2025,7073.981166,11418.51716,9246.27,12.9778793,77.6246697,Moderate
59584,Halasuru,Jan-Mar,2026,9329.953707,15060.01134,12195.01,12.9778793,77.6246697,Moderate
59612,Halasuru,Apr-Jun,2026,9250.922676,14932.44283,12091.71,12.9778793,77.6246697,Moderate
59640,Halasuru,Jul-Sep,2026,8998.023375,14524.22362,11761.15,12.9778793,77.6246697,Moderate
59668,Halasuru,Oct-Dec,2026,9019.360989,14558.66588,11789.04,12.9778793,77.6246697,Moderate
59696,Halasuru,Jan-Mar,2027,8501.85692,13723.333,11112.62,12.9778793,77.6246697,Moderate
59724,Halasuru,Apr-Jun,2027,8440.62891,13624.50137,11032.59,12.9778793,77.6246697,Moderate
59752,Halasuru,Jul-Sep,2027,8302.290178,13401.20092,10851.77,12.9778793,77.6246697,Moderate
59780,Halasuru,Oct-Dec,2027,8321.883447,13432.82753,10877.38,12.9778793,77.6246697,Moderate
59808,Halasuru,Jan-Mar,2028,7301.641031,11785.99596,9543.84,12.9778793,77.6246697,Moderate
59836,Halasuru,Apr-Jun,2028,7480.688778,12075.00716,9777.87,12.9778793,77.6246697,Moderate
59864,Halasuru,Jul-Sep,2028,7486.04422,12083.65168,9784.87,12.9778793,77.6246697,Moderate
59892,Halasuru,Oct-Dec,2028,8444.178804,13630.23146,11037.23,12.9778793,77.6246697,Moderate
59920,Halasuru,Jan-Mar,2029,9069.487931,14639.57865,11854.56,12.9778793,77.6246697,Moderate
59948,Halasuru,Apr-Jun,2029,9293.475492,15001.12976,12147.33,12.9778793,77.6246697,Moderate
59976,Halasuru,Jul-Sep,2029,9155.817666,14778.9284,11967.4,12.9778793,77.6246697,Moderate
60004,Halasuru,Oct-Dec,2029,8955.256341,14455.19091,11705.25,12.9778793,77.6246697,Moderate
60032,Halasuru,Jan-Mar,2030,9975.919542,16102.7017,13039.34,12.9778793,77.6246697,Moderate
60060,Halasuru,Apr-Jun,2030,10244.23487,16535.80479,13390.05,12.9778793,77.6246697,Moderate
60088,Halasuru,Jul-Sep,2030,10127.2414,16346.95895,13237.13,12.9778793,77.6246697,Moderate
60116,Halasuru,Oct-Dec,2030,9964.497148,16084.26416,13024.41,12.9778793,77.6246697,Moderate
60172,Haralur Main Road,Jan-Mar,2024,6995.342586,11277.91104,9136.65,12.858,77.6701,Moderate
60200,Haralur Main Road,Apr-Jun,2024,7553.092655,12177.11727,9865.13,12.858,77.6701,Moderate
60228,Haralur Main Road,Jul-Sep,2024,7578.647012,12218.31608,9898.506667,12.858,77.6701,Moderate
60256,Haralur Main Road,Oct-Dec,2024,8075.455056,13019.27141,10547.39,12.858,77.6701,Moderate
60284,Haralur Main Road,Jan-Mar,2025,8191.111938,13205.73376,10698.45,12.858,77.6701,Moderate
60312,Haralur Main Road,Apr-Jun,2025,7945.649232,12809.99809,10377.85,12.858,77.6701,Moderate
60340,Haralur Main Road,Jul-Sep,2025,6261.056775,10094.09338,8177.595833,12.858,77.6701,Moderate
60368,Haralur Main Road,Oct-Dec,2025,5448.330342,8783.813536,7116.09,12.858,77.6701,Moderate
60396,Haralur Main Road,Jan-Mar,2026,5153.606655,8308.659177,6731.15,12.858,77.6701,Moderate
60424,Haralur Main Road,Apr-Jun,2026,5157.013733,8314.152077,6735.6,12.858,77.6701,Moderate
60452,Haralur Main Road,Jul-Sep,2026,5076.997178,8185.149162,6631.09,12.858,77.6701,Moderate
60480,Haralur Main Road,Oct-Dec,2026,4995.296226,8053.430657,6524.38,12.858,77.6701,Moderate
60508,Haralur Main Road,Jan-Mar,2027,5221.158666,8417.566719,6819.38,12.858,77.6701,Moderate
60536,Haralur Main Road,Apr-Jun,2027,5229.182525,8430.502807,6829.86,12.858,77.6701,Moderate
60564,Haralur Main Road,Jul-Sep,2027,5149.043468,8301.302395,6725.19,12.858,77.6701,Moderate
60592,Haralur Main Road,Oct-Dec,2027,5135.958759,8280.20719,6708.1,12.858,77.6701,Moderate
60620,Haralur Main Road,Jan-Mar,2028,5400.049374,8705.974824,7053.03,12.858,77.6701,Moderate
60648,Haralur Main Road,Apr-Jun,2028,5429.442117,8753.361887,7091.42,12.858,77.6701,Moderate
60676,Haralur Main Road,Jul-Sep,2028,5471.230497,8820.73323,7146.0,12.858,77.6701,Moderate
60704,Haralur Main Road,Oct-Dec,2028,5774.04695,9308.934769,7541.51,12.858,77.6701,Moderate
60732,Haralur Main Road,Jan-Mar,2029,6138.77268,9896.946621,8017.88,12.858,77.6701,Moderate
60760,Haralur Main Road,Apr-Jun,2029,6058.005803,9766.734033,7912.39,12.858,77.6701,Moderate
60788,Haralur Main Road,Jul-Sep,2029,6080.515484,9803.024204,7941.79,12.858,77.6701,Moderate
60816,Haralur Main Road,Oct-Dec,2029,6057.355013,9765.684828,7911.54,12.858,77.6701,Moderate
60844,Haralur Main Road,Jan-Mar,2030,6995.342586,11277.91104,9136.65,12.858,77.6701,Moderate
60872,Haralur Main Road,Apr-Jun,2030,7553.092655,12177.11727,9865.13,12.858,77.6701,Moderate
60900,Haralur Main Road,Jul-Sep,2030,7578.647012,12218.31608,9898.506667,12.858,77.6701,Moderate
60928,Haralur Main Road,Oct-Dec,2030,8075.455056,13019.27141,10547.39,12.858,77.6701,Moderate
60956,Hebbal,Jan-Mar,2024,7957.062918,12635.48087,10296.25,13.0382184,77.5919,Moderate
60984,Hebbal,Apr-Jun,2024,8335.11083,13235.80504,10785.435,13.0382184,77.5919,Moderate
61012,Hebbal,Jul-Sep,2024,8152.78522,12946.27964,10549.51,13.0382184,77.5919,Moderate
61040,Hebbal,Oct-Dec,2024,8345.336933,13252.04366,10798.66733,13.0382184,77.5919,Moderate
61068,Hebbal,Jan-Mar,2025,9050.90066,14372.44914,11711.65,13.0382184,77.5919,Moderate
61096,Hebbal,Apr-Jun,2025,9288.567319,14749.85379,12019.185,13.0382184,77.5919,Moderate
61124,Hebbal,Jul-Sep,2025,7924.283399,12583.42837,10253.83408,13.0382184,77.5919,Moderate
61152,Hebbal,Oct-Dec,2025,5871.458347,9323.628628,7597.527333,13.0382184,77.5919,Moderate
61180,Hebbal,Jan-Mar,2026,6093.427397,9676.106133,7884.75,13.0382184,77.5919,Moderate
61208,Hebbal,Apr-Jun,2026,6074.957197,9646.776232,7860.85,13.0382184,77.5919,Moderate
61236,Hebbal,Jul-Sep,2026,6077.69295,9651.120494,7864.39,13.0382184,77.5919,Moderate
61264,Hebbal,Oct-Dec,2026,6099.679444,9686.03412,7892.84,13.0382184,77.5919,Moderate
61292,Hebbal,Jan-Mar,2027,6319.776229,10035.53855,8177.64,13.0382184,77.5919,Moderate
61320,Hebbal,Apr-Jun,2027,6339.4752,10066.81968,8203.13,13.0382184,77.5919,Moderate
61348,Hebbal,Jul-Sep,2027,6320.154907,10036.13987,8178.13,13.0382184,77.5919,Moderate
61376,Hebbal,Oct-Dec,2027,6400.426863,10163.60836,8282.0,13.0382184,77.5919,Moderate
61404,Hebbal,Jan-Mar,2028,6346.98693,10078.748,8212.85,13.0382184,77.5919,Moderate
61432,Hebbal,Apr-Jun,2028,6413.881515,10184.97378,8299.41,13.0382184,77.5919,Moderate
61460,Hebbal,Jul-Sep,2028,6528.056722,10366.2792,8447.15,13.0382184,77.5919,Moderate
61488,Hebbal,Oct-Dec,2028,6872.862138,10913.81568,8893.32,13.0382184,77.5919,Moderate
61516,Hebbal,Jan-Mar,2029,7175.572498,11394.50699,9285.02,13.0382184,77.5919,Moderate
61544,Hebbal,Apr-Jun,2029,7397.632224,11747.12848,9572.36,13.0382184,77.5919,Moderate
61572,Hebbal,Jul-Sep,2029,7576.020359,12030.40133,9803.19,13.0382184,77.5919,Moderate
61600,Hebbal,Oct-Dec,2029,7641.145205,12133.81684,9887.46,13.0382184,77.5919,Moderate
61628,Hebbal,Jan-Mar,2030,7957.062918,12635.48087,10296.25,13.0382184,77.5919,Moderate
61656,Hebbal,Apr-Jun,2030,8335.11083,13235.80504,10785.435,13.0382184,77.5919,Moderate
61684,Hebbal,Jul-Sep,2030,8152.78522,12946.27964,10549.51,13.0382184,77.5919,Moderate
61712,Hebbal,Oct-Dec,2030,8345.336933,13252.04366,10798.66733,13.0382184,77.5919,Moderate
61740,Hebbal Kempapura,Jan-Mar,2024,7014.491127,11347.38294,9180.98,13.0514799,77.59335587,High
61768,Hebbal Kempapura,Apr-Jun,2024,7210.906474,11665.12518,9438.06,13.0514799,77.59335587,High
61796,Hebbal Kempapura,Jul-Sep,2024,7045.055916,11396.82777,9220.985,13.0514799,77.59335587,High
61824,Hebbal Kempapura,Oct-Dec,2024,7182.37781,11618.9742,9400.72,13.0514799,77.59335587,High
61852,Hebbal Kempapura,Jan-Mar,2025,6582.993165,10649.34618,8616.21,13.0514799,77.59335587,High
61880,Hebbal Kempapura,Apr-Jun,2025,6783.923896,10974.39299,8879.2,13.0514799,77.59335587,High
61908,Hebbal Kempapura,Jul-Sep,2025,6188.750935,10011.57824,8100.2025,13.0514799,77.59335587,High
61936,Hebbal Kempapura,Oct-Dec,2025,5378.375271,8700.628836,7039.535,13.0514799,77.59335587,High
61964,Hebbal Kempapura,Jan-Mar,2026,6037.701436,9767.224594,7902.5,13.0514799,77.59335587,High
61992,Hebbal Kempapura,Apr-Jun,2026,6010.815423,9723.730935,7867.31,13.0514799,77.59335587,High
62020,Hebbal Kempapura,Jul-Sep,2026,5876.308959,9506.139048,7691.26,13.0514799,77.59335587,High
62048,Hebbal Kempapura,Oct-Dec,2026,5965.783836,9650.883075,7808.37,13.0514799,77.59335587,High
62076,Hebbal Kempapura,Jan-Mar,2027,6247.594171,10106.76929,8177.22,13.0514799,77.59335587,High
62104,Hebbal Kempapura,Apr-Jun,2027,6259.902601,10126.68071,8193.33,13.0514799,77.59335587,High
62132,Hebbal Kempapura,Jul-Sep,2027,6237.134679,10089.84891,8163.53,13.0514799,77.59335587,High
62160,Hebbal Kempapura,Oct-Dec,2027,6293.61135,10181.21154,8237.45,13.0514799,77.59335587,High
62188,Hebbal Kempapura,Jan-Mar,2028,6264.035972,10133.36728,8198.74,13.0514799,77.59335587,High
62216,Hebbal Kempapura,Apr-Jun,2028,6388.480238,10334.68149,8361.62,13.0514799,77.59335587,High
62244,Hebbal Kempapura,Jul-Sep,2028,6495.749239,10508.21118,8502.02,13.0514799,77.59335587,High
62272,Hebbal Kempapura,Oct-Dec,2028,6739.358363,10902.29907,8820.87,13.0514799,77.59335587,High
62300,Hebbal Kempapura,Jan-Mar,2029,6870.694127,11114.7617,8992.77,13.0514799,77.59335587,High
62328,Hebbal Kempapura,Apr-Jun,2029,7104.065327,11492.28764,9298.22,13.0514799,77.59335587,High
62356,Hebbal Kempapura,Jul-Sep,2029,7223.321868,11685.20964,9454.31,13.0514799,77.59335587,High
62384,Hebbal Kempapura,Oct-Dec,2029,7270.69901,11761.85191,9516.32,13.0514799,77.59335587,High
62412,Hebbal Kempapura,Jan-Mar,2030,7014.491127,11347.38294,9180.98,13.0514799,77.59335587,High
62440,Hebbal Kempapura,Apr-Jun,2030,7210.906474,11665.12518,9438.06,13.0514799,77.59335587,High
62468,Hebbal Kempapura,Jul-Sep,2030,7045.055916,11396.82777,9220.985,13.0514799,77.59335587,High
62496,Hebbal Kempapura,Oct-Dec,2030,7182.37781,11618.9742,9400.72,13.0514799,77.59335587,High
62552,Hennur Bande,Jan-Mar,2024,5066.117389,8531.947315,6725.226667,13.0367624,77.6409616,Moderate
62580,Hennur Bande,Apr-Jun,2024,5055.79717,8514.566833,6711.526667,13.0367624,77.6409616,Moderate
62608,Hennur Bande,Jul-Sep,2024,5433.250999,9150.244203,7212.593333,13.0367624,77.6409616,Moderate
62636,Hennur Bande,Oct-Dec,2024,6276.907512,10571.06263,8332.54,13.0367624,77.6409616,Moderate
62664,Hennur Bande,Jan-Mar,2025,5408.105824,9107.896723,7179.213333,13.0367624,77.6409616,Moderate
62692,Hennur Bande,Apr-Jun,2025,5436.46006,9155.648645,7216.853333,13.0367624,77.6409616,Moderate
62720,Hennur Bande,Jul-Sep,2025,4574.321943,7703.704992,6072.3725,13.0367624,77.6409616,Moderate
62748,Hennur Bande,Oct-Dec,2025,3062.390482,5157.431667,4065.296667,13.0367624,77.6409616,Moderate
62776,Hennur Bande,Jan-Mar,2026,2520.634256,4245.049418,3346.12,13.0367624,77.6409616,Moderate
62804,Hennur Bande,Apr-Jun,2026,2624.883528,4420.617655,3484.51,13.0367624,77.6409616,Moderate
62832,Hennur Bande,Jul-Sep,2026,2717.47924,4576.559903,3607.43,13.0367624,77.6409616,Moderate
62860,Hennur Bande,Oct-Dec,2026,2984.870827,5026.8793,3962.39,13.0367624,77.6409616,Moderate
62888,Hennur Bande,Jan-Mar,2027,2867.52919,4829.261956,3806.62,13.0367624,77.6409616,Moderate
62916,Hennur Bande,Apr-Jun,2027,2977.488481,5014.446547,3952.59,13.0367624,77.6409616,Moderate
62944,Hennur Bande,Jul-Sep,2027,2955.800956,4977.922163,3923.8,13.0367624,77.6409616,Moderate
62972,Hennur Bande,Oct-Dec,2027,3186.860854,5367.054653,4230.53,13.0367624,77.6409616,Moderate
63000,Hennur Bande,Jan-Mar,2028,3556.71639,5989.935591,4721.51,13.0367624,77.6409616,Moderate
63028,Hennur Bande,Apr-Jun,2028,3817.863115,6429.737893,5068.18,13.0367624,77.6409616,Moderate
63056,Hennur Bande,Jul-Sep,2028,3937.494785,6631.211929,5226.99,13.0367624,77.6409616,Moderate
63084,Hennur Bande,Oct-Dec,2028,4192.554841,7060.763553,5565.58,13.0367624,77.6409616,Moderate
63112,Hennur Bande,Jan-Mar,2029,3974.564709,6693.642111,5276.2,13.0367624,77.6409616,Moderate
63140,Hennur Bande,Apr-Jun,2029,4186.445573,7050.474816,5557.47,13.0367624,77.6409616,Moderate
63168,Hennur Bande,Jul-Sep,2029,4339.69705,7308.568624,5760.91,13.0367624,77.6409616,Moderate
63196,Hennur Bande,Oct-Dec,2029,4467.276042,7523.426898,5930.27,13.0367624,77.6409616,Moderate
63224,Hennur Bande,Jan-Mar,2030,5066.117389,8531.947315,6725.226667,13.0367624,77.6409616,Moderate
63252,Hennur Bande,Apr-Jun,2030,5055.79717,8514.566833,6711.526667,13.0367624,77.6409616,Moderate
63280,Hennur Bande,Jul-Sep,2030,5433.250999,9150.244203,7212.593333,13.0367624,77.6409616,Moderate
63308,Hennur Bande,Oct-Dec,2030,6276.907512,10571.06263,8332.54,13.0367624,77.6409616,Moderate
63336,Hennur Gardens,Jan-Mar,2024,5535.764983,9059.059242,7297.39,13.0376905,77.6432902,Moderate
63364,Hennur Gardens,Apr-Jun,2024,5510.71617,9018.067855,7264.37,13.0376905,77.6432902,Moderate
63392,Hennur Gardens,Jul-Sep,2024,5821.06505,9525.941455,7673.48,13.0376905,77.6432902,Moderate
63420,Hennur Gardens,Oct-Dec,2024,6030.164229,9868.123946,7949.12,13.0376905,77.6432902,Moderate
63448,Hennur Gardens,Jan-Mar,2025,6183.741826,10119.44758,8151.57,13.0376905,77.6432902,Moderate
63476,Hennur Gardens,Apr-Jun,2025,6293.829161,10299.60112,8296.69,13.0376905,77.6432902,Moderate
63504,Hennur Gardens,Jul-Sep,2025,6109.62126,9998.152217,8053.862333,13.0376905,77.6432902,Moderate
63532,Hennur Gardens,Oct-Dec,2025,3929.601494,6430.636567,5180.103333,13.0376905,77.6432902,Moderate
63560,Hennur Gardens,Jan-Mar,2026,4207.297908,6885.075705,5546.17,13.0376905,77.6432902,Moderate
63588,Hennur Gardens,Apr-Jun,2026,4319.289316,7068.345191,5693.8,13.0376905,77.6432902,Moderate
63616,Hennur Gardens,Jul-Sep,2026,4459.561153,7297.894474,5878.71,13.0376905,77.6432902,Moderate
63644,Hennur Gardens,Oct-Dec,2026,4482.554174,7335.521637,5909.02,13.0376905,77.6432902,Moderate
63672,Hennur Gardens,Jan-Mar,2027,4357.029427,7130.105381,5743.55,13.0376905,77.6432902,Moderate
63700,Hennur Gardens,Apr-Jun,2027,4458.688769,7296.466852,5877.56,13.0376905,77.6432902,Moderate
63728,Hennur Gardens,Jul-Sep,2027,4529.458115,7412.278071,5970.85,13.0376905,77.6432902,Moderate
63756,Hennur Gardens,Oct-Dec,2027,4557.806817,7458.669595,6008.22,13.0376905,77.6432902,Moderate
63784,Hennur Gardens,Jan-Mar,2028,4682.474351,7662.683057,6172.56,13.0376905,77.6432902,Moderate
63812,Hennur Gardens,Apr-Jun,2028,4774.393331,7813.104812,6293.73,13.0376905,77.6432902,Moderate
63840,Hennur Gardens,Jul-Sep,2028,4786.637057,7833.141183,6309.87,13.0376905,77.6432902,Moderate
63868,Hennur Gardens,Oct-Dec,2028,4883.228983,7991.210029,6437.2,13.0376905,77.6432902,Moderate
63896,Hennur Gardens,Jan-Mar,2029,4786.113627,7832.28461,6309.18,13.0376905,77.6432902,Moderate
63924,Hennur Gardens,Apr-Jun,2029,5054.261856,8271.098523,6662.66,13.0376905,77.6432902,Moderate
63952,Hennur Gardens,Jul-Sep,2029,5442.632251,8906.65123,7174.62,13.0376905,77.6432902,Moderate
63980,Hennur Gardens,Oct-Dec,2029,5481.305434,8969.938356,7225.6,13.0376905,77.6432902,Moderate
64008,Hennur Gardens,Jan-Mar,2030,5535.764983,9059.059242,7297.39,13.0376905,77.6432902,Moderate
64036,Hennur Gardens,Apr-Jun,2030,5510.71617,9018.067855,7264.37,13.0376905,77.6432902,Moderate
64064,Hennur Gardens,Jul-Sep,2030,5821.06505,9525.941455,7673.48,13.0376905,77.6432902,Moderate
64092,Hennur Gardens,Oct-Dec,2030,6030.164229,9868.123946,7949.12,13.0376905,77.6432902,Moderate
64120,Hennur Main Road,Jan-Mar,2024,5705.137049,9413.697727,7559.44,13.0233661,77.63115076,Moderate
64148,Hennur Main Road,Apr-Jun,2024,5645.900359,9315.954887,7480.95,13.0233661,77.63115076,Moderate
64176,Hennur Main Road,Jul-Sep,2024,5847.182341,9648.077976,7747.653333,13.0233661,77.63115076,Moderate
64204,Hennur Main Road,Oct-Dec,2024,6011.380701,9919.011648,7965.22,13.0233661,77.63115076,Moderate
64232,Hennur Main Road,Jan-Mar,2025,6200.758491,10231.49236,8216.15,13.0233661,77.63115076,Moderate
64260,Hennur Main Road,Apr-Jun,2025,6317.088514,10423.44141,8370.29,13.0233661,77.63115076,Moderate
64288,Hennur Main Road,Jul-Sep,2025,5237.905547,8642.7476,6940.347333,13.0233661,77.63115076,Moderate
64316,Hennur Main Road,Oct-Dec,2025,3928.564629,6482.28423,5205.44,13.0233661,77.63115076,Moderate
64344,Hennur Main Road,Jan-Mar,2026,4216.90671,6958.059863,5587.5,13.0233661,77.63115076,Moderate
64372,Hennur Main Road,Apr-Jun,2026,4285.44135,7071.14468,5678.31,13.0233661,77.63115076,Moderate
64400,Hennur Main Road,Jul-Sep,2026,4459.913743,7359.030905,5909.49,13.0233661,77.63115076,Moderate
64428,Hennur Main Road,Oct-Dec,2026,4490.079248,7408.80516,5949.46,13.0233661,77.63115076,Moderate
64456,Hennur Main Road,Jan-Mar,2027,4325.599132,7137.40658,5731.52,13.0233661,77.63115076,Moderate
64484,Hennur Main Road,Apr-Jun,2027,4414.820199,7284.624806,5849.74,13.0233661,77.63115076,Moderate
64512,Hennur Main Road,Jul-Sep,2027,4502.554499,7429.38981,5965.99,13.0233661,77.63115076,Moderate
64540,Hennur Main Road,Oct-Dec,2027,4531.361538,7476.922543,6004.16,13.0233661,77.63115076,Moderate
64568,Hennur Main Road,Jan-Mar,2028,4630.922045,7641.201246,6136.08,13.0233661,77.63115076,Moderate
64596,Hennur Main Road,Apr-Jun,2028,4750.323712,7838.218633,6294.29,13.0233661,77.63115076,Moderate
64624,Hennur Main Road,Jul-Sep,2028,4773.440285,7876.361877,6324.92,13.0233661,77.63115076,Moderate
64652,Hennur Main Road,Oct-Dec,2028,4840.888151,7987.653476,6414.29,13.0233661,77.63115076,Moderate
64680,Hennur Main Road,Jan-Mar,2029,4791.372044,7905.949976,6348.68,13.0233661,77.63115076,Moderate
64708,Hennur Main Road,Apr-Jun,2029,5075.978342,8375.561422,6725.79,13.0233661,77.63115076,Moderate
64736,Hennur Main Road,Jul-Sep,2029,5374.071194,8867.426207,7120.77,13.0233661,77.63115076,Moderate
64764,Hennur Main Road,Oct-Dec,2029,5437.964406,8972.852488,7205.43,13.0233661,77.63115076,Moderate
64792,Hennur Main Road,Jan-Mar,2030,5705.137049,9413.697727,7559.44,13.0233661,77.63115076,Moderate
64820,Hennur Main Road,Apr-Jun,2030,5645.900359,9315.954887,7480.95,13.0233661,77.63115076,Moderate
64848,Hennur Main Road,Jul-Sep,2030,5847.182341,9648.077976,7747.653333,13.0233661,77.63115076,Moderate
64876,Hennur Main Road,Oct-Dec,2030,6011.380701,9919.011648,7965.22,13.0233661,77.63115076,Moderate
64904,Hesarghatta Road,Jan-Mar,2024,6113.936696,9571.999825,7843.05,13.0852317,77.5485386,Moderate
64932,Hesarghatta Road,Apr-Jun,2024,6049.999186,9471.899045,7761.03,13.0852317,77.5485386,Moderate
64960,Hesarghatta Road,Jul-Sep,2024,6426.951422,10062.05673,8244.59,13.0852317,77.5485386,Moderate
64988,Hesarghatta Road,Oct-Dec,2024,6469.669973,10128.93704,8299.39,13.0852317,77.5485386,Moderate
65016,Hesarghatta Road,Jan-Mar,2025,6970.205885,10912.57774,8941.485,13.0852317,77.5485386,Moderate
65044,Hesarghatta Road,Apr-Jun,2025,7158.487118,11207.35147,9183.015,13.0852317,77.5485386,Moderate
65072,Hesarghatta Road,Jul-Sep,2025,5678.423148,8890.158351,7284.366667,13.0852317,77.5485386,Moderate
65100,Hesarghatta Road,Oct-Dec,2025,4061.848203,6359.243188,5210.6,13.0852317,77.5485386,Moderate
65128,Hesarghatta Road,Jan-Mar,2026,3660.73816,5731.263957,4696.05,13.0852317,77.5485386,Moderate
65156,Hesarghatta Road,Apr-Jun,2026,3723.91952,5830.180907,4777.1,13.0852317,77.5485386,Moderate
65184,Hesarghatta Road,Jul-Sep,2026,3788.387114,5931.111589,4859.8,13.0852317,77.5485386,Moderate
65212,Hesarghatta Road,Oct-Dec,2026,3917.91475,6133.90049,5025.96,13.0852317,77.5485386,Moderate
65240,Hesarghatta Road,Jan-Mar,2027,4239.761614,6637.785021,5438.83,13.0852317,77.5485386,Moderate
65268,Hesarghatta Road,Apr-Jun,2027,4295.755656,6725.449481,5510.66,13.0852317,77.5485386,Moderate
65296,Hesarghatta Road,Jul-Sep,2027,4420.418989,6920.622815,5670.58,13.0852317,77.5485386,Moderate
65324,Hesarghatta Road,Oct-Dec,2027,4506.736966,7055.76253,5781.31,13.0852317,77.5485386,Moderate
65352,Hesarghatta Road,Jan-Mar,2028,4715.465419,7382.548496,6049.07,13.0852317,77.5485386,Moderate
65380,Hesarghatta Road,Apr-Jun,2028,4868.028331,7621.401504,6244.78,13.0852317,77.5485386,Moderate
65408,Hesarghatta Road,Jul-Sep,2028,4925.721761,7711.726532,6318.79,13.0852317,77.5485386,Moderate
65436,Hesarghatta Road,Oct-Dec,2028,4991.600315,7814.866216,6403.3,13.0852317,77.5485386,Moderate
65464,Hesarghatta Road,Jan-Mar,2029,4601.918263,7204.778688,5903.41,13.0852317,77.5485386,Moderate
65492,Hesarghatta Road,Apr-Jun,2029,5059.568024,7921.27669,6490.49,13.0852317,77.5485386,Moderate
65520,Hesarghatta Road,Jul-Sep,2029,5436.761915,8511.812713,6974.36,13.0852317,77.5485386,Moderate
65548,Hesarghatta Road,Oct-Dec,2029,5577.966994,8732.883859,7155.5,13.0852317,77.5485386,Moderate
65576,Hesarghatta Road,Jan-Mar,2030,6113.936696,9571.999825,7843.05,13.0852317,77.5485386,Moderate
65604,Hesarghatta Road,Apr-Jun,2030,6049.999186,9471.899045,7761.03,13.0852317,77.5485386,Moderate
65632,Hesarghatta Road,Jul-Sep,2030,6426.951422,10062.05673,8244.59,13.0852317,77.5485386,Moderate
65660,Hesarghatta Road,Oct-Dec,2030,6469.669973,10128.93704,8299.39,13.0852317,77.5485386,Moderate
65688,Holiday Village Road,Jan-Mar,2024,6427.49376,9223.353681,7825.4,12.86719793,77.54375215,Moderate
65716,Holiday Village Road,Apr-Jun,2024,6368.314558,9138.432446,7753.35,12.86719793,77.54375215,Moderate
65744,Holiday Village Road,Jul-Sep,2024,6784.030996,9734.979076,8259.48,12.86719793,77.54375215,Moderate
65772,Holiday Village Road,Oct-Dec,2024,6891.547409,9889.263458,8390.38,12.86719793,77.54375215,Moderate
65800,Holiday Village Road,Jan-Mar,2025,7443.626527,10681.48841,9062.53,12.86719793,77.54375215,Moderate
65828,Holiday Village Road,Apr-Jun,2025,7634.683767,10955.65258,9295.14,12.86719793,77.54375215,Moderate
65856,Holiday Village Road,Jul-Sep,2025,7155.033256,10267.36156,8711.171,12.86719793,77.54375215,Moderate
65884,Holiday Village Road,Oct-Dec,2025,4066.43663,5835.273384,4950.84,12.86719793,77.54375215,Moderate
65912,Holiday Village Road,Jan-Mar,2026,3774.598155,5416.489706,4595.53,12.86719793,77.54375215,Moderate
65940,Holiday Village Road,Apr-Jun,2026,3889.211143,5580.957563,4735.07,12.86719793,77.54375215,Moderate
65968,Holiday Village Road,Jul-Sep,2026,4016.004944,5762.904698,4889.44,12.86719793,77.54375215,Moderate
65996,Holiday Village Road,Oct-Dec,2026,4179.60402,5997.66683,5088.62,12.86719793,77.54375215,Moderate
66024,Holiday Village Road,Jan-Mar,2027,4479.278298,6427.694763,5453.47,12.86719793,77.54375215,Moderate
66052,Holiday Village Road,Apr-Jun,2027,4543.853855,6520.359684,5532.09,12.86719793,77.54375215,Moderate
66080,Holiday Village Road,Jul-Sep,2027,4663.107544,6691.486875,5677.28,12.86719793,77.54375215,Moderate
66108,Holiday Village Road,Oct-Dec,2027,4744.381409,6808.113609,5776.23,12.86719793,77.54375215,Moderate
66136,Holiday Village Road,Jan-Mar,2028,5066.536392,7270.401004,6168.45,12.86719793,77.54375215,Moderate
66164,Holiday Village Road,Apr-Jun,2028,5217.921801,7487.636713,6352.76,12.86719793,77.54375215,Moderate
66192,Holiday Village Road,Jul-Sep,2028,5277.897724,7573.701232,6425.78,12.86719793,77.54375215,Moderate
66220,Holiday Village Road,Oct-Dec,2028,5406.186406,7757.793497,6581.97,12.86719793,77.54375215,Moderate
66248,Holiday Village Road,Jan-Mar,2029,5391.0569,7736.082891,6563.55,12.86719793,77.54375215,Moderate
66276,Holiday Village Road,Apr-Jun,2029,5722.353653,8211.488584,6966.9,12.86719793,77.54375215,Moderate
66304,Holiday Village Road,Jul-Sep,2029,5933.517858,8514.505937,7223.99,12.86719793,77.54375215,Moderate
66332,Holiday Village Road,Oct-Dec,2029,6083.728717,8730.056187,7406.87,12.86719793,77.54375215,Moderate
66360,Holiday Village Road,Jan-Mar,2030,6427.49376,9223.353681,7825.4,12.86719793,77.54375215,Moderate
66388,Holiday Village Road,Apr-Jun,2030,6368.314558,9138.432446,7753.35,12.86719793,77.54375215,Moderate
66416,Holiday Village Road,Jul-Sep,2030,6784.030996,9734.979076,8259.48,12.86719793,77.54375215,Moderate
66444,Holiday Village Road,Oct-Dec,2030,6891.547409,9889.263458,8390.38,12.86719793,77.54375215,Moderate
66472,Hoodi,Jan-Mar,2024,5162.850963,8712.229037,6937.54,12.9959233,77.7192796,High
66500,Hoodi,Apr-Jun,2024,5111.3381,8625.3019,6868.32,12.9959233,77.7192796,High
66528,Hoodi,Jul-Sep,2024,5383.686996,9084.886338,7234.286667,12.9959233,77.7192796,High
66556,Hoodi,Oct-Dec,2024,5540.185284,9348.974716,7444.58,12.9959233,77.7192796,High
66584,Hoodi,Jan-Mar,2025,6099.94425,10293.55908,8196.751667,12.9959233,77.7192796,High
66612,Hoodi,Apr-Jun,2025,6181.931711,10431.91162,8306.921667,12.9959233,77.7192796,High
66640,Hoodi,Jul-Sep,2025,5569.374418,9398.230915,7483.802667,12.9959233,77.7192796,High
66668,Hoodi,Oct-Dec,2025,4229.189633,7136.690367,5682.94,12.9959233,77.7192796,High
66696,Hoodi,Jan-Mar,2026,4454.76864,7517.35136,5986.06,12.9959233,77.7192796,High
66724,Hoodi,Apr-Jun,2026,4457.834705,7522.525295,5990.18,12.9959233,77.7192796,High
66752,Hoodi,Jul-Sep,2026,4571.360957,7714.099043,6142.73,12.9959233,77.7192796,High
66780,Hoodi,Oct-Dec,2026,4562.296717,7698.803283,6130.55,12.9959233,77.7192796,High
66808,Hoodi,Jan-Mar,2027,4661.56428,7866.31572,6263.94,12.9959233,77.7192796,High
66836,Hoodi,Apr-Jun,2027,4727.573973,7977.706027,6352.64,12.9959233,77.7192796,High
66864,Hoodi,Jul-Sep,2027,4590.87363,7747.02637,6168.95,12.9959233,77.7192796,High
66892,Hoodi,Oct-Dec,2027,4632.741785,7817.678215,6225.21,12.9959233,77.7192796,High
66920,Hoodi,Jan-Mar,2028,4675.294594,7889.485406,6282.39,12.9959233,77.7192796,High
66948,Hoodi,Apr-Jun,2028,4664.198715,7870.761285,6267.48,12.9959233,77.7192796,High
66976,Hoodi,Jul-Sep,2028,4544.689171,7669.090829,6106.89,12.9959233,77.7192796,High
67004,Hoodi,Oct-Dec,2028,4487.803254,7573.096746,6030.45,12.9959233,77.7192796,High
67032,Hoodi,Jan-Mar,2029,4532.811892,7649.048108,6090.93,12.9959233,77.7192796,High
67060,Hoodi,Apr-Jun,2029,4508.930821,7608.749179,6058.84,12.9959233,77.7192796,High
67088,Hoodi,Jul-Sep,2029,4465.179865,7534.920135,6000.05,12.9959233,77.7192796,High
67116,Hoodi,Oct-Dec,2029,4447.862553,7505.697447,5976.78,12.9959233,77.7192796,High
67144,Hoodi,Jan-Mar,2030,5162.850963,8712.229037,6937.54,12.9959233,77.7192796,High
67172,Hoodi,Apr-Jun,2030,5111.3381,8625.3019,6868.32,12.9959233,77.7192796,High
67200,Hoodi,Jul-Sep,2030,5383.686996,9084.886338,7234.286667,12.9959233,77.7192796,High
67228,Hoodi,Oct-Dec,2030,5540.185284,9348.974716,7444.58,12.9959233,77.7192796,High
67284,Horamavu,Jan-Mar,2024,4007.244025,6294.412587,5150.89,13.0273312,77.6601508,Moderate
67312,Horamavu,Apr-Jun,2024,4025.238499,6322.677559,5174.02,13.0273312,77.6601508,Moderate
67340,Horamavu,Jul-Sep,2024,4077.453332,6404.694452,5241.136667,13.0273312,77.6601508,Moderate
67368,Horamavu,Oct-Dec,2024,4312.885566,6774.501634,5543.76,13.0273312,77.6601508,Moderate
67396,Horamavu,Jan-Mar,2025,4287.251416,6734.236574,5510.81,13.0273312,77.6601508,Moderate
67424,Horamavu,Apr-Jun,2025,4420.074437,6942.869463,5681.54,13.0273312,77.6601508,Moderate
67452,Horamavu,Jul-Sep,2025,4118.78331,6469.613867,5294.262,13.0273312,77.6601508,Moderate
67480,Horamavu,Oct-Dec,2025,4089.811145,6424.105591,5257.021333,13.0273312,77.6601508,Moderate
67508,Horamavu,Jan-Mar,2026,3644.553856,5724.713923,4684.69,13.0273312,77.6601508,Moderate
67536,Horamavu,Apr-Jun,2026,3764.112468,5912.511629,4838.37,13.0273312,77.6601508,Moderate
67564,Horamavu,Jul-Sep,2026,3917.108283,6152.831104,5035.03,13.0273312,77.6601508,Moderate
67592,Horamavu,Oct-Dec,2026,3945.729843,6197.788663,5071.82,13.0273312,77.6601508,Moderate
67620,Horamavu,Jan-Mar,2027,3718.087693,5840.217822,4779.21,13.0273312,77.6601508,Moderate
67648,Horamavu,Apr-Jun,2027,3748.467468,5887.937112,4818.26,13.0273312,77.6601508,Moderate
67676,Horamavu,Jul-Sep,2027,3843.173791,6036.697873,4939.995,13.0273312,77.6601508,Moderate
67704,Horamavu,Oct-Dec,2027,3911.536064,6144.078494,5027.8675,13.0273312,77.6601508,Moderate
67732,Horamavu,Jan-Mar,2028,3690.33746,5796.628909,4743.54,13.0273312,77.6601508,Moderate
67760,Horamavu,Apr-Jun,2028,3718.935681,5841.549808,4780.3,13.0273312,77.6601508,Moderate
67788,Horamavu,Jul-Sep,2028,3755.500327,5898.984036,4827.3,13.0273312,77.6601508,Moderate
67816,Horamavu,Oct-Dec,2028,3733.433175,5864.321868,4798.935,13.0273312,77.6601508,Moderate
67844,Horamavu,Jan-Mar,2029,3823.19938,6005.322898,4914.32,13.0273312,77.6601508,Moderate
67872,Horamavu,Apr-Jun,2029,3832.239406,6019.522595,4925.94,13.0273312,77.6601508,Moderate
67900,Horamavu,Jul-Sep,2029,3837.093946,6027.147905,4932.18,13.0273312,77.6601508,Moderate
67928,Horamavu,Oct-Dec,2029,3896.65542,6120.704597,5008.74,13.0273312,77.6601508,Moderate
67956,Horamavu,Jan-Mar,2030,4007.244025,6294.412587,5150.89,13.0273312,77.6601508,Moderate
67984,Horamavu,Apr-Jun,2030,4025.238499,6322.677559,5174.02,13.0273312,77.6601508,Moderate
68012,Horamavu,Jul-Sep,2030,4077.453332,6404.694452,5241.136667,13.0273312,77.6601508,Moderate
68040,Horamavu,Oct-Dec,2030,4312.885566,6774.501634,5543.76,13.0273312,77.6601508,Moderate
68068,Horamavu Agara,Jan-Mar,2024,3479.571778,5712.840748,4630.97,13.037817,77.6504617,Moderate
68096,Horamavu Agara,Apr-Jun,2024,3460.0587,5680.803729,4605.0,13.037817,77.6504617,Moderate
68124,Horamavu Agara,Jul-Sep,2024,3484.934681,5721.645686,4638.1075,13.037817,77.6504617,Moderate
68152,Horamavu Agara,Oct-Dec,2024,3538.96006,5810.345792,4710.01,13.037817,77.6504617,Moderate
68180,Horamavu Agara,Jan-Mar,2025,3591.948549,5897.343508,4780.5325,13.037817,77.6504617,Moderate
68208,Horamavu Agara,Apr-Jun,2025,3808.290504,6252.538691,5068.4625,13.037817,77.6504617,Moderate
68236,Horamavu Agara,Jul-Sep,2025,3595.53058,5903.224569,4785.299833,13.037817,77.6504617,Moderate
68264,Horamavu Agara,Oct-Dec,2025,3394.477126,5573.130396,4517.717333,13.037817,77.6504617,Moderate
68292,Horamavu Agara,Jan-Mar,2026,3338.742505,5481.624018,4443.54,13.037817,77.6504617,Moderate
68320,Horamavu Agara,Apr-Jun,2026,3556.023672,5838.361222,4732.72,13.037817,77.6504617,Moderate
68348,Horamavu Agara,Jul-Sep,2026,3605.6742,5919.878596,4798.8,13.037817,77.6504617,Moderate
68376,Horamavu Agara,Oct-Dec,2026,3319.620139,5450.228479,4418.09,13.037817,77.6504617,Moderate
68404,Horamavu Agara,Jan-Mar,2027,3297.801858,5414.406725,4389.052,13.037817,77.6504617,Moderate
68432,Horamavu Agara,Apr-Jun,2027,3473.628442,5703.082842,4623.06,13.037817,77.6504617,Moderate
68460,Horamavu Agara,Jul-Sep,2027,3492.880419,5734.69118,4648.6825,13.037817,77.6504617,Moderate
68488,Horamavu Agara,Oct-Dec,2027,3301.637978,5420.704954,4394.1575,13.037817,77.6504617,Moderate
68516,Horamavu Agara,Jan-Mar,2028,3238.464669,5316.985567,4310.08,13.037817,77.6504617,Moderate
68544,Horamavu Agara,Apr-Jun,2028,3252.041925,5339.277016,4328.15,13.037817,77.6504617,Moderate
68572,Horamavu Agara,Jul-Sep,2028,3258.841823,5350.441245,4337.2,13.037817,77.6504617,Moderate
68600,Horamavu Agara,Oct-Dec,2028,3296.090989,5411.59778,4386.775,13.037817,77.6504617,Moderate
68628,Horamavu Agara,Jan-Mar,2029,3299.010061,5416.39038,4390.66,13.037817,77.6504617,Moderate
68656,Horamavu Agara,Apr-Jun,2029,3322.445291,5454.866877,4421.85,13.037817,77.6504617,Moderate
68684,Horamavu Agara,Jul-Sep,2029,3353.529466,5505.90159,4463.22,13.037817,77.6504617,Moderate
68712,Horamavu Agara,Oct-Dec,2029,3438.501896,5645.411273,4576.31,13.037817,77.6504617,Moderate
68740,Horamavu Agara,Jan-Mar,2030,3479.571778,5712.840748,4630.97,13.037817,77.6504617,Moderate
68768,Horamavu Agara,Apr-Jun,2030,3460.0587,5680.803729,4605.0,13.037817,77.6504617,Moderate
68796,Horamavu Agara,Jul-Sep,2030,3484.934681,5721.645686,4638.1075,13.037817,77.6504617,Moderate
68824,Horamavu Agara,Oct-Dec,2030,3538.96006,5810.345792,4710.01,13.037817,77.6504617,Moderate
68880,Horamavu Main Road,Jan-Mar,2024,3990.036549,6140.569198,5065.91,13.03127806,77.66946545,Moderate
68908,Horamavu Main Road,Apr-Jun,2024,4002.520402,6159.781545,5081.76,13.03127806,77.66946545,Moderate
68936,Horamavu Main Road,Jul-Sep,2024,3930.100267,6048.328719,4989.8125,13.03127806,77.66946545,Moderate
68964,Horamavu Main Road,Oct-Dec,2024,4148.673905,6384.708231,5267.322333,13.03127806,77.66946545,Moderate
68992,Horamavu Main Road,Jan-Mar,2025,4297.06295,6613.075362,5455.723,13.03127806,77.66946545,Moderate
69020,Horamavu Main Road,Apr-Jun,2025,4445.523931,6841.553201,5644.215,13.03127806,77.66946545,Moderate
69048,Horamavu Main Road,Jul-Sep,2025,3580.136854,5509.743538,4545.484952,13.03127806,77.66946545,Moderate
69076,Horamavu Main Road,Oct-Dec,2025,2867.702658,4413.324639,3640.95,13.03127806,77.66946545,Moderate
69104,Horamavu Main Road,Jan-Mar,2026,2919.304687,4492.738906,3706.466,13.03127806,77.66946545,Moderate
69132,Horamavu Main Road,Apr-Jun,2026,2958.374029,4552.865674,3756.07,13.03127806,77.66946545,Moderate
69160,Horamavu Main Road,Jul-Sep,2026,3031.746534,4665.784174,3849.226667,13.03127806,77.66946545,Moderate
69188,Horamavu Main Road,Oct-Dec,2026,3137.30664,4828.23861,3983.25,13.03127806,77.66946545,Moderate
69216,Horamavu Main Road,Jan-Mar,2027,3313.257435,5099.022603,4206.644167,13.03127806,77.66946545,Moderate
69244,Horamavu Main Road,Apr-Jun,2027,3296.381916,5073.051591,4185.218333,13.03127806,77.66946545,Moderate
69272,Horamavu Main Road,Jul-Sep,2027,3269.346694,5031.445041,4150.893333,13.03127806,77.66946545,Moderate
69300,Horamavu Main Road,Oct-Dec,2027,3374.900237,5193.889376,4284.908333,13.03127806,77.66946545,Moderate
69328,Horamavu Main Road,Jan-Mar,2028,3400.68051,5233.56459,4317.64,13.03127806,77.66946545,Moderate
69356,Horamavu Main Road,Apr-Jun,2028,3483.534705,5361.075181,4422.835,13.03127806,77.66946545,Moderate
69384,Horamavu Main Road,Jul-Sep,2028,3496.022497,5380.293589,4438.69,13.03127806,77.66946545,Moderate
69412,Horamavu Main Road,Oct-Dec,2028,3554.200406,5469.827975,4512.555,13.03127806,77.66946545,Moderate
69440,Horamavu Main Road,Jan-Mar,2029,3669.376099,5647.080565,4658.786667,13.03127806,77.66946545,Moderate
69468,Horamavu Main Road,Apr-Jun,2029,3736.145682,5749.837329,4743.56,13.03127806,77.66946545,Moderate
69496,Horamavu Main Road,Jul-Sep,2029,3787.727232,5829.220081,4809.05,13.03127806,77.66946545,Moderate
69524,Horamavu Main Road,Oct-Dec,2029,3853.304877,5930.14248,4892.31,13.03127806,77.66946545,Moderate
69552,Horamavu Main Road,Jan-Mar,2030,3990.036549,6140.569198,5065.91,13.03127806,77.66946545,Moderate
69580,Horamavu Main Road,Apr-Jun,2030,4002.520402,6159.781545,5081.76,13.03127806,77.66946545,Moderate
69608,Horamavu Main Road,Jul-Sep,2030,3930.100267,6048.328719,4989.8125,13.03127806,77.66946545,Moderate
69636,Horamavu Main Road,Oct-Dec,2030,4148.673905,6384.708231,5267.322333,13.03127806,77.66946545,Moderate
69664,Hormavu Agara,Jan-Mar,2024,4051.864249,6051.705203,5062.16,13.0169,77.6519,Moderate
69692,Hormavu Agara,Apr-Jun,2024,4121.74109,6156.070507,5149.46,13.0169,77.6519,Moderate
69720,Hormavu Agara,Jul-Sep,2024,4094.848245,6115.90441,5115.861667,13.0169,77.6519,Moderate
69748,Hormavu Agara,Oct-Dec,2024,4122.621688,6157.385733,5150.560167,13.0169,77.6519,Moderate
69776,Hormavu Agara,Jan-Mar,2025,4311.319441,6439.217281,5386.308,13.0169,77.6519,Moderate
69804,Hormavu Agara,Apr-Jun,2025,4545.506911,6788.990482,5678.888,13.0169,77.6519,Moderate
69832,Hormavu Agara,Jul-Sep,2025,3642.312056,5440.014143,4550.489667,13.0169,77.6519,Moderate
69860,Hormavu Agara,Oct-Dec,2025,2890.595998,4317.280582,3611.34,13.0169,77.6519,Moderate
69888,Hormavu Agara,Jan-Mar,2026,2844.442331,4248.347279,3553.678333,13.0169,77.6519,Moderate
69916,Hormavu Agara,Apr-Jun,2026,2919.376239,4360.265618,3647.296333,13.0169,77.6519,Moderate
69944,Hormavu Agara,Jul-Sep,2026,3090.473379,4615.809582,3861.055,13.0169,77.6519,Moderate
69972,Hormavu Agara,Oct-Dec,2026,3544.353343,5293.706859,4428.105833,13.0169,77.6519,Moderate
70000,Hormavu Agara,Jan-Mar,2027,3451.448494,5154.947828,4312.036,13.0169,77.6519,Moderate
70028,Hormavu Agara,Apr-Jun,2027,3602.940498,5381.210332,4501.301167,13.0169,77.6519,Moderate
70056,Hormavu Agara,Jul-Sep,2027,3601.965584,5379.754238,4500.083167,13.0169,77.6519,Moderate
70084,Hormavu Agara,Oct-Dec,2027,3905.907297,5833.709635,4879.81,13.0169,77.6519,Moderate
70112,Hormavu Agara,Jan-Mar,2028,3457.720068,5164.314803,4319.871333,13.0169,77.6519,Moderate
70140,Hormavu Agara,Apr-Jun,2028,3622.769086,5410.825531,4526.073833,13.0169,77.6519,Moderate
70168,Hormavu Agara,Jul-Sep,2028,3647.928484,5448.402619,4557.5065,13.0169,77.6519,Moderate
70196,Hormavu Agara,Oct-Dec,2028,3738.956476,5584.358451,4671.2315,13.0169,77.6519,Moderate
70224,Hormavu Agara,Jan-Mar,2029,3759.88391,5615.614843,4697.377,13.0169,77.6519,Moderate
70252,Hormavu Agara,Apr-Jun,2029,3831.336781,5722.334044,4786.646,13.0169,77.6519,Moderate
70280,Hormavu Agara,Jul-Sep,2029,3846.648854,5745.203554,4805.776,13.0169,77.6519,Moderate
70308,Hormavu Agara,Oct-Dec,2029,3871.529172,5782.363819,4836.86,13.0169,77.6519,Moderate
70336,Hormavu Agara,Jan-Mar,2030,4051.864249,6051.705203,5062.16,13.0169,77.6519,Moderate
70364,Hormavu Agara,Apr-Jun,2030,4121.74109,6156.070507,5149.46,13.0169,77.6519,Moderate
70392,Hormavu Agara,Jul-Sep,2030,4094.848245,6115.90441,5115.861667,13.0169,77.6519,Moderate
70420,Hormavu Agara,Oct-Dec,2030,4122.621688,6157.385733,5150.560167,13.0169,77.6519,Moderate
70448,Hosa Road,Jan-Mar,2024,4084.441324,6752.216232,5418.27,12.8816077,77.64481805,Moderate
70476,Hosa Road,Apr-Jun,2024,4256.276319,7036.286182,5646.22,12.8816077,77.64481805,Moderate
70504,Hosa Road,Jul-Sep,2024,4264.926491,7050.58626,5657.695,12.8816077,77.64481805,Moderate
70532,Hosa Road,Oct-Dec,2024,4215.858597,6969.469408,5592.603333,12.8816077,77.64481805,Moderate
70560,Hosa Road,Jan-Mar,2025,4670.291991,7720.718426,6195.438,12.8816077,77.64481805,Moderate
70588,Hosa Road,Apr-Jun,2025,4790.240029,7919.011174,6354.556667,12.8816077,77.64481805,Moderate
70616,Hosa Road,Jul-Sep,2025,4384.468718,7248.208139,5816.275333,12.8816077,77.64481805,Moderate
70644,Hosa Road,Oct-Dec,2025,3583.549034,5924.163439,4753.804667,12.8816077,77.64481805,Moderate
70672,Hosa Road,Jan-Mar,2026,3757.536459,6211.791689,4984.61,12.8816077,77.64481805,Moderate
70700,Hosa Road,Apr-Jun,2026,3802.577656,6286.251787,5044.36,12.8816077,77.64481805,Moderate
70728,Hosa Road,Jul-Sep,2026,3760.280391,6216.327835,4988.25,12.8816077,77.64481805,Moderate
70756,Hosa Road,Oct-Dec,2026,3835.489768,6340.660623,5088.02,12.8816077,77.64481805,Moderate
70784,Hosa Road,Jan-Mar,2027,3871.922255,6400.889185,5136.35,12.8816077,77.64481805,Moderate
70812,Hosa Road,Apr-Jun,2027,3887.654636,6426.897256,5157.22,12.8816077,77.64481805,Moderate
70840,Hosa Road,Jul-Sep,2027,3892.562053,6435.00998,5163.73,12.8816077,77.64481805,Moderate
70868,Hosa Road,Oct-Dec,2027,3861.459128,6383.59201,5122.47,12.8816077,77.64481805,Moderate
70896,Hosa Road,Jan-Mar,2028,3900.718468,6448.4938,5174.55,12.8816077,77.64481805,Moderate
70924,Hosa Road,Apr-Jun,2028,4028.01733,6658.938602,5343.42,12.8816077,77.64481805,Moderate
70952,Hosa Road,Jul-Sep,2028,4184.142559,6917.037867,5550.53,12.8816077,77.64481805,Moderate
70980,Hosa Road,Oct-Dec,2028,4302.35026,7112.453567,5707.34,12.8816077,77.64481805,Moderate
71008,Hosa Road,Jan-Mar,2029,4296.038211,7102.018768,5698.966667,12.8816077,77.64481805,Moderate
71036,Hosa Road,Apr-Jun,2029,4357.040451,7202.864951,5779.89,12.8816077,77.64481805,Moderate
71064,Hosa Road,Jul-Sep,2029,4376.903807,7235.702166,5806.24,12.8816077,77.64481805,Moderate
71092,Hosa Road,Oct-Dec,2029,4335.496059,7167.248723,5751.31,12.8816077,77.64481805,Moderate
71120,Hosa Road,Jan-Mar,2030,4084.441324,6752.216232,5418.27,12.8816077,77.64481805,Moderate
71148,Hosa Road,Apr-Jun,2030,4256.276319,7036.286182,5646.22,12.8816077,77.64481805,Moderate
71176,Hosa Road,Jul-Sep,2030,4264.926491,7050.58626,5657.695,12.8816077,77.64481805,Moderate
71204,Hosa Road,Oct-Dec,2030,4215.858597,6969.469408,5592.603333,12.8816077,77.64481805,Moderate
71260,Hosabasavanapura,Jan-Mar,2024,5027.482007,7544.590688,6285.93,12.9531,77.6419,Moderate
71288,Hosabasavanapura,Apr-Jun,2024,5106.158258,7662.657766,6384.3,12.9531,77.6419,Moderate
71316,Hosabasavanapura,Jul-Sep,2024,5215.893379,7827.333954,6521.503333,12.9531,77.6419,Moderate
71344,Hosabasavanapura,Oct-Dec,2024,5747.541259,8625.1619,7186.23,12.9531,77.6419,Moderate
71372,Hosabasavanapura,Jan-Mar,2025,5731.342658,8600.853149,7165.976667,12.9531,77.6419,Moderate
71400,Hosabasavanapura,Apr-Jun,2025,6158.219504,9241.454362,7699.706667,12.9531,77.6419,Moderate
71428,Hosabasavanapura,Jul-Sep,2025,5398.310256,8101.081462,6749.581667,12.9531,77.6419,Moderate
71456,Hosabasavanapura,Oct-Dec,2025,4055.637958,6086.173622,5070.82,12.9531,77.6419,Moderate
71484,Hosabasavanapura,Jan-Mar,2026,4034.987142,6055.183564,5045.0,12.9531,77.6419,Moderate
71512,Hosabasavanapura,Apr-Jun,2026,3986.815234,5982.893434,4984.77,12.9531,77.6419,Moderate
71540,Hosabasavanapura,Jul-Sep,2026,4007.274099,6013.595435,5010.35,12.9531,77.6419,Moderate
71568,Hosabasavanapura,Oct-Dec,2026,4117.910327,6179.623888,5148.68,12.9531,77.6419,Moderate
71596,Hosabasavanapura,Jan-Mar,2027,4199.817766,6302.539913,5251.09,12.9531,77.6419,Moderate
71624,Hosabasavanapura,Apr-Jun,2027,4189.932248,6287.705014,5238.73,12.9531,77.6419,Moderate
71652,Hosabasavanapura,Jul-Sep,2027,4221.668282,6335.330323,5278.41,12.9531,77.6419,Moderate
71680,Hosabasavanapura,Oct-Dec,2027,4169.921271,6257.675144,5213.71,12.9531,77.6419,Moderate
71708,Hosabasavanapura,Jan-Mar,2028,4280.981393,6424.339721,5352.57,12.9531,77.6419,Moderate
71736,Hosabasavanapura,Apr-Jun,2028,4335.143797,6505.619608,5420.29,12.9531,77.6419,Moderate
71764,Hosabasavanapura,Jul-Sep,2028,4404.462397,6609.643941,5506.96,12.9531,77.6419,Moderate
71792,Hosabasavanapura,Oct-Dec,2028,4474.44483,6714.664468,5594.46,12.9531,77.6419,Moderate
71820,Hosabasavanapura,Jan-Mar,2029,4626.758596,6943.237146,5784.9,12.9531,77.6419,Moderate
71848,Hosabasavanapura,Apr-Jun,2029,4641.658856,6965.597517,5803.53,12.9531,77.6419,Moderate
71876,Hosabasavanapura,Jul-Sep,2029,4554.848647,6835.324053,5694.99,12.9531,77.6419,Moderate
71904,Hosabasavanapura,Oct-Dec,2029,4481.874965,6725.814648,5603.75,12.9531,77.6419,Moderate
71932,Hosabasavanapura,Jan-Mar,2030,5027.482007,7544.590688,6285.93,12.9531,77.6419,Moderate
71960,Hosabasavanapura,Apr-Jun,2030,5106.158258,7662.657766,6384.3,12.9531,77.6419,Moderate
71988,Hosabasavanapura,Jul-Sep,2030,5215.893379,7827.333954,6521.503333,12.9531,77.6419,Moderate
72016,Hosabasavanapura,Oct-Dec,2030,5747.541259,8625.1619,7186.23,12.9531,77.6419,Moderate
72100,Hoskote Chintamani Road,Jan-Mar,2024,3237.825163,4988.216064,3996.09,13.0581,77.8649,Moderate
72128,Hoskote Chintamani Road,Apr-Jun,2024,3317.33483,5110.709212,4094.22,13.0581,77.8649,Moderate
72156,Hoskote Chintamani Road,Jul-Sep,2024,3401.622261,5240.563016,4198.246667,13.0581,77.8649,Moderate
72184,Hoskote Chintamani Road,Oct-Dec,2024,4224.507742,6508.306137,5213.843333,13.0581,77.8649,Moderate
72212,Hoskote Chintamani Road,Jan-Mar,2025,3624.22583,5583.50763,4472.981667,13.0581,77.8649,Moderate
72240,Hoskote Chintamani Road,Apr-Jun,2025,3792.149792,5842.212459,4680.231667,13.0581,77.8649,Moderate
72268,Hoskote Chintamani Road,Jul-Sep,2025,3337.906359,5142.401854,4119.609167,13.0581,77.8649,Moderate
72296,Hoskote Chintamani Road,Oct-Dec,2025,2940.314138,4529.868501,3628.905,13.0581,77.8649,Moderate
72324,Hoskote Chintamani Road,Jan-Mar,2026,2548.911539,3926.870922,3145.84,13.0581,77.8649,Moderate
72352,Hoskote Chintamani Road,Apr-Jun,2026,2555.134246,3936.457668,3153.52,13.0581,77.8649,Moderate
72380,Hoskote Chintamani Road,Jul-Sep,2026,2610.166311,4021.240452,3221.44,13.0581,77.8649,Moderate
72408,Hoskote Chintamani Road,Oct-Dec,2026,2727.619906,4202.190281,3366.4,13.0581,77.8649,Moderate
72436,Hoskote Chintamani Road,Jan-Mar,2027,2774.541385,4274.47784,3424.31,13.0581,77.8649,Moderate
72464,Hoskote Chintamani Road,Apr-Jun,2027,2755.881367,4245.730085,3401.28,13.0581,77.8649,Moderate
72492,Hoskote Chintamani Road,Jul-Sep,2027,2770.522554,4268.2864,3419.35,13.0581,77.8649,Moderate
72520,Hoskote Chintamani Road,Oct-Dec,2027,2854.229307,4397.245608,3522.66,13.0581,77.8649,Moderate
72548,Hoskote Chintamani Road,Jan-Mar,2028,2853.427161,4396.009816,3521.67,13.0581,77.8649,Moderate
72576,Hoskote Chintamani Road,Apr-Jun,2028,2872.865018,4425.955914,3545.66,13.0581,77.8649,Moderate
72604,Hoskote Chintamani Road,Jul-Sep,2028,2918.303743,4495.959132,3601.74,13.0581,77.8649,Moderate
72632,Hoskote Chintamani Road,Oct-Dec,2028,2958.621699,4558.073256,3651.5,13.0581,77.8649,Moderate
72660,Hoskote Chintamani Road,Jan-Mar,2029,3016.530145,4647.287414,3722.97,13.0581,77.8649,Moderate
72688,Hoskote Chintamani Road,Apr-Jun,2029,3035.968002,4677.233512,3746.96,13.0581,77.8649,Moderate
72716,Hoskote Chintamani Road,Jul-Sep,2029,3089.922437,4760.356091,3813.55,13.0581,77.8649,Moderate
72744,Hoskote Chintamani Road,Oct-Dec,2029,3109.003785,4789.752948,3837.1,13.0581,77.8649,Moderate
72772,Hoskote Chintamani Road,Jan-Mar,2030,3237.825163,4988.216064,3996.09,13.0581,77.8649,Moderate
72800,Hoskote Chintamani Road,Apr-Jun,2030,3317.33483,5110.709212,4094.22,13.0581,77.8649,Moderate
72828,Hoskote Chintamani Road,Jul-Sep,2030,3401.622261,5240.563016,4198.246667,13.0581,77.8649,Moderate
72856,Hoskote Chintamani Road,Oct-Dec,2030,4224.507742,6508.306137,5213.843333,13.0581,77.8649,Moderate
72884,Hosur Main Road,Jan-Mar,2024,5277.608951,9414.491049,7346.05,12.905312,77.6303621,Moderate
72912,Hosur Main Road,Apr-Jun,2024,5340.184041,9526.115959,7433.15,12.905312,77.6303621,Moderate
72940,Hosur Main Road,Jul-Sep,2024,5506.756991,9823.258009,7665.0075,12.905312,77.6303621,Moderate
72968,Hosur Main Road,Oct-Dec,2024,4777.57579,8522.50421,6650.04,12.905312,77.6303621,Moderate
72996,Hosur Main Road,Jan-Mar,2025,6165.966885,10999.19312,8582.58,12.905312,77.6303621,Moderate
73024,Hosur Main Road,Apr-Jun,2025,6262.911576,11172.12842,8717.52,12.905312,77.6303621,Moderate
73052,Hosur Main Road,Jul-Sep,2025,5281.664478,9421.725522,7351.695,12.905312,77.6303621,Moderate
73080,Hosur Main Road,Oct-Dec,2025,3740.982186,6673.371147,5207.176667,12.905312,77.6303621,Moderate
73108,Hosur Main Road,Jan-Mar,2026,2260.059943,4031.620057,3145.84,12.905312,77.6303621,Moderate
73136,Hosur Main Road,Apr-Jun,2026,2265.577471,4041.462529,3153.52,12.905312,77.6303621,Moderate
73164,Hosur Main Road,Jul-Sep,2026,2314.373109,4128.506891,3221.44,12.905312,77.6303621,Moderate
73192,Hosur Main Road,Oct-Dec,2026,2426.792743,4329.047257,3377.92,12.905312,77.6303621,Moderate
73220,Hosur Main Road,Jan-Mar,2027,2494.554884,4449.925116,3472.24,12.905312,77.6303621,Moderate
73248,Hosur Main Road,Apr-Jun,2027,2467.261799,4401.238201,3434.25,12.905312,77.6303621,Moderate
73276,Hosur Main Road,Jul-Sep,2027,2475.265089,4415.514911,3445.39,12.905312,77.6303621,Moderate
73304,Hosur Main Road,Oct-Dec,2027,2539.758382,4530.561618,3535.16,12.905312,77.6303621,Moderate
73332,Hosur Main Road,Jan-Mar,2028,2530.066786,4513.273214,3521.67,12.905312,77.6303621,Moderate
73360,Hosur Main Road,Apr-Jun,2028,2554.478974,4556.821026,3555.65,12.905312,77.6303621,Moderate
73388,Hosur Main Road,Jul-Sep,2028,2600.185372,4638.354628,3619.27,12.905312,77.6303621,Moderate
73416,Hosur Main Road,Oct-Dec,2028,2629.245789,4690.194211,3659.72,12.905312,77.6303621,Moderate
73444,Hosur Main Road,Jan-Mar,2029,2699.917564,4816.262436,3758.09,12.905312,77.6303621,Moderate
73472,Hosur Main Road,Apr-Jun,2029,2725.084102,4861.155898,3793.12,12.905312,77.6303621,Moderate
73500,Hosur Main Road,Jul-Sep,2029,2759.820102,4923.119898,3841.47,12.905312,77.6303621,Moderate
73528,Hosur Main Road,Oct-Dec,2029,2790.518536,4977.881464,3884.2,12.905312,77.6303621,Moderate
73556,Hosur Main Road,Jan-Mar,2030,5277.608951,9414.491049,7346.05,12.905312,77.6303621,Moderate
73584,Hosur Main Road,Apr-Jun,2030,5340.184041,9526.115959,7433.15,12.905312,77.6303621,Moderate
73612,Hosur Main Road,Jul-Sep,2030,5506.756991,9823.258009,7665.0075,12.905312,77.6303621,Moderate
73640,Hosur Main Road,Oct-Dec,2030,4777.57579,8522.50421,6650.04,12.905312,77.6303621,Moderate
73668,Hosur Road,Jan-Mar,2024,4289.681711,7511.068122,5900.42,12.9501326,77.6058328,Moderate
73696,Hosur Road,Apr-Jun,2024,4427.288298,7752.011976,6089.696667,12.9501326,77.6058328,Moderate
73724,Hosur Road,Jul-Sep,2024,4536.114865,7942.563121,6239.386667,12.9501326,77.6058328,Moderate
73752,Hosur Road,Oct-Dec,2024,5118.474043,8962.251703,7040.416667,12.9501326,77.6058328,Moderate
73780,Hosur Road,Jan-Mar,2025,4974.045652,8709.36313,6841.756667,12.9501326,77.6058328,Moderate
73808,Hosur Road,Apr-Jun,2025,5019.539699,8789.02146,6904.333333,12.9501326,77.6058328,Moderate
73836,Hosur Road,Jul-Sep,2025,4274.236356,7484.023897,5879.175048,12.9501326,77.6058328,Moderate
73864,Hosur Road,Oct-Dec,2025,3589.341488,6284.799257,4937.108095,12.9501326,77.6058328,Moderate
73892,Hosur Road,Jan-Mar,2026,3384.870482,5926.778369,4655.86,12.9501326,77.6058328,Moderate
73920,Hosur Road,Apr-Jun,2026,3412.358842,5974.909432,4693.67,12.9501326,77.6058328,Moderate
73948,Hosur Road,Jul-Sep,2026,3461.279543,6060.567703,4760.96,12.9501326,77.6058328,Moderate
73976,Hosur Road,Oct-Dec,2026,3541.018322,6200.187247,4870.64,12.9501326,77.6058328,Moderate
74004,Hosur Road,Jan-Mar,2027,3527.713986,6176.891864,4852.34,12.9501326,77.6058328,Moderate
74032,Hosur Road,Apr-Jun,2027,3506.586989,6139.899304,4823.28,12.9501326,77.6058328,Moderate
74060,Hosur Road,Jul-Sep,2027,3492.512019,6115.254571,4803.92,12.9501326,77.6058328,Moderate
74088,Hosur Road,Oct-Dec,2027,3447.240923,6035.986618,4741.65,12.9501326,77.6058328,Moderate
74116,Hosur Road,Jan-Mar,2028,3450.45432,6041.613153,4746.07,12.9501326,77.6058328,Moderate
74144,Hosur Road,Apr-Jun,2028,3465.823374,6068.523777,4767.21,12.9501326,77.6058328,Moderate
74172,Hosur Road,Jul-Sep,2028,3425.19789,5997.390114,4711.33,12.9501326,77.6058328,Moderate
74200,Hosur Road,Oct-Dec,2028,3448.898512,6038.888994,4743.93,12.9501326,77.6058328,Moderate
74228,Hosur Road,Jan-Mar,2029,3441.279417,6025.54825,4733.45,12.9501326,77.6058328,Moderate
74256,Hosur Road,Apr-Jun,2029,3471.879391,6079.127632,4775.54,12.9501326,77.6058328,Moderate
74284,Hosur Road,Jul-Sep,2029,3525.423895,6172.882003,4849.19,12.9501326,77.6058328,Moderate
74312,Hosur Road,Oct-Dec,2029,3622.443772,6342.760086,4982.64,12.9501326,77.6058328,Moderate
74340,Hosur Road,Jan-Mar,2030,4289.681711,7511.068122,5900.42,12.9501326,77.6058328,Moderate
74368,Hosur Road,Apr-Jun,2030,4427.288298,7752.011976,6089.696667,12.9501326,77.6058328,Moderate
74396,Hosur Road,Jul-Sep,2030,4536.114865,7942.563121,6239.386667,12.9501326,77.6058328,Moderate
74424,Hosur Road,Oct-Dec,2030,5118.474043,8962.251703,7040.416667,12.9501326,77.6058328,Moderate
74452,Hulimavu,Jan-Mar,2024,5556.781788,9578.911828,7567.8,12.8773486,77.6028031,Moderate
74480,Hulimavu,Apr-Jun,2024,5731.126019,9879.450535,7805.24,12.8773486,77.6028031,Moderate
74508,Hulimavu,Jul-Sep,2024,5851.929986,10087.69527,7969.763333,12.8773486,77.6028031,Moderate
74536,Hulimavu,Oct-Dec,2024,5719.164818,9858.831534,7788.95,12.8773486,77.6028031,Moderate
74564,Hulimavu,Jan-Mar,2025,5867.80238,10115.05648,7991.38,12.8773486,77.6028031,Moderate
74592,Hulimavu,Apr-Jun,2025,5637.786065,9718.548916,7678.12,12.8773486,77.6028031,Moderate
74620,Hulimavu,Jul-Sep,2025,4929.246964,8497.152461,6713.15819,12.8773486,77.6028031,Moderate
74648,Hulimavu,Oct-Dec,2025,3720.537992,6413.551356,5067.013333,12.8773486,77.6028031,Moderate
74676,Hulimavu,Jan-Mar,2026,3844.560493,6627.344277,5235.92,12.8773486,77.6028031,Moderate
74704,Hulimavu,Apr-Jun,2026,3830.572717,6603.231817,5216.87,12.8773486,77.6028031,Moderate
74732,Hulimavu,Jul-Sep,2026,3825.667817,6594.776635,5210.19,12.8773486,77.6028031,Moderate
74760,Hulimavu,Oct-Dec,2026,3777.529307,6511.794334,5144.63,12.8773486,77.6028031,Moderate
74788,Hulimavu,Jan-Mar,2027,4212.582191,7261.74878,5737.13,12.8773486,77.6028031,Moderate
74816,Hulimavu,Apr-Jun,2027,3996.267289,6888.860037,5442.53,12.8773486,77.6028031,Moderate
74844,Hulimavu,Jul-Sep,2027,3948.268289,6806.118228,5377.16,12.8773486,77.6028031,Moderate
74872,Hulimavu,Oct-Dec,2027,3826.725161,6596.599309,5211.63,12.8773486,77.6028031,Moderate
74900,Hulimavu,Jan-Mar,2028,4135.403442,7128.706228,5632.02,12.8773486,77.6028031,Moderate
74928,Hulimavu,Apr-Jun,2028,4251.028383,7328.023235,5789.49,12.8773486,77.6028031,Moderate
74956,Hulimavu,Jul-Sep,2028,4435.901995,7646.712738,6041.27,12.8773486,77.6028031,Moderate
74984,Hulimavu,Oct-Dec,2028,4438.024025,7650.370744,6044.16,12.8773486,77.6028031,Moderate
75012,Hulimavu,Jan-Mar,2029,4790.684867,8258.295842,6524.45,12.8773486,77.6028031,Moderate
75040,Hulimavu,Apr-Jun,2029,4895.383923,8438.77855,6667.04,12.8773486,77.6028031,Moderate
75068,Hulimavu,Jul-Sep,2029,5183.46603,8935.381297,7059.38,12.8773486,77.6028031,Moderate
75096,Hulimavu,Oct-Dec,2029,5147.25935,8872.967367,7010.07,12.8773486,77.6028031,Moderate
75124,Hulimavu,Jan-Mar,2030,5556.781788,9578.911828,7567.8,12.8773486,77.6028031,Moderate
75152,Hulimavu,Apr-Jun,2030,5731.126019,9879.450535,7805.24,12.8773486,77.6028031,Moderate
75180,Hulimavu,Jul-Sep,2030,5851.929986,10087.69527,7969.763333,12.8773486,77.6028031,Moderate
75208,Hulimavu,Oct-Dec,2030,5719.164818,9858.831534,7788.95,12.8773486,77.6028031,Moderate
75236,Huskur Road,Jan-Mar,2024,4097.858052,7451.147359,5815.71,13.08615899,77.44696656,High
75264,Huskur Road,Apr-Jun,2024,4147.540716,7541.485494,5886.22,13.08615899,77.44696656,High
75292,Huskur Road,Jul-Sep,2024,4203.203581,7642.697445,5965.217143,13.08615899,77.44696656,High
75320,Huskur Road,Oct-Dec,2024,4684.431985,8517.716469,6648.18,13.08615899,77.44696656,High
75348,Huskur Road,Jan-Mar,2025,4666.619224,8485.327473,6622.9,13.08615899,77.44696656,High
75376,Huskur Road,Apr-Jun,2025,4463.900423,8116.72328,6335.2,13.08615899,77.44696656,High
75404,Huskur Road,Jul-Sep,2025,3942.341523,7168.371197,5594.99981,13.08615899,77.44696656,High
75432,Huskur Road,Oct-Dec,2025,3994.968219,7264.062473,5669.688,13.08615899,77.44696656,High
75460,Huskur Road,Jan-Mar,2026,3483.113462,6333.355462,4943.26,13.08615899,77.44696656,High
75488,Huskur Road,Apr-Jun,2026,3504.139284,6371.586776,4973.1,13.08615899,77.44696656,High
75516,Huskur Road,Jul-Sep,2026,3525.461046,6410.356199,5003.36,13.08615899,77.44696656,High
75544,Huskur Road,Oct-Dec,2026,3541.723646,6439.926532,5026.44,13.08615899,77.44696656,High
75572,Huskur Road,Jan-Mar,2027,3684.17641,6698.948811,5228.61,13.08615899,77.44696656,High
75600,Huskur Road,Apr-Jun,2027,3623.83991,6589.238776,5142.98,13.08615899,77.44696656,High
75628,Huskur Road,Jul-Sep,2027,3614.362788,6572.006498,5129.53,13.08615899,77.44696656,High
75656,Huskur Road,Oct-Dec,2027,3601.306204,6548.265672,5111.0,13.08615899,77.44696656,High
75684,Huskur Road,Jan-Mar,2028,3784.147711,6880.726924,5370.49,13.08615899,77.44696656,High
75712,Huskur Road,Apr-Jun,2028,3820.971085,6947.682972,5422.75,13.08615899,77.44696656,High
75740,Huskur Road,Jul-Sep,2028,3826.777143,6958.240145,5430.99,13.08615899,77.44696656,High
75768,Huskur Road,Oct-Dec,2028,3840.763824,6983.672169,5450.84,13.08615899,77.44696656,High
75796,Huskur Road,Jan-Mar,2029,3859.936499,7018.5339,5478.05,13.08615899,77.44696656,High
75824,Huskur Road,Apr-Jun,2029,3899.987027,7091.357891,5534.89,13.08615899,77.44696656,High
75852,Huskur Road,Jul-Sep,2029,3912.303762,7113.753447,5552.37,13.08615899,77.44696656,High
75880,Huskur Road,Oct-Dec,2029,3933.583247,7152.445997,5582.57,13.08615899,77.44696656,High
75908,Huskur Road,Jan-Mar,2030,4097.858052,7451.147359,5815.71,13.08615899,77.44696656,High
75936,Huskur Road,Apr-Jun,2030,4147.540716,7541.485494,5886.22,13.08615899,77.44696656,High
75964,Huskur Road,Jul-Sep,2030,4203.203581,7642.697445,5965.217143,13.08615899,77.44696656,High
75992,Huskur Road,Oct-Dec,2030,4684.431985,8517.716469,6648.18,13.08615899,77.44696656,High
76020,Hutchins Road,Jan-Mar,2024,7899.16748,13155.196,10359.74,12.9747,77.6007,Low
76048,Hutchins Road,Apr-Jun,2024,7892.99896,13144.92301,10351.65,12.9747,77.6007,Low
76076,Hutchins Road,Jul-Sep,2024,7916.631483,13184.28038,10382.644,12.9747,77.6007,Low
76104,Hutchins Road,Oct-Dec,2024,7492.876261,12478.56259,9826.89,12.9747,77.6007,Low
76132,Hutchins Road,Jan-Mar,2025,9018.040961,15018.55692,11827.14,12.9747,77.6007,Low
76160,Hutchins Road,Apr-Jun,2025,8948.784263,14903.21749,11736.31,12.9747,77.6007,Low
76188,Hutchins Road,Jul-Sep,2025,7956.792583,13251.16428,10435.31519,12.9747,77.6007,Low
76216,Hutchins Road,Oct-Dec,2025,5427.293425,9038.561208,7117.882857,12.9747,77.6007,Low
76244,Hutchins Road,Jan-Mar,2026,7229.833482,12040.49373,9481.91,12.9747,77.6007,Low
76272,Hutchins Road,Apr-Jun,2026,7211.205924,12009.47158,9457.48,12.9747,77.6007,Low
76300,Hutchins Road,Jul-Sep,2026,7253.729826,12080.29047,9513.25,12.9747,77.6007,Low
76328,Hutchins Road,Oct-Dec,2026,7271.076406,12109.17929,9536.0,12.9747,77.6007,Low
76356,Hutchins Road,Jan-Mar,2027,7325.807726,12200.32829,9607.78,12.9747,77.6007,Low
76384,Hutchins Road,Apr-Jun,2027,7297.847326,12153.76332,9571.11,12.9747,77.6007,Low
76412,Hutchins Road,Jul-Sep,2027,7341.415835,12226.32189,9628.25,12.9747,77.6007,Low
76440,Hutchins Road,Oct-Dec,2027,7351.328167,12242.82978,9641.25,12.9747,77.6007,Low
76468,Hutchins Road,Jan-Mar,2028,7265.395878,12099.71899,9528.55,12.9747,77.6007,Low
76496,Hutchins Road,Apr-Jun,2028,7284.031061,12130.75384,9552.99,12.9747,77.6007,Low
76524,Hutchins Road,Jul-Sep,2028,7160.82078,11925.56065,9391.4,12.9747,77.6007,Low
76552,Hutchins Road,Oct-Dec,2028,7197.725153,11987.02083,9439.8,12.9747,77.6007,Low
76580,Hutchins Road,Jan-Mar,2029,7402.60542,12328.22642,9708.5,12.9747,77.6007,Low
76608,Hutchins Road,Apr-Jun,2029,7482.132818,12460.67057,9812.8,12.9747,77.6007,Low
76636,Hutchins Road,Jul-Sep,2029,7489.887312,12473.58482,9822.97,12.9747,77.6007,Low
76664,Hutchins Road,Oct-Dec,2029,7429.605086,12373.1914,9743.91,12.9747,77.6007,Low
76692,Hutchins Road,Jan-Mar,2030,7899.16748,13155.196,10359.74,12.9747,77.6007,Low
76720,Hutchins Road,Apr-Jun,2030,7892.99896,13144.92301,10351.65,12.9747,77.6007,Low
76748,Hutchins Road,Jul-Sep,2030,7916.631483,13184.28038,10382.644,12.9747,77.6007,Low
76776,Hutchins Road,Oct-Dec,2030,7492.876261,12478.56259,9826.89,12.9747,77.6007,Low
76804,ITPL,Jan-Mar,2024,8459.003947,13694.66748,11106.39,12.9845606,77.73768499,Low
76832,ITPL,Apr-Jun,2024,8555.800009,13851.37504,11233.48,12.9845606,77.73768499,Low
76860,ITPL,Jul-Sep,2024,8870.225362,14360.41259,11646.31,12.9845606,77.73768499,Low
76888,ITPL,Oct-Dec,2024,9246.609639,14969.75827,12140.49,12.9845606,77.73768499,Low
76916,ITPL,Jan-Mar,2025,9786.242542,15843.3946,12849.01,12.9845606,77.73768499,Low
76944,ITPL,Apr-Jun,2025,9841.689495,15933.1602,12921.81,12.9845606,77.73768499,Low
76972,ITPL,Jul-Sep,2025,7427.373777,12024.51432,9751.894,12.9845606,77.73768499,Low
77000,ITPL,Oct-Dec,2025,5397.11859,8737.641557,7086.236667,12.9845606,77.73768499,Low
77028,ITPL,Jan-Mar,2026,5197.032267,8413.71268,6823.53,12.9845606,77.73768499,Low
77056,ITPL,Apr-Jun,2026,5221.792988,8453.79894,6856.04,12.9845606,77.73768499,Low
77084,ITPL,Jul-Sep,2026,5222.592704,8455.093636,6857.09,12.9845606,77.73768499,Low
77112,ITPL,Oct-Dec,2026,5170.443625,8370.667114,6788.62,12.9845606,77.73768499,Low
77140,ITPL,Jan-Mar,2027,5259.615731,8515.031905,6905.7,12.9845606,77.73768499,Low
77168,ITPL,Apr-Jun,2027,5292.853438,8568.841945,6949.34,12.9845606,77.73768499,Low
77196,ITPL,Jul-Sep,2027,5285.975883,8557.707557,6940.31,12.9845606,77.73768499,Low
77224,ITPL,Oct-Dec,2027,5313.166216,8601.727228,6976.01,12.9845606,77.73768499,Low
77252,ITPL,Jan-Mar,2028,5711.356073,9246.374958,7498.82,12.9845606,77.73768499,Low
77280,ITPL,Apr-Jun,2028,5775.021057,9349.445106,7582.41,12.9845606,77.73768499,Low
77308,ITPL,Jul-Sep,2028,5706.999527,9239.321947,7493.1,12.9845606,77.73768499,Low
77336,ITPL,Oct-Dec,2028,6080.83233,9844.53693,7983.93,12.9845606,77.73768499,Low
77364,ITPL,Jan-Mar,2029,6262.002204,10137.8411,8221.8,12.9845606,77.73768499,Low
77392,ITPL,Apr-Jun,2029,6374.731648,10320.34395,8369.81,12.9845606,77.73768499,Low
77420,ITPL,Jul-Sep,2029,6654.456957,10773.20401,8737.08,12.9845606,77.73768499,Low
77448,ITPL,Oct-Dec,2029,6798.786595,11006.86585,8926.58,12.9845606,77.73768499,Low
77476,ITPL,Jan-Mar,2030,8459.003947,13694.66748,11106.39,12.9845606,77.73768499,Low
77504,ITPL,Apr-Jun,2030,8555.800009,13851.37504,11233.48,12.9845606,77.73768499,Low
77532,ITPL,Jul-Sep,2030,8870.225362,14360.41259,11646.31,12.9845606,77.73768499,Low
77560,ITPL,Oct-Dec,2030,9246.609639,14969.75827,12140.49,12.9845606,77.73768499,Low
77588,Immadihalli,Jan-Mar,2024,8280.583965,13491.98626,11259.57,12.9663991,77.762046,Moderate
77616,Immadihalli,Apr-Jun,2024,8344.124798,13595.51665,11345.97,12.9663991,77.762046,Moderate
77644,Immadihalli,Jul-Sep,2024,8028.927212,13081.94882,10917.37833,12.9663991,77.762046,Moderate
77672,Immadihalli,Oct-Dec,2024,8927.920907,14546.72602,12139.79,12.9663991,77.762046,Moderate
77700,Immadihalli,Jan-Mar,2025,8698.352683,14172.67857,11827.63333,12.9663991,77.762046,Moderate
77728,Immadihalli,Apr-Jun,2025,8887.651414,14481.11284,12085.03333,12.9663991,77.762046,Moderate
77756,Immadihalli,Jul-Sep,2025,6826.969747,11123.53699,9283.01,12.9663991,77.762046,Moderate
77784,Immadihalli,Oct-Dec,2025,4720.473472,7691.313018,6418.69,12.9663991,77.762046,Moderate
77812,Immadihalli,Jan-Mar,2026,4050.044143,6598.947633,5507.07,12.9663991,77.762046,Moderate
77840,Immadihalli,Apr-Jun,2026,4023.995344,6556.504968,5471.65,12.9663991,77.762046,Moderate
77868,Immadihalli,Jul-Sep,2026,4056.354101,6609.228775,5515.65,12.9663991,77.762046,Moderate
77896,Immadihalli,Oct-Dec,2026,4200.652096,6844.341006,5711.86,12.9663991,77.762046,Moderate
77924,Immadihalli,Jan-Mar,2027,4241.416777,6910.761021,5767.29,12.9663991,77.762046,Moderate
77952,Immadihalli,Apr-Jun,2027,4207.690126,6855.808435,5721.43,12.9663991,77.762046,Moderate
77980,Immadihalli,Jul-Sep,2027,4281.534282,6976.126559,5821.84,12.9663991,77.762046,Moderate
78008,Immadihalli,Oct-Dec,2027,4403.659174,7175.110999,5987.9,12.9663991,77.762046,Moderate
78036,Immadihalli,Jan-Mar,2028,5979.868957,9743.311604,8131.16,12.9663991,77.762046,Moderate
78064,Immadihalli,Apr-Jun,2028,6005.064662,9784.364277,8165.42,12.9663991,77.762046,Moderate
78092,Immadihalli,Jul-Sep,2028,5637.630972,9185.685449,7665.8,12.9663991,77.762046,Moderate
78120,Immadihalli,Oct-Dec,2028,6244.850409,10175.05967,8491.47,12.9663991,77.762046,Moderate
78148,Immadihalli,Jan-Mar,2029,6552.685152,10676.63083,8910.05,12.9663991,77.762046,Moderate
78176,Immadihalli,Apr-Jun,2029,6648.445011,10832.65735,9040.26,12.9663991,77.762046,Moderate
78204,Immadihalli,Jul-Sep,2029,6544.985239,10664.08496,8899.58,12.9663991,77.762046,Moderate
78232,Immadihalli,Oct-Dec,2029,6770.900845,11032.18101,9206.77,12.9663991,77.762046,Moderate
78260,Immadihalli,Jan-Mar,2030,8280.583965,13491.98626,11259.57,12.9663991,77.762046,Moderate
78288,Immadihalli,Apr-Jun,2030,8344.124798,13595.51665,11345.97,12.9663991,77.762046,Moderate
78316,Immadihalli,Jul-Sep,2030,8028.927212,13081.94882,10917.37833,12.9663991,77.762046,Moderate
78344,Immadihalli,Oct-Dec,2030,8927.920907,14546.72602,12139.79,12.9663991,77.762046,Moderate
78372,Indiranagar,Jan-Mar,2024,10372.74057,17357.95646,13856.29,12.9732913,77.6404672,Low
78400,Indiranagar,Apr-Jun,2024,10488.27114,17551.28768,14010.62,12.9732913,77.6404672,Low
78428,Indiranagar,Jul-Sep,2024,10703.5519,17911.54292,14298.2,12.9732913,77.6404672,Low
78456,Indiranagar,Oct-Dec,2024,10695.84138,17898.63997,14287.9,12.9732913,77.6404672,Low
78484,Indiranagar,Jan-Mar,2025,11297.70376,18905.80881,15091.89,12.9732913,77.6404672,Low
78512,Indiranagar,Apr-Jun,2025,11492.89974,19232.45375,15352.64,12.9732913,77.6404672,Low
78540,Indiranagar,Jul-Sep,2025,10897.43784,18235.99562,14557.2,12.9732913,77.6404672,Low
78568,Indiranagar,Oct-Dec,2025,7306.183655,12226.31733,9759.87,12.9732913,77.6404672,Low
78596,Indiranagar,Jan-Mar,2026,8009.600347,13403.42922,10699.52,12.9732913,77.6404672,Low
78624,Indiranagar,Apr-Jun,2026,8097.305662,13550.19709,10816.68,12.9732913,77.6404672,Low
78652,Indiranagar,Jul-Sep,2026,7966.032155,13330.52132,10641.32,12.9732913,77.6404672,Low
78680,Indiranagar,Oct-Dec,2026,8044.589647,13461.98103,10746.26,12.9732913,77.6404672,Low
78708,Indiranagar,Jan-Mar,2027,8241.634655,13791.72018,11009.48,12.9732913,77.6404672,Low
78736,Indiranagar,Apr-Jun,2027,8262.692615,13826.959,11037.61,12.9732913,77.6404672,Low
78764,Indiranagar,Jul-Sep,2027,8466.617205,14168.21059,11310.02,12.9732913,77.6404672,Low
78792,Indiranagar,Oct-Dec,2027,8371.628066,14009.25382,11183.13,12.9732913,77.6404672,Low
78820,Indiranagar,Jan-Mar,2028,8226.236069,13765.95187,10988.91,12.9732913,77.6404672,Low
78848,Indiranagar,Apr-Jun,2028,8320.596388,13923.85637,11114.96,12.9732913,77.6404672,Low
78876,Indiranagar,Jul-Sep,2028,8060.983864,13489.41545,10768.16,12.9732913,77.6404672,Low
78904,Indiranagar,Oct-Dec,2028,8527.111115,14269.44234,11390.83,12.9732913,77.6404672,Low
78932,Indiranagar,Jan-Mar,2029,8618.866326,14422.98739,11513.4,12.9732913,77.6404672,Low
78960,Indiranagar,Apr-Jun,2029,8781.520909,14695.1769,11730.68,12.9732913,77.6404672,Low
78988,Indiranagar,Jul-Sep,2029,8869.795156,14842.89683,11848.6,12.9732913,77.6404672,Low
79016,Indiranagar,Oct-Dec,2029,9071.833288,15180.99158,12118.49,12.9732913,77.6404672,Low
79044,Indiranagar,Jan-Mar,2030,10372.74057,17357.95646,13856.29,12.9732913,77.6404672,Low
79072,Indiranagar,Apr-Jun,2030,10488.27114,17551.28768,14010.62,12.9732913,77.6404672,Low
79100,Indiranagar,Jul-Sep,2030,10703.5519,17911.54292,14298.2,12.9732913,77.6404672,Low
79128,Indiranagar,Oct-Dec,2030,10695.84138,17898.63997,14287.9,12.9732913,77.6404672,Low
79156,JCR Layout,Jan-Mar,2024,8365.189553,11863.94613,10284.29,12.933134,77.7043284,Low
79184,JCR Layout,Apr-Jun,2024,8530.170451,12097.9306,10487.12,12.933134,77.7043284,Low
79212,JCR Layout,Jul-Sep,2024,8813.118018,12499.22153,10834.98,12.933134,77.7043284,Low
79240,JCR Layout,Oct-Dec,2024,10144.0111,14386.76321,12471.2,12.933134,77.7043284,Low
79268,JCR Layout,Jan-Mar,2025,9271.311527,13149.05536,11398.29,12.933134,77.7043284,Low
79296,JCR Layout,Apr-Jun,2025,9526.701274,13511.26236,11712.27,12.933134,77.7043284,Low
79324,JCR Layout,Jul-Sep,2025,8109.94215,11501.94101,9970.485,12.933134,77.7043284,Low
79352,JCR Layout,Oct-Dec,2025,6736.333629,9553.818091,8281.75,12.933134,77.7043284,Low
79380,JCR Layout,Jan-Mar,2026,6305.706075,8943.079736,7752.33,12.933134,77.7043284,Low
79408,JCR Layout,Apr-Jun,2026,6302.964934,8939.192108,7748.96,12.933134,77.7043284,Low
79436,JCR Layout,Jul-Sep,2026,6277.147778,8902.576877,7717.22,12.933134,77.7043284,Low
79464,JCR Layout,Oct-Dec,2026,6339.754787,8991.369388,7794.19,12.933134,77.7043284,Low
79492,JCR Layout,Jan-Mar,2027,6338.762445,8989.961997,7792.97,12.933134,77.7043284,Low
79520,JCR Layout,Apr-Jun,2027,6359.032248,9018.709683,7817.89,12.933134,77.7043284,Low
79548,JCR Layout,Jul-Sep,2027,6355.884409,9014.245255,7814.02,12.933134,77.7043284,Low
79576,JCR Layout,Oct-Dec,2027,6411.113926,9092.574624,7881.92,12.933134,77.7043284,Low
79604,JCR Layout,Jan-Mar,2028,6666.02377,9454.100998,8195.31,12.933134,77.7043284,Low
79632,JCR Layout,Apr-Jun,2028,6580.625434,9332.984645,8090.32,12.933134,77.7043284,Low
79660,JCR Layout,Jul-Sep,2028,6412.244545,9094.178126,7883.31,12.933134,77.7043284,Low
79688,JCR Layout,Oct-Dec,2028,6626.91574,9398.635961,8147.23,12.933134,77.7043284,Low
79716,JCR Layout,Jan-Mar,2029,6628.436789,9400.793191,8149.1,12.933134,77.7043284,Low
79744,JCR Layout,Apr-Jun,2029,6669.488832,9459.01533,8199.57,12.933134,77.7043284,Low
79772,JCR Layout,Jul-Sep,2029,6706.612178,9511.665586,8245.21,12.933134,77.7043284,Low
79800,JCR Layout,Oct-Dec,2029,7061.91936,10015.58068,8682.03,12.933134,77.7043284,Low
79828,JCR Layout,Jan-Mar,2030,8365.189553,11863.94613,10284.29,12.933134,77.7043284,Low
79856,JCR Layout,Apr-Jun,2030,8530.170451,12097.9306,10487.12,12.933134,77.7043284,Low
79884,JCR Layout,Jul-Sep,2030,8813.118018,12499.22153,10834.98,12.933134,77.7043284,Low
79912,JCR Layout,Oct-Dec,2030,10144.0111,14386.76321,12471.2,12.933134,77.7043284,Low
79940,JP Nagar,Jan-Mar,2024,5290.875397,9364.143664,7427.5,12.9096941,77.5866067,Low
79968,JP Nagar,Apr-Jun,2024,5407.370821,9570.325024,7591.04,12.9096941,77.5866067,Low
79996,JP Nagar,Jul-Sep,2024,5650.785519,10001.13657,7932.753333,12.9096941,77.5866067,Low
80024,JP Nagar,Oct-Dec,2024,6028.656005,10669.91692,8463.22,12.9096941,77.5866067,Low
80052,JP Nagar,Jan-Mar,2025,6222.276044,11012.59856,8735.03,12.9096941,77.5866067,Low
80080,JP Nagar,Apr-Jun,2025,6404.752775,11335.55803,8991.196667,12.9096941,77.5866067,Low
80108,JP Nagar,Jul-Sep,2025,5237.974784,9270.516636,7353.236429,12.9096941,77.5866067,Low
80136,JP Nagar,Oct-Dec,2025,4441.210553,7860.350233,6234.713333,12.9096941,77.5866067,Low
80164,JP Nagar,Jan-Mar,2026,4229.722753,7486.045039,5937.82,12.9096941,77.5866067,Low
80192,JP Nagar,Apr-Jun,2026,4226.909026,7481.065118,5933.87,12.9096941,77.5866067,Low
80220,JP Nagar,Jul-Sep,2026,4284.052618,7582.201651,6014.09,12.9096941,77.5866067,Low
80248,JP Nagar,Oct-Dec,2026,4358.976115,7714.806247,6119.27,12.9096941,77.5866067,Low
80276,JP Nagar,Jan-Mar,2027,4422.267165,7826.822964,6208.12,12.9096941,77.5866067,Low
80304,JP Nagar,Apr-Jun,2027,4453.531591,7882.156826,6252.01,12.9096941,77.5866067,Low
80332,JP Nagar,Jul-Sep,2027,4473.448505,7917.407107,6279.97,12.9096941,77.5866067,Low
80360,JP Nagar,Oct-Dec,2027,4480.600358,7930.064932,6290.01,12.9096941,77.5866067,Low
80388,JP Nagar,Jan-Mar,2028,4673.978203,8272.317922,6561.48,12.9096941,77.5866067,Low
80416,JP Nagar,Apr-Jun,2028,4507.241723,7977.216595,6327.41,12.9096941,77.5866067,Low
80444,JP Nagar,Jul-Sep,2028,4375.423952,7743.916725,6142.36,12.9096941,77.5866067,Low
80472,JP Nagar,Oct-Dec,2028,4445.653155,7868.213046,6240.95,12.9096941,77.5866067,Low
80500,JP Nagar,Jan-Mar,2029,4866.102336,8612.35201,6831.19,12.9096941,77.5866067,Low
80528,JP Nagar,Apr-Jun,2029,4970.623393,8797.340337,6977.92,12.9096941,77.5866067,Low
80556,JP Nagar,Jul-Sep,2029,4982.376936,8818.142541,6994.42,12.9096941,77.5866067,Low
80584,JP Nagar,Oct-Dec,2029,4982.583514,8818.508156,6994.71,12.9096941,77.5866067,Low
80612,JP Nagar,Jan-Mar,2030,5290.875397,9364.143664,7427.5,12.9096941,77.5866067,Low
80640,JP Nagar,Apr-Jun,2030,5407.370821,9570.325024,7591.04,12.9096941,77.5866067,Low
80668,JP Nagar,Jul-Sep,2030,5650.785519,10001.13657,7932.753333,12.9096941,77.5866067,Low
80696,JP Nagar,Oct-Dec,2030,6028.656005,10669.91692,8463.22,12.9096941,77.5866067,Low
80724,Jakkur,Jan-Mar,2024,5733.790367,9327.811344,7530.89,13.0784743,77.6068938,Low
80752,Jakkur,Apr-Jun,2024,5819.162736,9466.696322,7643.02,13.0784743,77.6068938,Low
80780,Jakkur,Jul-Sep,2024,6118.289606,9953.32015,8035.9,13.0784743,77.6068938,Low
80808,Jakkur,Oct-Dec,2024,6283.293616,10221.75101,8252.62,13.0784743,77.6068938,Low
80836,Jakkur,Jan-Mar,2025,6439.808356,10476.3714,8458.19,13.0784743,77.6068938,Low
80864,Jakkur,Apr-Jun,2025,6646.086209,10811.94714,8729.12,13.0784743,77.6068938,Low
80892,Jakkur,Jul-Sep,2025,5733.532517,9327.39187,7530.551333,13.0784743,77.6068938,Low
80920,Jakkur,Oct-Dec,2025,4382.801002,7130.002718,5756.47,13.0784743,77.6068938,Low
80948,Jakkur,Jan-Mar,2026,4343.872176,7066.672754,5705.34,13.0784743,77.6068938,Low
80976,Jakkur,Apr-Jun,2026,4344.001609,7066.883317,5705.51,13.0784743,77.6068938,Low
81004,Jakkur,Jul-Sep,2026,4355.391698,7085.412874,5720.47,13.0784743,77.6068938,Low
81032,Jakkur,Oct-Dec,2026,4360.150258,7093.154167,5726.72,13.0784743,77.6068938,Low
81060,Jakkur,Jan-Mar,2027,4554.055856,7408.602539,5981.4,13.0784743,77.6068938,Low
81088,Jakkur,Apr-Jun,2027,4617.386575,7511.62985,6064.58,13.0784743,77.6068938,Low
81116,Jakkur,Jul-Sep,2027,4651.32843,7566.84694,6109.16,13.0784743,77.6068938,Low
81144,Jakkur,Oct-Dec,2027,4649.120458,7563.25498,6106.26,13.0784743,77.6068938,Low
81172,Jakkur,Jan-Mar,2028,4846.467447,7884.301855,6365.46,13.0784743,77.6068938,Low
81200,Jakkur,Apr-Jun,2028,4787.910515,7789.040609,6288.55,13.0784743,77.6068938,Low
81228,Jakkur,Jul-Sep,2028,4716.798598,7673.354736,6195.15,13.0784743,77.6068938,Low
81256,Jakkur,Oct-Dec,2028,4801.866419,7811.744271,6306.88,13.0784743,77.6068938,Low
81284,Jakkur,Jan-Mar,2029,4996.662819,8128.641813,6562.73,13.0784743,77.6068938,Low
81312,Jakkur,Apr-Jun,2029,5195.410728,8451.967725,6823.77,13.0784743,77.6068938,Low
81340,Jakkur,Jul-Sep,2029,5303.449068,8627.726025,6965.67,13.0784743,77.6068938,Low
81368,Jakkur,Oct-Dec,2029,5425.511835,8826.299463,7125.99,13.0784743,77.6068938,Low
81396,Jakkur,Jan-Mar,2030,5733.790367,9327.811344,7530.89,13.0784743,77.6068938,Low
81424,Jakkur,Apr-Jun,2030,5819.162736,9466.696322,7643.02,13.0784743,77.6068938,Low
81452,Jakkur,Jul-Sep,2030,6118.289606,9953.32015,8035.9,13.0784743,77.6068938,Low
81480,Jakkur,Oct-Dec,2030,6283.293616,10221.75101,8252.62,13.0784743,77.6068938,Low
81508,Jakkur Road,Jan-Mar,2024,5047.828581,8712.743376,7068.17,13.0822248,77.6076066,Low
81536,Jakkur Road,Apr-Jun,2024,5227.840617,9023.45097,7320.23,13.0822248,77.6076066,Low
81564,Jakkur Road,Jul-Sep,2024,5399.234333,9319.283017,7560.222286,13.0822248,77.6076066,Low
81592,Jakkur Road,Oct-Dec,2024,5571.688887,9616.946111,7801.7,13.0822248,77.6076066,Low
81620,Jakkur Road,Jan-Mar,2025,5508.896067,9508.563325,7713.775,13.0822248,77.6076066,Low
81648,Jakkur Road,Apr-Jun,2025,5563.849753,9603.415469,7790.723333,13.0822248,77.6076066,Low
81676,Jakkur Road,Jul-Sep,2025,4908.641783,8472.501689,6873.275119,13.0822248,77.6076066,Low
81704,Jakkur Road,Oct-Dec,2025,4316.111007,7449.77112,6043.59,13.0822248,77.6076066,Low
81732,Jakkur Road,Jan-Mar,2026,4563.033015,7875.967862,6389.34,13.0822248,77.6076066,Low
81760,Jakkur Road,Apr-Jun,2026,4603.026168,7944.997558,6445.34,13.0822248,77.6076066,Low
81788,Jakkur Road,Jul-Sep,2026,4661.059088,8045.164578,6526.6,13.0822248,77.6076066,Low
81816,Jakkur Road,Oct-Dec,2026,4639.491353,8007.937849,6496.4,13.0822248,77.6076066,Low
81844,Jakkur Road,Jan-Mar,2027,4526.167898,7812.337274,6337.72,13.0822248,77.6076066,Low
81872,Jakkur Road,Apr-Jun,2027,4554.570178,7861.360685,6377.49,13.0822248,77.6076066,Low
81900,Jakkur Road,Jul-Sep,2027,4595.998799,7932.868054,6435.5,13.0822248,77.6076066,Low
81928,Jakkur Road,Oct-Dec,2027,4588.114435,7919.259343,6424.46,13.0822248,77.6076066,Low
81956,Jakkur Road,Jan-Mar,2028,4618.509231,7971.721912,6467.02,13.0822248,77.6076066,Low
81984,Jakkur Road,Apr-Jun,2028,4630.157237,7991.826811,6483.33,13.0822248,77.6076066,Low
82012,Jakkur Road,Jul-Sep,2028,4614.209967,7964.30122,6461.0,13.0822248,77.6076066,Low
82040,Jakkur Road,Oct-Dec,2028,4676.827817,8072.382001,6548.68,13.0822248,77.6076066,Low
82068,Jakkur Road,Jan-Mar,2029,4668.457822,8057.935072,6536.96,13.0822248,77.6076066,Low
82096,Jakkur Road,Apr-Jun,2029,4767.955072,8229.671095,6676.28,13.0822248,77.6076066,Low
82124,Jakkur Road,Jul-Sep,2029,4847.634286,8367.200439,6787.85,13.0822248,77.6076066,Low
82152,Jakkur Road,Oct-Dec,2029,4910.959158,8476.501567,6876.52,13.0822248,77.6076066,Low
82180,Jakkur Road,Jan-Mar,2030,5047.828581,8712.743376,7068.17,13.0822248,77.6076066,Low
82208,Jakkur Road,Apr-Jun,2030,5227.840617,9023.45097,7320.23,13.0822248,77.6076066,Low
82236,Jakkur Road,Jul-Sep,2030,5399.234333,9319.283017,7560.222286,13.0822248,77.6076066,Low
82264,Jakkur Road,Oct-Dec,2030,5571.688887,9616.946111,7801.7,13.0822248,77.6076066,Low
82320,Jalahalli,Jan-Mar,2024,5302.426758,8323.352698,6813.02,13.0394104,77.5197351,Moderate
82348,Jalahalli,Apr-Jun,2024,5553.546088,8717.541029,7135.68,13.0394104,77.5197351,Moderate
82376,Jalahalli,Jul-Sep,2024,5124.379993,8043.868211,6584.25,13.0394104,77.5197351,Moderate
82404,Jalahalli,Oct-Dec,2024,5258.407328,8254.254291,6756.46,13.0394104,77.5197351,Moderate
82432,Jalahalli,Jan-Mar,2025,5524.049334,8671.239232,7097.78,13.0394104,77.5197351,Moderate
82460,Jalahalli,Apr-Jun,2025,5657.524091,8880.757916,7269.28,13.0394104,77.5197351,Moderate
82488,Jalahalli,Jul-Sep,2025,4871.56031,7647.010793,6259.405238,13.0394104,77.5197351,Moderate
82516,Jalahalli,Oct-Dec,2025,4677.204534,7341.925642,6009.68,13.0394104,77.5197351,Moderate
82544,Jalahalli,Jan-Mar,2026,4603.12799,7225.645827,5914.5,13.0394104,77.5197351,Moderate
82572,Jalahalli,Apr-Jun,2026,4651.848222,7302.123201,5977.1,13.0394104,77.5197351,Moderate
82600,Jalahalli,Jul-Sep,2026,4669.040393,7329.110185,5999.19,13.0394104,77.5197351,Moderate
82628,Jalahalli,Oct-Dec,2026,4680.333214,7346.836809,6013.7,13.0394104,77.5197351,Moderate
82656,Jalahalli,Jan-Mar,2027,4713.58127,7399.02712,6056.42,13.0394104,77.5197351,Moderate
82684,Jalahalli,Apr-Jun,2027,4703.736047,7383.572826,6043.77,13.0394104,77.5197351,Moderate
82712,Jalahalli,Jul-Sep,2027,4752.355103,7459.891381,6106.24,13.0394104,77.5197351,Moderate
82740,Jalahalli,Oct-Dec,2027,4685.096278,7354.313511,6019.82,13.0394104,77.5197351,Moderate
82768,Jalahalli,Jan-Mar,2028,4761.818969,7474.74705,6118.4,13.0394104,77.5197351,Moderate
82796,Jalahalli,Apr-Jun,2028,4760.970646,7473.415415,6117.31,13.0394104,77.5197351,Moderate
82824,Jalahalli,Jul-Sep,2028,4781.890771,7506.254262,6144.19,13.0394104,77.5197351,Moderate
82852,Jalahalli,Oct-Dec,2028,4907.528264,7703.470596,6305.62,13.0394104,77.5197351,Moderate
82880,Jalahalli,Jan-Mar,2029,5043.470164,7916.862016,6480.29,13.0394104,77.5197351,Moderate
82908,Jalahalli,Apr-Jun,2029,5063.246219,7947.904989,6505.7,13.0394104,77.5197351,Moderate
82936,Jalahalli,Jul-Sep,2029,5035.212629,7903.899957,6469.68,13.0394104,77.5197351,Moderate
82964,Jalahalli,Oct-Dec,2029,5091.544424,7992.325393,6542.06,13.0394104,77.5197351,Moderate
82992,Jalahalli,Jan-Mar,2030,5302.426758,8323.352698,6813.02,13.0394104,77.5197351,Moderate
83020,Jalahalli,Apr-Jun,2030,5553.546088,8717.541029,7135.68,13.0394104,77.5197351,Moderate
83048,Jalahalli,Jul-Sep,2030,5124.379993,8043.868211,6584.25,13.0394104,77.5197351,Moderate
83076,Jalahalli,Oct-Dec,2030,5258.407328,8254.254291,6756.46,13.0394104,77.5197351,Moderate
83132,Jayanagar,Jan-Mar,2024,9407.530617,14515.55291,11703.755,12.9292731,77.5824229,Low
83160,Jayanagar,Apr-Jun,2024,9617.657163,14839.77221,11965.17,12.9292731,77.5824229,Low
83188,Jayanagar,Jul-Sep,2024,9261.648621,14290.46113,11522.2656,12.9292731,77.5824229,Low
83216,Jayanagar,Oct-Dec,2024,6458.497936,9965.27913,8034.911667,12.9292731,77.5824229,Low
83244,Jayanagar,Jan-Mar,2025,9915.79628,15299.79242,12336.08,12.9292731,77.5824229,Low
83272,Jayanagar,Apr-Jun,2025,10179.99475,15707.44317,12664.765,12.9292731,77.5824229,Low
83300,Jayanagar,Jul-Sep,2025,9538.591051,14717.77545,11866.80514,12.9292731,77.5824229,Low
83328,Jayanagar,Oct-Dec,2025,6894.135042,10637.45483,8576.880667,12.9292731,77.5824229,Low
83356,Jayanagar,Jan-Mar,2026,8268.559774,12758.15321,10286.78,12.9292731,77.5824229,Low
83384,Jayanagar,Apr-Jun,2026,8255.682826,12738.28444,10270.76,12.9292731,77.5824229,Low
83412,Jayanagar,Jul-Sep,2026,8294.956713,12798.88294,10319.62,12.9292731,77.5824229,Low
83440,Jayanagar,Oct-Dec,2026,8256.759924,12739.94637,10272.1,12.9292731,77.5824229,Low
83468,Jayanagar,Jan-Mar,2027,8349.141172,12882.48802,10387.03,12.9292731,77.5824229,Low
83496,Jayanagar,Apr-Jun,2027,8318.902048,12835.82991,10349.41,12.9292731,77.5824229,Low
83524,Jayanagar,Jul-Sep,2027,8412.159443,12979.72342,10465.43,12.9292731,77.5824229,Low
83552,Jayanagar,Oct-Dec,2027,8373.962655,12920.78686,10417.91,12.9292731,77.5824229,Low
83580,Jayanagar,Jan-Mar,2028,7730.468946,11927.89432,9617.35,12.9292731,77.5824229,Low
83608,Jayanagar,Apr-Jun,2028,8335.83017,12861.94952,10370.47,12.9292731,77.5824229,Low
83636,Jayanagar,Jul-Sep,2028,8486.422938,13094.30989,10557.82,12.9292731,77.5824229,Low
83664,Jayanagar,Oct-Dec,2028,8632.980608,13320.44422,10740.15,12.9292731,77.5824229,Low
83692,Jayanagar,Jan-Mar,2029,8145.392815,12568.11008,10133.55,12.9292731,77.5824229,Low
83720,Jayanagar,Apr-Jun,2029,8781.783571,13550.04297,10925.27333,12.9292731,77.5824229,Low
83748,Jayanagar,Jul-Sep,2029,9009.599174,13901.55598,11208.695,12.9292731,77.5824229,Low
83776,Jayanagar,Oct-Dec,2029,9178.217258,14161.7289,11418.47,12.9292731,77.5824229,Low
83804,Jayanagar,Jan-Mar,2030,9407.530617,14515.55291,11703.755,12.9292731,77.5824229,Low
83832,Jayanagar,Apr-Jun,2030,9617.657163,14839.77221,11965.17,12.9292731,77.5824229,Low
83860,Jayanagar,Jul-Sep,2030,9261.648621,14290.46113,11522.2656,12.9292731,77.5824229,Low
83888,Jayanagar,Oct-Dec,2030,6458.497936,9965.27913,8034.911667,12.9292731,77.5824229,Low
83916,Jigani,Jan-Mar,2024,4327.525131,6576.331851,4501.427857,12.7807858,77.64102426,High
83944,Jigani,Apr-Jun,2024,4298.531967,6532.272334,4471.269595,12.7807858,77.64102426,High
83972,Jigani,Jul-Sep,2024,4999.222442,7597.077956,5200.1175,12.7807858,77.64102426,High
84000,Jigani,Oct-Dec,2024,5861.817982,8907.92292,6097.376667,12.7807858,77.64102426,High
84028,Jigani,Jan-Mar,2025,4741.020841,7204.701398,4931.54,12.7807858,77.64102426,High
84056,Jigani,Apr-Jun,2025,4912.326864,7465.026924,5109.73,12.7807858,77.64102426,High
84084,Jigani,Jul-Sep,2025,4687.201582,7122.914858,4875.558,12.7807858,77.64102426,High
84112,Jigani,Oct-Dec,2025,3748.091947,5695.795104,3898.71,12.7807858,77.64102426,High
84140,Jigani,Jan-Mar,2026,2722.001081,4136.494155,2831.385405,12.7807858,77.64102426,High
84168,Jigani,Apr-Jun,2026,3190.076835,4847.80637,3318.270905,12.7807858,77.64102426,High
84196,Jigani,Jul-Sep,2026,3722.212423,5656.467235,3871.7905,12.7807858,77.64102426,High
84224,Jigani,Oct-Dec,2026,2937.471444,4463.934104,3055.5145,12.7807858,77.64102426,High
84252,Jigani,Jan-Mar,2027,2709.812479,4117.971722,2818.707,12.7807858,77.64102426,High
84280,Jigani,Apr-Jun,2027,2752.08764,4182.215252,2862.681,12.7807858,77.64102426,High
84308,Jigani,Jul-Sep,2027,2892.765465,4395.996578,3009.012,12.7807858,77.64102426,High
84336,Jigani,Oct-Dec,2027,2773.123316,4214.182157,2884.562,12.7807858,77.64102426,High
84364,Jigani,Jan-Mar,2028,3434.840056,5219.761268,3572.87,12.7807858,77.64102426,High
84392,Jigani,Apr-Jun,2028,3882.077695,5899.406802,4038.08,12.7807858,77.64102426,High
84420,Jigani,Jul-Sep,2028,4051.489825,6156.854269,4214.3,12.7807858,77.64102426,High
84448,Jigani,Oct-Dec,2028,4810.768032,7310.692851,5004.09,12.7807858,77.64102426,High
84476,Jigani,Jan-Mar,2029,3604.81747,5478.06777,3749.678,12.7807858,77.64102426,High
84504,Jigani,Apr-Jun,2029,3832.632657,5824.267555,3986.648,12.7807858,77.64102426,High
84532,Jigani,Jul-Sep,2029,3990.840372,6064.688212,4151.213333,12.7807858,77.64102426,High
84560,Jigani,Oct-Dec,2029,4378.423733,6653.68001,4554.371833,12.7807858,77.64102426,High
84588,Jigani,Jan-Mar,2030,4327.525131,6576.331851,4501.427857,12.7807858,77.64102426,High
84616,Jigani,Apr-Jun,2030,4298.531967,6532.272334,4471.269595,12.7807858,77.64102426,High
84644,Jigani,Jul-Sep,2030,4999.222442,7597.077956,5200.1175,12.7807858,77.64102426,High
84672,Jigani,Oct-Dec,2030,5861.817982,8907.92292,6097.376667,12.7807858,77.64102426,High
84784,Kadubeesanahalli Road,Jan-Mar,2024,7476.366979,12368.06341,10487.86,12.9383161,77.6977864,Moderate
84812,Kadubeesanahalli Road,Apr-Jun,2024,7628.450727,12619.65372,10701.20333,12.9383161,77.6977864,Moderate
84840,Kadubeesanahalli Road,Jul-Sep,2024,7513.198035,12428.99258,10539.52667,12.9383161,77.6977864,Moderate
84868,Kadubeesanahalli Road,Oct-Dec,2024,7770.029307,12853.86545,10899.81,12.9383161,77.6977864,Moderate
84896,Kadubeesanahalli Road,Jan-Mar,2025,8100.064084,13399.83799,11362.78333,12.9383161,77.6977864,Moderate
84924,Kadubeesanahalli Road,Apr-Jun,2025,7871.824405,13022.26385,11042.60833,12.9383161,77.6977864,Moderate
84952,Kadubeesanahalli Road,Jul-Sep,2025,7533.743824,12462.98123,10568.34833,12.9383161,77.6977864,Moderate
84980,Kadubeesanahalli Road,Oct-Dec,2025,5239.669215,8667.921371,7350.216667,12.9383161,77.6977864,Moderate
85008,Kadubeesanahalli Road,Jan-Mar,2026,5834.360081,9651.711274,8184.45,12.9383161,77.6977864,Moderate
85036,Kadubeesanahalli Road,Apr-Jun,2026,5873.210905,9715.981721,8238.95,12.9383161,77.6977864,Moderate
85064,Kadubeesanahalli Road,Jul-Sep,2026,5980.603136,9893.639389,8389.6,12.9383161,77.6977864,Moderate
85092,Kadubeesanahalli Road,Oct-Dec,2026,6103.001053,10096.12078,8561.3,12.9383161,77.6977864,Moderate
85120,Kadubeesanahalli Road,Jan-Mar,2027,6279.540622,10388.16805,8808.95,12.9383161,77.6977864,Moderate
85148,Kadubeesanahalli Road,Apr-Jun,2027,6293.26316,10410.86908,8828.2,12.9383161,77.6977864,Moderate
85176,Kadubeesanahalli Road,Jul-Sep,2027,6370.137891,10538.04202,8936.04,12.9383161,77.6977864,Moderate
85204,Kadubeesanahalli Road,Oct-Dec,2027,6439.064242,10652.06605,9032.73,12.9383161,77.6977864,Moderate
85232,Kadubeesanahalli Road,Jan-Mar,2028,6551.446488,10837.97864,9190.38,12.9383161,77.6977864,Moderate
85260,Kadubeesanahalli Road,Apr-Jun,2028,6849.628342,11331.25727,9608.67,12.9383161,77.6977864,Moderate
85288,Kadubeesanahalli Road,Jul-Sep,2028,6907.997249,11427.81625,9690.55,12.9383161,77.6977864,Moderate
85316,Kadubeesanahalli Road,Oct-Dec,2028,6815.268531,11274.41625,9560.47,12.9383161,77.6977864,Moderate
85344,Kadubeesanahalli Road,Jan-Mar,2029,6951.103842,11499.12696,9751.02,12.9383161,77.6977864,Moderate
85372,Kadubeesanahalli Road,Apr-Jun,2029,7070.00162,11695.81812,9917.81,12.9383161,77.6977864,Moderate
85400,Kadubeesanahalli Road,Jul-Sep,2029,7358.346018,12172.82276,10322.3,12.9383161,77.6977864,Moderate
85428,Kadubeesanahalli Road,Oct-Dec,2029,7480.587106,12375.04472,10493.78,12.9383161,77.6977864,Moderate
85456,Kadubeesanahalli Road,Jan-Mar,2030,7476.366979,12368.06341,10487.86,12.9383161,77.6977864,Moderate
85484,Kadubeesanahalli Road,Apr-Jun,2030,7628.450727,12619.65372,10701.20333,12.9383161,77.6977864,Moderate
85512,Kadubeesanahalli Road,Jul-Sep,2030,7513.198035,12428.99258,10539.52667,12.9383161,77.6977864,Moderate
85540,Kadubeesanahalli Road,Oct-Dec,2030,7770.029307,12853.86545,10899.81,12.9383161,77.6977864,Moderate
85596,Kaggadasapura,Jan-Mar,2024,4324.514058,6539.040766,5431.8,12.9846713,77.6790908,Moderate
85624,Kaggadasapura,Apr-Jun,2024,4294.348028,6493.42711,5393.91,12.9846713,77.6790908,Moderate
85652,Kaggadasapura,Jul-Sep,2024,4739.005968,7165.788525,5952.422,12.9846713,77.6790908,Moderate
85680,Kaggadasapura,Oct-Dec,2024,4961.615181,7502.392986,6232.03,12.9846713,77.6790908,Moderate
85708,Kaggadasapura,Jan-Mar,2025,5272.777494,7972.897422,6622.865,12.9846713,77.6790908,Moderate
85736,Kaggadasapura,Apr-Jun,2025,4871.901299,7366.737806,6119.345,12.9846713,77.6790908,Moderate
85764,Kaggadasapura,Jul-Sep,2025,4216.546617,6375.78462,5296.187643,12.9846713,77.6790908,Moderate
85792,Kaggadasapura,Oct-Dec,2025,4006.747701,6058.550442,5032.67,12.9846713,77.6790908,Moderate
85820,Kaggadasapura,Jan-Mar,2026,3601.858922,5446.32345,4524.11,12.9846713,77.6790908,Moderate
85848,Kaggadasapura,Apr-Jun,2026,3609.868166,5458.434123,4534.17,12.9846713,77.6790908,Moderate
85876,Kaggadasapura,Jul-Sep,2026,3661.394833,5536.346917,4598.89,12.9846713,77.6790908,Moderate
85904,Kaggadasapura,Oct-Dec,2026,3604.056289,5449.64606,4526.87,12.9846713,77.6790908,Moderate
85932,Kaggadasapura,Jan-Mar,2027,3658.934737,5532.627039,4595.8,12.9846713,77.6790908,Moderate
85960,Kaggadasapura,Apr-Jun,2027,3701.624167,5597.177163,4649.42,12.9846713,77.6790908,Moderate
85988,Kaggadasapura,Jul-Sep,2027,3722.236426,5628.344689,4675.31,12.9846713,77.6790908,Moderate
86016,Kaggadasapura,Oct-Dec,2027,3729.266409,5638.974633,4684.14,12.9846713,77.6790908,Moderate
86044,Kaggadasapura,Jan-Mar,2028,3601.866884,5446.335489,4524.12,12.9846713,77.6790908,Moderate
86072,Kaggadasapura,Apr-Jun,2028,3740.078092,5655.322837,4697.72,12.9846713,77.6790908,Moderate
86100,Kaggadasapura,Jul-Sep,2028,3792.52829,5734.632091,4763.6,12.9846713,77.6790908,Moderate
86128,Kaggadasapura,Oct-Dec,2028,3867.509463,5848.010135,4857.78,12.9846713,77.6790908,Moderate
86156,Kaggadasapura,Jan-Mar,2029,3866.490394,5846.469214,4856.5,12.9846713,77.6790908,Moderate
86184,Kaggadasapura,Apr-Jun,2029,4135.261832,6252.874968,5194.09,12.9846713,77.6790908,Moderate
86212,Kaggadasapura,Jul-Sep,2029,4120.827678,6231.049273,5175.96,12.9846713,77.6790908,Moderate
86240,Kaggadasapura,Oct-Dec,2029,5115.916531,7735.710025,6425.84,12.9846713,77.6790908,Moderate
86268,Kaggadasapura,Jan-Mar,2030,4324.514058,6539.040766,5431.8,12.9846713,77.6790908,Moderate
86296,Kaggadasapura,Apr-Jun,2030,4294.348028,6493.42711,5393.91,12.9846713,77.6790908,Moderate
86324,Kaggadasapura,Jul-Sep,2030,4739.005968,7165.788525,5952.422,12.9846713,77.6790908,Moderate
86352,Kaggadasapura,Oct-Dec,2030,4961.615181,7502.392986,6232.03,12.9846713,77.6790908,Moderate
86464,Kalkere Main Road,Jan-Mar,2024,4573.940242,6446.037055,5212.0,13.02759989,77.67682546,Moderate
86492,Kalkere Main Road,Apr-Jun,2024,4525.348709,6377.557187,5156.63,13.02759989,77.67682546,Moderate
86520,Kalkere Main Road,Jul-Sep,2024,4601.94474,6485.50369,5243.911095,13.02759989,77.67682546,Moderate
86548,Kalkere Main Road,Oct-Dec,2024,4867.174392,6859.290858,5546.14,13.02759989,77.67682546,Moderate
86576,Kalkere Main Road,Jan-Mar,2025,4880.377188,6877.897509,5561.184571,13.02759989,77.67682546,Moderate
86604,Kalkere Main Road,Apr-Jun,2025,5042.694146,7106.650198,5746.144571,13.02759989,77.67682546,Moderate
86632,Kalkere Main Road,Jul-Sep,2025,3870.781574,5455.078147,4410.751452,13.02759989,77.67682546,Moderate
86660,Kalkere Main Road,Oct-Dec,2025,3226.075875,4546.496792,3676.11,13.02759989,77.67682546,Moderate
86688,Kalkere Main Road,Jan-Mar,2026,2821.40678,3976.198133,3214.99,13.02759989,77.67682546,Moderate
86716,Kalkere Main Road,Apr-Jun,2026,2820.994318,3975.616852,3214.52,13.02759989,77.67682546,Moderate
86744,Kalkere Main Road,Jul-Sep,2026,2868.532757,4042.612598,3268.69,13.02759989,77.67682546,Moderate
86772,Kalkere Main Road,Oct-Dec,2026,2950.296765,4157.842313,3361.86,13.02759989,77.67682546,Moderate
86800,Kalkere Main Road,Jan-Mar,2027,3056.369704,4307.330513,3482.73,13.02759989,77.67682546,Moderate
86828,Kalkere Main Road,Apr-Jun,2027,3092.034503,4357.592782,3523.37,13.02759989,77.67682546,Moderate
86856,Kalkere Main Road,Jul-Sep,2027,3180.257491,4481.925112,3623.9,13.02759989,77.67682546,Moderate
86884,Kalkere Main Road,Oct-Dec,2027,3261.705571,4596.70959,3716.71,13.02759989,77.67682546,Moderate
86912,Kalkere Main Road,Jan-Mar,2028,3537.388147,4985.228024,4030.85,13.02759989,77.67682546,Moderate
86940,Kalkere Main Road,Apr-Jun,2028,3574.430745,5037.43202,4073.06,13.02759989,77.67682546,Moderate
86968,Kalkere Main Road,Jul-Sep,2028,3624.540489,5108.051497,4130.16,13.02759989,77.67682546,Moderate
86996,Kalkere Main Road,Oct-Dec,2028,3767.612146,5309.681854,4293.19,13.02759989,77.67682546,Moderate
87024,Kalkere Main Road,Jan-Mar,2029,3897.721966,5493.045142,4441.45,13.02759989,77.67682546,Moderate
87052,Kalkere Main Road,Apr-Jun,2029,3940.811081,5553.770472,4490.55,13.02759989,77.67682546,Moderate
87080,Kalkere Main Road,Jul-Sep,2029,4073.878341,5741.301669,4642.18,13.02759989,77.67682546,Moderate
87108,Kalkere Main Road,Oct-Dec,2029,4722.76004,6655.768245,5381.58,13.02759989,77.67682546,Moderate
87136,Kalkere Main Road,Jan-Mar,2030,4573.940242,6446.037055,5212.0,13.02759989,77.67682546,Moderate
87164,Kalkere Main Road,Apr-Jun,2030,4525.348709,6377.557187,5156.63,13.02759989,77.67682546,Moderate
87192,Kalkere Main Road,Jul-Sep,2030,4601.94474,6485.50369,5243.911095,13.02759989,77.67682546,Moderate
87220,Kalkere Main Road,Oct-Dec,2030,4867.174392,6859.290858,5546.14,13.02759989,77.67682546,Moderate
87360,Kanakapura Road,Jan-Mar,2024,5258.728712,9080.183594,7169.39,12.88189876,77.54665197,Moderate
87388,Kanakapura Road,Apr-Jun,2024,5434.107933,9383.008785,7408.49,12.88189876,77.54665197,Moderate
87416,Kanakapura Road,Jul-Sep,2024,5694.646199,9832.877074,7763.69,12.88189876,77.54665197,Moderate
87444,Kanakapura Road,Oct-Dec,2024,6182.781364,10675.73419,8429.18,12.88189876,77.54665197,Moderate
87472,Kanakapura Road,Jan-Mar,2025,6141.441452,10604.35306,8372.82,12.88189876,77.54665197,Moderate
87500,Kanakapura Road,Apr-Jun,2025,6432.999322,11107.78253,8770.31,12.88189876,77.54665197,Moderate
87528,Kanakapura Road,Jul-Sep,2025,5369.354418,9271.19967,7320.2095,12.88189876,77.54665197,Moderate
87556,Kanakapura Road,Oct-Dec,2025,3260.161092,5629.280931,4444.68,12.88189876,77.54665197,Moderate
87584,Kanakapura Road,Jan-Mar,2026,4009.692715,6923.488166,5466.54,12.88189876,77.54665197,Moderate
87612,Kanakapura Road,Apr-Jun,2026,4081.157363,7046.885315,5563.97,12.88189876,77.54665197,Moderate
87640,Kanakapura Road,Jul-Sep,2026,4173.042579,7205.542411,5689.24,12.88189876,77.54665197,Moderate
87668,Kanakapura Road,Oct-Dec,2026,4226.903291,7298.543054,5762.67,12.88189876,77.54665197,Moderate
87696,Kanakapura Road,Jan-Mar,2027,4225.076882,7295.389417,5760.18,12.88189876,77.54665197,Moderate
87724,Kanakapura Road,Apr-Jun,2027,4248.864202,7336.462696,5792.61,12.88189876,77.54665197,Moderate
87752,Kanakapura Road,Jul-Sep,2027,4327.517125,7472.271751,5899.84,12.88189876,77.54665197,Moderate
87780,Kanakapura Road,Oct-Dec,2027,4233.556112,7310.030401,5771.74,12.88189876,77.54665197,Moderate
87808,Kanakapura Road,Jan-Mar,2028,4199.851908,7251.833757,5725.79,12.88189876,77.54665197,Moderate
87836,Kanakapura Road,Apr-Jun,2028,4190.257762,7235.267661,5712.71,12.88189876,77.54665197,Moderate
87864,Kanakapura Road,Jul-Sep,2028,4375.993966,7555.97613,5965.93,12.88189876,77.54665197,Moderate
87892,Kanakapura Road,Oct-Dec,2028,4423.619951,7638.211344,6030.86,12.88189876,77.54665197,Moderate
87920,Kanakapura Road,Jan-Mar,2029,4504.436691,7777.756637,6141.04,12.88189876,77.54665197,Moderate
87948,Kanakapura Road,Apr-Jun,2029,4537.612777,7835.041386,6186.27,12.88189876,77.54665197,Moderate
87976,Kanakapura Road,Jul-Sep,2029,4764.424834,8226.675035,6495.49,12.88189876,77.54665197,Moderate
88004,Kanakapura Road,Oct-Dec,2029,4968.469132,8578.99587,6773.67,12.88189876,77.54665197,Moderate
88032,Kanakapura Road,Jan-Mar,2030,5258.728712,9080.183594,7169.39,12.88189876,77.54665197,Moderate
88060,Kanakapura Road,Apr-Jun,2030,5434.107933,9383.008785,7408.49,12.88189876,77.54665197,Moderate
88088,Kanakapura Road,Jul-Sep,2030,5694.646199,9832.877074,7763.69,12.88189876,77.54665197,Moderate
88116,Kanakapura Road,Oct-Dec,2030,6182.781364,10675.73419,8429.18,12.88189876,77.54665197,Moderate
88172,Kannamangala Main Road,Jan-Mar,2024,5304.009427,8253.353498,6778.56,13.0569,77.7881,Low
88200,Kannamangala Main Road,Apr-Jun,2024,5642.356615,8779.841806,7210.97,13.0569,77.7881,Low
88228,Kannamangala Main Road,Jul-Sep,2024,6096.360467,9486.298747,7791.19,13.0569,77.7881,Low
88256,Kannamangala Main Road,Oct-Dec,2024,6350.889633,9882.361239,8116.48,13.0569,77.7881,Low
88284,Kannamangala Main Road,Jan-Mar,2025,6566.850929,10218.40983,8392.48,13.0569,77.7881,Low
88312,Kannamangala Main Road,Apr-Jun,2025,6911.019682,10753.95684,8832.33,13.0569,77.7881,Low
88340,Kannamangala Main Road,Jul-Sep,2025,6777.709878,10546.51887,8661.959167,13.0569,77.7881,Low
88368,Kannamangala Main Road,Oct-Dec,2025,4461.369138,6942.155193,5701.66,13.0569,77.7881,Low
88396,Kannamangala Main Road,Jan-Mar,2026,4128.11582,6423.593248,5275.76,13.0569,77.7881,Low
88424,Kannamangala Main Road,Apr-Jun,2026,4157.387965,6469.142444,5313.17,13.0569,77.7881,Low
88452,Kannamangala Main Road,Jul-Sep,2026,4129.759004,6426.15014,5277.86,13.0569,77.7881,Low
88480,Kannamangala Main Road,Oct-Dec,2026,4270.266866,6644.788713,5457.43,13.0569,77.7881,Low
88508,Kannamangala Main Road,Jan-Mar,2027,4389.929768,6830.991292,5610.36,13.0569,77.7881,Low
88536,Kannamangala Main Road,Apr-Jun,2027,4445.743243,6917.840372,5681.69,13.0569,77.7881,Low
88564,Kannamangala Main Road,Jul-Sep,2027,4382.31635,6819.144361,5600.63,13.0569,77.7881,Low
88592,Kannamangala Main Road,Oct-Dec,2027,4335.681229,6746.577346,5541.03,13.0569,77.7881,Low
88620,Kannamangala Main Road,Jan-Mar,2028,4474.444186,6962.500744,5718.37,13.0569,77.7881,Low
88648,Kannamangala Main Road,Apr-Jun,2028,4420.500811,6878.561649,5649.43,13.0569,77.7881,Low
88676,Kannamangala Main Road,Jul-Sep,2028,4812.791375,7488.989052,6150.78,13.0569,77.7881,Low
88704,Kannamangala Main Road,Oct-Dec,2028,4888.526497,7606.837398,6247.57,13.0569,77.7881,Low
88732,Kannamangala Main Road,Jan-Mar,2029,4861.609582,7564.95308,6213.17,13.0569,77.7881,Low
88760,Kannamangala Main Road,Apr-Jun,2029,4914.089742,7646.615324,6280.24,13.0569,77.7881,Low
88788,Kannamangala Main Road,Jul-Sep,2029,5009.942129,7795.767327,6402.74,13.0569,77.7881,Low
88816,Kannamangala Main Road,Oct-Dec,2029,5017.156488,7806.993298,6411.96,13.0569,77.7881,Low
88844,Kannamangala Main Road,Jan-Mar,2030,5304.009427,8253.353498,6778.56,13.0569,77.7881,Low
88872,Kannamangala Main Road,Apr-Jun,2030,5642.356615,8779.841806,7210.97,13.0569,77.7881,Low
88900,Kannamangala Main Road,Jul-Sep,2030,6096.360467,9486.298747,7791.19,13.0569,77.7881,Low
88928,Kannamangala Main Road,Oct-Dec,2030,6350.889633,9882.361239,8116.48,13.0569,77.7881,Low
88956,Kasavanahalli,Jan-Mar,2024,5030.173531,8173.386469,6601.78,13.2414761,77.5675665,Moderate
88984,Kasavanahalli,Apr-Jun,2024,5384.240364,8748.699636,7066.47,13.2414761,77.5675665,Moderate
89012,Kasavanahalli,Jul-Sep,2024,5708.240965,9275.159035,7491.7,13.2414761,77.5675665,Moderate
89040,Kasavanahalli,Oct-Dec,2024,6111.544491,9930.475509,8021.01,13.2414761,77.5675665,Moderate
89068,Kasavanahalli,Jan-Mar,2025,6021.635334,9784.384666,7903.01,13.2414761,77.5675665,Moderate
89096,Kasavanahalli,Apr-Jun,2025,6154.022758,9999.497242,8076.76,13.2414761,77.5675665,Moderate
89124,Kasavanahalli,Jul-Sep,2025,4798.793965,7797.424368,6298.109167,13.2414761,77.5675665,Moderate
89152,Kasavanahalli,Oct-Dec,2025,4157.19371,6754.90629,5456.05,13.2414761,77.5675665,Moderate
89180,Kasavanahalli,Jan-Mar,2026,4023.632895,6537.887105,5280.76,13.2414761,77.5675665,Moderate
89208,Kasavanahalli,Apr-Jun,2026,4048.327436,6578.012564,5313.17,13.2414761,77.5675665,Moderate
89236,Kasavanahalli,Jul-Sep,2026,4021.484219,6534.395781,5277.94,13.2414761,77.5675665,Moderate
89264,Kasavanahalli,Oct-Dec,2026,4158.24519,6756.61481,5457.43,13.2414761,77.5675665,Moderate
89292,Kasavanahalli,Jan-Mar,2027,4278.136766,6951.423234,5614.78,13.2414761,77.5675665,Moderate
89320,Kasavanahalli,Apr-Jun,2027,4332.486089,7039.733911,5686.11,13.2414761,77.5675665,Moderate
89348,Kasavanahalli,Jul-Sep,2027,4269.557299,6937.482701,5603.52,13.2414761,77.5675665,Moderate
89376,Kasavanahalli,Oct-Dec,2027,4237.47954,6885.36046,5561.42,13.2414761,77.5675665,Moderate
89404,Kasavanahalli,Jan-Mar,2028,4264.665631,6929.534369,5597.1,13.2414761,77.5675665,Moderate
89432,Kasavanahalli,Apr-Jun,2028,4312.675597,7007.544403,5660.11,13.2414761,77.5675665,Moderate
89460,Kasavanahalli,Jul-Sep,2028,4644.630873,7546.929127,6095.78,13.2414761,77.5675665,Moderate
89488,Kasavanahalli,Oct-Dec,2028,4748.727391,7716.072609,6232.4,13.2414761,77.5675665,Moderate
89516,Kasavanahalli,Jan-Mar,2029,4748.59786,7715.86214,6232.23,13.2414761,77.5675665,Moderate
89544,Kasavanahalli,Apr-Jun,2029,4774.511508,7757.968492,6266.24,13.2414761,77.5675665,Moderate
89572,Kasavanahalli,Jul-Sep,2029,4815.656377,7824.823623,6320.24,13.2414761,77.5675665,Moderate
89600,Kasavanahalli,Oct-Dec,2029,4890.585754,7946.574246,6418.58,13.2414761,77.5675665,Moderate
89628,Kasavanahalli,Jan-Mar,2030,5030.173531,8173.386469,6601.78,13.2414761,77.5675665,Moderate
89656,Kasavanahalli,Apr-Jun,2030,5384.240364,8748.699636,7066.47,13.2414761,77.5675665,Moderate
89684,Kasavanahalli,Jul-Sep,2030,5708.240965,9275.159035,7491.7,13.2414761,77.5675665,Moderate
89712,Kasavanahalli,Oct-Dec,2030,6111.544491,9930.475509,8021.01,13.2414761,77.5675665,Moderate
89740,Kathriguppe Main Road,Jan-Mar,2024,5736.351042,9983.603811,7627.45,12.9281567,77.5517253,Moderate
89768,Kathriguppe Main Road,Apr-Jun,2024,6058.995171,10545.13694,8056.46,12.9281567,77.5517253,Moderate
89796,Kathriguppe Main Road,Jul-Sep,2024,6279.324477,10928.60031,8349.425119,12.9281567,77.5517253,Moderate
89824,Kathriguppe Main Road,Oct-Dec,2024,7005.873451,12193.09355,9315.495,12.9281567,77.5517253,Moderate
89852,Kathriguppe Main Road,Jan-Mar,2025,7144.199823,12433.83818,9499.423333,12.9281567,77.5517253,Moderate
89880,Kathriguppe Main Road,Apr-Jun,2025,7031.513911,12237.71847,9349.588333,12.9281567,77.5517253,Moderate
89908,Kathriguppe Main Road,Jul-Sep,2025,5828.445834,10143.88652,7749.905619,12.9281567,77.5517253,Moderate
89936,Kathriguppe Main Road,Oct-Dec,2025,4077.833422,7097.102842,5422.17,12.9281567,77.5517253,Moderate
89964,Kathriguppe Main Road,Jan-Mar,2026,4235.556847,7371.606299,5631.89,12.9281567,77.5517253,Moderate
89992,Kathriguppe Main Road,Apr-Jun,2026,4249.868676,7396.514752,5650.92,12.9281567,77.5517253,Moderate
90020,Kathriguppe Main Road,Jul-Sep,2026,4322.5484,7523.007285,5747.56,12.9281567,77.5517253,Moderate
90048,Kathriguppe Main Road,Oct-Dec,2026,4329.369645,7534.879049,5756.63,12.9281567,77.5517253,Moderate
90076,Kathriguppe Main Road,Jan-Mar,2027,4522.410122,7870.848663,6013.31,12.9281567,77.5517253,Moderate
90104,Kathriguppe Main Road,Apr-Jun,2027,4551.507582,7921.490179,6052.0,12.9281567,77.5517253,Moderate
90132,Kathriguppe Main Road,Jul-Sep,2027,4612.582918,8027.786315,6133.21,12.9281567,77.5517253,Moderate
90160,Kathriguppe Main Road,Oct-Dec,2027,4543.866585,7908.191709,6041.84,12.9281567,77.5517253,Moderate
90188,Kathriguppe Main Road,Jan-Mar,2028,5138.382821,8942.893824,6832.35,12.9281567,77.5517253,Moderate
90216,Kathriguppe Main Road,Apr-Jun,2028,5358.730839,9326.38976,7125.34,12.9281567,77.5517253,Moderate
90244,Kathriguppe Main Road,Jul-Sep,2028,5573.716622,9700.553207,7411.2,12.9281567,77.5517253,Moderate
90272,Kathriguppe Main Road,Oct-Dec,2028,5657.504371,9846.37826,7522.61,12.9281567,77.5517253,Moderate
90300,Kathriguppe Main Road,Jan-Mar,2029,5699.943494,9920.239743,7579.04,12.9281567,77.5517253,Moderate
90328,Kathriguppe Main Road,Apr-Jun,2029,5962.948735,10377.97674,7928.75,12.9281567,77.5517253,Moderate
90356,Kathriguppe Main Road,Jul-Sep,2029,6175.212036,10747.40196,8210.99,12.9281567,77.5517253,Moderate
90384,Kathriguppe Main Road,Oct-Dec,2029,6306.455194,10975.81889,8385.5,12.9281567,77.5517253,Moderate
90412,Kathriguppe Main Road,Jan-Mar,2030,5736.351042,9983.603811,7627.45,12.9281567,77.5517253,Moderate
90440,Kathriguppe Main Road,Apr-Jun,2030,6058.995171,10545.13694,8056.46,12.9281567,77.5517253,Moderate
90468,Kathriguppe Main Road,Jul-Sep,2030,6279.324477,10928.60031,8349.425119,12.9281567,77.5517253,Moderate
90496,Kathriguppe Main Road,Oct-Dec,2030,7005.873451,12193.09355,9315.495,12.9281567,77.5517253,Moderate
90524,Kempegowda International Airport Road,Jan-Mar,2024,5848.076418,8263.972686,7055.98,13.19912107,77.70902959,Moderate
90552,Kempegowda International Airport Road,Apr-Jun,2024,6075.303342,8585.069225,7330.14,13.19912107,77.70902959,Moderate
90580,Kempegowda International Airport Road,Jul-Sep,2024,6433.503182,9091.244842,7762.325,13.19912107,77.70902959,Moderate
90608,Kempegowda International Airport Road,Oct-Dec,2024,6561.003379,9271.416589,7916.16,13.19912107,77.70902959,Moderate
90636,Kempegowda International Airport Road,Jan-Mar,2025,7541.246869,10656.60803,9098.87,13.19912107,77.70902959,Moderate
90664,Kempegowda International Airport Road,Apr-Jun,2025,7834.662668,11071.23671,9452.89,13.19912107,77.70902959,Moderate
90692,Kempegowda International Airport Road,Jul-Sep,2025,7362.752119,10404.3754,8883.507667,13.19912107,77.70902959,Moderate
90720,Kempegowda International Airport Road,Oct-Dec,2025,4577.00302,6467.806718,5522.37,13.19912107,77.70902959,Moderate
90748,Kempegowda International Airport Road,Jan-Mar,2026,4543.74282,6420.806411,5482.24,13.19912107,77.70902959,Moderate
90776,Kempegowda International Airport Road,Apr-Jun,2026,4556.804887,6439.264543,5498.0,13.19912107,77.70902959,Moderate
90804,Kempegowda International Airport Road,Jul-Sep,2026,4592.418912,6489.591061,5540.97,13.19912107,77.70902959,Moderate
90832,Kempegowda International Airport Road,Oct-Dec,2026,4586.675249,6481.474637,5534.04,13.19912107,77.70902959,Moderate
90860,Kempegowda International Airport Road,Jan-Mar,2027,4628.546799,6540.643724,5584.56,13.19912107,77.70902959,Moderate
90888,Kempegowda International Airport Road,Apr-Jun,2027,4635.052968,6549.837654,5592.41,13.19912107,77.70902959,Moderate
90916,Kempegowda International Airport Road,Jul-Sep,2027,4629.823168,6542.447374,5586.1,13.19912107,77.70902959,Moderate
90944,Kempegowda International Airport Road,Oct-Dec,2027,4600.77333,6501.39677,5551.05,13.19912107,77.70902959,Moderate
90972,Kempegowda International Airport Road,Jan-Mar,2028,5136.823657,7258.894611,6197.82,13.19912107,77.70902959,Moderate
91000,Kempegowda International Airport Road,Apr-Jun,2028,5210.09887,7362.440514,6286.23,13.19912107,77.70902959,Moderate
91028,Kempegowda International Airport Road,Jul-Sep,2028,5331.113617,7533.447611,6432.24,13.19912107,77.70902959,Moderate
91056,Kempegowda International Airport Road,Oct-Dec,2028,5474.614017,7736.229397,6605.38,13.19912107,77.70902959,Moderate
91084,Kempegowda International Airport Road,Jan-Mar,2029,5529.091788,7813.212456,6671.11,13.19912107,77.70902959,Moderate
91112,Kempegowda International Airport Road,Apr-Jun,2029,5677.142362,8022.424138,6849.74,13.19912107,77.70902959,Moderate
91140,Kempegowda International Airport Road,Jul-Sep,2029,5817.410398,8220.63824,7018.98,13.19912107,77.70902959,Moderate
91168,Kempegowda International Airport Road,Oct-Dec,2029,5767.060107,8149.487763,6958.23,13.19912107,77.70902959,Moderate
91196,Kempegowda International Airport Road,Jan-Mar,2030,5848.076418,8263.972686,7055.98,13.19912107,77.70902959,Moderate
91224,Kempegowda International Airport Road,Apr-Jun,2030,6075.303342,8585.069225,7330.14,13.19912107,77.70902959,Moderate
91252,Kempegowda International Airport Road,Jul-Sep,2030,6433.503182,9091.244842,7762.325,13.19912107,77.70902959,Moderate
91280,Kempegowda International Airport Road,Oct-Dec,2030,6561.003379,9271.416589,7916.16,13.19912107,77.70902959,Moderate
91308,Kengeri,Jan-Mar,2024,4147.54712,6280.691048,5214.25,12.9176571,77.4837568,Moderate
91336,Kengeri,Apr-Jun,2024,4398.432259,6660.610071,5529.66,12.9176571,77.4837568,Moderate
91364,Kengeri,Jul-Sep,2024,4404.774452,6670.214145,5537.633333,12.9176571,77.4837568,Moderate
91392,Kengeri,Oct-Dec,2024,4857.233655,7355.379711,6106.46,12.9176571,77.4837568,Moderate
91420,Kengeri,Jan-Mar,2025,4697.053531,7112.816614,5905.083333,12.9176571,77.4837568,Moderate
91448,Kengeri,Apr-Jun,2025,4742.201879,7181.185416,5961.843333,12.9176571,77.4837568,Moderate
91476,Kengeri,Jul-Sep,2025,4108.701988,6221.867299,5165.414333,12.9176571,77.4837568,Moderate
91504,Kengeri,Oct-Dec,2025,3784.444685,5730.839739,4757.761667,12.9176571,77.4837568,Moderate
91532,Kengeri,Jan-Mar,2026,3425.658759,5187.524982,4306.7,12.9176571,77.4837568,Moderate
91560,Kengeri,Apr-Jun,2026,3419.231721,5177.792425,4298.62,12.9176571,77.4837568,Moderate
91588,Kengeri,Jul-Sep,2026,3410.808166,5165.036512,4288.03,12.9176571,77.4837568,Moderate
91616,Kengeri,Oct-Dec,2026,3565.399101,5399.135818,4482.38,12.9176571,77.4837568,Moderate
91644,Kengeri,Jan-Mar,2027,3493.238104,5289.86137,4391.66,12.9176571,77.4837568,Moderate
91672,Kengeri,Apr-Jun,2027,3466.519764,5249.401397,4358.07,12.9176571,77.4837568,Moderate
91700,Kengeri,Jul-Sep,2027,3461.007465,5241.054044,4351.14,12.9176571,77.4837568,Moderate
91728,Kengeri,Oct-Dec,2027,3518.484908,5328.092972,4423.4,12.9176571,77.4837568,Moderate
91756,Kengeri,Jan-Mar,2028,3673.489464,5562.818631,4618.27,12.9176571,77.4837568,Moderate
91784,Kengeri,Apr-Jun,2028,3726.027315,5642.377464,4684.32,12.9176571,77.4837568,Moderate
91812,Kengeri,Jul-Sep,2028,3882.43182,5879.223085,4880.95,12.9176571,77.4837568,Moderate
91840,Kengeri,Oct-Dec,2028,4059.756014,6147.747696,5103.88,12.9176571,77.4837568,Moderate
91868,Kengeri,Jan-Mar,2029,3926.188173,5945.483969,4935.96,12.9176571,77.4837568,Moderate
91896,Kengeri,Apr-Jun,2029,4030.5639,6103.541653,5067.18,12.9176571,77.4837568,Moderate
91924,Kengeri,Jul-Sep,2029,4321.427122,6544.000069,5432.85,12.9176571,77.4837568,Moderate
91952,Kengeri,Oct-Dec,2029,4262.167927,6454.263006,5358.35,12.9176571,77.4837568,Moderate
91980,Kengeri,Jan-Mar,2030,4147.54712,6280.691048,5214.25,12.9176571,77.4837568,Moderate
92008,Kengeri,Apr-Jun,2030,4398.432259,6660.610071,5529.66,12.9176571,77.4837568,Moderate
92036,Kengeri,Jul-Sep,2030,4404.774452,6670.214145,5537.633333,12.9176571,77.4837568,Moderate
92064,Kengeri,Oct-Dec,2030,4857.233655,7355.379711,6106.46,12.9176571,77.4837568,Moderate
92092,Kengeri Satellite Town,Jan-Mar,2024,3872.569662,6045.400232,4958.86,12.9239162,77.4850018,Moderate
92120,Kengeri Satellite Town,Apr-Jun,2024,4081.037557,6370.835789,5225.805,12.9239162,77.4850018,Moderate
92148,Kengeri Satellite Town,Jul-Sep,2024,4222.783544,6592.11295,5407.312,12.9239162,77.4850018,Moderate
92176,Kengeri Satellite Town,Oct-Dec,2024,4482.413129,6997.416118,5739.77,12.9239162,77.4850018,Moderate
92204,Kengeri Satellite Town,Jan-Mar,2025,4372.431466,6825.725684,5598.9375,12.9239162,77.4850018,Moderate
92232,Kengeri Satellite Town,Apr-Jun,2025,4320.422197,6744.53493,5532.339167,12.9239162,77.4850018,Moderate
92260,Kengeri Satellite Town,Jul-Sep,2025,3951.402381,6168.4646,5059.806,12.9239162,77.4850018,Moderate
92288,Kengeri Satellite Town,Oct-Dec,2025,3565.67085,5566.305907,4565.873333,12.9239162,77.4850018,Moderate
92316,Kengeri Satellite Town,Jan-Mar,2026,3376.282608,5270.655261,4323.36,12.9239162,77.4850018,Moderate
92344,Kengeri Satellite Town,Apr-Jun,2026,3367.801605,5257.415717,4312.5,12.9239162,77.4850018,Moderate
92372,Kengeri Satellite Town,Jul-Sep,2026,3358.383475,5242.71324,4300.44,12.9239162,77.4850018,Moderate
92400,Kengeri Satellite Town,Oct-Dec,2026,3525.855951,5504.15157,4514.89,12.9239162,77.4850018,Moderate
92428,Kengeri Satellite Town,Jan-Mar,2027,3455.048166,5393.614786,4424.22,12.9239162,77.4850018,Moderate
92456,Kengeri Satellite Town,Apr-Jun,2027,3422.693843,5343.107021,4382.79,12.9239162,77.4850018,Moderate
92484,Kengeri Satellite Town,Jul-Sep,2027,3412.174588,5326.685598,4369.32,12.9239162,77.4850018,Moderate
92512,Kengeri Satellite Town,Oct-Dec,2027,3474.337372,5423.726825,4448.92,12.9239162,77.4850018,Moderate
92540,Kengeri Satellite Town,Jan-Mar,2028,3534.063625,5516.964426,4525.4,12.9239162,77.4850018,Moderate
92568,Kengeri Satellite Town,Apr-Jun,2028,3593.211983,5609.299884,4601.14,12.9239162,77.4850018,Moderate
92596,Kengeri Satellite Town,Jul-Sep,2028,3742.207431,5841.894051,4791.93,12.9239162,77.4850018,Moderate
92624,Kengeri Satellite Town,Oct-Dec,2028,3897.903339,6084.94819,4991.3,12.9239162,77.4850018,Moderate
92652,Kengeri Satellite Town,Jan-Mar,2029,3758.966392,5868.056171,4813.39,12.9239162,77.4850018,Moderate
92680,Kengeri Satellite Town,Apr-Jun,2029,3838.294227,5991.893455,4914.97,12.9239162,77.4850018,Moderate
92708,Kengeri Satellite Town,Jul-Sep,2029,4039.448624,6305.912039,5172.55,12.9239162,77.4850018,Moderate
92736,Kengeri Satellite Town,Oct-Dec,2029,3964.431576,6188.804246,5076.49,12.9239162,77.4850018,Moderate
92764,Kengeri Satellite Town,Jan-Mar,2030,3872.569662,6045.400232,4958.86,12.9239162,77.4850018,Moderate
92792,Kengeri Satellite Town,Apr-Jun,2030,4081.037557,6370.835789,5225.805,12.9239162,77.4850018,Moderate
92820,Kengeri Satellite Town,Jul-Sep,2030,4222.783544,6592.11295,5407.312,12.9239162,77.4850018,Moderate
92848,Kengeri Satellite Town,Oct-Dec,2030,4482.413129,6997.416118,5739.77,12.9239162,77.4850018,Moderate
92876,Kogilu,Jan-Mar,2024,5872.648289,9457.924666,7665.38,13.103973,77.6167721,Moderate
92904,Kogilu,Apr-Jun,2024,6038.65251,9725.275158,7882.06,13.103973,77.6167721,Moderate
92932,Kogilu,Jul-Sep,2024,6016.626382,9689.801987,7853.31,13.103973,77.6167721,Moderate
92960,Kogilu,Oct-Dec,2024,6154.758932,9912.265038,8033.61,13.103973,77.6167721,Moderate
92988,Kogilu,Jan-Mar,2025,6469.311188,10418.85276,8444.185,13.103973,77.6167721,Moderate
93016,Kogilu,Apr-Jun,2025,6860.790173,11049.33131,8955.17,13.103973,77.6167721,Moderate
93044,Kogilu,Jul-Sep,2025,5764.941802,9284.462917,7524.794167,13.103973,77.6167721,Moderate
93072,Kogilu,Oct-Dec,2025,4331.499291,6975.89775,5653.7675,13.103973,77.6167721,Moderate
93100,Kogilu,Jan-Mar,2026,4141.072883,6669.215223,5405.21,13.103973,77.6167721,Moderate
93128,Kogilu,Apr-Jun,2026,4128.937445,6649.671048,5389.37,13.103973,77.6167721,Moderate
93156,Kogilu,Jul-Sep,2026,4142.122476,6670.905596,5406.58,13.103973,77.6167721,Moderate
93184,Kogilu,Oct-Dec,2026,4293.784815,6915.158428,5604.54,13.103973,77.6167721,Moderate
93212,Kogilu,Jan-Mar,2027,4200.761774,6765.344431,5483.12,13.103973,77.6167721,Moderate
93240,Kogilu,Apr-Jun,2027,4221.110085,6798.115472,5509.68,13.103973,77.6167721,Moderate
93268,Kogilu,Jul-Sep,2027,4235.306403,6820.978701,5528.21,13.103973,77.6167721,Moderate
93296,Kogilu,Oct-Dec,2027,4379.161916,7052.658607,5715.98,13.103973,77.6167721,Moderate
93324,Kogilu,Jan-Mar,2028,4140.919658,6668.968453,5405.01,13.103973,77.6167721,Moderate
93352,Kogilu,Apr-Jun,2028,4209.020614,6778.645328,5493.9,13.103973,77.6167721,Moderate
93380,Kogilu,Jul-Sep,2028,4361.341821,7023.959269,5692.72,13.103973,77.6167721,Moderate
93408,Kogilu,Oct-Dec,2028,4946.754157,7966.768288,6456.84,13.103973,77.6167721,Moderate
93436,Kogilu,Jan-Mar,2029,4862.786728,7831.538392,6347.24,13.103973,77.6167721,Moderate
93464,Kogilu,Apr-Jun,2029,4931.339698,7941.943238,6436.72,13.103973,77.6167721,Moderate
93492,Kogilu,Jul-Sep,2029,5280.754526,8504.677281,6892.8,13.103973,77.6167721,Moderate
93520,Kogilu,Oct-Dec,2029,5382.204954,8668.063621,7025.22,13.103973,77.6167721,Moderate
93548,Kogilu,Jan-Mar,2030,5872.648289,9457.924666,7665.38,13.103973,77.6167721,Moderate
93576,Kogilu,Apr-Jun,2030,6038.65251,9725.275158,7882.06,13.103973,77.6167721,Moderate
93604,Kogilu,Jul-Sep,2030,6016.626382,9689.801987,7853.31,13.103973,77.6167721,Moderate
93632,Kogilu,Oct-Dec,2030,6154.758932,9912.265038,8033.61,13.103973,77.6167721,Moderate
93660,Konanakunte,Jan-Mar,2024,6189.380772,10437.92465,8313.59,12.8792861,77.5697529,Moderate
93688,Konanakunte,Apr-Jun,2024,6687.913301,11278.66223,8983.22,12.8792861,77.5697529,Moderate
93716,Konanakunte,Jul-Sep,2024,6157.453338,10384.08144,8270.705,12.8792861,77.5697529,Moderate
93744,Konanakunte,Oct-Dec,2024,6681.838267,11268.41714,8975.06,12.8792861,77.5697529,Moderate
93772,Konanakunte,Jan-Mar,2025,6327.029443,10670.05877,8498.48,12.8792861,77.5697529,Moderate
93800,Konanakunte,Apr-Jun,2025,6645.551846,11207.22282,8926.32,12.8792861,77.5697529,Moderate
93828,Konanakunte,Jul-Sep,2025,5428.989825,9155.582573,7292.23119,12.8792861,77.5697529,Moderate
93856,Konanakunte,Oct-Dec,2025,4562.639493,7694.547968,6128.5475,12.8792861,77.5697529,Moderate
93884,Konanakunte,Jan-Mar,2026,4878.275138,8226.843719,6552.51,12.8792861,77.5697529,Moderate
93912,Konanakunte,Apr-Jun,2026,5225.609287,8812.596608,7019.05,12.8792861,77.5697529,Moderate
93940,Konanakunte,Jul-Sep,2026,5452.038335,9194.452149,7323.19,12.8792861,77.5697529,Moderate
93968,Konanakunte,Oct-Dec,2026,5617.568138,9473.6057,7545.53,12.8792861,77.5697529,Moderate
93996,Konanakunte,Jan-Mar,2027,5510.182967,9292.508695,7401.29,12.8792861,77.5697529,Moderate
94024,Konanakunte,Apr-Jun,2027,5899.297869,9948.721678,7923.95,12.8792861,77.5697529,Moderate
94052,Konanakunte,Jul-Sep,2027,5922.451494,9987.768523,7955.05,12.8792861,77.5697529,Moderate
94080,Konanakunte,Oct-Dec,2027,5931.243915,10002.59628,7966.86,12.8792861,77.5697529,Moderate
94108,Konanakunte,Jan-Mar,2028,5560.651913,9377.620772,7469.08,12.8792861,77.5697529,Moderate
94136,Konanakunte,Apr-Jun,2028,5801.561283,9783.896284,7792.67,12.8792861,77.5697529,Moderate
94164,Konanakunte,Jul-Sep,2028,5960.40557,10051.77522,8006.03,12.8792861,77.5697529,Moderate
94192,Konanakunte,Oct-Dec,2028,6315.229284,10650.15869,8482.63,12.8792861,77.5697529,Moderate
94220,Konanakunte,Jan-Mar,2029,5440.848657,9175.5816,7308.16,12.8792861,77.5697529,Moderate
94248,Konanakunte,Apr-Jun,2029,5661.664254,9547.970478,7604.76,12.8792861,77.5697529,Moderate
94276,Konanakunte,Jul-Sep,2029,5813.46567,9803.972138,7808.66,12.8792861,77.5697529,Moderate
94304,Konanakunte,Oct-Dec,2029,6164.723279,10396.34165,8280.47,12.8792861,77.5697529,Moderate
94332,Konanakunte,Jan-Mar,2030,6189.380772,10437.92465,8313.59,12.8792861,77.5697529,Moderate
94360,Konanakunte,Apr-Jun,2030,6687.913301,11278.66223,8983.22,12.8792861,77.5697529,Moderate
94388,Konanakunte,Jul-Sep,2030,6157.453338,10384.08144,8270.705,12.8792861,77.5697529,Moderate
94416,Konanakunte,Oct-Dec,2030,6681.838267,11268.41714,8975.06,12.8792861,77.5697529,Moderate
94444,Koramangala,Jan-Mar,2024,9350.366846,15105.14841,12227.84,12.9340114,77.6222304,Moderate
94472,Koramangala,Apr-Jun,2024,9495.923407,15340.28929,12418.19,12.9340114,77.6222304,Moderate
94500,Koramangala,Jul-Sep,2024,9543.9911,15417.94075,12481.05,12.9340114,77.6222304,Moderate
94528,Koramangala,Oct-Dec,2024,9096.784149,14695.49558,11896.22,12.9340114,77.6222304,Moderate
94556,Koramangala,Jan-Mar,2025,10123.01334,16353.32831,13238.26,12.9340114,77.6222304,Moderate
94584,Koramangala,Apr-Jun,2025,10478.4818,16927.57358,13703.12,12.9340114,77.6222304,Moderate
94612,Koramangala,Jul-Sep,2025,9666.502798,15615.85356,12641.26333,12.9340114,77.6222304,Moderate
94640,Koramangala,Oct-Dec,2025,7289.940519,11776.61104,9533.34,12.9340114,77.6222304,Moderate
94668,Koramangala,Jan-Mar,2026,8253.64959,13333.44499,10793.62,12.9340114,77.6222304,Moderate
94696,Koramangala,Apr-Jun,2026,8459.929273,13666.68167,11063.38,12.9340114,77.6222304,Moderate
94724,Koramangala,Jul-Sep,2026,8449.23142,13649.39971,11049.39,12.9340114,77.6222304,Moderate
94752,Koramangala,Oct-Dec,2026,8482.563758,13703.24679,11092.98,12.9340114,77.6222304,Moderate
94780,Koramangala,Jan-Mar,2027,8732.330709,14106.73544,11419.61,12.9340114,77.6222304,Moderate
94808,Koramangala,Apr-Jun,2027,8774.051571,14174.13384,11474.17,12.9340114,77.6222304,Moderate
94836,Koramangala,Jul-Sep,2027,8651.634183,13976.37339,11314.08,12.9340114,77.6222304,Moderate
94864,Koramangala,Oct-Dec,2027,8761.809067,14154.35656,11458.16,12.9340114,77.6222304,Moderate
94892,Koramangala,Jan-Mar,2028,7851.451618,12683.71005,10267.65,12.9340114,77.6222304,Moderate
94920,Koramangala,Apr-Jun,2028,7997.895205,12920.28388,10459.16,12.9340114,77.6222304,Moderate
94948,Koramangala,Jul-Sep,2028,8128.991694,13132.06508,10630.6,12.9340114,77.6222304,Moderate
94976,Koramangala,Oct-Dec,2028,8381.939709,13540.69261,10961.39,12.9340114,77.6222304,Moderate
95004,Koramangala,Jan-Mar,2029,8284.817887,13383.79614,10834.38,12.9340114,77.6222304,Moderate
95032,Koramangala,Apr-Jun,2029,8617.850685,13921.79748,11269.9,12.9340114,77.6222304,Moderate
95060,Koramangala,Jul-Sep,2029,8965.73354,14483.78849,11724.84,12.9340114,77.6222304,Moderate
95088,Koramangala,Oct-Dec,2029,8580.840244,13862.00857,11221.5,12.9340114,77.6222304,Moderate
95116,Koramangala,Jan-Mar,2030,9350.366846,15105.14841,12227.84,12.9340114,77.6222304,Moderate
95144,Koramangala,Apr-Jun,2030,9495.923407,15340.28929,12418.19,12.9340114,77.6222304,Moderate
95172,Koramangala,Jul-Sep,2030,9543.9911,15417.94075,12481.05,12.9340114,77.6222304,Moderate
95200,Koramangala,Oct-Dec,2030,9096.784149,14695.49558,11896.22,12.9340114,77.6222304,Moderate
95228,Kothanur,Jan-Mar,2024,5538.120916,9023.767558,7280.83,13.0613601,77.6493895,Moderate
95256,Kothanur,Apr-Jun,2024,5633.323141,9178.88926,7405.99,13.0613601,77.6493895,Moderate
95284,Kothanur,Jul-Sep,2024,5693.474882,9276.900001,7485.07,13.0613601,77.6493895,Moderate
95312,Kothanur,Oct-Dec,2024,7362.936714,11997.10704,9679.87,13.0613601,77.6493895,Moderate
95340,Kothanur,Jan-Mar,2025,6228.785826,10149.13114,8188.83,13.0613601,77.6493895,Moderate
95368,Kothanur,Apr-Jun,2025,6354.147592,10353.39455,8353.64,13.0613601,77.6493895,Moderate
95396,Kothanur,Jul-Sep,2025,4921.917367,8019.730686,6470.7225,13.0613601,77.6493895,Moderate
95424,Kothanur,Oct-Dec,2025,4867.909729,7931.731096,6399.72,13.0613601,77.6493895,Moderate
95452,Kothanur,Jan-Mar,2026,4246.075511,6918.51966,5582.21,13.0613601,77.6493895,Moderate
95480,Kothanur,Apr-Jun,2026,4351.645316,7090.534211,5721.0,13.0613601,77.6493895,Moderate
95508,Kothanur,Jul-Sep,2026,4464.502092,7274.422091,5869.37,13.0613601,77.6493895,Moderate
95536,Kothanur,Oct-Dec,2026,4471.77385,7286.270632,5878.93,13.0613601,77.6493895,Moderate
95564,Kothanur,Jan-Mar,2027,4360.871929,7105.567978,5733.13,13.0613601,77.6493895,Moderate
95592,Kothanur,Apr-Jun,2027,4385.060414,7144.980491,5764.93,13.0613601,77.6493895,Moderate
95620,Kothanur,Jul-Sep,2027,4330.681962,7056.376699,5693.44,13.0613601,77.6493895,Moderate
95648,Kothanur,Oct-Dec,2027,4353.181817,7093.037773,5723.02,13.0613601,77.6493895,Moderate
95676,Kothanur,Jan-Mar,2028,4292.353102,6993.923978,5643.05,13.0613601,77.6493895,Moderate
95704,Kothanur,Apr-Jun,2028,4177.685993,6807.086357,5492.3,13.0613601,77.6493895,Moderate
95732,Kothanur,Jul-Sep,2028,4494.517111,7323.32831,5908.83,13.0613601,77.6493895,Moderate
95760,Kothanur,Oct-Dec,2028,4884.506985,7958.774525,6421.54,13.0613601,77.6493895,Moderate
95788,Kothanur,Jan-Mar,2029,4785.988351,7798.249094,6292.02,13.0613601,77.6493895,Moderate
95816,Kothanur,Apr-Jun,2029,4742.821795,7727.91387,6235.27,13.0613601,77.6493895,Moderate
95844,Kothanur,Jul-Sep,2029,4903.021064,7988.941209,6445.88,13.0613601,77.6493895,Moderate
95872,Kothanur,Oct-Dec,2029,5107.056257,8321.394434,6714.12,13.0613601,77.6493895,Moderate
95900,Kothanur,Jan-Mar,2030,5538.120916,9023.767558,7280.83,13.0613601,77.6493895,Moderate
95928,Kothanur,Apr-Jun,2030,5633.323141,9178.88926,7405.99,13.0613601,77.6493895,Moderate
95956,Kothanur,Jul-Sep,2030,5693.474882,9276.900001,7485.07,13.0613601,77.6493895,Moderate
95984,Kothanur,Oct-Dec,2030,7362.936714,11997.10704,9679.87,13.0613601,77.6493895,Moderate
96012,Krishnarajapura,Jan-Mar,2024,4558.086945,7587.806187,6072.99,12.9999024,77.6776703,Moderate
96040,Krishnarajapura,Apr-Jun,2024,4667.352117,7769.698932,6218.57,12.9999024,77.6776703,Moderate
96068,Krishnarajapura,Jul-Sep,2024,4801.229848,7992.563983,6396.942667,12.9999024,77.6776703,Moderate
96096,Krishnarajapura,Oct-Dec,2024,5221.160968,8691.619527,6956.44,12.9999024,77.6776703,Moderate
96124,Krishnarajapura,Jan-Mar,2025,5557.747309,9251.931771,7404.8925,12.9999024,77.6776703,Moderate
96152,Krishnarajapura,Apr-Jun,2025,5801.736333,9658.098097,7729.9725,12.9999024,77.6776703,Moderate
96180,Krishnarajapura,Jul-Sep,2025,4877.11165,8118.883734,6498.044167,12.9999024,77.6776703,Moderate
96208,Krishnarajapura,Oct-Dec,2025,3999.429536,6657.814242,5328.66,12.9999024,77.6776703,Moderate
96236,Krishnarajapura,Jan-Mar,2026,3567.720274,5939.151732,4753.47,12.9999024,77.6776703,Moderate
96264,Krishnarajapura,Apr-Jun,2026,3578.640787,5957.331011,4768.02,12.9999024,77.6776703,Moderate
96292,Krishnarajapura,Jul-Sep,2026,3622.390388,6030.160576,4826.31,12.9999024,77.6776703,Moderate
96320,Krishnarajapura,Oct-Dec,2026,3624.431886,6033.559039,4829.03,12.9999024,77.6776703,Moderate
96348,Krishnarajapura,Jan-Mar,2027,3689.549665,6141.960019,4915.79,12.9999024,77.6776703,Moderate
96376,Krishnarajapura,Apr-Jun,2027,3695.62162,6152.067948,4923.88,12.9999024,77.6776703,Moderate
96404,Krishnarajapura,Jul-Sep,2027,3731.062625,6211.066268,4971.1,12.9999024,77.6776703,Moderate
96432,Krishnarajapura,Oct-Dec,2027,3733.081606,6214.427248,4973.79,12.9999024,77.6776703,Moderate
96460,Krishnarajapura,Jan-Mar,2028,3984.058257,6632.225814,5308.18,12.9999024,77.6776703,Moderate
96488,Krishnarajapura,Apr-Jun,2028,3887.672536,6471.773373,5179.76,12.9999024,77.6776703,Moderate
96516,Krishnarajapura,Jul-Sep,2028,4004.195533,6665.748154,5335.01,12.9999024,77.6776703,Moderate
96544,Krishnarajapura,Oct-Dec,2028,4103.726062,6831.435728,5467.62,12.9999024,77.6776703,Moderate
96572,Krishnarajapura,Jan-Mar,2029,4214.026994,7015.052694,5614.58,12.9999024,77.6776703,Moderate
96600,Krishnarajapura,Apr-Jun,2029,4279.114752,7123.403696,5701.3,12.9999024,77.6776703,Moderate
96628,Krishnarajapura,Jul-Sep,2029,4292.429521,7145.568673,5719.04,12.9999024,77.6776703,Moderate
96656,Krishnarajapura,Oct-Dec,2029,4483.046885,7462.887677,5973.01,12.9999024,77.6776703,Moderate
96684,Krishnarajapura,Jan-Mar,2030,4558.086945,7587.806187,6072.99,12.9999024,77.6776703,Moderate
96712,Krishnarajapura,Apr-Jun,2030,4667.352117,7769.698932,6218.57,12.9999024,77.6776703,Moderate
96740,Krishnarajapura,Jul-Sep,2030,4801.229848,7992.563983,6396.942667,12.9999024,77.6776703,Moderate
96768,Krishnarajapura,Oct-Dec,2030,5221.160968,8691.619527,6956.44,12.9999024,77.6776703,Moderate
96824,Kudlu Gate,Jan-Mar,2024,4841.722621,8105.38414,6473.61,12.8895775,77.6394582,Moderate
96852,Kudlu Gate,Apr-Jun,2024,4912.236231,8223.428881,6567.89,12.8895775,77.6394582,Moderate
96880,Kudlu Gate,Jul-Sep,2024,5284.265078,8846.231333,7065.31,12.8895775,77.6394582,Moderate
96908,Kudlu Gate,Oct-Dec,2024,6537.190505,10943.7166,8740.53,12.8895775,77.6394582,Moderate
96936,Kudlu Gate,Jan-Mar,2025,5661.136688,9477.140909,7569.205,12.8895775,77.6394582,Moderate
96964,Kudlu Gate,Apr-Jun,2025,5845.371069,9785.562218,7815.535,12.8895775,77.6394582,Moderate
96992,Kudlu Gate,Jul-Sep,2025,5319.521183,8905.252531,7112.449063,12.8895775,77.6394582,Moderate
97020,Kudlu Gate,Oct-Dec,2025,4771.76247,7988.265927,6380.07,12.8895775,77.6394582,Moderate
97048,Kudlu Gate,Jan-Mar,2026,4758.756194,7966.492507,6362.68,12.8895775,77.6394582,Moderate
97076,Kudlu Gate,Apr-Jun,2026,4851.071583,8121.034959,6486.11,12.8895775,77.6394582,Moderate
97104,Kudlu Gate,Jul-Sep,2026,4926.386819,8247.117961,6586.81,12.8895775,77.6394582,Moderate
97132,Kudlu Gate,Oct-Dec,2026,4710.79976,7886.210063,6298.56,12.8895775,77.6394582,Moderate
97160,Kudlu Gate,Jan-Mar,2027,4893.792599,8192.552944,6543.23,12.8895775,77.6394582,Moderate
97188,Kudlu Gate,Apr-Jun,2027,4904.86177,8211.083515,6558.03,12.8895775,77.6394582,Moderate
97216,Kudlu Gate,Jul-Sep,2027,4950.634287,8287.709927,6619.23,12.8895775,77.6394582,Moderate
97244,Kudlu Gate,Oct-Dec,2027,4939.61747,8269.267001,6604.5,12.8895775,77.6394582,Moderate
97272,Kudlu Gate,Jan-Mar,2028,4703.926403,7874.703581,6289.37,12.8895775,77.6394582,Moderate
97300,Kudlu Gate,Apr-Jun,2028,4797.730146,8031.737643,6414.79,12.8895775,77.6394582,Moderate
97328,Kudlu Gate,Jul-Sep,2028,4575.651168,7659.961816,6117.86,12.8895775,77.6394582,Moderate
97356,Kudlu Gate,Oct-Dec,2028,4557.020556,7628.772863,6092.95,12.8895775,77.6394582,Moderate
97384,Kudlu Gate,Jan-Mar,2029,4736.744999,7929.644218,6333.25,12.8895775,77.6394582,Moderate
97412,Kudlu Gate,Apr-Jun,2029,4965.263542,8312.200329,6638.79,12.8895775,77.6394582,Moderate
97440,Kudlu Gate,Jul-Sep,2029,4601.65624,7703.496136,6152.63,12.8895775,77.6394582,Moderate
97468,Kudlu Gate,Oct-Dec,2029,4850.136687,8119.469877,6484.86,12.8895775,77.6394582,Moderate
97496,Kudlu Gate,Jan-Mar,2030,4841.722621,8105.38414,6473.61,12.8895775,77.6394582,Moderate
97524,Kudlu Gate,Apr-Jun,2030,4912.236231,8223.428881,6567.89,12.8895775,77.6394582,Moderate
97552,Kudlu Gate,Jul-Sep,2030,5284.265078,8846.231333,7065.31,12.8895775,77.6394582,Moderate
97580,Kudlu Gate,Oct-Dec,2030,6537.190505,10943.7166,8740.53,12.8895775,77.6394582,Moderate
97608,Kudlu Main Road,Jan-Mar,2024,4505.790017,7437.281059,5969.59,12.8898296,77.6399476,Moderate
97636,Kudlu Main Road,Apr-Jun,2024,4596.885686,7587.644057,6090.28,12.8898296,77.6399476,Moderate
97664,Kudlu Main Road,Jul-Sep,2024,4808.118849,7936.306643,6370.136667,12.8898296,77.6399476,Moderate
97692,Kudlu Main Road,Oct-Dec,2024,5067.165476,8363.890388,6713.34,12.8898296,77.6399476,Moderate
97720,Kudlu Main Road,Jan-Mar,2025,5438.975292,8977.601656,7205.94,12.8898296,77.6399476,Moderate
97748,Kudlu Main Road,Apr-Jun,2025,5708.880839,9423.109193,7563.53,12.8898296,77.6399476,Moderate
97776,Kudlu Main Road,Jul-Sep,2025,4847.677349,8001.602114,6422.546571,12.8898296,77.6399476,Moderate
97804,Kudlu Main Road,Oct-Dec,2025,3546.705363,5854.210807,4698.926667,12.8898296,77.6399476,Moderate
97832,Kudlu Main Road,Jan-Mar,2026,3021.14723,4986.721749,4002.63,12.8898296,77.6399476,Moderate
97860,Kudlu Main Road,Apr-Jun,2026,3051.187894,5036.307028,4042.43,12.8898296,77.6399476,Moderate
97888,Kudlu Main Road,Jul-Sep,2026,3084.798716,5091.785231,4086.96,12.8898296,77.6399476,Moderate
97916,Kudlu Main Road,Oct-Dec,2026,3131.437223,5168.766999,4148.75,12.8898296,77.6399476,Moderate
97944,Kudlu Main Road,Jan-Mar,2027,3269.178947,5396.124225,4331.24,12.8898296,77.6399476,Moderate
97972,Kudlu Main Road,Apr-Jun,2027,3302.397279,5450.95458,4375.25,12.8898296,77.6399476,Moderate
98000,Kudlu Main Road,Jul-Sep,2027,3364.501444,5553.464047,4457.53,12.8898296,77.6399476,Moderate
98028,Kudlu Main Road,Oct-Dec,2027,3387.816923,5591.948702,4488.42,12.8898296,77.6399476,Moderate
98056,Kudlu Main Road,Jan-Mar,2028,3687.204588,6086.11958,4885.07,12.8898296,77.6399476,Moderate
98084,Kudlu Main Road,Apr-Jun,2028,3688.744361,6088.661137,4887.11,12.8898296,77.6399476,Moderate
98112,Kudlu Main Road,Jul-Sep,2028,3753.769565,6195.992086,4973.26,12.8898296,77.6399476,Moderate
98140,Kudlu Main Road,Oct-Dec,2028,3916.98547,6465.39713,5189.5,12.8898296,77.6399476,Moderate
98168,Kudlu Main Road,Jan-Mar,2029,4000.306797,6602.927757,5299.89,12.8898296,77.6399476,Moderate
98196,Kudlu Main Road,Apr-Jun,2029,4038.725635,6666.342097,5350.79,12.8898296,77.6399476,Moderate
98224,Kudlu Main Road,Jul-Sep,2029,4044.152579,6675.299839,5357.98,12.8898296,77.6399476,Moderate
98252,Kudlu Main Road,Oct-Dec,2029,4224.200313,6972.48759,5596.52,12.8898296,77.6399476,Moderate
98280,Kudlu Main Road,Jan-Mar,2030,4505.790017,7437.281059,5969.59,12.8898296,77.6399476,Moderate
98308,Kudlu Main Road,Apr-Jun,2030,4596.885686,7587.644057,6090.28,12.8898296,77.6399476,Moderate
98336,Kudlu Main Road,Jul-Sep,2030,4808.118849,7936.306643,6370.136667,12.8898296,77.6399476,Moderate
98364,Kudlu Main Road,Oct-Dec,2030,5067.165476,8363.890388,6713.34,12.8898296,77.6399476,Moderate
98392,Kumaraswamy Layout,Jan-Mar,2024,4472.829116,6876.954564,5674.87,12.9067683,77.5595021,Low
98420,Kumaraswamy Layout,Apr-Jun,2024,4543.655131,6985.849241,5764.73,12.9067683,77.5595021,Low
98448,Kumaraswamy Layout,Jul-Sep,2024,4798.52159,7377.705271,6088.09,12.9067683,77.5595021,Low
98476,Kumaraswamy Layout,Oct-Dec,2024,4843.983915,7447.60339,6145.77,12.9067683,77.5595021,Low
98504,Kumaraswamy Layout,Jan-Mar,2025,5558.186949,8545.68733,7051.91,12.9067683,77.5595021,Low
98532,Kumaraswamy Layout,Apr-Jun,2025,5686.565997,8743.069536,7214.79,12.9067683,77.5595021,Low
98560,Kumaraswamy Layout,Jul-Sep,2025,5441.441089,8366.191098,6903.789524,12.9067683,77.5595021,Low
98588,Kumaraswamy Layout,Oct-Dec,2025,3776.935544,5807.02134,4791.96,12.9067683,77.5595021,Low
98616,Kumaraswamy Layout,Jan-Mar,2026,3805.176097,5850.441063,4827.79,12.9067683,77.5595021,Low
98644,Kumaraswamy Layout,Apr-Jun,2026,3804.490379,5849.386774,4826.92,12.9067683,77.5595021,Low
98672,Kumaraswamy Layout,Jul-Sep,2026,3838.87875,5902.258739,4870.55,12.9067683,77.5595021,Low
98700,Kumaraswamy Layout,Oct-Dec,2026,3837.570368,5900.247108,4868.89,12.9067683,77.5595021,Low
98728,Kumaraswamy Layout,Jan-Mar,2027,3851.221677,5921.235933,4886.21,12.9067683,77.5595021,Low
98756,Kumaraswamy Layout,Apr-Jun,2027,3856.738949,5929.718715,4893.21,12.9067683,77.5595021,Low
98784,Kumaraswamy Layout,Jul-Sep,2027,3881.755839,5968.182069,4924.95,12.9067683,77.5595021,Low
98812,Kumaraswamy Layout,Oct-Dec,2027,3901.57861,5998.659491,4950.1,12.9067683,77.5595021,Low
98840,Kumaraswamy Layout,Jan-Mar,2028,4074.269238,6264.170551,5169.2,12.9067683,77.5595021,Low
98868,Kumaraswamy Layout,Apr-Jun,2028,4081.638737,6275.501123,5178.55,12.9067683,77.5595021,Low
98896,Kumaraswamy Layout,Jul-Sep,2028,4018.923113,6179.076134,5098.98,12.9067683,77.5595021,Low
98924,Kumaraswamy Layout,Oct-Dec,2028,4136.693234,6360.147164,5248.4,12.9067683,77.5595021,Low
98952,Kumaraswamy Layout,Jan-Mar,2029,4157.524879,6392.175723,5274.83,12.9067683,77.5595021,Low
98980,Kumaraswamy Layout,Apr-Jun,2029,4150.975088,6382.105449,5266.52,12.9067683,77.5595021,Low
99008,Kumaraswamy Layout,Jul-Sep,2029,4004.720078,6157.239031,5080.96,12.9067683,77.5595021,Low
99036,Kumaraswamy Layout,Oct-Dec,2029,4214.384312,6479.596845,5346.97,12.9067683,77.5595021,Low
99064,Kumaraswamy Layout,Jan-Mar,2030,4472.829116,6876.954564,5674.87,12.9067683,77.5595021,Low
99092,Kumaraswamy Layout,Apr-Jun,2030,4543.655131,6985.849241,5764.73,12.9067683,77.5595021,Low
99120,Kumaraswamy Layout,Jul-Sep,2030,4798.52159,7377.705271,6088.09,12.9067683,77.5595021,Low
99148,Kumaraswamy Layout,Oct-Dec,2030,4843.983915,7447.60339,6145.77,12.9067683,77.5595021,Low
99176,Kundalahalli,Jan-Mar,2024,4881.397727,8407.302009,6644.39,12.977594,77.7155586,Moderate
99204,Kundalahalli,Apr-Jun,2024,4882.323404,8408.896317,6645.65,12.977594,77.7155586,Moderate
99232,Kundalahalli,Jul-Sep,2024,5267.694138,9072.625913,7170.203333,12.977594,77.7155586,Moderate
99260,Kundalahalli,Oct-Dec,2024,5559.449018,9575.119569,7567.33,12.977594,77.7155586,Moderate
99288,Kundalahalli,Jan-Mar,2025,6472.65882,11147.95404,8810.359643,12.977594,77.7155586,Moderate
99316,Kundalahalli,Apr-Jun,2025,6674.133223,11494.95632,9084.599643,12.977594,77.7155586,Moderate
99344,Kundalahalli,Jul-Sep,2025,5880.631114,10128.29614,8004.511976,12.977594,77.7155586,Moderate
99372,Kundalahalli,Oct-Dec,2025,3995.30658,6881.174393,5438.273333,12.977594,77.7155586,Moderate
99400,Kundalahalli,Jan-Mar,2026,4243.789719,7309.140502,5776.5,12.977594,77.7155586,Moderate
99428,Kundalahalli,Apr-Jun,2026,4284.820733,7379.808812,5832.35,12.977594,77.7155586,Moderate
99456,Kundalahalli,Jul-Sep,2026,4266.424733,7348.125115,5807.31,12.977594,77.7155586,Moderate
99484,Kundalahalli,Oct-Dec,2026,4439.166407,7645.640601,6042.44,12.977594,77.7155586,Moderate
99512,Kundalahalli,Jan-Mar,2027,4647.67155,8004.752029,6326.25,12.977594,77.7155586,Moderate
99540,Kundalahalli,Apr-Jun,2027,4731.239641,8148.682564,6440.0,12.977594,77.7155586,Moderate
99568,Kundalahalli,Jul-Sep,2027,4586.150741,7898.79385,6242.51,12.977594,77.7155586,Moderate
99596,Kundalahalli,Oct-Dec,2027,4668.52133,8040.661907,6354.63,12.977594,77.7155586,Moderate
99624,Kundalahalli,Jan-Mar,2028,4506.968597,7762.417296,6134.73,12.977594,77.7155586,Moderate
99652,Kundalahalli,Apr-Jun,2028,4491.805121,7736.301021,6114.09,12.977594,77.7155586,Moderate
99680,Kundalahalli,Jul-Sep,2028,4489.828873,7732.897301,6111.4,12.977594,77.7155586,Moderate
99708,Kundalahalli,Oct-Dec,2028,4479.602343,7715.284,6097.48,12.977594,77.7155586,Moderate
99736,Kundalahalli,Jan-Mar,2029,4463.792362,7688.054241,6075.96,12.977594,77.7155586,Moderate
99764,Kundalahalli,Apr-Jun,2029,4425.935098,7622.852127,6024.43,12.977594,77.7155586,Moderate
99792,Kundalahalli,Jul-Sep,2029,4396.070985,7571.416732,5983.78,12.977594,77.7155586,Moderate
99820,Kundalahalli,Oct-Dec,2029,4468.016683,7695.32985,6081.71,12.977594,77.7155586,Moderate
99848,Kundalahalli,Jan-Mar,2030,4881.397727,8407.302009,6644.39,12.977594,77.7155586,Moderate
99876,Kundalahalli,Apr-Jun,2030,4882.323404,8408.896317,6645.65,12.977594,77.7155586,Moderate
99904,Kundalahalli,Jul-Sep,2030,5267.694138,9072.625913,7170.203333,12.977594,77.7155586,Moderate
99932,Kundalahalli,Oct-Dec,2030,5559.449018,9575.119569,7567.33,12.977594,77.7155586,Moderate
99960,Lalbagh Main Road,Jan-Mar,2024,10940.01539,17104.05811,14260.14,12.9417,77.5834,Moderate
99988,Lalbagh Main Road,Apr-Jun,2024,11187.21435,17490.53886,14582.36,12.9417,77.5834,Moderate
100016,Lalbagh Main Road,Jul-Sep,2024,10484.20123,16391.42001,13665.99333,12.9417,77.5834,Moderate
100044,Lalbagh Main Road,Oct-Dec,2024,9241.306985,14448.22937,12045.9,12.9417,77.5834,Moderate
100072,Lalbagh Main Road,Jan-Mar,2025,11236.62039,17567.78224,14646.76,12.9417,77.5834,Moderate
100100,Lalbagh Main Road,Apr-Jun,2025,11769.3847,18400.7273,15341.21,12.9417,77.5834,Moderate
100128,Lalbagh Main Road,Jul-Sep,2025,11405.99397,17832.58768,14867.53583,12.9417,77.5834,Moderate
100156,Lalbagh Main Road,Oct-Dec,2025,6373.570446,9964.695241,8307.85,12.9417,77.5834,Moderate
100184,Lalbagh Main Road,Jan-Mar,2026,7383.386861,11543.48266,9624.13,12.9417,77.5834,Moderate
100212,Lalbagh Main Road,Apr-Jun,2026,7490.683883,11711.23512,9763.99,12.9417,77.5834,Moderate
100240,Lalbagh Main Road,Jul-Sep,2026,7593.308812,11871.68304,9897.76,12.9417,77.5834,Moderate
100268,Lalbagh Main Road,Oct-Dec,2026,7784.626783,12170.79722,10147.14,12.9417,77.5834,Moderate
100296,Lalbagh Main Road,Jan-Mar,2027,8186.350024,12798.86742,10670.78,12.9417,77.5834,Moderate
100324,Lalbagh Main Road,Apr-Jun,2027,8263.259265,12919.1104,10771.03,12.9417,77.5834,Moderate
100352,Lalbagh Main Road,Jul-Sep,2027,8393.602208,13122.89378,10940.93,12.9417,77.5834,Moderate
100380,Lalbagh Main Road,Oct-Dec,2027,8556.534722,13377.629,11153.31,12.9417,77.5834,Moderate
100408,Lalbagh Main Road,Jan-Mar,2028,8686.309956,13580.5248,11322.47,12.9417,77.5834,Moderate
100436,Lalbagh Main Road,Apr-Jun,2028,9000.667368,14072.00376,11732.23,12.9417,77.5834,Moderate
100464,Lalbagh Main Road,Jul-Sep,2028,9173.112846,14341.61193,11957.01,12.9417,77.5834,Moderate
100492,Lalbagh Main Road,Oct-Dec,2028,9320.839963,14572.57442,12149.57,12.9417,77.5834,Moderate
100520,Lalbagh Main Road,Jan-Mar,2029,9137.147707,14285.38259,11910.13,12.9417,77.5834,Moderate
100548,Lalbagh Main Road,Apr-Jun,2029,9473.070393,14810.57757,12348.0,12.9417,77.5834,Moderate
100576,Lalbagh Main Road,Jul-Sep,2029,9925.803065,15518.39795,12938.13,12.9417,77.5834,Moderate
100604,Lalbagh Main Road,Oct-Dec,2029,10079.39139,15758.5241,13138.33,12.9417,77.5834,Moderate
100632,Lalbagh Main Road,Jan-Mar,2030,10940.01539,17104.05811,14260.14,12.9417,77.5834,Moderate
100660,Lalbagh Main Road,Apr-Jun,2030,11187.21435,17490.53886,14582.36,12.9417,77.5834,Moderate
100688,Lalbagh Main Road,Jul-Sep,2030,10484.20123,16391.42001,13665.99333,12.9417,77.5834,Moderate
100716,Lalbagh Main Road,Oct-Dec,2030,9241.306985,14448.22937,12045.9,12.9417,77.5834,Moderate
100744,Langford Road,Jan-Mar,2024,8981.206772,15009.86519,11995.6,12.9718,77.5955,Moderate
100772,Langford Road,Apr-Jun,2024,9195.883938,15368.64496,12282.33,12.9718,77.5955,Moderate
100800,Langford Road,Jul-Sep,2024,9218.195449,15405.93313,12312.13,12.9718,77.5955,Moderate
100828,Langford Road,Oct-Dec,2024,8789.934231,14690.20045,11740.13,12.9718,77.5955,Moderate
100856,Langford Road,Jan-Mar,2025,10282.08766,17183.96575,13733.1,12.9718,77.5955,Moderate
100884,Langford Road,Apr-Jun,2025,10707.51127,17894.95607,14301.31,12.9718,77.5955,Moderate
100912,Langford Road,Jul-Sep,2025,11094.29404,18541.36779,14817.91,12.9718,77.5955,Moderate
100940,Langford Road,Oct-Dec,2025,6292.916766,10517.05352,8405.03,12.9718,77.5955,Moderate
100968,Langford Road,Jan-Mar,2026,7183.595281,12005.6023,9594.65,12.9718,77.5955,Moderate
100996,Langford Road,Apr-Jun,2026,7286.160848,12177.01527,9731.64,12.9718,77.5955,Moderate
101024,Langford Road,Jul-Sep,2026,7390.133987,12350.78065,9870.51,12.9718,77.5955,Moderate
101052,Langford Road,Oct-Dec,2026,7539.703469,12600.74904,10070.28,12.9718,77.5955,Moderate
101080,Langford Road,Jan-Mar,2027,7983.096084,13341.7701,10662.49,12.9718,77.5955,Moderate
101108,Langford Road,Apr-Jun,2027,8059.411934,13469.31316,10764.42,12.9718,77.5955,Moderate
101136,Langford Road,Jul-Sep,2027,8190.989953,13689.21327,10940.16,12.9718,77.5955,Moderate
101164,Langford Road,Oct-Dec,2027,8347.440065,13950.68093,11149.12,12.9718,77.5955,Moderate
101192,Langford Road,Jan-Mar,2028,8476.936674,14167.10247,11322.08,12.9718,77.5955,Moderate
101220,Langford Road,Apr-Jun,2028,8784.139227,14680.51554,11732.39,12.9718,77.5955,Moderate
101248,Langford Road,Jul-Sep,2028,8953.429689,14963.44266,11958.5,12.9718,77.5955,Moderate
101276,Langford Road,Oct-Dec,2028,9102.534972,15212.63526,12157.65,12.9718,77.5955,Moderate
101304,Langford Road,Jan-Mar,2029,8936.905694,14935.82689,11936.43,12.9718,77.5955,Moderate
101332,Langford Road,Apr-Jun,2029,9270.058482,15492.60936,12381.4,12.9718,77.5955,Moderate
101360,Langford Road,Jul-Sep,2029,9717.651352,16240.65011,12979.22,12.9718,77.5955,Moderate
101388,Langford Road,Oct-Dec,2029,9868.254051,16492.34526,13180.37,12.9718,77.5955,Moderate
101416,Langford Road,Jan-Mar,2030,8981.206772,15009.86519,11995.6,12.9718,77.5955,Moderate
101444,Langford Road,Apr-Jun,2030,9195.883938,15368.64496,12282.33,12.9718,77.5955,Moderate
101472,Langford Road,Jul-Sep,2030,9218.195449,15405.93313,12312.13,12.9718,77.5955,Moderate
101500,Langford Road,Oct-Dec,2030,8789.934231,14690.20045,11740.13,12.9718,77.5955,Moderate
101528,MSR College Road,Jan-Mar,2024,5916.733165,9072.277981,7551.73,13.0465,77.5609,Low
101556,MSR College Road,Apr-Jun,2024,6120.660915,9384.965605,7812.01,13.0465,77.5609,Low
101584,MSR College Road,Jul-Sep,2024,5994.146263,9190.977461,7650.535,13.0465,77.5609,Low
101612,MSR College Road,Oct-Dec,2024,6631.502749,10168.25243,8464.015,13.0465,77.5609,Low
101640,MSR College Road,Jan-Mar,2025,6318.195356,9687.850206,8064.13,13.0465,77.5609,Low
101668,MSR College Road,Apr-Jun,2025,6942.020905,10644.37784,8860.34,13.0465,77.5609,Low
101696,MSR College Road,Jul-Sep,2025,6307.724746,9671.795352,8050.766,13.0465,77.5609,Low
101724,MSR College Road,Oct-Dec,2025,5113.776659,7841.084276,6526.889,13.0465,77.5609,Low
101752,MSR College Road,Jan-Mar,2026,4419.304263,6776.232026,5640.51,13.0465,77.5609,Low
101780,MSR College Road,Apr-Jun,2026,4372.850919,6705.003928,5581.22,13.0465,77.5609,Low
101808,MSR College Road,Jul-Sep,2026,4399.865783,6746.426509,5615.7,13.0465,77.5609,Low
101836,MSR College Road,Oct-Dec,2026,4362.602821,6689.290258,5568.14,13.0465,77.5609,Low
101864,MSR College Road,Jan-Mar,2027,4583.148473,7027.458535,5849.63,13.0465,77.5609,Low
101892,MSR College Road,Apr-Jun,2027,4534.509182,6952.878669,5787.55,13.0465,77.5609,Low
101920,MSR College Road,Jul-Sep,2027,4621.202764,7085.808151,5898.2,13.0465,77.5609,Low
101948,MSR College Road,Oct-Dec,2027,4579.019461,7021.127416,5844.36,13.0465,77.5609,Low
101976,MSR College Road,Jan-Mar,2028,5171.505261,7929.601015,6600.57,13.0465,77.5609,Low
102004,MSR College Road,Apr-Jun,2028,5126.689419,7860.883741,6543.37,13.0465,77.5609,Low
102032,MSR College Road,Jul-Sep,2028,4977.057785,7631.449737,6352.39,13.0465,77.5609,Low
102060,MSR College Road,Oct-Dec,2028,5240.758272,8035.788425,6688.96,13.0465,77.5609,Low
102088,MSR College Road,Jan-Mar,2029,5307.511939,8138.143526,6774.16,13.0465,77.5609,Low
102116,MSR College Road,Apr-Jun,2029,5409.264271,8294.162973,6904.03,13.0465,77.5609,Low
102144,MSR College Road,Jul-Sep,2029,5376.741446,8244.294895,6862.52,13.0465,77.5609,Low
102172,MSR College Road,Oct-Dec,2029,5886.59216,9026.06201,7513.26,13.0465,77.5609,Low
102200,MSR College Road,Jan-Mar,2030,5916.733165,9072.277981,7551.73,13.0465,77.5609,Low
102228,MSR College Road,Apr-Jun,2030,6120.660915,9384.965605,7812.01,13.0465,77.5609,Low
102256,MSR College Road,Jul-Sep,2030,5994.146263,9190.977461,7650.535,13.0465,77.5609,Low
102284,MSR College Road,Oct-Dec,2030,6631.502749,10168.25243,8464.015,13.0465,77.5609,Low
102340,Magadi Main Road,Jan-Mar,2024,8473.912393,14068.4347,11271.22,13.0195,77.5224,Moderate
102368,Magadi Main Road,Apr-Jun,2024,8459.447403,14044.41985,11251.98,13.0195,77.5224,Moderate
102396,Magadi Main Road,Jul-Sep,2024,7437.9925,12348.59495,9893.3345,13.0195,77.5224,Moderate
102424,Magadi Main Road,Oct-Dec,2024,8171.140022,13565.77039,10868.5,13.0195,77.5224,Moderate
102452,Magadi Main Road,Jan-Mar,2025,8807.952897,14623.01053,11715.53,13.0195,77.5224,Moderate
102480,Magadi Main Road,Apr-Jun,2025,8959.902946,14875.27882,11917.64,13.0195,77.5224,Moderate
102508,Magadi Main Road,Jul-Sep,2025,7852.97755,13037.55535,10445.3095,13.0195,77.5224,Moderate
102536,Magadi Main Road,Oct-Dec,2025,5841.528718,9698.137237,7769.865,13.0195,77.5224,Moderate
102564,Magadi Main Road,Jan-Mar,2026,6685.832238,11099.85446,8892.88,13.0195,77.5224,Moderate
102592,Magadi Main Road,Apr-Jun,2026,6658.774288,11054.93271,8856.89,13.0195,77.5224,Moderate
102620,Magadi Main Road,Jul-Sep,2026,6971.673655,11574.40991,9273.08,13.0195,77.5224,Moderate
102648,Magadi Main Road,Oct-Dec,2026,7224.111773,11993.50902,9608.85,13.0195,77.5224,Moderate
102676,Magadi Main Road,Jan-Mar,2027,7050.847667,11705.85503,9378.39,13.0195,77.5224,Moderate
102704,Magadi Main Road,Apr-Jun,2027,6978.823449,11586.28004,9282.59,13.0195,77.5224,Moderate
102732,Magadi Main Road,Jul-Sep,2027,6958.607048,11552.71666,9255.7,13.0195,77.5224,Moderate
102760,Magadi Main Road,Oct-Dec,2027,7172.138555,11907.22281,9539.72,13.0195,77.5224,Moderate
102788,Magadi Main Road,Jan-Mar,2028,6843.954718,11362.37025,9103.2,13.0195,77.5224,Moderate
102816,Magadi Main Road,Apr-Jun,2028,6920.234229,11489.0099,9204.66,13.0195,77.5224,Moderate
102844,Magadi Main Road,Jul-Sep,2028,5911.459121,9814.236067,7862.88,13.0195,77.5224,Moderate
102872,Magadi Main Road,Oct-Dec,2028,6689.004912,11105.12175,8897.1,13.0195,77.5224,Moderate
102900,Magadi Main Road,Jan-Mar,2029,5919.090079,9826.905025,7873.03,13.0195,77.5224,Moderate
102928,Magadi Main Road,Apr-Jun,2029,5300.629095,8800.13279,7050.41,13.0195,77.5224,Moderate
102956,Magadi Main Road,Jul-Sep,2029,4679.093173,7768.255526,6223.7,13.0195,77.5224,Moderate
102984,Magadi Main Road,Oct-Dec,2029,6899.296082,11454.24828,9176.81,13.0195,77.5224,Moderate
103012,Magadi Main Road,Jan-Mar,2030,8473.912393,14068.4347,11271.22,13.0195,77.5224,Moderate
103040,Magadi Main Road,Apr-Jun,2030,8459.447403,14044.41985,11251.98,13.0195,77.5224,Moderate
103068,Magadi Main Road,Jul-Sep,2030,7437.9925,12348.59495,9893.3345,13.0195,77.5224,Moderate
103096,Magadi Main Road,Oct-Dec,2030,8171.140022,13565.77039,10868.5,13.0195,77.5224,Moderate
103124,Mahadevapura,Jan-Mar,2024,6680.633404,11209.84165,8945.34,12.98599614,77.6868667,High
103152,Mahadevapura,Apr-Jun,2024,6242.663394,10474.9451,8358.9,12.98599614,77.6868667,High
103180,Mahadevapura,Jul-Sep,2024,5233.416382,8781.468073,7007.5225,12.98599614,77.6868667,High
103208,Mahadevapura,Oct-Dec,2024,7184.712659,12055.66694,9620.3,12.98599614,77.6868667,High
103236,Mahadevapura,Jan-Mar,2025,8788.750563,14747.17982,11768.1,12.98599614,77.6868667,High
103264,Mahadevapura,Apr-Jun,2025,8909.083279,14949.09342,11929.225,12.98599614,77.6868667,High
103292,Mahadevapura,Jul-Sep,2025,6253.266222,10492.73623,8373.097143,12.98599614,77.6868667,High
103320,Mahadevapura,Oct-Dec,2025,5830.725952,9783.730179,7807.3175,12.98599614,77.6868667,High
103348,Mahadevapura,Jan-Mar,2026,4640.27598,7786.20167,6213.31,12.98599614,77.6868667,High
103376,Mahadevapura,Apr-Jun,2026,4648.700204,7800.337188,6224.59,12.98599614,77.6868667,High
103404,Mahadevapura,Jul-Sep,2026,4718.073088,7916.742176,6317.48,12.98599614,77.6868667,High
103432,Mahadevapura,Oct-Dec,2026,4743.42791,7959.286576,6351.43,12.98599614,77.6868667,High
103460,Mahadevapura,Jan-Mar,2027,4936.535314,8283.313249,6610.0,12.98599614,77.6868667,High
103488,Mahadevapura,Apr-Jun,2027,4901.068436,8223.801214,6562.51,12.98599614,77.6868667,High
103516,Mahadevapura,Jul-Sep,2027,4926.400853,8266.30802,6596.43,12.98599614,77.6868667,High
103544,Mahadevapura,Oct-Dec,2027,4903.973598,8228.675963,6566.4,12.98599614,77.6868667,High
103572,Mahadevapura,Jan-Mar,2028,5286.85755,8871.140265,7079.08,12.98599614,77.6868667,High
103600,Mahadevapura,Apr-Jun,2028,5523.288466,9267.862097,7395.66,12.98599614,77.6868667,High
103628,Mahadevapura,Jul-Sep,2028,5034.384762,8447.500798,6741.02,12.98599614,77.6868667,High
103656,Mahadevapura,Oct-Dec,2028,5488.381709,9209.289924,7348.92,12.98599614,77.6868667,High
103684,Mahadevapura,Jan-Mar,2029,5080.591032,8525.033111,6802.89,12.98599614,77.6868667,High
103712,Mahadevapura,Apr-Jun,2029,5238.186748,8789.472561,7013.91,12.98599614,77.6868667,High
103740,Mahadevapura,Jul-Sep,2029,4689.477031,7868.75911,6279.19,12.98599614,77.6868667,High
103768,Mahadevapura,Oct-Dec,2029,5321.667219,8929.549528,7125.69,12.98599614,77.6868667,High
103796,Mahadevapura,Jan-Mar,2030,6680.633404,11209.84165,8945.34,12.98599614,77.6868667,High
103824,Mahadevapura,Apr-Jun,2030,6242.663394,10474.9451,8358.9,12.98599614,77.6868667,High
103852,Mahadevapura,Jul-Sep,2030,5233.416382,8781.468073,7007.5225,12.98599614,77.6868667,High
103880,Mahadevapura,Oct-Dec,2030,7184.712659,12055.66694,9620.3,12.98599614,77.6868667,High
103908,Malleshwaram,Jan-Mar,2024,8679.576148,14022.25936,11350.84,13.0027353,77.5703253,Moderate
103936,Malleshwaram,Apr-Jun,2024,8894.92076,14370.15861,11632.46,13.0027353,77.5703253,Moderate
103964,Malleshwaram,Jul-Sep,2024,8988.156214,14520.78483,11754.39,13.0027353,77.5703253,Moderate
103992,Malleshwaram,Oct-Dec,2024,8863.018987,14318.61981,11590.74,13.0027353,77.5703253,Moderate
104020,Malleshwaram,Jan-Mar,2025,9619.500858,15540.75149,12580.04,13.0027353,77.5703253,Moderate
104048,Malleshwaram,Apr-Jun,2025,9838.814075,15895.06221,12866.85,13.0027353,77.5703253,Moderate
104076,Malleshwaram,Jul-Sep,2025,9599.007869,15507.64412,12553.24,13.0027353,77.5703253,Moderate
104104,Malleshwaram,Oct-Dec,2025,7347.241282,11869.81036,9608.46,13.0027353,77.5703253,Moderate
104132,Malleshwaram,Jan-Mar,2026,8811.518882,14235.41899,11523.39,13.0027353,77.5703253,Moderate
104160,Malleshwaram,Apr-Jun,2026,8811.710048,14235.72783,11523.64,13.0027353,77.5703253,Moderate
104188,Malleshwaram,Jul-Sep,2026,8931.188762,14428.75126,11679.89,13.0027353,77.5703253,Moderate
104216,Malleshwaram,Oct-Dec,2026,9034.1278,14595.05406,11814.51,13.0027353,77.5703253,Moderate
104244,Malleshwaram,Jan-Mar,2027,8576.744164,13856.12951,11216.36,13.0027353,77.5703253,Moderate
104272,Malleshwaram,Apr-Jun,2027,8535.788772,13789.96416,11162.8,13.0027353,77.5703253,Moderate
104300,Malleshwaram,Jul-Sep,2027,8685.639931,14032.05569,11358.77,13.0027353,77.5703253,Moderate
104328,Malleshwaram,Oct-Dec,2027,8766.3349,14162.42217,11464.3,13.0027353,77.5703253,Moderate
104356,Malleshwaram,Jan-Mar,2028,8288.985892,13391.24262,10840.04,13.0027353,77.5703253,Moderate
104384,Malleshwaram,Apr-Jun,2028,8272.606794,13364.78143,10818.62,13.0027353,77.5703253,Moderate
104412,Malleshwaram,Jul-Sep,2028,8144.242687,13157.40323,10650.75,13.0027353,77.5703253,Moderate
104440,Malleshwaram,Oct-Dec,2028,8633.069297,13947.12538,11290.02,13.0027353,77.5703253,Moderate
104468,Malleshwaram,Jan-Mar,2029,8540.629093,13797.78393,11169.13,13.0027353,77.5703253,Moderate
104496,Malleshwaram,Apr-Jun,2029,8630.58414,13943.11049,11286.77,13.0027353,77.5703253,Moderate
104524,Malleshwaram,Jul-Sep,2029,8750.200494,14136.35628,11443.2,13.0027353,77.5703253,Moderate
104552,Malleshwaram,Oct-Dec,2029,10663.31279,17227.07827,13945.1,13.0027353,77.5703253,Moderate
104580,Malleshwaram,Jan-Mar,2030,8679.576148,14022.25936,11350.84,13.0027353,77.5703253,Moderate
104608,Malleshwaram,Apr-Jun,2030,8894.92076,14370.15861,11632.46,13.0027353,77.5703253,Moderate
104636,Malleshwaram,Jul-Sep,2030,8988.156214,14520.78483,11754.39,13.0027353,77.5703253,Moderate
104664,Malleshwaram,Oct-Dec,2030,8863.018987,14318.61981,11590.74,13.0027353,77.5703253,Moderate
104692,Manayata Tech Park,Jan-Mar,2024,6043.275105,9179.42899,7611.31,13.0459727,77.6272962,Moderate
104720,Manayata Tech Park,Apr-Jun,2024,6524.549841,9910.460952,8217.46,13.0459727,77.6272962,Moderate
104748,Manayata Tech Park,Jul-Sep,2024,7042.022407,10696.47559,8869.2,13.0459727,77.6272962,Moderate
104776,Manayata Tech Park,Oct-Dec,2024,7932.739946,12049.43044,9991.03,13.0459727,77.6272962,Moderate
104804,Manayata Tech Park,Jan-Mar,2025,8211.429102,12472.74516,10342.03,13.0459727,77.6272962,Moderate
104832,Manayata Tech Park,Apr-Jun,2025,8619.728566,13092.93138,10856.27,13.0459727,77.6272962,Moderate
104860,Manayata Tech Park,Jul-Sep,2025,7677.155788,11661.21104,9669.13,13.0459727,77.6272962,Moderate
104888,Manayata Tech Park,Oct-Dec,2025,6449.383167,9796.286579,8122.79,13.0459727,77.6272962,Moderate
104916,Manayata Tech Park,Jan-Mar,2026,4735.968887,7193.697016,5964.8,13.0459727,77.6272962,Moderate
104944,Manayata Tech Park,Apr-Jun,2026,4883.983794,7418.524169,6151.22,13.0459727,77.6272962,Moderate
104972,Manayata Tech Park,Jul-Sep,2026,4915.88616,7466.982247,6191.4,13.0459727,77.6272962,Moderate
105000,Manayata Tech Park,Oct-Dec,2026,4526.570906,6875.632083,5701.07,13.0459727,77.6272962,Moderate
105028,Manayata Tech Park,Jan-Mar,2027,4834.17704,7342.87023,6088.49,13.0459727,77.6272962,Moderate
105056,Manayata Tech Park,Apr-Jun,2027,5064.845911,7693.244569,6379.01,13.0459727,77.6272962,Moderate
105084,Manayata Tech Park,Jul-Sep,2027,5074.937475,7708.573145,6391.72,13.0459727,77.6272962,Moderate
105112,Manayata Tech Park,Oct-Dec,2027,4786.609327,7270.617281,6028.58,13.0459727,77.6272962,Moderate
105140,Manayata Tech Park,Jan-Mar,2028,5475.058881,8316.337307,6895.66,13.0459727,77.6272962,Moderate
105168,Manayata Tech Park,Apr-Jun,2028,5301.644355,8052.92942,6677.25,13.0459727,77.6272962,Moderate
105196,Manayata Tech Park,Jul-Sep,2028,5308.790231,8063.783643,6686.25,13.0459727,77.6272962,Moderate
105224,Manayata Tech Park,Oct-Dec,2028,5578.205628,8473.011995,7025.57,13.0459727,77.6272962,Moderate
105252,Manayata Tech Park,Jan-Mar,2029,5772.359074,8767.921251,7270.1,13.0459727,77.6272962,Moderate
105280,Manayata Tech Park,Apr-Jun,2029,5665.242396,8605.216439,7135.19,13.0459727,77.6272962,Moderate
105308,Manayata Tech Park,Jul-Sep,2029,5689.71305,8642.386125,7166.01,13.0459727,77.6272962,Moderate
105336,Manayata Tech Park,Oct-Dec,2029,6073.692717,9225.631802,7649.62,13.0459727,77.6272962,Moderate
105364,Manayata Tech Park,Jan-Mar,2030,6043.275105,9179.42899,7611.31,13.0459727,77.6272962,Moderate
105392,Manayata Tech Park,Apr-Jun,2030,6524.549841,9910.460952,8217.46,13.0459727,77.6272962,Moderate
105420,Manayata Tech Park,Jul-Sep,2030,7042.022407,10696.47559,8869.2,13.0459727,77.6272962,Moderate
105448,Manayata Tech Park,Oct-Dec,2030,7932.739946,12049.43044,9991.03,13.0459727,77.6272962,Moderate
105476,Marathahalli,Jan-Mar,2024,5163.815376,8948.786185,7056.32,12.9552572,77.6984163,Moderate
105504,Marathahalli,Apr-Jun,2024,6008.085783,10411.88949,8210.01,12.9552572,77.6984163,Moderate
105532,Marathahalli,Jul-Sep,2024,6076.304184,10530.11058,8303.23,12.9552572,77.6984163,Moderate
105560,Marathahalli,Oct-Dec,2024,6647.444857,11519.88566,9083.69,12.9552572,77.6984163,Moderate
105588,Marathahalli,Jan-Mar,2025,7505.092569,13006.17156,10255.66,12.9552572,77.6984163,Moderate
105616,Marathahalli,Apr-Jun,2025,7611.137715,13189.94563,10400.57,12.9552572,77.6984163,Moderate
105644,Marathahalli,Jul-Sep,2025,5260.88489,9117.005663,7188.964857,12.9552572,77.6984163,Moderate
105672,Marathahalli,Oct-Dec,2025,4933.642304,8549.90097,6741.79,12.9552572,77.6984163,Moderate
105700,Marathahalli,Jan-Mar,2026,4609.579285,7988.306402,6298.96,12.9552572,77.6984163,Moderate
105728,Marathahalli,Apr-Jun,2026,4714.512095,8170.152811,6442.35,12.9552572,77.6984163,Moderate
105756,Marathahalli,Jul-Sep,2026,4704.947468,8153.577509,6429.28,12.9552572,77.6984163,Moderate
105784,Marathahalli,Oct-Dec,2026,4686.337793,8121.327323,6403.85,12.9552572,77.6984163,Moderate
105812,Marathahalli,Jan-Mar,2027,4728.233346,8193.931457,6461.1,12.9552572,77.6984163,Moderate
105840,Marathahalli,Apr-Jun,2027,4826.111604,8363.552471,6594.85,12.9552572,77.6984163,Moderate
105868,Marathahalli,Jul-Sep,2027,4650.11369,8058.551695,6354.35,12.9552572,77.6984163,Moderate
105896,Marathahalli,Oct-Dec,2027,4626.220418,8017.145145,6321.7,12.9552572,77.6984163,Moderate
105924,Marathahalli,Jan-Mar,2028,4597.84853,7967.977244,6282.93,12.9552572,77.6984163,Moderate
105952,Marathahalli,Apr-Jun,2028,4552.367156,7889.158956,6220.78,12.9552572,77.6984163,Moderate
105980,Marathahalli,Jul-Sep,2028,4684.332661,8117.85247,6401.11,12.9552572,77.6984163,Moderate
106008,Marathahalli,Oct-Dec,2028,4746.140493,8224.964177,6485.57,12.9552572,77.6984163,Moderate
106036,Marathahalli,Jan-Mar,2029,4753.641444,8237.96317,6495.82,12.9552572,77.6984163,Moderate
106064,Marathahalli,Apr-Jun,2029,4773.86108,8273.003384,6523.45,12.9552572,77.6984163,Moderate
106092,Marathahalli,Jul-Sep,2029,4830.692672,8371.491369,6601.11,12.9552572,77.6984163,Moderate
106120,Marathahalli,Oct-Dec,2029,4797.673853,8314.270433,6555.99,12.9552572,77.6984163,Moderate
106148,Marathahalli,Jan-Mar,2030,5163.815376,8948.786185,7056.32,12.9552572,77.6984163,Moderate
106176,Marathahalli,Apr-Jun,2030,6008.085783,10411.88949,8210.01,12.9552572,77.6984163,Moderate
106204,Marathahalli,Jul-Sep,2030,6076.304184,10530.11058,8303.23,12.9552572,77.6984163,Moderate
106232,Marathahalli,Oct-Dec,2030,6647.444857,11519.88566,9083.69,12.9552572,77.6984163,Moderate
106260,Marathahalli Sarjapur Outer Ring Road,Jan-Mar,2024,6363.196952,9475.335857,7919.32,12.9349,77.6824,Moderate
106288,Marathahalli Sarjapur Outer Ring Road,Apr-Jun,2024,6845.089809,10192.91488,8519.06,12.9349,77.6824,Moderate
106316,Marathahalli Sarjapur Outer Ring Road,Jul-Sep,2024,7326.704118,10910.07913,9118.453333,12.9349,77.6824,Moderate
106344,Marathahalli Sarjapur Outer Ring Road,Oct-Dec,2024,7928.790302,11806.63613,9867.78,12.9349,77.6824,Moderate
106372,Marathahalli Sarjapur Outer Ring Road,Jan-Mar,2025,8676.664061,12920.28311,10798.54667,12.9349,77.6824,Moderate
106400,Marathahalli Sarjapur Outer Ring Road,Apr-Jun,2025,9269.799223,13803.51129,11536.73333,12.9349,77.6824,Moderate
106428,Marathahalli Sarjapur Outer Ring Road,Jul-Sep,2025,6800.704,10126.82068,8463.819619,12.9349,77.6824,Moderate
106456,Marathahalli Sarjapur Outer Ring Road,Oct-Dec,2025,5817.401506,8662.600498,7240.05,12.9349,77.6824,Moderate
106484,Marathahalli Sarjapur Outer Ring Road,Jan-Mar,2026,5844.117979,8702.383575,7273.3,12.9349,77.6824,Moderate
106512,Marathahalli Sarjapur Outer Ring Road,Apr-Jun,2026,5835.271411,8689.210291,7262.29,12.9349,77.6824,Moderate
106540,Marathahalli Sarjapur Outer Ring Road,Jul-Sep,2026,5873.309241,8745.851821,7309.63,12.9349,77.6824,Moderate
106568,Marathahalli Sarjapur Outer Ring Road,Oct-Dec,2026,5836.830207,8691.531469,7264.23,12.9349,77.6824,Moderate
106596,Marathahalli Sarjapur Outer Ring Road,Jan-Mar,2027,6196.687036,9227.388578,7712.09,12.9349,77.6824,Moderate
106624,Marathahalli Sarjapur Outer Ring Road,Apr-Jun,2027,6318.931975,9409.42158,7864.23,12.9349,77.6824,Moderate
106652,Marathahalli Sarjapur Outer Ring Road,Jul-Sep,2027,6424.568507,9566.723269,7995.7,12.9349,77.6824,Moderate
106680,Marathahalli Sarjapur Outer Ring Road,Oct-Dec,2027,6279.182684,9350.231541,7814.76,12.9349,77.6824,Moderate
106708,Marathahalli Sarjapur Outer Ring Road,Jan-Mar,2028,6479.970035,9649.220807,8064.65,12.9349,77.6824,Moderate
106736,Marathahalli Sarjapur Outer Ring Road,Apr-Jun,2028,6577.547433,9794.521766,8186.09,12.9349,77.6824,Moderate
106764,Marathahalli Sarjapur Outer Ring Road,Jul-Sep,2028,6792.155035,10114.09055,8453.18,12.9349,77.6824,Moderate
106792,Marathahalli Sarjapur Outer Ring Road,Oct-Dec,2028,6854.217602,10206.50694,8530.42,12.9349,77.6824,Moderate
106820,Marathahalli Sarjapur Outer Ring Road,Jan-Mar,2029,7065.522807,10521.15817,8793.4,12.9349,77.6824,Moderate
106848,Marathahalli Sarjapur Outer Ring Road,Apr-Jun,2029,7161.919056,10664.7003,8913.37,12.9349,77.6824,Moderate
106876,Marathahalli Sarjapur Outer Ring Road,Jul-Sep,2029,7389.527335,11003.62819,9196.64,12.9349,77.6824,Moderate
106904,Marathahalli Sarjapur Outer Ring Road,Oct-Dec,2029,7506.943221,11178.47032,9342.77,12.9349,77.6824,Moderate
106932,Marathahalli Sarjapur Outer Ring Road,Jan-Mar,2030,6363.196952,9475.335857,7919.32,12.9349,77.6824,Moderate
106960,Marathahalli Sarjapur Outer Ring Road,Apr-Jun,2030,6845.089809,10192.91488,8519.06,12.9349,77.6824,Moderate
106988,Marathahalli Sarjapur Outer Ring Road,Jul-Sep,2030,7326.704118,10910.07913,9118.453333,12.9349,77.6824,Moderate
107016,Marathahalli Sarjapur Outer Ring Road,Oct-Dec,2030,7928.790302,11806.63613,9867.78,12.9349,77.6824,Moderate
107072,Medahalli Kadugodi Road,Jan-Mar,2024,4612.090297,8822.736051,6715.24,13.022787,77.7205883,Moderate
107100,Medahalli Kadugodi Road,Apr-Jun,2024,4667.426535,8928.591961,6795.81,13.022787,77.7205883,Moderate
107128,Medahalli Kadugodi Road,Jul-Sep,2024,4331.91325,8286.769065,6307.3,13.022787,77.7205883,Moderate
107156,Medahalli Kadugodi Road,Oct-Dec,2024,4883.064098,9341.097611,7109.78,13.022787,77.7205883,Moderate
107184,Medahalli Kadugodi Road,Jan-Mar,2025,5603.170071,10718.63025,8158.26,13.022787,77.7205883,Moderate
107212,Medahalli Kadugodi Road,Apr-Jun,2025,5610.711239,10733.05619,8169.24,13.022787,77.7205883,Moderate
107240,Medahalli Kadugodi Road,Jul-Sep,2025,3546.489409,6784.28607,5163.716667,13.022787,77.7205883,Moderate
107268,Medahalli Kadugodi Road,Oct-Dec,2025,3747.301045,7168.430342,5456.1,13.022787,77.7205883,Moderate
107296,Medahalli Kadugodi Road,Jan-Mar,2026,3268.141564,6251.818272,4758.44,13.022787,77.7205883,Moderate
107324,Medahalli Kadugodi Road,Apr-Jun,2026,3249.055129,6215.30672,4730.65,13.022787,77.7205883,Moderate
107352,Medahalli Kadugodi Road,Jul-Sep,2026,3301.42435,6315.486851,4806.9,13.022787,77.7205883,Moderate
107380,Medahalli Kadugodi Road,Oct-Dec,2026,3367.083333,6441.089744,4902.5,13.022787,77.7205883,Moderate
107408,Medahalli Kadugodi Road,Jan-Mar,2027,3440.881009,6582.261614,5009.95,13.022787,77.7205883,Moderate
107436,Medahalli Kadugodi Road,Apr-Jun,2027,3472.714627,6643.157995,5056.3,13.022787,77.7205883,Moderate
107464,Medahalli Kadugodi Road,Jul-Sep,2027,3538.717015,6769.417806,5152.4,13.022787,77.7205883,Moderate
107492,Medahalli Kadugodi Road,Oct-Dec,2027,3587.858231,6863.4229,5223.95,13.022787,77.7205883,Moderate
107520,Medahalli Kadugodi Road,Jan-Mar,2028,3804.526009,7277.899306,5539.42,13.022787,77.7205883,Moderate
107548,Medahalli Kadugodi Road,Apr-Jun,2028,3796.799403,7263.118631,5528.17,13.022787,77.7205883,Moderate
107576,Medahalli Kadugodi Road,Jul-Sep,2028,3860.933669,7385.804803,5621.55,13.022787,77.7205883,Moderate
107604,Medahalli Kadugodi Road,Oct-Dec,2028,3953.948273,7563.737855,5756.98,13.022787,77.7205883,Moderate
107632,Medahalli Kadugodi Road,Jan-Mar,2029,4138.020074,7915.859519,6024.99,13.022787,77.7205883,Moderate
107660,Medahalli Kadugodi Road,Apr-Jun,2029,4097.608206,7838.553304,5966.15,13.022787,77.7205883,Moderate
107688,Medahalli Kadugodi Road,Jul-Sep,2029,4131.454176,7903.29923,6015.43,13.022787,77.7205883,Moderate
107716,Medahalli Kadugodi Road,Oct-Dec,2029,4260.849076,8150.826269,6203.83,13.022787,77.7205883,Moderate
107744,Medahalli Kadugodi Road,Jan-Mar,2030,4612.090297,8822.736051,6715.24,13.022787,77.7205883,Moderate
107772,Medahalli Kadugodi Road,Apr-Jun,2030,4667.426535,8928.591961,6795.81,13.022787,77.7205883,Moderate
107800,Medahalli Kadugodi Road,Jul-Sep,2030,4331.91325,8286.769065,6307.3,13.022787,77.7205883,Moderate
107828,Medahalli Kadugodi Road,Oct-Dec,2030,4883.064098,9341.097611,7109.78,13.022787,77.7205883,Moderate
107856,Medahalli Main Road,Jan-Mar,2024,4700.62391,7775.344946,6296.26,13.0461,77.784,Moderate
107884,Medahalli Main Road,Apr-Jun,2024,4871.402709,8057.831716,6525.01,13.0461,77.784,Moderate
107912,Medahalli Main Road,Jul-Sep,2024,4639.729603,7674.619116,6214.695,13.0461,77.784,Moderate
107940,Medahalli Main Road,Oct-Dec,2024,4824.64478,7980.489,6462.38,13.0461,77.784,Moderate
107968,Medahalli Main Road,Jan-Mar,2025,5322.258738,8803.596792,7128.91,13.0461,77.784,Moderate
107996,Medahalli Main Road,Apr-Jun,2025,5498.465129,9095.061394,7364.93,13.0461,77.784,Moderate
108024,Medahalli Main Road,Jul-Sep,2025,4498.634586,7441.232559,6025.705,13.0461,77.784,Moderate
108052,Medahalli Main Road,Oct-Dec,2025,3539.537119,5854.780679,4741.04,13.0461,77.784,Moderate
108080,Medahalli Main Road,Jan-Mar,2026,3293.951607,5448.555441,4412.09,13.0461,77.784,Moderate
108108,Medahalli Main Road,Apr-Jun,2026,3281.118001,5427.327255,4394.9,13.0461,77.784,Moderate
108136,Medahalli Main Road,Jul-Sep,2026,3346.928497,5536.184998,4483.05,13.0461,77.784,Moderate
108164,Medahalli Main Road,Oct-Dec,2026,3410.536601,5641.399743,4568.25,13.0461,77.784,Moderate
108192,Medahalli Main Road,Jan-Mar,2027,3557.298114,5884.159304,4764.83,13.0461,77.784,Moderate
108220,Medahalli Main Road,Apr-Jun,2027,3533.534665,5844.851964,4733.0,13.0461,77.784,Moderate
108248,Medahalli Main Road,Jul-Sep,2027,3592.849968,5942.965949,4812.45,13.0461,77.784,Moderate
108276,Medahalli Main Road,Oct-Dec,2027,3638.764268,6018.913212,4873.95,13.0461,77.784,Moderate
108304,Medahalli Main Road,Jan-Mar,2028,4113.234431,6803.738643,5509.48,13.0461,77.784,Moderate
108332,Medahalli Main Road,Apr-Jun,2028,3987.757742,6596.186505,5341.41,13.0461,77.784,Moderate
108360,Medahalli Main Road,Jul-Sep,2028,4025.706098,6658.957227,5392.24,13.0461,77.784,Moderate
108388,Medahalli Main Road,Oct-Dec,2028,4125.761943,6824.460514,5526.26,13.0461,77.784,Moderate
108416,Medahalli Main Road,Jan-Mar,2029,4460.309211,7377.838206,5974.37,13.0461,77.784,Moderate
108444,Medahalli Main Road,Apr-Jun,2029,4307.179421,7124.544822,5769.26,13.0461,77.784,Moderate
108472,Medahalli Main Road,Jul-Sep,2029,4275.23352,7071.702816,5726.47,13.0461,77.784,Moderate
108500,Medahalli Main Road,Oct-Dec,2029,4463.228315,7382.666723,5978.28,13.0461,77.784,Moderate
108528,Medahalli Main Road,Jan-Mar,2030,4700.62391,7775.344946,6296.26,13.0461,77.784,Moderate
108556,Medahalli Main Road,Apr-Jun,2030,4871.402709,8057.831716,6525.01,13.0461,77.784,Moderate
108584,Medahalli Main Road,Jul-Sep,2030,4639.729603,7674.619116,6214.695,13.0461,77.784,Moderate
108612,Medahalli Main Road,Oct-Dec,2030,4824.64478,7980.489,6462.38,13.0461,77.784,Moderate
108640,Millers Road,Jan-Mar,2024,7666.371423,13944.92111,10873.65,12.98950563,77.59242592,Moderate
108668,Millers Road,Apr-Jun,2024,7720.955713,14044.20845,10951.07,12.98950563,77.59242592,Moderate
108696,Millers Road,Jul-Sep,2024,6574.879489,11959.52697,9325.525,12.98950563,77.59242592,Moderate
108724,Millers Road,Oct-Dec,2024,5111.809684,9298.242786,7250.37,12.98950563,77.59242592,Moderate
108752,Millers Road,Jan-Mar,2025,9516.998859,17311.16208,13498.5,12.98950563,77.59242592,Moderate
108780,Millers Road,Apr-Jun,2025,9597.613272,17457.79751,13612.84,12.98950563,77.59242592,Moderate
108808,Millers Road,Jul-Sep,2025,7638.568122,13894.34766,10834.215,12.98950563,77.59242592,Moderate
108836,Millers Road,Oct-Dec,2025,4058.055082,7381.491824,5755.77,12.98950563,77.59242592,Moderate
108864,Millers Road,Jan-Mar,2026,5166.097858,9396.991497,7327.37,12.98950563,77.59242592,Moderate
108892,Millers Road,Apr-Jun,2026,5323.702771,9683.670548,7550.91,12.98950563,77.59242592,Moderate
108920,Millers Road,Jul-Sep,2026,5460.783935,9933.017457,7745.34,12.98950563,77.59242592,Moderate
108948,Millers Road,Oct-Dec,2026,5593.740607,10174.86203,7933.92,12.98950563,77.59242592,Moderate
108976,Millers Road,Jan-Mar,2027,5749.047087,10457.36029,8154.2,12.98950563,77.59242592,Moderate
109004,Millers Road,Apr-Jun,2027,5945.062646,10813.90726,8432.22,12.98950563,77.59242592,Moderate
109032,Millers Road,Jul-Sep,2027,6108.004721,11110.29446,8663.33,12.98950563,77.59242592,Moderate
109060,Millers Road,Oct-Dec,2027,6265.680139,11397.10176,8886.97,12.98950563,77.59242592,Moderate
109088,Millers Road,Jan-Mar,2028,6531.579383,11880.76525,9264.11,12.98950563,77.59242592,Moderate
109116,Millers Road,Apr-Jun,2028,6716.046367,12216.30568,9525.75,12.98950563,77.59242592,Moderate
109144,Millers Road,Jul-Sep,2028,6968.944651,12676.32078,9884.45,12.98950563,77.59242592,Moderate
109172,Millers Road,Oct-Dec,2028,7075.356522,12869.88108,10035.38,12.98950563,77.59242592,Moderate
109200,Millers Road,Jan-Mar,2029,7055.361553,12833.51078,10007.02,12.98950563,77.59242592,Moderate
109228,Millers Road,Apr-Jun,2029,7380.590016,13425.0925,10468.31,12.98950563,77.59242592,Moderate
109256,Millers Road,Jul-Sep,2029,7357.196748,13382.54079,10435.13,12.98950563,77.59242592,Moderate
109284,Millers Road,Oct-Dec,2029,7681.240742,13971.968,10894.74,12.98950563,77.59242592,Moderate
109312,Millers Road,Jan-Mar,2030,7666.371423,13944.92111,10873.65,12.98950563,77.59242592,Moderate
109340,Millers Road,Apr-Jun,2030,7720.955713,14044.20845,10951.07,12.98950563,77.59242592,Moderate
109368,Millers Road,Jul-Sep,2030,6574.879489,11959.52697,9325.525,12.98950563,77.59242592,Moderate
109396,Millers Road,Oct-Dec,2030,5111.809684,9298.242786,7250.37,12.98950563,77.59242592,Moderate
109424,Museum Road,Jan-Mar,2024,10865.23713,17580.48287,14222.86,12.9744,77.6079,Moderate
109452,Museum Road,Apr-Jun,2024,11035.68468,17856.27532,14445.98,12.9744,77.6079,Moderate
109480,Museum Road,Jul-Sep,2024,9956.07146,16109.40854,13032.74,12.9744,77.6079,Moderate
109508,Museum Road,Oct-Dec,2024,6498.144959,10514.31504,8506.23,12.9744,77.6079,Moderate
109536,Museum Road,Jan-Mar,2025,14801.82547,23950.07453,19375.95,12.9744,77.6079,Moderate
109564,Museum Road,Apr-Jun,2025,14876.29314,24070.56686,19473.43,12.9744,77.6079,Moderate
109592,Museum Road,Jul-Sep,2025,12507.92498,20238.43183,16373.1784,12.9744,77.6079,Moderate
109620,Museum Road,Oct-Dec,2025,5350.473415,8657.326585,7003.9,12.9744,77.6079,Moderate
109648,Museum Road,Jan-Mar,2026,5597.581118,9057.158882,7327.37,12.9744,77.6079,Moderate
109676,Museum Road,Apr-Jun,2026,5771.084383,9337.895617,7554.49,12.9744,77.6079,Moderate
109704,Museum Road,Jul-Sep,2026,5918.637024,9576.642976,7747.64,12.9744,77.6079,Moderate
109732,Museum Road,Oct-Dec,2026,6064.715284,9813.004716,7938.86,12.9744,77.6079,Moderate
109760,Museum Road,Jan-Mar,2027,6229.219481,10079.18052,8154.2,12.9744,77.6079,Moderate
109788,Museum Road,Apr-Jun,2027,6441.606668,10422.83333,8432.22,12.9744,77.6079,Moderate
109816,Museum Road,Jul-Sep,2027,6618.158005,10708.50199,8663.33,12.9744,77.6079,Moderate
109844,Museum Road,Oct-Dec,2027,6787.161737,10981.95826,8884.56,12.9744,77.6079,Moderate
109872,Museum Road,Jan-Mar,2028,7055.72053,11416.49947,9236.11,12.9744,77.6079,Moderate
109900,Museum Road,Apr-Jun,2028,7272.477383,11767.22262,9519.85,12.9744,77.6079,Moderate
109928,Museum Road,Jul-Sep,2028,7549.042139,12214.71786,9881.88,12.9744,77.6079,Moderate
109956,Museum Road,Oct-Dec,2028,7664.975811,12402.30419,10033.64,12.9744,77.6079,Moderate
109984,Museum Road,Jan-Mar,2029,7607.077728,12308.62227,9957.85,12.9744,77.6079,Moderate
110012,Museum Road,Apr-Jun,2029,7992.005632,12931.45437,10461.73,12.9744,77.6079,Moderate
110040,Museum Road,Jul-Sep,2029,7963.893091,12885.96691,10424.93,12.9744,77.6079,Moderate
110068,Museum Road,Oct-Dec,2029,8319.425056,13461.23494,10890.33,12.9744,77.6079,Moderate
110096,Museum Road,Jan-Mar,2030,10865.23713,17580.48287,14222.86,12.9744,77.6079,Moderate
110124,Museum Road,Apr-Jun,2030,11035.68468,17856.27532,14445.98,12.9744,77.6079,Moderate
110152,Museum Road,Jul-Sep,2030,9956.07146,16109.40854,13032.74,12.9744,77.6079,Moderate
110180,Museum Road,Oct-Dec,2030,6498.144959,10514.31504,8506.23,12.9744,77.6079,Moderate
110208,Mysore Road,Jan-Mar,2024,4637.779671,7328.384369,5983.15,12.9466619,77.5300896,High
110236,Mysore Road,Apr-Jun,2024,5054.983343,7987.628466,6521.38,12.9466619,77.5300896,High
110264,Mysore Road,Jul-Sep,2024,4827.061139,7627.477352,6227.34,12.9466619,77.5300896,High
110292,Mysore Road,Oct-Dec,2024,4844.788594,7655.489378,6250.21,12.9466619,77.5300896,High
110320,Mysore Road,Jan-Mar,2025,5465.109986,8635.6898,7050.48,12.9466619,77.5300896,High
110348,Mysore Road,Apr-Jun,2025,5517.553383,8718.558199,7118.136667,12.9466619,77.5300896,High
110376,Mysore Road,Jul-Sep,2025,4715.180827,7450.689754,6083.004405,12.9466619,77.5300896,High
110404,Mysore Road,Oct-Dec,2025,3537.93334,5590.462943,4564.25,12.9466619,77.5300896,High
110432,Mysore Road,Jan-Mar,2026,3462.915278,5471.923204,4467.47,12.9466619,77.5300896,High
110460,Mysore Road,Apr-Jun,2026,3688.481056,5828.350814,4758.47,12.9466619,77.5300896,High
110488,Mysore Road,Jul-Sep,2026,3670.885375,5800.54701,4735.77,12.9466619,77.5300896,High
110516,Mysore Road,Oct-Dec,2026,3703.821079,5852.590341,4778.26,12.9466619,77.5300896,High
110544,Mysore Road,Jan-Mar,2027,3601.223531,5690.470896,4645.9,12.9466619,77.5300896,High
110572,Mysore Road,Apr-Jun,2027,3695.147261,5838.884413,4767.07,12.9466619,77.5300896,High
110600,Mysore Road,Jul-Sep,2027,3671.52099,5801.551377,4736.59,12.9466619,77.5300896,High
110628,Mysore Road,Oct-Dec,2027,3642.902816,5756.330389,4699.67,12.9466619,77.5300896,High
110656,Mysore Road,Jan-Mar,2028,3665.901224,5792.671308,4729.34,12.9466619,77.5300896,High
110684,Mysore Road,Apr-Jun,2028,3751.251903,5927.538126,4839.45,12.9466619,77.5300896,High
110712,Mysore Road,Jul-Sep,2028,3810.867931,6021.740351,4916.36,12.9466619,77.5300896,High
110740,Mysore Road,Oct-Dec,2028,4030.596904,6368.944936,5199.83,12.9466619,77.5300896,High
110768,Mysore Road,Jan-Mar,2029,3971.841282,6276.102281,5124.03,12.9466619,77.5300896,High
110796,Mysore Road,Apr-Jun,2029,4156.061085,6567.197077,5361.69,12.9466619,77.5300896,High
110824,Mysore Road,Jul-Sep,2029,4129.582298,6525.35664,5327.53,12.9466619,77.5300896,High
110852,Mysore Road,Oct-Dec,2029,4296.190918,6788.623136,5542.47,12.9466619,77.5300896,High
110880,Mysore Road,Jan-Mar,2030,4637.779671,7328.384369,5983.15,12.9466619,77.5300896,High
110908,Mysore Road,Apr-Jun,2030,5054.983343,7987.628466,6521.38,12.9466619,77.5300896,High
110936,Mysore Road,Jul-Sep,2030,4827.061139,7627.477352,6227.34,12.9466619,77.5300896,High
110964,Mysore Road,Oct-Dec,2030,4844.788594,7655.489378,6250.21,12.9466619,77.5300896,High
110992,NRI Layout Main Road,Jan-Mar,2024,4103.144242,7374.782472,5739.01,12.9715,77.6106,Moderate
111020,NRI Layout Main Road,Apr-Jun,2024,4315.658002,7756.74388,6036.25,12.9715,77.6106,Moderate
111048,NRI Layout Main Road,Jul-Sep,2024,4075.446816,7325.000528,5700.27,12.9715,77.6106,Moderate
111076,NRI Layout Main Road,Oct-Dec,2024,4471.44709,8036.751251,6254.15,12.9715,77.6106,Moderate
111104,NRI Layout Main Road,Jan-Mar,2025,4494.046874,8077.370952,6285.76,12.9715,77.6106,Moderate
111132,NRI Layout Main Road,Apr-Jun,2025,4334.146785,7789.974677,6062.11,12.9715,77.6106,Moderate
111160,NRI Layout Main Road,Jul-Sep,2025,3030.916613,5447.615145,4239.300333,12.9715,77.6106,Moderate
111188,NRI Layout Main Road,Oct-Dec,2025,2856.960235,5134.954811,3995.99,12.9715,77.6106,Moderate
111216,NRI Layout Main Road,Jan-Mar,2026,2891.935922,5197.818329,4044.91,12.9715,77.6106,Moderate
111244,NRI Layout Main Road,Apr-Jun,2026,3088.091471,5550.378321,4319.27,12.9715,77.6106,Moderate
111272,NRI Layout Main Road,Jul-Sep,2026,3137.609379,5639.379287,4388.53,12.9715,77.6106,Moderate
111300,NRI Layout Main Road,Oct-Dec,2026,3097.87208,5567.957489,4332.95,12.9715,77.6106,Moderate
111328,NRI Layout Main Road,Jan-Mar,2027,3113.522484,5596.086729,4354.84,12.9715,77.6106,Moderate
111356,NRI Layout Main Road,Apr-Jun,2027,3202.577503,5756.149685,4479.4,12.9715,77.6106,Moderate
111384,NRI Layout Main Road,Jul-Sep,2027,3197.315421,5746.691887,4472.04,12.9715,77.6106,Moderate
111412,NRI Layout Main Road,Oct-Dec,2027,3187.835094,5729.65243,4458.78,12.9715,77.6106,Moderate
111440,NRI Layout Main Road,Jan-Mar,2028,3398.218283,6107.784458,4753.04,12.9715,77.6106,Moderate
111468,NRI Layout Main Road,Apr-Jun,2028,3499.277427,6289.423016,4894.39,12.9715,77.6106,Moderate
111496,NRI Layout Main Road,Jul-Sep,2028,3532.143991,6348.495704,4940.36,12.9715,77.6106,Moderate
111524,NRI Layout Main Road,Oct-Dec,2028,3673.140622,6601.915868,5137.57,12.9715,77.6106,Moderate
111552,NRI Layout Main Road,Jan-Mar,2029,3685.130448,6623.465769,5154.34,12.9715,77.6106,Moderate
111580,NRI Layout Main Road,Apr-Jun,2029,3752.901203,6745.273473,5249.13,12.9715,77.6106,Moderate
111608,NRI Layout Main Road,Jul-Sep,2029,3804.985807,6838.887686,5321.98,12.9715,77.6106,Moderate
111636,NRI Layout Main Road,Oct-Dec,2029,3947.483847,7095.006406,5521.29,12.9715,77.6106,Moderate
111664,NRI Layout Main Road,Jan-Mar,2030,4103.144242,7374.782472,5739.01,12.9715,77.6106,Moderate
111692,NRI Layout Main Road,Apr-Jun,2030,4315.658002,7756.74388,6036.25,12.9715,77.6106,Moderate
111720,NRI Layout Main Road,Jul-Sep,2030,4075.446816,7325.000528,5700.27,12.9715,77.6106,Moderate
111748,NRI Layout Main Road,Oct-Dec,2030,4471.44709,8036.751251,6254.15,12.9715,77.6106,Moderate
111776,Naagarabhaavi,Jan-Mar,2024,4818.669261,7159.347595,5989.1,12.9575,77.5347,Moderate
111804,Naagarabhaavi,Apr-Jun,2024,4948.704379,7352.547535,6150.72,12.9575,77.5347,Moderate
111832,Naagarabhaavi,Jul-Sep,2024,4702.07856,6986.122726,5844.19,12.9575,77.5347,Moderate
111860,Naagarabhaavi,Oct-Dec,2024,5083.27729,7552.489509,6317.98,12.9575,77.5347,Moderate
111888,Naagarabhaavi,Jan-Mar,2025,5018.80684,7456.702409,6237.85,12.9575,77.5347,Moderate
111916,Naagarabhaavi,Apr-Jun,2025,4857.795655,7217.479714,6037.73,12.9575,77.5347,Moderate
111944,Naagarabhaavi,Jul-Sep,2025,3593.425254,5338.938836,4466.250333,12.9575,77.5347,Moderate
111972,Naagarabhaavi,Oct-Dec,2025,3219.700742,4783.676886,4001.75,12.9575,77.5347,Moderate
112000,Naagarabhaavi,Jan-Mar,2026,3951.653151,5871.176657,4911.49,12.9575,77.5347,Moderate
112028,Naagarabhaavi,Apr-Jun,2026,4035.417265,5995.62936,5015.6,12.9575,77.5347,Moderate
112056,Naagarabhaavi,Jul-Sep,2026,4011.263978,5959.743565,4985.58,12.9575,77.5347,Moderate
112084,Naagarabhaavi,Oct-Dec,2026,4020.548753,5973.538437,4997.12,12.9575,77.5347,Moderate
112112,Naagarabhaavi,Jan-Mar,2027,4004.996353,5950.431428,4977.79,12.9575,77.5347,Moderate
112140,Naagarabhaavi,Apr-Jun,2027,4010.652503,5958.835063,4984.82,12.9575,77.5347,Moderate
112168,Naagarabhaavi,Jul-Sep,2027,4010.18585,5958.141734,4984.24,12.9575,77.5347,Moderate
112196,Naagarabhaavi,Oct-Dec,2027,4090.60294,6077.621587,5084.19,12.9575,77.5347,Moderate
112224,Naagarabhaavi,Jan-Mar,2028,4061.823357,6034.862264,5048.42,12.9575,77.5347,Moderate
112252,Naagarabhaavi,Apr-Jun,2028,4269.459559,6343.35817,5306.49,12.9575,77.5347,Moderate
112280,Naagarabhaavi,Jul-Sep,2028,4299.035669,6387.300936,5343.25,12.9575,77.5347,Moderate
112308,Naagarabhaavi,Oct-Dec,2028,4436.90733,6592.144035,5514.61,12.9575,77.5347,Moderate
112336,Naagarabhaavi,Jan-Mar,2029,4461.543361,6628.747068,5545.23,12.9575,77.5347,Moderate
112364,Naagarabhaavi,Apr-Jun,2029,4624.236105,6870.468141,5747.44,12.9575,77.5347,Moderate
112392,Naagarabhaavi,Jul-Sep,2029,4631.227846,6880.856134,5756.13,12.9575,77.5347,Moderate
112420,Naagarabhaavi,Oct-Dec,2029,4635.500129,6887.203688,5761.44,12.9575,77.5347,Moderate
112448,Naagarabhaavi,Jan-Mar,2030,4818.669261,7159.347595,5989.1,12.9575,77.5347,Moderate
112476,Naagarabhaavi,Apr-Jun,2030,4948.704379,7352.547535,6150.72,12.9575,77.5347,Moderate
112504,Naagarabhaavi,Jul-Sep,2030,4702.07856,6986.122726,5844.19,12.9575,77.5347,Moderate
112532,Naagarabhaavi,Oct-Dec,2030,5083.27729,7552.489509,6317.98,12.9575,77.5347,Moderate
112588,Nagasandra,Jan-Mar,2024,5829.181283,8687.163405,7258.11,13.0479536,77.5001422,Moderate
112616,Nagasandra,Apr-Jun,2024,5886.18721,8772.118698,7329.09,13.0479536,77.5001422,Moderate
112644,Nagasandra,Jul-Sep,2024,5986.385286,8921.442765,7453.85,13.0479536,77.5001422,Moderate
112672,Nagasandra,Oct-Dec,2024,6066.224102,9040.425656,7553.26,13.0479536,77.5001422,Moderate
112700,Nagasandra,Jan-Mar,2025,6873.398471,10243.34855,8558.3,13.0479536,77.5001422,Moderate
112728,Nagasandra,Apr-Jun,2025,6913.787708,10303.54018,8608.59,13.0479536,77.5001422,Moderate
112756,Nagasandra,Jul-Sep,2025,7096.753336,10576.2118,8836.406667,13.0479536,77.5001422,Moderate
112784,Nagasandra,Oct-Dec,2025,3667.55798,5465.720471,4566.6,13.0479536,77.5001422,Moderate
112812,Nagasandra,Jan-Mar,2026,4119.115917,6138.672193,5128.85,13.0479536,77.5001422,Moderate
112840,Nagasandra,Apr-Jun,2026,4065.450996,6058.695965,5062.03,13.0479536,77.5001422,Moderate
112868,Nagasandra,Jul-Sep,2026,3798.066054,5660.215188,4729.1,13.0479536,77.5001422,Moderate
112896,Nagasandra,Oct-Dec,2026,3754.616904,5595.463408,4675.0,13.0479536,77.5001422,Moderate
112924,Nagasandra,Jan-Mar,2027,3845.113211,5730.329038,4787.68,13.0479536,77.5001422,Moderate
112952,Nagasandra,Apr-Jun,2027,3785.802311,5641.938669,4713.83,13.0479536,77.5001422,Moderate
112980,Nagasandra,Jul-Sep,2027,3795.303298,5656.097885,4725.66,13.0479536,77.5001422,Moderate
113008,Nagasandra,Oct-Dec,2027,3848.518468,5735.403854,4791.92,13.0479536,77.5001422,Moderate
113036,Nagasandra,Jan-Mar,2028,4528.718519,6749.098352,5638.86,13.0479536,77.5001422,Moderate
113064,Nagasandra,Apr-Jun,2028,4685.850241,6983.269992,5834.51,13.0479536,77.5001422,Moderate
113092,Nagasandra,Jul-Sep,2028,4815.635501,7176.687507,5996.11,13.0479536,77.5001422,Moderate
113120,Nagasandra,Oct-Dec,2028,5050.357284,7526.490745,6288.37,13.0479536,77.5001422,Moderate
113148,Nagasandra,Jan-Mar,2029,4932.924111,7351.481406,6142.15,13.0479536,77.5001422,Moderate
113176,Nagasandra,Apr-Jun,2029,5089.774738,7585.234134,6337.45,13.0479536,77.5001422,Moderate
113204,Nagasandra,Jul-Sep,2029,5276.461519,7863.451347,6569.9,13.0479536,77.5001422,Moderate
113232,Nagasandra,Oct-Dec,2029,5335.828638,7951.925498,6643.82,13.0479536,77.5001422,Moderate
113260,Nagasandra,Jan-Mar,2030,5829.181283,8687.163405,7258.11,13.0479536,77.5001422,Moderate
113288,Nagasandra,Apr-Jun,2030,5886.18721,8772.118698,7329.09,13.0479536,77.5001422,Moderate
113316,Nagasandra,Jul-Sep,2030,5986.385286,8921.442765,7453.85,13.0479536,77.5001422,Moderate
113344,Nagasandra,Oct-Dec,2030,6066.224102,9040.425656,7553.26,13.0479536,77.5001422,Moderate
113372,Nagavara,Jan-Mar,2024,5981.616031,9699.243969,7840.43,13.0374647,77.623602,High
113400,Nagavara,Apr-Jun,2024,6119.918057,9923.501943,8021.71,13.0374647,77.623602,High
113428,Nagavara,Jul-Sep,2024,6375.03067,10337.16933,8356.1,13.0374647,77.623602,High
113456,Nagavara,Oct-Dec,2024,6393.653532,10367.36647,8380.51,13.0374647,77.623602,High
113484,Nagavara,Jan-Mar,2025,7445.2845,12072.5955,9758.94,13.0374647,77.623602,High
113512,Nagavara,Apr-Jun,2025,7547.691169,12238.64883,9893.17,13.0374647,77.623602,High
113540,Nagavara,Jul-Sep,2025,6888.956055,11170.50394,9029.73,13.0374647,77.623602,High
113568,Nagavara,Oct-Dec,2025,3335.524239,5408.582428,4372.053333,13.0374647,77.623602,High
113596,Nagavara,Jan-Mar,2026,5354.442893,8682.277107,7018.36,13.0374647,77.623602,High
113624,Nagavara,Apr-Jun,2026,5429.643856,8804.216144,7116.93,13.0374647,77.623602,High
113652,Nagavara,Jul-Sep,2026,5292.158154,8581.281846,6936.72,13.0374647,77.623602,High
113680,Nagavara,Oct-Dec,2026,5175.2255,8391.6745,6783.45,13.0374647,77.623602,High
113708,Nagavara,Jan-Mar,2027,5016.461976,8134.238024,6575.35,13.0374647,77.623602,High
113736,Nagavara,Apr-Jun,2027,5077.091179,8232.548821,6654.82,13.0374647,77.623602,High
113764,Nagavara,Jul-Sep,2027,4971.358182,8061.101818,6516.23,13.0374647,77.623602,High
113792,Nagavara,Oct-Dec,2027,4973.181559,8064.058441,6518.62,13.0374647,77.623602,High
113820,Nagavara,Jan-Mar,2028,5194.443439,8422.836561,6808.64,13.0374647,77.623602,High
113848,Nagavara,Apr-Jun,2028,5424.280533,8795.519467,7109.9,13.0374647,77.623602,High
113876,Nagavara,Jul-Sep,2028,5595.746665,9073.553335,7334.65,13.0374647,77.623602,High
113904,Nagavara,Oct-Dec,2028,5685.51176,9219.10824,7452.31,13.0374647,77.623602,High
113932,Nagavara,Jan-Mar,2029,5804.328825,9411.771175,7608.05,13.0374647,77.623602,High
113960,Nagavara,Apr-Jun,2029,6162.626284,9992.753716,8077.69,13.0374647,77.623602,High
113988,Nagavara,Jul-Sep,2029,6434.187439,10433.09256,8433.64,13.0374647,77.623602,High
114016,Nagavara,Oct-Dec,2029,6331.628186,10266.79181,8299.21,13.0374647,77.623602,High
114044,Nagavara,Jan-Mar,2030,5981.616031,9699.243969,7840.43,13.0374647,77.623602,High
114072,Nagavara,Apr-Jun,2030,6119.918057,9923.501943,8021.71,13.0374647,77.623602,High
114100,Nagavara,Jul-Sep,2030,6375.03067,10337.16933,8356.1,13.0374647,77.623602,High
114128,Nagavara,Oct-Dec,2030,6393.653532,10367.36647,8380.51,13.0374647,77.623602,High
114156,Nandi Durga Road,Jan-Mar,2024,7856.266311,13714.64957,10785.16,13.00239625,77.59812809,Moderate
114184,Nandi Durga Road,Apr-Jun,2024,8101.39858,14142.5759,11121.68,13.00239625,77.59812809,Moderate
114212,Nandi Durga Road,Jul-Sep,2024,8026.275286,14011.43349,11018.55,13.00239625,77.59812809,Moderate
114240,Nandi Durga Road,Oct-Dec,2024,7719.473881,13475.85163,10597.37,13.00239625,77.59812809,Moderate
114268,Nandi Durga Road,Jan-Mar,2025,9739.309288,17001.86942,13370.22,13.00239625,77.59812809,Moderate
114296,Nandi Durga Road,Apr-Jun,2025,9575.069502,16715.15675,13144.75,13.00239625,77.59812809,Moderate
114324,Nandi Durga Road,Jul-Sep,2025,9269.877934,16182.38517,12725.78,13.00239625,77.59812809,Moderate
114352,Nandi Durga Road,Oct-Dec,2025,3502.181967,6113.743668,4807.83,13.00239625,77.59812809,Moderate
114380,Nandi Durga Road,Jan-Mar,2026,3806.790789,6645.49795,5226.0,13.00239625,77.59812809,Moderate
114408,Nandi Durga Road,Apr-Jun,2026,3961.735769,6915.984722,5438.71,13.00239625,77.59812809,Moderate
114436,Nandi Durga Road,Jul-Sep,2026,3969.777669,6930.023432,5449.75,13.00239625,77.59812809,Moderate
114464,Nandi Durga Road,Oct-Dec,2026,3955.303706,6904.756297,5429.88,13.00239625,77.59812809,Moderate
114492,Nandi Durga Road,Jan-Mar,2027,3826.305508,6679.564711,5252.79,13.00239625,77.59812809,Moderate
114520,Nandi Durga Road,Apr-Jun,2027,4006.206603,6993.617261,5499.76,13.00239625,77.59812809,Moderate
114548,Nandi Durga Road,Jul-Sep,2027,4003.941177,6989.662516,5496.65,13.00239625,77.59812809,Moderate
114576,Nandi Durga Road,Oct-Dec,2027,3996.853524,6977.289631,5486.92,13.00239625,77.59812809,Moderate
114604,Nandi Durga Road,Jan-Mar,2028,3957.445299,6908.494867,5432.82,13.00239625,77.59812809,Moderate
114632,Nandi Durga Road,Apr-Jun,2028,4114.051107,7181.880937,5647.81,13.00239625,77.59812809,Moderate
114660,Nandi Durga Road,Jul-Sep,2028,4203.983443,7338.875422,5771.27,13.00239625,77.59812809,Moderate
114688,Nandi Durga Road,Oct-Dec,2028,4369.971468,7628.639987,5999.14,13.00239625,77.59812809,Moderate
114716,Nandi Durga Road,Jan-Mar,2029,4380.358922,7646.773321,6013.4,13.00239625,77.59812809,Moderate
114744,Nandi Durga Road,Apr-Jun,2029,4621.069603,8066.980898,6343.85,13.00239625,77.59812809,Moderate
114772,Nandi Durga Road,Jul-Sep,2029,4527.254718,7903.208666,6215.06,13.00239625,77.59812809,Moderate
114800,Nandi Durga Road,Oct-Dec,2029,4527.7282,7904.035221,6215.71,13.00239625,77.59812809,Moderate
114828,Nandi Durga Road,Jan-Mar,2030,7856.266311,13714.64957,10785.16,13.00239625,77.59812809,Moderate
114856,Nandi Durga Road,Apr-Jun,2030,8101.39858,14142.5759,11121.68,13.00239625,77.59812809,Moderate
114884,Nandi Durga Road,Jul-Sep,2030,8026.275286,14011.43349,11018.55,13.00239625,77.59812809,Moderate
114912,Nandi Durga Road,Oct-Dec,2030,7719.473881,13475.85163,10597.37,13.00239625,77.59812809,Moderate
114968,Neotown Road,Jan-Mar,2024,4664.60323,8253.402462,6459.17,12.81796021,77.65686363,Moderate
114996,Neotown Road,Apr-Jun,2024,4812.344276,8514.810828,6663.75,12.81796021,77.65686363,Moderate
115024,Neotown Road,Jul-Sep,2024,4496.37429,7955.743458,6226.22,12.81796021,77.65686363,Moderate
115052,Neotown Road,Oct-Dec,2024,4393.732611,7774.132494,6084.09,12.81796021,77.65686363,Moderate
115080,Neotown Road,Jan-Mar,2025,3566.843499,6311.060868,4939.08,12.81796021,77.65686363,Moderate
115108,Neotown Road,Apr-Jun,2025,3485.960729,6167.949435,4827.08,12.81796021,77.65686363,Moderate
115136,Neotown Road,Jul-Sep,2025,3911.346326,6920.613351,5416.12,12.81796021,77.65686363,Moderate
115164,Neotown Road,Oct-Dec,2025,2623.70707,4642.304891,3633.1,12.81796021,77.65686363,Moderate
115192,Neotown Road,Jan-Mar,2026,2510.976709,4442.843331,3477.0,12.81796021,77.65686363,Moderate
115220,Neotown Road,Apr-Jun,2026,2642.050127,4674.76052,3658.5,12.81796021,77.65686363,Moderate
115248,Neotown Road,Jul-Sep,2026,2709.327259,4793.798565,3751.66,12.81796021,77.65686363,Moderate
115276,Neotown Road,Oct-Dec,2026,2848.727269,5040.448565,3944.69,12.81796021,77.65686363,Moderate
115304,Neotown Road,Jan-Mar,2027,2861.950158,5063.844729,3963.0,12.81796021,77.65686363,Moderate
115332,Neotown Road,Apr-Jun,2027,3380.452044,5981.265682,4680.98,12.81796021,77.65686363,Moderate
115360,Neotown Road,Jul-Sep,2027,3407.836639,6029.719124,4718.9,12.81796021,77.65686363,Moderate
115388,Neotown Road,Oct-Dec,2027,3443.302289,6092.470932,4768.01,12.81796021,77.65686363,Moderate
115416,Neotown Road,Jan-Mar,2028,3197.758087,5658.012732,4428.0,12.81796021,77.65686363,Moderate
115444,Neotown Road,Apr-Jun,2028,3312.373305,5860.8093,4586.71,12.81796021,77.65686363,Moderate
115472,Neotown Road,Jul-Sep,2028,3097.384014,5480.413999,4289.01,12.81796021,77.65686363,Moderate
115500,Neotown Road,Oct-Dec,2028,3658.825985,6473.81179,5066.45,12.81796021,77.65686363,Moderate
115528,Neotown Road,Jan-Mar,2029,4096.286224,7247.840199,5672.21,12.81796021,77.65686363,Moderate
115556,Neotown Road,Apr-Jun,2029,4227.027444,7479.169608,5853.25,12.81796021,77.65686363,Moderate
115584,Neotown Road,Jul-Sep,2029,4045.452847,7157.897219,5601.82,12.81796021,77.65686363,Moderate
115612,Neotown Road,Oct-Dec,2029,4075.762221,7211.525673,5643.79,12.81796021,77.65686363,Moderate
115640,Neotown Road,Jan-Mar,2030,4664.60323,8253.402462,6459.17,12.81796021,77.65686363,Moderate
115668,Neotown Road,Apr-Jun,2030,4812.344276,8514.810828,6663.75,12.81796021,77.65686363,Moderate
115696,Neotown Road,Jul-Sep,2030,4496.37429,7955.743458,6226.22,12.81796021,77.65686363,Moderate
115724,Neotown Road,Oct-Dec,2030,4393.732611,7774.132494,6084.09,12.81796021,77.65686363,Moderate
115752,New Airport Road,Jan-Mar,2024,5148.410523,8666.521019,6898.68,13.1989,77.7038,High
115780,New Airport Road,Apr-Jun,2024,5317.967435,8951.942806,7125.88,13.1989,77.7038,High
115808,New Airport Road,Jul-Sep,2024,5285.256334,8896.87893,7082.048333,13.1989,77.7038,High
115836,New Airport Road,Oct-Dec,2024,5202.822471,8758.11478,6971.59,13.1989,77.7038,High
115864,New Airport Road,Jan-Mar,2025,5743.95181,9669.018984,7696.683333,13.1989,77.7038,High
115892,New Airport Road,Apr-Jun,2025,5779.773692,9729.319361,7744.683333,13.1989,77.7038,High
115920,New Airport Road,Jul-Sep,2025,4746.383276,7989.772812,6359.978333,13.1989,77.7038,High
115948,New Airport Road,Oct-Dec,2025,2800.327164,4713.900362,3752.335,13.1989,77.7038,High
115976,New Airport Road,Jan-Mar,2026,2419.09651,4072.159874,3241.5,13.1989,77.7038,High
116004,New Airport Road,Apr-Jun,2026,2542.607376,4280.070551,3407.0,13.1989,77.7038,High
116032,New Airport Road,Jul-Sep,2026,2668.431739,4491.875628,3575.6,13.1989,77.7038,High
116060,New Airport Road,Oct-Dec,2026,2850.100924,4797.68648,3819.03,13.1989,77.7038,High
116088,New Airport Road,Jan-Mar,2027,2944.334864,4956.314161,3945.3,13.1989,77.7038,High
116116,New Airport Road,Apr-Jun,2027,3243.358029,5459.671563,4345.98,13.1989,77.7038,High
116144,New Airport Road,Jul-Sep,2027,3324.703554,5596.60367,4454.98,13.1989,77.7038,High
116172,New Airport Road,Oct-Dec,2027,3407.407325,5735.822167,4565.8,13.1989,77.7038,High
116200,New Airport Road,Jan-Mar,2028,3687.235932,6206.868617,4940.76,13.1989,77.7038,High
116228,New Airport Road,Apr-Jun,2028,3849.941908,6480.757957,5158.78,13.1989,77.7038,High
116256,New Airport Road,Jul-Sep,2028,3872.539545,6518.797445,5189.06,13.1989,77.7038,High
116284,New Airport Road,Oct-Dec,2028,4255.93817,7164.187361,5702.8,13.1989,77.7038,High
116312,New Airport Road,Jan-Mar,2029,4392.203119,7393.567485,5885.39,13.1989,77.7038,High
116340,New Airport Road,Apr-Jun,2029,4665.792747,7854.111619,6251.99,13.1989,77.7038,High
116368,New Airport Road,Jul-Sep,2029,4635.053094,7802.366358,6210.8,13.1989,77.7038,High
116396,New Airport Road,Oct-Dec,2029,4769.22097,8028.216397,6390.58,13.1989,77.7038,High
116424,New Airport Road,Jan-Mar,2030,5148.410523,8666.521019,6898.68,13.1989,77.7038,High
116452,New Airport Road,Apr-Jun,2030,5317.967435,8951.942806,7125.88,13.1989,77.7038,High
116480,New Airport Road,Jul-Sep,2030,5285.256334,8896.87893,7082.048333,13.1989,77.7038,High
116508,New Airport Road,Oct-Dec,2030,5202.822471,8758.11478,6971.59,13.1989,77.7038,High
116536,New BEL Road,Jan-Mar,2024,5610.684378,11012.97371,8332.19,13.0285387,77.5712588,Moderate
116564,New BEL Road,Apr-Jun,2024,5771.580484,11328.78984,8571.13,13.0285387,77.5712588,Moderate
116592,New BEL Road,Jul-Sep,2024,6040.694608,11857.0225,8970.78,13.0285387,77.5712588,Moderate
116620,New BEL Road,Oct-Dec,2024,5567.298858,10927.81412,8267.76,13.0285387,77.5712588,Moderate
116648,New BEL Road,Jan-Mar,2025,6429.952212,12621.0797,9548.85,13.0285387,77.5712588,Moderate
116676,New BEL Road,Apr-Jun,2025,6650.159145,13053.31452,9875.87,13.0285387,77.5712588,Moderate
116704,New BEL Road,Jul-Sep,2025,7119.726088,13975.0075,10573.204,13.0285387,77.5712588,Moderate
116732,New BEL Road,Oct-Dec,2025,3453.145304,6778.032037,5128.12,13.0285387,77.5712588,Moderate
116760,New BEL Road,Jan-Mar,2026,3743.288914,7347.542588,5559.0,13.0285387,77.5712588,Moderate
116788,New BEL Road,Apr-Jun,2026,3854.059021,7564.96852,5723.5,13.0285387,77.5712588,Moderate
116816,New BEL Road,Jul-Sep,2026,3928.466905,7711.02059,5834.0,13.0285387,77.5712588,Moderate
116844,New BEL Road,Oct-Dec,2026,4012.638719,7876.237863,5959.0,13.0285387,77.5712588,Moderate
116872,New BEL Road,Jan-Mar,2027,4114.991645,8077.142068,6111.0,13.0285387,77.5712588,Moderate
116900,New BEL Road,Apr-Jun,2027,4243.808189,8329.990583,6302.3,13.0285387,77.5712588,Moderate
116928,New BEL Road,Jul-Sep,2027,4298.553537,8437.447898,6383.6,13.0285387,77.5712588,Moderate
116956,New BEL Road,Oct-Dec,2027,4461.106144,8756.515496,6625.0,13.0285387,77.5712588,Moderate
116984,New BEL Road,Jan-Mar,2028,4398.805534,8634.228279,6532.48,13.0285387,77.5712588,Moderate
117012,New BEL Road,Apr-Jun,2028,4505.02363,8842.719261,6690.22,13.0285387,77.5712588,Moderate
117040,New BEL Road,Jul-Sep,2028,4506.49832,8845.613868,6692.41,13.0285387,77.5712588,Moderate
117068,New BEL Road,Oct-Dec,2028,4909.964127,9637.559738,7291.58,13.0285387,77.5712588,Moderate
117096,New BEL Road,Jan-Mar,2029,5019.333615,9852.236454,7454.0,13.0285387,77.5712588,Moderate
117124,New BEL Road,Apr-Jun,2029,5232.961679,10271.55789,7771.25,13.0285387,77.5712588,Moderate
117152,New BEL Road,Jul-Sep,2029,5360.680623,10522.25198,7960.92,13.0285387,77.5712588,Moderate
117180,New BEL Road,Oct-Dec,2029,5489.254752,10774.62467,8151.86,13.0285387,77.5712588,Moderate
117208,New BEL Road,Jan-Mar,2030,5610.684378,11012.97371,8332.19,13.0285387,77.5712588,Moderate
117236,New BEL Road,Apr-Jun,2030,5771.580484,11328.78984,8571.13,13.0285387,77.5712588,Moderate
117264,New BEL Road,Jul-Sep,2030,6040.694608,11857.0225,8970.78,13.0285387,77.5712588,Moderate
117292,New BEL Road,Oct-Dec,2030,5567.298858,10927.81412,8267.76,13.0285387,77.5712588,Moderate
117320,Nice Ring Road,Jan-Mar,2024,4193.233155,7408.768954,5796.16,12.95658943,77.47162044,Moderate
117348,Nice Ring Road,Apr-Jun,2024,4300.02164,7597.447041,5943.77,12.95658943,77.47162044,Moderate
117376,Nice Ring Road,Jul-Sep,2024,4642.434671,8202.435827,6417.075595,12.95658943,77.47162044,Moderate
117404,Nice Ring Road,Oct-Dec,2024,4707.361313,8317.150766,6506.821429,12.95658943,77.47162044,Moderate
117432,Nice Ring Road,Jan-Mar,2025,4820.061161,8516.273283,6662.6025,12.95658943,77.47162044,Moderate
117460,Nice Ring Road,Apr-Jun,2025,4803.251796,8486.573836,6639.3675,12.95658943,77.47162044,Moderate
117488,Nice Ring Road,Jul-Sep,2025,4135.77717,7307.253464,5716.740595,12.95658943,77.47162044,Moderate
117516,Nice Ring Road,Oct-Dec,2025,2987.433201,5278.314258,4129.424762,12.95658943,77.47162044,Moderate
117544,Nice Ring Road,Jan-Mar,2026,2673.148517,4723.02374,3695.0,12.95658943,77.47162044,Moderate
117572,Nice Ring Road,Apr-Jun,2026,2715.832079,4798.438734,3754.0,12.95658943,77.47162044,Moderate
117600,Nice Ring Road,Jul-Sep,2026,2742.599737,4845.732882,3791.0,12.95658943,77.47162044,Moderate
117628,Nice Ring Road,Oct-Dec,2026,2836.149083,5011.01954,3920.31,12.95658943,77.47162044,Moderate
117656,Nice Ring Road,Jan-Mar,2027,3069.346023,5423.041048,4242.65,12.95658943,77.47162044,Moderate
117684,Nice Ring Road,Apr-Jun,2027,3014.494028,5326.12639,4166.83,12.95658943,77.47162044,Moderate
117712,Nice Ring Road,Jul-Sep,2027,3020.838687,5337.336382,4175.6,12.95658943,77.47162044,Moderate
117740,Nice Ring Road,Oct-Dec,2027,3126.751797,5524.467823,4322.0,12.95658943,77.47162044,Moderate
117768,Nice Ring Road,Jan-Mar,2028,3316.96856,5860.550267,4584.93,12.95658943,77.47162044,Moderate
117796,Nice Ring Road,Apr-Jun,2028,3398.826951,6005.180886,4698.08,12.95658943,77.47162044,Moderate
117824,Nice Ring Road,Jul-Sep,2028,3487.312146,6161.520002,4820.39,12.95658943,77.47162044,Moderate
117852,Nice Ring Road,Oct-Dec,2028,4189.73889,7402.59515,5791.33,12.95658943,77.47162044,Moderate
117880,Nice Ring Road,Jan-Mar,2029,3651.35448,6451.356439,5047.14,12.95658943,77.47162044,Moderate
117908,Nice Ring Road,Apr-Jun,2029,3668.919852,6482.391626,5071.42,12.95658943,77.47162044,Moderate
117936,Nice Ring Road,Jul-Sep,2029,3821.871694,6752.632946,5282.84,12.95658943,77.47162044,Moderate
117964,Nice Ring Road,Oct-Dec,2029,3929.202767,6942.269699,5431.2,12.95658943,77.47162044,Moderate
117992,Nice Ring Road,Jan-Mar,2030,4193.233155,7408.768954,5796.16,12.95658943,77.47162044,Moderate
118020,Nice Ring Road,Apr-Jun,2030,4300.02164,7597.447041,5943.77,12.95658943,77.47162044,Moderate
118048,Nice Ring Road,Jul-Sep,2030,4642.434671,8202.435827,6417.075595,12.95658943,77.47162044,Moderate
118076,Nice Ring Road,Oct-Dec,2030,4707.361313,8317.150766,6506.821429,12.95658943,77.47162044,Moderate
118104,OMBR Layout,Jan-Mar,2024,4540.406352,6771.289987,5655.74,13.0082113,77.652778,Moderate
118132,OMBR Layout,Apr-Jun,2024,4643.156232,6924.525002,5783.73,13.0082113,77.652778,Moderate
118160,OMBR Layout,Jul-Sep,2024,4946.825252,7377.398784,6161.994167,13.0082113,77.652778,Moderate
118188,OMBR Layout,Oct-Dec,2024,5115.007703,7628.216014,6371.49,13.0082113,77.652778,Moderate
118216,OMBR Layout,Jan-Mar,2025,5353.729176,7984.230915,6668.8525,13.0082113,77.652778,Moderate
118244,OMBR Layout,Apr-Jun,2025,5320.344898,7934.443603,6627.2675,13.0082113,77.652778,Moderate
118272,OMBR Layout,Jul-Sep,2025,4368.801314,6515.368515,5441.980833,13.0082113,77.652778,Moderate
118300,OMBR Layout,Oct-Dec,2025,4052.597969,6043.801793,5048.103333,13.0082113,77.652778,Moderate
118328,OMBR Layout,Jan-Mar,2026,2984.587394,4451.034814,3717.74,13.0082113,77.652778,Moderate
118356,OMBR Layout,Apr-Jun,2026,3037.764612,4530.34013,3783.98,13.0082113,77.652778,Moderate
118384,OMBR Layout,Jul-Sep,2026,3067.46807,4574.638087,3820.98,13.0082113,77.652778,Moderate
118412,OMBR Layout,Oct-Dec,2026,3163.08912,4717.241593,3940.09,13.0082113,77.652778,Moderate
118440,OMBR Layout,Jan-Mar,2027,3375.332369,5033.768457,4204.47,13.0082113,77.652778,Moderate
118468,OMBR Layout,Apr-Jun,2027,3335.923106,4974.995842,4155.38,13.0082113,77.652778,Moderate
118496,OMBR Layout,Jul-Sep,2027,3333.330074,4971.128751,4152.15,13.0082113,77.652778,Moderate
118524,OMBR Layout,Oct-Dec,2027,3436.914862,5125.608898,4281.18,13.0082113,77.652778,Moderate
118552,OMBR Layout,Jan-Mar,2028,4569.965306,6815.372441,5692.56,13.0082113,77.652778,Moderate
118580,OMBR Layout,Apr-Jun,2028,4721.236187,7040.968768,5880.99,13.0082113,77.652778,Moderate
118608,OMBR Layout,Jul-Sep,2028,4980.852437,7428.144888,6204.38,13.0082113,77.652778,Moderate
118636,OMBR Layout,Oct-Dec,2028,5255.376611,7837.553794,6546.34,13.0082113,77.652778,Moderate
118664,OMBR Layout,Jan-Mar,2029,4954.095241,7388.240809,6171.05,13.0082113,77.652778,Moderate
118692,OMBR Layout,Apr-Jun,2029,4991.778492,7444.439353,6217.99,13.0082113,77.652778,Moderate
118720,OMBR Layout,Jul-Sep,2029,5296.407523,7898.744837,6597.45,13.0082113,77.652778,Moderate
118748,OMBR Layout,Oct-Dec,2029,5281.025949,7875.805679,6578.29,13.0082113,77.652778,Moderate
118776,OMBR Layout,Jan-Mar,2030,4540.406352,6771.289987,5655.74,13.0082113,77.652778,Moderate
118804,OMBR Layout,Apr-Jun,2030,4643.156232,6924.525002,5783.73,13.0082113,77.652778,Moderate
118832,OMBR Layout,Jul-Sep,2030,4946.825252,7377.398784,6161.994167,13.0082113,77.652778,Moderate
118860,OMBR Layout,Oct-Dec,2030,5115.007703,7628.216014,6371.49,13.0082113,77.652778,Moderate
118888,Old Madras Road,Jan-Mar,2024,5148.488822,8576.594044,6862.61,12.9956481,77.6662045,Moderate
118916,Old Madras Road,Apr-Jun,2024,5278.990138,8793.989253,7036.56,12.9956481,77.6662045,Moderate
118944,Old Madras Road,Jul-Sep,2024,5614.87254,9353.517905,7484.27,12.9956481,77.6662045,Moderate
118972,Old Madras Road,Oct-Dec,2024,5525.355915,9204.396914,7364.95,12.9956481,77.6662045,Moderate
119000,Old Madras Road,Jan-Mar,2025,6380.341714,10628.67234,8504.592,12.9956481,77.6662045,Moderate
119028,Old Madras Road,Apr-Jun,2025,6401.528016,10663.96548,8532.832,12.9956481,77.6662045,Moderate
119056,Old Madras Road,Jul-Sep,2025,5254.742926,8753.597111,7004.24,12.9956481,77.6662045,Moderate
119084,Old Madras Road,Oct-Dec,2025,3985.08779,6638.546064,5311.87,12.9956481,77.6662045,Moderate
119112,Old Madras Road,Jan-Mar,2026,3627.921558,6043.56181,4835.79,12.9956481,77.6662045,Moderate
119140,Old Madras Road,Apr-Jun,2026,3726.560896,6207.879844,4967.27,12.9956481,77.6662045,Moderate
119168,Old Madras Road,Jul-Sep,2026,3719.741368,6196.519554,4958.18,12.9956481,77.6662045,Moderate
119196,Old Madras Road,Oct-Dec,2026,3731.452351,6216.028259,4973.79,12.9956481,77.6662045,Moderate
119224,Old Madras Road,Jan-Mar,2027,3790.112299,6313.746749,5051.98,12.9956481,77.6662045,Moderate
119252,Old Madras Road,Apr-Jun,2027,3778.153742,6293.825625,5036.04,12.9956481,77.6662045,Moderate
119280,Old Madras Road,Jul-Sep,2027,3774.342608,6287.47686,5030.96,12.9956481,77.6662045,Moderate
119308,Old Madras Road,Oct-Dec,2027,3832.522413,6384.395506,5108.51,12.9956481,77.6662045,Moderate
119336,Old Madras Road,Jan-Mar,2028,4050.102128,6746.849995,5398.53,12.9956481,77.6662045,Moderate
119364,Old Madras Road,Apr-Jun,2028,4027.572927,6709.319796,5368.5,12.9956481,77.6662045,Moderate
119392,Old Madras Road,Jul-Sep,2028,4070.583219,6780.968358,5425.83,12.9956481,77.6662045,Moderate
119420,Old Madras Road,Oct-Dec,2028,4323.168346,7201.736503,5762.51,12.9956481,77.6662045,Moderate
119448,Old Madras Road,Jan-Mar,2029,4230.223201,7046.904124,5638.62,12.9956481,77.6662045,Moderate
119476,Old Madras Road,Apr-Jun,2029,4285.327091,7138.698767,5712.07,12.9956481,77.6662045,Moderate
119504,Old Madras Road,Jul-Sep,2029,4491.608446,7482.331918,5987.03,12.9956481,77.6662045,Moderate
119532,Old Madras Road,Oct-Dec,2029,4578.1992,7626.578856,6102.45,12.9956481,77.6662045,Moderate
119560,Old Madras Road,Jan-Mar,2030,5148.488822,8576.594044,6862.61,12.9956481,77.6662045,Moderate
119588,Old Madras Road,Apr-Jun,2030,5278.990138,8793.989253,7036.56,12.9956481,77.6662045,Moderate
119616,Old Madras Road,Jul-Sep,2030,5614.87254,9353.517905,7484.27,12.9956481,77.6662045,Moderate
119644,Old Madras Road,Oct-Dec,2030,5525.355915,9204.396914,7364.95,12.9956481,77.6662045,Moderate
119672,Outer Ring Road,Jan-Mar,2024,5533.403722,8806.873231,7170.03,12.9472,77.6402,Moderate
119700,Outer Ring Road,Apr-Jun,2024,5664.522461,9015.559633,7339.93,12.9472,77.6402,Moderate
119728,Outer Ring Road,Jul-Sep,2024,5807.596749,9243.274288,7525.321667,12.9472,77.6402,Moderate
119756,Outer Ring Road,Oct-Dec,2024,6029.694709,9596.761703,7813.11,12.9472,77.6402,Moderate
119784,Outer Ring Road,Jan-Mar,2025,6845.600807,10895.34426,8870.338333,12.9472,77.6402,Moderate
119812,Outer Ring Road,Apr-Jun,2025,6856.30485,10912.38064,8884.208333,12.9472,77.6402,Moderate
119840,Outer Ring Road,Jul-Sep,2025,6332.065274,10078.00966,8204.913333,12.9472,77.6402,Moderate
119868,Outer Ring Road,Oct-Dec,2025,5049.722978,8037.055012,6543.29,12.9472,77.6402,Moderate
119896,Outer Ring Road,Jan-Mar,2026,5583.451104,8886.527812,7234.88,12.9472,77.6402,Moderate
119924,Outer Ring Road,Apr-Jun,2026,5827.120502,9274.347968,7550.62,12.9472,77.6402,Moderate
119952,Outer Ring Road,Jul-Sep,2026,6132.089261,9759.731166,7945.79,12.9472,77.6402,Moderate
119980,Outer Ring Road,Oct-Dec,2026,6021.305888,9583.410195,7802.24,12.9472,77.6402,Moderate
120008,Outer Ring Road,Jan-Mar,2027,5787.329553,9211.017356,7499.06,12.9472,77.6402,Moderate
120036,Outer Ring Road,Apr-Jun,2027,5560.692472,8850.305551,7205.39,12.9472,77.6402,Moderate
120064,Outer Ring Road,Jul-Sep,2027,5704.151344,9078.632304,7391.28,12.9472,77.6402,Moderate
120092,Outer Ring Road,Oct-Dec,2027,5482.376229,8725.658723,7103.91,12.9472,77.6402,Moderate
120120,Outer Ring Road,Jan-Mar,2028,6116.808796,9735.411032,7925.99,12.9472,77.6402,Moderate
120148,Outer Ring Road,Apr-Jun,2028,6330.202807,10075.04539,8202.5,12.9472,77.6402,Moderate
120176,Outer Ring Road,Jul-Sep,2028,6239.060234,9929.984387,8084.4,12.9472,77.6402,Moderate
120204,Outer Ring Road,Oct-Dec,2028,6031.71667,9599.979822,7815.73,12.9472,77.6402,Moderate
120232,Outer Ring Road,Jan-Mar,2029,5903.615437,9396.096032,7649.74,12.9472,77.6402,Moderate
120260,Outer Ring Road,Apr-Jun,2029,6229.753042,9915.171214,8072.34,12.9472,77.6402,Moderate
120288,Outer Ring Road,Jul-Sep,2029,6578.155365,10469.68255,8523.79,12.9472,77.6402,Moderate
120316,Outer Ring Road,Oct-Dec,2029,6492.530739,10333.40382,8412.84,12.9472,77.6402,Moderate
120344,Outer Ring Road,Jan-Mar,2030,5533.403722,8806.873231,7170.03,12.9472,77.6402,Moderate
120372,Outer Ring Road,Apr-Jun,2030,5664.522461,9015.559633,7339.93,12.9472,77.6402,Moderate
120400,Outer Ring Road,Jul-Sep,2030,5807.596749,9243.274288,7525.321667,12.9472,77.6402,Moderate
120428,Outer Ring Road,Oct-Dec,2030,6029.694709,9596.761703,7813.11,12.9472,77.6402,Moderate
120456,Panathur,Jan-Mar,2024,6914.219886,10176.15028,8545.12,12.93623091,77.70585294,Moderate
120484,Panathur,Apr-Jun,2024,7047.979235,10373.01345,8710.43,12.93623091,77.70585294,Moderate
120512,Panathur,Jul-Sep,2024,7533.55375,11087.66807,9310.54,12.93623091,77.70585294,Moderate
120540,Panathur,Oct-Dec,2024,8897.565744,13095.18176,10996.29,12.93623091,77.70585294,Moderate
120568,Panathur,Jan-Mar,2025,9602.458337,14132.62243,11867.45,12.93623091,77.70585294,Moderate
120596,Panathur,Apr-Jun,2025,9866.117425,14520.66831,12193.3,12.93623091,77.70585294,Moderate
120624,Panathur,Jul-Sep,2025,9272.042294,13646.32559,11459.09667,12.93623091,77.70585294,Moderate
120652,Panathur,Oct-Dec,2025,5240.411497,7712.687156,6476.5,12.93623091,77.70585294,Moderate
120680,Panathur,Jan-Mar,2026,4791.766247,7052.38396,5922.03,12.93623091,77.70585294,Moderate
120708,Panathur,Apr-Jun,2026,4935.105843,7263.347062,6099.18,12.93623091,77.70585294,Moderate
120736,Panathur,Jul-Sep,2026,5090.250829,7491.684997,6290.92,12.93623091,77.70585294,Moderate
120764,Panathur,Oct-Dec,2026,5115.665995,7529.090309,6322.33,12.93623091,77.70585294,Moderate
120792,Panathur,Jan-Mar,2027,5190.171838,7638.745869,6414.41,12.93623091,77.70585294,Moderate
120820,Panathur,Apr-Jun,2027,5242.685187,7716.033508,6479.31,12.93623091,77.70585294,Moderate
120848,Panathur,Jul-Sep,2027,5333.37388,7849.506523,6591.39,12.93623091,77.70585294,Moderate
120876,Panathur,Oct-Dec,2027,5259.369706,7740.589304,6499.93,12.93623091,77.70585294,Moderate
120904,Panathur,Jan-Mar,2028,5292.228984,7788.950645,6540.54,12.93623091,77.70585294,Moderate
120932,Panathur,Apr-Jun,2028,5321.851691,7832.548495,6577.15,12.93623091,77.70585294,Moderate
120960,Panathur,Jul-Sep,2028,5447.640986,8017.681568,6732.61,12.93623091,77.70585294,Moderate
120988,Panathur,Oct-Dec,2028,5540.951301,8155.01301,6847.93,12.93623091,77.70585294,Moderate
121016,Panathur,Jan-Mar,2029,5549.665766,8167.838709,6858.7,12.93623091,77.70585294,Moderate
121044,Panathur,Apr-Jun,2029,5943.281234,8747.150651,7345.16,12.93623091,77.70585294,Moderate
121072,Panathur,Jul-Sep,2029,5822.354885,8569.174723,7195.71,12.93623091,77.70585294,Moderate
121100,Panathur,Oct-Dec,2029,6187.294342,9106.282136,7646.73,12.93623091,77.70585294,Moderate
121128,Panathur,Jan-Mar,2030,6914.219886,10176.15028,8545.12,12.93623091,77.70585294,Moderate
121156,Panathur,Apr-Jun,2030,7047.979235,10373.01345,8710.43,12.93623091,77.70585294,Moderate
121184,Panathur,Jul-Sep,2030,7533.55375,11087.66807,9310.54,12.93623091,77.70585294,Moderate
121212,Panathur,Oct-Dec,2030,8897.565744,13095.18176,10996.29,12.93623091,77.70585294,Moderate
121268,Phase 1 Electronics City,Jan-Mar,2024,4813.759211,8274.40426,6429.81,12.84017835,77.65945688,Moderate
121296,Phase 1 Electronics City,Apr-Jun,2024,4692.670498,8066.264028,6268.07,12.84017835,77.65945688,Moderate
121324,Phase 1 Electronics City,Jul-Sep,2024,4573.513336,7861.443951,6108.91,12.84017835,77.65945688,Moderate
121352,Phase 1 Electronics City,Oct-Dec,2024,5089.881005,8749.031936,6798.63,12.84017835,77.65945688,Moderate
121380,Phase 1 Electronics City,Jan-Mar,2025,5370.030605,9230.583036,7172.83,12.84017835,77.65945688,Moderate
121408,Phase 1 Electronics City,Apr-Jun,2025,5470.014514,9402.446075,7306.38,12.84017835,77.65945688,Moderate
121436,Phase 1 Electronics City,Jul-Sep,2025,3978.139037,6838.05092,5313.659667,12.84017835,77.65945688,Moderate
121464,Phase 1 Electronics City,Oct-Dec,2025,3513.279615,6039.000818,4692.74,12.84017835,77.65945688,Moderate
121492,Phase 1 Electronics City,Jan-Mar,2026,3523.251803,6056.142081,4706.06,12.84017835,77.65945688,Moderate
121520,Phase 1 Electronics City,Apr-Jun,2026,3538.015432,6081.519386,4725.78,12.84017835,77.65945688,Moderate
121548,Phase 1 Electronics City,Jul-Sep,2026,3626.395069,6233.435761,4843.83,12.84017835,77.65945688,Moderate
121576,Phase 1 Electronics City,Oct-Dec,2026,3670.259219,6308.834154,4902.42,12.84017835,77.65945688,Moderate
121604,Phase 1 Electronics City,Jan-Mar,2027,3817.970379,6562.735896,5099.72,12.84017835,77.65945688,Moderate
121632,Phase 1 Electronics City,Apr-Jun,2027,3745.462392,6438.101412,5002.87,12.84017835,77.65945688,Moderate
121660,Phase 1 Electronics City,Jul-Sep,2027,3676.997184,6320.416089,4911.42,12.84017835,77.65945688,Moderate
121688,Phase 1 Electronics City,Oct-Dec,2027,3660.025,6291.242483,4888.75,12.84017835,77.65945688,Moderate
121716,Phase 1 Electronics City,Jan-Mar,2028,3939.223798,6771.159242,5261.68,12.84017835,77.65945688,Moderate
121744,Phase 1 Electronics City,Apr-Jun,2028,3959.018441,6805.184392,5288.12,12.84017835,77.65945688,Moderate
121772,Phase 1 Electronics City,Jul-Sep,2028,3912.384238,6725.024536,5225.83,12.84017835,77.65945688,Moderate
121800,Phase 1 Electronics City,Oct-Dec,2028,4052.67615,6966.173282,5413.22,12.84017835,77.65945688,Moderate
121828,Phase 1 Electronics City,Jan-Mar,2029,4297.391542,7386.816274,5740.09,12.84017835,77.65945688,Moderate
121856,Phase 1 Electronics City,Apr-Jun,2029,4193.978757,7209.059317,5601.96,12.84017835,77.65945688,Moderate
121884,Phase 1 Electronics City,Jul-Sep,2029,4211.871796,7239.815788,5625.86,12.84017835,77.65945688,Moderate
121912,Phase 1 Electronics City,Oct-Dec,2029,4333.387247,7448.689542,5788.17,12.84017835,77.65945688,Moderate
121940,Phase 1 Electronics City,Jan-Mar,2030,4813.759211,8274.40426,6429.81,12.84017835,77.65945688,Moderate
121968,Phase 1 Electronics City,Apr-Jun,2030,4692.670498,8066.264028,6268.07,12.84017835,77.65945688,Moderate
121996,Phase 1 Electronics City,Jul-Sep,2030,4573.513336,7861.443951,6108.91,12.84017835,77.65945688,Moderate
122024,Phase 1 Electronics City,Oct-Dec,2030,5089.881005,8749.031936,6798.63,12.84017835,77.65945688,Moderate
122052,Phase 2 Electronic City,Jan-Mar,2024,3780.099367,6569.178516,5174.68,12.8468545,77.6769267,Moderate
122080,Phase 2 Electronic City,Apr-Jun,2024,3684.374758,6402.825205,5043.64,12.8468545,77.6769267,Moderate
122108,Phase 2 Electronic City,Jul-Sep,2024,3661.334815,6362.785649,5012.1,12.8468545,77.6769267,Moderate
122136,Phase 2 Electronic City,Oct-Dec,2024,4189.829038,7281.219945,5735.57,12.8468545,77.6769267,Moderate
122164,Phase 2 Electronic City,Jan-Mar,2025,4763.665345,8278.451173,6521.11,12.8468545,77.6769267,Moderate
122192,Phase 2 Electronic City,Apr-Jun,2025,4929.737022,8567.055887,6748.45,12.8468545,77.6769267,Moderate
122220,Phase 2 Electronic City,Jul-Sep,2025,3597.926027,6252.591814,4925.298,12.8468545,77.6769267,Moderate
122248,Phase 2 Electronic City,Oct-Dec,2025,3425.683092,5953.262491,4689.51,12.8468545,77.6769267,Moderate
122276,Phase 2 Electronic City,Jan-Mar,2026,3460.301447,6013.423384,4736.9,12.8468545,77.6769267,Moderate
122304,Phase 2 Electronic City,Apr-Jun,2026,3472.646883,6034.87768,4753.8,12.8468545,77.6769267,Moderate
122332,Phase 2 Electronic City,Jul-Sep,2026,3565.71978,6196.62276,4881.21,12.8468545,77.6769267,Moderate
122360,Phase 2 Electronic City,Oct-Dec,2026,3605.824184,6266.317486,4936.11,12.8468545,77.6769267,Moderate
122388,Phase 2 Electronic City,Jan-Mar,2027,3724.859021,6473.180063,5099.06,12.8468545,77.6769267,Moderate
122416,Phase 2 Electronic City,Apr-Jun,2027,3648.638739,6340.722,4994.72,12.8468545,77.6769267,Moderate
122444,Phase 2 Electronic City,Jul-Sep,2027,3604.085596,6263.296111,4933.73,12.8468545,77.6769267,Moderate
122472,Phase 2 Electronic City,Oct-Dec,2027,3628.593843,6305.887332,4967.28,12.8468545,77.6769267,Moderate
122500,Phase 2 Electronic City,Jan-Mar,2028,3570.06625,6204.176196,4887.16,12.8468545,77.6769267,Moderate
122528,Phase 2 Electronic City,Apr-Jun,2028,3575.296624,6213.265709,4894.32,12.8468545,77.6769267,Moderate
122556,Phase 2 Electronic City,Jul-Sep,2028,3602.675733,6260.846005,4931.8,12.8468545,77.6769267,Moderate
122584,Phase 2 Electronic City,Oct-Dec,2028,3713.244085,6452.995251,5083.16,12.8468545,77.6769267,Moderate
122612,Phase 2 Electronic City,Jan-Mar,2029,3678.45041,6392.529682,5035.53,12.8468545,77.6769267,Moderate
122640,Phase 2 Electronic City,Apr-Jun,2029,3534.658956,6142.644259,4838.69,12.8468545,77.6769267,Moderate
122668,Phase 2 Electronic City,Jul-Sep,2029,3641.216868,6327.824033,4984.56,12.8468545,77.6769267,Moderate
122696,Phase 2 Electronic City,Oct-Dec,2029,3681.335882,6397.544148,5039.48,12.8468545,77.6769267,Moderate
122724,Phase 2 Electronic City,Jan-Mar,2030,3780.099367,6569.178516,5174.68,12.8468545,77.6769267,Moderate
122752,Phase 2 Electronic City,Apr-Jun,2030,3684.374758,6402.825205,5043.64,12.8468545,77.6769267,Moderate
122780,Phase 2 Electronic City,Jul-Sep,2030,3661.334815,6362.785649,5012.1,12.8468545,77.6769267,Moderate
122808,Phase 2 Electronic City,Oct-Dec,2030,4189.829038,7281.219945,5735.57,12.8468545,77.6769267,Moderate
122836,Phase 2nd Judicial Layout,Jan-Mar,2024,6624.726716,8718.216913,7647.95,13.09367905,77.59034354,Moderate
122864,Phase 2nd Judicial Layout,Apr-Jun,2024,6700.944487,8818.520381,7735.94,13.09367905,77.59034354,Moderate
122892,Phase 2nd Judicial Layout,Jul-Sep,2024,6652.558026,8754.843239,7680.08,13.09367905,77.59034354,Moderate
122920,Phase 2nd Judicial Layout,Oct-Dec,2024,6569.081419,8644.98706,7583.71,13.09367905,77.59034354,Moderate
122948,Phase 2nd Judicial Layout,Jan-Mar,2025,7809.068938,10276.82496,9015.22,13.09367905,77.59034354,Moderate
122976,Phase 2nd Judicial Layout,Apr-Jun,2025,7998.041196,10525.51464,9233.38,13.09367905,77.59034354,Moderate
123004,Phase 2nd Judicial Layout,Jul-Sep,2025,5942.684351,7820.64128,6860.562667,13.09367905,77.59034354,Moderate
123032,Phase 2nd Judicial Layout,Oct-Dec,2025,4042.588047,5320.092586,4666.986667,13.09367905,77.59034354,Moderate
123060,Phase 2nd Judicial Layout,Jan-Mar,2026,3660.497275,4817.256715,4225.88,13.09367905,77.59034354,Moderate
123088,Phase 2nd Judicial Layout,Apr-Jun,2026,3707.809636,4879.520329,4280.5,13.09367905,77.59034354,Moderate
123116,Phase 2nd Judicial Layout,Jul-Sep,2026,3802.841477,5004.58333,4390.21,13.09367905,77.59034354,Moderate
123144,Phase 2nd Judicial Layout,Oct-Dec,2026,3925.704628,5166.272656,4532.05,13.09367905,77.59034354,Moderate
123172,Phase 2nd Judicial Layout,Jan-Mar,2027,4170.945853,5489.012943,4815.17,13.09367905,77.59034354,Moderate
123200,Phase 2nd Judicial Layout,Apr-Jun,2027,4180.032391,5500.970931,4825.66,13.09367905,77.59034354,Moderate
123228,Phase 2nd Judicial Layout,Jul-Sep,2027,4287.771525,5642.756876,4950.04,13.09367905,77.59034354,Moderate
123256,Phase 2nd Judicial Layout,Oct-Dec,2027,4403.705,5795.326669,5083.88,13.09367905,77.59034354,Moderate
123284,Phase 2nd Judicial Layout,Jan-Mar,2028,4783.754405,6295.476078,5522.63,13.09367905,77.59034354,Moderate
123312,Phase 2nd Judicial Layout,Apr-Jun,2028,4915.695432,6469.111994,5674.95,13.09367905,77.59034354,Moderate
123340,Phase 2nd Judicial Layout,Jul-Sep,2028,5073.622742,6676.946159,5857.27,13.09367905,77.59034354,Moderate
123368,Phase 2nd Judicial Layout,Oct-Dec,2028,5219.986156,6869.562104,6026.24,13.09367905,77.59034354,Moderate
123396,Phase 2nd Judicial Layout,Jan-Mar,2029,5458.211085,7183.068863,6301.26,13.09367905,77.59034354,Moderate
123424,Phase 2nd Judicial Layout,Apr-Jun,2029,5654.355557,7441.197255,6527.7,13.09367905,77.59034354,Moderate
123452,Phase 2nd Judicial Layout,Jul-Sep,2029,5890.207072,7751.580573,6799.98,13.09367905,77.59034354,Moderate
123480,Phase 2nd Judicial Layout,Oct-Dec,2029,5969.811722,7856.341213,6891.88,13.09367905,77.59034354,Moderate
123508,Phase 2nd Judicial Layout,Jan-Mar,2030,6624.726716,8718.216913,7647.95,13.09367905,77.59034354,Moderate
123536,Phase 2nd Judicial Layout,Apr-Jun,2030,6700.944487,8818.520381,7735.94,13.09367905,77.59034354,Moderate
123564,Phase 2nd Judicial Layout,Jul-Sep,2030,6652.558026,8754.843239,7680.08,13.09367905,77.59034354,Moderate
123592,Phase 2nd Judicial Layout,Oct-Dec,2030,6569.081419,8644.98706,7583.71,13.09367905,77.59034354,Moderate
124432,Phase 7 JP Nagar,Jan-Mar,2024,6086.240403,9965.194711,8025.74,12.9119148,77.5798871,Moderate
124460,Phase 7 JP Nagar,Apr-Jun,2024,6341.914765,10383.81846,8362.89,12.9119148,77.5798871,Moderate
124488,Phase 7 JP Nagar,Jul-Sep,2024,6030.714742,9874.280782,7952.52,12.9119148,77.5798871,Moderate
124516,Phase 7 JP Nagar,Oct-Dec,2024,6518.964426,10673.7075,8596.36,12.9119148,77.5798871,Moderate
124544,Phase 7 JP Nagar,Jan-Mar,2025,7021.357153,11496.29107,9258.85,12.9119148,77.5798871,Moderate
124572,Phase 7 JP Nagar,Apr-Jun,2025,7207.173226,11800.53362,9503.88,12.9119148,77.5798871,Moderate
124600,Phase 7 JP Nagar,Jul-Sep,2025,4913.812497,8045.541264,6479.695,12.9119148,77.5798871,Moderate
124628,Phase 7 JP Nagar,Oct-Dec,2025,4708.237873,7708.947404,6208.61,12.9119148,77.5798871,Moderate
124656,Phase 7 JP Nagar,Jan-Mar,2026,4862.347747,7961.276394,6411.83,12.9119148,77.5798871,Moderate
124684,Phase 7 JP Nagar,Apr-Jun,2026,4790.305438,7843.319234,6316.83,12.9119148,77.5798871,Moderate
124712,Phase 7 JP Nagar,Jul-Sep,2026,4901.000341,8024.563514,6462.8,12.9119148,77.5798871,Moderate
124740,Phase 7 JP Nagar,Oct-Dec,2026,5058.66683,8282.715863,6670.71,12.9119148,77.5798871,Moderate
124768,Phase 7 JP Nagar,Jan-Mar,2027,4909.87292,8039.09087,6474.5,12.9119148,77.5798871,Moderate
124796,Phase 7 JP Nagar,Apr-Jun,2027,4807.186088,7870.958459,6339.09,12.9119148,77.5798871,Moderate
124824,Phase 7 JP Nagar,Jul-Sep,2027,4939.948688,8088.33488,6514.16,12.9119148,77.5798871,Moderate
124852,Phase 7 JP Nagar,Oct-Dec,2027,5085.60307,8326.819425,6706.23,12.9119148,77.5798871,Moderate
124880,Phase 7 JP Nagar,Jan-Mar,2028,5012.658336,8207.384696,6610.04,12.9119148,77.5798871,Moderate
124908,Phase 7 JP Nagar,Apr-Jun,2028,5003.239752,8191.963349,6597.62,12.9119148,77.5798871,Moderate
124936,Phase 7 JP Nagar,Jul-Sep,2028,4812.737138,7880.047369,6346.41,12.9119148,77.5798871,Moderate
124964,Phase 7 JP Nagar,Oct-Dec,2028,4800.914616,7860.689978,6330.82,12.9119148,77.5798871,Moderate
124992,Phase 7 JP Nagar,Jan-Mar,2029,5068.81342,8299.329198,6684.09,12.9119148,77.5798871,Moderate
125020,Phase 7 JP Nagar,Apr-Jun,2029,5181.715093,8484.186693,6832.97,12.9119148,77.5798871,Moderate
125048,Phase 7 JP Nagar,Jul-Sep,2029,5313.893771,8700.60704,7007.27,12.9119148,77.5798871,Moderate
125076,Phase 7 JP Nagar,Oct-Dec,2029,5427.242864,8886.197111,7156.74,12.9119148,77.5798871,Moderate
125104,Phase 7 JP Nagar,Jan-Mar,2030,6086.240403,9965.194711,8025.74,12.9119148,77.5798871,Moderate
125132,Phase 7 JP Nagar,Apr-Jun,2030,6341.914765,10383.81846,8362.89,12.9119148,77.5798871,Moderate
125160,Phase 7 JP Nagar,Jul-Sep,2030,6030.714742,9874.280782,7952.52,12.9119148,77.5798871,Moderate
125188,Phase 7 JP Nagar,Oct-Dec,2030,6518.964426,10673.7075,8596.36,12.9119148,77.5798871,Moderate
125216,Phase 8th JP Nagar,Jan-Mar,2024,4523.247593,7070.226976,5796.63,12.9074619,77.5950566,Moderate
125244,Phase 8th JP Nagar,Apr-Jun,2024,4822.228607,7537.560145,6179.78,12.9074619,77.5950566,Moderate
125272,Phase 8th JP Nagar,Jul-Sep,2024,5647.085349,8826.882532,7236.85,12.9074619,77.5950566,Moderate
125300,Phase 8th JP Nagar,Oct-Dec,2024,5917.920088,9250.22064,7583.93,12.9074619,77.5950566,Moderate
125328,Phase 8th JP Nagar,Jan-Mar,2025,6551.734087,10240.92671,8396.175,12.9074619,77.5950566,Moderate
125356,Phase 8th JP Nagar,Apr-Jun,2025,6687.799125,10453.60812,8570.545,12.9074619,77.5950566,Moderate
125384,Phase 8th JP Nagar,Jul-Sep,2025,4773.809523,7461.876932,6117.73,12.9074619,77.5950566,Moderate
125412,Phase 8th JP Nagar,Oct-Dec,2025,4676.565588,7309.876254,5993.11,12.9074619,77.5950566,Moderate
125440,Phase 8th JP Nagar,Jan-Mar,2026,3751.047093,5863.210845,4807.04,12.9074619,77.5950566,Moderate
125468,Phase 8th JP Nagar,Apr-Jun,2026,3712.655168,5803.200949,4757.84,12.9074619,77.5950566,Moderate
125496,Phase 8th JP Nagar,Jul-Sep,2026,3988.538602,6234.430602,5111.39,12.9074619,77.5950566,Moderate
125524,Phase 8th JP Nagar,Oct-Dec,2026,4068.506171,6359.426826,5213.87,12.9074619,77.5950566,Moderate
125552,Phase 8th JP Nagar,Jan-Mar,2027,4020.172923,6283.877782,5151.93,12.9074619,77.5950566,Moderate
125580,Phase 8th JP Nagar,Apr-Jun,2027,3996.053119,6246.176442,5121.02,12.9074619,77.5950566,Moderate
125608,Phase 8th JP Nagar,Jul-Sep,2027,4164.548409,6509.549145,5336.95,12.9074619,77.5950566,Moderate
125636,Phase 8th JP Nagar,Oct-Dec,2027,4103.207165,6413.667479,5258.34,12.9074619,77.5950566,Moderate
125664,Phase 8th JP Nagar,Jan-Mar,2028,4128.474045,6453.161797,5290.72,12.9074619,77.5950566,Moderate
125692,Phase 8th JP Nagar,Apr-Jun,2028,4066.50074,6356.292163,5211.3,12.9074619,77.5950566,Moderate
125720,Phase 8th JP Nagar,Jul-Sep,2028,3998.534548,6250.05513,5124.2,12.9074619,77.5950566,Moderate
125748,Phase 8th JP Nagar,Oct-Dec,2028,4058.003015,6343.009485,5200.41,12.9074619,77.5950566,Moderate
125776,Phase 8th JP Nagar,Jan-Mar,2029,4239.303416,6626.397684,5432.75,12.9074619,77.5950566,Moderate
125804,Phase 8th JP Nagar,Apr-Jun,2029,4315.704907,6745.819817,5530.66,12.9074619,77.5950566,Moderate
125832,Phase 8th JP Nagar,Jul-Sep,2029,4353.94857,6805.597968,5579.67,12.9074619,77.5950566,Moderate
125860,Phase 8th JP Nagar,Oct-Dec,2029,4449.826939,6955.464147,5702.54,12.9074619,77.5950566,Moderate
125888,Phase 8th JP Nagar,Jan-Mar,2030,4523.247593,7070.226976,5796.63,12.9074619,77.5950566,Moderate
125916,Phase 8th JP Nagar,Apr-Jun,2030,4822.228607,7537.560145,6179.78,12.9074619,77.5950566,Moderate
125944,Phase 8th JP Nagar,Jul-Sep,2030,5647.085349,8826.882532,7236.85,12.9074619,77.5950566,Moderate
125972,Phase 8th JP Nagar,Oct-Dec,2030,5917.920088,9250.22064,7583.93,12.9074619,77.5950566,Moderate
126000,Pulikeshi Nagar,Jan-Mar,2024,7387.593106,12601.41391,10102.3,12.9745,77.6071,Low
126028,Pulikeshi Nagar,Apr-Jun,2024,7608.855991,12978.83388,10404.87,12.9745,77.6071,Low
126056,Pulikeshi Nagar,Jul-Sep,2024,8580.074058,14635.49265,11732.98,12.9745,77.6071,Low
126084,Pulikeshi Nagar,Oct-Dec,2024,8396.640201,14322.59968,11482.14,12.9745,77.6071,Low
126112,Pulikeshi Nagar,Jan-Mar,2025,8808.949551,15025.89785,12045.96,12.9745,77.6071,Low
126140,Pulikeshi Nagar,Apr-Jun,2025,8940.118946,15249.64053,12225.33,12.9745,77.6071,Low
126168,Pulikeshi Nagar,Jul-Sep,2025,8612.97427,14691.6123,11777.97,12.9745,77.6071,Low
126196,Pulikeshi Nagar,Oct-Dec,2025,6587.355226,11236.40522,9008.0,12.9745,77.6071,Low
126224,Pulikeshi Nagar,Jan-Mar,2026,6792.252102,11585.90882,9288.19,12.9745,77.6071,Low
126252,Pulikeshi Nagar,Apr-Jun,2026,6857.218869,11696.72612,9377.03,12.9745,77.6071,Low
126280,Pulikeshi Nagar,Jul-Sep,2026,6892.422608,11756.77502,9425.17,12.9745,77.6071,Low
126308,Pulikeshi Nagar,Oct-Dec,2026,6941.301252,11840.14995,9492.01,12.9745,77.6071,Low
126336,Pulikeshi Nagar,Jan-Mar,2027,6933.067058,11826.10444,9480.75,12.9745,77.6071,Low
126364,Pulikeshi Nagar,Apr-Jun,2027,6975.342258,11898.21552,9538.56,12.9745,77.6071,Low
126392,Pulikeshi Nagar,Jul-Sep,2027,6994.969769,11931.69522,9565.4,12.9745,77.6071,Low
126420,Pulikeshi Nagar,Oct-Dec,2027,7030.999852,11993.15366,9614.67,12.9745,77.6071,Low
126448,Pulikeshi Nagar,Jan-Mar,2028,7217.263756,12310.874,9869.38,12.9745,77.6071,Low
126476,Pulikeshi Nagar,Apr-Jun,2028,7241.491008,12352.19972,9902.51,12.9745,77.6071,Low
126504,Pulikeshi Nagar,Jul-Sep,2028,7237.988184,12346.22477,9897.72,12.9745,77.6071,Low
126532,Pulikeshi Nagar,Oct-Dec,2028,7334.955691,12511.62745,10030.32,12.9745,77.6071,Low
126560,Pulikeshi Nagar,Jan-Mar,2029,7335.452961,12512.47567,10031.0,12.9745,77.6071,Low
126588,Pulikeshi Nagar,Apr-Jun,2029,7382.949488,12593.49304,10095.95,12.9745,77.6071,Low
126616,Pulikeshi Nagar,Jul-Sep,2029,7309.44139,12468.10633,9995.43,12.9745,77.6071,Low
126644,Pulikeshi Nagar,Oct-Dec,2029,7310.640687,12470.15204,9997.07,12.9745,77.6071,Low
126672,Pulikeshi Nagar,Jan-Mar,2030,7387.593106,12601.41391,10102.3,12.9745,77.6071,Low
126700,Pulikeshi Nagar,Apr-Jun,2030,7608.855991,12978.83388,10404.87,12.9745,77.6071,Low
126728,Pulikeshi Nagar,Jul-Sep,2030,8580.074058,14635.49265,11732.98,12.9745,77.6071,Low
126756,Pulikeshi Nagar,Oct-Dec,2030,8396.640201,14322.59968,11482.14,12.9745,77.6071,Low
126784,Queens Road,Jan-Mar,2024,10712.23485,18674.14269,15620.27,12.9763,77.6023,Low
126812,Queens Road,Apr-Jun,2024,10847.29445,18909.58585,15817.21,12.9763,77.6023,Low
126840,Queens Road,Jul-Sep,2024,10952.82803,19093.55764,15971.096,12.9763,77.6023,Low
126868,Queens Road,Oct-Dec,2024,10351.39239,18045.10276,15094.1,12.9763,77.6023,Low
126896,Queens Road,Jan-Mar,2025,10937.50335,19066.84284,15948.75,12.9763,77.6023,Low
126924,Queens Road,Apr-Jun,2025,11199.87313,19524.21993,16331.33,12.9763,77.6023,Low
126952,Queens Road,Jul-Sep,2025,10239.76762,17850.51247,14931.332,12.9763,77.6023,Low
126980,Queens Road,Oct-Dec,2025,8094.757165,14111.21512,11803.54,12.9763,77.6023,Low
127008,Queens Road,Jan-Mar,2026,9022.412438,15728.35358,13156.22,12.9763,77.6023,Low
127036,Queens Road,Apr-Jun,2026,9080.526336,15829.66085,13240.96,12.9763,77.6023,Low
127064,Queens Road,Jul-Sep,2026,9135.650187,15925.7557,13321.34,12.9763,77.6023,Low
127092,Queens Road,Oct-Dec,2026,9251.583094,16127.85617,13490.39,12.9763,77.6023,Low
127120,Queens Road,Jan-Mar,2027,9373.667542,16340.68033,13668.41,12.9763,77.6023,Low
127148,Queens Road,Apr-Jun,2027,9458.31468,16488.24176,13791.84,12.9763,77.6023,Low
127176,Queens Road,Jul-Sep,2027,9484.799914,16534.41224,13830.46,12.9763,77.6023,Low
127204,Queens Road,Oct-Dec,2027,9536.309649,16624.20678,13905.57,12.9763,77.6023,Low
127232,Queens Road,Jan-Mar,2028,9801.78606,17086.99951,14292.68,12.9763,77.6023,Low
127260,Queens Road,Apr-Jun,2028,9811.661446,17104.21481,14307.08,12.9763,77.6023,Low
127288,Queens Road,Jul-Sep,2028,9944.025896,17334.95962,14500.09,12.9763,77.6023,Low
127316,Queens Road,Oct-Dec,2028,10027.02028,17479.63988,14621.11,12.9763,77.6023,Low
127344,Queens Road,Jan-Mar,2029,10239.75939,17850.49812,14931.32,12.9763,77.6023,Low
127372,Queens Road,Apr-Jun,2029,10356.14492,18053.38762,15101.03,12.9763,77.6023,Low
127400,Queens Road,Jul-Sep,2029,10393.69196,18118.84163,15155.78,12.9763,77.6023,Low
127428,Queens Road,Oct-Dec,2029,10345.4603,18034.76162,15085.45,12.9763,77.6023,Low
127456,Queens Road,Jan-Mar,2030,10712.23485,18674.14269,15620.27,12.9763,77.6023,Low
127484,Queens Road,Apr-Jun,2030,10847.29445,18909.58585,15817.21,12.9763,77.6023,Low
127512,Queens Road,Jul-Sep,2030,10952.82803,19093.55764,15971.096,12.9763,77.6023,Low
127540,Queens Road,Oct-Dec,2030,10351.39239,18045.10276,15094.1,12.9763,77.6023,Low
127568,RK Hegde Nagar,Jan-Mar,2024,5959.233023,9927.42622,7943.283333,13.071613,77.63358,Moderate
127596,RK Hegde Nagar,Apr-Jun,2024,6320.705418,10529.59944,8425.103333,13.071613,77.63358,Moderate
127624,RK Hegde Nagar,Jul-Sep,2024,6131.795542,10214.89638,8173.298333,13.071613,77.63358,Moderate
127652,RK Hegde Nagar,Oct-Dec,2024,7201.644651,11997.14723,9599.34,13.071613,77.63358,Moderate
127680,RK Hegde Nagar,Jan-Mar,2025,6947.944275,11574.51033,9261.173333,13.071613,77.63358,Moderate
127708,RK Hegde Nagar,Apr-Jun,2025,6989.709183,11644.08607,9316.843333,13.071613,77.63358,Moderate
127736,RK Hegde Nagar,Jul-Sep,2025,5865.281359,9770.913091,7818.051667,13.071613,77.63358,Moderate
127764,RK Hegde Nagar,Oct-Dec,2025,5161.203424,8597.996755,6879.56,13.071613,77.63358,Moderate
127792,RK Hegde Nagar,Jan-Mar,2026,4291.237452,7148.729212,5719.95,13.071613,77.63358,Moderate
127820,RK Hegde Nagar,Apr-Jun,2026,4297.599342,7159.327421,5728.43,13.071613,77.63358,Moderate
127848,RK Hegde Nagar,Jul-Sep,2026,4326.535439,7207.531774,5767.0,13.071613,77.63358,Moderate
127876,RK Hegde Nagar,Oct-Dec,2026,4309.445361,7179.061586,5744.22,13.071613,77.63358,Moderate
127904,RK Hegde Nagar,Jan-Mar,2027,4184.668289,6971.196719,5577.9,13.071613,77.63358,Moderate
127932,RK Hegde Nagar,Apr-Jun,2027,4422.518956,7367.429747,5894.94,13.071613,77.63358,Moderate
127960,RK Hegde Nagar,Jul-Sep,2027,4458.379611,7427.16965,5942.74,13.071613,77.63358,Moderate
127988,RK Hegde Nagar,Oct-Dec,2027,4526.402321,7540.487997,6033.41,13.071613,77.63358,Moderate
128016,RK Hegde Nagar,Jan-Mar,2028,4696.215273,7823.377682,6259.76,13.071613,77.63358,Moderate
128044,RK Hegde Nagar,Apr-Jun,2028,4754.117476,7919.836379,6336.94,13.071613,77.63358,Moderate
128072,RK Hegde Nagar,Jul-Sep,2028,4898.430352,8160.245745,6529.3,13.071613,77.63358,Moderate
128100,RK Hegde Nagar,Oct-Dec,2028,5099.992738,8496.02649,6797.97,13.071613,77.63358,Moderate
128128,RK Hegde Nagar,Jan-Mar,2029,5152.178242,8582.961797,6867.53,13.071613,77.63358,Moderate
128156,RK Hegde Nagar,Apr-Jun,2029,5208.264906,8676.396004,6942.29,13.071613,77.63358,Moderate
128184,RK Hegde Nagar,Jul-Sep,2029,5317.504862,8858.377745,7087.9,13.071613,77.63358,Moderate
128212,RK Hegde Nagar,Oct-Dec,2029,5438.733379,9060.331111,7249.49,13.071613,77.63358,Moderate
128240,RK Hegde Nagar,Jan-Mar,2030,5959.233023,9927.42622,7943.283333,13.071613,77.63358,Moderate
128268,RK Hegde Nagar,Apr-Jun,2030,6320.705418,10529.59944,8425.103333,13.071613,77.63358,Moderate
128296,RK Hegde Nagar,Jul-Sep,2030,6131.795542,10214.89638,8173.298333,13.071613,77.63358,Moderate
128324,RK Hegde Nagar,Oct-Dec,2030,7201.644651,11997.14723,9599.34,13.071613,77.63358,Moderate
128352,RR Nagar,Jan-Mar,2024,4710.056751,7467.085625,6088.55,12.92193353,77.5166637,Low
128380,RR Nagar,Apr-Jun,2024,4789.257154,7592.645935,6190.93,12.92193353,77.5166637,Low
128408,RR Nagar,Jul-Sep,2024,4932.843662,7820.280719,6376.54,12.92193353,77.5166637,Low
128436,RR Nagar,Oct-Dec,2024,5225.222955,8283.804056,6754.49,12.92193353,77.5166637,Low
128464,RR Nagar,Jan-Mar,2025,5256.050617,8332.676671,6794.34,12.92193353,77.5166637,Low
128492,RR Nagar,Apr-Jun,2025,5528.641414,8764.828326,7146.71,12.92193353,77.5166637,Low
128520,RR Nagar,Jul-Sep,2025,4148.049925,6576.108442,5362.060524,12.92193353,77.5166637,Low
128548,RR Nagar,Oct-Dec,2025,3875.010039,6143.244824,5009.11,12.92193353,77.5166637,Low
128576,RR Nagar,Jan-Mar,2026,4078.874876,6466.441821,5272.64,12.92193353,77.5166637,Low
128604,RR Nagar,Apr-Jun,2026,3974.277431,6300.618325,5137.43,12.92193353,77.5166637,Low
128632,RR Nagar,Jul-Sep,2026,4156.342432,6589.254963,5372.78,12.92193353,77.5166637,Low
128660,RR Nagar,Oct-Dec,2026,4283.698968,6791.159572,5537.41,12.92193353,77.5166637,Low
128688,RR Nagar,Jan-Mar,2027,4273.093015,6774.34543,5523.7,12.92193353,77.5166637,Low
128716,RR Nagar,Apr-Jun,2027,4266.208042,6763.430341,5514.8,12.92193353,77.5166637,Low
128744,RR Nagar,Jul-Sep,2027,4330.11452,6864.744438,5597.41,12.92193353,77.5166637,Low
128772,RR Nagar,Oct-Dec,2027,4348.1302,6893.305586,5620.698333,12.92193353,77.5166637,Low
128800,RR Nagar,Jan-Mar,2028,4268.92954,6767.744867,5518.318,12.92193353,77.5166637,Low
128828,RR Nagar,Apr-Jun,2028,4276.241537,6779.336937,5527.77,12.92193353,77.5166637,Low
128856,RR Nagar,Jul-Sep,2028,4250.132789,6737.945449,5494.02,12.92193353,77.5166637,Low
128884,RR Nagar,Oct-Dec,2028,4326.115046,6858.403875,5592.24,12.92193353,77.5166637,Low
128912,RR Nagar,Jan-Mar,2029,4309.645262,6832.293512,5570.95,12.92193353,77.5166637,Low
128940,RR Nagar,Apr-Jun,2029,4367.208281,6923.55101,5645.36,12.92193353,77.5166637,Low
128968,RR Nagar,Jul-Sep,2029,4389.789447,6959.350048,5674.55,12.92193353,77.5166637,Low
128996,RR Nagar,Oct-Dec,2029,4375.416098,6936.563267,5655.97,12.92193353,77.5166637,Low
129024,RR Nagar,Jan-Mar,2030,4710.056751,7467.085625,6088.55,12.92193353,77.5166637,Low
129052,RR Nagar,Apr-Jun,2030,4789.257154,7592.645935,6190.93,12.92193353,77.5166637,Low
129080,RR Nagar,Jul-Sep,2030,4932.843662,7820.280719,6376.54,12.92193353,77.5166637,Low
129108,RR Nagar,Oct-Dec,2030,5225.222955,8283.804056,6754.49,12.92193353,77.5166637,Low
129136,RT Nagar,Jan-Mar,2024,4613.911661,7616.188339,6115.05,13.0227204,77.595715,Moderate
129164,RT Nagar,Apr-Jun,2024,4714.911361,7782.908639,6248.91,13.0227204,77.595715,Moderate
129192,RT Nagar,Jul-Sep,2024,4770.987095,7875.472905,6323.23,13.0227204,77.595715,Moderate
129220,RT Nagar,Oct-Dec,2024,4899.836032,8088.163968,6494.0,13.0227204,77.595715,Moderate
129248,RT Nagar,Jan-Mar,2025,4961.208478,8189.471522,6575.34,13.0227204,77.595715,Moderate
129276,RT Nagar,Apr-Jun,2025,5220.468204,8617.431796,6918.95,13.0227204,77.595715,Moderate
129304,RT Nagar,Jul-Sep,2025,4255.181786,7024.032595,5639.60719,13.0227204,77.595715,Moderate
129332,RT Nagar,Oct-Dec,2025,3965.592581,6546.007419,5255.8,13.0227204,77.595715,Moderate
129360,RT Nagar,Jan-Mar,2026,4094.10953,6758.15047,5426.13,13.0227204,77.595715,Moderate
129388,RT Nagar,Apr-Jun,2026,4027.779905,6648.660095,5338.22,13.0227204,77.595715,Moderate
129416,RT Nagar,Jul-Sep,2026,4238.531707,6996.548293,5617.54,13.0227204,77.595715,Moderate
129444,RT Nagar,Oct-Dec,2026,4357.813364,7193.446636,5775.63,13.0227204,77.595715,Moderate
129472,RT Nagar,Jan-Mar,2027,4443.187008,7334.372992,5888.78,13.0227204,77.595715,Moderate
129500,RT Nagar,Apr-Jun,2027,4538.120388,7491.079612,6014.6,13.0227204,77.595715,Moderate
129528,RT Nagar,Jul-Sep,2027,4546.314447,7504.605553,6025.46,13.0227204,77.595715,Moderate
129556,RT Nagar,Oct-Dec,2027,4544.751338,7502.025328,6023.388333,13.0227204,77.595715,Moderate
129584,RT Nagar,Jan-Mar,2028,4433.942661,7319.113339,5876.528,13.0227204,77.595715,Moderate
129612,RT Nagar,Apr-Jun,2028,4542.843667,7498.876333,6020.86,13.0227204,77.595715,Moderate
129640,RT Nagar,Jul-Sep,2028,4481.607034,7397.792966,5939.7,13.0227204,77.595715,Moderate
129668,RT Nagar,Oct-Dec,2028,4678.211635,7722.328365,6200.27,13.0227204,77.595715,Moderate
129696,RT Nagar,Jan-Mar,2029,4556.064824,7520.700509,6038.382667,13.0227204,77.595715,Moderate
129724,RT Nagar,Apr-Jun,2029,4675.929974,7718.562026,6197.246,13.0227204,77.595715,Moderate
129752,RT Nagar,Jul-Sep,2029,4600.229243,7593.602757,6096.916,13.0227204,77.595715,Moderate
129780,RT Nagar,Oct-Dec,2029,4668.455725,7706.224275,6187.34,13.0227204,77.595715,Moderate
129808,RT Nagar,Jan-Mar,2030,4613.911661,7616.188339,6115.05,13.0227204,77.595715,Moderate
129836,RT Nagar,Apr-Jun,2030,4714.911361,7782.908639,6248.91,13.0227204,77.595715,Moderate
129864,RT Nagar,Jul-Sep,2030,4770.987095,7875.472905,6323.23,13.0227204,77.595715,Moderate
129892,RT Nagar,Oct-Dec,2030,4899.836032,8088.163968,6494.0,13.0227204,77.595715,Moderate
129920,Rachenahalli,Jan-Mar,2024,5570.536784,8326.325924,6935.68,13.06179508,77.61622986,Moderate
129948,Rachenahalli,Apr-Jun,2024,5584.046119,8346.518436,6952.5,13.06179508,77.61622986,Moderate
129976,Rachenahalli,Jul-Sep,2024,5612.154426,8388.532147,6987.496667,13.06179508,77.61622986,Moderate
130004,Rachenahalli,Oct-Dec,2024,5696.305325,8514.313169,7092.27,13.06179508,77.61622986,Moderate
130032,Rachenahalli,Jan-Mar,2025,6864.977688,10261.13711,8547.342976,13.06179508,77.61622986,Moderate
130060,Rachenahalli,Apr-Jun,2025,6913.593627,10333.80374,8607.872976,13.06179508,77.61622986,Moderate
130088,Rachenahalli,Jul-Sep,2025,5599.981701,8370.337477,6972.340833,13.06179508,77.61622986,Moderate
130116,Rachenahalli,Oct-Dec,2025,3626.232679,5420.159014,4514.895143,13.06179508,77.61622986,Moderate
130144,Rachenahalli,Jan-Mar,2026,3473.296766,5191.56448,4324.48,13.06179508,77.61622986,Moderate
130172,Rachenahalli,Apr-Jun,2026,3919.508835,5858.521232,4880.043,13.06179508,77.61622986,Moderate
130200,Rachenahalli,Jul-Sep,2026,3994.885627,5971.187526,4973.892,13.06179508,77.61622986,Moderate
130228,Rachenahalli,Oct-Dec,2026,3714.345104,5551.861361,4624.600833,13.06179508,77.61622986,Moderate
130256,Rachenahalli,Jan-Mar,2027,4362.380249,6520.48468,5431.446667,13.06179508,77.61622986,Moderate
130284,Rachenahalli,Apr-Jun,2027,4232.585546,6326.479498,5269.843833,13.06179508,77.61622986,Moderate
130312,Rachenahalli,Jul-Sep,2027,4267.688592,6378.948302,5313.549405,13.06179508,77.61622986,Moderate
130340,Rachenahalli,Oct-Dec,2027,4348.842707,6500.250007,5414.591548,13.06179508,77.61622986,Moderate
130368,Rachenahalli,Jan-Mar,2028,4517.550737,6752.419251,5624.644,13.06179508,77.61622986,Moderate
130396,Rachenahalli,Apr-Jun,2028,4745.262556,7092.781929,5908.16,13.06179508,77.61622986,Moderate
130424,Rachenahalli,Jul-Sep,2028,4629.124035,6919.188752,5763.56,13.06179508,77.61622986,Moderate
130452,Rachenahalli,Oct-Dec,2028,4905.888717,7332.871138,6108.15,13.06179508,77.61622986,Moderate
130480,Rachenahalli,Jan-Mar,2029,4848.977093,7247.804878,6037.291333,13.06179508,77.61622986,Moderate
130508,Rachenahalli,Apr-Jun,2029,4994.484096,7465.29536,6218.457,13.06179508,77.61622986,Moderate
130536,Rachenahalli,Jul-Sep,2029,5138.435625,7680.460862,6397.686,13.06179508,77.61622986,Moderate
130564,Rachenahalli,Oct-Dec,2029,5439.162109,8129.959146,6772.11,13.06179508,77.61622986,Moderate
130592,Rachenahalli,Jan-Mar,2030,5570.536784,8326.325924,6935.68,13.06179508,77.61622986,Moderate
130620,Rachenahalli,Apr-Jun,2030,5584.046119,8346.518436,6952.5,13.06179508,77.61622986,Moderate
130648,Rachenahalli,Jul-Sep,2030,5612.154426,8388.532147,6987.496667,13.06179508,77.61622986,Moderate
130676,Rachenahalli,Oct-Dec,2030,5696.305325,8514.313169,7092.27,13.06179508,77.61622986,Moderate
130704,Rachenahalli Main Road,Jan-Mar,2024,6267.527766,10781.52543,10732.86,13.05733254,77.62742796,Moderate
130732,Rachenahalli Main Road,Apr-Jun,2024,6323.587629,10877.96071,10828.86,13.05733254,77.62742796,Moderate
130760,Rachenahalli Main Road,Jul-Sep,2024,6487.425695,11159.7982,11109.42533,13.05733254,77.62742796,Moderate
130788,Rachenahalli Main Road,Oct-Dec,2024,6984.261295,12014.46464,11960.234,13.05733254,77.62742796,Moderate
130816,Rachenahalli Main Road,Jan-Mar,2025,6697.567261,11521.28788,11469.28333,13.05733254,77.62742796,Moderate
130844,Rachenahalli Main Road,Apr-Jun,2025,6690.337874,11508.85175,11456.90333,13.05733254,77.62742796,Moderate
130872,Rachenahalli Main Road,Jul-Sep,2025,5563.372085,9570.222874,9527.025,13.05733254,77.62742796,Moderate
130900,Rachenahalli Main Road,Oct-Dec,2025,3609.342868,6208.863104,6180.837667,13.05733254,77.62742796,Moderate
130928,Rachenahalli Main Road,Jan-Mar,2026,3747.117184,6445.865213,6416.77,13.05733254,77.62742796,Moderate
130956,Rachenahalli Main Road,Apr-Jun,2026,3746.200372,6444.288094,6415.2,13.05733254,77.62742796,Moderate
130984,Rachenahalli Main Road,Jul-Sep,2026,3799.924408,6536.705245,6507.2,13.05733254,77.62742796,Moderate
131012,Rachenahalli Main Road,Oct-Dec,2026,3930.234392,6760.867062,6730.35,13.05733254,77.62742796,Moderate
131040,Rachenahalli Main Road,Jan-Mar,2027,4033.26775,6938.107084,6906.79,13.05733254,77.62742796,Moderate
131068,Rachenahalli Main Road,Apr-Jun,2027,4051.452168,6969.38828,6937.93,13.05733254,77.62742796,Moderate
131096,Rachenahalli Main Road,Jul-Sep,2027,4194.118681,7214.806042,7182.24,13.05733254,77.62742796,Moderate
131124,Rachenahalli Main Road,Oct-Dec,2027,4274.955836,7353.863718,7320.67,13.05733254,77.62742796,Moderate
131152,Rachenahalli Main Road,Jan-Mar,2028,4650.521883,7999.919873,7963.81,13.05733254,77.62742796,Moderate
131180,Rachenahalli Main Road,Apr-Jun,2028,4611.309177,7932.465398,7896.66,13.05733254,77.62742796,Moderate
131208,Rachenahalli Main Road,Jul-Sep,2028,4783.296166,8228.320824,8191.18,13.05733254,77.62742796,Moderate
131236,Rachenahalli Main Road,Oct-Dec,2028,4929.647447,8480.077197,8441.8,13.05733254,77.62742796,Moderate
131264,Rachenahalli Main Road,Jan-Mar,2029,5325.636803,9161.265932,9119.914,13.05733254,77.62742796,Moderate
131292,Rachenahalli Main Road,Apr-Jun,2029,5331.894485,9172.030521,9130.63,13.05733254,77.62742796,Moderate
131320,Rachenahalli Main Road,Jul-Sep,2029,5465.661495,9402.139181,9359.7,13.05733254,77.62742796,Moderate
131348,Rachenahalli Main Road,Oct-Dec,2029,5556.046345,9557.620992,9514.48,13.05733254,77.62742796,Moderate
131376,Rachenahalli Main Road,Jan-Mar,2030,6267.527766,10781.52543,10732.86,13.05733254,77.62742796,Moderate
131404,Rachenahalli Main Road,Apr-Jun,2030,6323.587629,10877.96071,10828.86,13.05733254,77.62742796,Moderate
131432,Rachenahalli Main Road,Jul-Sep,2030,6487.425695,11159.7982,11109.42533,13.05733254,77.62742796,Moderate
131460,Rachenahalli Main Road,Oct-Dec,2030,6984.261295,12014.46464,11960.234,13.05733254,77.62742796,Moderate
131488,Rajajinagar,Jan-Mar,2024,12465.91654,20369.81842,14884.72,13.0005359,77.5496996,Low
131516,Rajajinagar,Apr-Jun,2024,12699.80448,20752.0009,15163.99,13.0005359,77.5496996,Low
131544,Rajajinagar,Jul-Sep,2024,12734.83882,20809.24844,15205.82217,13.0005359,77.5496996,Low
131572,Rajajinagar,Oct-Dec,2024,12441.56881,20330.03323,14855.648,13.0005359,77.5496996,Low
131600,Rajajinagar,Jan-Mar,2025,13397.21591,21891.59975,15996.7225,13.0005359,77.5496996,Low
131628,Rajajinagar,Apr-Jun,2025,13693.74029,22376.13274,16350.7825,13.0005359,77.5496996,Low
131656,Rajajinagar,Jul-Sep,2025,11674.45399,19076.53619,13939.68733,13.0005359,77.5496996,Low
131684,Rajajinagar,Oct-Dec,2025,7763.531802,12685.92908,9269.915833,13.0005359,77.5496996,Low
131712,Rajajinagar,Jan-Mar,2026,8128.952223,13283.04102,9706.24,13.0005359,77.5496996,Low
131740,Rajajinagar,Apr-Jun,2026,8226.947811,13443.16983,9823.25,13.0005359,77.5496996,Low
131768,Rajajinagar,Jul-Sep,2026,8518.313209,13919.27282,10171.15,13.0005359,77.5496996,Low
131796,Rajajinagar,Oct-Dec,2026,8741.003807,14283.15839,10437.05,13.0005359,77.5496996,Low
131824,Rajajinagar,Jan-Mar,2027,9123.18744,14907.6621,10893.39,13.0005359,77.5496996,Low
131852,Rajajinagar,Apr-Jun,2027,9376.2122,15321.11493,11195.51,13.0005359,77.5496996,Low
131880,Rajajinagar,Jul-Sep,2027,9823.084142,16051.32199,11729.09,13.0005359,77.5496996,Low
131908,Rajajinagar,Oct-Dec,2027,10098.98934,16502.16238,12058.53,13.0005359,77.5496996,Low
131936,Rajajinagar,Jan-Mar,2028,10254.81413,16756.78648,12244.59,13.0005359,77.5496996,Low
131964,Rajajinagar,Apr-Jun,2028,10216.85874,16694.76582,12199.27,13.0005359,77.5496996,Low
131992,Rajajinagar,Jul-Sep,2028,10579.77993,17287.79391,12632.61,13.0005359,77.5496996,Low
132020,Rajajinagar,Oct-Dec,2028,10643.49674,17391.9098,12708.69,13.0005359,77.5496996,Low
132048,Rajajinagar,Jan-Mar,2029,11603.76306,18961.02431,13855.28,13.0005359,77.5496996,Low
132076,Rajajinagar,Apr-Jun,2029,11715.18373,19143.09025,13988.32,13.0005359,77.5496996,Low
132104,Rajajinagar,Jul-Sep,2029,11929.18111,19492.77073,14243.84,13.0005359,77.5496996,Low
132132,Rajajinagar,Oct-Dec,2029,12210.08616,19951.7811,14579.25,13.0005359,77.5496996,Low
132160,Rajajinagar,Jan-Mar,2030,12465.91654,20369.81842,14884.72,13.0005359,77.5496996,Low
132188,Rajajinagar,Apr-Jun,2030,12699.80448,20752.0009,15163.99,13.0005359,77.5496996,Low
132216,Rajajinagar,Jul-Sep,2030,12734.83882,20809.24844,15205.82217,13.0005359,77.5496996,Low
132244,Rajajinagar,Oct-Dec,2030,12441.56881,20330.03323,14855.648,13.0005359,77.5496996,Low
132272,Ramagondanahalli Whitefield,Jan-Mar,2024,8360.807117,13196.02816,10804.15333,12.9569171,77.7399868,Low
132300,Ramagondanahalli Whitefield,Apr-Jun,2024,8324.69922,13139.03835,10757.49333,12.9569171,77.7399868,Low
132328,Ramagondanahalli Whitefield,Jul-Sep,2024,8170.099354,12895.03031,10557.7135,12.9569171,77.7399868,Low
132356,Ramagondanahalli Whitefield,Oct-Dec,2024,7916.408873,12494.62557,10229.885,12.9569171,77.7399868,Low
132384,Ramagondanahalli Whitefield,Jan-Mar,2025,8755.631163,13819.18681,11314.36,12.9569171,77.7399868,Low
132412,Ramagondanahalli Whitefield,Apr-Jun,2025,8810.10255,13905.16008,11384.75,12.9569171,77.7399868,Low
132440,Ramagondanahalli Whitefield,Jul-Sep,2025,7547.251409,11911.97701,9752.845667,12.9569171,77.7399868,Low
132468,Ramagondanahalli Whitefield,Oct-Dec,2025,5461.854729,8620.55395,7058.016667,12.9569171,77.7399868,Low
132496,Ramagondanahalli Whitefield,Jan-Mar,2026,5204.427966,8214.252169,6725.36,12.9569171,77.7399868,Low
132524,Ramagondanahalli Whitefield,Apr-Jun,2026,5059.307649,7985.205886,6537.83,12.9569171,77.7399868,Low
132552,Ramagondanahalli Whitefield,Jul-Sep,2026,5075.326369,8010.488551,6558.53,12.9569171,77.7399868,Low
132580,Ramagondanahalli Whitefield,Oct-Dec,2026,5116.758362,8075.88149,6612.07,12.9569171,77.7399868,Low
132608,Ramagondanahalli Whitefield,Jan-Mar,2027,5172.769713,8164.285319,6684.45,12.9569171,77.7399868,Low
132636,Ramagondanahalli Whitefield,Apr-Jun,2027,5047.54511,7966.640838,6522.63,12.9569171,77.7399868,Low
132664,Ramagondanahalli Whitefield,Jul-Sep,2027,5074.606687,8009.352663,6557.6,12.9569171,77.7399868,Low
132692,Ramagondanahalli Whitefield,Oct-Dec,2027,5171.183318,8161.78148,6682.4,12.9569171,77.7399868,Low
132720,Ramagondanahalli Whitefield,Jan-Mar,2028,5439.3305,8585.003511,7028.91,12.9569171,77.7399868,Low
132748,Ramagondanahalli Whitefield,Apr-Jun,2028,5345.29984,8436.59305,6907.4,12.9569171,77.7399868,Low
132776,Ramagondanahalli Whitefield,Jul-Sep,2028,5671.044768,8950.722748,7328.34,12.9569171,77.7399868,Low
132804,Ramagondanahalli Whitefield,Oct-Dec,2028,5659.769755,8932.927172,7313.77,12.9569171,77.7399868,Low
132832,Ramagondanahalli Whitefield,Jan-Mar,2029,5700.319559,8996.927733,7366.17,12.9569171,77.7399868,Low
132860,Ramagondanahalli Whitefield,Apr-Jun,2029,5763.798573,9097.117925,7448.2,12.9569171,77.7399868,Low
132888,Ramagondanahalli Whitefield,Jul-Sep,2029,6216.594393,9811.774572,8033.32,12.9569171,77.7399868,Low
132916,Ramagondanahalli Whitefield,Oct-Dec,2029,6203.539523,9791.169811,8016.45,12.9569171,77.7399868,Low
132944,Ramagondanahalli Whitefield,Jan-Mar,2030,8360.807117,13196.02816,10804.15333,12.9569171,77.7399868,Low
132972,Ramagondanahalli Whitefield,Apr-Jun,2030,8324.69922,13139.03835,10757.49333,12.9569171,77.7399868,Low
133000,Ramagondanahalli Whitefield,Jul-Sep,2030,8170.099354,12895.03031,10557.7135,12.9569171,77.7399868,Low
133028,Ramagondanahalli Whitefield,Oct-Dec,2030,7916.408873,12494.62557,10229.885,12.9569171,77.7399868,Low
133056,Ramamurthy Nagar,Jan-Mar,2024,4725.330319,7178.156054,5933.42,13.0120218,77.6777817,Moderate
133084,Ramamurthy Nagar,Apr-Jun,2024,4457.973442,6772.019497,5597.71,13.0120218,77.6777817,Moderate
133112,Ramamurthy Nagar,Jul-Sep,2024,4446.533266,6754.640951,5583.345,13.0120218,77.6777817,Moderate
133140,Ramamurthy Nagar,Oct-Dec,2024,5129.56315,7792.218172,6441.0,13.0120218,77.6777817,Moderate
133168,Ramamurthy Nagar,Jan-Mar,2025,4850.077217,7367.656606,6090.06,13.0120218,77.6777817,Moderate
133196,Ramamurthy Nagar,Apr-Jun,2025,4813.618375,7312.272698,6044.28,13.0120218,77.6777817,Moderate
133224,Ramamurthy Nagar,Jul-Sep,2025,4326.087815,6571.674644,5432.106167,13.0120218,77.6777817,Moderate
133252,Ramamurthy Nagar,Oct-Dec,2025,3952.550999,6004.242236,4963.07,13.0120218,77.6777817,Moderate
133280,Ramamurthy Nagar,Jan-Mar,2026,3641.2253,5531.313509,4572.15,13.0120218,77.6777817,Moderate
133308,Ramamurthy Nagar,Apr-Jun,2026,3718.021414,5647.972972,4668.58,13.0120218,77.6777817,Moderate
133336,Ramamurthy Nagar,Jul-Sep,2026,3794.005209,5763.398455,4763.99,13.0120218,77.6777817,Moderate
133364,Ramamurthy Nagar,Oct-Dec,2026,3833.522197,5823.427933,4813.61,13.0120218,77.6777817,Moderate
133392,Ramamurthy Nagar,Jan-Mar,2027,3655.568326,5553.101718,4590.16,13.0120218,77.6777817,Moderate
133420,Ramamurthy Nagar,Apr-Jun,2027,3711.586564,5638.197918,4660.5,13.0120218,77.6777817,Moderate
133448,Ramamurthy Nagar,Jul-Sep,2027,3802.231942,5775.895523,4774.32,13.0120218,77.6777817,Moderate
133476,Ramamurthy Nagar,Oct-Dec,2027,3867.480367,5875.013119,4856.25,13.0120218,77.6777817,Moderate
133504,Ramamurthy Nagar,Jan-Mar,2028,4077.990758,6194.7953,5120.58,13.0120218,77.6777817,Moderate
133532,Ramamurthy Nagar,Apr-Jun,2028,4002.102531,6079.514991,5025.29,13.0120218,77.6777817,Moderate
133560,Ramamurthy Nagar,Jul-Sep,2028,4031.831857,6124.676224,5062.62,13.0120218,77.6777817,Moderate
133588,Ramamurthy Nagar,Oct-Dec,2028,4036.673923,6132.03171,5068.7,13.0120218,77.6777817,Moderate
133616,Ramamurthy Nagar,Jan-Mar,2029,3978.218724,6043.233571,4995.3,13.0120218,77.6777817,Moderate
133644,Ramamurthy Nagar,Apr-Jun,2029,4069.230442,6181.487677,5109.58,13.0120218,77.6777817,Moderate
133672,Ramamurthy Nagar,Jul-Sep,2029,4091.840021,6215.833442,5137.97,13.0120218,77.6777817,Moderate
133700,Ramamurthy Nagar,Oct-Dec,2029,4113.59746,6248.884738,5165.29,13.0120218,77.6777817,Moderate
133728,Ramamurthy Nagar,Jan-Mar,2030,4725.330319,7178.156054,5933.42,13.0120218,77.6777817,Moderate
133756,Ramamurthy Nagar,Apr-Jun,2030,4457.973442,6772.019497,5597.71,13.0120218,77.6777817,Moderate
133784,Ramamurthy Nagar,Jul-Sep,2030,4446.533266,6754.640951,5583.345,13.0120218,77.6777817,Moderate
133812,Ramamurthy Nagar,Oct-Dec,2030,5129.56315,7792.218172,6441.0,13.0120218,77.6777817,Moderate
133840,Rashtriya Vidyalaya Road,Jan-Mar,2024,8224.313445,13836.95118,11043.95,12.9348714,77.58003153,Low
133868,Rashtriya Vidyalaya Road,Apr-Jun,2024,8159.42865,13727.78611,10956.82,12.9348714,77.58003153,Low
133896,Rashtriya Vidyalaya Road,Jul-Sep,2024,7670.100636,12904.51887,10299.73,12.9348714,77.58003153,Low
133924,Rashtriya Vidyalaya Road,Oct-Dec,2024,7904.11186,13298.22977,10613.97,12.9348714,77.58003153,Low
133952,Rashtriya Vidyalaya Road,Jan-Mar,2025,8170.666014,13746.69235,10971.91,12.9348714,77.58003153,Low
133980,Rashtriya Vidyalaya Road,Apr-Jun,2025,8330.766807,14016.05305,11186.9,12.9348714,77.58003153,Low
134008,Rashtriya Vidyalaya Road,Jul-Sep,2025,7983.214639,13431.31581,10720.1925,12.9348714,77.58003153,Low
134036,Rashtriya Vidyalaya Road,Oct-Dec,2025,5608.014492,9435.173312,7530.675,12.9348714,77.58003153,Low
134064,Rashtriya Vidyalaya Road,Jan-Mar,2026,7193.357874,12102.42561,9659.54,12.9348714,77.58003153,Low
134092,Rashtriya Vidyalaya Road,Apr-Jun,2026,7195.033426,12105.24464,9661.79,12.9348714,77.58003153,Low
134120,Rashtriya Vidyalaya Road,Jul-Sep,2026,7270.820474,12232.75214,9763.56,12.9348714,77.58003153,Low
134148,Rashtriya Vidyalaya Road,Oct-Dec,2026,7398.169823,12447.01036,9934.57,12.9348714,77.58003153,Low
134176,Rashtriya Vidyalaya Road,Jan-Mar,2027,7486.705956,12595.96749,10053.46,12.9348714,77.58003153,Low
134204,Rashtriya Vidyalaya Road,Apr-Jun,2027,7464.268462,12558.21765,10023.33,12.9348714,77.58003153,Low
134232,Rashtriya Vidyalaya Road,Jul-Sep,2027,7516.426514,12645.97068,10093.37,12.9348714,77.58003153,Low
134260,Rashtriya Vidyalaya Road,Oct-Dec,2027,7715.37031,12980.68258,10360.52,12.9348714,77.58003153,Low
134288,Rashtriya Vidyalaya Road,Jan-Mar,2028,7700.759502,12956.10071,10340.9,12.9348714,77.58003153,Low
134316,Rashtriya Vidyalaya Road,Apr-Jun,2028,7762.15915,13059.40221,10423.35,12.9348714,77.58003153,Low
134344,Rashtriya Vidyalaya Road,Jul-Sep,2028,7873.326397,13246.43494,10572.63,12.9348714,77.58003153,Low
134372,Rashtriya Vidyalaya Road,Oct-Dec,2028,7562.366408,12723.262,10155.06,12.9348714,77.58003153,Low
134400,Rashtriya Vidyalaya Road,Jan-Mar,2029,8191.822643,13782.2872,11000.32,12.9348714,77.58003153,Low
134428,Rashtriya Vidyalaya Road,Apr-Jun,2029,8229.928404,13846.39803,11051.49,12.9348714,77.58003153,Low
134456,Rashtriya Vidyalaya Road,Jul-Sep,2029,8377.667351,14094.96062,11249.88,12.9348714,77.58003153,Low
134484,Rashtriya Vidyalaya Road,Oct-Dec,2029,8212.785652,13817.5563,11028.47,12.9348714,77.58003153,Low
134512,Rashtriya Vidyalaya Road,Jan-Mar,2030,8224.313445,13836.95118,11043.95,12.9348714,77.58003153,Low
134540,Rashtriya Vidyalaya Road,Apr-Jun,2030,8159.42865,13727.78611,10956.82,12.9348714,77.58003153,Low
134568,Rashtriya Vidyalaya Road,Jul-Sep,2030,7670.100636,12904.51887,10299.73,12.9348714,77.58003153,Low
134596,Rashtriya Vidyalaya Road,Oct-Dec,2030,7904.11186,13298.22977,10613.97,12.9348714,77.58003153,Low
134764,Sadarmangala Main Road,Jan-Mar,2024,5375.569839,9323.617637,7349.76,13.0451,77.7681,Moderate
134792,Sadarmangala Main Road,Apr-Jun,2024,5681.71671,9854.611829,7768.34,13.0451,77.7681,Moderate
134820,Sadarmangala Main Road,Jul-Sep,2024,6509.56687,11290.47046,8900.22,13.0451,77.7681,Moderate
134848,Sadarmangala Main Road,Oct-Dec,2024,6611.333021,11466.97801,9039.36,13.0451,77.7681,Moderate
134876,Sadarmangala Main Road,Jan-Mar,2025,5332.936887,9249.673227,7291.47,13.0451,77.7681,Moderate
134904,Sadarmangala Main Road,Apr-Jun,2025,5400.334838,9366.571107,7383.62,13.0451,77.7681,Moderate
134932,Sadarmangala Main Road,Jul-Sep,2025,5747.927364,9969.450412,7858.866667,13.0451,77.7681,Moderate
134960,Sadarmangala Main Road,Oct-Dec,2025,5298.210304,9189.441959,7243.99,13.0451,77.7681,Moderate
134988,Sadarmangala Main Road,Jan-Mar,2026,4701.239265,8154.029924,6427.78,13.0451,77.7681,Moderate
135016,Sadarmangala Main Road,Apr-Jun,2026,4553.570831,7897.907493,6225.88,13.0451,77.7681,Moderate
135044,Sadarmangala Main Road,Jul-Sep,2026,4492.660345,7792.261747,6142.6,13.0451,77.7681,Moderate
135072,Sadarmangala Main Road,Oct-Dec,2026,4626.849189,8025.004603,6326.07,13.0451,77.7681,Moderate
135100,Sadarmangala Main Road,Jan-Mar,2027,4575.176208,7935.38078,6255.42,13.0451,77.7681,Moderate
135128,Sadarmangala Main Road,Apr-Jun,2027,4416.60269,7660.344107,6038.61,13.0451,77.7681,Moderate
135156,Sadarmangala Main Road,Jul-Sep,2027,4417.239003,7661.447755,6039.48,13.0451,77.7681,Moderate
135184,Sadarmangala Main Road,Oct-Dec,2027,4576.061194,7936.915739,6256.63,13.0451,77.7681,Moderate
135212,Sadarmangala Main Road,Jan-Mar,2028,4728.65191,8201.575584,6465.26,13.0451,77.7681,Moderate
135240,Sadarmangala Main Road,Apr-Jun,2028,4786.300379,8301.563549,6544.08,13.0451,77.7681,Moderate
135268,Sadarmangala Main Road,Jul-Sep,2028,4796.196139,8318.727177,6557.61,13.0451,77.7681,Moderate
135296,Sadarmangala Main Road,Oct-Dec,2028,4856.31672,8423.002877,6639.81,13.0451,77.7681,Moderate
135324,Sadarmangala Main Road,Jan-Mar,2029,4933.742081,8557.292726,6745.67,13.0451,77.7681,Moderate
135352,Sadarmangala Main Road,Apr-Jun,2029,4966.793773,8614.61899,6790.86,13.0451,77.7681,Moderate
135380,Sadarmangala Main Road,Jul-Sep,2029,4903.30878,8504.50791,6704.06,13.0451,77.7681,Moderate
135408,Sadarmangala Main Road,Oct-Dec,2029,5071.551325,8796.314958,6934.09,13.0451,77.7681,Moderate
135436,Sadarmangala Main Road,Jan-Mar,2030,5375.569839,9323.617637,7349.76,13.0451,77.7681,Moderate
135464,Sadarmangala Main Road,Apr-Jun,2030,5681.71671,9854.611829,7768.34,13.0451,77.7681,Moderate
135492,Sadarmangala Main Road,Jul-Sep,2030,6509.56687,11290.47046,8900.22,13.0451,77.7681,Moderate
135520,Sadarmangala Main Road,Oct-Dec,2030,6611.333021,11466.97801,9039.36,13.0451,77.7681,Moderate
135548,Sahakar Nagar,Jan-Mar,2024,5752.734047,9298.115058,7525.47,13.0256,77.5783,Moderate
135576,Sahakar Nagar,Apr-Jun,2024,6178.646754,9986.515621,8082.63,13.0256,77.5783,Moderate
135604,Sahakar Nagar,Jul-Sep,2024,7093.354607,11464.95332,9279.21,13.0256,77.5783,Moderate
135632,Sahakar Nagar,Oct-Dec,2024,6949.273863,11232.07634,9090.73,13.0256,77.5783,Moderate
135660,Sahakar Nagar,Jan-Mar,2025,5904.168657,9542.878055,7723.57,13.0256,77.5783,Moderate
135688,Sahakar Nagar,Apr-Jun,2025,6104.496541,9866.667005,7985.63,13.0256,77.5783,Moderate
135716,Sahakar Nagar,Jul-Sep,2025,6506.64041,10516.65012,8511.696667,13.0256,77.5783,Moderate
135744,Sahakar Nagar,Oct-Dec,2025,5619.30953,9082.461683,7350.93,13.0256,77.5783,Moderate
135772,Sahakar Nagar,Jan-Mar,2026,4913.621189,7941.861174,6427.78,13.0256,77.5783,Moderate
135800,Sahakar Nagar,Apr-Jun,2026,4759.281726,7692.403076,6225.88,13.0256,77.5783,Moderate
135828,Sahakar Nagar,Jul-Sep,2026,4695.619563,7589.506244,6142.6,13.0256,77.5783,Moderate
135856,Sahakar Nagar,Oct-Dec,2026,4835.870487,7816.193105,6326.07,13.0256,77.5783,Moderate
135884,Sahakar Nagar,Jan-Mar,2027,4781.863141,7728.901304,6255.42,13.0256,77.5783,Moderate
135912,Sahakar Nagar,Apr-Jun,2027,4616.125949,7461.021115,6038.61,13.0256,77.5783,Moderate
135940,Sahakar Nagar,Jul-Sep,2027,4616.791007,7462.096046,6039.48,13.0256,77.5783,Moderate
135968,Sahakar Nagar,Oct-Dec,2027,4782.788107,7730.396323,6256.63,13.0256,77.5783,Moderate
135996,Sahakar Nagar,Jan-Mar,2028,4942.27222,7988.16969,6465.26,13.0256,77.5783,Moderate
136024,Sahakar Nagar,Apr-Jun,2028,5002.525001,8085.555957,6544.08,13.0256,77.5783,Moderate
136052,Sahakar Nagar,Jul-Sep,2028,5012.867809,8102.272985,6557.61,13.0256,77.5783,Moderate
136080,Sahakar Nagar,Oct-Dec,2028,5075.704381,8203.83542,6639.81,13.0256,77.5783,Moderate
136108,Sahakar Nagar,Jan-Mar,2029,5156.62749,8334.631033,6745.67,13.0256,77.5783,Moderate
136136,Sahakar Nagar,Apr-Jun,2029,5191.172316,8390.465661,6790.86,13.0256,77.5783,Moderate
136164,Sahakar Nagar,Jul-Sep,2029,5124.819342,8283.219684,6704.06,13.0256,77.5783,Moderate
136192,Sahakar Nagar,Oct-Dec,2029,5300.662367,8567.43388,6934.09,13.0256,77.5783,Moderate
136220,Sahakar Nagar,Jan-Mar,2030,5752.734047,9298.115058,7525.47,13.0256,77.5783,Moderate
136248,Sahakar Nagar,Apr-Jun,2030,6178.646754,9986.515621,8082.63,13.0256,77.5783,Moderate
136276,Sahakar Nagar,Jul-Sep,2030,7093.354607,11464.95332,9279.21,13.0256,77.5783,Moderate
136304,Sahakar Nagar,Oct-Dec,2030,6949.273863,11232.07634,9090.73,13.0256,77.5783,Moderate
136332,Saint Johns Road,Jan-Mar,2024,11155.73279,17253.93858,14204.97,12.98476632,77.61455937,Moderate
136360,Saint Johns Road,Apr-Jun,2024,11461.69345,17727.15056,14594.56,12.98476632,77.61455937,Moderate
136388,Saint Johns Road,Jul-Sep,2024,12143.26657,18781.30102,15462.43,12.98476632,77.61455937,Moderate
136416,Saint Johns Road,Oct-Dec,2024,9694.788131,14994.37842,12344.7,12.98476632,77.61455937,Moderate
136444,Saint Johns Road,Jan-Mar,2025,13800.00437,21343.68332,17572.01,12.98476632,77.61455937,Moderate
136472,Saint Johns Road,Apr-Jun,2025,14063.6352,21751.42615,17907.7,12.98476632,77.61455937,Moderate
136500,Saint Johns Road,Jul-Sep,2025,13693.92848,21179.62176,17436.94,12.98476632,77.61455937,Moderate
136528,Saint Johns Road,Oct-Dec,2025,9310.419118,14399.89669,11855.27,12.98476632,77.61455937,Moderate
136556,Saint Johns Road,Jan-Mar,2026,5047.993492,7807.444952,6427.78,12.98476632,77.61455937,Moderate
136584,Saint Johns Road,Apr-Jun,2026,4889.433322,7562.20894,6225.88,12.98476632,77.61455937,Moderate
136612,Saint Johns Road,Jul-Sep,2026,4824.030197,7461.053639,6142.6,12.98476632,77.61455937,Moderate
136640,Saint Johns Road,Oct-Dec,2026,4968.116548,7683.903819,6326.07,12.98476632,77.61455937,Moderate
136668,Saint Johns Road,Jan-Mar,2027,4912.632269,7598.089434,6255.42,12.98476632,77.61455937,Moderate
136696,Saint Johns Road,Apr-Jun,2027,4742.362679,7334.743125,6038.61,12.98476632,77.61455937,Moderate
136724,Saint Johns Road,Jul-Sep,2027,4743.045924,7335.799862,6039.48,12.98476632,77.61455937,Moderate
136752,Saint Johns Road,Oct-Dec,2027,4913.582531,7599.55915,6256.63,12.98476632,77.61455937,Moderate
136780,Saint Johns Road,Jan-Mar,2028,5077.428039,7852.969696,6465.26,12.98476632,77.61455937,Moderate
136808,Saint Johns Road,Apr-Jun,2028,5139.328547,7948.707697,6544.08,12.98476632,77.61455937,Moderate
136836,Saint Johns Road,Jul-Sep,2028,5149.954199,7965.14179,6557.61,12.98476632,77.61455937,Moderate
136864,Saint Johns Road,Oct-Dec,2028,5056.184589,7820.113657,6438.21,12.98476632,77.61455937,Moderate
136892,Saint Johns Road,Jan-Mar,2029,5225.708106,8082.306058,6654.07,12.98476632,77.61455937,Moderate
136920,Saint Johns Road,Apr-Jun,2029,5261.197626,8137.195683,6699.26,12.98476632,77.61455937,Moderate
136948,Saint Johns Road,Jul-Sep,2029,5193.014397,8031.740554,6612.44,12.98476632,77.61455937,Moderate
136976,Saint Johns Road,Oct-Dec,2029,5292.414896,8185.477662,6739.01,12.98476632,77.61455937,Moderate
137004,Saint Johns Road,Jan-Mar,2030,11155.73279,17253.93858,14204.97,12.98476632,77.61455937,Moderate
137032,Saint Johns Road,Apr-Jun,2030,11461.69345,17727.15056,14594.56,12.98476632,77.61455937,Moderate
137060,Saint Johns Road,Jul-Sep,2030,12143.26657,18781.30102,15462.43,12.98476632,77.61455937,Moderate
137088,Saint Johns Road,Oct-Dec,2030,9694.788131,14994.37842,12344.7,12.98476632,77.61455937,Moderate
137116,Sampige Road,Jan-Mar,2024,8008.425072,12978.69493,10493.56,13.00273984,77.57451451,Moderate
137144,Sampige Road,Apr-Jun,2024,8151.006557,13209.76678,10680.38667,13.00273984,77.57451451,Moderate
137172,Sampige Road,Jul-Sep,2024,8631.265098,13988.08824,11309.67667,13.00273984,77.57451451,Moderate
137200,Sampige Road,Oct-Dec,2024,8008.600603,12978.9794,10493.79,13.00273984,77.57451451,Moderate
137228,Sampige Road,Jan-Mar,2025,8746.98027,14175.61973,11461.3,13.00273984,77.57451451,Moderate
137256,Sampige Road,Apr-Jun,2025,8934.764623,14479.94871,11707.35667,13.00273984,77.57451451,Moderate
137284,Sampige Road,Jul-Sep,2025,8980.499425,14554.06791,11767.28367,13.00273984,77.57451451,Moderate
137312,Sampige Road,Oct-Dec,2025,7063.279866,11446.96413,9255.122,13.00273984,77.57451451,Moderate
137340,Sampige Road,Jan-Mar,2026,5199.367843,8426.252157,6812.81,13.00273984,77.57451451,Moderate
137368,Sampige Road,Apr-Jun,2026,5178.098149,8391.781851,6784.94,13.00273984,77.57451451,Moderate
137396,Sampige Road,Jul-Sep,2026,5003.67445,8109.10555,6556.39,13.00273984,77.57451451,Moderate
137424,Sampige Road,Oct-Dec,2026,5074.916858,8224.563142,6649.74,13.00273984,77.57451451,Moderate
137452,Sampige Road,Jan-Mar,2027,4898.707329,7938.992671,6418.85,13.00273984,77.57451451,Moderate
137480,Sampige Road,Apr-Jun,2027,4807.454466,7791.105534,6299.28,13.00273984,77.57451451,Moderate
137508,Sampige Road,Jul-Sep,2027,4651.461449,7538.298551,6094.88,13.00273984,77.57451451,Moderate
137536,Sampige Road,Oct-Dec,2027,4726.901321,7660.558679,6193.73,13.00273984,77.57451451,Moderate
137564,Sampige Road,Jan-Mar,2028,4922.640504,7977.779496,6450.21,13.00273984,77.57451451,Moderate
137592,Sampige Road,Apr-Jun,2028,5066.285346,8210.574654,6638.43,13.00273984,77.57451451,Moderate
137620,Sampige Road,Jul-Sep,2028,5156.156861,8356.223139,6756.19,13.00273984,77.57451451,Moderate
137648,Sampige Road,Oct-Dec,2028,5203.679783,8433.240217,6818.46,13.00273984,77.57451451,Moderate
137676,Sampige Road,Jan-Mar,2029,5498.265422,8910.654578,7204.46,13.00273984,77.57451451,Moderate
137704,Sampige Road,Apr-Jun,2029,5556.373584,9004.826416,7280.6,13.00273984,77.57451451,Moderate
137732,Sampige Road,Jul-Sep,2029,5504.61504,8920.94496,7212.78,13.00273984,77.57451451,Moderate
137760,Sampige Road,Oct-Dec,2029,5652.709193,9160.950807,7406.83,13.00273984,77.57451451,Moderate
137788,Sampige Road,Jan-Mar,2030,8008.425072,12978.69493,10493.56,13.00273984,77.57451451,Moderate
137816,Sampige Road,Apr-Jun,2030,8151.006557,13209.76678,10680.38667,13.00273984,77.57451451,Moderate
137844,Sampige Road,Jul-Sep,2030,8631.265098,13988.08824,11309.67667,13.00273984,77.57451451,Moderate
137872,Sampige Road,Oct-Dec,2030,8008.600603,12978.9794,10493.79,13.00273984,77.57451451,Moderate
137900,Sanjay Nagar Main Road,Jan-Mar,2024,7092.331349,11241.76802,9160.93,13.0102,77.5723,Moderate
137928,Sanjay Nagar Main Road,Apr-Jun,2024,6892.958489,10925.75016,8903.406667,13.0102,77.5723,Moderate
137956,Sanjay Nagar Main Road,Jul-Sep,2024,7270.552729,11524.25954,9391.132667,13.0102,77.5723,Moderate
137984,Sanjay Nagar Main Road,Oct-Dec,2024,7462.705461,11828.83307,9639.33,13.0102,77.5723,Moderate
138012,Sanjay Nagar Main Road,Jan-Mar,2025,7753.680881,12290.04646,10015.17333,13.0102,77.5723,Moderate
138040,Sanjay Nagar Main Road,Apr-Jun,2025,7761.920879,12303.10735,10025.81667,13.0102,77.5723,Moderate
138068,Sanjay Nagar Main Road,Jul-Sep,2025,6886.317975,10915.22454,8894.829333,13.0102,77.5723,Moderate
138096,Sanjay Nagar Main Road,Oct-Dec,2025,6036.715064,9568.553279,7797.425333,13.0102,77.5723,Moderate
138124,Sanjay Nagar Main Road,Jan-Mar,2026,5274.432392,8360.289798,6812.81,13.0102,77.5723,Moderate
138152,Sanjay Nagar Main Road,Apr-Jun,2026,5252.855623,8326.089332,6784.94,13.0102,77.5723,Moderate
138180,Sanjay Nagar Main Road,Jul-Sep,2026,5075.913726,8045.625876,6556.39,13.0102,77.5723,Moderate
138208,Sanjay Nagar Main Road,Oct-Dec,2026,5148.184678,8160.179644,6649.74,13.0102,77.5723,Moderate
138236,Sanjay Nagar Main Road,Jan-Mar,2027,4969.431169,7876.844675,6418.85,13.0102,77.5723,Moderate
138264,Sanjay Nagar Main Road,Apr-Jun,2027,4876.860867,7730.115226,6299.28,13.0102,77.5723,Moderate
138292,Sanjay Nagar Main Road,Jul-Sep,2027,4718.61574,7479.287266,6094.88,13.0102,77.5723,Moderate
138320,Sanjay Nagar Main Road,Oct-Dec,2027,4795.144756,7600.590318,6193.73,13.0102,77.5723,Moderate
138348,Sanjay Nagar Main Road,Jan-Mar,2028,4993.709873,7915.327868,6450.21,13.0102,77.5723,Moderate
138376,Sanjay Nagar Main Road,Apr-Jun,2028,5139.428551,8146.30066,6638.43,13.0102,77.5723,Moderate
138404,Sanjay Nagar Main Road,Jul-Sep,2028,5230.597563,8290.80898,6756.19,13.0102,77.5723,Moderate
138432,Sanjay Nagar Main Road,Oct-Dec,2028,5278.806585,8367.223154,6818.46,13.0102,77.5723,Moderate
138460,Sanjay Nagar Main Road,Jan-Mar,2029,5577.645229,8840.900221,7204.46,13.0102,77.5723,Moderate
138488,Sanjay Nagar Main Road,Apr-Jun,2029,5636.592313,8934.334863,7280.6,13.0102,77.5723,Moderate
138516,Sanjay Nagar Main Road,Jul-Sep,2029,5584.086518,8851.110048,7212.78,13.0102,77.5723,Moderate
138544,Sanjay Nagar Main Road,Oct-Dec,2029,5734.318743,9089.237081,7406.83,13.0102,77.5723,Moderate
138572,Sanjay Nagar Main Road,Jan-Mar,2030,7092.331349,11241.76802,9160.93,13.0102,77.5723,Moderate
138600,Sanjay Nagar Main Road,Apr-Jun,2030,6892.958489,10925.75016,8903.406667,13.0102,77.5723,Moderate
138628,Sanjay Nagar Main Road,Jul-Sep,2030,7270.552729,11524.25954,9391.132667,13.0102,77.5723,Moderate
138656,Sanjay Nagar Main Road,Oct-Dec,2030,7462.705461,11828.83307,9639.33,13.0102,77.5723,Moderate
138684,Sanjayanagara,Jan-Mar,2024,6433.547554,10458.46554,8445.96,13.0072,77.5874,Low
138712,Sanjayanagara,Apr-Jun,2024,6390.822075,10389.0104,8389.87,13.0072,77.5874,Low
138740,Sanjayanagara,Jul-Sep,2024,6649.862586,10810.11031,8729.938333,13.0072,77.5874,Low
138768,Sanjayanagara,Oct-Dec,2024,6769.394647,11004.42331,8886.86,13.0072,77.5874,Low
138796,Sanjayanagara,Jan-Mar,2025,6754.182884,10979.69485,8866.89,13.0072,77.5874,Low
138824,Sanjayanagara,Apr-Jun,2025,7131.868039,11593.66516,9362.715,13.0072,77.5874,Low
138852,Sanjayanagara,Jul-Sep,2025,6454.850189,10493.09541,8473.926095,13.0072,77.5874,Low
138880,Sanjayanagara,Oct-Dec,2025,5477.357084,8904.068843,7190.673333,13.0072,77.5874,Low
138908,Sanjayanagara,Jan-Mar,2026,5769.150748,9378.412734,7573.74,13.0072,77.5874,Low
138936,Sanjayanagara,Apr-Jun,2026,5707.275358,9277.827229,7492.51,13.0072,77.5874,Low
138964,Sanjayanagara,Jul-Sep,2026,5719.051716,9296.971041,7507.97,13.0072,77.5874,Low
138992,Sanjayanagara,Oct-Dec,2026,5724.939895,9306.542948,7515.7,13.0072,77.5874,Low
139020,Sanjayanagara,Jan-Mar,2027,5777.17939,9391.464208,7584.28,13.0072,77.5874,Low
139048,Sanjayanagara,Apr-Jun,2027,5750.24459,9347.678618,7548.92,13.0072,77.5874,Low
139076,Sanjayanagara,Jul-Sep,2027,5804.365561,9435.65843,7619.97,13.0072,77.5874,Low
139104,Sanjayanagara,Oct-Dec,2027,5715.151654,9290.631046,7502.85,13.0072,77.5874,Low
139132,Sanjayanagara,Jan-Mar,2028,5608.197038,9116.764115,7362.44,13.0072,77.5874,Low
139160,Sanjayanagara,Apr-Jun,2028,5696.047447,9259.574978,7477.77,13.0072,77.5874,Low
139188,Sanjayanagara,Jul-Sep,2028,5859.941438,9526.003358,7692.93,13.0072,77.5874,Low
139216,Sanjayanagara,Oct-Dec,2028,5790.852457,9413.691339,7602.23,13.0072,77.5874,Low
139244,Sanjayanagara,Jan-Mar,2029,5664.069989,9207.591972,7435.79,13.0072,77.5874,Low
139272,Sanjayanagara,Apr-Jun,2029,5594.120253,9093.880696,7343.96,13.0072,77.5874,Low
139300,Sanjayanagara,Jul-Sep,2029,5379.974884,8745.762967,7062.83,13.0072,77.5874,Low
139328,Sanjayanagara,Oct-Dec,2029,5597.037682,9098.623309,7347.79,13.0072,77.5874,Low
139356,Sanjayanagara,Jan-Mar,2030,6433.547554,10458.46554,8445.96,13.0072,77.5874,Low
139384,Sanjayanagara,Apr-Jun,2030,6390.822075,10389.0104,8389.87,13.0072,77.5874,Low
139412,Sanjayanagara,Jul-Sep,2030,6649.862586,10810.11031,8729.938333,13.0072,77.5874,Low
139440,Sanjayanagara,Oct-Dec,2030,6769.394647,11004.42331,8886.86,13.0072,77.5874,Low
139468,Sankey Road,Jan-Mar,2024,8874.721286,15619.33871,12247.03,13.0037122,77.5836094,Moderate
139496,Sankey Road,Apr-Jun,2024,8764.807476,15425.89252,12095.35,13.0037122,77.5836094,Moderate
139524,Sankey Road,Jul-Sep,2024,9400.485821,16544.67418,12972.58,13.0037122,77.5836094,Moderate
139552,Sankey Road,Oct-Dec,2024,9547.725978,16803.81402,13175.77,13.0037122,77.5836094,Moderate
139580,Sankey Road,Jan-Mar,2025,10022.98291,17640.25709,13831.62,13.0037122,77.5836094,Moderate
139608,Sankey Road,Apr-Jun,2025,10398.41307,18301.00693,14349.71,13.0037122,77.5836094,Moderate
139636,Sankey Road,Jul-Sep,2025,9027.285738,15887.84921,12457.56748,13.0037122,77.5836094,Moderate
139664,Sankey Road,Oct-Dec,2025,7226.209794,12717.99021,9972.1,13.0037122,77.5836094,Moderate
139692,Sankey Road,Jan-Mar,2026,4288.348735,7547.411265,5917.88,13.0037122,77.5836094,Moderate
139720,Sankey Road,Apr-Jun,2026,4297.674887,7563.825113,5930.75,13.0037122,77.5836094,Moderate
139748,Sankey Road,Jul-Sep,2026,4326.283782,7614.176218,5970.23,13.0037122,77.5836094,Moderate
139776,Sankey Road,Oct-Dec,2026,4337.537483,7633.982517,5985.76,13.0037122,77.5836094,Moderate
139804,Sankey Road,Jan-Mar,2027,4357.566609,7669.233391,6013.4,13.0037122,77.5836094,Moderate
139832,Sankey Road,Apr-Jun,2027,4363.559404,7679.780596,6021.67,13.0037122,77.5836094,Moderate
139860,Sankey Road,Jul-Sep,2027,4281.718254,7535.741746,5908.73,13.0037122,77.5836094,Moderate
139888,Sankey Road,Oct-Dec,2027,4315.711244,7595.568756,5955.64,13.0037122,77.5836094,Moderate
139916,Sankey Road,Jan-Mar,2028,4453.473074,7838.026926,6145.75,13.0037122,77.5836094,Moderate
139944,Sankey Road,Apr-Jun,2028,4486.625479,7896.374521,6191.5,13.0037122,77.5836094,Moderate
139972,Sankey Road,Jul-Sep,2028,4525.176473,7964.223527,6244.7,13.0037122,77.5836094,Moderate
140000,Sankey Road,Oct-Dec,2028,4589.850837,8078.049163,6333.95,13.0037122,77.5836094,Moderate
140028,Sankey Road,Jan-Mar,2029,4764.047703,8384.632297,6574.34,13.0037122,77.5836094,Moderate
140056,Sankey Road,Apr-Jun,2029,4749.366441,8358.793559,6554.08,13.0037122,77.5836094,Moderate
140084,Sankey Road,Jul-Sep,2029,4801.98275,8451.39725,6626.69,13.0037122,77.5836094,Moderate
140112,Sankey Road,Oct-Dec,2029,4949.853346,8711.646654,6830.75,13.0037122,77.5836094,Moderate
140140,Sankey Road,Jan-Mar,2030,8874.721286,15619.33871,12247.03,13.0037122,77.5836094,Moderate
140168,Sankey Road,Apr-Jun,2030,8764.807476,15425.89252,12095.35,13.0037122,77.5836094,Moderate
140196,Sankey Road,Jul-Sep,2030,9400.485821,16544.67418,12972.58,13.0037122,77.5836094,Moderate
140224,Sankey Road,Oct-Dec,2030,9547.725978,16803.81402,13175.77,13.0037122,77.5836094,Moderate
140252,Sarjapur Road,Jan-Mar,2024,5612.204907,9422.131499,7517.06,12.9241419,77.6288623,Moderate
140280,Sarjapur Road,Apr-Jun,2024,5611.812944,9421.473447,7516.535,12.9241419,77.6288623,Moderate
140308,Sarjapur Road,Jul-Sep,2024,6203.483218,10414.80766,8309.025833,12.9241419,77.6288623,Moderate
140336,Sarjapur Road,Oct-Dec,2024,7631.183303,12811.72262,10221.30583,12.9241419,77.6288623,Moderate
140364,Sarjapur Road,Jan-Mar,2025,7752.852649,13015.98897,10384.27133,12.9241419,77.6288623,Moderate
140392,Sarjapur Road,Apr-Jun,2025,7983.295643,13402.87153,10692.92967,12.9241419,77.6288623,Moderate
140420,Sarjapur Road,Jul-Sep,2025,6272.835473,10531.24069,8401.917143,12.9241419,77.6288623,Moderate
140448,Sarjapur Road,Oct-Dec,2025,4744.362651,7965.141958,6354.660833,12.9241419,77.6288623,Moderate
140476,Sarjapur Road,Jan-Mar,2026,4418.263946,7417.666423,5917.88,12.9241419,77.6288623,Moderate
140504,Sarjapur Road,Apr-Jun,2026,4427.872633,7433.798106,5930.75,12.9241419,77.6288623,Moderate
140532,Sarjapur Road,Jul-Sep,2026,4457.348232,7483.283643,5970.23,12.9241419,77.6288623,Moderate
140560,Sarjapur Road,Oct-Dec,2026,4468.942864,7502.749458,5985.76,12.9241419,77.6288623,Moderate
140588,Sarjapur Road,Jan-Mar,2027,4489.57877,7537.394348,6013.4,12.9241419,77.6288623,Moderate
140616,Sarjapur Road,Apr-Jun,2027,4495.753117,7547.76024,6021.67,12.9241419,77.6288623,Moderate
140644,Sarjapur Road,Jul-Sep,2027,4411.432595,7406.19751,5908.73,12.9241419,77.6288623,Moderate
140672,Sarjapur Road,Oct-Dec,2027,4446.455401,7464.996055,5955.64,12.9241419,77.6288623,Moderate
140700,Sarjapur Road,Jan-Mar,2028,4582.373153,7693.183543,6137.69,12.9241419,77.6288623,Moderate
140728,Sarjapur Road,Apr-Jun,2028,4601.777177,7725.760268,6163.68,12.9241419,77.6288623,Moderate
140756,Sarjapur Road,Jul-Sep,2028,4633.850929,7779.607752,6206.64,12.9241419,77.6288623,Moderate
140784,Sarjapur Road,Oct-Dec,2028,4716.349757,7918.112105,6317.14,12.9241419,77.6288623,Moderate
140812,Sarjapur Road,Jan-Mar,2029,4884.639901,8200.648451,6542.55,12.9241419,77.6288623,Moderate
140840,Sarjapur Road,Apr-Jun,2029,4874.620586,8183.827379,6529.13,12.9241419,77.6288623,Moderate
140868,Sarjapur Road,Jul-Sep,2029,4938.006564,8290.243846,6614.03,12.9241419,77.6288623,Moderate
140896,Sarjapur Road,Oct-Dec,2029,5099.808791,8561.887858,6830.75,12.9241419,77.6288623,Moderate
140924,Sarjapur Road,Jan-Mar,2030,5612.204907,9422.131499,7517.06,12.9241419,77.6288623,Moderate
140952,Sarjapur Road,Apr-Jun,2030,5611.812944,9421.473447,7516.535,12.9241419,77.6288623,Moderate
140980,Sarjapur Road,Jul-Sep,2030,6203.483218,10414.80766,8309.025833,12.9241419,77.6288623,Moderate
141008,Sarjapur Road,Oct-Dec,2030,7631.183303,12811.72262,10221.30583,12.9241419,77.6288623,Moderate
141036,Sarjapura,Jan-Mar,2024,5197.88421,8971.100425,7084.45,12.8600866,77.7861352,High
141064,Sarjapura,Apr-Jun,2024,5203.775847,8981.268884,7092.48,12.8600866,77.7861352,High
141092,Sarjapura,Jul-Sep,2024,5614.539629,9690.21179,7652.33,12.8600866,77.7861352,High
141120,Sarjapura,Oct-Dec,2024,6348.873895,10957.60948,8653.19,12.8600866,77.7861352,High
141148,Sarjapura,Jan-Mar,2025,7401.2025,12773.83801,10087.46,12.8600866,77.7861352,High
141176,Sarjapura,Apr-Jun,2025,7592.178127,13103.44549,10347.75,12.8600866,77.7861352,High
141204,Sarjapura,Jul-Sep,2025,7226.697045,12472.65663,9849.618,12.8600866,77.7861352,High
141232,Sarjapura,Oct-Dec,2025,4288.938346,7402.338156,5845.603333,12.8600866,77.7861352,High
141260,Sarjapura,Jan-Mar,2026,4217.964782,7279.843898,5748.87,12.8600866,77.7861352,High
141288,Sarjapura,Apr-Jun,2026,4213.269081,7271.739522,5742.47,12.8600866,77.7861352,High
141316,Sarjapura,Jul-Sep,2026,4135.870722,7138.156621,5636.98,12.8600866,77.7861352,High
141344,Sarjapura,Oct-Dec,2026,4345.658501,7500.232258,5922.91,12.8600866,77.7861352,High
141372,Sarjapura,Jan-Mar,2027,4368.513358,7539.677773,5954.06,12.8600866,77.7861352,High
141400,Sarjapura,Apr-Jun,2027,4348.549292,7505.221514,5926.85,12.8600866,77.7861352,High
141428,Sarjapura,Jul-Sep,2027,4039.051237,6971.05453,5505.02,12.8600866,77.7861352,High
141456,Sarjapura,Oct-Dec,2027,4129.3481,7126.899137,5628.09,12.8600866,77.7861352,High
141484,Sarjapura,Jan-Mar,2028,4264.672333,7360.457107,5812.53,12.8600866,77.7861352,High
141512,Sarjapura,Apr-Jun,2028,4319.934864,7455.835476,5887.85,12.8600866,77.7861352,High
141540,Sarjapura,Jul-Sep,2028,4403.144153,7599.447542,6001.26,12.8600866,77.7861352,High
141568,Sarjapura,Oct-Dec,2028,4418.706,7626.305949,6022.47,12.8600866,77.7861352,High
141596,Sarjapura,Jan-Mar,2029,4416.438856,7622.393055,6019.38,12.8600866,77.7861352,High
141624,Sarjapura,Apr-Jun,2029,4455.163716,7689.228826,6072.16,12.8600866,77.7861352,High
141652,Sarjapura,Jul-Sep,2029,4499.259283,7765.333977,6132.26,12.8600866,77.7861352,High
141680,Sarjapura,Oct-Dec,2029,4550.339705,7853.494386,6201.88,12.8600866,77.7861352,High
141708,Sarjapura,Jan-Mar,2030,5197.88421,8971.100425,7084.45,12.8600866,77.7861352,High
141736,Sarjapura,Apr-Jun,2030,5203.775847,8981.268884,7092.48,12.8600866,77.7861352,High
141764,Sarjapura,Jul-Sep,2030,5614.539629,9690.21179,7652.33,12.8600866,77.7861352,High
141792,Sarjapura,Oct-Dec,2030,6348.873895,10957.60948,8653.19,12.8600866,77.7861352,High
141820,Sarjapura Attibele Road,Jan-Mar,2024,4599.498928,8366.886791,6483.14,12.7634,77.7247,High
141848,Sarjapura Attibele Road,Apr-Jun,2024,4504.268724,8193.654806,6348.91,12.7634,77.7247,High
141876,Sarjapura Attibele Road,Jul-Sep,2024,4458.937832,8111.193989,6285.014667,12.7634,77.7247,High
141904,Sarjapura Attibele Road,Oct-Dec,2024,6019.440878,10949.88414,8484.593333,12.7634,77.7247,High
141932,Sarjapura Attibele Road,Jan-Mar,2025,5367.378021,9763.725347,7565.49,12.7634,77.7247,High
141960,Sarjapura Attibele Road,Apr-Jun,2025,5510.766059,10024.5606,7767.6,12.7634,77.7247,High
141988,Sarjapura Attibele Road,Jul-Sep,2025,4766.66807,8670.981935,6718.770222,12.7634,77.7247,High
142016,Sarjapura Attibele Road,Oct-Dec,2025,3806.257985,6923.912835,5365.041667,12.7634,77.7247,High
142044,Sarjapura Attibele Road,Jan-Mar,2026,3337.526689,6071.250023,4704.35,12.7634,77.7247,High
142072,Sarjapura Attibele Road,Apr-Jun,2026,3206.24196,5832.431734,4519.3,12.7634,77.7247,High
142100,Sarjapura Attibele Road,Jul-Sep,2026,3194.330204,5810.763217,4502.51,12.7634,77.7247,High
142128,Sarjapura Attibele Road,Oct-Dec,2026,3278.393578,5963.681775,4621.0,12.7634,77.7247,High
142156,Sarjapura Attibele Road,Jan-Mar,2027,3354.986387,6103.010726,4728.96,12.7634,77.7247,High
142184,Sarjapura Attibele Road,Apr-Jun,2027,3059.001579,5564.588732,4311.76,12.7634,77.7247,High
142212,Sarjapura Attibele Road,Jul-Sep,2027,2912.158492,5297.468443,4104.78,12.7634,77.7247,High
142240,Sarjapura Attibele Road,Oct-Dec,2027,2911.165255,5295.661658,4103.38,12.7634,77.7247,High
142268,Sarjapura Attibele Road,Jan-Mar,2028,2931.633044,5332.894339,4132.23,12.7634,77.7247,High
142296,Sarjapura Attibele Road,Apr-Jun,2028,3003.735,5464.05404,4233.86,12.7634,77.7247,High
142324,Sarjapura Attibele Road,Jul-Sep,2028,3078.625116,5600.285645,4339.42,12.7634,77.7247,High
142352,Sarjapura Attibele Road,Oct-Dec,2028,3457.985128,6290.374353,4874.14,12.7634,77.7247,High
142380,Sarjapura Attibele Road,Jan-Mar,2029,3697.021949,6725.203027,5211.07,12.7634,77.7247,High
142408,Sarjapura Attibele Road,Apr-Jun,2029,3636.235807,6614.627771,5125.39,12.7634,77.7247,High
142436,Sarjapura Attibele Road,Jul-Sep,2029,3413.878283,6210.140184,4811.97,12.7634,77.7247,High
142464,Sarjapura Attibele Road,Oct-Dec,2029,3312.050144,6024.905982,4668.44,12.7634,77.7247,High
142492,Sarjapura Attibele Road,Jan-Mar,2030,4599.498928,8366.886791,6483.14,12.7634,77.7247,High
142520,Sarjapura Attibele Road,Apr-Jun,2030,4504.268724,8193.654806,6348.91,12.7634,77.7247,High
142548,Sarjapura Attibele Road,Jul-Sep,2030,4458.937832,8111.193989,6285.014667,12.7634,77.7247,High
142576,Sarjapura Attibele Road,Oct-Dec,2030,6019.440878,10949.88414,8484.593333,12.7634,77.7247,High
142632,Seegehalli Krishnarajapura,Jan-Mar,2024,5079.880884,7915.709228,6498.09,13.00547125,77.74937623,Moderate
142660,Seegehalli Krishnarajapura,Apr-Jun,2024,4933.834377,7688.132694,6311.27,13.00547125,77.74937623,Moderate
142688,Seegehalli Krishnarajapura,Jul-Sep,2024,5944.590029,9263.139671,7604.21,13.00547125,77.74937623,Moderate
142716,Seegehalli Krishnarajapura,Oct-Dec,2024,6311.981188,9835.625849,8074.17,13.00547125,77.74937623,Moderate
142744,Seegehalli Krishnarajapura,Jan-Mar,2025,6491.048809,10114.65743,8303.23,13.00547125,77.74937623,Moderate
142772,Seegehalli Krishnarajapura,Apr-Jun,2025,6647.789654,10358.89839,8503.73,13.00547125,77.74937623,Moderate
142800,Seegehalli Krishnarajapura,Jul-Sep,2025,5804.016552,9044.091471,7424.391,13.00547125,77.74937623,Moderate
142828,Seegehalli Krishnarajapura,Oct-Dec,2025,3821.459063,5954.77718,4888.34,13.00547125,77.74937623,Moderate
142856,Seegehalli Krishnarajapura,Jan-Mar,2026,3469.32766,5406.069473,4437.9,13.00547125,77.74937623,Moderate
142884,Seegehalli Krishnarajapura,Apr-Jun,2026,3272.021816,5098.618229,4185.51,13.00547125,77.74937623,Moderate
142912,Seegehalli Krishnarajapura,Jul-Sep,2026,3104.31302,4837.286499,3970.98,13.00547125,77.74937623,Moderate
142940,Seegehalli Krishnarajapura,Oct-Dec,2026,3154.493543,4915.480149,4035.17,13.00547125,77.74937623,Moderate
142968,Seegehalli Krishnarajapura,Jan-Mar,2027,3545.509183,5524.779104,4535.35,13.00547125,77.74937623,Moderate
142996,Seegehalli Krishnarajapura,Apr-Jun,2027,3158.042687,4921.010593,4039.71,13.00547125,77.74937623,Moderate
143024,Seegehalli Krishnarajapura,Jul-Sep,2027,2951.652909,4599.404337,3775.7,13.00547125,77.74937623,Moderate
143052,Seegehalli Krishnarajapura,Oct-Dec,2027,3048.730606,4750.675368,3899.88,13.00547125,77.74937623,Moderate
143080,Seegehalli Krishnarajapura,Jan-Mar,2028,3485.01738,5430.517932,4457.97,13.00547125,77.74937623,Moderate
143108,Seegehalli Krishnarajapura,Apr-Jun,2028,3508.680948,5467.391616,4488.24,13.00547125,77.74937623,Moderate
143136,Seegehalli Krishnarajapura,Jul-Sep,2028,3501.832819,5456.72054,4479.48,13.00547125,77.74937623,Moderate
143164,Seegehalli Krishnarajapura,Oct-Dec,2028,3741.532958,5830.232566,4786.1,13.00547125,77.74937623,Moderate
143192,Seegehalli Krishnarajapura,Jan-Mar,2029,3763.226516,5864.036488,4813.85,13.00547125,77.74937623,Moderate
143220,Seegehalli Krishnarajapura,Apr-Jun,2029,3731.018423,5813.848322,4772.65,13.00547125,77.74937623,Moderate
143248,Seegehalli Krishnarajapura,Jul-Sep,2029,3716.99383,5791.994543,4754.71,13.00547125,77.74937623,Moderate
143276,Seegehalli Krishnarajapura,Oct-Dec,2029,3648.356193,5685.040151,4666.91,13.00547125,77.74937623,Moderate
143304,Seegehalli Krishnarajapura,Jan-Mar,2030,5079.880884,7915.709228,6498.09,13.00547125,77.74937623,Moderate
143332,Seegehalli Krishnarajapura,Apr-Jun,2030,4933.834377,7688.132694,6311.27,13.00547125,77.74937623,Moderate
143360,Seegehalli Krishnarajapura,Jul-Sep,2030,5944.590029,9263.139671,7604.21,13.00547125,77.74937623,Moderate
143388,Seegehalli Krishnarajapura,Oct-Dec,2030,6311.981188,9835.625849,8074.17,13.00547125,77.74937623,Moderate
143416,Seegehalli Road,Jan-Mar,2024,5396.372613,8041.338712,6718.66,13.0164321,77.7169887,Moderate
143444,Seegehalli Road,Apr-Jun,2024,5243.517182,7813.563058,6528.35,13.0164321,77.7169887,Moderate
143472,Seegehalli Road,Jul-Sep,2024,5623.266265,8379.441514,7001.15,13.0164321,77.7169887,Moderate
143500,Seegehalli Road,Oct-Dec,2024,6279.088433,9356.706904,7817.67,13.0164321,77.7169887,Moderate
143528,Seegehalli Road,Jan-Mar,2025,6636.918411,9889.922874,8263.18,13.0164321,77.7169887,Moderate
143556,Seegehalli Road,Apr-Jun,2025,6914.93522,10304.20623,8609.32,13.0164321,77.7169887,Moderate
143584,Seegehalli Road,Jul-Sep,2025,6624.569337,9871.521052,8247.805,13.0164321,77.7169887,Moderate
143612,Seegehalli Road,Oct-Dec,2025,3991.132337,5947.337085,4969.09,13.0164321,77.7169887,Moderate
143640,Seegehalli Road,Jan-Mar,2026,3564.484886,5311.573598,4437.9,13.0164321,77.7169887,Moderate
143668,Seegehalli Road,Apr-Jun,2026,3364.441936,5013.482041,4188.84,13.0164321,77.7169887,Moderate
143696,Seegehalli Road,Jul-Sep,2026,3189.458571,4752.732717,3970.98,13.0164321,77.7169887,Moderate
143724,Seegehalli Road,Oct-Dec,2026,3241.015452,4829.559574,4035.17,13.0164321,77.7169887,Moderate
143752,Seegehalli Road,Jan-Mar,2027,3636.523158,5418.920549,4527.59,13.0164321,77.7169887,Moderate
143780,Seegehalli Road,Apr-Jun,2027,3274.211369,4879.026064,4076.5,13.0164321,77.7169887,Moderate
143808,Seegehalli Road,Jul-Sep,2027,3035.711596,4523.628542,3779.56,13.0164321,77.7169887,Moderate
143836,Seegehalli Road,Oct-Dec,2027,3136.054348,4673.153067,3904.49,13.0164321,77.7169887,Moderate
143864,Seegehalli Road,Jan-Mar,2028,3592.066492,5352.673991,4472.24,13.0164321,77.7169887,Moderate
143892,Seegehalli Road,Apr-Jun,2028,3616.146182,5388.556048,4502.22,13.0164321,77.7169887,Moderate
143920,Seegehalli Road,Jul-Sep,2028,3596.893675,5359.867159,4478.25,13.0164321,77.7169887,Moderate
143948,Seegehalli Road,Oct-Dec,2028,3802.832052,5666.743715,4734.65,13.0164321,77.7169887,Moderate
143976,Seegehalli Road,Jan-Mar,2029,3858.252286,5749.3275,4803.65,13.0164321,77.7169887,Moderate
144004,Seegehalli Road,Apr-Jun,2029,3833.35334,5712.22464,4772.65,13.0164321,77.7169887,Moderate
144032,Seegehalli Road,Jul-Sep,2029,3818.944079,5690.752856,4754.71,13.0164321,77.7169887,Moderate
144060,Seegehalli Road,Oct-Dec,2029,3748.423839,5585.667982,4666.91,13.0164321,77.7169887,Moderate
144088,Seegehalli Road,Jan-Mar,2030,5396.372613,8041.338712,6718.66,13.0164321,77.7169887,Moderate
144116,Seegehalli Road,Apr-Jun,2030,5243.517182,7813.563058,6528.35,13.0164321,77.7169887,Moderate
144144,Seegehalli Road,Jul-Sep,2030,5623.266265,8379.441514,7001.15,13.0164321,77.7169887,Moderate
144172,Seegehalli Road,Oct-Dec,2030,6279.088433,9356.706904,7817.67,13.0164321,77.7169887,Moderate
144200,Silver County Road,Jan-Mar,2024,4921.77214,8399.040613,6660.47,12.89447424,77.65897966,Moderate
144228,Silver County Road,Apr-Jun,2024,4825.804356,8235.270879,6530.6,12.89447424,77.65897966,Moderate
144256,Silver County Road,Jul-Sep,2024,4941.812537,8433.239699,6687.59,12.89447424,77.65897966,Moderate
144284,Silver County Road,Oct-Dec,2024,5519.015863,9418.24145,7468.7,12.89447424,77.65897966,Moderate
144312,Silver County Road,Jan-Mar,2025,6059.108985,10339.91436,8199.59,12.89447424,77.65897966,Moderate
144340,Silver County Road,Apr-Jun,2025,6293.88903,10740.56825,8517.31,12.89447424,77.65897966,Moderate
144368,Silver County Road,Jul-Sep,2025,6131.821929,10463.99954,8297.99,12.89447424,77.65897966,Moderate
144396,Silver County Road,Oct-Dec,2025,3988.275391,6806.021497,5397.2,12.89447424,77.65897966,Moderate
144424,Silver County Road,Jan-Mar,2026,3333.245569,5688.208254,4510.77,12.89447424,77.65897966,Moderate
144452,Silver County Road,Apr-Jun,2026,3185.639772,5436.317867,4311.02,12.89447424,77.65897966,Moderate
144480,Silver County Road,Jul-Sep,2026,3079.363598,5254.956789,4167.2,12.89447424,77.65897966,Moderate
144508,Silver County Road,Oct-Dec,2026,3118.956682,5322.522681,4220.78,12.89447424,77.65897966,Moderate
144536,Silver County Road,Jan-Mar,2027,3387.809835,5781.322577,4584.61,12.89447424,77.65897966,Moderate
144564,Silver County Road,Apr-Jun,2027,3211.192755,5479.924223,4345.6,12.89447424,77.65897966,Moderate
144592,Silver County Road,Jul-Sep,2027,3100.852342,5291.627489,4196.28,12.89447424,77.65897966,Moderate
144620,Silver County Road,Oct-Dec,2027,3169.331086,5408.486974,4288.95,12.89447424,77.65897966,Moderate
144648,Silver County Road,Jan-Mar,2028,3392.982504,5790.149775,4591.61,12.89447424,77.65897966,Moderate
144676,Silver County Road,Apr-Jun,2028,3432.86378,5858.207468,4645.58,12.89447424,77.65897966,Moderate
144704,Silver County Road,Jul-Sep,2028,3438.79018,5868.320914,4653.6,12.89447424,77.65897966,Moderate
144732,Silver County Road,Oct-Dec,2028,3575.075222,6100.892348,4838.03,12.89447424,77.65897966,Moderate
144760,Silver County Road,Jan-Mar,2029,3651.046947,6230.538659,4940.84,12.89447424,77.65897966,Moderate
144788,Silver County Road,Apr-Jun,2029,3726.693533,6359.630118,5043.21,12.89447424,77.65897966,Moderate
144816,Silver County Road,Jul-Sep,2029,3647.485195,6224.460503,4936.02,12.89447424,77.65897966,Moderate
144844,Silver County Road,Oct-Dec,2029,3524.863388,6015.205481,4770.08,12.89447424,77.65897966,Moderate
144872,Silver County Road,Jan-Mar,2030,4921.77214,8399.040613,6660.47,12.89447424,77.65897966,Moderate
144900,Silver County Road,Apr-Jun,2030,4825.804356,8235.270879,6530.6,12.89447424,77.65897966,Moderate
144928,Silver County Road,Jul-Sep,2030,4941.812537,8433.239699,6687.59,12.89447424,77.65897966,Moderate
144956,Silver County Road,Oct-Dec,2030,5519.015863,9418.24145,7468.7,12.89447424,77.65897966,Moderate
144984,Singasandra,Jan-Mar,2024,5039.059502,7627.740498,6333.4,12.68449915,77.70161806,Moderate
145012,Singasandra,Apr-Jun,2024,4901.987918,7420.252082,6161.12,12.68449915,77.70161806,Moderate
145040,Singasandra,Jul-Sep,2024,5048.656821,7642.268179,6345.4625,12.68449915,77.70161806,Moderate
145068,Singasandra,Oct-Dec,2024,5652.953703,8557.006297,7104.98,12.68449915,77.70161806,Moderate
145096,Singasandra,Jan-Mar,2025,5062.661943,7663.468057,6363.065,12.68449915,77.70161806,Moderate
145124,Singasandra,Apr-Jun,2025,5105.920488,7728.949512,6417.435,12.68449915,77.70161806,Moderate
145152,Singasandra,Jul-Sep,2025,4312.567746,6528.033183,5420.300464,12.68449915,77.70161806,Moderate
145180,Singasandra,Oct-Dec,2025,3870.019191,5858.137237,4864.078214,12.68449915,77.70161806,Moderate
145208,Singasandra,Jan-Mar,2026,3622.395878,5483.304122,4552.85,12.68449915,77.70161806,Moderate
145236,Singasandra,Apr-Jun,2026,3446.728157,5217.391843,4332.06,12.68449915,77.70161806,Moderate
145264,Singasandra,Jul-Sep,2026,3335.339593,5048.780407,4192.06,12.68449915,77.70161806,Moderate
145292,Singasandra,Oct-Dec,2026,3371.930736,5104.169264,4238.05,12.68449915,77.70161806,Moderate
145320,Singasandra,Jan-Mar,2027,3673.984696,5561.395304,4617.69,12.68449915,77.70161806,Moderate
145348,Singasandra,Apr-Jun,2027,3484.632094,5274.767906,4379.7,12.68449915,77.70161806,Moderate
145376,Singasandra,Jul-Sep,2027,3374.771144,5108.468856,4241.62,12.68449915,77.70161806,Moderate
145404,Singasandra,Oct-Dec,2027,3438.763874,5205.336126,4322.05,12.68449915,77.70161806,Moderate
145432,Singasandra,Jan-Mar,2028,3718.221868,5628.358132,4673.29,12.68449915,77.70161806,Moderate
145460,Singasandra,Apr-Jun,2028,3731.10316,5647.85684,4689.48,12.68449915,77.70161806,Moderate
145488,Singasandra,Jul-Sep,2028,3704.94276,5608.25724,4656.6,12.68449915,77.70161806,Moderate
145516,Singasandra,Oct-Dec,2028,3838.951159,5811.108841,4825.03,12.68449915,77.70161806,Moderate
145544,Singasandra,Jan-Mar,2029,4013.695947,6075.624053,5044.66,12.68449915,77.70161806,Moderate
145572,Singasandra,Apr-Jun,2029,4141.562062,6269.177938,5205.37,12.68449915,77.70161806,Moderate
145600,Singasandra,Jul-Sep,2029,4027.428565,6096.411435,5061.92,12.68449915,77.70161806,Moderate
145628,Singasandra,Oct-Dec,2029,3937.466387,5960.233613,4948.85,12.68449915,77.70161806,Moderate
145656,Singasandra,Jan-Mar,2030,5039.059502,7627.740498,6333.4,12.68449915,77.70161806,Moderate
145684,Singasandra,Apr-Jun,2030,4901.987918,7420.252082,6161.12,12.68449915,77.70161806,Moderate
145712,Singasandra,Jul-Sep,2030,5048.656821,7642.268179,6345.4625,12.68449915,77.70161806,Moderate
145740,Singasandra,Oct-Dec,2030,5652.953703,8557.006297,7104.98,12.68449915,77.70161806,Moderate
145768,Somasundarapalya Main Road,Jan-Mar,2024,7471.114891,12319.11518,9922.66,12.8632,77.6384,Low
145796,Somasundarapalya Main Road,Apr-Jun,2024,7494.199869,12357.17998,9953.32,12.8632,77.6384,Low
145824,Somasundarapalya Main Road,Jul-Sep,2024,8033.57969,13246.56293,10669.69,12.8632,77.6384,Low
145852,Somasundarapalya Main Road,Oct-Dec,2024,8049.4892,13272.7961,10690.82,12.8632,77.6384,Low
145880,Somasundarapalya Main Road,Jan-Mar,2025,6050.297021,9976.32977,8035.62,12.8632,77.6384,Low
145908,Somasundarapalya Main Road,Apr-Jun,2025,6576.643543,10844.22212,8734.68,12.8632,77.6384,Low
145936,Somasundarapalya Main Road,Jul-Sep,2025,5085.592652,8385.62953,6754.360964,12.8632,77.6384,Low
145964,Somasundarapalya Main Road,Oct-Dec,2025,4741.181315,7817.72996,6296.935714,12.8632,77.6384,Low
145992,Somasundarapalya Main Road,Jan-Mar,2026,4982.02576,8214.858167,6616.81,12.8632,77.6384,Low
146020,Somasundarapalya Main Road,Apr-Jun,2026,5160.885394,8509.779671,6854.36,12.8632,77.6384,Low
146048,Somasundarapalya Main Road,Jul-Sep,2026,5152.136293,8495.353285,6842.74,12.8632,77.6384,Low
146076,Somasundarapalya Main Road,Oct-Dec,2026,5244.408439,8647.500751,6965.29,12.8632,77.6384,Low
146104,Somasundarapalya Main Road,Jan-Mar,2027,5477.614899,9032.034691,7275.02,12.8632,77.6384,Low
146132,Somasundarapalya Main Road,Apr-Jun,2027,5664.086704,9339.507895,7522.68,12.8632,77.6384,Low
146160,Somasundarapalya Main Road,Jul-Sep,2027,5452.978876,8991.412373,7242.3,12.8632,77.6384,Low
146188,Somasundarapalya Main Road,Oct-Dec,2027,5449.989726,8986.483565,7238.33,12.8632,77.6384,Low
146216,Somasundarapalya Main Road,Jan-Mar,2028,6528.244901,10764.41763,8670.4,12.8632,77.6384,Low
146244,Somasundarapalya Main Road,Apr-Jun,2028,6647.306463,10960.73815,8828.53,12.8632,77.6384,Low
146272,Somasundarapalya Main Road,Jul-Sep,2028,6588.080621,10863.0807,8749.87,12.8632,77.6384,Low
146300,Somasundarapalya Main Road,Oct-Dec,2028,6801.274077,11214.61522,9033.02,12.8632,77.6384,Low
146328,Somasundarapalya Main Road,Jan-Mar,2029,7407.002503,12213.40032,9837.51,12.8632,77.6384,Low
146356,Somasundarapalya Main Road,Apr-Jun,2029,7581.050885,12500.38855,10068.67,12.8632,77.6384,Low
146384,Somasundarapalya Main Road,Jul-Sep,2029,7450.620009,12285.32119,9895.44,12.8632,77.6384,Low
146412,Somasundarapalya Main Road,Oct-Dec,2029,7457.050071,12295.92371,9903.98,12.8632,77.6384,Low
146440,Somasundarapalya Main Road,Jan-Mar,2030,7471.114891,12319.11518,9922.66,12.8632,77.6384,Low
146468,Somasundarapalya Main Road,Apr-Jun,2030,7494.199869,12357.17998,9953.32,12.8632,77.6384,Low
146496,Somasundarapalya Main Road,Jul-Sep,2030,8033.57969,13246.56293,10669.69,12.8632,77.6384,Low
146524,Somasundarapalya Main Road,Oct-Dec,2030,8049.4892,13272.7961,10690.82,12.8632,77.6384,Low
146580,Soukya Road,Jan-Mar,2024,4922.522338,7251.040696,6086.64,12.9928002,77.8060425,Moderate
146608,Soukya Road,Apr-Jun,2024,5160.454279,7601.522435,6380.84,12.9928002,77.8060425,Moderate
146636,Soukya Road,Jul-Sep,2024,5272.044522,7765.898609,6518.82,12.9928002,77.8060425,Moderate
146664,Soukya Road,Oct-Dec,2024,6001.659342,8840.645739,7420.98,12.9928002,77.8060425,Moderate
146692,Soukya Road,Jan-Mar,2025,5498.961395,8100.154783,6799.4,12.9928002,77.8060425,Moderate
146720,Soukya Road,Apr-Jun,2025,6478.194481,9542.598,8010.21,12.9928002,77.8060425,Moderate
146748,Soukya Road,Jul-Sep,2025,6725.540181,9906.946522,8316.05,12.9928002,77.8060425,Moderate
146776,Soukya Road,Oct-Dec,2025,5738.211586,8452.578348,7095.23,12.9928002,77.8060425,Moderate
146804,Soukya Road,Jan-Mar,2026,3191.175224,4700.708261,3945.85,12.9928002,77.8060425,Moderate
146832,Soukya Road,Apr-Jun,2026,3238.211668,4769.994522,4004.01,12.9928002,77.8060425,Moderate
146860,Soukya Road,Jul-Sep,2026,3114.482206,4587.73687,3851.02,12.9928002,77.8060425,Moderate
146888,Soukya Road,Oct-Dec,2026,2928.576647,4313.891739,3621.15,12.9928002,77.8060425,Moderate
146916,Soukya Road,Jan-Mar,2027,3361.302224,4951.311043,4156.21,12.9928002,77.8060425,Moderate
146944,Soukya Road,Apr-Jun,2027,3674.46336,5412.607913,4543.43,12.9928002,77.8060425,Moderate
146972,Soukya Road,Jul-Sep,2027,3360.930202,4950.763043,4155.75,12.9928002,77.8060425,Moderate
147000,Soukya Road,Oct-Dec,2027,3292.793676,4850.395652,4071.5,12.9928002,77.8060425,Moderate
147028,Soukya Road,Jan-Mar,2028,3391.225683,4995.389304,4193.21,12.9928002,77.8060425,Moderate
147056,Soukya Road,Apr-Jun,2028,3803.53052,5602.728174,4703.02,12.9928002,77.8060425,Moderate
147084,Soukya Road,Jul-Sep,2028,3615.934691,5326.393217,4471.06,12.9928002,77.8060425,Moderate
147112,Soukya Road,Oct-Dec,2028,3477.235411,5122.084522,4299.56,12.9928002,77.8060425,Moderate
147140,Soukya Road,Jan-Mar,2029,3741.718358,5511.676783,4626.59,12.9928002,77.8060425,Moderate
147168,Soukya Road,Apr-Jun,2029,3942.529034,5807.477652,4874.89,12.9928002,77.8060425,Moderate
147196,Soukya Road,Jul-Sep,2029,3859.325641,5684.916261,4772.01,12.9928002,77.8060425,Moderate
147224,Soukya Road,Oct-Dec,2029,3381.634001,4981.260435,4181.35,12.9928002,77.8060425,Moderate
147252,Soukya Road,Jan-Mar,2030,4922.522338,7251.040696,6086.64,12.9928002,77.8060425,Moderate
147280,Soukya Road,Apr-Jun,2030,5160.454279,7601.522435,6380.84,12.9928002,77.8060425,Moderate
147308,Soukya Road,Jul-Sep,2030,5272.044522,7765.898609,6518.82,12.9928002,77.8060425,Moderate
147336,Soukya Road,Oct-Dec,2030,6001.659342,8840.645739,7420.98,12.9928002,77.8060425,Moderate
147364,Spencer Road,Jan-Mar,2024,7261.723473,12393.95001,9827.72,12.971,77.5955,Moderate
147392,Spencer Road,Apr-Jun,2024,7253.159597,12379.33361,9816.13,12.971,77.5955,Moderate
147420,Spencer Road,Jul-Sep,2024,8337.668455,14230.31962,11283.86,12.971,77.5955,Moderate
147448,Spencer Road,Oct-Dec,2024,7067.06709,12061.72014,9564.28,12.971,77.5955,Moderate
147476,Spencer Road,Jan-Mar,2025,8323.191884,14205.61173,11264.268,12.971,77.5955,Moderate
147504,Spencer Road,Apr-Jun,2025,8978.139975,15323.4447,12150.648,12.971,77.5955,Moderate
147532,Spencer Road,Jul-Sep,2025,9263.81802,15811.02584,12537.273,12.971,77.5955,Moderate
147560,Spencer Road,Oct-Dec,2025,6864.319728,11715.68098,9289.89,12.971,77.5955,Moderate
147588,Spencer Road,Jan-Mar,2026,7103.118126,12123.25026,9613.07,12.971,77.5955,Moderate
147616,Spencer Road,Apr-Jun,2026,6982.861801,11918.00272,9450.32,12.971,77.5955,Moderate
147644,Spencer Road,Jul-Sep,2026,7392.656935,12617.42076,10004.92,12.971,77.5955,Moderate
147672,Spencer Road,Oct-Dec,2026,7720.367429,13176.7408,10448.43,12.971,77.5955,Moderate
147700,Spencer Road,Jan-Mar,2027,7025.865906,11991.4,9508.52,12.971,77.5955,Moderate
147728,Spencer Road,Apr-Jun,2027,6914.1439,11800.71841,9357.32,12.971,77.5955,Moderate
147756,Spencer Road,Jul-Sep,2027,7400.666634,12631.09132,10015.76,12.971,77.5955,Moderate
147784,Spencer Road,Oct-Dec,2027,7823.348222,13352.50332,10587.8,12.971,77.5955,Moderate
147812,Spencer Road,Jan-Mar,2028,7818.508413,13344.24297,10581.25,12.971,77.5955,Moderate
147840,Spencer Road,Apr-Jun,2028,7915.178982,13509.23551,10712.08,12.971,77.5955,Moderate
147868,Spencer Road,Jul-Sep,2028,7934.538218,13542.2769,10738.28,12.971,77.5955,Moderate
147896,Spencer Road,Oct-Dec,2028,7597.827896,12967.5964,10282.59,12.971,77.5955,Moderate
147924,Spencer Road,Jan-Mar,2029,7586.441414,12948.16251,10267.18,12.971,77.5955,Moderate
147952,Spencer Road,Apr-Jun,2029,8163.102822,13932.37964,11047.61,12.971,77.5955,Moderate
147980,Spencer Road,Jul-Sep,2029,8247.470669,14076.37451,11161.79,12.971,77.5955,Moderate
148008,Spencer Road,Oct-Dec,2029,8352.616446,14255.83211,11304.09,12.971,77.5955,Moderate
148036,Spencer Road,Jan-Mar,2030,7261.723473,12393.95001,9827.72,12.971,77.5955,Moderate
148064,Spencer Road,Apr-Jun,2030,7253.159597,12379.33361,9816.13,12.971,77.5955,Moderate
148092,Spencer Road,Jul-Sep,2030,8337.668455,14230.31962,11283.86,12.971,77.5955,Moderate
148120,Spencer Road,Oct-Dec,2030,7067.06709,12061.72014,9564.28,12.971,77.5955,Moderate
148148,Stage 2 RMV,Jan-Mar,2024,7096.777389,11708.11616,9402.5,13.0379748,77.5700193,Low
148176,Stage 2 RMV,Apr-Jun,2024,7160.525735,11813.28686,9486.96,13.0379748,77.5700193,Low
148204,Stage 2 RMV,Jul-Sep,2024,7083.15369,11685.64007,9384.45,13.0379748,77.5700193,Low
148232,Stage 2 RMV,Oct-Dec,2024,7420.274203,12241.8145,9831.1,13.0379748,77.5700193,Low
148260,Stage 2 RMV,Jan-Mar,2025,8200.118144,13528.38486,10864.313,13.0379748,77.5700193,Low
148288,Stage 2 RMV,Apr-Jun,2025,8605.957199,14197.92972,11402.008,13.0379748,77.5700193,Low
148316,Stage 2 RMV,Jul-Sep,2025,9371.554751,15460.99668,12416.346,13.0379748,77.5700193,Low
148344,Stage 2 RMV,Oct-Dec,2025,6752.703507,11140.47021,8946.6375,13.0379748,77.5700193,Low
148372,Stage 2 RMV,Jan-Mar,2026,7284.920298,12018.51043,9651.77,13.0379748,77.5700193,Low
148400,Stage 2 RMV,Apr-Jun,2026,7195.260507,11870.59157,9532.98,13.0379748,77.5700193,Low
148428,Stage 2 RMV,Jul-Sep,2026,7619.331166,12570.21455,10094.83,13.0379748,77.5700193,Low
148456,Stage 2 RMV,Oct-Dec,2026,7906.153435,13043.40798,10474.84,13.0379748,77.5700193,Low
148484,Stage 2 RMV,Jan-Mar,2027,7227.255444,11923.37615,9575.37,13.0379748,77.5700193,Low
148512,Stage 2 RMV,Apr-Jun,2027,7134.153876,11769.77912,9452.02,13.0379748,77.5700193,Low
148540,Stage 2 RMV,Jul-Sep,2027,7649.499546,12619.98572,10134.8,13.0379748,77.5700193,Low
148568,Stage 2 RMV,Oct-Dec,2027,8023.332343,13236.72731,10630.09,13.0379748,77.5700193,Low
148596,Stage 2 RMV,Jan-Mar,2028,8116.645248,13390.67301,10753.72,13.0379748,77.5700193,Low
148624,Stage 2 RMV,Apr-Jun,2028,8127.287584,13408.23051,10767.82,13.0379748,77.5700193,Low
148652,Stage 2 RMV,Jul-Sep,2028,8141.832109,13432.22577,10787.09,13.0379748,77.5700193,Low
148680,Stage 2 RMV,Oct-Dec,2028,7839.3407,12933.18172,10386.32,13.0379748,77.5700193,Low
148708,Stage 2 RMV,Jan-Mar,2029,7750.979123,12787.40462,10269.25,13.0379748,77.5700193,Low
148736,Stage 2 RMV,Apr-Jun,2029,8348.414186,13773.0406,11060.79,13.0379748,77.5700193,Low
148764,Stage 2 RMV,Jul-Sep,2029,8433.620801,13913.6127,11173.68,13.0379748,77.5700193,Low
148792,Stage 2 RMV,Oct-Dec,2029,8532.051084,14076.00094,11304.09,13.0379748,77.5700193,Low
148820,Stage 2 RMV,Jan-Mar,2030,7096.777389,11708.11616,9402.5,13.0379748,77.5700193,Low
148848,Stage 2 RMV,Apr-Jun,2030,7160.525735,11813.28686,9486.96,13.0379748,77.5700193,Low
148876,Stage 2 RMV,Jul-Sep,2030,7083.15369,11685.64007,9384.45,13.0379748,77.5700193,Low
148904,Stage 2 RMV,Oct-Dec,2030,7420.274203,12241.8145,9831.1,13.0379748,77.5700193,Low
148960,Stage 3rd Banashankari,Jan-Mar,2024,5002.569339,8499.070661,6750.82,12.9315578,77.5479272,Low
148988,Stage 3rd Banashankari,Apr-Jun,2024,4931.319174,8378.020826,6654.67,12.9315578,77.5479272,Low
149016,Stage 3rd Banashankari,Jul-Sep,2024,5591.452142,9499.547858,7545.5,12.9315578,77.5479272,Low
149044,Stage 3rd Banashankari,Oct-Dec,2024,6136.614095,10425.74591,8281.18,12.9315578,77.5479272,Low
149072,Stage 3rd Banashankari,Jan-Mar,2025,5933.467757,10080.61224,8007.04,12.9315578,77.5479272,Low
149100,Stage 3rd Banashankari,Apr-Jun,2025,5984.606331,10167.49367,8076.05,12.9315578,77.5479272,Low
149128,Stage 3rd Banashankari,Jul-Sep,2025,5651.875839,9602.204161,7627.04,12.9315578,77.5479272,Low
149156,Stage 3rd Banashankari,Oct-Dec,2025,4723.608083,8025.131917,6374.37,12.9315578,77.5479272,Low
149184,Stage 3rd Banashankari,Jan-Mar,2026,4678.345888,7948.234112,6313.29,12.9315578,77.5479272,Low
149212,Stage 3rd Banashankari,Apr-Jun,2026,4636.396102,7876.963898,6256.68,12.9315578,77.5479272,Low
149240,Stage 3rd Banashankari,Jul-Sep,2026,4732.03361,8039.44639,6385.74,12.9315578,77.5479272,Low
149268,Stage 3rd Banashankari,Oct-Dec,2026,4296.418324,7299.361676,5797.89,12.9315578,77.5479272,Low
149296,Stage 3rd Banashankari,Jan-Mar,2027,4226.087037,7179.872963,5702.98,12.9315578,77.5479272,Low
149324,Stage 3rd Banashankari,Apr-Jun,2027,4223.382273,7175.277727,5699.33,12.9315578,77.5479272,Low
149352,Stage 3rd Banashankari,Jul-Sep,2027,4225.69429,7179.20571,5702.45,12.9315578,77.5479272,Low
149380,Stage 3rd Banashankari,Oct-Dec,2027,4293.26153,7293.99847,5793.63,12.9315578,77.5479272,Low
149408,Stage 3rd Banashankari,Jan-Mar,2028,4300.508817,7306.311183,5803.41,12.9315578,77.5479272,Low
149436,Stage 3rd Banashankari,Apr-Jun,2028,4292.187035,7292.172965,5792.18,12.9315578,77.5479272,Low
149464,Stage 3rd Banashankari,Jul-Sep,2028,4326.133681,7349.846319,5837.99,12.9315578,77.5479272,Low
149492,Stage 3rd Banashankari,Oct-Dec,2028,4430.619103,7527.360897,5978.99,12.9315578,77.5479272,Low
149520,Stage 3rd Banashankari,Jan-Mar,2029,4367.097895,7419.442105,5893.27,12.9315578,77.5479272,Low
149548,Stage 3rd Banashankari,Apr-Jun,2029,4386.572199,7452.527801,5919.55,12.9315578,77.5479272,Low
149576,Stage 3rd Banashankari,Jul-Sep,2029,4512.421555,7666.338445,6089.38,12.9315578,77.5479272,Low
149604,Stage 3rd Banashankari,Oct-Dec,2029,4633.995161,7872.884839,6253.44,12.9315578,77.5479272,Low
149632,Stage 3rd Banashankari,Jan-Mar,2030,5002.569339,8499.070661,6750.82,12.9315578,77.5479272,Low
149660,Stage 3rd Banashankari,Apr-Jun,2030,4931.319174,8378.020826,6654.67,12.9315578,77.5479272,Low
149688,Stage 3rd Banashankari,Jul-Sep,2030,5591.452142,9499.547858,7545.5,12.9315578,77.5479272,Low
149716,Stage 3rd Banashankari,Oct-Dec,2030,6136.614095,10425.74591,8281.18,12.9315578,77.5479272,Low
149772,State Highway 35,Jan-Mar,2024,5025.26478,8901.31522,6963.29,12.977514,77.7511134,Moderate
149800,State Highway 35,Apr-Jun,2024,5068.349055,8977.630945,7022.99,12.977514,77.7511134,Moderate
149828,State Highway 35,Jul-Sep,2024,5982.536768,10596.94323,8289.74,12.977514,77.7511134,Moderate
149856,State Highway 35,Oct-Dec,2024,6495.780911,11506.05909,9000.92,12.977514,77.7511134,Moderate
149884,State Highway 35,Jan-Mar,2025,7080.983733,12542.63627,9811.81,12.977514,77.7511134,Moderate
149912,State Highway 35,Apr-Jun,2025,7006.015649,12409.84435,9707.93,12.977514,77.7511134,Moderate
149940,State Highway 35,Jul-Sep,2025,6992.794478,12386.42552,9689.61,12.977514,77.7511134,Moderate
149968,State Highway 35,Oct-Dec,2025,4723.37896,8366.58104,6544.98,12.977514,77.7511134,Moderate
149996,State Highway 35,Jan-Mar,2026,4119.809391,7297.470609,5708.64,12.977514,77.7511134,Moderate
150024,State Highway 35,Apr-Jun,2026,4111.004899,7281.875101,5696.44,12.977514,77.7511134,Moderate
150052,State Highway 35,Jul-Sep,2026,4126.751949,7309.768051,5718.26,12.977514,77.7511134,Moderate
150080,State Highway 35,Oct-Dec,2026,3959.228449,7013.031551,5486.13,12.977514,77.7511134,Moderate
150108,State Highway 35,Jan-Mar,2027,3891.202924,6892.537076,5391.87,12.977514,77.7511134,Moderate
150136,State Highway 35,Apr-Jun,2027,3851.063101,6821.436899,5336.25,12.977514,77.7511134,Moderate
150164,State Highway 35,Jul-Sep,2027,3875.470307,6864.669693,5370.07,12.977514,77.7511134,Moderate
150192,State Highway 35,Oct-Dec,2027,3865.7998,6847.5402,5356.67,12.977514,77.7511134,Moderate
150220,State Highway 35,Jan-Mar,2028,3765.161571,6669.278429,5217.22,12.977514,77.7511134,Moderate
150248,State Highway 35,Apr-Jun,2028,3698.651573,6551.468427,5125.06,12.977514,77.7511134,Moderate
150276,State Highway 35,Jul-Sep,2028,3986.067715,7060.572285,5523.32,12.977514,77.7511134,Moderate
150304,State Highway 35,Oct-Dec,2028,4092.847438,7249.712562,5671.28,12.977514,77.7511134,Moderate
150332,State Highway 35,Jan-Mar,2029,4080.600534,7228.019466,5654.31,12.977514,77.7511134,Moderate
150360,State Highway 35,Apr-Jun,2029,4105.34693,7271.85307,5688.6,12.977514,77.7511134,Moderate
150388,State Highway 35,Jul-Sep,2029,4397.569459,7789.470541,6093.52,12.977514,77.7511134,Moderate
150416,State Highway 35,Oct-Dec,2029,4367.042409,7735.397591,6051.22,12.977514,77.7511134,Moderate
150444,State Highway 35,Jan-Mar,2030,5025.26478,8901.31522,6963.29,12.977514,77.7511134,Moderate
150472,State Highway 35,Apr-Jun,2030,5068.349055,8977.630945,7022.99,12.977514,77.7511134,Moderate
150500,State Highway 35,Jul-Sep,2030,5982.536768,10596.94323,8289.74,12.977514,77.7511134,Moderate
150528,State Highway 35,Oct-Dec,2030,6495.780911,11506.05909,9000.92,12.977514,77.7511134,Moderate
150556,Subramanyapura,Jan-Mar,2024,4463.865006,6787.430792,5625.69,12.8963963,77.5377864,Moderate
150584,Subramanyapura,Apr-Jun,2024,4660.965107,7087.126973,5874.09,12.8963963,77.5377864,Moderate
150612,Subramanyapura,Jul-Sep,2024,5546.897264,8434.211438,6990.606667,12.8963963,77.5377864,Moderate
150640,Subramanyapura,Oct-Dec,2024,5430.901262,8257.836294,6844.42,12.8963963,77.5377864,Moderate
150668,Subramanyapura,Jan-Mar,2025,6142.897605,9340.446521,7741.73,12.8963963,77.5377864,Moderate
150696,Subramanyapura,Apr-Jun,2025,6018.710259,9151.616209,7585.22,12.8963963,77.5377864,Moderate
150724,Subramanyapura,Jul-Sep,2025,5674.772585,8628.649418,7151.764524,12.8963963,77.5377864,Moderate
150752,Subramanyapura,Oct-Dec,2025,4164.906048,6332.855389,5248.92,12.8963963,77.5377864,Moderate
150780,Subramanyapura,Jan-Mar,2026,3635.393929,5527.717496,4581.59,12.8963963,77.5377864,Moderate
150808,Subramanyapura,Apr-Jun,2026,3890.592538,5915.754074,4903.21,12.8963963,77.5377864,Moderate
150836,Subramanyapura,Jul-Sep,2026,4050.756207,6159.287383,5105.06,12.8963963,77.5377864,Moderate
150864,Subramanyapura,Oct-Dec,2026,4105.942648,6243.199901,5174.61,12.8963963,77.5377864,Moderate
150892,Subramanyapura,Jan-Mar,2027,4026.578912,6122.525134,5074.59,12.8963963,77.5377864,Moderate
150920,Subramanyapura,Apr-Jun,2027,4064.594475,6180.328854,5122.5,12.8963963,77.5377864,Moderate
150948,Subramanyapura,Jul-Sep,2027,4091.390249,6221.072574,5156.27,12.8963963,77.5377864,Moderate
150976,Subramanyapura,Oct-Dec,2027,4134.714185,6286.947822,5210.87,12.8963963,77.5377864,Moderate
151004,Subramanyapura,Jan-Mar,2028,4165.461483,6333.699943,5249.62,12.8963963,77.5377864,Moderate
151032,Subramanyapura,Apr-Jun,2028,4009.773034,6096.97133,5053.41,12.8963963,77.5377864,Moderate
151060,Subramanyapura,Jul-Sep,2028,4142.125275,6298.216591,5220.21,12.8963963,77.5377864,Moderate
151088,Subramanyapura,Oct-Dec,2028,4220.505098,6417.39529,5318.99,12.8963963,77.5377864,Moderate
151116,Subramanyapura,Jan-Mar,2029,4154.543217,6317.098416,5235.86,12.8963963,77.5377864,Moderate
151144,Subramanyapura,Apr-Jun,2029,4217.267705,6412.472744,5314.91,12.8963963,77.5377864,Moderate
151172,Subramanyapura,Jul-Sep,2029,4539.01537,6901.69901,5720.4,12.8963963,77.5377864,Moderate
151200,Subramanyapura,Oct-Dec,2029,4494.199695,6833.55553,5663.92,12.8963963,77.5377864,Moderate
151228,Subramanyapura,Jan-Mar,2030,4463.865006,6787.430792,5625.69,12.8963963,77.5377864,Moderate
151256,Subramanyapura,Apr-Jun,2030,4660.965107,7087.126973,5874.09,12.8963963,77.5377864,Moderate
151284,Subramanyapura,Jul-Sep,2030,5546.897264,8434.211438,6990.606667,12.8963963,77.5377864,Moderate
151312,Subramanyapura,Oct-Dec,2030,5430.901262,8257.836294,6844.42,12.8963963,77.5377864,Moderate
151396,Thalaghattapura Main Road,Jan-Mar,2024,4903.236228,8843.95054,7037.94,12.8366,77.6389,High
151424,Thalaghattapura Main Road,Apr-Jun,2024,5093.912296,9187.872316,7311.63,12.8366,77.6389,High
151452,Thalaghattapura Main Road,Jul-Sep,2024,5348.741558,9647.506991,7677.403333,12.8366,77.6389,High
151480,Thalaghattapura Main Road,Oct-Dec,2024,5348.049517,9646.258758,7676.41,12.8366,77.6389,High
151508,Thalaghattapura Main Road,Jan-Mar,2025,5911.473644,10662.50494,8485.13,12.8366,77.6389,High
151536,Thalaghattapura Main Road,Apr-Jun,2025,6546.261669,11807.46995,9396.283333,12.8366,77.6389,High
151564,Thalaghattapura Main Road,Jul-Sep,2025,5246.198627,9462.550655,7530.216667,12.8366,77.6389,High
151592,Thalaghattapura Main Road,Oct-Dec,2025,3344.142906,6031.819207,4800.07,12.8366,77.6389,High
151620,Thalaghattapura Main Road,Jan-Mar,2026,3371.982489,6082.033369,4840.03,12.8366,77.6389,High
151648,Thalaghattapura Main Road,Apr-Jun,2026,3495.086955,6304.076476,5016.73,12.8366,77.6389,High
151676,Thalaghattapura Main Road,Jul-Sep,2026,3613.244948,6517.197646,5186.33,12.8366,77.6389,High
151704,Thalaghattapura Main Road,Oct-Dec,2026,3669.815874,6619.234433,5267.53,12.8366,77.6389,High
151732,Thalaghattapura Main Road,Jan-Mar,2027,3738.070228,6742.344581,5365.5,12.8366,77.6389,High
151760,Thalaghattapura Main Road,Apr-Jun,2027,3882.980974,7003.719602,5573.5,12.8366,77.6389,High
151788,Thalaghattapura Main Road,Jul-Sep,2027,4013.602685,7239.321537,5760.99,12.8366,77.6389,High
151816,Thalaghattapura Main Road,Oct-Dec,2027,4115.311915,7422.77413,5906.98,12.8366,77.6389,High
151844,Thalaghattapura Main Road,Jan-Mar,2028,4332.566564,7814.635603,6218.82,12.8366,77.6389,High
151872,Thalaghattapura Main Road,Apr-Jun,2028,4420.300267,7972.880586,6344.75,12.8366,77.6389,High
151900,Thalaghattapura Main Road,Jul-Sep,2028,4518.393695,8149.811369,6485.55,12.8366,77.6389,High
151928,Thalaghattapura Main Road,Oct-Dec,2028,4561.748482,8228.010251,6547.78,12.8366,77.6389,High
151956,Thalaghattapura Main Road,Jan-Mar,2029,4579.590618,8260.192051,6573.39,12.8366,77.6389,High
151984,Thalaghattapura Main Road,Apr-Jun,2029,4704.23476,8485.012267,6752.3,12.8366,77.6389,High
152012,Thalaghattapura Main Road,Jul-Sep,2029,4842.777793,8734.901866,6951.16,12.8366,77.6389,High
152040,Thalaghattapura Main Road,Oct-Dec,2029,4852.740407,8752.871398,6965.46,12.8366,77.6389,High
152068,Thalaghattapura Main Road,Jan-Mar,2030,4903.236228,8843.95054,7037.94,12.8366,77.6389,High
152096,Thalaghattapura Main Road,Apr-Jun,2030,5093.912296,9187.872316,7311.63,12.8366,77.6389,High
152124,Thalaghattapura Main Road,Jul-Sep,2030,5348.741558,9647.506991,7677.403333,12.8366,77.6389,High
152152,Thalaghattapura Main Road,Oct-Dec,2030,5348.049517,9646.258758,7676.41,12.8366,77.6389,High
152180,Thambu Chetty Palya,Jan-Mar,2024,5104.615293,8701.100865,6824.96,13.0083,77.6779,High
152208,Thambu Chetty Palya,Apr-Jun,2024,5383.048446,9175.705672,7197.23,13.0083,77.6779,High
152236,Thambu Chetty Palya,Jul-Sep,2024,5774.666356,9843.240194,7720.83,13.0083,77.6779,High
152264,Thambu Chetty Palya,Oct-Dec,2024,5878.165375,10019.66003,7859.21,13.0083,77.6779,High
152292,Thambu Chetty Palya,Jan-Mar,2025,6033.600886,10284.60851,8067.03,13.0083,77.6779,High
152320,Thambu Chetty Palya,Apr-Jun,2025,6102.556069,10402.14646,8159.224286,13.0083,77.6779,High
152348,Thambu Chetty Palya,Jul-Sep,2025,5784.793373,9860.502259,7734.37,13.0083,77.6779,High
152376,Thambu Chetty Palya,Oct-Dec,2025,3550.693977,6052.355498,4747.34,13.0083,77.6779,High
152404,Thambu Chetty Palya,Jan-Mar,2026,3351.063083,5712.073529,4480.43,13.0083,77.6779,High
152432,Thambu Chetty Palya,Apr-Jun,2026,3486.857864,5943.543292,4661.99,13.0083,77.6779,High
152460,Thambu Chetty Palya,Jul-Sep,2026,3624.746859,6178.582758,4846.35,13.0083,77.6779,High
152488,Thambu Chetty Palya,Oct-Dec,2026,3742.942769,6380.054264,5004.38,13.0083,77.6779,High
152516,Thambu Chetty Palya,Jan-Mar,2027,3711.305187,6326.126246,4962.08,13.0083,77.6779,High
152544,Thambu Chetty Palya,Apr-Jun,2027,3794.572609,6468.0602,5073.41,13.0083,77.6779,High
152572,Thambu Chetty Palya,Jul-Sep,2027,3937.046435,6710.914766,5263.9,13.0083,77.6779,High
152600,Thambu Chetty Palya,Oct-Dec,2027,4116.505567,7016.812844,5503.84,13.0083,77.6779,High
152628,Thambu Chetty Palya,Jan-Mar,2028,4497.098938,7665.555428,6012.7,13.0083,77.6779,High
152656,Thambu Chetty Palya,Apr-Jun,2028,4599.707917,7840.458142,6149.89,13.0083,77.6779,High
152684,Thambu Chetty Palya,Jul-Sep,2028,4652.930855,7931.179602,6221.05,13.0083,77.6779,High
152712,Thambu Chetty Palya,Oct-Dec,2028,4628.85488,7890.140763,6188.86,13.0083,77.6779,High
152740,Thambu Chetty Palya,Jan-Mar,2029,4547.980845,7752.28647,6080.73,13.0083,77.6779,High
152768,Thambu Chetty Palya,Apr-Jun,2029,4640.799376,7910.500821,6204.83,13.0083,77.6779,High
152796,Thambu Chetty Palya,Jul-Sep,2029,4795.883359,8174.850101,6412.18,13.0083,77.6779,High
152824,Thambu Chetty Palya,Oct-Dec,2029,4897.624734,8348.273938,6548.21,13.0083,77.6779,High
152852,Thambu Chetty Palya,Jan-Mar,2030,5104.615293,8701.100865,6824.96,13.0083,77.6779,High
152880,Thambu Chetty Palya,Apr-Jun,2030,5383.048446,9175.705672,7197.23,13.0083,77.6779,High
152908,Thambu Chetty Palya,Jul-Sep,2030,5774.666356,9843.240194,7720.83,13.0083,77.6779,High
152936,Thambu Chetty Palya,Oct-Dec,2030,5878.165375,10019.66003,7859.21,13.0083,77.6779,High
152964,Thambu Chetty Palya Main Road,Jan-Mar,2024,4842.381664,9325.457585,7570.12,13.0104,77.6812,High
152992,Thambu Chetty Palya Main Road,Apr-Jun,2024,5035.395809,9697.164185,7871.86,13.0104,77.6812,High
153020,Thambu Chetty Palya Main Road,Jul-Sep,2024,5219.582503,10051.87088,8159.8,13.0104,77.6812,High
153048,Thambu Chetty Palya Main Road,Oct-Dec,2024,5298.773698,10204.37727,8283.6,13.0104,77.6812,High
153076,Thambu Chetty Palya Main Road,Jan-Mar,2025,5703.002744,10982.84148,8915.533333,13.0104,77.6812,High
153104,Thambu Chetty Palya Main Road,Apr-Jun,2025,5761.069221,11094.66589,9006.308952,13.0104,77.6812,High
153132,Thambu Chetty Palya Main Road,Jul-Sep,2025,5633.172059,10848.36156,8806.366667,13.0104,77.6812,High
153160,Thambu Chetty Palya Main Road,Oct-Dec,2025,3330.802136,6414.45805,5207.06,13.0104,77.6812,High
153188,Thambu Chetty Palya Main Road,Jan-Mar,2026,3386.914023,6522.51831,5294.78,13.0104,77.6812,High
153216,Thambu Chetty Palya Main Road,Apr-Jun,2026,3436.258198,6617.545311,5371.92,13.0104,77.6812,High
153244,Thambu Chetty Palya Main Road,Jul-Sep,2026,3516.19141,6771.480675,5496.88,13.0104,77.6812,High
153272,Thambu Chetty Palya Main Road,Oct-Dec,2026,3531.888922,6801.71094,5521.42,13.0104,77.6812,High
153300,Thambu Chetty Palya Main Road,Jan-Mar,2027,3721.570385,7166.99946,5817.95,13.0104,77.6812,High
153328,Thambu Chetty Palya Main Road,Apr-Jun,2027,3796.187936,7310.697926,5934.6,13.0104,77.6812,High
153356,Thambu Chetty Palya Main Road,Jul-Sep,2027,3886.503,7484.626656,6075.79,13.0104,77.6812,High
153384,Thambu Chetty Palya Main Road,Oct-Dec,2027,3932.757566,7573.70369,6148.1,13.0104,77.6812,High
153412,Thambu Chetty Palya Main Road,Jan-Mar,2028,4130.639603,7954.784875,6457.45,13.0104,77.6812,High
153440,Thambu Chetty Palya Main Road,Apr-Jun,2028,4171.015599,8032.540959,6520.57,13.0104,77.6812,High
153468,Thambu Chetty Palya Main Road,Jul-Sep,2028,4245.338902,8175.672761,6636.76,13.0104,77.6812,High
153496,Thambu Chetty Palya Main Road,Oct-Dec,2028,4346.841801,8371.147021,6795.44,13.0104,77.6812,High
153524,Thambu Chetty Palya Main Road,Jan-Mar,2029,4260.351966,8204.584917,6660.23,13.0104,77.6812,High
153552,Thambu Chetty Palya Main Road,Apr-Jun,2029,4517.192424,8699.208216,7061.75,13.0104,77.6812,High
153580,Thambu Chetty Palya Main Road,Jul-Sep,2029,4644.339709,8944.06843,7260.52,13.0104,77.6812,High
153608,Thambu Chetty Palya Main Road,Oct-Dec,2029,4721.016999,9091.73354,7380.39,13.0104,77.6812,High
153636,Thambu Chetty Palya Main Road,Jan-Mar,2030,4842.381664,9325.457585,7570.12,13.0104,77.6812,High
153664,Thambu Chetty Palya Main Road,Apr-Jun,2030,5035.395809,9697.164185,7871.86,13.0104,77.6812,High
153692,Thambu Chetty Palya Main Road,Jul-Sep,2030,5219.582503,10051.87088,8159.8,13.0104,77.6812,High
153720,Thambu Chetty Palya Main Road,Oct-Dec,2030,5298.773698,10204.37727,8283.6,13.0104,77.6812,High
153748,Thanisandra,Jan-Mar,2024,5959.413704,9222.222513,7351.6,13.054713,77.6339258,Moderate
153776,Thanisandra,Apr-Jun,2024,6213.383494,9615.242035,7664.9,13.054713,77.6339258,Moderate
153804,Thanisandra,Jul-Sep,2024,6633.378031,10265.18568,8183.01,13.054713,77.6339258,Moderate
153832,Thanisandra,Oct-Dec,2024,7051.743205,10912.60788,8699.11,13.054713,77.6339258,Moderate
153860,Thanisandra,Jan-Mar,2025,7870.438428,12179.54283,9709.061667,13.054713,77.6339258,Moderate
153888,Thanisandra,Apr-Jun,2025,7825.36156,12109.78615,9653.454333,13.054713,77.6339258,Moderate
153916,Thanisandra,Jul-Sep,2025,7943.036931,12291.88938,9798.62,13.054713,77.6339258,Moderate
153944,Thanisandra,Oct-Dec,2025,4542.435746,7029.442037,5603.6,13.054713,77.6339258,Moderate
153972,Thanisandra,Jan-Mar,2026,4318.791553,6683.35153,5327.71,13.054713,77.6339258,Moderate
154000,Thanisandra,Apr-Jun,2026,4360.247075,6747.504158,5378.85,13.054713,77.6339258,Moderate
154028,Thanisandra,Jul-Sep,2026,4436.178612,6865.00859,5472.52,13.054713,77.6339258,Moderate
154056,Thanisandra,Oct-Dec,2026,4453.915155,6892.455979,5494.4,13.054713,77.6339258,Moderate
154084,Thanisandra,Jan-Mar,2027,4670.523096,7227.657851,5761.61,13.054713,77.6339258,Moderate
154112,Thanisandra,Apr-Jun,2027,4769.435939,7380.725971,5883.63,13.054713,77.6339258,Moderate
154140,Thanisandra,Jul-Sep,2027,4853.133293,7510.248044,5986.88,13.054713,77.6339258,Moderate
154168,Thanisandra,Oct-Dec,2027,4868.956754,7534.734929,6006.4,13.054713,77.6339258,Moderate
154196,Thanisandra,Jan-Mar,2028,5323.735343,8238.50707,6567.42,13.054713,77.6339258,Moderate
154224,Thanisandra,Apr-Jun,2028,4978.156468,7703.722033,6141.11,13.054713,77.6339258,Moderate
154252,Thanisandra,Jul-Sep,2028,5040.064138,7799.524462,6217.48,13.054713,77.6339258,Moderate
154280,Thanisandra,Oct-Dec,2028,5132.13528,7942.005015,6331.06,13.054713,77.6339258,Moderate
154308,Thanisandra,Jan-Mar,2029,5312.564887,8221.220735,6553.64,13.054713,77.6339258,Moderate
154336,Thanisandra,Apr-Jun,2029,5350.542815,8279.991767,6600.49,13.054713,77.6339258,Moderate
154364,Thanisandra,Jul-Sep,2029,5547.728105,8585.136991,6843.74,13.054713,77.6339258,Moderate
154392,Thanisandra,Oct-Dec,2029,5893.30698,9119.922028,7270.05,13.054713,77.6339258,Moderate
154420,Thanisandra,Jan-Mar,2030,5959.413704,9222.222513,7351.6,13.054713,77.6339258,Moderate
154448,Thanisandra,Apr-Jun,2030,6213.383494,9615.242035,7664.9,13.054713,77.6339258,Moderate
154476,Thanisandra,Jul-Sep,2030,6633.378031,10265.18568,8183.01,13.054713,77.6339258,Moderate
154504,Thanisandra,Oct-Dec,2030,7051.743205,10912.60788,8699.11,13.054713,77.6339258,Moderate
154532,Thanisandra Main Road,Jan-Mar,2024,5801.185081,9139.024972,7470.083333,13.06825855,77.63370682,Low
154560,Thanisandra Main Road,Apr-Jun,2024,6071.189569,9564.382503,7817.763333,13.06825855,77.63370682,Low
154588,Thanisandra Main Road,Jul-Sep,2024,6694.53639,10546.38568,8620.436,13.06825855,77.63370682,Low
154616,Thanisandra Main Road,Oct-Dec,2024,7292.911731,11489.04948,9390.953333,13.06825855,77.63370682,Low
154644,Thanisandra Main Road,Jan-Mar,2025,7283.193625,11473.73985,9378.4395,13.06825855,77.63370682,Low
154672,Thanisandra Main Road,Apr-Jun,2025,7320.732128,11532.87696,9426.777167,13.06825855,77.63370682,Low
154700,Thanisandra Main Road,Jul-Sep,2025,6607.10178,10408.64363,8507.848,13.06825855,77.63370682,Low
154728,Thanisandra Main Road,Oct-Dec,2025,4733.790583,7457.481487,6095.618333,13.06825855,77.63370682,Low
154756,Thanisandra Main Road,Jan-Mar,2026,4429.252472,6977.720653,5703.47,13.06825855,77.63370682,Low
154784,Thanisandra Main Road,Apr-Jun,2026,4328.086214,6818.346155,5573.2,13.06825855,77.63370682,Low
154812,Thanisandra Main Road,Jul-Sep,2026,4381.562138,6902.590632,5642.06,13.06825855,77.63370682,Low
154840,Thanisandra Main Road,Oct-Dec,2026,4456.953405,7021.359928,5739.14,13.06825855,77.63370682,Low
154868,Thanisandra Main Road,Jan-Mar,2027,4616.961817,7273.432713,5945.18,13.06825855,77.63370682,Low
154896,Thanisandra Main Road,Apr-Jun,2027,4630.257022,7294.377607,5962.3,13.06825855,77.63370682,Low
154924,Thanisandra Main Road,Jul-Sep,2027,4690.823204,7389.791878,6040.29,13.06825855,77.63370682,Low
154952,Thanisandra Main Road,Oct-Dec,2027,4755.396585,7491.51898,6123.44,13.06825855,77.63370682,Low
154980,Thanisandra Main Road,Jan-Mar,2028,5170.933865,8146.144807,6658.52,13.06825855,77.63370682,Low
155008,Thanisandra Main Road,Apr-Jun,2028,4868.095191,7669.061217,6268.56,13.06825855,77.63370682,Low
155036,Thanisandra Main Road,Jul-Sep,2028,4937.724167,7778.752761,6358.22,13.06825855,77.63370682,Low
155064,Thanisandra Main Road,Oct-Dec,2028,5013.286284,7897.79121,6455.52,13.06825855,77.63370682,Low
155092,Thanisandra Main Road,Jan-Mar,2029,5097.328753,8030.189369,6563.74,13.06825855,77.63370682,Low
155120,Thanisandra Main Road,Apr-Jun,2029,5146.277162,8107.301326,6626.77,13.06825855,77.63370682,Low
155148,Thanisandra Main Road,Jul-Sep,2029,5295.887047,8342.99256,6819.42,13.06825855,77.63370682,Low
155176,Thanisandra Main Road,Oct-Dec,2029,5803.232687,9142.250714,7472.72,13.06825855,77.63370682,Low
155204,Thanisandra Main Road,Jan-Mar,2030,5801.185081,9139.024972,7470.083333,13.06825855,77.63370682,Low
155232,Thanisandra Main Road,Apr-Jun,2030,6071.189569,9564.382503,7817.763333,13.06825855,77.63370682,Low
155260,Thanisandra Main Road,Jul-Sep,2030,6694.53639,10546.38568,8620.436,13.06825855,77.63370682,Low
155288,Thanisandra Main Road,Oct-Dec,2030,7292.911731,11489.04948,9390.953333,13.06825855,77.63370682,Low
155316,Thimmaiah Road,Jan-Mar,2024,9996.282782,16882.5818,13439.45,12.9903888,77.599973,Low
155344,Thimmaiah Road,Apr-Jun,2024,10320.29014,17429.79329,13875.06,12.9903888,77.599973,Low
155372,Thimmaiah Road,Jul-Sep,2024,11067.42385,18691.61693,14879.54,12.9903888,77.599973,Low
155400,Thimmaiah Road,Oct-Dec,2024,10295.17197,17387.37155,13841.29,12.9903888,77.599973,Low
155428,Thimmaiah Road,Jan-Mar,2025,12132.22774,20489.94927,16311.11,12.9903888,77.599973,Low
155456,Thimmaiah Road,Apr-Jun,2025,12454.93345,21034.96242,16744.97,12.9903888,77.599973,Low
155484,Thimmaiah Road,Jul-Sep,2025,11843.2078,20001.82756,15922.53867,12.9903888,77.599973,Low
155512,Thimmaiah Road,Oct-Dec,2025,9423.677627,15915.51698,12669.614,12.9903888,77.599973,Low
155540,Thimmaiah Road,Jan-Mar,2026,10755.96442,18165.59746,14460.8,12.9903888,77.599973,Low
155568,Thimmaiah Road,Apr-Jun,2026,10764.42144,18179.88041,14472.17,12.9903888,77.599973,Low
155596,Thimmaiah Road,Jul-Sep,2026,10705.91402,18081.06804,14393.51,12.9903888,77.599973,Low
155624,Thimmaiah Road,Oct-Dec,2026,10716.87022,18099.57181,14408.24,12.9903888,77.599973,Low
155652,Thimmaiah Road,Jan-Mar,2027,10605.86528,17912.09713,14259.0,12.9903888,77.599973,Low
155680,Thimmaiah Road,Apr-Jun,2027,10684.36609,18044.67605,14364.54,12.9903888,77.599973,Low
155708,Thimmaiah Road,Jul-Sep,2027,10620.85288,17937.40948,14279.15,12.9903888,77.599973,Low
155736,Thimmaiah Road,Oct-Dec,2027,10622.92065,17940.90171,14281.93,12.9903888,77.599973,Low
155764,Thimmaiah Road,Jan-Mar,2028,10421.67029,17601.01278,14011.36,12.9903888,77.599973,Low
155792,Thimmaiah Road,Apr-Jun,2028,10117.17284,17086.75131,13601.98,12.9903888,77.599973,Low
155820,Thimmaiah Road,Jul-Sep,2028,10421.06781,17599.99527,14010.55,12.9903888,77.599973,Low
155848,Thimmaiah Road,Oct-Dec,2028,10103.36788,17063.43632,13583.42,12.9903888,77.599973,Low
155876,Thimmaiah Road,Jan-Mar,2029,10506.07688,17743.56589,14124.84,12.9903888,77.599973,Low
155904,Thimmaiah Road,Apr-Jun,2029,10721.10245,18106.71956,14413.93,12.9903888,77.599973,Low
155932,Thimmaiah Road,Jul-Sep,2029,10553.86612,17824.27648,14189.09,12.9903888,77.599973,Low
155960,Thimmaiah Road,Oct-Dec,2029,10750.83963,18156.94227,14453.91,12.9903888,77.599973,Low
155988,Thimmaiah Road,Jan-Mar,2030,9996.282782,16882.5818,13439.45,12.9903888,77.599973,Low
156016,Thimmaiah Road,Apr-Jun,2030,10320.29014,17429.79329,13875.06,12.9903888,77.599973,Low
156044,Thimmaiah Road,Jul-Sep,2030,11067.42385,18691.61693,14879.54,12.9903888,77.599973,Low
156072,Thimmaiah Road,Oct-Dec,2030,10295.17197,17387.37155,13841.29,12.9903888,77.599973,Low
156128,Thurahalli,Jan-Mar,2024,6105.166896,8924.308109,7514.81,12.9468,77.5124,Moderate
156156,Thurahalli,Apr-Jun,2024,5971.897847,8729.500323,7350.77,12.9468,77.5124,Moderate
156184,Thurahalli,Jul-Sep,2024,6919.981527,10115.37413,8517.76,12.9468,77.5124,Moderate
156212,Thurahalli,Oct-Dec,2024,7112.841435,10397.28964,8755.15,12.9468,77.5124,Moderate
156240,Thurahalli,Jan-Mar,2025,7183.009978,10499.85943,8841.52,12.9468,77.5124,Moderate
156268,Thurahalli,Apr-Jun,2025,7317.968855,10697.13735,9007.64,12.9468,77.5124,Moderate
156296,Thurahalli,Jul-Sep,2025,7209.517629,10538.60734,8874.148095,12.9468,77.5124,Moderate
156324,Thurahalli,Oct-Dec,2025,7009.245954,10245.85758,8627.635,12.9468,77.5124,Moderate
156352,Thurahalli,Jan-Mar,2026,4694.736133,6862.592369,5778.72,12.9468,77.5124,Moderate
156380,Thurahalli,Apr-Jun,2026,4765.432748,6965.934075,5865.74,12.9468,77.5124,Moderate
156408,Thurahalli,Jul-Sep,2026,4811.090639,7032.6751,5921.94,12.9468,77.5124,Moderate
156436,Thurahalli,Oct-Dec,2026,4829.703135,7059.882161,5944.85,12.9468,77.5124,Moderate
156464,Thurahalli,Jan-Mar,2027,4660.825806,6813.023501,5736.98,12.9468,77.5124,Moderate
156492,Thurahalli,Apr-Jun,2027,4737.11998,6924.547515,5830.89,12.9468,77.5124,Moderate
156520,Thurahalli,Jul-Sep,2027,4801.463486,7018.602481,5910.09,12.9468,77.5124,Moderate
156548,Thurahalli,Oct-Dec,2027,4836.056244,7069.168902,5952.67,12.9468,77.5124,Moderate
156576,Thurahalli,Jan-Mar,2028,4835.520048,7068.38511,5952.01,12.9468,77.5124,Moderate
156604,Thurahalli,Apr-Jun,2028,4877.668294,7129.995863,6003.89,12.9468,77.5124,Moderate
156632,Thurahalli,Jul-Sep,2028,5053.532418,7387.067563,6220.36,12.9468,77.5124,Moderate
156660,Thurahalli,Oct-Dec,2028,4984.964339,7286.83727,6135.96,12.9468,77.5124,Moderate
156688,Thurahalli,Jan-Mar,2029,5069.082098,7409.797513,6239.5,12.9468,77.5124,Moderate
156716,Thurahalli,Apr-Jun,2029,5165.46737,7550.689953,6358.14,12.9468,77.5124,Moderate
156744,Thurahalli,Jul-Sep,2029,5133.393107,7503.804977,6318.66,12.9468,77.5124,Moderate
156772,Thurahalli,Oct-Dec,2029,5240.193577,7659.92197,6450.12,12.9468,77.5124,Moderate
156800,Thurahalli,Jan-Mar,2030,6105.166896,8924.308109,7514.81,12.9468,77.5124,Moderate
156828,Thurahalli,Apr-Jun,2030,5971.897847,8729.500323,7350.77,12.9468,77.5124,Moderate
156856,Thurahalli,Jul-Sep,2030,6919.981527,10115.37413,8517.76,12.9468,77.5124,Moderate
156884,Thurahalli,Oct-Dec,2030,7112.841435,10397.28964,8755.15,12.9468,77.5124,Moderate
156912,Tumkur Road,Jan-Mar,2024,8315.224148,13112.89585,10714.06,13.0372194,77.52354243,Moderate
156940,Tumkur Road,Apr-Jun,2024,8334.944949,13143.99505,10739.47,13.0372194,77.52354243,Moderate
156968,Tumkur Road,Jul-Sep,2024,8051.313885,12696.71612,10374.015,13.0372194,77.52354243,Moderate
156996,Tumkur Road,Oct-Dec,2024,7394.47772,11660.90228,9527.69,13.0372194,77.52354243,Moderate
157024,Tumkur Road,Jan-Mar,2025,7858.426186,12392.53715,10125.48167,13.0372194,77.52354243,Moderate
157052,Tumkur Road,Apr-Jun,2025,7804.626661,12307.69667,10056.16167,13.0372194,77.52354243,Moderate
157080,Tumkur Road,Jul-Sep,2025,6837.979968,10783.31956,8810.649762,13.0372194,77.52354243,Moderate
157108,Tumkur Road,Oct-Dec,2025,7871.539756,12413.21691,10142.37833,13.0372194,77.52354243,Moderate
157136,Tumkur Road,Jan-Mar,2026,4228.617823,6668.422177,5448.52,13.0372194,77.52354243,Moderate
157164,Tumkur Road,Apr-Jun,2026,4260.709721,6719.030279,5489.87,13.0372194,77.52354243,Moderate
157192,Tumkur Road,Jul-Sep,2026,4292.273868,6768.806132,5530.54,13.0372194,77.52354243,Moderate
157220,Tumkur Road,Oct-Dec,2026,4286.127125,6759.112875,5522.62,13.0372194,77.52354243,Moderate
157248,Tumkur Road,Jan-Mar,2027,4226.413688,6664.946312,5445.68,13.0372194,77.52354243,Moderate
157276,Tumkur Road,Apr-Jun,2027,4259.638698,6717.341302,5488.49,13.0372194,77.52354243,Moderate
157304,Tumkur Road,Jul-Sep,2027,4258.924682,6716.215318,5487.57,13.0372194,77.52354243,Moderate
157332,Tumkur Road,Oct-Dec,2027,4262.681025,6722.138975,5492.41,13.0372194,77.52354243,Moderate
157360,Tumkur Road,Jan-Mar,2028,4668.746366,7362.493634,6015.62,13.0372194,77.52354243,Moderate
157388,Tumkur Road,Apr-Jun,2028,4818.169657,7598.130343,6208.15,13.0372194,77.52354243,Moderate
157416,Tumkur Road,Jul-Sep,2028,4830.424338,7617.455662,6223.94,13.0372194,77.52354243,Moderate
157444,Tumkur Road,Oct-Dec,2028,4927.902993,7771.177007,6349.54,13.0372194,77.52354243,Moderate
157472,Tumkur Road,Jan-Mar,2029,5090.628705,8027.791295,6559.21,13.0372194,77.52354243,Moderate
157500,Tumkur Road,Apr-Jun,2029,5477.83472,8638.40528,7058.12,13.0372194,77.52354243,Moderate
157528,Tumkur Road,Jul-Sep,2029,5483.453713,8647.266287,7065.36,13.0372194,77.52354243,Moderate
157556,Tumkur Road,Oct-Dec,2029,5388.419786,8497.400214,6942.91,13.0372194,77.52354243,Moderate
157584,Tumkur Road,Jan-Mar,2030,8315.224148,13112.89585,10714.06,13.0372194,77.52354243,Moderate
157612,Tumkur Road,Apr-Jun,2030,8334.944949,13143.99505,10739.47,13.0372194,77.52354243,Moderate
157640,Tumkur Road,Jul-Sep,2030,8051.313885,12696.71612,10374.015,13.0372194,77.52354243,Moderate
157668,Tumkur Road,Oct-Dec,2030,7394.47772,11660.90228,9527.69,13.0372194,77.52354243,Moderate
157724,Uttarahalli Hobli,Jan-Mar,2024,4474.615587,7150.293864,5812.392,12.8769,77.5424,Moderate
157752,Uttarahalli Hobli,Apr-Jun,2024,4611.039048,7368.294229,5989.602,12.8769,77.5424,Moderate
157780,Uttarahalli Hobli,Jul-Sep,2024,4869.238595,7780.888921,6324.9955,12.8769,77.5424,Moderate
157808,Uttarahalli Hobli,Oct-Dec,2024,5279.328471,8436.199543,6857.69,12.8769,77.5424,Moderate
157836,Uttarahalli Hobli,Jan-Mar,2025,5246.09599,8383.095092,6814.522,12.8769,77.5424,Moderate
157864,Uttarahalli Hobli,Apr-Jun,2025,5425.399574,8669.616535,7047.432,12.8769,77.5424,Moderate
157892,Uttarahalli Hobli,Jul-Sep,2025,4612.651864,7370.871458,5991.697,12.8769,77.5424,Moderate
157920,Uttarahalli Hobli,Oct-Dec,2025,4875.10632,7790.26536,6332.6175,12.8769,77.5424,Moderate
157948,Uttarahalli Hobli,Jan-Mar,2026,3737.637903,5972.626887,4855.08,12.8769,77.5424,Moderate
157976,Uttarahalli Hobli,Apr-Jun,2026,3798.524599,6069.921897,4934.17,12.8769,77.5424,Moderate
158004,Uttarahalli Hobli,Jul-Sep,2026,3826.68537,6114.921916,4970.75,12.8769,77.5424,Moderate
158032,Uttarahalli Hobli,Oct-Dec,2026,3847.863686,6148.764194,4998.26,12.8769,77.5424,Moderate
158060,Uttarahalli Hobli,Jan-Mar,2027,3977.335485,6355.656025,5166.44,12.8769,77.5424,Moderate
158088,Uttarahalli Hobli,Apr-Jun,2027,3968.382238,6341.34902,5154.81,12.8769,77.5424,Moderate
158116,Uttarahalli Hobli,Jul-Sep,2027,3987.489683,6371.882111,5179.63,12.8769,77.5424,Moderate
158144,Uttarahalli Hobli,Oct-Dec,2027,4098.646973,6549.507938,5324.02,12.8769,77.5424,Moderate
158172,Uttarahalli Hobli,Jan-Mar,2028,4195.338958,6704.018664,5449.62,12.8769,77.5424,Moderate
158200,Uttarahalli Hobli,Apr-Jun,2028,4190.396581,6696.120902,5443.2,12.8769,77.5424,Moderate
158228,Uttarahalli Hobli,Jul-Sep,2028,4232.991864,6764.186814,5498.53,12.8769,77.5424,Moderate
158256,Uttarahalli Hobli,Oct-Dec,2028,4322.224093,6906.777087,5614.44,12.8769,77.5424,Moderate
158284,Uttarahalli Hobli,Jan-Mar,2029,4305.179821,6879.540881,5592.3,12.8769,77.5424,Moderate
158312,Uttarahalli Hobli,Apr-Jun,2029,4529.81932,7238.507679,5884.1,12.8769,77.5424,Moderate
158340,Uttarahalli Hobli,Jul-Sep,2029,4581.621897,7321.286555,5951.39,12.8769,77.5424,Moderate
158368,Uttarahalli Hobli,Oct-Dec,2029,4708.938142,7524.733879,6116.77,12.8769,77.5424,Moderate
158396,Uttarahalli Hobli,Jan-Mar,2030,4474.615587,7150.293864,5812.392,12.8769,77.5424,Moderate
158424,Uttarahalli Hobli,Apr-Jun,2030,4611.039048,7368.294229,5989.602,12.8769,77.5424,Moderate
158452,Uttarahalli Hobli,Jul-Sep,2030,4869.238595,7780.888921,6324.9955,12.8769,77.5424,Moderate
158480,Uttarahalli Hobli,Oct-Dec,2030,5279.328471,8436.199543,6857.69,12.8769,77.5424,Moderate
158508,Uttarahalli Main Road,Jan-Mar,2024,4443.390897,7178.487424,5810.96,12.90139,77.5109321,Low
158536,Uttarahalli Main Road,Apr-Jun,2024,4572.740265,7387.456843,5980.12,12.90139,77.5109321,Low
158564,Uttarahalli Main Road,Jul-Sep,2024,4627.248835,7475.517762,6051.405,12.90139,77.5109321,Low
158592,Uttarahalli Main Road,Oct-Dec,2024,5218.546577,8430.784473,6824.69,12.90139,77.5109321,Low
158620,Uttarahalli Main Road,Jan-Mar,2025,5206.143842,8410.747325,6808.47,12.90139,77.5109321,Low
158648,Uttarahalli Main Road,Apr-Jun,2025,5333.10748,8615.862495,6974.51,12.90139,77.5109321,Low
158676,Uttarahalli Main Road,Jul-Sep,2025,4088.174867,6604.620786,5346.417,12.90139,77.5109321,Low
158704,Uttarahalli Main Road,Oct-Dec,2025,3625.98792,5857.938068,4741.98,12.90139,77.5109321,Low
158732,Uttarahalli Main Road,Jan-Mar,2026,3580.620824,5784.64559,4682.65,12.90139,77.5109321,Low
158760,Uttarahalli Main Road,Apr-Jun,2026,3633.955645,5870.810268,4752.4,12.90139,77.5109321,Low
158788,Uttarahalli Main Road,Jul-Sep,2026,3672.242018,5932.663536,4802.47,12.90139,77.5109321,Low
158816,Uttarahalli Main Road,Oct-Dec,2026,3682.350783,5948.994676,4815.69,12.90139,77.5109321,Low
158844,Uttarahalli Main Road,Jan-Mar,2027,3854.872682,6227.711159,5041.31,12.90139,77.5109321,Low
158872,Uttarahalli Main Road,Apr-Jun,2027,3841.009452,6205.31452,5023.18,12.90139,77.5109321,Low
158900,Uttarahalli Main Road,Jul-Sep,2027,3857.220179,6231.50364,5044.38,12.90139,77.5109321,Low
158928,Uttarahalli Main Road,Oct-Dec,2027,3969.968845,6413.653917,5191.83,12.90139,77.5109321,Low
158956,Uttarahalli Main Road,Jan-Mar,2028,4145.832295,6697.768817,5421.82,12.90139,77.5109321,Low
158984,Uttarahalli Main Road,Apr-Jun,2028,4144.341214,6695.359912,5419.87,12.90139,77.5109321,Low
159012,Uttarahalli Main Road,Jul-Sep,2028,4195.122081,6777.398569,5486.28,12.90139,77.5109321,Low
159040,Uttarahalli Main Road,Oct-Dec,2028,4296.959093,6941.920602,5619.46,12.90139,77.5109321,Low
159068,Uttarahalli Main Road,Jan-Mar,2029,4235.381269,6842.439003,5538.93,12.90139,77.5109321,Low
159096,Uttarahalli Main Road,Apr-Jun,2029,4300.499454,6947.640207,5624.09,12.90139,77.5109321,Low
159124,Uttarahalli Main Road,Jul-Sep,2029,4390.499576,7093.039241,5741.79,12.90139,77.5109321,Low
159152,Uttarahalli Main Road,Oct-Dec,2029,4608.686788,7445.529983,6027.13,12.90139,77.5109321,Low
159180,Uttarahalli Main Road,Jan-Mar,2030,4443.390897,7178.487424,5810.96,12.90139,77.5109321,Low
159208,Uttarahalli Main Road,Apr-Jun,2030,4572.740265,7387.456843,5980.12,12.90139,77.5109321,Low
159236,Uttarahalli Main Road,Jul-Sep,2030,4627.248835,7475.517762,6051.405,12.90139,77.5109321,Low
159264,Uttarahalli Main Road,Oct-Dec,2030,5218.546577,8430.784473,6824.69,12.90139,77.5109321,Low
159292,Vajarahalli,Jan-Mar,2024,4680.404118,8623.33921,6664.985,13.1016741,77.406047,High
159320,Vajarahalli,Apr-Jun,2024,4839.418836,8916.313453,6891.425,13.1016741,77.406047,High
159348,Vajarahalli,Jul-Sep,2024,4695.99801,8652.069938,6687.191,13.1016741,77.406047,High
159376,Vajarahalli,Oct-Dec,2024,5257.381971,9686.383259,7486.6125,13.1016741,77.406047,High
159404,Vajarahalli,Jan-Mar,2025,5101.053313,9398.357906,7263.9975,13.1016741,77.406047,High
159432,Vajarahalli,Apr-Jun,2025,5177.51296,9539.229816,7372.8775,13.1016741,77.406047,High
159460,Vajarahalli,Jul-Sep,2025,4054.376362,7469.923916,5773.5095,13.1016741,77.406047,High
159488,Vajarahalli,Oct-Dec,2025,3202.402555,5900.217764,4560.2825,13.1016741,77.406047,High
159516,Vajarahalli,Jan-Mar,2026,2808.073232,5173.691714,3998.75,13.1016741,77.406047,High
159544,Vajarahalli,Apr-Jun,2026,2846.520749,5244.528756,4053.5,13.1016741,77.406047,High
159572,Vajarahalli,Jul-Sep,2026,2935.037818,5407.615681,4179.55,13.1016741,77.406047,High
159600,Vajarahalli,Oct-Dec,2026,2926.730345,5392.309704,4167.72,13.1016741,77.406047,High
159628,Vajarahalli,Jan-Mar,2027,3109.333229,5728.743604,4427.75,13.1016741,77.406047,High
159656,Vajarahalli,Apr-Jun,2027,3125.182736,5757.945285,4450.32,13.1016741,77.406047,High
159684,Vajarahalli,Jul-Sep,2027,3152.218889,5807.757634,4488.82,13.1016741,77.406047,High
159712,Vajarahalli,Oct-Dec,2027,3253.481574,5994.327523,4633.02,13.1016741,77.406047,High
159740,Vajarahalli,Jan-Mar,2028,3565.541988,6569.278476,5077.4,13.1016741,77.406047,High
159768,Vajarahalli,Apr-Jun,2028,3605.59763,6643.078383,5134.44,13.1016741,77.406047,High
159796,Vajarahalli,Jul-Sep,2028,3667.247083,6756.663477,5222.23,13.1016741,77.406047,High
159824,Vajarahalli,Oct-Dec,2028,3746.663151,6902.982401,5335.32,13.1016741,77.406047,High
159852,Vajarahalli,Jan-Mar,2029,3978.13476,7329.453739,5664.94,13.1016741,77.406047,High
159880,Vajarahalli,Apr-Jun,2029,4190.491458,7720.707099,5967.34,13.1016741,77.406047,High
159908,Vajarahalli,Jul-Sep,2029,4202.443545,7742.728039,5984.36,13.1016741,77.406047,High
159936,Vajarahalli,Oct-Dec,2029,4333.410886,7984.026821,6170.86,13.1016741,77.406047,High
159964,Vajarahalli,Jan-Mar,2030,4680.404118,8623.33921,6664.985,13.1016741,77.406047,High
159992,Vajarahalli,Apr-Jun,2030,4839.418836,8916.313453,6891.425,13.1016741,77.406047,High
160020,Vajarahalli,Jul-Sep,2030,4695.99801,8652.069938,6687.191,13.1016741,77.406047,High
160048,Vajarahalli,Oct-Dec,2030,5257.381971,9686.383259,7486.6125,13.1016741,77.406047,High
160076,Varthur,Jan-Mar,2024,5870.87483,9443.752961,7849.0,12.9406152,77.7469937,Low
160104,Varthur,Apr-Jun,2024,6847.987662,11015.51398,9155.34,12.9406152,77.7469937,Low
160132,Varthur,Jul-Sep,2024,6949.301205,11178.48459,9290.79,12.9406152,77.7469937,Low
160160,Varthur,Oct-Dec,2024,7407.886166,11916.15372,9903.89,12.9406152,77.7469937,Low
160188,Varthur,Jan-Mar,2025,8069.404883,12980.25737,10788.3,12.9406152,77.7469937,Low
160216,Varthur,Apr-Jun,2025,8248.911986,13269.00833,11028.29,12.9406152,77.7469937,Low
160244,Varthur,Jul-Sep,2025,4923.791421,7920.296576,6582.8075,12.9406152,77.7469937,Low
160272,Varthur,Oct-Dec,2025,4023.662295,6472.369759,5379.39,12.9406152,77.7469937,Low
160300,Varthur,Jan-Mar,2026,4049.026209,6513.169564,5413.3,12.9406152,77.7469937,Low
160328,Varthur,Apr-Jun,2026,4048.038879,6511.581367,5411.98,12.9406152,77.7469937,Low
160356,Varthur,Jul-Sep,2026,4100.816166,6596.477686,5482.54,12.9406152,77.7469937,Low
160384,Varthur,Oct-Dec,2026,4131.580478,6645.964444,5523.67,12.9406152,77.7469937,Low
160412,Varthur,Jan-Mar,2027,4117.211831,6622.851373,5504.46,12.9406152,77.7469937,Low
160440,Varthur,Apr-Jun,2027,4329.891733,6964.963326,5788.8,12.9406152,77.7469937,Low
160468,Varthur,Jul-Sep,2027,4341.148793,6983.071171,5803.85,12.9406152,77.7469937,Low
160496,Varthur,Oct-Dec,2027,4339.383567,6980.231669,5801.49,12.9406152,77.7469937,Low
160524,Varthur,Jan-Mar,2028,4381.651771,7048.223321,5858.0,12.9406152,77.7469937,Low
160552,Varthur,Apr-Jun,2028,4493.848385,7228.70019,6008.0,12.9406152,77.7469937,Low
160580,Varthur,Jul-Sep,2028,4572.386015,7355.033998,6113.0,12.9406152,77.7469937,Low
160608,Varthur,Oct-Dec,2028,4541.329992,7305.078001,6071.48,12.9406152,77.7469937,Low
160636,Varthur,Jan-Mar,2029,4636.353045,7457.929877,6198.52,12.9406152,77.7469937,Low
160664,Varthur,Apr-Jun,2029,4836.145296,7779.311053,6465.63,12.9406152,77.7469937,Low
160692,Varthur,Jul-Sep,2029,4954.191093,7969.196783,6623.45,12.9406152,77.7469937,Low
160720,Varthur,Oct-Dec,2029,5061.600652,8141.973306,6767.05,12.9406152,77.7469937,Low
160748,Varthur,Jan-Mar,2030,5870.87483,9443.752961,7849.0,12.9406152,77.7469937,Low
160776,Varthur,Apr-Jun,2030,6847.987662,11015.51398,9155.34,12.9406152,77.7469937,Low
160804,Varthur,Jul-Sep,2030,6949.301205,11178.48459,9290.79,12.9406152,77.7469937,Low
160832,Varthur,Oct-Dec,2030,7407.886166,11916.15372,9903.89,12.9406152,77.7469937,Low
160888,Varthur Road,Jan-Mar,2024,6600.373524,10988.63155,8796.46,12.95710673,77.69897155,High
160916,Varthur Road,Apr-Jun,2024,7136.10434,11880.54298,9510.44,12.95710673,77.69897155,High
160944,Varthur Road,Jul-Sep,2024,7290.01496,12136.78107,9715.56,12.95710673,77.69897155,High
160972,Varthur Road,Oct-Dec,2024,7541.762973,12555.90373,10051.07,12.95710673,77.69897155,High
161000,Varthur Road,Jan-Mar,2025,8332.843453,13872.93403,11105.36,12.95710673,77.69897155,High
161028,Varthur Road,Apr-Jun,2025,8674.036257,14440.96886,11560.075,12.95710673,77.69897155,High
161056,Varthur Road,Jul-Sep,2025,6590.115728,10971.55386,8782.789214,12.95710673,77.69897155,High
161084,Varthur Road,Oct-Dec,2025,4329.12113,7207.337111,5769.513,12.95710673,77.69897155,High
161112,Varthur Road,Jan-Mar,2026,4236.879055,7053.767897,5646.58,12.95710673,77.69897155,High
161140,Varthur Road,Apr-Jun,2026,4266.870317,7103.698847,5686.55,12.95710673,77.69897155,High
161168,Varthur Road,Jul-Sep,2026,4257.303427,7087.771411,5673.8,12.95710673,77.69897155,High
161196,Varthur Road,Oct-Dec,2026,4403.973225,7331.954618,5869.27,12.95710673,77.69897155,High
161224,Varthur Road,Jan-Mar,2027,4395.441811,7317.751093,5857.9,12.95710673,77.69897155,High
161252,Varthur Road,Apr-Jun,2027,4662.451826,7762.282704,6213.75,12.95710673,77.69897155,High
161280,Varthur Road,Jul-Sep,2027,4715.403622,7850.4395,6284.32,12.95710673,77.69897155,High
161308,Varthur Road,Oct-Dec,2027,4800.65774,7992.374815,6397.94,12.95710673,77.69897155,High
161336,Varthur Road,Jan-Mar,2028,5474.459408,9114.15349,7295.93,12.95710673,77.69897155,High
161364,Varthur Road,Apr-Jun,2028,5293.041166,8812.119338,7054.15,12.95710673,77.69897155,High
161392,Varthur Road,Jul-Sep,2028,5400.272869,8990.644033,7197.06,12.95710673,77.69897155,High
161420,Varthur Road,Oct-Dec,2028,5561.101664,9258.399845,7411.4,12.95710673,77.69897155,High
161448,Varthur Road,Jan-Mar,2029,5929.663275,9871.999626,7902.59,12.95710673,77.69897155,High
161476,Varthur Road,Apr-Jun,2029,5973.565919,9945.090941,7961.1,12.95710673,77.69897155,High
161504,Varthur Road,Jul-Sep,2029,6135.250107,10214.27085,8176.58,12.95710673,77.69897155,High
161532,Varthur Road,Oct-Dec,2029,6594.070632,10978.13818,8788.06,12.95710673,77.69897155,High
161560,Varthur Road,Jan-Mar,2030,6600.373524,10988.63155,8796.46,12.95710673,77.69897155,High
161588,Varthur Road,Apr-Jun,2030,7136.10434,11880.54298,9510.44,12.95710673,77.69897155,High
161616,Varthur Road,Jul-Sep,2030,7290.01496,12136.78107,9715.56,12.95710673,77.69897155,High
161644,Varthur Road,Oct-Dec,2030,7541.762973,12555.90373,10051.07,12.95710673,77.69897155,High
161672,Vidyaranyapura,Jan-Mar,2024,4940.715532,8160.504468,6550.61,13.0766407,77.5577315,Moderate
161700,Vidyaranyapura,Apr-Jun,2024,5444.417943,8992.462057,7218.44,13.0766407,77.5577315,Moderate
161728,Vidyaranyapura,Jul-Sep,2024,4332.012328,7155.118672,5743.5655,13.0766407,77.5577315,Moderate
161756,Vidyaranyapura,Oct-Dec,2024,4686.558622,7740.717378,6213.638,13.0766407,77.5577315,Moderate
161784,Vidyaranyapura,Jan-Mar,2025,4744.918878,7837.110122,6291.0145,13.0766407,77.5577315,Moderate
161812,Vidyaranyapura,Apr-Jun,2025,4856.395177,8021.233823,6438.8145,13.0766407,77.5577315,Moderate
161840,Vidyaranyapura,Jul-Sep,2025,4185.082343,6912.436657,5548.7595,13.0766407,77.5577315,Moderate
161868,Vidyaranyapura,Oct-Dec,2025,4005.602862,6615.993138,5310.798,13.0766407,77.5577315,Moderate
161896,Vidyaranyapura,Jan-Mar,2026,4143.441269,6843.658731,5493.55,13.0766407,77.5577315,Moderate
161924,Vidyaranyapura,Apr-Jun,2026,4151.240084,6856.539916,5503.89,13.0766407,77.5577315,Moderate
161952,Vidyaranyapura,Jul-Sep,2026,4066.162097,6716.017903,5391.09,13.0766407,77.5577315,Moderate
161980,Vidyaranyapura,Oct-Dec,2026,4078.154473,6735.825527,5406.99,13.0766407,77.5577315,Moderate
162008,Vidyaranyapura,Jan-Mar,2027,4106.672192,6782.927808,5444.8,13.0766407,77.5577315,Moderate
162036,Vidyaranyapura,Apr-Jun,2027,4188.476788,6918.043212,5553.26,13.0766407,77.5577315,Moderate
162064,Vidyaranyapura,Jul-Sep,2027,4156.979832,6866.020168,5511.5,13.0766407,77.5577315,Moderate
162092,Vidyaranyapura,Oct-Dec,2027,4107.894057,6784.945943,5446.42,13.0766407,77.5577315,Moderate
162120,Vidyaranyapura,Jan-Mar,2028,4436.688798,7328.011202,5882.35,13.0766407,77.5577315,Moderate
162148,Vidyaranyapura,Apr-Jun,2028,4097.523292,6767.816708,5432.67,13.0766407,77.5577315,Moderate
162176,Vidyaranyapura,Jul-Sep,2028,3976.332414,6567.647586,5271.99,13.0766407,77.5577315,Moderate
162204,Vidyaranyapura,Oct-Dec,2028,4204.564674,6944.615326,5574.59,13.0766407,77.5577315,Moderate
162232,Vidyaranyapura,Jan-Mar,2029,4221.22578,6972.13422,5596.68,13.0766407,77.5577315,Moderate
162260,Vidyaranyapura,Apr-Jun,2029,4193.50001,6926.33999,5559.92,13.0766407,77.5577315,Moderate
162288,Vidyaranyapura,Jul-Sep,2029,4163.685003,6877.094997,5520.39,13.0766407,77.5577315,Moderate
162316,Vidyaranyapura,Oct-Dec,2029,5643.77045,9321.72955,7482.75,13.0766407,77.5577315,Moderate
162344,Vidyaranyapura,Jan-Mar,2030,4940.715532,8160.504468,6550.61,13.0766407,77.5577315,Moderate
162372,Vidyaranyapura,Apr-Jun,2030,5444.417943,8992.462057,7218.44,13.0766407,77.5577315,Moderate
162400,Vidyaranyapura,Jul-Sep,2030,4332.012328,7155.118672,5743.5655,13.0766407,77.5577315,Moderate
162428,Vidyaranyapura,Oct-Dec,2030,4686.558622,7740.717378,6213.638,13.0766407,77.5577315,Moderate
162456,Vidyaranyapura Main Road,Jan-Mar,2024,4738.501781,8039.778219,6389.14,13.0757912,77.5577739,Moderate
162484,Vidyaranyapura Main Road,Apr-Jun,2024,4925.790501,8357.549499,6641.67,13.0757912,77.5577739,Moderate
162512,Vidyaranyapura Main Road,Jul-Sep,2024,4604.786104,7812.903896,6208.845,13.0757912,77.5577739,Moderate
162540,Vidyaranyapura Main Road,Oct-Dec,2024,4709.33271,7990.28729,6349.81,13.0757912,77.5577739,Moderate
162568,Vidyaranyapura Main Road,Jan-Mar,2025,5082.805093,8623.954907,6853.38,13.0757912,77.5577739,Moderate
162596,Vidyaranyapura Main Road,Apr-Jun,2025,5088.582542,8633.757458,6861.17,13.0757912,77.5577739,Moderate
162624,Vidyaranyapura Main Road,Jul-Sep,2025,4751.647516,8062.082484,6406.865,13.0757912,77.5577739,Moderate
162652,Vidyaranyapura Main Road,Oct-Dec,2025,4246.769694,7205.460306,5726.115,13.0757912,77.5577739,Moderate
162680,Vidyaranyapura Main Road,Jan-Mar,2026,4073.383192,6911.276808,5492.33,13.0757912,77.5577739,Moderate
162708,Vidyaranyapura Main Road,Apr-Jun,2026,4079.086475,6920.953525,5500.02,13.0757912,77.5577739,Moderate
162736,Vidyaranyapura Main Road,Jul-Sep,2026,3998.194777,6783.705223,5390.95,13.0757912,77.5577739,Moderate
162764,Vidyaranyapura Main Road,Oct-Dec,2026,4017.299665,6816.120335,5416.71,13.0757912,77.5577739,Moderate
162792,Vidyaranyapura Main Road,Jan-Mar,2027,4045.801251,6864.478749,5455.14,13.0757912,77.5577739,Moderate
162820,Vidyaranyapura Main Road,Apr-Jun,2027,4127.501348,7003.098652,5565.3,13.0757912,77.5577739,Moderate
162848,Vidyaranyapura Main Road,Jul-Sep,2027,4097.753791,6952.626209,5525.19,13.0757912,77.5577739,Moderate
162876,Vidyaranyapura Main Road,Oct-Dec,2027,4041.477435,6857.142565,5449.31,13.0757912,77.5577739,Moderate
162904,Vidyaranyapura Main Road,Jan-Mar,2028,4192.566249,7113.493751,5653.03,13.0757912,77.5577739,Moderate
162932,Vidyaranyapura Main Road,Apr-Jun,2028,3939.270733,6683.729267,5311.5,13.0757912,77.5577739,Moderate
162960,Vidyaranyapura Main Road,Jul-Sep,2028,3816.920833,6476.139167,5146.53,13.0757912,77.5577739,Moderate
162988,Vidyaranyapura Main Road,Oct-Dec,2028,3959.072771,6717.327229,5338.2,13.0757912,77.5577739,Moderate
163016,Vidyaranyapura Main Road,Jan-Mar,2029,4070.564924,6906.495076,5488.53,13.0757912,77.5577739,Moderate
163044,Vidyaranyapura Main Road,Apr-Jun,2029,4043.301892,6860.238108,5451.77,13.0757912,77.5577739,Moderate
163072,Vidyaranyapura Main Road,Jul-Sep,2029,4001.257789,6788.902211,5395.08,13.0757912,77.5577739,Moderate
163100,Vidyaranyapura Main Road,Oct-Dec,2029,4986.190427,8460.029573,6723.11,13.0757912,77.5577739,Moderate
163128,Vidyaranyapura Main Road,Jan-Mar,2030,4738.501781,8039.778219,6389.14,13.0757912,77.5577739,Moderate
163156,Vidyaranyapura Main Road,Apr-Jun,2030,4925.790501,8357.549499,6641.67,13.0757912,77.5577739,Moderate
163184,Vidyaranyapura Main Road,Jul-Sep,2030,4604.786104,7812.903896,6208.845,13.0757912,77.5577739,Moderate
163212,Vidyaranyapura Main Road,Oct-Dec,2030,4709.33271,7990.28729,6349.81,13.0757912,77.5577739,Moderate
163240,Vijaynagar,Jan-Mar,2024,5891.656362,8765.643638,7328.65,13.0002,77.5405,Moderate
163268,Vijaynagar,Apr-Jun,2024,6156.926207,9160.313793,7658.62,13.0002,77.5405,Moderate
163296,Vijaynagar,Jul-Sep,2024,6130.879163,9121.560837,7626.22,13.0002,77.5405,Moderate
163324,Vijaynagar,Oct-Dec,2024,6779.402314,10086.43769,8432.92,13.0002,77.5405,Moderate
163352,Vijaynagar,Jan-Mar,2025,6511.109725,9687.270275,8099.19,13.0002,77.5405,Moderate
163380,Vijaynagar,Apr-Jun,2025,6535.540888,9723.619112,8129.58,13.0002,77.5405,Moderate
163408,Vijaynagar,Jul-Sep,2025,6542.494805,9733.965195,8138.23,13.0002,77.5405,Moderate
163436,Vijaynagar,Oct-Dec,2025,5185.78148,7715.43852,6450.61,13.0002,77.5405,Moderate
163464,Vijaynagar,Jan-Mar,2026,4593.002219,6833.497781,5713.25,13.0002,77.5405,Moderate
163492,Vijaynagar,Apr-Jun,2026,4557.581455,6780.798545,5669.19,13.0002,77.5405,Moderate
163520,Vijaynagar,Jul-Sep,2026,4716.146853,7016.713147,5866.43,13.0002,77.5405,Moderate
163548,Vijaynagar,Oct-Dec,2026,4747.25056,7062.98944,5905.12,13.0002,77.5405,Moderate
163576,Vijaynagar,Jan-Mar,2027,5073.570173,7548.489827,6311.03,13.0002,77.5405,Moderate
163604,Vijaynagar,Apr-Jun,2027,5168.97149,7690.42851,6429.7,13.0002,77.5405,Moderate
163632,Vijaynagar,Jul-Sep,2027,5221.435381,7768.484619,6494.96,13.0002,77.5405,Moderate
163660,Vijaynagar,Oct-Dec,2027,5193.571476,7727.028524,6460.3,13.0002,77.5405,Moderate
163688,Vijaynagar,Jan-Mar,2028,5430.503102,8079.536898,6755.02,13.0002,77.5405,Moderate
163716,Vijaynagar,Apr-Jun,2028,5221.965969,7769.274031,6495.62,13.0002,77.5405,Moderate
163744,Vijaynagar,Jul-Sep,2028,5324.674928,7922.085072,6623.38,13.0002,77.5405,Moderate
163772,Vijaynagar,Oct-Dec,2028,5349.395502,7958.864498,6654.13,13.0002,77.5405,Moderate
163800,Vijaynagar,Jan-Mar,2029,5471.060921,8139.879079,6805.47,13.0002,77.5405,Moderate
163828,Vijaynagar,Apr-Jun,2029,5338.011979,7941.928021,6639.97,13.0002,77.5405,Moderate
163856,Vijaynagar,Jul-Sep,2029,5384.824305,8011.575695,6698.2,13.0002,77.5405,Moderate
163884,Vijaynagar,Oct-Dec,2029,6279.26692,9342.33308,7810.8,13.0002,77.5405,Moderate
163912,Vijaynagar,Jan-Mar,2030,5891.656362,8765.643638,7328.65,13.0002,77.5405,Moderate
163940,Vijaynagar,Apr-Jun,2030,6156.926207,9160.313793,7658.62,13.0002,77.5405,Moderate
163968,Vijaynagar,Jul-Sep,2030,6130.879163,9121.560837,7626.22,13.0002,77.5405,Moderate
163996,Vijaynagar,Oct-Dec,2030,6779.402314,10086.43769,8432.92,13.0002,77.5405,Moderate
164024,Vijaynagar Main Road,Jan-Mar,2024,6791.897375,12490.62493,9642.62,12.97577458,77.76174636,Moderate
164052,Vijaynagar Main Road,Apr-Jun,2024,6935.854929,12755.36977,9847.0,12.97577458,77.76174636,Moderate
164080,Vijaynagar Main Road,Jul-Sep,2024,6566.147166,12075.45947,9322.117,12.97577458,77.76174636,Moderate
164108,Vijaynagar Main Road,Oct-Dec,2024,7333.277233,13486.24844,10411.23,12.97577458,77.76174636,Moderate
164136,Vijaynagar Main Road,Jan-Mar,2025,7345.033039,13507.86793,10427.92,12.97577458,77.76174636,Moderate
164164,Vijaynagar Main Road,Apr-Jun,2025,6996.711826,12867.28852,9933.4,12.97577458,77.76174636,Moderate
164192,Vijaynagar Main Road,Jul-Sep,2025,5889.781217,10831.59006,8361.864,12.97577458,77.76174636,Moderate
164220,Vijaynagar Main Road,Oct-Dec,2025,4803.43348,8833.744483,6819.55,12.97577458,77.76174636,Moderate
164248,Vijaynagar Main Road,Jan-Mar,2026,4650.903838,8553.235158,6603.0,12.97577458,77.76174636,Moderate
164276,Vijaynagar Main Road,Apr-Jun,2026,4619.940075,8496.291312,6559.04,12.97577458,77.76174636,Moderate
164304,Vijaynagar Main Road,Jul-Sep,2026,4740.012705,8717.110636,6729.51,12.97577458,77.76174636,Moderate
164332,Vijaynagar Main Road,Oct-Dec,2026,4822.859791,8869.4704,6847.13,12.97577458,77.76174636,Moderate
164360,Vijaynagar Main Road,Jan-Mar,2027,4903.079606,9016.998486,6961.02,12.97577458,77.76174636,Moderate
164388,Vijaynagar Main Road,Apr-Jun,2027,4904.086844,9018.850845,6962.45,12.97577458,77.76174636,Moderate
164416,Vijaynagar Main Road,Jul-Sep,2027,5083.804868,9349.360909,7217.6,12.97577458,77.76174636,Moderate
164444,Vijaynagar Main Road,Oct-Dec,2027,5162.517348,9494.116933,7329.35,12.97577458,77.76174636,Moderate
164472,Vijaynagar Main Road,Jan-Mar,2028,5523.883349,10158.68634,7842.39,12.97577458,77.76174636,Moderate
164500,Vijaynagar Main Road,Apr-Jun,2028,5548.993863,10204.86577,7878.04,12.97577458,77.76174636,Moderate
164528,Vijaynagar Main Road,Jul-Sep,2028,5733.663553,10544.48219,8140.22,12.97577458,77.76174636,Moderate
164556,Vijaynagar Main Road,Oct-Dec,2028,5856.786072,10770.91041,8315.02,12.97577458,77.76174636,Moderate
164584,Vijaynagar Main Road,Jan-Mar,2029,5927.73648,10901.39161,8415.75,12.97577458,77.76174636,Moderate
164612,Vijaynagar Main Road,Apr-Jun,2029,6087.373137,11194.97107,8642.39,12.97577458,77.76174636,Moderate
164640,Vijaynagar Main Road,Jul-Sep,2029,6256.913127,11506.76324,8883.09,12.97577458,77.76174636,Moderate
164668,Vijaynagar Main Road,Oct-Dec,2029,6930.283424,12745.12351,9839.09,12.97577458,77.76174636,Moderate
164696,Vijaynagar Main Road,Jan-Mar,2030,6791.897375,12490.62493,9642.62,12.97577458,77.76174636,Moderate
164724,Vijaynagar Main Road,Apr-Jun,2030,6935.854929,12755.36977,9847.0,12.97577458,77.76174636,Moderate
164752,Vijaynagar Main Road,Jul-Sep,2030,6566.147166,12075.45947,9322.117,12.97577458,77.76174636,Moderate
164780,Vijaynagar Main Road,Oct-Dec,2030,7333.277233,13486.24844,10411.23,12.97577458,77.76174636,Moderate
164808,Vittal Mallya Road,Jan-Mar,2024,13138.36856,22683.34082,17901.33,12.9693151,77.594525,Moderate
164836,Vittal Mallya Road,Apr-Jun,2024,13301.2869,22964.61869,18123.31,12.9693151,77.594525,Moderate
164864,Vittal Mallya Road,Jul-Sep,2024,13575.21132,23437.5481,18496.53833,12.9693151,77.594525,Moderate
164892,Vittal Mallya Road,Oct-Dec,2024,12000.47221,20718.76732,16350.92,12.9693151,77.594525,Moderate
164920,Vittal Mallya Road,Jan-Mar,2025,14146.57658,24424.00794,19275.03667,12.9693151,77.594525,Moderate
164948,Vittal Mallya Road,Apr-Jun,2025,13810.58226,23843.91509,18817.23667,12.9693151,77.594525,Moderate
164976,Vittal Mallya Road,Jul-Sep,2025,10961.12466,18924.33792,14934.785,12.9693151,77.594525,Moderate
165004,Vittal Mallya Road,Oct-Dec,2025,8089.945095,13967.25788,11022.73667,12.9693151,77.594525,Moderate
165032,Vittal Mallya Road,Jan-Mar,2026,8403.527557,14508.65675,11450.0,12.9693151,77.594525,Moderate
165060,Vittal Mallya Road,Apr-Jun,2026,8369.766661,14450.3687,11404.0,12.9693151,77.594525,Moderate
165088,Vittal Mallya Road,Jul-Sep,2026,8453.068004,14594.18814,11517.5,12.9693151,77.594525,Moderate
165116,Vittal Mallya Road,Oct-Dec,2026,8763.888433,15130.81837,11941.0,12.9693151,77.594525,Moderate
165144,Vittal Mallya Road,Jan-Mar,2027,9206.81672,15895.53228,12544.5,12.9693151,77.594525,Moderate
165172,Vittal Mallya Road,Apr-Jun,2027,9256.357166,15981.06366,12612.0,12.9693151,77.594525,Moderate
165200,Vittal Mallya Road,Jul-Sep,2027,9457.454682,16328.25772,12886.0,12.9693151,77.594525,Moderate
165228,Vittal Mallya Road,Oct-Dec,2027,9758.733988,16848.41524,13296.5,12.9693151,77.594525,Moderate
165256,Vittal Mallya Road,Jan-Mar,2028,10255.23935,17705.62976,13973.0,12.9693151,77.594525,Moderate
165284,Vittal Mallya Road,Apr-Jun,2028,10375.60429,17913.43935,14137.0,12.9693151,77.594525,Moderate
165312,Vittal Mallya Road,Jul-Sep,2028,10701.10337,18475.41221,14580.5,12.9693151,77.594525,Moderate
165340,Vittal Mallya Road,Oct-Dec,2028,11006.05234,19001.90539,14996.0,12.9693151,77.594525,Moderate
165368,Vittal Mallya Road,Jan-Mar,2029,11402.33187,19686.08042,15535.94,12.9693151,77.594525,Moderate
165396,Vittal Mallya Road,Apr-Jun,2029,11604.91927,20035.84675,15811.97,12.9693151,77.594525,Moderate
165424,Vittal Mallya Road,Jul-Sep,2029,12160.52822,20995.10338,16569.0,12.9693151,77.594525,Moderate
165452,Vittal Mallya Road,Oct-Dec,2029,12554.28302,21674.91948,17105.5,12.9693151,77.594525,Moderate
165480,Vittal Mallya Road,Jan-Mar,2030,13138.36856,22683.34082,17901.33,12.9693151,77.594525,Moderate
165508,Vittal Mallya Road,Apr-Jun,2030,13301.2869,22964.61869,18123.31,12.9693151,77.594525,Moderate
165536,Vittal Mallya Road,Jul-Sep,2030,13575.21132,23437.5481,18496.53833,12.9693151,77.594525,Moderate
165564,Vittal Mallya Road,Oct-Dec,2030,12000.47221,20718.76732,16350.92,12.9693151,77.594525,Moderate
165592,Viviani Road,Jan-Mar,2024,9306.4407,14872.64757,12088.67,13.003656,77.6156626,Moderate
165620,Viviani Road,Apr-Jun,2024,9436.237105,15080.07555,12257.27,13.003656,77.6156626,Moderate
165648,Viviani Road,Jul-Sep,2024,9493.652382,15171.83106,12331.85,13.003656,77.6156626,Moderate
165676,Viviani Road,Oct-Dec,2024,9390.785267,15007.43885,12198.23,13.003656,77.6156626,Moderate
165704,Viviani Road,Jan-Mar,2025,9462.927741,15122.72993,12291.94,13.003656,77.6156626,Moderate
165732,Viviani Road,Apr-Jun,2025,9283.083506,14835.32038,12058.33,13.003656,77.6156626,Moderate
165760,Viviani Road,Jul-Sep,2025,9051.624799,14465.4256,11757.675,13.003656,77.6156626,Moderate
165788,Viviani Road,Oct-Dec,2025,6885.137273,11003.15614,8943.5,13.003656,77.6156626,Moderate
165816,Viviani Road,Jan-Mar,2026,6077.543428,9712.538276,7894.47,13.003656,77.6156626,Moderate
165844,Viviani Road,Apr-Jun,2026,6113.84177,9770.546753,7941.62,13.003656,77.6156626,Moderate
165872,Viviani Road,Jul-Sep,2026,6281.99971,10039.2804,8160.05,13.003656,77.6156626,Moderate
165900,Viviani Road,Oct-Dec,2026,6381.387111,10198.11167,8289.15,13.003656,77.6156626,Moderate
165928,Viviani Road,Jan-Mar,2027,6646.91545,10622.45321,8634.06,13.003656,77.6156626,Moderate
165956,Viviani Road,Apr-Jun,2027,6703.884216,10713.49515,8708.06,13.003656,77.6156626,Moderate
165984,Viviani Road,Jul-Sep,2027,6874.775117,10986.59635,8930.04,13.003656,77.6156626,Moderate
166012,Viviani Road,Oct-Dec,2027,7009.760298,11202.31653,9105.38,13.003656,77.6156626,Moderate
166040,Viviani Road,Jan-Mar,2028,7395.115507,11818.15371,9605.94,13.003656,77.6156626,Moderate
166068,Viviani Road,Apr-Jun,2028,7470.883966,11939.23949,9704.36,13.003656,77.6156626,Moderate
166096,Viviani Road,Jul-Sep,2028,7635.261951,12201.93238,9917.88,13.003656,77.6156626,Moderate
166124,Viviani Road,Oct-Dec,2028,7799.809303,12464.89594,10131.62,13.003656,77.6156626,Moderate
166152,Viviani Road,Jan-Mar,2029,8053.043166,12869.58965,10460.56,13.003656,77.6156626,Moderate
166180,Viviani Road,Apr-Jun,2029,8098.056189,12941.52508,10519.03,13.003656,77.6156626,Moderate
166208,Viviani Road,Jul-Sep,2029,8442.147536,13491.41837,10965.99,13.003656,77.6156626,Moderate
166236,Viviani Road,Oct-Dec,2029,8624.840209,13783.38002,11203.3,13.003656,77.6156626,Moderate
166264,Viviani Road,Jan-Mar,2030,9306.4407,14872.64757,12088.67,13.003656,77.6156626,Moderate
166292,Viviani Road,Apr-Jun,2030,9436.237105,15080.07555,12257.27,13.003656,77.6156626,Moderate
166320,Viviani Road,Jul-Sep,2030,9493.652382,15171.83106,12331.85,13.003656,77.6156626,Moderate
166348,Viviani Road,Oct-Dec,2030,9390.785267,15007.43885,12198.23,13.003656,77.6156626,Moderate
166376,Whitefield,Jan-Mar,2024,7793.949259,13462.40151,11218.96,12.9716,77.7497,Moderate
166404,Whitefield,Apr-Jun,2024,7973.664378,13772.82143,11477.65,12.9716,77.7497,Moderate
166432,Whitefield,Jul-Sep,2024,8014.714927,13843.72758,11536.74,12.9716,77.7497,Moderate
166460,Whitefield,Oct-Dec,2024,7772.406231,13425.19048,11187.95,12.9716,77.7497,Moderate
166488,Whitefield,Jan-Mar,2025,8200.835293,14165.21121,11804.65,12.9716,77.7497,Moderate
166516,Whitefield,Apr-Jun,2025,8153.428127,14083.32535,11736.41,12.9716,77.7497,Moderate
166544,Whitefield,Jul-Sep,2025,8250.100814,14250.307,11875.565,12.9716,77.7497,Moderate
166572,Whitefield,Oct-Dec,2025,6583.524269,11371.64794,9476.62,12.9716,77.7497,Moderate
166600,Whitefield,Jan-Mar,2026,6851.877727,11835.17188,9862.9,12.9716,77.7497,Moderate
166628,Whitefield,Apr-Jun,2026,6884.529204,11891.57041,9909.9,12.9716,77.7497,Moderate
166656,Whitefield,Jul-Sep,2026,6918.431164,11950.12888,9958.7,12.9716,77.7497,Moderate
166684,Whitefield,Oct-Dec,2026,6940.835634,11988.82788,9990.95,12.9716,77.7497,Moderate
166712,Whitefield,Jan-Mar,2027,7025.625268,12135.28406,10113.0,12.9716,77.7497,Moderate
166740,Whitefield,Apr-Jun,2027,7059.66617,12194.08253,10162.0,12.9716,77.7497,Moderate
166768,Whitefield,Jul-Sep,2027,7111.074878,12282.88022,10236.0,12.9716,77.7497,Moderate
166796,Whitefield,Oct-Dec,2027,7101.599003,12266.51265,10222.36,12.9716,77.7497,Moderate
166824,Whitefield,Jan-Mar,2028,7274.325316,12564.86088,10470.99,12.9716,77.7497,Moderate
166852,Whitefield,Apr-Jun,2028,7316.793078,12638.21497,10532.12,12.9716,77.7497,Moderate
166880,Whitefield,Jul-Sep,2028,7417.442993,12812.06644,10677.0,12.9716,77.7497,Moderate
166908,Whitefield,Oct-Dec,2028,7466.461891,12896.73624,10747.56,12.9716,77.7497,Moderate
166936,Whitefield,Jan-Mar,2029,7458.486594,12882.9606,10736.08,12.9716,77.7497,Moderate
166964,Whitefield,Apr-Jun,2029,7495.99411,12947.74691,10790.07,12.9716,77.7497,Moderate
166992,Whitefield,Jul-Sep,2029,7634.158488,13186.3967,10988.95,12.9716,77.7497,Moderate
167020,Whitefield,Oct-Dec,2029,7755.816502,13396.53523,11164.07,12.9716,77.7497,Moderate
167048,Whitefield,Jan-Mar,2030,7793.949259,13462.40151,11218.96,12.9716,77.7497,Moderate
167076,Whitefield,Apr-Jun,2030,7973.664378,13772.82143,11477.65,12.9716,77.7497,Moderate
167104,Whitefield,Jul-Sep,2030,8014.714927,13843.72758,11536.74,12.9716,77.7497,Moderate
167132,Whitefield,Oct-Dec,2030,7772.406231,13425.19048,11187.95,12.9716,77.7497,Moderate
167188,Whitefield Main Road,Jan-Mar,2024,6177.249737,11230.68839,8665.27,12.9838204,77.7525125,Moderate
167216,Whitefield Main Road,Apr-Jun,2024,6331.309038,11510.77939,8881.38,12.9838204,77.7525125,Moderate
167244,Whitefield Main Road,Jul-Sep,2024,6593.72407,11987.86896,9249.488333,12.9838204,77.7525125,Moderate
167272,Whitefield Main Road,Oct-Dec,2024,6623.338063,12041.70935,9291.03,12.9838204,77.7525125,Moderate
167300,Whitefield Main Road,Jan-Mar,2025,7199.240831,13088.74238,10098.89,12.9838204,77.7525125,Moderate
167328,Whitefield Main Road,Apr-Jun,2025,7282.853877,13240.75697,10216.18,12.9838204,77.7525125,Moderate
167356,Whitefield Main Road,Jul-Sep,2025,7491.729185,13620.50744,10509.18433,12.9838204,77.7525125,Moderate
167384,Whitefield Main Road,Oct-Dec,2025,6729.119723,12234.02809,9439.4175,12.9838204,77.7525125,Moderate
167412,Whitefield Main Road,Jan-Mar,2026,3893.720341,7079.066204,5462.0,12.9838204,77.7525125,Moderate
167440,Whitefield Main Road,Apr-Jun,2026,3947.542364,7176.918547,5537.5,12.9838204,77.7525125,Moderate
167468,Whitefield Main Road,Jul-Sep,2026,4027.740741,7322.725019,5650.0,12.9838204,77.7525125,Moderate
167496,Whitefield Main Road,Oct-Dec,2026,4172.810695,7586.472725,5853.5,12.9838204,77.7525125,Moderate
167524,Whitefield Main Road,Jan-Mar,2027,4362.314115,7931.003697,6119.33,12.9838204,77.7525125,Moderate
167552,Whitefield Main Road,Apr-Jun,2027,4365.999676,7937.704314,6124.5,12.9838204,77.7525125,Moderate
167580,Whitefield Main Road,Jul-Sep,2027,4452.613924,8095.175304,6246.0,12.9838204,77.7525125,Moderate
167608,Whitefield Main Road,Oct-Dec,2027,4522.832059,8222.83697,6344.5,12.9838204,77.7525125,Moderate
167636,Whitefield Main Road,Jan-Mar,2028,4943.463638,8987.575713,6934.55,12.9838204,77.7525125,Moderate
167664,Whitefield Main Road,Apr-Jun,2028,4999.930425,9090.236429,7013.76,12.9838204,77.7525125,Moderate
167692,Whitefield Main Road,Jul-Sep,2028,5103.111875,9277.827796,7158.5,12.9838204,77.7525125,Moderate
167720,Whitefield Main Road,Oct-Dec,2028,5215.033167,9481.308827,7315.5,12.9838204,77.7525125,Moderate
167748,Whitefield Main Road,Jan-Mar,2029,5472.117086,9948.706053,7676.13,12.9838204,77.7525125,Moderate
167776,Whitefield Main Road,Apr-Jun,2029,5466.613695,9938.700488,7668.41,12.9838204,77.7525125,Moderate
167804,Whitefield Main Road,Jul-Sep,2029,5647.997475,10268.46937,7922.85,12.9838204,77.7525125,Moderate
167832,Whitefield Main Road,Oct-Dec,2029,5617.41516,10212.8685,7879.95,12.9838204,77.7525125,Moderate
167860,Whitefield Main Road,Jan-Mar,2030,6177.249737,11230.68839,8665.27,12.9838204,77.7525125,Moderate
167888,Whitefield Main Road,Apr-Jun,2030,6331.309038,11510.77939,8881.38,12.9838204,77.7525125,Moderate
167916,Whitefield Main Road,Jul-Sep,2030,6593.72407,11987.86896,9249.488333,12.9838204,77.7525125,Moderate
167944,Whitefield Main Road,Oct-Dec,2030,6623.338063,12041.70935,9291.03,12.9838204,77.7525125,Moderate
168000,Yelahanka,Jan-Mar,2024,5033.857011,7880.079475,6456.99,13.1006982,77.5963454,Moderate
168028,Yelahanka,Apr-Jun,2024,5145.292761,8054.522762,6599.93,13.1006982,77.5963454,Moderate
168056,Yelahanka,Jul-Sep,2024,5181.949463,8111.905743,6646.95,13.1006982,77.5963454,Moderate
168084,Yelahanka,Oct-Dec,2024,5230.806874,8188.387909,6709.62,13.1006982,77.5963454,Moderate
168112,Yelahanka,Jan-Mar,2025,5450.029855,8531.563034,6990.82,13.1006982,77.5963454,Moderate
168140,Yelahanka,Apr-Jun,2025,5524.715351,8648.476892,7086.62,13.1006982,77.5963454,Moderate
168168,Yelahanka,Jul-Sep,2025,4190.791851,6560.331923,5375.58,13.1006982,77.5963454,Moderate
168196,Yelahanka,Oct-Dec,2025,4159.397436,6511.186609,5335.31,13.1006982,77.5963454,Moderate
168224,Yelahanka,Jan-Mar,2026,4010.587754,6278.237577,5144.43,13.1006982,77.5963454,Moderate
168252,Yelahanka,Apr-Jun,2026,4079.083242,6385.461497,5232.29,13.1006982,77.5963454,Moderate
168280,Yelahanka,Jul-Sep,2026,4161.09696,6513.84707,5337.49,13.1006982,77.5963454,Moderate
168308,Yelahanka,Oct-Dec,2026,4166.320267,6522.023718,5344.19,13.1006982,77.5963454,Moderate
168336,Yelahanka,Jan-Mar,2027,4175.745608,6536.778296,5356.28,13.1006982,77.5963454,Moderate
168364,Yelahanka,Apr-Jun,2027,4163.544898,6517.679111,5340.63,13.1006982,77.5963454,Moderate
168392,Yelahanka,Jul-Sep,2027,4189.918701,6558.96508,5374.46,13.1006982,77.5963454,Moderate
168420,Yelahanka,Oct-Dec,2027,4214.43706,6597.346509,5405.91,13.1006982,77.5963454,Moderate
168448,Yelahanka,Jan-Mar,2028,4476.163728,7007.057579,5741.63,13.1006982,77.5963454,Moderate
168476,Yelahanka,Apr-Jun,2028,4460.673114,6982.808326,5721.76,13.1006982,77.5963454,Moderate
168504,Yelahanka,Jul-Sep,2028,4570.144277,7154.176217,5862.18,13.1006982,77.5963454,Moderate
168532,Yelahanka,Oct-Dec,2028,4643.395312,7268.844549,5956.14,13.1006982,77.5963454,Moderate
168560,Yelahanka,Jan-Mar,2029,4584.067898,7175.972475,5880.04,13.1006982,77.5963454,Moderate
168588,Yelahanka,Apr-Jun,2029,4621.730282,7234.929767,5928.35,13.1006982,77.5963454,Moderate
168616,Yelahanka,Jul-Sep,2029,4909.339606,7685.157956,6297.27,13.1006982,77.5963454,Moderate
168644,Yelahanka,Oct-Dec,2029,4874.647491,7630.850371,6252.77,13.1006982,77.5963454,Moderate
168672,Yelahanka,Jan-Mar,2030,5033.857011,7880.079475,6456.99,13.1006982,77.5963454,Moderate
168700,Yelahanka,Apr-Jun,2030,5145.292761,8054.522762,6599.93,13.1006982,77.5963454,Moderate
168728,Yelahanka,Jul-Sep,2030,5181.949463,8111.905743,6646.95,13.1006982,77.5963454,Moderate
168756,Yelahanka,Oct-Dec,2030,5230.806874,8188.387909,6709.62,13.1006982,77.5963454,Moderate
168784,Yelahanka Airforce Base,Jan-Mar,2024,5632.165908,7895.93925,6763.88,13.1294,77.595,Moderate
168812,Yelahanka Airforce Base,Apr-Jun,2024,5681.677222,7965.35097,6823.34,13.1294,77.595,Moderate
168840,Yelahanka Airforce Base,Jul-Sep,2024,5669.245269,7947.922161,6808.41,13.1294,77.595,Moderate
168868,Yelahanka Airforce Base,Oct-Dec,2024,5712.628038,8008.742051,6860.51,13.1294,77.595,Moderate
168896,Yelahanka Airforce Base,Jan-Mar,2025,5989.861418,8397.40566,7193.45,13.1294,77.595,Moderate
168924,Yelahanka Airforce Base,Apr-Jun,2025,5992.276198,8400.791028,7196.35,13.1294,77.595,Moderate
168952,Yelahanka Airforce Base,Jul-Sep,2025,4822.799705,6761.259186,5791.881667,13.1294,77.595,Moderate
168980,Yelahanka Airforce Base,Oct-Dec,2025,4645.336978,6512.467703,5578.76,13.1294,77.595,Moderate
169008,Yelahanka Airforce Base,Jan-Mar,2026,4416.016161,6190.974467,5303.36,13.1294,77.595,Moderate
169036,Yelahanka Airforce Base,Apr-Jun,2026,4503.297962,6313.338015,5408.18,13.1294,77.595,Moderate
169064,Yelahanka Airforce Base,Jul-Sep,2026,4591.820461,6437.440941,5514.49,13.1294,77.595,Moderate
169092,Yelahanka Airforce Base,Oct-Dec,2026,4580.654186,6421.786532,5501.08,13.1294,77.595,Moderate
169120,Yelahanka Airforce Base,Jan-Mar,2027,4550.669281,6379.749599,5465.07,13.1294,77.595,Moderate
169148,Yelahanka Airforce Base,Apr-Jun,2027,4525.147556,6343.96976,5434.42,13.1294,77.595,Moderate
169176,Yelahanka Airforce Base,Jul-Sep,2027,4551.660174,6381.138767,5466.26,13.1294,77.595,Moderate
169204,Yelahanka Airforce Base,Oct-Dec,2027,4569.238106,6405.781912,5487.37,13.1294,77.595,Moderate
169232,Yelahanka Airforce Base,Jan-Mar,2028,4935.668458,6919.494016,5927.43,13.1294,77.595,Moderate
169260,Yelahanka Airforce Base,Apr-Jun,2028,4955.053311,6946.670351,5950.71,13.1294,77.595,Moderate
169288,Yelahanka Airforce Base,Jul-Sep,2028,5070.363212,7108.327516,6089.19,13.1294,77.595,Moderate
169316,Yelahanka Airforce Base,Oct-Dec,2028,5145.596095,7213.799244,6179.54,13.1294,77.595,Moderate
169344,Yelahanka Airforce Base,Jan-Mar,2029,5230.521404,7332.859139,6281.53,13.1294,77.595,Moderate
169372,Yelahanka Airforce Base,Apr-Jun,2029,5289.050672,7414.913459,6351.82,13.1294,77.595,Moderate
169400,Yelahanka Airforce Base,Jul-Sep,2029,5399.988989,7570.44194,6485.05,13.1294,77.595,Moderate
169428,Yelahanka Airforce Base,Oct-Dec,2029,5307.569535,7440.87573,6374.06,13.1294,77.595,Moderate
169456,Yelahanka Airforce Base,Jan-Mar,2030,5632.165908,7895.93925,6763.88,13.1294,77.595,Moderate
169484,Yelahanka Airforce Base,Apr-Jun,2030,5681.677222,7965.35097,6823.34,13.1294,77.595,Moderate
169512,Yelahanka Airforce Base,Jul-Sep,2030,5669.245269,7947.922161,6808.41,13.1294,77.595,Moderate
169540,Yelahanka Airforce Base,Oct-Dec,2030,5712.628038,8008.742051,6860.51,13.1294,77.595,Moderate
169568,Yelahanka New Town,Jan-Mar,2024,5139.962715,7640.869317,6390.35,13.0978039,77.5811889,Moderate
169596,Yelahanka New Town,Apr-Jun,2024,5202.330614,7733.58302,6467.89,13.0978039,77.5811889,Moderate
169624,Yelahanka New Town,Jul-Sep,2024,5276.224591,7843.430941,6559.76,13.0978039,77.5811889,Moderate
169652,Yelahanka New Town,Oct-Dec,2024,5389.820393,8012.298057,6700.99,13.0978039,77.5811889,Moderate
169680,Yelahanka New Town,Jan-Mar,2025,5648.960063,8397.525044,7023.17,13.0978039,77.5811889,Moderate
169708,Yelahanka New Town,Apr-Jun,2025,5719.67961,8502.653981,7111.093333,13.0978039,77.5811889,Moderate
169736,Yelahanka New Town,Jul-Sep,2025,4953.473793,7363.642116,6158.494333,13.0978039,77.5811889,Moderate
169764,Yelahanka New Town,Oct-Dec,2025,4373.66011,6501.713571,5437.630667,13.0978039,77.5811889,Moderate
169792,Yelahanka New Town,Jan-Mar,2026,4125.716205,6133.129774,5129.37,13.0978039,77.5811889,Moderate
169820,Yelahanka New Town,Apr-Jun,2026,4158.098609,6181.268201,5169.63,13.0978039,77.5811889,Moderate
169848,Yelahanka New Town,Jul-Sep,2026,4161.677887,6186.589016,5174.08,13.0978039,77.5811889,Moderate
169876,Yelahanka New Town,Oct-Dec,2026,4191.647295,6231.140377,5211.34,13.0978039,77.5811889,Moderate
169904,Yelahanka New Town,Jan-Mar,2027,4317.645896,6418.445013,5367.99,13.0978039,77.5811889,Moderate
169932,Yelahanka New Town,Apr-Jun,2027,4291.85097,6380.099276,5335.92,13.0978039,77.5811889,Moderate
169960,Yelahanka New Town,Jul-Sep,2027,4308.508685,6404.861989,5356.63,13.0978039,77.5811889,Moderate
169988,Yelahanka New Town,Oct-Dec,2027,4355.039289,6474.032581,5414.48,13.0978039,77.5811889,Moderate
170016,Yelahanka New Town,Jan-Mar,2028,4573.190202,6798.327271,5685.7,13.0978039,77.5811889,Moderate
170044,Yelahanka New Town,Apr-Jun,2028,4611.661399,6855.517062,5733.53,13.0978039,77.5811889,Moderate
170072,Yelahanka New Town,Jul-Sep,2028,4656.768335,6922.571285,5789.61,13.0978039,77.5811889,Moderate
170100,Yelahanka New Town,Oct-Dec,2028,4852.124481,7212.980157,6032.49,13.0978039,77.5811889,Moderate
170128,Yelahanka New Town,Jan-Mar,2029,4643.175125,6902.364146,5772.71,13.0978039,77.5811889,Moderate
170156,Yelahanka New Town,Apr-Jun,2029,4741.713833,7048.847969,5895.22,13.0978039,77.5811889,Moderate
170184,Yelahanka New Town,Jul-Sep,2029,5055.901982,7515.907891,6285.84,13.0978039,77.5811889,Moderate
170212,Yelahanka New Town,Oct-Dec,2029,5059.891468,7521.838507,6290.8,13.0978039,77.5811889,Moderate
170240,Yelahanka New Town,Jan-Mar,2030,5139.962715,7640.869317,6390.35,13.0978039,77.5811889,Moderate
170268,Yelahanka New Town,Apr-Jun,2030,5202.330614,7733.58302,6467.89,13.0978039,77.5811889,Moderate
170296,Yelahanka New Town,Jul-Sep,2030,5276.224591,7843.430941,6559.76,13.0978039,77.5811889,Moderate
170324,Yelahanka New Town,Oct-Dec,2030,5389.820393,8012.298057,6700.99,13.0978039,77.5811889,Moderate
170380,Yeswanthpur,Jan-Mar,2024,7681.570877,12200.94512,9941.258,13.02383,77.5529215,Moderate
170408,Yeswanthpur,Apr-Jun,2024,7721.040191,12263.63581,9992.338,13.02383,77.5529215,Moderate
170436,Yeswanthpur,Jul-Sep,2024,7726.376774,12272.11212,9999.244444,13.02383,77.5529215,Moderate
170464,Yeswanthpur,Oct-Dec,2024,7398.174552,11750.81545,9574.495,13.02383,77.5529215,Moderate
170492,Yeswanthpur,Jan-Mar,2025,8366.913646,13289.50235,10828.208,13.02383,77.5529215,Moderate
170520,Yeswanthpur,Apr-Jun,2025,8401.762238,13344.85376,10873.308,13.02383,77.5529215,Moderate
170548,Yeswanthpur,Jul-Sep,2025,7697.062617,12225.55127,9961.306944,13.02383,77.5529215,Moderate
170576,Yeswanthpur,Oct-Dec,2025,6162.950359,9788.859641,7975.905,13.02383,77.5529215,Moderate
170604,Yeswanthpur,Jan-Mar,2026,6056.353074,9619.546926,7837.95,13.02383,77.5529215,Moderate
170632,Yeswanthpur,Apr-Jun,2026,6105.025199,9696.854801,7900.94,13.02383,77.5529215,Moderate
170660,Yeswanthpur,Jul-Sep,2026,6158.194415,9781.305585,7969.75,13.02383,77.5529215,Moderate
170688,Yeswanthpur,Oct-Dec,2026,6096.618266,9683.501734,7890.06,13.02383,77.5529215,Moderate
170716,Yeswanthpur,Jan-Mar,2027,6054.514058,9616.625942,7835.57,13.02383,77.5529215,Moderate
170744,Yeswanthpur,Apr-Jun,2027,6083.8456,9663.2144,7873.53,13.02383,77.5529215,Moderate
170772,Yeswanthpur,Jul-Sep,2027,6136.953,9747.567,7942.26,13.02383,77.5529215,Moderate
170800,Yeswanthpur,Oct-Dec,2027,6115.626589,9713.693411,7914.66,13.02383,77.5529215,Moderate
170828,Yeswanthpur,Jan-Mar,2028,6223.247696,9884.632304,8053.94,13.02383,77.5529215,Moderate
170856,Yeswanthpur,Apr-Jun,2028,6210.706839,9864.713161,8037.71,13.02383,77.5529215,Moderate
170884,Yeswanthpur,Jul-Sep,2028,6281.508979,9977.171021,8129.34,13.02383,77.5529215,Moderate
170912,Yeswanthpur,Oct-Dec,2028,6503.751819,10330.16818,8416.96,13.02383,77.5529215,Moderate
170940,Yeswanthpur,Jan-Mar,2029,6868.008469,10908.73153,8888.37,13.02383,77.5529215,Moderate
170968,Yeswanthpur,Apr-Jun,2029,6975.482763,11079.43724,9027.46,13.02383,77.5529215,Moderate
170996,Yeswanthpur,Jul-Sep,2029,7046.230815,11191.80919,9119.02,13.02383,77.5529215,Moderate
171024,Yeswanthpur,Oct-Dec,2029,7232.798278,11488.14172,9360.47,13.02383,77.5529215,Moderate
171052,Yeswanthpur,Jan-Mar,2030,7681.570877,12200.94512,9941.258,13.02383,77.5529215,Moderate
171080,Yeswanthpur,Apr-Jun,2030,7721.040191,12263.63581,9992.338,13.02383,77.5529215,Moderate
171108,Yeswanthpur,Jul-Sep,2030,7726.376774,12272.11212,9999.244444,13.02383,77.5529215,Moderate
171136,Yeswanthpur,Oct-Dec,2030,7398.174552,11750.81545,9574.495,13.02383,77.5529215,Moderate
