location,year,quarter,avg_price,max_price,min_price
Alaknanda,2024,Jan-Mar,13229.95000000002,15720.653396792624,10739.093468151741
Alaknanda,2024,Apr-Jun,13334.580000000009,15844.981301652902,10824.024352211967
Alaknanda,2024,Jul-Sep,13516.77999999999,16061.482728256578,10971.9208166655
Alaknanda,2024,Oct-Dec,13687.130000000012,16263.903244293599,11110.198328848079
Alaknanda,2025,Jan-Mar,14681.170000000006,17445.083694903587,11917.086372346464
Alaknanda,2025,Apr-Jun,14671.27000000002,17433.319896202305,11909.050285639067
Alaknanda,2025,Jul-Sep,15755.620000000006,18721.812332743022,12789.245297879488
Alaknanda,2025,Oct-Dec,15799.630000000003,18774.10776515152,12824.969356060608
Alaknanda,2026,Jan-Mar,12713.980000000021,15107.54559720585,10320.26724002826
Alaknanda,2026,Apr-Jun,12548.310000000021,14910.686149645833,10185.788605198295
Alaknanda,2026,Jul-Sep,12322.780000000017,14642.697309130283,10002.720056196047
Alaknanda,2026,Oct-Dec,12282.169999999996,14594.441969205032,9969.755866177047
Alaknanda,2027,Jan-Mar,12777.100000000017,15182.548725895336,10371.503380732473
Alaknanda,2027,Apr-Jun,12558.810000000009,14923.162905844165,10194.31172746372
Alaknanda,2027,Jul-Sep,12500.770000000008,14854.196150629681,10147.199154484115
Alaknanda,2027,Oct-Dec,12275.450000000012,14586.456845238108,9964.301067927181
Alaknanda,2028,Jan-Mar,12740.690000000022,15139.284088449454,10341.948439619668
Alaknanda,2028,Apr-Jun,12716.030000000015,15109.981535320758,10321.93127818484
Alaknanda,2028,Jul-Sep,13058.750000000016,15517.222857634808,10600.125988928643
Alaknanda,2028,Oct-Dec,13009.320000000018,15458.487042502971,10560.002376206696
Alaknanda,2029,Jan-Mar,13331.979999999992,15841.891819165672,10821.913864793845
Alaknanda,2029,Apr-Jun,13557.25999999998,16109.583594057432,11004.779482313572
Alaknanda,2029,Jul-Sep,13476.65999999998,16013.80963695393,10939.35437235223
Alaknanda,2029,Oct-Dec,13431.820000000003,15960.527946674541,10902.956581649192
Alaknanda,2030,Jan-Mar,13229.95000000002,15720.653396792624,10739.093468151741
Alaknanda,2030,Apr-Jun,13334.580000000009,15844.981301652902,10824.024352211967
Alaknanda,2030,Jul-Sep,13516.77999999999,16061.482728256578,10971.9208166655
Alaknanda,2030,Oct-Dec,13687.130000000012,16263.903244293599,11110.198328848079
Chattarpur,2024,Jan-Mar,4748.300000000005,5942.484712194367,3554.074131729264
Chattarpur,2024,Apr-Jun,4635.96,5801.891503558025,3469.9883140769502
Chattarpur,2024,Jul-Sep,4653.970000000001,5824.43097024434,3483.468691288257
Chattarpur,2024,Oct-Dec,4777.169999999996,5978.615439747597,3575.683153944161
Chattarpur,2025,Jan-Mar,4834.120000000001,6049.88821197334,3618.3098881020696
Chattarpur,2025,Apr-Jun,4781.190000000004,5983.646458963541,3578.692099884725
Chattarpur,2025,Jul-Sep,4688.590000000003,5867.757807372613,3509.3815540897804
Chattarpur,2025,Oct-Dec,4775.609999999997,5976.663103932459,3574.515503280661
Chattarpur,2026,Jan-Mar,4230.759999999998,5294.784790548913,3166.698539172942
Chattarpur,2026,Apr-Jun,4198.039999999999,5253.8357983236965,3142.2078150000425
Chattarpur,2026,Jul-Sep,4260.719999999999,5332.279650178118,3189.123419864266
Chattarpur,2026,Oct-Dec,4223.579999999999,5285.799039810006,3161.3243521447816
Chattarpur,2027,Jan-Mar,4375.769999999996,5476.264416544594,3275.2376562973973
Chattarpur,2027,Apr-Jun,4289.569999999993,5368.3853477850025,3210.717472198863
Chattarpur,2027,Jul-Sep,4287.919999999994,5366.320377211298,3209.4824570740075
Chattarpur,2027,Oct-Dec,4106.4500000000035,5139.211159023346,3073.653248160317
Chattarpur,2028,Jan-Mar,4279.960000000006,5356.358458564837,3203.524444714106
Chattarpur,2028,Apr-Jun,4208.930000000008,5267.464604110157,3150.358914824098
Chattarpur,2028,Jul-Sep,4218.300000000007,5279.191133974162,3157.3723037452487
Chattarpur,2028,Oct-Dec,4360.97,5457.742256247129,3264.159944874451
Chattarpur,2029,Jan-Mar,4567.16,5715.788488121138,3418.4919258405343
Chattarpur,2029,Apr-Jun,4589.709999999999,5744.009752628431,3435.370465880231
Chattarpur,2029,Jul-Sep,4787.600000000003,5991.668556768052,3583.489946521285
Chattarpur,2029,Oct-Dec,4881.380000000009,6109.033975193514,3653.6837152540093
Chattarpur,2030,Jan-Mar,4748.300000000005,5942.484712194367,3554.074131729264
Chattarpur,2030,Apr-Jun,4635.96,5801.891503558025,3469.9883140769502
Chattarpur,2030,Jul-Sep,4653.970000000001,5824.43097024434,3483.468691288257
Chattarpur,2030,Oct-Dec,4777.169999999996,5978.615439747597,3575.683153944161
Chattarpur Enclave,2024,Jan-Mar,4917.889999999998,6088.352512643127,3757.5557754452907
Chattarpur Enclave,2024,Apr-Jun,4939.490000000005,6115.093333253823,3774.059439567434
Chattarpur Enclave,2024,Jul-Sep,4893.2400000000025,6057.83578912214,3738.7217328244296
Chattarpur Enclave,2024,Oct-Dec,5041.4099999999935,6241.270390505718,3851.93228435114
Chattarpur Enclave,2025,Jan-Mar,4918.630000000001,6089.268633349238,3758.1211787531815
Chattarpur Enclave,2025,Apr-Jun,4942.880000000007,6119.290156488559,3776.6495979643823
Chattarpur Enclave,2025,Jul-Sep,4626.440000000006,5727.537134541993,3534.870918575068
Chattarpur Enclave,2025,Oct-Dec,4867.779999999996,6026.31628482824,3719.2688027989793
Chattarpur Enclave,2026,Jan-Mar,4616.990000000004,5715.838025524815,3527.650565521632
Chattarpur Enclave,2026,Apr-Jun,4623.950000000007,5724.454512166039,3532.9684128498784
Chattarpur Enclave,2026,Jul-Sep,4619.260000000004,5718.648287690845,3529.384978371504
Chattarpur Enclave,2026,Oct-Dec,4556.980000000004,5641.545588263364,3481.7994134860082
Chattarpur Enclave,2027,Jan-Mar,4704.639999999991,5824.348809160295,3594.6202951653877
Chattarpur Enclave,2027,Apr-Jun,4712.999999999995,5834.6984971373995,3601.0078244274773
Chattarpur Enclave,2027,Jul-Sep,4695.009999999994,5812.426859971367,3587.2624115776034
Chattarpur Enclave,2027,Oct-Dec,4621.3399999999965,5721.2233296755685,3530.9742201017784
Chattarpur Enclave,2028,Jan-Mar,4849.190000000004,6003.3018470897005,3705.0649548346087
Chattarpur Enclave,2028,Apr-Jun,4868.090000000007,6026.700065124055,3719.5056609414814
Chattarpur Enclave,2028,Jul-Sep,4884.9700000000075,6047.597521230926,3732.4029688295223
Chattarpur Enclave,2028,Oct-Dec,4912.000000000009,6081.060687022912,3753.0554707379206
Chattarpur Enclave,2029,Jan-Mar,4860.7999999999965,6017.675038167935,3713.935674300252
Chattarpur Enclave,2029,Apr-Jun,4936.839999999996,6111.812630725186,3772.034684478368
Chattarpur Enclave,2029,Jul-Sep,5057.049999999995,6260.632725429383,3863.8821596692073
Chattarpur Enclave,2029,Oct-Dec,5091.5599999999895,6303.356138358766,3890.2498193384145
Chattarpur Enclave,2030,Jan-Mar,4917.889999999998,6088.352512643127,3757.5557754452907
Chattarpur Enclave,2030,Apr-Jun,4939.490000000005,6115.093333253823,3774.059439567434
Chattarpur Enclave,2030,Jul-Sep,4893.2400000000025,6057.83578912214,3738.7217328244296
Chattarpur Enclave,2030,Oct-Dec,5041.4099999999935,6241.270390505718,3851.93228435114
Dilshad Garden,2024,Jan-Mar,7897.4600000000055,9967.084683974372,5827.639751082148
Dilshad Garden,2024,Apr-Jun,7972.280000000006,10061.512167754596,5882.850414532924
Dilshad Garden,2024,Jul-Sep,7797.350000000006,9840.7396505443,5753.767263537946
Dilshad Garden,2024,Oct-Dec,7923.549999999995,10000.011883277033,5846.8919057123285
Dilshad Garden,2025,Jan-Mar,8124.540000000008,10253.673737928038,5995.205073942378
Dilshad Garden,2025,Apr-Jun,8188.060000000009,10333.839920362145,6042.077318561373
Dilshad Garden,2025,Jul-Sep,8135.109999999997,10267.013733965941,6003.004816159352
Dilshad Garden,2025,Oct-Dec,8072.6200000000035,10188.147475459853,5956.892622106444
Dilshad Garden,2026,Jan-Mar,7303.740000000003,9217.77319413216,5389.525943223355
Dilshad Garden,2026,Apr-Jun,8223.789999999997,10378.933397981315,6068.442956159551
Dilshad Garden,2026,Jul-Sep,7806.509999999995,9852.300139069102,5760.526548183876
Dilshad Garden,2026,Oct-Dec,7708.609999999996,9728.744262804952,5688.284848747483
Dilshad Garden,2027,Jan-Mar,7288.730000000007,9198.829642521083,5378.449866527339
Dilshad Garden,2027,Apr-Jun,7764.879999999997,9799.760495260356,5729.807222877064
Dilshad Garden,2027,Jul-Sep,7686.609999999998,9700.978897352335,5672.050758986497
Dilshad Garden,2027,Oct-Dec,7539.560000000003,9515.392670542908,5563.54062719772
Dilshad Garden,2028,Jan-Mar,7223.179999999999,9116.10147409293,5330.0796581713
Dilshad Garden,2028,Apr-Jun,7405.2199999999975,9345.847252592685,5464.409371811759
Dilshad Garden,2028,Jul-Sep,7289.909999999999,9200.318875758985,5379.320604069058
Dilshad Garden,2028,Oct-Dec,7267.289999999996,9171.771031825427,5362.6290081420775
Dilshad Garden,2029,Jan-Mar,8160.329999999999,10298.842939271173,6021.614986330813
Dilshad Garden,2029,Apr-Jun,8320.589999999991,10501.101005972829,6139.872951107891
Dilshad Garden,2029,Jul-Sep,8151.480000000003,10287.67368998683,6015.0844547678735
Dilshad Garden,2029,Oct-Dec,8365.75999999999,10558.108349495316,6173.20448903988
Dilshad Garden,2030,Jan-Mar,7897.4600000000055,9967.084683974372,5827.639751082148
Dilshad Garden,2030,Apr-Jun,7972.280000000006,10061.512167754596,5882.850414532924
Dilshad Garden,2030,Jul-Sep,7797.350000000006,9840.7396505443,5753.767263537946
Dilshad Garden,2030,Oct-Dec,7923.549999999995,10000.011883277033,5846.8919057123285
Dwarka Mor,2024,Jan-Mar,4682.609999999995,5785.579028278331,3579.5657991860817
Dwarka Mor,2024,Apr-Jun,4660.240000000002,5757.9398691635315,3562.4653174189116
Dwarka Mor,2024,Jul-Sep,4614.849999999997,5701.85844617644,3527.7674690768386
Dwarka Mor,2024,Oct-Dec,4735.3799999999965,5850.778779127164,3619.9052011911717
Dwarka Mor,2025,Jan-Mar,5406.870000000005,6680.435415425867,4133.217785091068
Dwarka Mor,2025,Apr-Jun,5406.120000000006,6679.508756090325,4132.644456466779
Dwarka Mor,2025,Jul-Sep,5404.200000000009,6677.136508191337,4131.1767351885965
Dwarka Mor,2025,Oct-Dec,5955.32000000001,7358.070498864223,4552.473897080669
Dwarka Mor,2026,Jan-Mar,4547.320000000001,5618.42203960412,3476.1449597457126
Dwarka Mor,2026,Apr-Jun,4504.759999999998,5565.837211176483,3443.610471412632
Dwarka Mor,2026,Jul-Sep,4468.4099999999935,5520.9251220471415,3415.8231440886757
Dwarka Mor,2026,Oct-Dec,4581.089999999995,5660.1464206191795,3501.9600366021014
Dwarka Mor,2027,Jan-Mar,4844.520000000007,5985.626245635448,3703.335982597953
Dwarka Mor,2027,Apr-Jun,4821.9200000000055,5957.702910991073,3686.0596800526605
Dwarka Mor,2027,Jul-Sep,4869.289999999998,6016.230714623984,3722.2711159628516
Dwarka Mor,2027,Oct-Dec,4799.749999999998,5930.310861032402,3669.112085918624
Dwarka Mor,2028,Jan-Mar,4442.819999999995,5489.307505518404,3396.2611714278805
Dwarka Mor,2028,Apr-Jun,4390.309999999994,5424.428996572558,3356.120523345878
Dwarka Mor,2028,Jul-Sep,4425.659999999999,5468.1055399211755,3383.1434125041137
Dwarka Mor,2028,Oct-Dec,4564.969999999999,5640.229422633906,3489.637293370685
Dwarka Mor,2029,Jan-Mar,4559.4199999999955,5633.3721435508805,3485.3946615509312
Dwarka Mor,2029,Apr-Jun,4553.749999999996,5626.366598974173,3481.0602971512944
Dwarka Mor,2029,Jul-Sep,4493.889999999998,5552.406828540006,3435.301028551246
Dwarka Mor,2029,Oct-Dec,4732.329999999996,5847.0103644959545,3617.573664785723
Dwarka Mor,2030,Jan-Mar,4682.609999999995,5785.579028278331,3579.5657991860817
Dwarka Mor,2030,Apr-Jun,4660.240000000002,5757.9398691635315,3562.4653174189116
Dwarka Mor,2030,Jul-Sep,4614.849999999997,5701.85844617644,3527.7674690768386
Dwarka Mor,2030,Oct-Dec,4735.3799999999965,5850.778779127164,3619.9052011911717
GT Karnal Road,2024,Jan-Mar,7212.959999999995,8562.720274900683,5212.665722710985
GT Karnal Road,2024,Apr-Jun,7224.599999999997,8576.53846660005,5221.077724027001
GT Karnal Road,2024,Jul-Sep,7228.829999999999,8581.56002595472,5224.134662649574
GT Karnal Road,2024,Oct-Dec,7398.9800000000105,8783.550173518888,5347.098754051625
GT Karnal Road,2025,Jan-Mar,7348.799999999997,8723.979996588108,5310.8346452855
GT Karnal Road,2025,Apr-Jun,7391.049999999996,8774.136233641211,5341.367897484948
GT Karnal Road,2025,Jul-Sep,7094.069999999995,8421.582404528057,5126.746235042524
GT Karnal Road,2025,Oct-Dec,6925.5799999999945,8221.562892549893,5004.981793312696
GT Karnal Road,2026,Jan-Mar,5489.600000000003,6516.868140277342,3967.227012404652
GT Karnal Road,2026,Apr-Jun,5505.6999999999925,6535.980931201707,3978.8621688640796
GT Karnal Road,2026,Jul-Sep,5526.799999999994,6561.029371481483,3994.1107279506696
GT Karnal Road,2026,Oct-Dec,5577.599999999993,6621.335568932314,4030.822898642551
GT Karnal Road,2027,Jan-Mar,5674.500000000005,6736.36845343992,4100.850641556799
GT Karnal Road,2027,Apr-Jun,5700.70000000001,6767.471256062206,4119.784871323089
GT Karnal Road,2027,Jul-Sep,5701.400000000009,6768.30224697196,4120.2907476908895
GT Karnal Road,2027,Oct-Dec,5716.900000000009,6786.70275997369,4131.492295835066
GT Karnal Road,2028,Jan-Mar,6055.3000000000075,7188.427508346949,4376.047385640832
GT Karnal Road,2028,Apr-Jun,6071.300000000009,7207.421586284221,4387.6102740477245
GT Karnal Road,2028,Jul-Sep,6088.000000000008,7227.2466551312455,4399.679038822417
GT Karnal Road,2028,Oct-Dec,6115.700000000009,7260.130152560146,4419.69728937685
GT Karnal Road,2029,Jan-Mar,6436.069999999995,7640.450949357828,4651.22244930909
GT Karnal Road,2029,Apr-Jun,6514.870000000002,7733.996783198891,4708.169674713037
GT Karnal Road,2029,Jul-Sep,6620.8399999999965,7859.796935637166,4784.75212999293
GT Karnal Road,2029,Oct-Dec,6756.250000000009,8020.546191480039,4882.610299941517
GT Karnal Road,2030,Jan-Mar,7212.959999999995,8562.720274900683,5212.665722710985
GT Karnal Road,2030,Apr-Jun,7224.599999999997,8576.53846660005,5221.077724027001
GT Karnal Road,2030,Jul-Sep,7228.829999999999,8581.56002595472,5224.134662649574
GT Karnal Road,2030,Oct-Dec,7398.9800000000105,8783.550173518888,5347.098754051625
Indraprastha,2024,Jan-Mar,9991.340000000006,11710.877173398456,8056.497619498505
Indraprastha,2024,Apr-Jun,10095.010000000007,11832.38906635438,8140.091722813318
Indraprastha,2024,Jul-Sep,10419.220000000012,12212.396501632087,8401.51782714143
Indraprastha,2024,Oct-Dec,10695.22000000001,12535.896862930767,8624.069891527346
Indraprastha,2025,Jan-Mar,10700.859999999986,12542.507522487711,8628.617694582168
Indraprastha,2025,Apr-Jun,10935.32999999999,12817.330456233014,8817.682124062483
Indraprastha,2025,Jul-Sep,11494.090000000013,13472.254593476704,9268.237165715671
Indraprastha,2025,Oct-Dec,12135.360000000019,14223.888929310066,9785.323985747404
Indraprastha,2026,Jan-Mar,7820.499999999997,9166.429621508481,6306.044998297325
Indraprastha,2026,Apr-Jun,7826.799999999998,9173.813868885953,6311.124991071352
Indraprastha,2026,Jul-Sep,7993.399999999996,9369.086188423487,6445.46257776227
Indraprastha,2026,Oct-Dec,8048.500000000004,9433.6690504074,6489.892355833523
Indraprastha,2027,Jan-Mar,8299.600000000004,9727.9840530237,6692.366353541145
Indraprastha,2027,Apr-Jun,8346.800000000005,9783.307303216809,6730.425981943375
Indraprastha,2027,Jul-Sep,8469.599999999995,9927.241521939544,6829.445523633913
Indraprastha,2027,Oct-Dec,8538.100000000004,10007.530560885061,6884.680365700714
Indraprastha,2028,Jan-Mar,8805.599999999997,10321.068048737941,7100.378471581987
Indraprastha,2028,Apr-Jun,8881.300000000005,10409.796227543424,7161.4190196762465
Indraprastha,2028,Jul-Sep,8993.199999999993,10540.954526200376,7251.649367519658
Indraprastha,2028,Oct-Dec,9174.70000000001,10753.691176837028,7398.001540295192
Indraprastha,2029,Jan-Mar,9484.859999999984,11117.230568360183,7648.098454389143
Indraprastha,2029,Apr-Jun,9567.31999999999,11213.882161811964,7714.589915364737
Indraprastha,2029,Jul-Sep,9788.820000000002,11473.502922781752,7893.196010515038
Indraprastha,2029,Oct-Dec,10043.06999999999,11771.510049086775,8098.210004609665
Indraprastha,2030,Jan-Mar,9991.340000000006,11710.877173398456,8056.497619498505
Indraprastha,2030,Apr-Jun,10095.010000000007,11832.38906635438,8140.091722813318
Indraprastha,2030,Jul-Sep,10419.220000000012,12212.396501632087,8401.51782714143
Indraprastha,2030,Oct-Dec,10695.22000000001,12535.896862930767,8624.069891527346
IP Extension,2024,Jan-Mar,11212.389999999989,13510.721416754963,8913.938965704847
IP Extension,2024,Apr-Jun,11201.819999999994,13497.984763340748,8905.535731883383
IP Extension,2024,Jul-Sep,11298.92,13614.988457429785,8982.731001898963
IP Extension,2024,Oct-Dec,11529.290000000005,13892.580022901366,9165.876978762903
IP Extension,2025,Jan-Mar,11657.370000000008,14046.91404080995,9267.701594453894
IP Extension,2025,Apr-Jun,11794.449999999995,14212.092891332328,9376.681281516037
IP Extension,2025,Jul-Sep,12401.379999999997,14943.432253365858,9859.195444549545
IP Extension,2025,Oct-Dec,12960.470000000008,15617.125305149972,10303.676428205663
IP Extension,2026,Jan-Mar,10454.280000000004,12597.21296643742,8311.235503794374
IP Extension,2026,Apr-Jun,10458.820000000003,12602.683582000389,8314.84483979716
IP Extension,2026,Jul-Sep,10455.310000000003,12598.454097281001,8312.054361962406
IP Extension,2026,Oct-Dec,10486.120000000019,12635.579574262309,8336.54855628971
IP Extension,2027,Jan-Mar,10412.690000000006,12547.097789947591,8278.17112398029
IP Extension,2027,Apr-Jun,10413.350000000004,12547.893077672601,8278.695829214174
IP Extension,2027,Jul-Sep,10370.809999999994,12496.633168851298,8244.876191866455
IP Extension,2027,Oct-Dec,10350.689999999995,12472.388943052418,8228.88063231225
IP Extension,2028,Jan-Mar,10470.220000000012,12616.420369977895,8323.907930200645
IP Extension,2028,Apr-Jun,10477.410000000013,12625.084186254931,8329.624037218276
IP Extension,2028,Jul-Sep,10547.870000000008,12709.98717580707,8385.640295975198
IP Extension,2028,Oct-Dec,10530.630000000006,12689.213296444608,8371.934359259765
IP Extension,2029,Jan-Mar,10878.879999999996,13108.848069529095,8648.795870927359
IP Extension,2029,Apr-Jun,10790.119999999999,13001.893920328868,8578.230967049065
IP Extension,2029,Jul-Sep,10841.460000000017,13063.757665483688,8619.04667418193
IP Extension,2029,Oct-Dec,10932.829999999994,13173.856816141897,8691.686548757845
IP Extension,2030,Jan-Mar,11212.389999999989,13510.721416754963,8913.938965704847
IP Extension,2030,Apr-Jun,11201.819999999994,13497.984763340748,8905.535731883383
IP Extension,2030,Jul-Sep,11298.92,13614.988457429785,8982.731001898963
IP Extension,2030,Oct-Dec,11529.290000000005,13892.580022901366,9165.876978762903
Jamia Nagar,2024,Jan-Mar,4730.250000000005,5939.602959135359,3521.1721170860606
Jamia Nagar,2024,Apr-Jun,4426.9500000000035,5558.760175454632,3295.3972630905623
Jamia Nagar,2024,Jul-Sep,4835.900000000003,6072.263823282633,3599.817396758411
Jamia Nagar,2024,Oct-Dec,4986.460000000005,6261.316541749401,3711.8934337434503
Jamia Nagar,2025,Jan-Mar,5731.020000000003,7196.233465644292,4266.139807930352
Jamia Nagar,2025,Apr-Jun,5844.469999999995,7338.688506226472,4350.591364757873
Jamia Nagar,2025,Jul-Sep,6265.319999999993,7867.134551435944,4663.8697930599
Jamia Nagar,2025,Oct-Dec,6675.800000000005,8382.559364641578,4969.42885032358
Jamia Nagar,2026,Jan-Mar,4469.720000000001,5612.4649095727455,3327.235016158109
Jamia Nagar,2026,Apr-Jun,4283.849999999999,5379.074707783306,3188.874409128292
Jamia Nagar,2026,Jul-Sep,4331.320000000001,5438.681061035282,3224.2108163790886
Jamia Nagar,2026,Oct-Dec,4341.989999999996,5452.078992132781,3232.153505769563
Jamia Nagar,2027,Jan-Mar,4391.500000000005,5514.246899221592,3269.0084778147952
Jamia Nagar,2027,Apr-Jun,4325.530000000006,5431.410768527833,3219.900772183135
Jamia Nagar,2027,Jul-Sep,4367.379999999999,5483.960292092079,3251.0536823041703
Jamia Nagar,2027,Oct-Dec,4380.869999999994,5500.899194669893,3261.095564204593
Jamia Nagar,2028,Jan-Mar,4444.04,5580.219467156256,3308.1189652164517
Jamia Nagar,2028,Apr-Jun,4527.850000000007,5685.456637285778,3370.5066688543156
Jamia Nagar,2028,Jul-Sep,4509.16,5661.988283751339,3356.5939355171004
Jamia Nagar,2028,Oct-Dec,4498.799999999997,5648.9796083839365,3348.8820084238137
Jamia Nagar,2029,Jan-Mar,4421.399999999998,5551.79124222209,3291.2658735762984
Jamia Nagar,2029,Apr-Jun,4367.909999999998,5484.625793824193,3251.4482113929184
Jamia Nagar,2029,Jul-Sep,4744.460000000003,5957.445939537939,3531.7499630315783
Jamia Nagar,2029,Oct-Dec,4766.550000000007,5985.18354946708,3548.1936376928425
Jamia Nagar,2030,Jan-Mar,4730.250000000005,5939.602959135359,3521.1721170860606
Jamia Nagar,2030,Apr-Jun,4426.9500000000035,5558.760175454632,3295.3972630905623
Jamia Nagar,2030,Jul-Sep,4835.900000000003,6072.263823282633,3599.817396758411
Jamia Nagar,2030,Oct-Dec,4986.460000000005,6261.316541749401,3711.8934337434503
Janakpuri,2024,Jan-Mar,10803.199999999995,13412.561619405576,8193.569726380703
Janakpuri,2024,Apr-Jun,11074.15000000001,13748.955796203021,8399.068811592768
Janakpuri,2024,Jul-Sep,11879.100000000019,14748.330192265357,9009.574398016255
Janakpuri,2024,Oct-Dec,11999.650000000007,14897.997355996398,9101.004236445156
Janakpuri,2025,Jan-Mar,12300.590000000017,15271.625197167908,9329.24891149117
Janakpuri,2025,Apr-Jun,12518.240000000013,15541.845505637952,9494.323190496161
Janakpuri,2025,Jul-Sep,12924.029999999995,16045.648395479699,9802.090209459791
Janakpuri,2025,Oct-Dec,13704.79000000001,17014.99003591654,10394.249153066234
Janakpuri,2026,Jan-Mar,10022.05000000002,12442.73577993224,7601.114991509361
Janakpuri,2026,Apr-Jun,9981.310000000016,12392.155603653488,7570.216180911318
Janakpuri,2026,Jul-Sep,9601.729999999994,11920.893372139282,7282.327851829215
Janakpuri,2026,Oct-Dec,9634.00999999999,11960.970153933042,7306.8102672957
Janakpuri,2027,Jan-Mar,10053.900000000005,12482.278701249801,7625.271278145275
Janakpuri,2027,Apr-Jun,10012.360000000002,12430.705296178143,7593.765716234556
Janakpuri,2027,Jul-Sep,10017.299999999987,12436.83848397432,7597.512405590321
Janakpuri,2027,Oct-Dec,9928.380000000005,12326.441103642816,7530.071997186364
Janakpuri,2028,Jan-Mar,9953.519999999993,12357.65331845988,7549.139157187207
Janakpuri,2028,Apr-Jun,9793.529999999988,12159.01997523854,7427.7964790433525
Janakpuri,2028,Jul-Sep,9810.059999999985,12179.542565171962,7440.333478041524
Janakpuri,2028,Oct-Dec,9788.899999999992,12153.2716635996,7424.284905821242
Janakpuri,2029,Jan-Mar,10544.240000000013,13091.053459141856,7997.164326467399
Janakpuri,2029,Apr-Jun,10709.100000000006,13295.733082639996,8122.200603227162
Janakpuri,2029,Jul-Sep,10614.720000000012,13178.556915796893,8050.619117114181
Janakpuri,2029,Oct-Dec,11080.390000000007,13756.702980787684,8403.80147183164
Janakpuri,2030,Jan-Mar,10803.199999999995,13412.561619405576,8193.569726380703
Janakpuri,2030,Apr-Jun,11074.15000000001,13748.955796203021,8399.068811592768
Janakpuri,2030,Jul-Sep,11879.100000000019,14748.330192265357,9009.574398016255
Janakpuri,2030,Oct-Dec,11999.650000000007,14897.997355996398,9101.004236445156
Jasola,2024,Jan-Mar,10314.28999999999,12626.032636227208,7990.920119149818
Jasola,2024,Apr-Jun,10529.89000000001,12889.95508133694,8157.954629299219
Jasola,2024,Jul-Sep,11612.42000000002,14215.112616144976,8996.63676414159
Jasola,2024,Oct-Dec,11869.830000000002,14530.21593987264,9196.063263480879
Jasola,2025,Jan-Mar,12281.43000000002,15034.067880536648,9514.947328311537
Jasola,2025,Apr-Jun,12442.14000000002,15230.797825590362,9639.45621572391
Jasola,2025,Jul-Sep,12896.779999999992,15787.336324869904,9991.685203174336
Jasola,2025,Oct-Dec,13632.059999999987,16687.414689620662,10561.337961164314
Jasola,2026,Jan-Mar,9332.110000000006,11423.716554882836,7229.983406819018
Jasola,2026,Apr-Jun,9390.419999999996,11495.095579810222,7275.158649336685
Jasola,2026,Jul-Sep,9515.949999999993,11648.760628672098,7372.412091169022
Jasola,2026,Oct-Dec,9463.239999999985,11584.2367321891,7331.5754073565195
Jasola,2027,Jan-Mar,9610.129999999996,11764.04919954609,7445.3773516786205
Jasola,2027,Apr-Jun,9584.5,11732.674745612136,7425.520698176171
Jasola,2027,Jul-Sep,9703.919999999995,11878.86035968913,7518.040462564106
Jasola,2027,Oct-Dec,9819.980000000007,12020.932896699498,7607.957091728947
Jasola,2028,Jan-Mar,9948.990000000007,12178.857918237547,7707.906637899505
Jasola,2028,Apr-Jun,9583.09,11730.94872220024,7424.428311073618
Jasola,2028,Jul-Sep,9450.310000000005,11568.408730263018,7321.557985203327
Jasola,2028,Oct-Dec,9474.509999999998,11598.032678183486,7340.306756750702
Jasola,2029,Jan-Mar,9333.28,11425.14878707568,7230.8898556913455
Jasola,2029,Apr-Jun,9541.930000000011,11680.563528133856,7392.5399045905615
Jasola,2029,Jul-Sep,9737.089999999997,11919.464754421455,7543.738675466033
Jasola,2029,Oct-Dec,10756.940000000015,13167.893815855306,8333.859942515446
Jasola,2030,Jan-Mar,10314.28999999999,12626.032636227208,7990.920119149818
Jasola,2030,Apr-Jun,10529.89000000001,12889.95508133694,8157.954629299219
Jasola,2030,Jul-Sep,11612.42000000002,14215.112616144976,8996.63676414159
Jasola,2030,Oct-Dec,11869.830000000002,14530.21593987264,9196.063263480879
Jasola Vihar,2024,Jan-Mar,11321.340000000015,13603.26592836921,9064.524340139365
Jasola Vihar,2024,Apr-Jun,11489.960000000005,13805.872925495123,9199.531335268406
Jasola Vihar,2024,Jul-Sep,12116.029999999993,14558.133408774836,9700.79944961096
Jasola Vihar,2024,Oct-Dec,12377.679999999988,14872.521505074188,9910.29168229697
Jasola Vihar,2025,Jan-Mar,12899.140000000001,15499.08682781934,10327.80293647794
Jasola Vihar,2025,Apr-Jun,13004.740000000023,15625.971532459964,10412.352448313015
Jasola Vihar,2025,Jul-Sep,13048.469999999985,15678.51573827368,10447.365233848468
Jasola Vihar,2025,Oct-Dec,13669.019999999977,16424.14361199264,10944.21371461783
Jasola Vihar,2026,Jan-Mar,9440.23,11342.999955391208,7558.398088169221
Jasola Vihar,2026,Apr-Jun,9611.840000000002,11549.199616029213,7695.799051483753
Jasola Vihar,2026,Jul-Sep,9857.859999999997,11844.807334170115,7892.7769956282655
Jasola Vihar,2026,Oct-Dec,9526.259999999995,11446.370136643385,7627.278717934085
Jasola Vihar,2027,Jan-Mar,9585.710000000005,11517.802860988886,7674.877851254114
Jasola Vihar,2027,Apr-Jun,9560.69000000001,11487.739837218933,7654.845381688652
Jasola Vihar,2027,Jul-Sep,9702.640000000009,11658.301237064887,7768.498821129811
Jasola Vihar,2027,Oct-Dec,9781.220000000007,11752.71979852945,7831.414546887375
Jasola Vihar,2028,Jan-Mar,10016.000000000004,12034.82198560823,8019.393092234294
Jasola Vihar,2028,Apr-Jun,9834.389999999992,11816.606727939854,7873.985546359618
Jasola Vihar,2028,Jul-Sep,9776.699999999999,11747.288748671717,7827.795571570186
Jasola Vihar,2028,Oct-Dec,9899.490000000003,11894.82826460751,7926.108398826125
Jasola Vihar,2029,Jan-Mar,10094.079999999993,12128.639767221266,8081.908488863844
Jasola Vihar,2029,Apr-Jun,10205.289999999994,12262.265221795897,8170.949693515139
Jasola Vihar,2029,Jul-Sep,10668.919999999984,12819.34434691445,8542.158880750812
Jasola Vihar,2029,Oct-Dec,11150.20000000001,13397.631000791629,8927.49968620516
Jasola Vihar,2030,Jan-Mar,11321.340000000015,13603.26592836921,9064.524340139365
Jasola Vihar,2030,Apr-Jun,11489.960000000005,13805.872925495123,9199.531335268406
Jasola Vihar,2030,Jul-Sep,12116.029999999993,14558.133408774836,9700.79944961096
Jasola Vihar,2030,Oct-Dec,12377.679999999988,14872.521505074188,9910.29168229697
Kakrola,2024,Jan-Mar,10773.000000000016,12559.426260219974,8986.615267193241
Kakrola,2024,Apr-Jun,10779.370000000015,12566.852561647393,8991.92899032069
Kakrola,2024,Jul-Sep,11182.380000000005,13036.691453054718,9328.111652423304
Kakrola,2024,Oct-Dec,11662.809999999992,13596.788469502997,9728.876487921078
Kakrola,2025,Jan-Mar,12663.399999999992,14763.300705807971,10563.548108658188
Kakrola,2025,Apr-Jun,12563.489999999993,14646.823190013061,10480.20523932325
Kakrola,2025,Jul-Sep,13009.669999999995,15166.990720764474,10852.399428492126
Kakrola,2025,Oct-Dec,13779.699999999977,16064.710483426401,11494.742634116988
Kakrola,2026,Jan-Mar,8869.02999999999,10339.731577525152,7398.36261052582
Kakrola,2026,Apr-Jun,8873.479999999989,10344.919496104745,7402.07470909994
Kakrola,2026,Jul-Sep,8904.939999999993,10381.596331725888,7428.3179947498
Kakrola,2026,Oct-Dec,8930.649999999989,10411.569677047544,7449.764748534215
Kakrola,2027,Jan-Mar,9060.670000000004,10563.150165523733,7558.224761254961
Kakrola,2027,Apr-Jun,9056.849999999995,10558.696716316072,7555.038195737393
Kakrola,2027,Jul-Sep,9087.38,10594.2893352453,7580.505694494234
Kakrola,2027,Oct-Dec,9085.880000000008,10592.540598645446,7579.254425311954
Kakrola,2028,Jan-Mar,9200.960000000006,10726.703670586974,7675.251796977096
Kakrola,2028,Apr-Jun,9283.040000000003,10822.394537331504,7743.721246631899
Kakrola,2028,Jul-Sep,9340.519999999991,10889.40612383826,7791.669881697169
Kakrola,2028,Oct-Dec,9345.130000000006,10894.78057432186,7795.515448984082
Kakrola,2029,Jan-Mar,9770.349999999991,11390.512425651157,8150.2252367791025
Kakrola,2029,Apr-Jun,9958.34999999999,11609.687412834053,8307.050974292544
Kakrola,2029,Jul-Sep,10384.989999999994,12107.074734811247,8662.945296913482
Kakrola,2029,Oct-Dec,10556.08000000001,12306.535631391702,8805.665059845278
Kakrola,2030,Jan-Mar,10773.000000000016,12559.426260219974,8986.615267193241
Kakrola,2030,Apr-Jun,10779.370000000015,12566.852561647393,8991.92899032069
Kakrola,2030,Jul-Sep,11182.380000000005,13036.691453054718,9328.111652423304
Kakrola,2030,Oct-Dec,11662.809999999992,13596.788469502997,9728.876487921078
Kalkaji,2024,Jan-Mar,11224.850000000011,14121.565429062004,8328.280853074091
Kalkaji,2024,Apr-Jun,11384.34000000001,14322.213853787596,8446.614506820624
Kalkaji,2024,Jul-Sep,11434.090000000011,14384.802474579488,8483.526534370254
Kalkaji,2024,Oct-Dec,12807.899999999987,16113.141632973526,9502.825279454732
Kalkaji,2025,Jan-Mar,13074.980000000009,16449.14502676446,9700.985366247804
Kalkaji,2025,Apr-Jun,12929.339999999993,16265.920770842216,9592.927724190953
Kalkaji,2025,Jul-Sep,13032.15,16395.2622000606,9669.207634791504
Kalkaji,2025,Oct-Dec,13752.259999999977,17301.20575219016,10203.493467128415
Kalkaji,2026,Jan-Mar,11759.34,14793.987377344536,8724.84587026002
Kalkaji,2026,Apr-Jun,11755.329999999996,14788.942545799297,8721.870649546972
Kalkaji,2026,Jul-Sep,11849.83999999998,14907.842054362922,8791.992372636716
Kalkaji,2026,Oct-Dec,11893.999999999998,14963.398104497011,8824.756897995352
Kalkaji,2027,Jan-Mar,12139.900000000003,15272.75572967743,9007.202477381354
Kalkaji,2027,Apr-Jun,12004.829999999987,15102.829196805844,8906.987250021983
Kalkaji,2027,Jul-Sep,11451.479999999981,14406.680185445199,8496.429050130795
Kalkaji,2027,Oct-Dec,11422.329999999994,14370.007656880722,8474.801198812782
Kalkaji,2028,Jan-Mar,11598.579999999994,14591.74121295249,8605.5699396293
Kalkaji,2028,Apr-Jun,11597.779999999984,14590.734762768887,8604.97637938729
Kalkaji,2028,Jul-Sep,11387.759999999986,14326.516428322406,8449.151976855175
Kalkaji,2028,Oct-Dec,11458.439999999995,14415.436302042433,8501.593024236241
Kalkaji,2029,Jan-Mar,10537.929999999984,13257.376978923994,7818.620351277286
Kalkaji,2029,Apr-Jun,10586.869999999988,13318.946568905005,7854.931399081887
Kalkaji,2029,Jul-Sep,10872.929999999982,13678.827993301535,8067.173702616485
Kalkaji,2029,Oct-Dec,11137.110000000006,14011.183005176967,8263.182133532293
Kalkaji,2030,Jan-Mar,11224.850000000011,14121.565429062004,8328.280853074091
Kalkaji,2030,Apr-Jun,11384.34000000001,14322.213853787596,8446.614506820624
Kalkaji,2030,Jul-Sep,11434.090000000011,14384.802474579488,8483.526534370254
Kalkaji,2030,Oct-Dec,12807.899999999987,16113.141632973526,9502.825279454732
Loni Road,2024,Jan-Mar,5512.520000000008,7656.429666028287,4091.3927730258947
Loni Road,2024,Apr-Jun,6055.290000000002,8410.291843368255,4494.236709268346
Loni Road,2024,Jul-Sep,5970.380000000002,8292.358948259945,4431.216500660009
Loni Road,2024,Oct-Dec,6176.399999999997,8578.50351368467,4584.124560694036
Loni Road,2025,Jan-Mar,5786.289999999995,8036.673320412936,4294.584888332732
Loni Road,2025,Apr-Jun,6487.249999999988,9010.248189746584,4814.837454886721
Loni Road,2025,Jul-Sep,6266.829999999998,8704.103227553998,4651.241713731982
Loni Road,2025,Oct-Dec,6188.070000000006,8594.71216856531,4592.78603560229
Loni Road,2026,Jan-Mar,4340.440000000004,6028.508482439212,3221.474905805785
Loni Road,2026,Apr-Jun,4353.4600000000055,6046.592174516827,3231.1383508191007
Loni Road,2026,Jul-Sep,4376.0800000000045,6078.009464439685,3247.926916579559
Loni Road,2026,Oct-Dec,4384.359999999996,6089.509692581198,3254.0723332239645
Loni Road,2027,Jan-Mar,4473.840000000005,6213.789935830433,3320.4843961879797
Loni Road,2027,Apr-Jun,4483.760000000006,6227.567986937188,3327.8470209600296
Loni Road,2027,Jul-Sep,4499.719999999998,6249.735093354898,3339.692534202152
Loni Road,2027,Oct-Dec,4519.290000000002,6276.916188129012,3354.217389725239
Loni Road,2028,Jan-Mar,4605.499999999996,6396.654674612191,3418.2024584347478
Loni Road,2028,Apr-Jun,4619.979999999993,6416.7661846954325,3428.9495155616883
Loni Road,2028,Jul-Sep,4698.079999999989,6525.240558832265,3486.9153416400163
Loni Road,2028,Oct-Dec,4737.94999999999,6580.616657383301,3516.506858743001
Loni Road,2029,Jan-Mar,4958.929999999997,6887.53941278355,3680.5182319413366
Loni Road,2029,Apr-Jun,5038.180000000005,6997.611040828945,3739.3375881091756
Loni Road,2029,Jul-Sep,5113.699999999995,7102.502010544861,3795.3885379867047
Loni Road,2029,Oct-Dec,5240.8899999999885,7279.158292829929,3889.7889658855847
Loni Road,2030,Jan-Mar,5512.520000000008,7656.429666028287,4091.3927730258947
Loni Road,2030,Apr-Jun,6055.290000000002,8410.291843368255,4494.236709268346
Loni Road,2030,Jul-Sep,5970.380000000002,8292.358948259945,4431.216500660009
Loni Road,2030,Oct-Dec,6176.399999999997,8578.50351368467,4584.124560694036
Mahavir Enclave,2024,Jan-Mar,5029.430000000002,6135.213485321677,3923.797908912353
Mahavir Enclave,2024,Apr-Jun,5133.919999999995,6262.676926920668,4005.317612636676
Mahavir Enclave,2024,Jul-Sep,5191.649999999993,6333.099594003739,4050.356683322918
Mahavir Enclave,2024,Oct-Dec,5316.239999999994,6485.082273579006,4147.557754114518
Mahavir Enclave,2025,Jan-Mar,5248.0999999999985,6401.960836976888,4094.3971395889603
Mahavir Enclave,2025,Apr-Jun,5338.0400000000045,6511.675277951285,4164.565405958629
Mahavir Enclave,2025,Jul-Sep,5241.249999999995,6393.60477826358,4089.0529921058337
Mahavir Enclave,2025,Oct-Dec,5306.079999999998,6472.688469706431,4139.6312521541495
Mahavir Enclave,2026,Jan-Mar,5156.360000000005,6290.050643347914,4022.82457169089
Mahavir Enclave,2026,Apr-Jun,5101.980000000012,6223.71451592756,3980.399062182531
Mahavir Enclave,2026,Jul-Sep,5137.970000000007,6267.617370393512,4008.477291075613
Mahavir Enclave,2026,Oct-Dec,5132.850000000007,6261.371673953787,4004.482833394796
Mahavir Enclave,2027,Jan-Mar,5020.869999999996,6124.771461586503,3917.1196749772325
Mahavir Enclave,2027,Apr-Jun,5026.489999999999,6131.627089319174,3921.504216415944
Mahavir Enclave,2027,Jul-Sep,4984.92,6080.917401623985,3889.0726527847805
Mahavir Enclave,2027,Oct-Dec,5026.130000000005,6131.187938788263,3921.2233561102657
Mahavir Enclave,2028,Jan-Mar,5168.759999999998,6305.176939412865,4032.498648886613
Mahavir Enclave,2028,Apr-Jun,5220.0100000000075,6367.694896939422,4072.482234070579
Mahavir Enclave,2028,Jul-Sep,5155.3800000000065,6288.8551780137495,4022.060007525422
Mahavir Enclave,2028,Oct-Dec,5150.850000000006,6283.329200499695,4018.5258486789176
Mahavir Enclave,2029,Jan-Mar,5012.149999999994,6114.134259837594,3910.3166142395894
Mahavir Enclave,2029,Apr-Jun,5075.510000000003,6191.424753279204,3959.7480280397062
Mahavir Enclave,2029,Jul-Sep,5083.82999999999,6201.574009993741,3966.2390217710235
Mahavir Enclave,2029,Oct-Dec,5070.439999999989,6185.240049968756,3955.7925787346676
Mahavir Enclave,2030,Jan-Mar,5029.430000000002,6135.213485321677,3923.797908912353
Mahavir Enclave,2030,Apr-Jun,5133.919999999995,6262.676926920668,4005.317612636676
Mahavir Enclave,2030,Jul-Sep,5191.649999999993,6333.099594003739,4050.356683322918
Mahavir Enclave,2030,Oct-Dec,5316.239999999994,6485.082273579006,4147.557754114518
Mayur Vihar,2024,Jan-Mar,10677.570000000012,13321.49300319733,8035.616586396231
Mayur Vihar,2024,Apr-Jun,10878.500000000013,13572.176219428406,8186.830433807635
Mayur Vihar,2024,Jul-Sep,11017.980000000005,13746.193514008151,8291.798867774398
Mayur Vihar,2024,Oct-Dec,11048.460000000014,13784.220809238956,8314.737194898775
Mayur Vihar,2025,Jan-Mar,11537.029999999975,14393.767909990493,8682.420215999577
Mayur Vihar,2025,Apr-Jun,12047.73999999998,15030.937199600672,9066.765132196655
Mayur Vihar,2025,Jul-Sep,12079.299999999972,15070.311918678215,9090.516234691568
Mayur Vihar,2025,Oct-Dec,12471.979999999974,15560.225248442905,9386.035338864716
Mayur Vihar,2026,Jan-Mar,10104.929999999991,12607.058936892807,7604.665023256481
Mayur Vihar,2026,Apr-Jun,9879.089999999995,12325.297639159144,7434.704662437333
Mayur Vihar,2026,Jul-Sep,9952.370000000015,12416.722842391206,7489.852976468643
Mayur Vihar,2026,Oct-Dec,10341.870000000015,12902.668757495987,7782.978908717397
Mayur Vihar,2027,Jan-Mar,10200.439999999999,12726.218614304003,7676.542963664903
Mayur Vihar,2027,Apr-Jun,9979.510000000004,12450.58310461441,7510.277720502603
Mayur Vihar,2027,Jul-Sep,9966.680000000011,12434.576208360775,7500.622250128407
Mayur Vihar,2027,Oct-Dec,10178.860000000019,12699.29508966228,7660.302507649699
Mayur Vihar,2028,Jan-Mar,10214.869999999997,12744.221694034328,7687.402545699176
Mayur Vihar,2028,Apr-Jun,10237.590000000015,12772.567499403234,7704.5009312722095
Mayur Vihar,2028,Jul-Sep,10148.86999999999,12661.879125621186,7637.732939721204
Mayur Vihar,2028,Oct-Dec,10306.660000000018,12858.740244862256,7756.480926497941
Mayur Vihar,2029,Jan-Mar,10502.330000000005,13102.861007913723,7903.73625682685
Mayur Vihar,2029,Apr-Jun,10658.24999999999,13297.389087716369,8021.076938100846
Mayur Vihar,2029,Jul-Sep,10776.409999999989,13444.807237469333,8110.000584197154
Mayur Vihar,2029,Oct-Dec,10839.88999999999,13524.005816906694,8157.773714310509
Mayur Vihar,2030,Jan-Mar,10677.570000000012,13321.49300319733,8035.616586396231
Mayur Vihar,2030,Apr-Jun,10878.500000000013,13572.176219428406,8186.830433807635
Mayur Vihar,2030,Jul-Sep,11017.980000000005,13746.193514008151,8291.798867774398
Mayur Vihar,2030,Oct-Dec,11048.460000000014,13784.220809238956,8314.737194898775
Mayur Vihar 1,2024,Jan-Mar,11968.729999999992,14895.922121095296,9041.657200285785
Mayur Vihar 1,2024,Apr-Jun,11976.990000000005,14906.202269174537,9047.897134554038
Mayur Vihar 1,2024,Jul-Sep,12248.99999999999,15244.737750897237,9253.384364615173
Mayur Vihar 1,2024,Oct-Dec,12270.44,15271.421331383757,9269.580997873189
Mayur Vihar 1,2025,Jan-Mar,12271.010000000011,15272.130736275436,9270.011598664105
Mayur Vihar 1,2025,Apr-Jun,12551.89000000001,15621.705553768456,9482.199581383764
Mayur Vihar 1,2025,Jul-Sep,12681.789999999986,15783.37519486905,9580.3312353117
Mayur Vihar 1,2025,Oct-Dec,13175.499999999976,16397.831842350097,9953.299509836483
Mayur Vihar 1,2026,Jan-Mar,10789.079999999985,13427.765137843926,8150.5024231024745
Mayur Vihar 1,2026,Apr-Jun,10741.540000000005,13368.598280739072,8114.588806260804
Mayur Vihar 1,2026,Jul-Sep,10934.179999999986,13608.3522427223,8260.116764787972
Mayur Vihar 1,2026,Oct-Dec,11056.969999999987,13761.172991226887,8352.87724042934
Mayur Vihar 1,2027,Jan-Mar,11117.959999999997,13837.079314635115,8398.951525056491
Mayur Vihar 1,2027,Apr-Jun,11025.589999999993,13722.118385085727,8329.17153372989
Mayur Vihar 1,2027,Jul-Sep,10801.429999999988,13443.13557716335,8159.83210690548
Mayur Vihar 1,2027,Oct-Dec,10968.73000000001,13651.352135717147,8286.21721623688
Mayur Vihar 1,2028,Jan-Mar,11051.849999999984,13754.800792901748,8349.009387711007
Mayur Vihar 1,2028,Apr-Jun,11163.589999999984,13893.869043067903,8433.422251528633
Mayur Vihar 1,2028,Jul-Sep,11015.730000000003,13709.846925029911,8321.722895487175
Mayur Vihar 1,2028,Oct-Dec,11247.18,13997.902648145686,8496.569479795295
Mayur Vihar 1,2029,Jan-Mar,11622.040000000017,14464.442152864569,8779.753712215885
Mayur Vihar 1,2029,Apr-Jun,11603.880000000016,14441.8407619301,8766.034922105555
Mayur Vihar 1,2029,Jul-Sep,11813.150000000012,14702.291922770186,8924.12584756747
Mayur Vihar 1,2029,Oct-Dec,11973.479999999992,14901.833828525843,9045.245540210017
Mayur Vihar 1,2030,Jan-Mar,11968.729999999992,14895.922121095296,9041.657200285785
Mayur Vihar 1,2030,Apr-Jun,11976.990000000005,14906.202269174537,9047.897134554038
Mayur Vihar 1,2030,Jul-Sep,12248.99999999999,15244.737750897237,9253.384364615173
Mayur Vihar 1,2030,Oct-Dec,12270.44,15271.421331383757,9269.580997873189
Mehrauli,2024,Jan-Mar,4323.140000000007,5446.0215647349805,3200.296748406999
Mehrauli,2024,Apr-Jun,4366.800000000007,5501.021703873738,3232.6169961980604
Mehrauli,2024,Jul-Sep,4312.010000000003,5432.0006863883345,3192.05752811578
Mehrauli,2024,Oct-Dec,4380.839999999998,5518.708418337955,3243.0104061610987
Mehrauli,2025,Jan-Mar,4683.500000000011,5899.980569316816,3467.060937458466
Mehrauli,2025,Apr-Jun,4782.000000000008,6024.0647128158425,3539.977666900048
Mehrauli,2025,Jul-Sep,4532.3100000000095,5709.520857077035,3355.1393098008703
Mehrauli,2025,Oct-Dec,4425.240000000003,5574.640763224834,3275.8784547621817
Mehrauli,2026,Jan-Mar,4318.1799999999985,5439.7732667476075,3196.625002437143
Mehrauli,2026,Apr-Jun,4307.870000000002,5426.785373148881,3188.992804665138
Mehrauli,2026,Jul-Sep,4166.719999999996,5248.973425383513,3084.503501511026
Mehrauli,2026,Oct-Dec,4291.660000000003,5406.365028315184,3176.9930058402847
Mehrauli,2027,Jan-Mar,4248.790000000004,5352.360081799415,3145.2575724274866
Mehrauli,2027,Apr-Jun,4239.300000000002,5340.405172948593,3138.2323971746873
Mehrauli,2027,Jul-Sep,4203.680000000003,5295.533323289351,3111.8639311573356
Mehrauli,2027,Oct-Dec,4284.260000000002,5397.042970834038,3171.5149977401047
Mehrauli,2028,Jan-Mar,4245.440000000001,5348.139961182947,3142.777663355106
Mehrauli,2028,Apr-Jun,4208.339999999997,5301.40370002747,3115.313595717715
Mehrauli,2028,Jul-Sep,4136.380000000001,5210.752989710823,3062.043668300292
Mehrauli,2028,Oct-Dec,4088.1199999999944,5149.958058083778,3026.318172230736
Mehrauli,2029,Jan-Mar,4244.589999999998,5347.069184310109,3142.148432694948
Mehrauli,2029,Apr-Jun,4314.7400000000025,5435.439769756378,3194.078468941927
Mehrauli,2029,Jul-Sep,4268.780000000006,5377.5422343734845,3160.055597011623
Mehrauli,2029,Oct-Dec,4341.7699999999995,5469.4904743125035,3214.0880039348795
Mehrauli,2030,Jan-Mar,4323.140000000007,5446.0215647349805,3200.296748406999
Mehrauli,2030,Apr-Jun,4366.800000000007,5501.021703873738,3232.6169961980604
Mehrauli,2030,Jul-Sep,4312.010000000003,5432.0006863883345,3192.05752811578
Mehrauli,2030,Oct-Dec,4380.839999999998,5518.708418337955,3243.0104061610987
Mehrauli Badarpur Road,2024,Jan-Mar,4860.940000000013,6201.092179479454,3517.768420798367
Mehrauli Badarpur Road,2024,Apr-Jun,4917.810000000009,6273.641133436296,3558.9241417269914
Mehrauli Badarpur Road,2024,Jul-Sep,4956.700000000009,6323.25303460355,3587.0680838214935
Mehrauli Badarpur Road,2024,Oct-Dec,4969.409999999999,6339.467158127215,3596.2660654111264
Mehrauli Badarpur Road,2025,Jan-Mar,4881.63000000001,6227.486374263469,3532.7413743065995
Mehrauli Badarpur Road,2025,Apr-Jun,4948.680000000004,6313.021935417085,3581.2641646752336
Mehrauli Badarpur Road,2025,Jul-Sep,4952.690000000005,6318.137485010316,3584.1661242483624
Mehrauli Badarpur Road,2025,Oct-Dec,4864.940000000005,6206.194972091144,3520.6631435645736
Mehrauli Badarpur Road,2026,Jan-Mar,4035.570000000001,5148.169194999699,2920.464088411137
Mehrauli Badarpur Road,2026,Apr-Jun,4001.3699999999994,5104.540318169661,2895.7142087600178
Mehrauli Badarpur Road,2026,Jul-Sep,3980.459999999998,5077.865469791997,2880.5820454996406
Mehrauli Badarpur Road,2026,Oct-Dec,4040.7099999999964,5154.726283505728,2924.1838071657166
Mehrauli Badarpur Road,2027,Jan-Mar,4140.380000000005,5281.875118407777,2996.3130616928247
Mehrauli Badarpur Road,2027,Apr-Jun,4125.930000000005,5263.441280098011,2985.855875699882
Mehrauli Badarpur Road,2027,Jul-Sep,4157.340000000004,5303.5109590813845,3008.5866862215653
Mehrauli Badarpur Road,2027,Oct-Dec,4216.940000000005,5379.542568995719,3051.718055438134
Mehrauli Badarpur Road,2028,Jan-Mar,4298.169999999991,5483.167529957802,3110.502638012986
Mehrauli Badarpur Road,2028,Apr-Jun,4309.819999999993,5498.029413439382,3118.933518069582
Mehrauli Badarpur Road,2028,Jul-Sep,4300.279999999999,5485.859253060484,3112.029604272169
Mehrauli Badarpur Road,2028,Oct-Dec,4391.120000000006,5601.7436732722035,3177.768758292862
Mehrauli Badarpur Road,2029,Jan-Mar,4609.509999999994,5880.343392889487,3335.813384521145
Mehrauli Badarpur Road,2029,Apr-Jun,4653.119999999999,5935.976589338555,3367.3730994797816
Mehrauli Badarpur Road,2029,Jul-Sep,4711.48,6010.426333543261,3409.607104638824
Mehrauli Badarpur Road,2029,Oct-Dec,4737.360000000006,6043.441401740969,3428.3359609362237
Mehrauli Badarpur Road,2030,Jan-Mar,4860.940000000013,6201.092179479454,3517.768420798367
Mehrauli Badarpur Road,2030,Apr-Jun,4917.810000000009,6273.641133436296,3558.9241417269914
Mehrauli Badarpur Road,2030,Jul-Sep,4956.700000000009,6323.25303460355,3587.0680838214935
Mehrauli Badarpur Road,2030,Oct-Dec,4969.409999999999,6339.467158127215,3596.2660654111264
Munirka,2024,Jan-Mar,13288.520000000017,15430.049709036422,11146.950849205303
Munirka,2024,Apr-Jun,13391.510000000015,15549.63720407226,11233.343048484052
Munirka,2024,Jul-Sep,13571.010000000011,15758.06477334047,11383.914946440505
Munirka,2024,Oct-Dec,13803.210000000015,16027.685283558185,11578.693747028196
Munirka,2025,Jan-Mar,14196.329999999976,16484.159077601147,11908.458786162662
Munirka,2025,Apr-Jun,14525.61000000001,16866.504648679944,12184.672237745433
Munirka,2025,Jul-Sep,14978.930000000004,17392.880056483093,12564.935484439698
Munirka,2025,Oct-Dec,15092.750000000007,17525.042875057516,12660.412328035267
Munirka,2026,Jan-Mar,11978.669999999996,13909.10903156582,10048.195414451713
Munirka,2026,Apr-Jun,12104.489999999996,14055.205726637278,10153.738345932947
Munirka,2026,Jul-Sep,11753.449999999999,13647.593392843892,9859.27172165086
Munirka,2026,Oct-Dec,12082.619999999997,14029.811236721425,10135.392900761317
Munirka,2027,Jan-Mar,12128.559999999998,14083.15476057759,10173.929240550286
Munirka,2027,Apr-Jun,12145.930000000002,14103.32404680706,10188.499902764794
Munirka,2027,Jul-Sep,11957.749999999998,13884.817640205985,10030.646867904366
Munirka,2027,Oct-Dec,12477.94000000001,14488.839574788904,10467.003389341533
Munirka,2028,Jan-Mar,13159.110000000006,15279.78446257959,11038.396479764931
Munirka,2028,Apr-Jun,13154.720000000005,15274.68698609442,11034.71396928009
Munirka,2028,Jul-Sep,13262.15,15399.43001543416,11124.830621076531
Munirka,2028,Oct-Dec,13686.399999999974,15892.050607423207,11480.70876986775
Munirka,2029,Jan-Mar,13022.47000000002,15121.124055533317,10923.777292373463
Munirka,2029,Apr-Jun,13006.930000000022,15103.079685469655,10910.741708561525
Munirka,2029,Jul-Sep,13126.310000000003,15241.698533487679,11010.882506210768
Munirka,2029,Oct-Dec,13393.920000000006,15552.435590935405,11235.364654467749
Munirka,2030,Jan-Mar,13288.520000000017,15430.049709036422,11146.950849205303
Munirka,2030,Apr-Jun,13391.510000000015,15549.63720407226,11233.343048484052
Munirka,2030,Jul-Sep,13571.010000000011,15758.06477334047,11383.914946440505
Munirka,2030,Oct-Dec,13803.210000000015,16027.685283558185,11578.693747028196
Narwana Road,2024,Jan-Mar,10370.390000000003,12860.17473239193,8052.792936744324
Narwana Road,2024,Apr-Jun,10424.33,12927.064967480985,8094.678309522779
Narwana Road,2024,Jul-Sep,10669.880000000003,13231.568067705652,8285.352267360198
Narwana Road,2024,Oct-Dec,10865.170000000004,13473.744449065352,8436.99843810371
Narwana Road,2025,Jan-Mar,11480.609999999988,14236.94293410816,8914.898583131024
Narwana Road,2025,Apr-Jun,11449.929999999991,14198.897097761625,8891.075015521774
Narwana Road,2025,Jul-Sep,12059.780000000008,14955.163502453197,9364.634425772849
Narwana Road,2025,Oct-Dec,12408.590000000006,15387.717875857245,9635.491616704508
Narwana Road,2026,Jan-Mar,8647.69999999999,10723.891100846307,6715.093403341994
Narwana Road,2026,Apr-Jun,8688.699999999986,10774.734623995197,6746.930635153574
Narwana Road,2026,Jul-Sep,8738.500000000002,10836.490903332167,6785.601224036924
Narwana Road,2026,Oct-Dec,8853.999999999995,10979.720828300387,6875.289035603693
Narwana Road,2027,Jan-Mar,8990.99999999999,11149.61260077352,6981.671980925319
Narwana Road,2027,Apr-Jun,9011.300000000001,11174.786345161887,6997.435293261306
Narwana Road,2027,Jul-Sep,9080.199999999995,11260.228265770633,7050.937373061742
Narwana Road,2027,Oct-Dec,9210.699999999984,11422.059479695761,7152.272952364453
Narwana Road,2028,Jan-Mar,9317.100000000002,11554.004622696817,7234.894451504769
Narwana Road,2028,Apr-Jun,9319.000000000005,11556.360785964696,7236.3698354179905
Narwana Road,2028,Jul-Sep,9380.000000000013,11632.006027722819,7283.737424210839
Narwana Road,2028,Oct-Dec,9436.000000000011,11701.450839828623,7327.222423758365
Narwana Road,2029,Jan-Mar,9765.420000000002,12109.959947041027,7583.022933596687
Narwana Road,2029,Apr-Jun,9800.919999999987,12153.98299757237,7610.589317238412
Narwana Road,2029,Jul-Sep,9939.06999999999,12325.300868865539,7717.865258086466
Narwana Road,2029,Oct-Dec,10082.509999999993,12503.178794730848,7829.248978356063
Narwana Road,2030,Jan-Mar,10370.390000000003,12860.17473239193,8052.792936744324
Narwana Road,2030,Apr-Jun,10424.33,12927.064967480985,8094.678309522779
Narwana Road,2030,Jul-Sep,10669.880000000003,13231.568067705652,8285.352267360198
Narwana Road,2030,Oct-Dec,10865.170000000004,13473.744449065352,8436.99843810371
Nawada,2024,Jan-Mar,4969.580000000003,6185.325866878519,3751.06644919287
Nawada,2024,Apr-Jun,5053.1100000000015,6289.290441281256,3814.1153548350117
Nawada,2024,Jul-Sep,5188.349999999999,6457.6152233024,3916.195254260886
Nawada,2024,Oct-Dec,5285.110000000006,6578.046352468085,3989.2302370207826
Nawada,2025,Jan-Mar,5744.299999999997,7149.571468234789,4335.829386809062
Nawada,2025,Apr-Jun,5709.019999999998,7105.66065553362,4309.1998478283995
Nawada,2025,Jul-Sep,5903.920000000001,7348.2405136815205,4456.31144497498
Nawada,2025,Oct-Dec,6150.079999999997,7654.620492551122,4642.11437341829
Nawada,2026,Jan-Mar,4158.980000000007,5176.422670292148,3139.2210892800153
Nawada,2026,Apr-Jun,4200.6100000000015,5228.236931424501,3170.6436433549834
Nawada,2026,Jul-Sep,4216.319999999992,5247.790187307011,3182.501638178849
Nawada,2026,Oct-Dec,4499.329999999989,5600.035059828485,3396.119150279683
Nawada,2027,Jan-Mar,4431.910000000004,5516.1215963275745,3345.230161672089
Nawada,2027,Apr-Jun,4473.440000000009,5567.811393705118,3376.577235194398
Nawada,2027,Jul-Sep,4292.580000000009,5342.7062467342175,3240.063107642166
Nawada,2027,Oct-Dec,4788.989999999998,5960.556772045631,3614.756119132833
Nawada,2028,Jan-Mar,4751.4599999999955,5913.845524860967,3586.428267717177
Nawada,2028,Apr-Jun,4731.459999999998,5888.952773896589,3571.332157183923
Nawada,2028,Jul-Sep,4732.340000000004,5890.048054939029,3571.9963860473904
Nawada,2028,Oct-Dec,4639.129999999997,5774.035389069521,3501.640962907147
Nawada,2029,Jan-Mar,4878.529999999995,6072.001618113163,3682.341405990217
Nawada,2029,Apr-Jun,4844.580000000002,6029.7461733511345,3656.7157583600206
Nawada,2029,Jul-Sep,4831.590000000008,6013.578331599777,3646.910834568676
Nawada,2029,Oct-Dec,5003.8900000000085,6228.029381157922,3776.9638268126746
Nawada,2030,Jan-Mar,4969.580000000003,6185.325866878519,3751.06644919287
Nawada,2030,Apr-Jun,5053.1100000000015,6289.290441281256,3814.1153548350117
Nawada,2030,Jul-Sep,5188.349999999999,6457.6152233024,3916.195254260886
Nawada,2030,Oct-Dec,5285.110000000006,6578.046352468085,3989.2302370207826
New Rohtak Road,2024,Jan-Mar,18444.98999999997,21841.07431131247,15079.131540129978
New Rohtak Road,2024,Apr-Jun,18722.729999999967,22169.95169098163,15306.18929369643
New Rohtak Road,2024,Jul-Sep,18806.89999999996,22269.619038309174,15374.999875959293
New Rohtak Road,2024,Oct-Dec,18869.349999999962,22343.56730777104,15426.053943469284
New Rohtak Road,2025,Jan-Mar,19446.47000000001,23026.94641540654,15897.86056382747
New Rohtak Road,2025,Apr-Jun,19982.509999999987,23661.681889583295,16336.08349974508
New Rohtak Road,2025,Jul-Sep,20423.859999999993,24184.293078166098,16696.895552515856
New Rohtak Road,2025,Oct-Dec,20089.88000000002,23788.820811795034,16423.860525022093
New Rohtak Road,2026,Jan-Mar,14029.200000000013,16612.250791584363,11469.138893693736
New Rohtak Road,2026,Apr-Jun,14297.750000000022,16930.246112064517,11688.68364677314
New Rohtak Road,2026,Jul-Sep,14346.500000000016,16987.97194290944,11728.53770267565
New Rohtak Road,2026,Oct-Dec,14623.789999999995,17316.316468755398,11955.22757264914
New Rohtak Road,2027,Jan-Mar,14489.600000000015,17157.41945868195,11845.52468523257
New Rohtak Road,2027,Apr-Jun,14490.15000000002,17158.070724465848,11845.974320735066
New Rohtak Road,2027,Jul-Sep,14633.719999999994,17328.074776453654,11963.345537266821
New Rohtak Road,2027,Oct-Dec,15024.599999999973,17790.92344846732,12282.897401290911
New Rohtak Road,2028,Jan-Mar,14381.640000000018,17029.58190590208,11757.26532368928
New Rohtak Road,2028,Apr-Jun,14272.490000000018,16900.335250789783,11668.033114422416
New Rohtak Road,2028,Jul-Sep,14438.419999999995,17096.8162171918,11803.684057928129
New Rohtak Road,2028,Oct-Dec,14459.589999999978,17121.88402927357,11820.9909371785
New Rohtak Road,2029,Jan-Mar,16532.900000000012,19576.931051819425,13515.961452937385
New Rohtak Road,2029,Apr-Jun,16621.740000000023,19682.12823771203,13588.589849375947
New Rohtak Road,2029,Jul-Sep,16688.239999999987,19760.87219158251,13642.954869222425
New Rohtak Road,2029,Oct-Dec,16794.04999999999,19886.163887207178,13729.456564710532
New Rohtak Road,2030,Jan-Mar,18444.98999999997,21841.07431131247,15079.131540129978
New Rohtak Road,2030,Apr-Jun,18722.729999999967,22169.95169098163,15306.18929369643
New Rohtak Road,2030,Jul-Sep,18806.89999999996,22269.619038309174,15374.999875959293
New Rohtak Road,2030,Oct-Dec,18869.349999999962,22343.56730777104,15426.053943469284
Pandav Nagar,2024,Jan-Mar,22836.72000000003,28314.065835569316,20230.85692317693
Pandav Nagar,2024,Apr-Jun,23097.70000000004,28637.641414801674,20462.056895844238
Pandav Nagar,2024,Jul-Sep,23664.000000000015,29339.76744177412,20963.73727181743
Pandav Nagar,2024,Oct-Dec,23542.180000000004,29188.729135918926,20855.81796508767
Pandav Nagar,2025,Jan-Mar,24021.33000000001,29782.802393598366,21280.292893831393
Pandav Nagar,2025,Apr-Jun,25225.850000000028,31276.224328984026,22347.366964937286
Pandav Nagar,2025,Jul-Sep,26284.110000000048,32588.306068881444,23284.870540210864
Pandav Nagar,2025,Oct-Dec,26797.92000000002,33225.352464641124,23740.050469539463
Pandav Nagar,2026,Jan-Mar,16557.500000000022,20528.786317493887,14668.149082070544
Pandav Nagar,2026,Apr-Jun,16658.50000000001,20654.010984144446,14757.624127052513
Pandav Nagar,2026,Jul-Sep,16586.000000000004,20564.12199075665,14693.396990803067
Pandav Nagar,2026,Oct-Dec,16631.400000000005,20620.411098340177,14733.616466468235
Pandav Nagar,2027,Jan-Mar,18096.000000000007,22436.29274959197,16031.093207860384
Pandav Nagar,2027,Apr-Jun,18081.000000000007,22417.69502682208,16017.804834843259
Pandav Nagar,2027,Jul-Sep,18240.500000000007,22615.450812275216,16159.104534592028
Pandav Nagar,2027,Oct-Dec,18579.09999999999,23035.26340760078,16459.067408165265
Pandav Nagar,2028,Jan-Mar,19345.00000000001,23984.86313223125,17137.571734419715
Pandav Nagar,2028,Apr-Jun,19299.000000000007,23927.830115736924,17096.820723833862
Pandav Nagar,2028,Jul-Sep,19672.600000000002,24391.037397525575,17427.789801113733
Pandav Nagar,2028,Oct-Dec,20003.900000000005,24801.799101103155,17721.285666485317
Pandav Nagar,2029,Jan-Mar,20803.30000000001,25792.933739919685,18429.46735914467
Pandav Nagar,2029,Apr-Jun,21048.299999999985,26096.696545161147,18646.510785091035
Pandav Nagar,2029,Jul-Sep,21228.899999999965,26320.613127310564,18806.50279621721
Pandav Nagar,2029,Oct-Dec,21905.889999999967,27159.977949842963,19406.24250614147
Pandav Nagar,2030,Jan-Mar,22836.72000000003,28314.065835569316,20230.85692317693
Pandav Nagar,2030,Apr-Jun,23097.70000000004,28637.641414801674,20462.056895844238
Pandav Nagar,2030,Jul-Sep,23664.000000000015,29339.76744177412,20963.73727181743
Pandav Nagar,2030,Oct-Dec,23542.180000000004,29188.729135918926,20855.81796508767
Pankha Road,2024,Jan-Mar,10794.299999999981,13646.70365918706,7550.026174981909
Pankha Road,2024,Apr-Jun,10807.509999999984,13663.404413783273,7559.2658520125215
Pankha Road,2024,Jul-Sep,11154.880000000001,14102.567254365067,7802.232287298144
Pankha Road,2024,Oct-Dec,11492.990000000013,14530.023131467602,8038.721855868892
Pankha Road,2025,Jan-Mar,11968.91999999998,15131.718069769897,8371.609023861156
Pankha Road,2025,Apr-Jun,12288.959999999981,15536.328932825978,8595.459609544454
Pankha Road,2025,Jul-Sep,13020.689999999997,16461.419255360757,9107.264974692695
Pankha Road,2025,Oct-Dec,13536.720000000012,17113.810655382113,9468.199913232113
Pankha Road,2026,Jan-Mar,8216.259999999997,10387.414228512494,5746.827312605445
Pankha Road,2026,Apr-Jun,8213.199999999995,10383.545620710494,5744.687008917807
Pankha Road,2026,Jul-Sep,8195.069999999994,10360.62475160911,5732.0060592913915
Pankha Road,2026,Oct-Dec,8351.799999999994,10558.770797624544,5841.630175946007
Pankha Road,2027,Jan-Mar,8622.260000000006,10900.700100280936,6030.802246324419
Pankha Road,2027,Apr-Jun,8650.190000000006,10936.01062835604,6050.3377633164655
Pankha Road,2027,Jul-Sep,8699.869999999997,10998.8186138473,6085.0862231863075
Pankha Road,2027,Oct-Dec,8859.030000000006,11200.03678958786,6196.409992769346
Pankha Road,2028,Jan-Mar,9034.629999999996,11422.039250382271,6319.23264883104
Pankha Road,2028,Apr-Jun,9116.330000000009,11525.328550193817,6376.37735839962
Pankha Road,2028,Jul-Sep,9157.020000000008,11576.77091995307,6404.837801879976
Pankha Road,2028,Oct-Dec,9429.740000000013,11921.557429678904,6595.590619426376
Pankha Road,2029,Jan-Mar,10062.410000000003,12721.411056505818,7038.108898529768
Pankha Road,2029,Apr-Jun,10136.959999999986,12815.660962270173,7090.252571704015
Pankha Road,2029,Jul-Sep,10286.430000000013,13004.62854663776,7194.798712942887
Pankha Road,2029,Oct-Dec,10941.760000000011,13833.130099214124,7653.1664304651795
Pankha Road,2030,Jan-Mar,10794.299999999981,13646.70365918706,7550.026174981909
Pankha Road,2030,Apr-Jun,10807.509999999984,13663.404413783273,7559.2658520125215
Pankha Road,2030,Jul-Sep,11154.880000000001,14102.567254365067,7802.232287298144
Pankha Road,2030,Oct-Dec,11492.990000000013,14530.023131467602,8038.721855868892
Paschim Vihar,2024,Jan-Mar,10054.940000000002,12598.720869961897,7511.313310256
Paschim Vihar,2024,Apr-Jun,10297.470000000014,12902.60809082965,7692.4898082894515
Paschim Vihar,2024,Jul-Sep,10797.66000000001,13529.340243577077,8066.145325344443
Paschim Vihar,2024,Oct-Dec,11214.060000000021,14051.084517561036,8377.20743634567
Paschim Vihar,2025,Jan-Mar,11095.38999999998,13902.392411428238,8288.557722818947
Paschim Vihar,2025,Apr-Jun,11209.50999999998,14045.383421387527,8373.808462750405
Paschim Vihar,2025,Jul-Sep,11485.489999999996,14391.183096541461,8579.97301941256
Paschim Vihar,2025,Oct-Dec,12027.600000000011,15070.4405133749,8984.94391517355
Paschim Vihar,2026,Jan-Mar,9608.279999999993,12039.061173954036,7177.6461572785565
Paschim Vihar,2026,Apr-Jun,9543.260000000004,11957.591883141282,7129.074451089085
Paschim Vihar,2026,Jul-Sep,9740.629999999997,12204.894158252251,7276.515202405869
Paschim Vihar,2026,Oct-Dec,10055.359999999988,12599.247124993275,7511.62706166478
Paschim Vihar,2027,Jan-Mar,9647.639999999998,12088.378788324857,7207.049146445246
Paschim Vihar,2027,Apr-Jun,9599.819999999992,12028.460894035918,7171.326307472912
Paschim Vihar,2027,Jul-Sep,9639.959999999997,12078.755839179332,7201.311977827356
Paschim Vihar,2027,Oct-Dec,9723.350000000008,12183.242522674833,7263.606573015624
Paschim Vihar,2028,Jan-Mar,9383.44000000001,11757.339313813445,7009.684569772531
Paschim Vihar,2028,Apr-Jun,9342.24999999999,11705.728731091524,6978.9145208961
Paschim Vihar,2028,Jul-Sep,9424.320000000002,11808.561470202638,7040.223040228168
Paschim Vihar,2028,Oct-Dec,9751.230000000014,12218.17583285417,7284.433690342031
Paschim Vihar,2029,Jan-Mar,9894.110000000004,12397.202782582366,7391.168931504018
Paschim Vihar,2029,Apr-Jun,9993.319999999983,12521.511738927074,7465.281496423385
Paschim Vihar,2029,Jul-Sep,10304.759999999987,12911.742374588846,7697.935636313445
Paschim Vihar,2029,Oct-Dec,10850.230000000003,13595.209831673455,8105.41654334476
Paschim Vihar,2030,Jan-Mar,10054.940000000002,12598.720869961897,7511.313310256
Paschim Vihar,2030,Apr-Jun,10297.470000000014,12902.60809082965,7692.4898082894515
Paschim Vihar,2030,Jul-Sep,10797.66000000001,13529.340243577077,8066.145325344443
Paschim Vihar,2030,Oct-Dec,11214.060000000021,14051.084517561036,8377.20743634567
Patel Road,2024,Jan-Mar,18716.12000000003,24249.781068220153,13431.402915889325
Patel Road,2024,Apr-Jun,18831.300000000017,24399.01551336355,13514.060485292168
Patel Road,2024,Jul-Sep,19166.490000000013,24833.308738468782,13754.605637993522
Patel Road,2024,Oct-Dec,19495.680000000008,25259.827986574015,13990.844961415338
Patel Road,2025,Jan-Mar,20221.010000000006,26199.611109476198,14511.369486636482
Patel Road,2025,Apr-Jun,21047.949999999993,27271.046532873443,15104.813230706586
Patel Road,2025,Jul-Sep,20998.669999999995,27207.196268446743,15069.44801955732
Patel Road,2025,Oct-Dec,21736.580000000034,28163.278829792325,15599.000433501256
Patel Road,2026,Jan-Mar,15686.000000000011,20323.767203677948,11256.873013137323
Patel Road,2026,Apr-Jun,15727.000000000005,20376.889379844637,11286.296179880826
Patel Road,2026,Jul-Sep,15836.000000000027,20518.116628678075,11364.518745125772
Patel Road,2026,Oct-Dec,15947.500000000016,20662.58303459481,11444.535405903833
Patel Road,2027,Jan-Mar,16354.499999999989,21189.917807761733,11736.614158699102
Patel Road,2027,Apr-Jun,16347.499999999989,21180.848167928394,11731.59069120631
Patel Road,2027,Jul-Sep,16539.999999999978,21430.263263345187,11869.736047258126
Patel Road,2027,Oct-Dec,16679.5,21611.008228595314,11969.846578007386
Patel Road,2028,Jan-Mar,17011.000000000015,22040.52045784557,12207.74364570184
Patel Road,2028,Apr-Jun,17072.500000000004,22120.2037220956,12251.87839581709
Patel Road,2028,Jul-Sep,17305.99999999998,22422.740993679075,12419.446918612406
Patel Road,2028,Oct-Dec,17478.499999999996,22646.242832429216,12543.239510399117
Patel Road,2029,Jan-Mar,17565.689999999988,22759.2116748676,12605.810386212921
Patel Road,2029,Apr-Jun,17658.579999999998,22879.565795456016,12672.4717998423
Patel Road,2029,Jul-Sep,17753.500000000015,23002.550111596105,12740.590019044594
Patel Road,2029,Oct-Dec,18294.86000000002,23703.97014304983,13129.090642172992
Patel Road,2030,Jan-Mar,18716.12000000003,24249.781068220153,13431.402915889325
Patel Road,2030,Apr-Jun,18831.300000000017,24399.01551336355,13514.060485292168
Patel Road,2030,Jul-Sep,19166.490000000013,24833.308738468782,13754.605637993522
Patel Road,2030,Oct-Dec,19495.680000000008,25259.827986574015,13990.844961415338
Patparganj,2024,Jan-Mar,10879.530000000008,13193.216419955743,8565.57474769404
Patparganj,2024,Apr-Jun,10890.940000000013,13207.05291834784,8574.557967361732
Patparganj,2024,Jul-Sep,11322.720000000014,13730.657061707756,8914.503154751199
Patparganj,2024,Oct-Dec,11544.190000000006,13999.22579956017,9088.868944392087
Patparganj,2025,Jan-Mar,12738.920000000007,15448.032085623423,10029.49313664235
Patparganj,2025,Apr-Jun,13257.77,16077.222899885983,10437.98950163615
Patparganj,2025,Jul-Sep,12774.509999999991,15491.190804096188,10057.513538743387
Patparganj,2025,Oct-Dec,13330.119999999983,16164.95915393221,10494.951459826945
Patparganj,2026,Jan-Mar,10627.770000000006,12887.916083830187,8367.361304789847
Patparganj,2026,Apr-Jun,10552.469999999996,12796.602470427511,8308.076778849714
Patparganj,2026,Jul-Sep,10686.30999999999,12958.905445431654,8413.450496669448
Patparganj,2026,Oct-Dec,10577.910000000007,12827.452647385875,8328.10597327093
Patparganj,2027,Jan-Mar,10445.369999999997,12666.726135826913,8223.755759883084
Patparganj,2027,Apr-Jun,10459.69000000001,12684.091487007887,8235.030054856037
Patparganj,2027,Jul-Sep,10385.860000000006,12594.560489962483,8176.902876235059
Patparganj,2027,Oct-Dec,10394.839999999998,12605.450214376231,8183.972929926186
Patparganj,2028,Jan-Mar,10621.929999999986,12880.834124968655,8362.763407957289
Patparganj,2028,Apr-Jun,10625.119999999988,12884.702523730337,8365.274930370957
Patparganj,2028,Jul-Sep,10725.879999999994,13006.890567375129,8444.60439695432
Patparganj,2028,Oct-Dec,10686.709999999992,12959.3905111071,8413.765421110033
Patparganj,2029,Jan-Mar,11073.39999999999,13428.315626202391,8718.210750934557
Patparganj,2029,Apr-Jun,10950.599999999991,13279.400463840548,8621.528947674966
Patparganj,2029,Jul-Sep,10865.759999999993,13176.518034078506,8554.733473826891
Patparganj,2029,Oct-Dec,11134.43,13502.324521633538,8766.260347456819
Patparganj,2030,Jan-Mar,10879.530000000008,13193.216419955743,8565.57474769404
Patparganj,2030,Apr-Jun,10890.940000000013,13207.05291834784,8574.557967361732
Patparganj,2030,Jul-Sep,11322.720000000014,13730.657061707756,8914.503154751199
Patparganj,2030,Oct-Dec,11544.190000000006,13999.22579956017,9088.868944392087
Pitam Pura,2024,Jan-Mar,10800.360000000004,13635.809516589274,7965.0237865775225
Pitam Pura,2024,Apr-Jun,10716.510000000004,13529.946135371794,7903.186288151125
Pitam Pura,2024,Jul-Sep,11273.160000000005,14232.735057908583,8313.70320525374
Pitam Pura,2024,Oct-Dec,11644.119999999988,14701.084251664506,8587.27790312202
Pitam Pura,2025,Jan-Mar,12373.679999999997,15622.177732893186,9125.312075476975
Pitam Pura,2025,Apr-Jun,12702.569999999992,16037.412168774117,9367.861089877184
Pitam Pura,2025,Jul-Sep,12161.389999999985,15354.154629748762,8968.75295155401
Pitam Pura,2025,Oct-Dec,12646.53999999998,15966.672452022578,9326.54021883566
Pitam Pura,2026,Jan-Mar,10919.129999999997,13785.760545655454,8052.614003489899
Pitam Pura,2026,Apr-Jun,10669.020000000006,13469.988449336995,7868.163475983331
Pitam Pura,2026,Jul-Sep,10977.92999999999,13859.997478459114,8095.977687538459
Pitam Pura,2026,Oct-Dec,10638.690000000013,13431.695827365314,7845.795779772572
Pitam Pura,2027,Jan-Mar,10594.059999999989,13375.348985341001,7812.882153597598
Pitam Pura,2027,Apr-Jun,10643.860000000011,13438.223122307405,7849.608539067317
Pitam Pura,2027,Jul-Sep,10294.610000000013,12997.283517176762,7592.04448032648
Pitam Pura,2027,Oct-Dec,10308.670000000016,13015.034729340365,7602.413415661905
Pitam Pura,2028,Jan-Mar,10973.220000000005,13854.050948637614,8092.504167948865
Pitam Pura,2028,Apr-Jun,10943.420000000004,13816.427469087454,8070.527334876632
Pitam Pura,2028,Jul-Sep,11126.529999999997,14047.609863061596,8205.566861851674
Pitam Pura,2028,Oct-Dec,10780.660000000007,13610.937619034305,7950.4954774660155
Pitam Pura,2029,Jan-Mar,11006.010000000007,13895.449401471502,8116.686059104521
Pitam Pura,2029,Apr-Jun,10674.590000000002,13477.020757427406,7872.271226326025
Pitam Pura,2029,Jul-Sep,10689.759999999998,13496.1733810776,7883.458761819504
Pitam Pura,2029,Oct-Dec,11078.289999999988,13986.705277373676,8169.990941468967
Pitam Pura,2030,Jan-Mar,10800.360000000004,13635.809516589274,7965.0237865775225
Pitam Pura,2030,Apr-Jun,10716.510000000004,13529.946135371794,7903.186288151125
Pitam Pura,2030,Jul-Sep,11273.160000000005,14232.735057908583,8313.70320525374
Pitam Pura,2030,Oct-Dec,11644.119999999988,14701.084251664506,8587.27790312202
Rajpur Road,2024,Jan-Mar,13848.360000000006,16019.336955002282,11822.408655124524
Rajpur Road,2024,Apr-Jun,13837.480000000007,16006.751321319274,11813.120349060286
Rajpur Road,2024,Jul-Sep,14359.35,16610.43373401702,12258.643169441166
Rajpur Road,2024,Oct-Dec,14521.940000000017,16798.512610903097,12397.447000597844
Rajpur Road,2025,Jan-Mar,14404.569999999983,16662.742774012004,12297.24769152064
Rajpur Road,2025,Apr-Jun,15090.530000000002,17456.239215298454,12882.854899960445
Rajpur Road,2025,Jul-Sep,14986.539999999999,17335.94693159477,12794.078158451237
Rajpur Road,2025,Oct-Dec,15442.969999999976,17863.930459346167,13183.734549710434
Rajpur Road,2026,Jan-Mar,11107.810000000009,12849.156955924309,9482.788509504286
Rajpur Road,2026,Apr-Jun,11191.039999999999,12945.434740063707,9553.842343486498
Rajpur Road,2026,Jul-Sep,11278.139999999985,13046.189215595863,9628.200014276481
Rajpur Road,2026,Oct-Dec,11557.200000000003,13368.996838351424,9866.43482036899
Rajpur Road,2027,Jan-Mar,11614.949999999997,13435.800178902313,9915.736261105178
Rajpur Road,2027,Apr-Jun,11703.900000000009,13538.69467486773,9991.673285407944
Rajpur Road,2027,Jul-Sep,11800.499999999995,13650.438444516481,10074.141149912106
Rajpur Road,2027,Oct-Dec,12023.720000000008,13908.652153222482,10264.70509105727
Rajpur Road,2028,Jan-Mar,11959.860000000015,13834.780961402921,10210.187515205966
Rajpur Road,2028,Apr-Jun,12199.99000000002,14112.555613636454,10415.18760116236
Rajpur Road,2028,Jul-Sep,12197.78000000002,14109.999156794594,10413.300913993064
Rajpur Road,2028,Oct-Dec,12540.09000000002,14505.972343010639,10705.532536129956
Rajpur Road,2029,Jan-Mar,13034.309999999996,15077.670125990055,11127.450424279554
Rajpur Road,2029,Apr-Jun,13030.019999999993,15072.707592120556,11123.788031539149
Rajpur Road,2029,Jul-Sep,13459.049999999987,15568.995682104101,11490.052916717466
Rajpur Road,2029,Oct-Dec,13651.120000000012,15791.176073785693,11654.02395952615
Rajpur Road,2030,Jan-Mar,13848.360000000006,16019.336955002282,11822.408655124524
Rajpur Road,2030,Apr-Jun,13837.480000000007,16006.751321319274,11813.120349060286
Rajpur Road,2030,Jul-Sep,14359.35,16610.43373401702,12258.643169441166
Rajpur Road,2030,Oct-Dec,14521.940000000017,16798.512610903097,12397.447000597844
Rohini,2024,Jan-Mar,12172.460000000005,15402.33535667054,8942.34732408554
Rohini,2024,Apr-Jun,12024.840000000007,15215.545443592027,8833.900115223774
Rohini,2024,Jul-Sep,12430.790000000023,15729.21137784366,9132.12626640543
Rohini,2024,Oct-Dec,12362.200000000003,15642.421511036593,9081.737470471067
Rohini,2025,Jan-Mar,12728.070000000007,16105.37250343625,9350.519344920704
Rohini,2025,Apr-Jun,13202.489999999998,16705.676463351625,9699.04613551953
Rohini,2025,Jul-Sep,13383.610000000022,16934.855362259532,9832.103705422292
Rohini,2025,Oct-Dec,13614.33999999998,17226.807920480624,10001.606648794945
Rohini,2026,Jan-Mar,11320.51000000001,14324.32650660117,8316.472784119533
Rohini,2026,Apr-Jun,11431.68000000002,14464.994672411633,8398.142450893438
Rohini,2026,Jul-Sep,11440.16000000002,14475.724779869333,8404.372178106198
Rohini,2026,Oct-Dec,11674.859999999995,14772.700749246944,8576.79163292163
Rohini,2027,Jan-Mar,11613.31999999999,14694.831549606972,8531.582032370528
Rohini,2027,Apr-Jun,11407.510000000011,14434.411335471452,8380.386259061775
Rohini,2027,Jul-Sep,11334.980000000001,14342.636017793722,8327.102990813943
Rohini,2027,Oct-Dec,11482.160000000009,14528.869180013593,8435.22695911279
Rohini,2028,Jan-Mar,11206.989999999989,14180.684785068335,8233.076718884537
Rohini,2028,Apr-Jun,11506.64999999999,14559.857426669123,8453.218234990196
Rohini,2028,Jul-Sep,11580.12000000001,14652.82216663581,8507.19206262247
Rohini,2028,Oct-Dec,11578.130000000012,14650.304134343261,8505.730133712872
Rohini,2029,Jan-Mar,11727.04000000001,14838.72633971192,8615.125025134126
Rohini,2029,Apr-Jun,11688.59999999998,14790.086560151267,8586.885554136636
Rohini,2029,Jul-Sep,12118.400000000003,15333.930921627692,8902.632813104188
Rohini,2029,Oct-Dec,12382.620000000008,15668.259812249602,9096.738771141423
Rohini,2030,Jan-Mar,12172.460000000005,15402.33535667054,8942.34732408554
Rohini,2030,Apr-Jun,12024.840000000007,15215.545443592027,8833.900115223774
Rohini,2030,Jul-Sep,12430.790000000023,15729.21137784366,9132.12626640543
Rohini,2030,Oct-Dec,12362.200000000003,15642.421511036593,9081.737470471067
Saket,2024,Jan-Mar,13526.259999999977,16447.7475595911,10604.772440408857
Saket,2024,Apr-Jun,13482.909999999982,16395.034551212713,10570.78544878725
Saket,2024,Jul-Sep,13741.169999999976,16709.07518659455,10773.264813405403
Saket,2024,Oct-Dec,13646.149999999976,16593.532163385447,10698.767836614506
Saket,2025,Jan-Mar,11664.499999999987,14183.872808067454,9145.127191932523
Saket,2025,Apr-Jun,14127.17999999998,17178.45807850095,11075.901921499013
Saket,2025,Jul-Sep,14857.439999999988,18066.444272235738,11648.43572776424
Saket,2025,Oct-Dec,14326.769999999986,17421.156794584986,11232.383205414986
Saket,2026,Jan-Mar,13079.130000000005,15904.043581823442,10254.216418176567
Saket,2026,Apr-Jun,13189.590000000011,16038.361434314267,10340.818565685757
Saket,2026,Jul-Sep,13501.219999999988,16417.29926132595,10585.14073867403
Saket,2026,Oct-Dec,13204.490000000007,16056.479630965658,10352.500369034358
Saket,2027,Jan-Mar,13188.879999999994,16037.498084004012,10340.261915995978
Saket,2027,Apr-Jun,13248.480000000009,16109.970870609613,10386.989129390406
Saket,2027,Jul-Sep,13529.469999999983,16451.650875782445,10607.289124217521
Saket,2027,Oct-Dec,12956.089999999997,15754.428621018887,10157.751378981107
Saket,2028,Jan-Mar,13907.470000000025,16911.293717005825,10903.646282994227
Saket,2028,Apr-Jun,13640.400000000023,16586.54024185896,10694.259758141088
Saket,2028,Jul-Sep,13611.91,16551.89679067784,10671.923209322162
Saket,2028,Oct-Dec,13407.969999999996,16303.908533960677,10512.031466039316
Saket,2029,Jan-Mar,13562.719999999992,16492.082422001175,10633.35757799881
Saket,2029,Apr-Jun,13636.040000000012,16581.238541362294,10690.84145863773
Saket,2029,Jul-Sep,14108.149999999972,17155.317858213955,11060.982141785991
Saket,2029,Oct-Dec,13906.249999999973,16909.810213655783,10902.689786344166
Saket,2030,Jan-Mar,13526.259999999977,16447.7475595911,10604.772440408857
Saket,2030,Apr-Jun,13482.909999999982,16395.034551212713,10570.78544878725
Saket,2030,Jul-Sep,13741.169999999976,16709.07518659455,10773.264813405403
Saket,2030,Oct-Dec,13646.149999999976,16593.532163385447,10698.767836614506
Sarita Vihar,2024,Jan-Mar,10220.619999999994,12120.191331424501,8321.166510424868
Sarita Vihar,2024,Apr-Jun,10272.209999999985,12181.369681738679,8363.168754933788
Sarita Vihar,2024,Jul-Sep,10514.650000000009,12468.868794942266,8560.552437018398
Sarita Vihar,2024,Oct-Dec,11371.130000000021,13484.531393839263,9257.859713176673
Sarita Vihar,2025,Jan-Mar,11262.469999999996,13355.67619815907,9169.393656027207
Sarita Vihar,2025,Apr-Jun,11845.509999999997,14047.078124252961,9644.078452276175
Sarita Vihar,2025,Jul-Sep,11831.810000000009,14030.831886623506,9632.924531947201
Sarita Vihar,2025,Oct-Dec,12078.51,14323.382749630087,9833.77651334576
Sarita Vihar,2026,Jan-Mar,9776.619999999992,11593.670929418313,7959.681793193559
Sarita Vihar,2026,Apr-Jun,9728.60999999999,11536.737946309488,7920.594222756002
Sarita Vihar,2026,Jul-Sep,9721.62999999999,11528.460666115787,7914.9114224715995
Sarita Vihar,2026,Oct-Dec,9720.679999999998,11527.334102192586,7914.137975441495
Sarita Vihar,2027,Jan-Mar,9710.320000000005,11515.048626145783,7905.703332039437
Sarita Vihar,2027,Apr-Jun,9693.699999999999,11495.33968677338,7892.172079786314
Sarita Vihar,2027,Jul-Sep,9709.019999999997,11513.507012356115,7904.644930840329
Sarita Vihar,2027,Oct-Dec,9676.88000000001,11475.393576048746,7878.477996579497
Sarita Vihar,2028,Jan-Mar,9678.000000000011,11476.721735621375,7879.389849920261
Sarita Vihar,2028,Apr-Jun,9739.799999999992,11550.00768346816,7929.704614615955
Sarita Vihar,2028,Jul-Sep,9793.499999999985,11613.68819154863,7973.424725686493
Sarita Vihar,2028,Oct-Dec,9774.000000000007,11590.56398470379,7957.5487077
Sarita Vihar,2029,Jan-Mar,9928.659999999993,11773.968591402594,8083.465884202227
Sarita Vihar,2029,Apr-Jun,10017.169999999993,11878.928773343063,8155.526722765612
Sarita Vihar,2029,Jul-Sep,10143.209999999988,12028.394159534182,8258.142789792262
Sarita Vihar,2029,Oct-Dec,10076.239999999998,11948.977332231594,8203.618844943214
Sarita Vihar,2030,Jan-Mar,10220.619999999994,12120.191331424501,8321.166510424868
Sarita Vihar,2030,Apr-Jun,10272.209999999985,12181.369681738679,8363.168754933788
Sarita Vihar,2030,Jul-Sep,10514.650000000009,12468.868794942266,8560.552437018398
Sarita Vihar,2030,Oct-Dec,11371.130000000021,13484.531393839263,9257.859713176673
Sector 10 Dwarka,2024,Jan-Mar,10362.389999999996,11918.670822193339,8806.070145883945
Sector 10 Dwarka,2024,Apr-Jun,10546.220000000001,12130.109424411927,8962.290851234533
Sector 10 Dwarka,2024,Jul-Sep,10947.040000000015,12591.126780345423,9302.911985535919
Sector 10 Dwarka,2024,Oct-Dec,11620.090000000024,13365.259137540756,9874.877093169125
Sector 10 Dwarka,2025,Jan-Mar,12043.730000000009,13852.523726801901,10234.89090818691
Sector 10 Dwarka,2025,Apr-Jun,12772.139999999998,14690.330353805297,10853.901537487991
Sector 10 Dwarka,2025,Jul-Sep,13205.649999999987,15188.9472740456,11222.302984349386
Sector 10 Dwarka,2025,Oct-Dec,13931.38000000001,16023.67140388347,11839.036120910794
Sector 10 Dwarka,2026,Jan-Mar,8945.750000000018,10289.27202195983,7602.194282162849
Sector 10 Dwarka,2026,Apr-Jun,8921.880000000003,10261.817093847114,7581.909300186453
Sector 10 Dwarka,2026,Jul-Sep,9019.79000000001,10374.431757086099,7665.114268150751
Sector 10 Dwarka,2026,Oct-Dec,9069.400000000001,10431.492460214326,7707.273378156959
Sector 10 Dwarka,2027,Jan-Mar,9085.890000000009,10450.459019266635,7721.286756991927
Sector 10 Dwarka,2027,Apr-Jun,9065.510000000007,10427.018238582226,7703.9676144415
Sector 10 Dwarka,2027,Jul-Sep,9040.269999999991,10397.98755632144,7682.5183917735385
Sector 10 Dwarka,2027,Oct-Dec,9074.749999999987,10437.645952690344,7711.819865529114
Sector 10 Dwarka,2028,Jan-Mar,9201.530000000008,10583.466471589742,7819.558869088655
Sector 10 Dwarka,2028,Apr-Jun,9333.75999999999,10735.55550151608,7931.929341092708
Sector 10 Dwarka,2028,Jul-Sep,9484.59000000001,10909.037981919893,8060.106292558909
Sector 10 Dwarka,2028,Oct-Dec,9615.969999999996,11060.14935416313,8171.754425447762
Sector 10 Dwarka,2029,Jan-Mar,9927.779999999986,11418.78869789252,8436.733907226384
Sector 10 Dwarka,2029,Apr-Jun,10006.579999999987,11509.423316044205,8503.698992259438
Sector 10 Dwarka,2029,Jul-Sep,10138.569999999983,11661.236301448274,8615.865509689798
Sector 10 Dwarka,2029,Oct-Dec,10092.309999999996,11608.028719777007,8576.553265608223
Sector 10 Dwarka,2030,Jan-Mar,10362.389999999996,11918.670822193339,8806.070145883945
Sector 10 Dwarka,2030,Apr-Jun,10546.220000000001,12130.109424411927,8962.290851234533
Sector 10 Dwarka,2030,Jul-Sep,10947.040000000015,12591.126780345423,9302.911985535919
Sector 10 Dwarka,2030,Oct-Dec,11620.090000000024,13365.259137540756,9874.877093169125
Sector 11 Dwarka,2024,Jan-Mar,10361.799999999996,12134.056270255376,8589.66100968485
Sector 11 Dwarka,2024,Apr-Jun,10551.970000000007,12356.75246984566,8747.306962532028
Sector 11 Dwarka,2024,Jul-Sep,11037.420000000022,12925.232619664772,9149.732307274411
Sector 11 Dwarka,2024,Oct-Dec,11621.540000000026,13609.25903868286,9633.952499613306
Sector 11 Dwarka,2025,Jan-Mar,12188.909999999998,14273.670579733107,10104.287380335252
Sector 11 Dwarka,2025,Apr-Jun,12887.56,15091.815922551337,10683.449945180775
Sector 11 Dwarka,2025,Jul-Sep,13428.41999999998,15725.183259725389,11131.808729725735
Sector 11 Dwarka,2025,Oct-Dec,14018.349999999993,16416.01340656396,11620.845260004597
Sector 11 Dwarka,2026,Jan-Mar,9070.87999999999,10622.340552870546,7519.5221158032455
Sector 11 Dwarka,2026,Apr-Jun,9064.179999999995,10614.49460168343,7513.967991156481
Sector 11 Dwarka,2026,Jul-Sep,9116.779999999997,10676.091173689785,7557.572014502757
Sector 11 Dwarka,2026,Oct-Dec,9144.939999999995,10709.067589425504,7580.915917495741
Sector 11 Dwarka,2027,Jan-Mar,9224.87999999999,10802.680326425269,7647.1840852961395
Sector 11 Dwarka,2027,Apr-Jun,9213.630000000006,10789.506154655868,7637.858129732549
Sector 11 Dwarka,2027,Jul-Sep,9189.340000000004,10761.061654008825,7617.72235545344
Sector 11 Dwarka,2027,Oct-Dec,9184.089999999997,10754.913707183086,7613.370242857086
Sector 11 Dwarka,2028,Jan-Mar,9224.240000000007,10801.930862431294,7646.653542046313
Sector 11 Dwarka,2028,Apr-Jun,9377.229999999994,10981.08788812048,7773.478247973042
Sector 11 Dwarka,2028,Jul-Sep,9472.179999999995,11092.277897854385,7852.189312929862
Sector 11 Dwarka,2028,Oct-Dec,9533.750000000004,11164.378676151566,7903.22923151219
Sector 11 Dwarka,2029,Jan-Mar,9707.140000000009,11367.42486664932,8046.965003527603
Sector 11 Dwarka,2029,Apr-Jun,9840.24,11523.289956650178,8157.301420017882
Sector 11 Dwarka,2029,Jul-Sep,9944.199999999992,11645.031014174512,8243.481539163859
Sector 11 Dwarka,2029,Oct-Dec,10078.130000000006,11801.868065292609,8354.506003931294
Sector 11 Dwarka,2030,Jan-Mar,10361.799999999996,12134.056270255376,8589.66100968485
Sector 11 Dwarka,2030,Apr-Jun,10551.970000000007,12356.75246984566,8747.306962532028
Sector 11 Dwarka,2030,Jul-Sep,11037.420000000022,12925.232619664772,9149.732307274411
Sector 11 Dwarka,2030,Oct-Dec,11621.540000000026,13609.25903868286,9633.952499613306
Sector 12 Dwarka,2024,Jan-Mar,10329.970000000016,12127.632774559828,8532.108702737827
Sector 12 Dwarka,2024,Apr-Jun,10535.759999999997,12369.235175019503,8702.08234737922
Sector 12 Dwarka,2024,Jul-Sep,10948.310000000021,12853.578779225996,9042.830814733403
Sector 12 Dwarka,2024,Oct-Dec,11437.850000000031,13428.310491753538,9447.16969416271
Sector 12 Dwarka,2025,Jan-Mar,11958.199999999995,14039.213883945553,9876.956301816877
Sector 12 Dwarka,2025,Apr-Jun,12706.420000000018,14917.642126678245,10494.95367969529
Sector 12 Dwarka,2025,Jul-Sep,13201.660000000009,15499.065776047302,10904.000512739705
Sector 12 Dwarka,2025,Oct-Dec,13992.160000000014,16427.13175380809,11556.919343047468
Sector 12 Dwarka,2026,Jan-Mar,8779.20999999999,10307.00330501861,7251.247974985674
Sector 12 Dwarka,2026,Apr-Jun,8795.260000000002,10325.84639033559,7264.504581217739
Sector 12 Dwarka,2026,Jul-Sep,8767.940000000002,10293.772054456495,7241.939442136135
Sector 12 Dwarka,2026,Oct-Dec,8772.260000000006,10298.84383816798,7245.5075754023355
Sector 12 Dwarka,2027,Jan-Mar,8976.53999999999,10538.673462376655,7414.234025314111
Sector 12 Dwarka,2027,Apr-Jun,8978.519999999991,10540.998029911087,7415.869419727786
Sector 12 Dwarka,2027,Jul-Sep,8991.339999999995,10556.049017684516,7426.458185577942
Sector 12 Dwarka,2027,Oct-Dec,9002.949999999992,10569.679436409122,7436.047543730846
Sector 12 Dwarka,2028,Jan-Mar,9207.380000000012,10809.685164218932,7604.89788715884
Sector 12 Dwarka,2028,Apr-Jun,9283.740000000005,10899.333637415399,7667.967946465982
Sector 12 Dwarka,2028,Jul-Sep,9302.340000000007,10921.17048395095,7683.330742473225
Sector 12 Dwarka,2028,Oct-Dec,9410.139999999996,11047.730271936529,7772.3688827732485
Sector 12 Dwarka,2029,Jan-Mar,9614.710000000003,11287.900363107345,7941.334860149673
Sector 12 Dwarka,2029,Apr-Jun,9727.749999999985,11420.612036891105,8034.7010139485055
Sector 12 Dwarka,2029,Jul-Sep,9897.509999999986,11619.914352368234,8174.915436001694
Sector 12 Dwarka,2029,Oct-Dec,10095.390000000003,11852.230222930308,8338.355762556166
Sector 12 Dwarka,2030,Jan-Mar,10329.970000000016,12127.632774559828,8532.108702737827
Sector 12 Dwarka,2030,Apr-Jun,10535.759999999997,12369.235175019503,8702.08234737922
Sector 12 Dwarka,2030,Jul-Sep,10948.310000000021,12853.578779225996,9042.830814733403
Sector 12 Dwarka,2030,Oct-Dec,11437.850000000031,13428.310491753538,9447.16969416271
Sector 13 Dwarka,2024,Jan-Mar,9947.03,11465.397111882048,8428.743893619014
Sector 13 Dwarka,2024,Apr-Jun,10058.999999999995,11594.458803122283,8523.623114227425
Sector 13 Dwarka,2024,Jul-Sep,10574.970000000001,12189.189184735475,8960.83693451254
Sector 13 Dwarka,2024,Oct-Dec,11343.160000000027,13074.639757155279,9611.77261799187
Sector 13 Dwarka,2025,Jan-Mar,11356.790000000012,13090.350312228982,9623.322173916595
Sector 13 Dwarka,2025,Apr-Jun,12039.470000000018,13877.238187337402,10201.799858340575
Sector 13 Dwarka,2025,Jul-Sep,12724.560000000014,14666.903937554223,10782.319687282423
Sector 13 Dwarka,2025,Oct-Dec,13820.140000000014,15929.719045967058,11710.673500930428
Sector 13 Dwarka,2026,Jan-Mar,8616.00999999999,9931.203200346908,7300.886965743571
Sector 13 Dwarka,2026,Apr-Jun,8544.800000000016,9849.123330442342,7240.5462557362225
Sector 13 Dwarka,2026,Jul-Sep,8565.880000000006,9873.421092801394,7258.408665046079
Sector 13 Dwarka,2026,Oct-Dec,8387.110000000013,9667.362697311377,7106.925604689146
Sector 13 Dwarka,2027,Jan-Mar,8454.069999999982,9744.543824804836,7163.66502249692
Sector 13 Dwarka,2027,Apr-Jun,8544.019999999995,9848.224267129222,7239.885312697225
Sector 13 Dwarka,2027,Jul-Sep,8594.739999999996,9906.686435385946,7282.86355748832
Sector 13 Dwarka,2027,Oct-Dec,8509.660000000002,9808.619375542066,7210.769924467302
Sector 13 Dwarka,2028,Jan-Mar,8578.239999999985,9887.667788378127,7268.882070125278
Sector 13 Dwarka,2028,Apr-Jun,8591.339999999993,9902.767441457061,7279.982523728662
Sector 13 Dwarka,2028,Jul-Sep,8665.329999999989,9988.05166522115,7342.678902515982
Sector 13 Dwarka,2028,Oct-Dec,8731.559999999994,10064.391361665213,7398.799745428332
Sector 13 Dwarka,2029,Jan-Mar,9045.370000000004,10426.102974848227,7664.710687815826
Sector 13 Dwarka,2029,Apr-Jun,9212.639999999996,10618.90594969644,7806.449075162157
Sector 13 Dwarka,2029,Jul-Sep,9357.26,10785.601509106678,7928.994693491973
Sector 13 Dwarka,2029,Oct-Dec,9557.910000000014,11016.879783174345,8099.018053455175
Sector 13 Dwarka,2030,Jan-Mar,9947.03,11465.397111882048,8428.743893619014
Sector 13 Dwarka,2030,Apr-Jun,10058.999999999995,11594.458803122283,8523.623114227425
Sector 13 Dwarka,2030,Jul-Sep,10574.970000000001,12189.189184735475,8960.83693451254
Sector 13 Dwarka,2030,Oct-Dec,11343.160000000027,13074.639757155279,9611.77261799187
Sector 13 Rohini,2024,Jan-Mar,14578.56,17840.436859792982,11316.60148407044
Sector 13 Rohini,2024,Apr-Jun,14728.249999999998,18023.61921755276,11432.798287880314
Sector 13 Rohini,2024,Jul-Sep,14692.3,17979.625592317516,11404.892114475511
Sector 13 Rohini,2024,Oct-Dec,14691.060000000009,17978.10814877673,11403.929564961694
Sector 13 Rohini,2025,Jan-Mar,13085.010000000002,16012.712827244928,10157.233882158222
Sector 13 Rohini,2025,Apr-Jun,13680.970000000001,16742.015772869338,10619.847598495542
Sector 13 Rohini,2025,Jul-Sep,14191.790000000019,17367.12908699088,11016.371423214381
Sector 13 Rohini,2025,Oct-Dec,14772.089999999978,18077.268189188708,11466.829070691609
Sector 13 Rohini,2026,Jan-Mar,12742.26999999999,15593.286537589045,9891.182091538953
Sector 13 Rohini,2026,Apr-Jun,12738.679999999988,15588.893293789473,9888.395355446512
Sector 13 Rohini,2026,Jul-Sep,12960.019999999988,15859.756965822004,10060.210443664013
Sector 13 Rohini,2026,Oct-Dec,13095.929999999982,16026.076120362259,10165.710527876718
Sector 13 Rohini,2027,Jan-Mar,13037.17000000001,15954.168876445097,10120.09810091523
Sector 13 Rohini,2027,Apr-Jun,12970.199999999997,15872.214687794056,10068.112664672668
Sector 13 Rohini,2027,Jul-Sep,13138.130000000016,16077.718150541086,10198.46826133106
Sector 13 Rohini,2027,Oct-Dec,13294.55999999999,16269.14854819195,10319.896987498312
Sector 13 Rohini,2028,Jan-Mar,13400.110000000011,16398.31481087849,10401.830133614518
Sector 13 Rohini,2028,Apr-Jun,13673.10999999999,16732.39713881233,10613.746276577265
Sector 13 Rohini,2028,Jul-Sep,13711.229999999989,16779.046290243972,10643.336911631259
Sector 13 Rohini,2028,Oct-Dec,13707.459999999988,16774.432772382028,10640.410450609392
Sector 13 Rohini,2029,Jan-Mar,13358.780000000017,16347.737438667853,10369.747737319098
Sector 13 Rohini,2029,Apr-Jun,13314.970000000014,16294.125179375606,10335.740241996024
Sector 13 Rohini,2029,Jul-Sep,13652.330000000013,16706.967722056073,10597.615809724659
Sector 13 Rohini,2029,Oct-Dec,13797.200000000026,16884.25162992341,10710.07109042436
Sector 13 Rohini,2030,Jan-Mar,14578.56,17840.436859792982,11316.60148407044
Sector 13 Rohini,2030,Apr-Jun,14728.249999999998,18023.61921755276,11432.798287880314
Sector 13 Rohini,2030,Jul-Sep,14692.3,17979.625592317516,11404.892114475511
Sector 13 Rohini,2030,Oct-Dec,14691.060000000009,17978.10814877673,11403.929564961694
Sector 14 Rohini,2024,Jan-Mar,14984.830000000018,18689.461321726525,11276.401044482589
Sector 14 Rohini,2024,Apr-Jun,15248.86000000001,19018.766256969386,11475.089195617746
Sector 14 Rohini,2024,Jul-Sep,15309.160000000002,19093.973951531152,11520.466219112988
Sector 14 Rohini,2024,Oct-Dec,15533.98000000001,19374.375176927148,11689.648017159458
Sector 14 Rohini,2025,Jan-Mar,15186.609999999993,18941.12647278246,11428.244755939804
Sector 14 Rohini,2025,Apr-Jun,16303.410000000002,20334.02785398627,12268.660342001056
Sector 14 Rohini,2025,Jul-Sep,15815.75000000001,19725.805891631477,11901.685892951431
Sector 14 Rohini,2025,Oct-Dec,15326.739999999976,19115.90017492077,11533.695540390689
Sector 14 Rohini,2026,Jan-Mar,13937.75,17383.516498812034,10488.451230860612
Sector 14 Rohini,2026,Apr-Jun,13385.070000000012,16694.199937777204,10072.547858632532
Sector 14 Rohini,2026,Jul-Sep,13289.600000000019,16575.127324181645,10000.704667370657
Sector 14 Rohini,2026,Oct-Dec,13568.470000000021,16922.9410850845,10210.560231916594
Sector 14 Rohini,2027,Jan-Mar,13702.310000000003,17089.869739149948,10311.277658526928
Sector 14 Rohini,2027,Apr-Jun,13605.330000000002,16968.913815126714,10238.298160374869
Sector 14 Rohini,2027,Jul-Sep,13872.899999999978,17302.63392845826,10439.65023627242
Sector 14 Rohini,2027,Oct-Dec,13807.70000000001,17221.314829197476,10390.585859292509
Sector 14 Rohini,2028,Jan-Mar,14268.500000000005,17796.03631599789,10737.347591077089
Sector 14 Rohini,2028,Apr-Jun,14414.119999999992,17977.65728585004,10846.929716473065
Sector 14 Rohini,2028,Jul-Sep,14485.059999999992,18066.135459186895,10900.313564677923
Sector 14 Rohini,2028,Oct-Dec,14404.479999999992,17965.634032523747,10839.67541288278
Sector 14 Rohini,2029,Jan-Mar,14105.160000000016,17592.31451119326,10614.430791446684
Sector 14 Rohini,2029,Apr-Jun,14000.040000000012,17461.206172016908,10535.325771383323
Sector 14 Rohini,2029,Jul-Sep,14237.939999999986,17757.921106282978,10714.350545670526
Sector 14 Rohini,2029,Oct-Dec,14382.979999999989,17938.818685374852,10823.496208817309
Sector 14 Rohini,2030,Jan-Mar,14984.830000000018,18689.461321726525,11276.401044482589
Sector 14 Rohini,2030,Apr-Jun,15248.86000000001,19018.766256969386,11475.089195617746
Sector 14 Rohini,2030,Jul-Sep,15309.160000000002,19093.973951531152,11520.466219112988
Sector 14 Rohini,2030,Oct-Dec,15533.98000000001,19374.375176927148,11689.648017159458
Sector 18 Dwarka,2024,Jan-Mar,10465.930000000006,12108.141252729305,8823.639948237444
Sector 18 Dwarka,2024,Apr-Jun,10723.549999999987,12406.184460502325,9040.83480081765
Sector 18 Dwarka,2024,Jul-Sep,11250.36000000001,13015.656327154464,9484.978967760404
Sector 18 Dwarka,2024,Oct-Dec,11720.720000000003,13559.820612567577,9881.531140959814
Sector 18 Dwarka,2025,Jan-Mar,13303.70000000001,15391.186333554198,11216.113501558533
Sector 18 Dwarka,2025,Apr-Jun,13914.009999999997,16097.260202570431,11730.65503745727
Sector 18 Dwarka,2025,Jul-Sep,14275.019999999997,16514.91635674381,12035.016165203511
Sector 18 Dwarka,2025,Oct-Dec,14708.050000000007,17015.89318409403,12400.09607752715
Sector 18 Dwarka,2026,Jan-Mar,8847.929999999997,10236.260536260143,7459.532846790343
Sector 18 Dwarka,2026,Apr-Jun,8826.449999999999,10211.410104993298,7441.423439782258
Sector 18 Dwarka,2026,Jul-Sep,8909.419999999987,10307.398944947206,7511.373975138902
Sector 18 Dwarka,2026,Oct-Dec,9012.120000000004,10426.213623304075,7597.958523543501
Sector 18 Dwarka,2027,Jan-Mar,9108.629999999992,10537.867027473676,7679.324392740436
Sector 18 Dwarka,2027,Apr-Jun,9106.56999999999,10535.48379244529,7677.587643278765
Sector 18 Dwarka,2027,Jul-Sep,9078.73,10503.275412255869,7654.116233078348
Sector 18 Dwarka,2027,Oct-Dec,9099.560000000012,10527.37385188756,7671.67763661553
Sector 18 Dwarka,2028,Jan-Mar,9193.310000000007,10635.834183883217,7750.71659876674
Sector 18 Dwarka,2028,Apr-Jun,9304.589999999997,10764.575151824298,7844.534792987394
Sector 18 Dwarka,2028,Jul-Sep,9323.499999999995,10786.4523238567,7860.477478579707
Sector 18 Dwarka,2028,Oct-Dec,9475.869999999984,10962.7307322426,7988.937922984825
Sector 18 Dwarka,2029,Jan-Mar,9786.750000000007,11322.390977691286,8251.035336889585
Sector 18 Dwarka,2029,Apr-Jun,9968.029999999986,11532.115660189114,8403.869289516471
Sector 18 Dwarka,2029,Jul-Sep,10314.340000000004,11932.765234305596,8695.837107997415
Sector 18 Dwarka,2029,Oct-Dec,10467.829999999996,12110.339382124406,8825.241804537034
Sector 18 Dwarka,2030,Jan-Mar,10465.930000000006,12108.141252729305,8823.639948237444
Sector 18 Dwarka,2030,Apr-Jun,10723.549999999987,12406.184460502325,9040.83480081765
Sector 18 Dwarka,2030,Jul-Sep,11250.36000000001,13015.656327154464,9484.978967760404
Sector 18 Dwarka,2030,Oct-Dec,11720.720000000003,13559.820612567577,9881.531140959814
Sector 2 Dwarka,2024,Jan-Mar,10489.510000000011,12198.184563524199,8781.03856959717
Sector 2 Dwarka,2024,Apr-Jun,10707.090000000011,12451.20696374419,8963.180382891878
Sector 2 Dwarka,2024,Jul-Sep,10920.799999999992,12699.728965541273,9142.082519665515
Sector 2 Dwarka,2024,Oct-Dec,11196.980000000003,13020.896933611682,9373.279899919831
Sector 2 Dwarka,2025,Jan-Mar,11859.099999999986,13790.872076702295,9927.557579020335
Sector 2 Dwarka,2025,Apr-Jun,12730.750000000018,14804.508326135898,10657.23820940151
Sector 2 Dwarka,2025,Jul-Sep,13167.210000000008,15312.064888319988,11022.610099421758
Sector 2 Dwarka,2025,Oct-Dec,13160.609999999979,15304.389790234412,11017.085069695908
Sector 2 Dwarka,2026,Jan-Mar,8941.839999999993,10398.408949274371,7485.444212662615
Sector 2 Dwarka,2026,Apr-Jun,8993.770000000011,10458.798016483806,7528.916151096283
Sector 2 Dwarka,2026,Jul-Sep,9038.350000000006,10510.63981537068,7566.235215517079
Sector 2 Dwarka,2026,Oct-Dec,9024.38,10494.39419108961,7554.540569264077
Sector 2 Dwarka,2027,Jan-Mar,9133.789999999999,10621.626385262187,7646.130493855371
Sector 2 Dwarka,2027,Apr-Jun,9106.239999999998,10589.5886652233,7623.06768037863
Sector 2 Dwarka,2027,Jul-Sep,9079.210000000003,10558.155649882068,7600.440172274231
Sector 2 Dwarka,2027,Oct-Dec,9057.619999999995,10533.048775993148,7582.366628065049
Sector 2 Dwarka,2028,Jan-Mar,8933.980000000009,10389.2686051907,7478.8644045346
Sector 2 Dwarka,2028,Apr-Jun,9039.309999999996,10511.75619327402,7567.0388562044645
Sector 2 Dwarka,2028,Jul-Sep,9201.839999999982,10700.761298098689,7703.09689883148
Sector 2 Dwarka,2028,Oct-Dec,9251.459999999986,10758.464080978167,7744.635076861096
Sector 2 Dwarka,2029,Jan-Mar,9427.80000000001,10963.52874710005,7892.253825626575
Sector 2 Dwarka,2029,Apr-Jun,9823.110000000006,11423.23223561445,8223.177992432024
Sector 2 Dwarka,2029,Jul-Sep,10083.459999999995,11725.99159721603,8441.1236726015
Sector 2 Dwarka,2029,Oct-Dec,10151.67000000001,11805.31257303646,8498.2240176922
Sector 2 Dwarka,2030,Jan-Mar,10489.510000000011,12198.184563524199,8781.03856959717
Sector 2 Dwarka,2030,Apr-Jun,10707.090000000011,12451.20696374419,8963.180382891878
Sector 2 Dwarka,2030,Jul-Sep,10920.799999999992,12699.728965541273,9142.082519665515
Sector 2 Dwarka,2030,Oct-Dec,11196.980000000003,13020.896933611682,9373.279899919831
Sector 22 Dwarka,2024,Jan-Mar,10501.529999999999,12311.927601977515,8691.13239802248
Sector 22 Dwarka,2024,Apr-Jun,10783.019999999997,12641.944704312187,8924.095295687805
Sector 22 Dwarka,2024,Jul-Sep,11053.109999999988,12958.596518478123,9147.623481521852
Sector 22 Dwarka,2024,Oct-Dec,11186.310000000005,13114.75935918644,9257.86064081357
Sector 22 Dwarka,2025,Jan-Mar,11837.450000000004,13878.151792360619,9796.748207639388
Sector 22 Dwarka,2025,Apr-Jun,12722.439999999999,14915.70849204857,10529.171507951425
Sector 22 Dwarka,2025,Jul-Sep,13364.110000000017,15667.998356893135,11060.221643106897
Sector 22 Dwarka,2025,Oct-Dec,13754.509999999982,16125.700856987081,11383.31914301288
Sector 22 Dwarka,2026,Jan-Mar,9160.19,10739.34903774578,7581.030962254221
Sector 22 Dwarka,2026,Apr-Jun,9154.739999999998,10732.959492086165,7576.5205079138295
Sector 22 Dwarka,2026,Jul-Sep,9201.55000000001,10787.839241136895,7615.260758863124
Sector 22 Dwarka,2026,Oct-Dec,9152.359999999993,10730.169195082513,7574.550804917472
Sector 22 Dwarka,2027,Jan-Mar,9072.800000000007,10636.893552389194,7508.706447610818
Sector 22 Dwarka,2027,Apr-Jun,9069.669999999995,10633.223960111274,7506.116039888713
Sector 22 Dwarka,2027,Jul-Sep,9248.679999999993,10843.094156171275,7654.26584382871
Sector 22 Dwarka,2027,Oct-Dec,9270.180000000004,10868.300620700029,7672.059379299977
Sector 22 Dwarka,2028,Jan-Mar,9275.219999999992,10874.209484943032,7676.230515056951
Sector 22 Dwarka,2028,Apr-Jun,9343.289999999992,10954.014324034728,7732.565675965255
Sector 22 Dwarka,2028,Jul-Sep,9433.750000000002,11060.069058047296,7807.430941952706
Sector 22 Dwarka,2028,Oct-Dec,9374.25,10990.311632956125,7758.188367043874
Sector 22 Dwarka,2029,Jan-Mar,9516.489999999993,11157.072912703476,7875.9070872965085
Sector 22 Dwarka,2029,Apr-Jun,9828.560000000005,11522.941814353928,8134.178185646081
Sector 22 Dwarka,2029,Jul-Sep,10081.459999999994,11819.440180833857,8343.479819166128
Sector 22 Dwarka,2029,Oct-Dec,10232.280000000008,11996.26059851875,8468.299401481265
Sector 22 Dwarka,2030,Jan-Mar,10501.529999999999,12311.927601977515,8691.13239802248
Sector 22 Dwarka,2030,Apr-Jun,10783.019999999997,12641.944704312187,8924.095295687805
Sector 22 Dwarka,2030,Jul-Sep,11053.109999999988,12958.596518478123,9147.623481521852
Sector 22 Dwarka,2030,Oct-Dec,11186.310000000005,13114.75935918644,9257.86064081357
Sector 23 Dwarka,2024,Jan-Mar,10032.340000000004,11830.065293879883,8234.733974035858
Sector 23 Dwarka,2024,Apr-Jun,10320.660000000009,12170.050225165256,8471.392470398028
Sector 23 Dwarka,2024,Jul-Sep,10469.140000000007,12345.136804650727,8593.26765609397
Sector 23 Dwarka,2024,Oct-Dec,11005.330000000009,12977.40830959628,9033.382525559948
Sector 23 Dwarka,2025,Jan-Mar,11533.110000000019,13599.762801250674,9466.594308336122
Sector 23 Dwarka,2025,Apr-Jun,12624.120000000012,14886.274177088793,10362.115902800904
Sector 23 Dwarka,2025,Jul-Sep,13408.90000000001,15811.681274668324,11006.278134956498
Sector 23 Dwarka,2025,Oct-Dec,13780.140000000023,16249.444891102788,11310.998931951133
Sector 23 Dwarka,2026,Jan-Mar,8815.420000000004,10395.081724998814,7235.863075752535
Sector 23 Dwarka,2026,Apr-Jun,8881.830000000007,10473.3919334015,7290.373656854826
Sector 23 Dwarka,2026,Jul-Sep,8760.25000000001,10330.025646131542,7190.578498739843
Sector 23 Dwarka,2026,Oct-Dec,8814.060000000007,10393.478022492754,7234.746762090452
Sector 23 Dwarka,2027,Jan-Mar,8923.920000000007,10523.024167578113,7324.92192305864
Sector 23 Dwarka,2027,Apr-Jun,8918.09000000001,10516.14947227639,7320.136549051317
Sector 23 Dwarka,2027,Jul-Sep,8874.310000000009,10464.524401897388,7284.201098958588
Sector 23 Dwarka,2027,Oct-Dec,8853.390000000009,10439.855683936477,7267.029568215328
Sector 23 Dwarka,2028,Jan-Mar,8898.11,10492.589195753482,7303.736588045081
Sector 23 Dwarka,2028,Apr-Jun,8871.960000000001,10461.753298302345,7282.272174616007
Sector 23 Dwarka,2028,Jul-Sep,8919.209999999997,10517.47016845784,7321.05586618479
Sector 23 Dwarka,2028,Oct-Dec,9140.900000000001,10778.885468876313,7503.023201293453
Sector 23 Dwarka,2029,Jan-Mar,9445.979999999983,11138.63367516285,7753.438621903072
Sector 23 Dwarka,2029,Apr-Jun,9557.989999999996,11270.715085239424,7845.378543440008
Sector 23 Dwarka,2029,Jul-Sep,9546.90999999999,11257.649626587081,7836.283870369482
Sector 23 Dwarka,2029,Oct-Dec,9757.139999999998,11505.55137500594,8008.8446212373365
Sector 23 Dwarka,2030,Jan-Mar,10032.340000000004,11830.065293879883,8234.733974035858
Sector 23 Dwarka,2030,Apr-Jun,10320.660000000009,12170.050225165256,8471.392470398028
Sector 23 Dwarka,2030,Jul-Sep,10469.140000000007,12345.136804650727,8593.26765609397
Sector 23 Dwarka,2030,Oct-Dec,11005.330000000009,12977.40830959628,9033.382525559948
Sector 4 Dwarka,2024,Jan-Mar,10074.190000000002,11479.718861685767,8668.583662424058
Sector 4 Dwarka,2024,Apr-Jun,10345.890000000005,11789.325848919485,8902.374585672542
Sector 4 Dwarka,2024,Jul-Sep,10864.530000000002,12380.325362570178,9348.651083403833
Sector 4 Dwarka,2024,Oct-Dec,11124.920000000002,12677.04440344536,9572.710039990774
Sector 4 Dwarka,2025,Jan-Mar,11519.400000000021,13126.561386603114,9912.15002307162
Sector 4 Dwarka,2025,Apr-Jun,12610.12999999999,14369.467640506025,10850.695380873638
Sector 4 Dwarka,2025,Jul-Sep,13396.410000000005,15265.447699107903,11527.269275359538
Sector 4 Dwarka,2025,Oct-Dec,13946.580000000022,15892.376209105614,12000.676534261343
Sector 4 Dwarka,2026,Jan-Mar,8832.209999999995,10064.460539990765,7599.891535607165
Sector 4 Dwarka,2026,Apr-Jun,8888.670000000006,10128.797715181117,7648.473926209342
Sector 4 Dwarka,2026,Jul-Sep,8805.910000000007,10034.491221756525,7577.261056102445
Sector 4 Dwarka,2026,Oct-Dec,8853.430000000006,10088.641107782825,7618.150804622016
Sector 4 Dwarka,2027,Jan-Mar,9055.850000000013,10319.302301584265,7792.328054102912
Sector 4 Dwarka,2027,Apr-Jun,9045.380000000014,10307.371550180742,7783.318886026314
Sector 4 Dwarka,2027,Jul-Sep,9063.870000000003,10328.441234368995,7799.229059640086
Sector 4 Dwarka,2027,Oct-Dec,9016.13,10274.0406544259,7758.150006729216
Sector 4 Dwarka,2028,Jan-Mar,9034.870000000003,10295.395218065065,7774.275298969472
Sector 4 Dwarka,2028,Apr-Jun,8997.790000000003,10253.141897908177,7742.36890429132
Sector 4 Dwarka,2028,Jul-Sep,9046.73,10308.909899215565,7784.480526609244
Sector 4 Dwarka,2028,Oct-Dec,9270.380000000005,10563.763055987085,7976.925649850039
Sector 4 Dwarka,2029,Jan-Mar,9454.519999999984,10773.59386433898,8135.373425363365
Sector 4 Dwarka,2029,Apr-Jun,9683.22000000001,11034.201586018622,8332.163944858888
Sector 4 Dwarka,2029,Jul-Sep,9728.140000000007,11085.388725755602,8370.816459663161
Sector 4 Dwarka,2029,Oct-Dec,9863.300000000003,11239.405952087982,8487.11819387834
Sector 4 Dwarka,2030,Jan-Mar,10074.190000000002,11479.718861685767,8668.583662424058
Sector 4 Dwarka,2030,Apr-Jun,10345.890000000005,11789.325848919485,8902.374585672542
Sector 4 Dwarka,2030,Jul-Sep,10864.530000000002,12380.325362570178,9348.651083403833
Sector 4 Dwarka,2030,Oct-Dec,11124.920000000002,12677.04440344536,9572.710039990774
Sector 9 Rohini,2024,Jan-Mar,14693.560000000005,18181.958856728197,11205.122228490165
Sector 9 Rohini,2024,Apr-Jun,14805.889999999998,18320.957127969214,11290.783659751629
Sector 9 Rohini,2024,Jul-Sep,15159.429999999997,18758.4310780676,11560.388773329307
Sector 9 Rohini,2024,Oct-Dec,14887.089999999997,18421.4348242638,11352.705748404984
Sector 9 Rohini,2025,Jan-Mar,15902.9,19678.408330089012,12127.34955228387
Sector 9 Rohini,2025,Apr-Jun,16001.980000000003,19801.010918129265,12202.906701837745
Sector 9 Rohini,2025,Jul-Sep,16447.92999999999,20352.83393121511,12542.982507687044
Sector 9 Rohini,2025,Oct-Dec,17115.89999999998,21179.386724243388,13052.367945590757
Sector 9 Rohini,2026,Jan-Mar,13905.639999999998,17206.97872785586,10604.264444108976
Sector 9 Rohini,2026,Apr-Jun,13911.469999999983,17214.192828464184,10608.710328060308
Sector 9 Rohini,2026,Jul-Sep,13658.360000000013,16900.99196997748,10415.691856889754
Sector 9 Rohini,2026,Oct-Dec,13760.450000000017,17027.319162276926,10493.544394212677
Sector 9 Rohini,2027,Jan-Mar,13887.529999999995,17184.569231798036,10590.453988129759
Sector 9 Rohini,2027,Apr-Jun,14054.180000000008,17390.78361711201,10717.539161455898
Sector 9 Rohini,2027,Jul-Sep,13814.000000000013,17093.582470609126,10534.380944057344
Sector 9 Rohini,2027,Oct-Dec,14032.109999999999,17363.473977244736,10700.708859773877
Sector 9 Rohini,2028,Jan-Mar,14637.540000000005,18112.639145565354,11162.402088017738
Sector 9 Rohini,2028,Apr-Jun,14600.620000000006,18066.95396641269,11134.247364950228
Sector 9 Rohini,2028,Jul-Sep,14702.660000000014,18193.219288209497,11212.06177290822
Sector 9 Rohini,2028,Oct-Dec,14815.67000000002,18333.058998286495,11298.241763532802
Sector 9 Rohini,2029,Jan-Mar,14891.189999999975,18426.50820548062,11355.832356329583
Sector 9 Rohini,2029,Apr-Jun,14541.799999999976,17994.16950710172,11089.391980041457
Sector 9 Rohini,2029,Jul-Sep,14916.719999999996,18458.0992841309,11375.301210065069
Sector 9 Rohini,2029,Oct-Dec,14907.620000000008,18446.838852649627,11368.36166564703
Sector 9 Rohini,2030,Jan-Mar,14693.560000000005,18181.958856728197,11205.122228490165
Sector 9 Rohini,2030,Apr-Jun,14805.889999999998,18320.957127969214,11290.783659751629
Sector 9 Rohini,2030,Jul-Sep,15159.429999999997,18758.4310780676,11560.388773329307
Sector 9 Rohini,2030,Oct-Dec,14887.089999999997,18421.4348242638,11352.705748404984
Sector B Vasant Kunj,2024,Jan-Mar,15904.250000000004,19119.149986257005,12689.23186667063
Sector B Vasant Kunj,2024,Apr-Jun,15713.090000000013,18889.348724872612,12536.714548115362
Sector B Vasant Kunj,2024,Jul-Sep,15789.220000000007,18980.86771435364,12597.454993091362
Sector B Vasant Kunj,2024,Oct-Dec,15786.160000000009,18977.189163088544,12595.013567088126
Sector B Vasant Kunj,2025,Jan-Mar,16851.04999999998,20257.337024752233,13444.637794731587
Sector B Vasant Kunj,2025,Apr-Jun,17280.22,20773.259850387032,13787.051780944033
Sector B Vasant Kunj,2025,Jul-Sep,18156.479999999992,21826.647867235195,14486.177254668899
Sector B Vasant Kunj,2025,Oct-Dec,19359.1,23272.366600056455,15445.68958800719
Sector B Vasant Kunj,2026,Jan-Mar,14858.380000000005,17861.866845201843,11854.78277712571
Sector B Vasant Kunj,2026,Apr-Jun,14815.880000000001,17810.7758554088,11820.87408263628
Sector B Vasant Kunj,2026,Jul-Sep,14612.710000000026,17566.536881379383,11658.774565944128
Sector B Vasant Kunj,2026,Oct-Dec,14403.869999999992,17315.481768241036,11492.15123048122
Sector B Vasant Kunj,2027,Jan-Mar,14805.72999999999,17798.574124905273,11812.77588854056
Sector B Vasant Kunj,2027,Apr-Jun,14766.959999999986,17751.967120804653,11781.843180649847
Sector B Vasant Kunj,2027,Jul-Sep,14650.05,17611.424823941044,11688.566345996702
Sector B Vasant Kunj,2027,Oct-Dec,14527.300000000008,17463.8620240094,11590.630057794886
Sector B Vasant Kunj,2028,Jan-Mar,14931.069999999989,17949.250469861963,11912.778612477148
Sector B Vasant Kunj,2028,Apr-Jun,14883.599999999979,17892.184839615467,11874.904595361535
Sector B Vasant Kunj,2028,Jul-Sep,14909.130000000008,17922.875497719415,11895.273747604268
Sector B Vasant Kunj,2028,Oct-Dec,15090.230000000005,18140.583221284567,12039.764678710984
Sector B Vasant Kunj,2029,Jan-Mar,15524.15,18662.216216366796,12385.968460189875
Sector B Vasant Kunj,2029,Apr-Jun,15258.750000000015,18343.168011870996,12174.218636248841
Sector B Vasant Kunj,2029,Jul-Sep,15484.90000000003,18615.032184616794,12354.65278351437
Sector B Vasant Kunj,2029,Oct-Dec,15717.940000000024,18895.179108413715,12540.58412854534
Sector B Vasant Kunj,2030,Jan-Mar,15904.250000000004,19119.149986257005,12689.23186667063
Sector B Vasant Kunj,2030,Apr-Jun,15713.090000000013,18889.348724872612,12536.714548115362
Sector B Vasant Kunj,2030,Jul-Sep,15789.220000000007,18980.86771435364,12597.454993091362
Sector B Vasant Kunj,2030,Oct-Dec,15786.160000000009,18977.189163088544,12595.013567088126
Sector C Vasant Kunj,2024,Jan-Mar,16297.74999999999,19784.29197079421,12811.28572892878
Sector C Vasant Kunj,2024,Apr-Jun,16536.42999999999,20074.032260563603,12998.90657706921
Sector C Vasant Kunj,2024,Jul-Sep,16784.379999999994,20375.025661134758,13193.814358602733
Sector C Vasant Kunj,2024,Oct-Dec,16430.009999999984,19944.846062988352,12915.252267285794
Sector C Vasant Kunj,2025,Jan-Mar,16710.46999999998,20285.304256673302,13135.715410697327
Sector C Vasant Kunj,2025,Apr-Jun,17194.390000000007,20872.748202647887,13516.113771817332
Sector C Vasant Kunj,2025,Jul-Sep,18411.549999999992,22350.292576268268,14472.895201022147
Sector C Vasant Kunj,2025,Oct-Dec,19547.640000000018,23729.423822305303,15365.94937130817
Sector C Vasant Kunj,2026,Jan-Mar,15303.859999999986,18577.78125938602,12030.011701954192
Sector C Vasant Kunj,2026,Apr-Jun,15099.999999999984,18330.30993597229,11869.76205346287
Sector C Vasant Kunj,2026,Jul-Sep,15366.340000000002,18653.627468975417,12079.125790238997
Sector C Vasant Kunj,2026,Oct-Dec,15018.45999999999,18231.32626231805,11805.665338374174
Sector C Vasant Kunj,2027,Jan-Mar,15278.299999999994,18546.753264554016,12009.919574928601
Sector C Vasant Kunj,2027,Apr-Jun,15107.250000000004,18339.110912597203,11875.461111402461
Sector C Vasant Kunj,2027,Jul-Sep,15381.549999999988,18672.091310970507,12091.082020757738
Sector C Vasant Kunj,2027,Oct-Dec,15089.339999999986,18317.369465514184,11861.3824730993
Sector C Vasant Kunj,2028,Jan-Mar,15787.94999999998,19165.431573088325,12410.543696156892
Sector C Vasant Kunj,2028,Apr-Jun,15732.570000000005,19098.204250952316,12367.01075426812
Sector C Vasant Kunj,2028,Jul-Sep,15841.779999999977,19230.777307118344,12452.858218762049
Sector C Vasant Kunj,2028,Oct-Dec,15924.620000000004,19331.33908692606,12517.976833895109
Sector C Vasant Kunj,2029,Jan-Mar,16357.899999999972,19857.309728585493,12858.568257903322
Sector C Vasant Kunj,2029,Apr-Jun,16408.579999999984,19918.831590012996,12898.406638093364
Sector C Vasant Kunj,2029,Jul-Sep,16450.539999999983,19969.76800093441,12931.39042721676
Sector C Vasant Kunj,2029,Oct-Dec,16599.079999999987,20150.08483788073,13048.154298436722
Sector C Vasant Kunj,2030,Jan-Mar,16297.74999999999,19784.29197079421,12811.28572892878
Sector C Vasant Kunj,2030,Apr-Jun,16536.42999999999,20074.032260563603,12998.90657706921
Sector C Vasant Kunj,2030,Jul-Sep,16784.379999999994,20375.025661134758,13193.814358602733
Sector C Vasant Kunj,2030,Oct-Dec,16430.009999999984,19944.846062988352,12915.252267285794
Sector D Vasant Kunj,2024,Jan-Mar,14497.970000000014,17401.377873719313,11594.446320398545
Sector D Vasant Kunj,2024,Apr-Jun,14705.57,17650.552485515578,11760.47005034933
Sector D Vasant Kunj,2024,Jul-Sep,14780.689999999982,17740.71624677826,11820.545689048273
Sector D Vasant Kunj,2024,Oct-Dec,14800.669999999982,17764.697502769057,11836.524273462614
Sector D Vasant Kunj,2025,Jan-Mar,16632.739999999998,19963.663451871253,13301.683690278396
Sector D Vasant Kunj,2025,Apr-Jun,16798.150000000023,20162.198965056366,13433.966855842777
Sector D Vasant Kunj,2025,Jul-Sep,17870.68,21449.517107589407,14291.700146228726
Sector D Vasant Kunj,2025,Oct-Dec,18333.42,22004.92683717809,14661.766720397467
Sector D Vasant Kunj,2026,Jan-Mar,13197.099999999979,15839.991663471546,10554.102921645668
Sector D Vasant Kunj,2026,Apr-Jun,13138.879999999997,15770.112347966851,10507.542702196091
Sector D Vasant Kunj,2026,Jul-Sep,13309.199999999984,15974.541152789294,10643.752536903303
Sector D Vasant Kunj,2026,Oct-Dec,13271.809999999998,15929.663316878603,10613.850671475278
Sector D Vasant Kunj,2027,Jan-Mar,13635.06999999998,16365.67087699957,10904.360209731169
Sector D Vasant Kunj,2027,Apr-Jun,13664.529999999988,16401.03062682385,10927.920224588355
Sector D Vasant Kunj,2027,Jul-Sep,13736.87999999999,16487.869659403143,10985.780614096739
Sector D Vasant Kunj,2027,Oct-Dec,14028.629999999986,16838.04640791742,11219.101535161979
Sector D Vasant Kunj,2028,Jan-Mar,13673.909999999985,16412.289094351057,10935.421682136226
Sector D Vasant Kunj,2028,Apr-Jun,13703.890000000001,16448.2729809679,10959.397556047245
Sector D Vasant Kunj,2028,Jul-Sep,13792.82999999999,16555.024377755755,11030.525448830589
Sector D Vasant Kunj,2028,Oct-Dec,14094.319999999987,16916.891688499778,11271.635729865582
Sector D Vasant Kunj,2029,Jan-Mar,14453.690000000015,17348.230225307278,11559.034322507307
Sector D Vasant Kunj,2029,Apr-Jun,14629.890000000003,17559.716576937826,11699.94656343856
Sector D Vasant Kunj,2029,Jul-Sep,14711.349999999982,17657.4900060174,11765.092483678389
Sector D Vasant Kunj,2029,Oct-Dec,14777.359999999984,17736.719370779792,11817.882591645885
Sector D Vasant Kunj,2030,Jan-Mar,14497.970000000014,17401.377873719313,11594.446320398545
Sector D Vasant Kunj,2030,Apr-Jun,14705.57,17650.552485515578,11760.47005034933
Sector D Vasant Kunj,2030,Jul-Sep,14780.689999999982,17740.71624677826,11820.545689048273
Sector D Vasant Kunj,2030,Oct-Dec,14800.669999999982,17764.697502769057,11836.524273462614
Shahdara,2024,Jan-Mar,5461.36000000001,6920.1506191333765,4002.6815552619223
Shahdara,2024,Apr-Jun,5485.250000000009,6950.42190655832,4020.1907585290946
Shahdara,2024,Jul-Sep,5677.370000000012,7193.859317193752,4160.997293970254
Shahdara,2024,Oct-Dec,6068.350000000011,7689.274468194374,4447.550173560008
Shahdara,2025,Jan-Mar,5947.569999999997,7536.232773125925,4359.029387850113
Shahdara,2025,Apr-Jun,6119.029999999997,7753.49166562827,4484.69401707529
Shahdara,2025,Jul-Sep,5792.290000000012,7339.475740419983,4245.22323116002
Shahdara,2025,Oct-Dec,5988.749999999996,7588.412413819069,4389.210592979547
Shahdara,2026,Jan-Mar,5402.530000000008,6845.606465127116,3959.564500920867
Shahdara,2026,Apr-Jun,5169.060000000007,6549.774004888444,3788.452165768633
Shahdara,2026,Jul-Sep,5661.560000000003,7173.826288554629,4149.409997877573
Shahdara,2026,Oct-Dec,5677.5300000000025,7194.062054991479,4161.114559458851
Shahdara,2027,Jan-Mar,5507.790000000009,6978.98259381484,4036.710534236172
Shahdara,2027,Apr-Jun,5246.260000000012,6647.594992297649,3845.0327640200285
Shahdara,2027,Jul-Sep,5390.400000000005,6830.236405836004,3950.67431106608
Shahdara,2027,Oct-Dec,5543.36,7024.053740474739,4062.780118171424
Shahdara,2028,Jan-Mar,5615.360000000003,7115.2857494574155,4115.549588043191
Shahdara,2028,Apr-Jun,5532.950000000006,7010.863112509336,4055.1505323191363
Shahdara,2028,Jul-Sep,5576.889999999997,7066.539980213472,4087.354567126981
Shahdara,2028,Oct-Dec,5665.1200000000035,7178.337204554328,4152.01915499901
Shahdara,2029,Jan-Mar,5545.789999999998,7027.132820777902,4064.561087779595
Shahdara,2029,Apr-Jun,5513.290000000004,6985.95170561212,4040.7415354069276
Shahdara,2029,Jul-Sep,5568.870000000002,7056.377748101797,4081.476634510713
Shahdara,2029,Oct-Dec,5727.650000000011,7257.569670133315,4197.847973764035
Shahdara,2030,Jan-Mar,5461.36000000001,6920.1506191333765,4002.6815552619223
Shahdara,2030,Apr-Jun,5485.250000000009,6950.42190655832,4020.1907585290946
Shahdara,2030,Jul-Sep,5677.370000000012,7193.859317193752,4160.997293970254
Shahdara,2030,Oct-Dec,6068.350000000011,7689.274468194374,4447.550173560008
Uttam Nagar,2024,Jan-Mar,4445.4100000000035,5493.114328697162,3397.5532890282907
Uttam Nagar,2024,Apr-Jun,4529.539999999998,5597.072278239108,3461.852455630681
Uttam Nagar,2024,Jul-Sep,4576.960000000003,5655.66833157656,3498.0947768036967
Uttam Nagar,2024,Oct-Dec,4839.610000000004,5980.2202803129685,3698.8338248022583
Uttam Nagar,2025,Jan-Mar,5029.74999999999,6215.17290750785,3844.1546798810455
Uttam Nagar,2025,Apr-Jun,5005.499999999994,6185.2076124122605,3825.620806231838
Uttam Nagar,2025,Jul-Sep,4939.360000000006,6103.479586943302,3775.0710988850938
Uttam Nagar,2025,Oct-Dec,5137.530000000001,6348.3547427822205,3926.529150062987
Uttam Nagar,2026,Jan-Mar,4397.240000000005,5433.59151365573,3360.7377552681905
Uttam Nagar,2026,Apr-Jun,4376.229999999994,5407.629829121347,3344.680159995196
Uttam Nagar,2026,Jul-Sep,4375.85,5407.160269858002,3344.389732284409
Uttam Nagar,2026,Oct-Dec,4342.589999999996,5366.061477491832,3318.969664755633
Uttam Nagar,2027,Jan-Mar,4417.649999999996,5458.811788826897,3376.336780471498
Uttam Nagar,2027,Apr-Jun,4382.8499999999985,5415.810045761882,3349.7397164305717
Uttam Nagar,2027,Jul-Sep,4377.100000000002,5408.704872697983,3345.3450865962254
Uttam Nagar,2027,Oct-Dec,4301.509999999997,5315.29964975876,3287.5729006521465
Uttam Nagar,2028,Jan-Mar,4411.7499999999945,5451.521263422193,3371.8275081197303
Uttam Nagar,2028,Apr-Jun,4374.829999999995,5405.899873940572,3343.6101631659644
Uttam Nagar,2028,Jul-Sep,4370.780000000001,5400.895360739047,3340.514815195688
Uttam Nagar,2028,Oct-Dec,4352.270000000004,5378.022881884641,3326.3679285463345
Uttam Nagar,2029,Jan-Mar,4369.649999999999,5399.499039771703,3339.6511748978055
Uttam Nagar,2029,Apr-Jun,4424.830000000003,5467.683987539745,3381.8243356385683
Uttam Nagar,2029,Jul-Sep,4349.870000000008,5375.057244431886,3324.533648267653
Uttam Nagar,2029,Oct-Dec,4379.580000000001,5411.7693647324995,3347.240509550865
Uttam Nagar,2030,Jan-Mar,4445.4100000000035,5493.114328697162,3397.5532890282907
Uttam Nagar,2030,Apr-Jun,4529.539999999998,5597.072278239108,3461.852455630681
Uttam Nagar,2030,Jul-Sep,4576.960000000003,5655.66833157656,3498.0947768036967
Uttam Nagar,2030,Oct-Dec,4839.610000000004,5980.2202803129685,3698.8338248022583
Uttam Nagar West,2024,Jan-Mar,4228.909999999999,5186.151939413091,3296.1060055078997
Uttam Nagar West,2024,Apr-Jun,4269.409999999995,5235.819384108347,3327.6726014446913
Uttam Nagar West,2024,Jul-Sep,4353.430000000005,5338.857870609487,3393.159648126414
Uttam Nagar West,2024,Oct-Dec,4696.869999999997,5760.037801625279,3660.844381670426
Uttam Nagar West,2025,Jan-Mar,4926.399999999997,6041.52344559819,3839.745141309252
Uttam Nagar West,2025,Apr-Jun,4780.439999999998,5862.5244276297935,3725.980688397289
Uttam Nagar West,2025,Jul-Sep,4799.7200000000075,5886.168584018068,3741.007946907455
Uttam Nagar West,2025,Oct-Dec,5032.140000000004,6171.198398735896,3922.161236478558
Uttam Nagar West,2026,Jan-Mar,4169.879999999996,5113.7601058239225,3250.0967176523664
Uttam Nagar West,2026,Apr-Jun,4166.2,5109.247113318284,3247.2284442437917
Uttam Nagar West,2026,Jul-Sep,4112.950000000002,5043.943621218963,3205.7242162528228
Uttam Nagar West,2026,Oct-Dec,3867.6899999999964,4743.1673869977385,3014.5631466365658
Uttam Nagar West,2027,Jan-Mar,3819.960000000001,4684.633383656886,2977.3613287584653
Uttam Nagar West,2027,Apr-Jun,3830.7000000000025,4697.8044541760755,2985.7323223476315
Uttam Nagar West,2027,Jul-Sep,3921.750000000005,4809.464227990977,3056.698706546279
Uttam Nagar West,2027,Oct-Dec,3882.4300000000026,4761.243884153502,3026.05182871332
Uttam Nagar West,2028,Jan-Mar,3960.810000000004,4857.36571909707,3087.142934627542
Uttam Nagar West,2028,Apr-Jun,3955.670000000001,4851.062245869076,3083.1367049209935
Uttam Nagar West,2028,Jul-Sep,4126.250000000003,5060.254164785556,3216.090530474042
Uttam Nagar West,2028,Oct-Dec,4015.210000000001,4924.0795213544025,3129.543498058691
Uttam Nagar West,2029,Jan-Mar,4387.040000000003,5380.075717923253,3419.3560256433425
Uttam Nagar West,2029,Apr-Jun,4442.120000000005,5447.62344270881,3462.286596117385
Uttam Nagar West,2029,Jul-Sep,4342.510000000004,5325.466055891652,3384.6483585553074
Uttam Nagar West,2029,Oct-Dec,4256.379999999996,5219.8399568397235,3317.5167311963846
Uttam Nagar West,2030,Jan-Mar,4228.909999999999,5186.151939413091,3296.1060055078997
Uttam Nagar West,2030,Apr-Jun,4269.409999999995,5235.819384108347,3327.6726014446913
Uttam Nagar West,2030,Jul-Sep,4353.430000000005,5338.857870609487,3393.159648126414
Uttam Nagar West,2030,Oct-Dec,4696.869999999997,5760.037801625279,3660.844381670426
Vasant Kunj,2024,Jan-Mar,14986.740000000014,18197.723209041418,11773.895512119598
Vasant Kunj,2024,Apr-Jun,14875.94000000001,18063.183760731652,11686.848721240267
Vasant Kunj,2024,Jul-Sep,15078.980000000018,18309.726085504346,11846.361179905785
Vasant Kunj,2024,Oct-Dec,15350.450000000013,18639.359876412735,12059.633673768696
Vasant Kunj,2025,Jan-Mar,16838.889999999985,20446.70551217242,13228.983181137139
Vasant Kunj,2025,Apr-Jun,16811.569999999985,20413.532066975462,13207.520019342706
Vasant Kunj,2025,Jul-Sep,17198.85999999998,20883.8008660358,13511.783120783628
Vasant Kunj,2025,Oct-Dec,17138.149999999976,20810.083448103618,13464.088078596948
Vasant Kunj,2026,Jan-Mar,13676.019999999973,16606.174962754667,10744.1665433348
Vasant Kunj,2026,Apr-Jun,13620.089999999978,16538.261683477012,10700.226768841296
Vasant Kunj,2026,Jul-Sep,13597.499999999982,16510.831664187146,10682.47959369722
Vasant Kunj,2026,Oct-Dec,13459.159999999978,16342.851634591729,10573.796804435067
Vasant Kunj,2027,Jan-Mar,13439.429999999977,16318.89438445498,10558.296504940037
Vasant Kunj,2027,Apr-Jun,13434.529999999972,16312.944535206618,10554.446962744107
Vasant Kunj,2027,Jul-Sep,13496.159999999973,16387.77906769155,10602.864776118593
Vasant Kunj,2027,Oct-Dec,13453.869999999979,16336.428225913403,10569.640870105179
Vasant Kunj,2028,Jan-Mar,13651.319999999967,16576.18286552315,10724.7617081839
Vasant Kunj,2028,Apr-Jun,13639.37999999997,16561.684661436346,10715.38139515954
Vasant Kunj,2028,Jul-Sep,13872.459999999988,16844.703204866317,10898.493904348667
Vasant Kunj,2028,Oct-Dec,13918.840000000004,16901.020349384446,10934.930999664412
Vasant Kunj,2029,Jan-Mar,14390.079999999985,17473.225851383435,11305.146971992684
Vasant Kunj,2029,Apr-Jun,14424.11999999998,17514.559089835275,11331.889505941528
Vasant Kunj,2029,Jul-Sep,14571.189999999991,17693.139565132362,11447.430765279287
Vasant Kunj,2029,Oct-Dec,14725.93000000001,17881.033375885563,11568.99773658496
Vasant Kunj,2030,Jan-Mar,14986.740000000014,18197.723209041418,11773.895512119598
Vasant Kunj,2030,Apr-Jun,14875.94000000001,18063.183760731652,11686.848721240267
Vasant Kunj,2030,Jul-Sep,15078.980000000018,18309.726085504346,11846.361179905785
Vasant Kunj,2030,Oct-Dec,15350.450000000013,18639.359876412735,12059.633673768696
Vasundhara Enclave,2024,Jan-Mar,9143.499999999993,10871.84629580753,7415.336524465339
Vasundhara Enclave,2024,Apr-Jun,9159.03999999999,10890.323737863288,7427.9393931250615
Vasundhara Enclave,2024,Jul-Sep,9442.98999999999,11227.947268862858,7658.221539581225
Vasundhara Enclave,2024,Oct-Dec,9597.879999999986,11412.11528688195,7783.836618519751
Vasundhara Enclave,2025,Jan-Mar,9636.149999999994,11457.61925776188,7814.873412831705
Vasundhara Enclave,2025,Apr-Jun,9698.649999999992,11531.933294343928,7865.560625909746
Vasundhara Enclave,2025,Jul-Sep,9846.600000000011,11707.84948174098,7985.547396708104
Vasundhara Enclave,2025,Oct-Dec,9799.88000000001,11652.298253115163,7947.657691188005
Vasundhara Enclave,2026,Jan-Mar,8748.229999999987,10401.860547970935,7094.774369051606
Vasundhara Enclave,2026,Apr-Jun,8700.43999999999,10345.037063038839,7056.016898443614
Vasundhara Enclave,2026,Jul-Sep,8622.389999999987,10252.233694155173,6992.7187067517525
Vasundhara Enclave,2026,Oct-Dec,8508.959999999981,10117.362635443136,6900.72749748067
Vasundhara Enclave,2027,Jan-Mar,8667.66000000001,10306.06083713231,7029.4324689284595
Vasundhara Enclave,2027,Apr-Jun,8703.200000000006,10348.318770894322,7058.2552457731545
Vasundhara Enclave,2027,Jul-Sep,8768.359999999986,10425.79561287328,7111.099706639782
Vasundhara Enclave,2027,Oct-Dec,8499.749999999985,10106.41171901241,6893.258229761493
Vasundhara Enclave,2028,Jan-Mar,13438.62999999999,15978.861462922072,10898.667236591638
Vasundhara Enclave,2028,Apr-Jun,13483.520000000002,16032.236776556778,10935.072820512822
Vasundhara Enclave,2028,Jul-Sep,13362.800000000008,15888.697728617824,10837.169454708326
Vasundhara Enclave,2028,Oct-Dec,9975.19999999999,11860.758043412177,8089.841406337468
Vasundhara Enclave,2029,Jan-Mar,8946.04,10637.061501191676,7255.1973709551
Vasundhara Enclave,2029,Apr-Jun,8921.90999999999,10608.370337948065,7235.628051729921
Vasundhara Enclave,2029,Jul-Sep,9028.609999999986,10735.239261200935,7322.161261896752
Vasundhara Enclave,2029,Oct-Dec,9109.919999999998,10831.918850232732,7388.103298622773
Vasundhara Enclave,2030,Jan-Mar,9143.499999999993,10871.84629580753,7415.336524465339
Vasundhara Enclave,2030,Apr-Jun,9159.03999999999,10890.323737863288,7427.9393931250615
Vasundhara Enclave,2030,Jul-Sep,9442.98999999999,11227.947268862858,7658.221539581225
Vasundhara Enclave,2030,Oct-Dec,9597.879999999986,11412.11528688195,7783.836618519751
Vikas Marg,2024,Jan-Mar,6167.220000000001,7753.75169129721,4578.437909140668
Vikas Marg,2024,Apr-Jun,6188.289999999992,7780.241997810608,4594.079914249218
Vikas Marg,2024,Jul-Sep,6257.309999999984,7867.017553366154,4645.319173508472
Vikas Marg,2024,Oct-Dec,6371.539999999988,8010.6334865900235,4730.121558109825
Vikas Marg,2025,Jan-Mar,6607.760000000012,8307.621631089232,4905.48721766102
Vikas Marg,2025,Apr-Jun,6477.880000000015,8144.329698960062,4809.066542601726
Vikas Marg,2025,Jul-Sep,6447.700000000007,8106.385823754798,4786.661430395918
Vikas Marg,2025,Oct-Dec,6753.580000000002,8490.954165298306,5013.741474183545
Vikas Marg,2026,Jan-Mar,4926.980000000008,6194.4570662288,3657.7050939609617
Vikas Marg,2026,Apr-Jun,4947.930000000007,6220.796502463062,3673.258013136294
Vikas Marg,2026,Jul-Sep,4984.7199999999975,6267.050815544605,3700.57027549717
Vikas Marg,2026,Oct-Dec,5064.550000000001,6367.417268746581,3759.8346925743485
Vikas Marg,2027,Jan-Mar,5170.099999999997,6500.120251778868,3838.193194672502
Vikas Marg,2027,Apr-Jun,5183.700000000003,6517.2188834154385,3848.289600437878
Vikas Marg,2027,Jul-Sep,5247.3499999999985,6597.242993979199,3895.5422641853665
Vikas Marg,2027,Oct-Dec,5296.399999999994,6658.911220580178,3931.9561393906174
Vikas Marg,2028,Jan-Mar,5520.380000000004,6940.510596606463,4098.235033752967
Vikas Marg,2028,Apr-Jun,5552.899999999993,6981.396442255054,4122.377321656627
Vikas Marg,2028,Jul-Sep,5637.420000000008,7087.659408867005,4185.123513957313
Vikas Marg,2028,Oct-Dec,5731.420000000004,7205.841127531477,4254.90749498267
Vikas Marg,2029,Jan-Mar,5877.170000000002,7389.085654077725,4363.10978471082
Vikas Marg,2029,Apr-Jun,5885.65,7399.74715380405,4369.405190658638
Vikas Marg,2029,Jul-Sep,5958.210000000003,7490.97338259442,4423.272484948004
Vikas Marg,2029,Oct-Dec,6051.749999999992,7608.576765188824,4492.714969895998
Vikas Marg,2030,Jan-Mar,6167.220000000001,7753.75169129721,4578.437909140668
Vikas Marg,2030,Apr-Jun,6188.289999999992,7780.241997810608,4594.079914249218
Vikas Marg,2030,Jul-Sep,6257.309999999984,7867.017553366154,4645.319173508472
Vikas Marg,2030,Oct-Dec,6371.539999999988,8010.6334865900235,4730.121558109825
Vikaspuri,2024,Jan-Mar,9830.970000000018,12002.956479199169,7659.10388135719
Vikaspuri,2024,Apr-Jun,9863.170000000018,12042.270524367674,7684.190230413256
Vikaspuri,2024,Jul-Sep,9693.130000000001,11834.663063484035,7551.715609497303
Vikaspuri,2024,Oct-Dec,9704.849999999997,11848.972399178901,7560.846417290377
Vikaspuri,2025,Jan-Mar,10186.210000000017,12436.680746455675,7935.863963303664
Vikaspuri,2025,Apr-Jun,10162.730000000018,12408.013237742742,7917.571184550981
Vikaspuri,2025,Jul-Sep,10097.859999999997,12328.811308858216,7867.032319232117
Vikaspuri,2025,Oct-Dec,10237.129999999992,12498.85065887739,7975.534674295409
Vikaspuri,2026,Jan-Mar,9014.750000000016,11006.406480831567,7023.20388674411
Vikaspuri,2026,Apr-Jun,8918.810000000005,10889.270161158685,6948.459031823639
Vikaspuri,2026,Jul-Sep,8916.779999999997,10886.791667006748,6946.877501122272
Vikaspuri,2026,Oct-Dec,9075.469999999998,11080.541537435009,7070.509573535531
Vikaspuri,2027,Jan-Mar,9163.620000000012,11188.166788416507,7139.185401774427
Vikaspuri,2027,Apr-Jun,8990.240000000002,10976.481411046454,7004.108656453286
Vikaspuri,2027,Jul-Sep,9017.759999999995,11010.081489401638,7025.548915025421
Vikaspuri,2027,Oct-Dec,9211.239999999996,11246.307621675003,7176.285151527515
Vikaspuri,2028,Jan-Mar,9347.760000000007,11412.989405724837,7282.645038891933
Vikaspuri,2028,Apr-Jun,9321.020000000006,11380.34165517186,7261.812462067112
Vikaspuri,2028,Jul-Sep,9377.740000000009,11449.59297945626,7306.001832205624
Vikaspuri,2028,Oct-Dec,9506.330000000009,11606.592764183528,7406.183621805604
Vikaspuri,2029,Jan-Mar,9631.850000000008,11759.844284355908,7503.973638374462
Vikaspuri,2029,Apr-Jun,9647.43000000001,11778.866421738683,7516.111691737615
Vikaspuri,2029,Jul-Sep,9445.969999999983,11532.897243488746,7359.158403512911
Vikaspuri,2029,Oct-Dec,9411.069999999989,11490.286679004877,7331.968540716125
Vikaspuri,2030,Jan-Mar,9830.970000000018,12002.956479199169,7659.10388135719
Vikaspuri,2030,Apr-Jun,9863.170000000018,12042.270524367674,7684.190230413256
Vikaspuri,2030,Jul-Sep,9693.130000000001,11834.663063484035,7551.715609497303
Vikaspuri,2030,Oct-Dec,9704.849999999997,11848.972399178901,7560.846417290377
Vipin Garden,2024,Jan-Mar,4643.319999999993,6021.6240507686725,3605.586953164099
Vipin Garden,2024,Apr-Jun,4679.439999999994,6068.465763317833,3633.6345141222696
Vipin Garden,2024,Jul-Sep,4775.320000000001,6192.806388988203,3708.08634537004
Vipin Garden,2024,Oct-Dec,4795.750000000001,6219.300746335361,3723.9504558455496
Vipin Garden,2025,Jan-Mar,5320.289999999998,6899.543047014657,4131.261298176617
Vipin Garden,2025,Apr-Jun,5294.509999999998,6866.110617626026,4111.242856274579
Vipin Garden,2025,Jul-Sep,5278.450000000004,6845.283433142659,4098.772096889528
Vipin Garden,2025,Oct-Dec,5635.869999999994,7308.798518948867,4376.312496603499
Vipin Garden,2026,Jan-Mar,3720.6499999999987,4825.072474973184,2889.1239667500886
Vipin Garden,2026,Apr-Jun,3708.6099999999988,4809.4585707901315,2879.7747797640322
Vipin Garden,2026,Jul-Sep,3698.4199999999973,4796.243813013941,2871.8621372899515
Vipin Garden,2026,Oct-Dec,3736.469999999995,4845.588418841609,2901.408363603857
Vipin Garden,2027,Jan-Mar,3861.6800000000108,5007.965241330011,2998.6352491955754
Vipin Garden,2027,Apr-Jun,3859.360000000008,5004.956582052209,2996.833744726499
Vipin Garden,2027,Jul-Sep,3889.940000000006,5044.613823739729,3020.579437254206
Vipin Garden,2027,Oct-Dec,3906.290000000008,5065.817090632832,3033.275384697897
Vipin Garden,2028,Jan-Mar,4085.8800000000083,5298.7158491240725,3172.72891383626
Vipin Garden,2028,Apr-Jun,4088.9400000000087,5302.684166964616,3175.1050361101247
Vipin Garden,2028,Jul-Sep,4080.170000000008,5291.310916160182,3168.2950386128055
Vipin Garden,2028,Oct-Dec,4124.3800000000065,5348.644031104764,3202.6245698963226
Vipin Garden,2029,Jan-Mar,4289.809999999997,5563.179593314261,3331.08270968895
Vipin Garden,2029,Apr-Jun,4290.710000000006,5564.346745620316,3331.7815691812707
Vipin Garden,2029,Jul-Sep,4323.58999999999,5606.986709867703,3357.3132359671004
Vipin Garden,2029,Oct-Dec,4340.429999999992,5628.825426349651,3370.3896735788285
Vipin Garden,2030,Jan-Mar,4643.319999999993,6021.6240507686725,3605.586953164099
Vipin Garden,2030,Apr-Jun,4679.439999999994,6068.465763317833,3633.6345141222696
Vipin Garden,2030,Jul-Sep,4775.320000000001,6192.806388988203,3708.08634537004
Vipin Garden,2030,Oct-Dec,4795.750000000001,6219.300746335361,3723.9504558455496
