,location,predicted_price,quarter,year,Locality,Risk
0,100 Feet Ring Road,9760.2,Jan-Mar,2024,100 Feet Ring Road,Moderate
1,100 Feet Ring Road,9844.435,Apr-Jun,2024,100 Feet Ring Road,Moderate
2,100 Feet Ring Road,9890.408333,Jul-Sep,2024,100 Feet Ring Road,Moderate
3,100 Feet Ring Road,9609.035,Oct-Dec,2024,100 Feet Ring Road,Moderate
4,100 Feet Ring Road,9782.413333,Jan-Mar,2025,100 Feet Ring Road,Moderate
5,100 Feet Ring Road,9630.851667,Apr-Jun,2025,100 Feet Ring Road,Moderate
6,100 Feet Ring Road,9517.314,Jul-Sep,2025,100 Feet Ring Road,Moderate
7,100 Feet Ring Road,6773.52,Oct-Dec,2025,100 Feet Ring Road,Moderate
8,100 Feet Ring Road,8931.48,Jan-Mar,2026,100 Feet Ring Road,Moderate
9,100 Feet Ring Road,8969.57,Apr-Jun,2026,100 Feet Ring Road,Moderate
10,100 Feet Ring Road,9091.76,Jul-Sep,2026,100 Feet Ring Road,Moderate
11,100 Feet Ring Road,8985.78,Oct-Dec,2026,100 Feet Ring Road,Moderate
12,100 Feet Ring Road,9216.54,Jan-Mar,2027,100 Feet Ring Road,Moderate
13,100 Feet Ring Road,9213.77,Apr-Jun,2027,100 Feet Ring Road,Moderate
14,100 Feet Ring Road,9295.51,Jul-Sep,2027,100 Feet Ring Road,Moderate
15,100 Feet Ring Road,9195.35,Oct-Dec,2027,100 Feet Ring Road,Moderate
16,100 Feet Ring Road,9287.25,Jan-Mar,2028,100 Feet Ring Road,Moderate
17,100 Feet Ring Road,9292.67,Apr-Jun,2028,100 Feet Ring Road,Moderate
18,100 Feet Ring Road,9303.36,Jul-Sep,2028,100 Feet Ring Road,Moderate
19,100 Feet Ring Road,9521.36,Oct-Dec,2028,100 Feet Ring Road,Moderate
20,100 Feet Ring Road,9333.12,Jan-Mar,2029,100 Feet Ring Road,Moderate
21,100 Feet Ring Road,9397.64,Apr-Jun,2029,100 Feet Ring Road,Moderate
22,100 Feet Ring Road,9518.53,Jul-Sep,2029,100 Feet Ring Road,Moderate
23,100 Feet Ring Road,9517.35,Oct-Dec,2029,100 Feet Ring Road,Moderate
24,100 Feet Ring Road,9760.2,Jan-Mar,2030,100 Feet Ring Road,Moderate
25,100 Feet Ring Road,9844.435,Apr-Jun,2030,100 Feet Ring Road,Moderate
26,100 Feet Ring Road,9890.408333,Jul-Sep,2030,100 Feet Ring Road,Moderate
27,100 Feet Ring Road,9609.035,Oct-Dec,2030,100 Feet Ring Road,Moderate
28,Rajajinagar,15074,Jan-Mar,2024,Rajajinagar,Low
29,Rajajinagar,15554.83,Apr-Jun,2024,Rajajinagar,Low
30,Rajajinagar,15148.595,Jul-Sep,2024,Rajajinagar,Low
31,Rajajinagar,14868.58,Oct-Dec,2024,Rajajinagar,Low
32,Rajajinagar,16375.17,Jan-Mar,2025,Rajajinagar,Low
33,Rajajinagar,16915.16833,Apr-Jun,2025,Rajajinagar,Low
34,Rajajinagar,14227.759,Jul-Sep,2025,Rajajinagar,Low
35,Rajajinagar,9655.879667,Oct-Dec,2025,Rajajinagar,Low
36,Rajajinagar,9665.83,Jan-Mar,2026,Rajajinagar,Low
37,Rajajinagar,9871.73,Apr-Jun,2026,Rajajinagar,Low
38,Rajajinagar,10243.11,Jul-Sep,2026,Rajajinagar,Low
39,Rajajinagar,10436.5,Oct-Dec,2026,Rajajinagar,Low
40,Rajajinagar,10896.6,Jan-Mar,2027,Rajajinagar,Low
41,Rajajinagar,11270.86,Apr-Jun,2027,Rajajinagar,Low
42,Rajajinagar,11729.08,Jul-Sep,2027,Rajajinagar,Low
43,Rajajinagar,12003.19,Oct-Dec,2027,Rajajinagar,Low
44,Rajajinagar,11823.62,Jan-Mar,2028,Rajajinagar,Low
45,Rajajinagar,11736.18667,Apr-Jun,2028,Rajajinagar,Low
46,Rajajinagar,12533.28,Jul-Sep,2028,Rajajinagar,Low
47,Rajajinagar,11761.35,Oct-Dec,2028,Rajajinagar,Low
48,Rajajinagar,13296.49,Jan-Mar,2029,Rajajinagar,Low
49,Rajajinagar,13152.17,Apr-Jun,2029,Rajajinagar,Low
50,Rajajinagar,13913.34,Jul-Sep,2029,Rajajinagar,Low
51,Rajajinagar,13707.43,Oct-Dec,2029,Rajajinagar,Low
52,Rajajinagar,15074,Jan-Mar,2030,Rajajinagar,Low
53,Rajajinagar,15554.83,Apr-Jun,2030,Rajajinagar,Low
54,Rajajinagar,15148.595,Jul-Sep,2030,Rajajinagar,Low
55,Rajajinagar,14868.58,Oct-Dec,2030,Rajajinagar,Low
56,Thanisandra,7377.39,Jan-Mar,2024,Thanisandra,Moderate
57,Thanisandra,7767.85,Apr-Jun,2024,Thanisandra,Moderate
58,Thanisandra,8306.6,Jul-Sep,2024,Thanisandra,Moderate
59,Thanisandra,8655.19,Oct-Dec,2024,Thanisandra,Moderate
60,Thanisandra,9593.66,Jan-Mar,2025,Thanisandra,Moderate
61,Thanisandra,9682.688667,Apr-Jun,2025,Thanisandra,Moderate
62,Thanisandra,9758.018333,Jul-Sep,2025,Thanisandra,Moderate
63,Thanisandra,5724.42,Oct-Dec,2025,Thanisandra,Moderate
64,Thanisandra,5346.05,Jan-Mar,2026,Thanisandra,Moderate
65,Thanisandra,5379.27,Apr-Jun,2026,Thanisandra,Moderate
66,Thanisandra,5469.03,Jul-Sep,2026,Thanisandra,Moderate
67,Thanisandra,5477.03,Oct-Dec,2026,Thanisandra,Moderate
68,Thanisandra,5750.78,Jan-Mar,2027,Thanisandra,Moderate
69,Thanisandra,5849.08,Apr-Jun,2027,Thanisandra,Moderate
70,Thanisandra,5971.05,Jul-Sep,2027,Thanisandra,Moderate
71,Thanisandra,6013.86,Oct-Dec,2027,Thanisandra,Moderate
72,Thanisandra,6708.86,Jan-Mar,2028,Thanisandra,Moderate
73,Thanisandra,6164.57,Apr-Jun,2028,Thanisandra,Moderate
74,Thanisandra,6270.47,Jul-Sep,2028,Thanisandra,Moderate
75,Thanisandra,6489.88,Oct-Dec,2028,Thanisandra,Moderate
76,Thanisandra,6495.82,Jan-Mar,2029,Thanisandra,Moderate
77,Thanisandra,6625.37,Apr-Jun,2029,Thanisandra,Moderate
78,Thanisandra,6882.79,Jul-Sep,2029,Thanisandra,Moderate
79,Thanisandra,7385.23,Oct-Dec,2029,Thanisandra,Moderate
80,Thanisandra,7377.39,Jan-Mar,2030,Thanisandra,Moderate
81,Thanisandra,7767.85,Apr-Jun,2030,Thanisandra,Moderate
82,Thanisandra,8306.6,Jul-Sep,2030,Thanisandra,Moderate
83,Thanisandra,8655.19,Oct-Dec,2030,Thanisandra,Moderate
84,Jalahalli,6375.72,Jan-Mar,2024,Jalahalli,Moderate
85,Jalahalli,6616.77,Apr-Jun,2024,Jalahalli,Moderate
86,Jalahalli,6482.85,Jul-Sep,2024,Jalahalli,Moderate
87,Jalahalli,6757.6,Oct-Dec,2024,Jalahalli,Moderate
88,Jalahalli,7144.52,Jan-Mar,2025,Jalahalli,Moderate
89,Jalahalli,7322.08,Apr-Jun,2025,Jalahalli,Moderate
90,Jalahalli,6156.985,Jul-Sep,2025,Jalahalli,Moderate
91,Jalahalli,5647.29,Oct-Dec,2025,Jalahalli,Moderate
92,Jalahalli,5897.65,Jan-Mar,2026,Jalahalli,Moderate
93,Jalahalli,5968.02,Apr-Jun,2026,Jalahalli,Moderate
94,Jalahalli,5995.84,Jul-Sep,2026,Jalahalli,Moderate
95,Jalahalli,6002.06,Oct-Dec,2026,Jalahalli,Moderate
96,Jalahalli,6071.12,Jan-Mar,2027,Jalahalli,Moderate
97,Jalahalli,6048.77,Apr-Jun,2027,Jalahalli,Moderate
98,Jalahalli,6114.93,Jul-Sep,2027,Jalahalli,Moderate
99,Jalahalli,6025.26,Oct-Dec,2027,Jalahalli,Moderate
100,Jalahalli,6082.72,Jan-Mar,2028,Jalahalli,Moderate
101,Jalahalli,6126.14,Apr-Jun,2028,Jalahalli,Moderate
102,Jalahalli,6169.6,Jul-Sep,2028,Jalahalli,Moderate
103,Jalahalli,6377.18,Oct-Dec,2028,Jalahalli,Moderate
104,Jalahalli,6443.58,Jan-Mar,2029,Jalahalli,Moderate
105,Jalahalli,6396.35,Apr-Jun,2029,Jalahalli,Moderate
106,Jalahalli,6388.74,Jul-Sep,2029,Jalahalli,Moderate
107,Jalahalli,6381.78,Oct-Dec,2029,Jalahalli,Moderate
108,Jalahalli,6375.72,Jan-Mar,2030,Jalahalli,Moderate
109,Jalahalli,6616.77,Apr-Jun,2030,Jalahalli,Moderate
110,Jalahalli,6482.85,Jul-Sep,2030,Jalahalli,Moderate
111,Jalahalli,6757.6,Oct-Dec,2030,Jalahalli,Moderate
112,Channasandra,8056.113333,Jan-Mar,2024,Channasandra,High
113,Channasandra,7949.843333,Apr-Jun,2024,Channasandra,High
114,Channasandra,8658.853333,Jul-Sep,2024,Channasandra,High
115,Channasandra,8622.1,Oct-Dec,2024,Channasandra,High
116,Channasandra,9451.693333,Jan-Mar,2025,Channasandra,High
117,Channasandra,9419.273333,Apr-Jun,2025,Channasandra,High
118,Channasandra,8280.14,Jul-Sep,2025,Channasandra,High
119,Channasandra,5672.721667,Oct-Dec,2025,Channasandra,High
120,Channasandra,7247.1,Jan-Mar,2026,Channasandra,High
121,Channasandra,7334.8,Apr-Jun,2026,Channasandra,High
122,Channasandra,7440.25,Jul-Sep,2026,Channasandra,High
123,Channasandra,7515.2,Oct-Dec,2026,Channasandra,High
124,Channasandra,7773.25,Jan-Mar,2027,Channasandra,High
125,Channasandra,7811.85,Apr-Jun,2027,Channasandra,High
126,Channasandra,7897.95,Jul-Sep,2027,Channasandra,High
127,Channasandra,8005.85,Oct-Dec,2027,Channasandra,High
128,Channasandra,7968.17,Jan-Mar,2028,Channasandra,High
129,Channasandra,8353.2,Apr-Jun,2028,Channasandra,High
130,Channasandra,8551.99,Jul-Sep,2028,Channasandra,High
131,Channasandra,8428.33,Oct-Dec,2028,Channasandra,High
132,Channasandra,8396.07,Jan-Mar,2029,Channasandra,High
133,Channasandra,8344.94,Apr-Jun,2029,Channasandra,High
134,Channasandra,8830.89,Jul-Sep,2029,Channasandra,High
135,Channasandra,8929.17,Oct-Dec,2029,Channasandra,High
136,Channasandra,8056.113333,Jan-Mar,2030,Channasandra,High
137,Channasandra,7949.843333,Apr-Jun,2030,Channasandra,High
138,Channasandra,8658.853333,Jul-Sep,2030,Channasandra,High
139,Channasandra,8622.1,Oct-Dec,2030,Channasandra,High
140,Rachenahalli Main Road,10392.31667,Jan-Mar,2024,Rachenahalli Main Road,Moderate
141,Rachenahalli Main Road,10389.71667,Apr-Jun,2024,Rachenahalli Main Road,Moderate
142,Rachenahalli Main Road,10417.14333,Jul-Sep,2024,Rachenahalli Main Road,Moderate
143,Rachenahalli Main Road,9899.89,Oct-Dec,2024,Rachenahalli Main Road,Moderate
144,Rachenahalli Main Road,11067.89667,Jan-Mar,2025,Rachenahalli Main Road,Moderate
145,Rachenahalli Main Road,10967.76667,Apr-Jun,2025,Rachenahalli Main Road,Moderate
146,Rachenahalli Main Road,8777.0995,Jul-Sep,2025,Rachenahalli Main Road,Moderate
147,Rachenahalli Main Road,6101.37,Oct-Dec,2025,Rachenahalli Main Road,Moderate
148,Rachenahalli Main Road,6191.2,Jan-Mar,2026,Rachenahalli Main Road,Moderate
149,Rachenahalli Main Road,6291.62,Apr-Jun,2026,Rachenahalli Main Road,Moderate
150,Rachenahalli Main Road,6302.92,Jul-Sep,2026,Rachenahalli Main Road,Moderate
151,Rachenahalli Main Road,6517.91,Oct-Dec,2026,Rachenahalli Main Road,Moderate
152,Rachenahalli Main Road,6835.8,Jan-Mar,2027,Rachenahalli Main Road,Moderate
153,Rachenahalli Main Road,6932.57,Apr-Jun,2027,Rachenahalli Main Road,Moderate
154,Rachenahalli Main Road,7175.86,Jul-Sep,2027,Rachenahalli Main Road,Moderate
155,Rachenahalli Main Road,7336.92,Oct-Dec,2027,Rachenahalli Main Road,Moderate
156,Rachenahalli Main Road,8061.23,Jan-Mar,2028,Rachenahalli Main Road,Moderate
157,Rachenahalli Main Road,8139.626667,Apr-Jun,2028,Rachenahalli Main Road,Moderate
158,Rachenahalli Main Road,8339.81,Jul-Sep,2028,Rachenahalli Main Road,Moderate
159,Rachenahalli Main Road,8365.14,Oct-Dec,2028,Rachenahalli Main Road,Moderate
160,Rachenahalli Main Road,8730.59,Jan-Mar,2029,Rachenahalli Main Road,Moderate
161,Rachenahalli Main Road,8739.14,Apr-Jun,2029,Rachenahalli Main Road,Moderate
162,Rachenahalli Main Road,9370.28,Jul-Sep,2029,Rachenahalli Main Road,Moderate
163,Rachenahalli Main Road,9328.11,Oct-Dec,2029,Rachenahalli Main Road,Moderate
164,Rachenahalli Main Road,10392.31667,Jan-Mar,2030,Rachenahalli Main Road,Moderate
165,Rachenahalli Main Road,10389.71667,Apr-Jun,2030,Rachenahalli Main Road,Moderate
166,Rachenahalli Main Road,10417.14333,Jul-Sep,2030,Rachenahalli Main Road,Moderate
167,Rachenahalli Main Road,9899.89,Oct-Dec,2030,Rachenahalli Main Road,Moderate
168,Chandapura Anekal Road,4659.91,Jan-Mar,2024,Chandapura Anekal Road,High
169,Chandapura Anekal Road,4534.96,Apr-Jun,2024,Chandapura Anekal Road,High
170,Chandapura Anekal Road,4827.886,Jul-Sep,2024,Chandapura Anekal Road,High
171,Chandapura Anekal Road,5567.13,Oct-Dec,2024,Chandapura Anekal Road,High
172,Chandapura Anekal Road,4808.54,Jan-Mar,2025,Chandapura Anekal Road,High
173,Chandapura Anekal Road,4904.46,Apr-Jun,2025,Chandapura Anekal Road,High
174,Chandapura Anekal Road,4737.390833,Jul-Sep,2025,Chandapura Anekal Road,High
175,Chandapura Anekal Road,4398.201667,Oct-Dec,2025,Chandapura Anekal Road,High
176,Chandapura Anekal Road,4362.67,Jan-Mar,2026,Chandapura Anekal Road,High
177,Chandapura Anekal Road,4366.77,Apr-Jun,2026,Chandapura Anekal Road,High
178,Chandapura Anekal Road,4360.27,Jul-Sep,2026,Chandapura Anekal Road,High
179,Chandapura Anekal Road,4394.3,Oct-Dec,2026,Chandapura Anekal Road,High
180,Chandapura Anekal Road,4389.45,Jan-Mar,2027,Chandapura Anekal Road,High
181,Chandapura Anekal Road,4394.52,Apr-Jun,2027,Chandapura Anekal Road,High
182,Chandapura Anekal Road,4401.97,Jul-Sep,2027,Chandapura Anekal Road,High
183,Chandapura Anekal Road,4430.71,Oct-Dec,2027,Chandapura Anekal Road,High
184,Chandapura Anekal Road,4444.53,Jan-Mar,2028,Chandapura Anekal Road,High
185,Chandapura Anekal Road,4565.3,Apr-Jun,2028,Chandapura Anekal Road,High
186,Chandapura Anekal Road,4554.35,Jul-Sep,2028,Chandapura Anekal Road,High
187,Chandapura Anekal Road,4603.93,Oct-Dec,2028,Chandapura Anekal Road,High
188,Chandapura Anekal Road,4581.21,Jan-Mar,2029,Chandapura Anekal Road,High
189,Chandapura Anekal Road,4584.1,Apr-Jun,2029,Chandapura Anekal Road,High
190,Chandapura Anekal Road,4569.92,Jul-Sep,2029,Chandapura Anekal Road,High
191,Chandapura Anekal Road,4745.72,Oct-Dec,2029,Chandapura Anekal Road,High
192,Chandapura Anekal Road,4659.91,Jan-Mar,2030,Chandapura Anekal Road,High
193,Chandapura Anekal Road,4534.96,Apr-Jun,2030,Chandapura Anekal Road,High
194,Chandapura Anekal Road,4827.886,Jul-Sep,2030,Chandapura Anekal Road,High
195,Chandapura Anekal Road,5567.13,Oct-Dec,2030,Chandapura Anekal Road,High
196,Thanisandra Main Road,8069.1475,Jan-Mar,2024,Thanisandra Main Road,Low
197,Thanisandra Main Road,8735.6075,Apr-Jun,2024,Thanisandra Main Road,Low
198,Thanisandra Main Road,9315.3725,Jul-Sep,2024,Thanisandra Main Road,Low
199,Thanisandra Main Road,9586.22,Oct-Dec,2024,Thanisandra Main Road,Low
200,Thanisandra Main Road,10446.7675,Jan-Mar,2025,Thanisandra Main Road,Low
201,Thanisandra Main Road,10694.88167,Apr-Jun,2025,Thanisandra Main Road,Low
202,Thanisandra Main Road,8408.182167,Jul-Sep,2025,Thanisandra Main Road,Low
203,Thanisandra Main Road,7426.263,Oct-Dec,2025,Thanisandra Main Road,Low
204,Thanisandra Main Road,5721.84,Jan-Mar,2026,Thanisandra Main Road,Low
205,Thanisandra Main Road,5749.6,Apr-Jun,2026,Thanisandra Main Road,Low
206,Thanisandra Main Road,5885.86,Jul-Sep,2026,Thanisandra Main Road,Low
207,Thanisandra Main Road,5881.3,Oct-Dec,2026,Thanisandra Main Road,Low
208,Thanisandra Main Road,5873.5,Jan-Mar,2027,Thanisandra Main Road,Low
209,Thanisandra Main Road,5966.96,Apr-Jun,2027,Thanisandra Main Road,Low
210,Thanisandra Main Road,6121.57,Jul-Sep,2027,Thanisandra Main Road,Low
211,Thanisandra Main Road,6131.22,Oct-Dec,2027,Thanisandra Main Road,Low
212,Thanisandra Main Road,7372.88,Jan-Mar,2028,Thanisandra Main Road,Low
213,Thanisandra Main Road,6701.27,Apr-Jun,2028,Thanisandra Main Road,Low
214,Thanisandra Main Road,6877.86,Jul-Sep,2028,Thanisandra Main Road,Low
215,Thanisandra Main Road,6807.97,Oct-Dec,2028,Thanisandra Main Road,Low
216,Thanisandra Main Road,6841.08,Jan-Mar,2029,Thanisandra Main Road,Low
217,Thanisandra Main Road,6874.8,Apr-Jun,2029,Thanisandra Main Road,Low
218,Thanisandra Main Road,7141.3,Jul-Sep,2029,Thanisandra Main Road,Low
219,Thanisandra Main Road,8555.09,Oct-Dec,2029,Thanisandra Main Road,Low
220,Thanisandra Main Road,8069.1475,Jan-Mar,2030,Thanisandra Main Road,Low
221,Thanisandra Main Road,8735.6075,Apr-Jun,2030,Thanisandra Main Road,Low
222,Thanisandra Main Road,9315.3725,Jul-Sep,2030,Thanisandra Main Road,Low
223,Thanisandra Main Road,9586.22,Oct-Dec,2030,Thanisandra Main Road,Low
224,Chandapura,4705.86,Jan-Mar,2024,Chandapura,High
225,Chandapura,4517.58,Apr-Jun,2024,Chandapura,High
226,Chandapura,4956.97,Jul-Sep,2024,Chandapura,High
227,Chandapura,6443.49,Oct-Dec,2024,Chandapura,High
228,Chandapura,4946.02,Jan-Mar,2025,Chandapura,High
229,Chandapura,4972.95,Apr-Jun,2025,Chandapura,High
230,Chandapura,4618.197238,Jul-Sep,2025,Chandapura,High
231,Chandapura,4567.832,Oct-Dec,2025,Chandapura,High
232,Chandapura,4209.13,Jan-Mar,2026,Chandapura,High
233,Chandapura,4273.99,Apr-Jun,2026,Chandapura,High
234,Chandapura,4225.72,Jul-Sep,2026,Chandapura,High
235,Chandapura,4232.16,Oct-Dec,2026,Chandapura,High
236,Chandapura,4191.38,Jan-Mar,2027,Chandapura,High
237,Chandapura,4154.84,Apr-Jun,2027,Chandapura,High
238,Chandapura,4196.09,Jul-Sep,2027,Chandapura,High
239,Chandapura,4142.47,Oct-Dec,2027,Chandapura,High
240,Chandapura,4280.07,Jan-Mar,2028,Chandapura,High
241,Chandapura,4383.86,Apr-Jun,2028,Chandapura,High
242,Chandapura,4460.05,Jul-Sep,2028,Chandapura,High
243,Chandapura,4297.27,Oct-Dec,2028,Chandapura,High
244,Chandapura,4345.55,Jan-Mar,2029,Chandapura,High
245,Chandapura,4441.92,Apr-Jun,2029,Chandapura,High
246,Chandapura,4560.91,Jul-Sep,2029,Chandapura,High
247,Chandapura,4488.44,Oct-Dec,2029,Chandapura,High
248,Chandapura,4705.86,Jan-Mar,2030,Chandapura,High
249,Chandapura,4517.58,Apr-Jun,2030,Chandapura,High
250,Chandapura,4956.97,Jul-Sep,2030,Chandapura,High
251,Chandapura,6443.49,Oct-Dec,2030,Chandapura,High
252,Jayanagar,11306.415,Jan-Mar,2024,Jayanagar,Low
253,Jayanagar,11609.80667,Apr-Jun,2024,Jayanagar,Low
254,Jayanagar,11416.98017,Jul-Sep,2024,Jayanagar,Low
255,Jayanagar,7819.312667,Oct-Dec,2024,Jayanagar,Low
256,Jayanagar,12385.18667,Jan-Mar,2025,Jayanagar,Low
257,Jayanagar,12601.47667,Apr-Jun,2025,Jayanagar,Low
258,Jayanagar,11359.85142,Jul-Sep,2025,Jayanagar,Low
259,Jayanagar,8107.796667,Oct-Dec,2025,Jayanagar,Low
260,Jayanagar,10302.57,Jan-Mar,2026,Jayanagar,Low
261,Jayanagar,10285.385,Apr-Jun,2026,Jayanagar,Low
262,Jayanagar,10356.63,Jul-Sep,2026,Jayanagar,Low
263,Jayanagar,10217.66,Oct-Dec,2026,Jayanagar,Low
264,Jayanagar,10492.05,Jan-Mar,2027,Jayanagar,Low
265,Jayanagar,10444.95,Apr-Jun,2027,Jayanagar,Low
266,Jayanagar,10571.61,Jul-Sep,2027,Jayanagar,Low
267,Jayanagar,10451.64,Oct-Dec,2027,Jayanagar,Low
268,Jayanagar,8952.96,Jan-Mar,2028,Jayanagar,Low
269,Jayanagar,9779.73,Apr-Jun,2028,Jayanagar,Low
270,Jayanagar,10029.67,Jul-Sep,2028,Jayanagar,Low
271,Jayanagar,10202.63,Oct-Dec,2028,Jayanagar,Low
272,Jayanagar,10415.46667,Jan-Mar,2029,Jayanagar,Low
273,Jayanagar,10442.93267,Apr-Jun,2029,Jayanagar,Low
274,Jayanagar,10907.1775,Jul-Sep,2029,Jayanagar,Low
275,Jayanagar,11266.5,Oct-Dec,2029,Jayanagar,Low
276,Jayanagar,11306.415,Jan-Mar,2030,Jayanagar,Low
277,Jayanagar,11609.80667,Apr-Jun,2030,Jayanagar,Low
278,Jayanagar,11416.98017,Jul-Sep,2030,Jayanagar,Low
279,Jayanagar,7819.312667,Oct-Dec,2030,Jayanagar,Low
280,Rachenahalli,7275.32,Jan-Mar,2024,Rachenahalli,Moderate
281,Rachenahalli,7142.12,Apr-Jun,2024,Rachenahalli,Moderate
282,Rachenahalli,6831.590667,Jul-Sep,2024,Rachenahalli,Moderate
283,Rachenahalli,7237.84,Oct-Dec,2024,Rachenahalli,Moderate
284,Rachenahalli,8731.487571,Jan-Mar,2025,Rachenahalli,Moderate
285,Rachenahalli,9126.375905,Apr-Jun,2025,Rachenahalli,Moderate
286,Rachenahalli,6638.908698,Jul-Sep,2025,Rachenahalli,Moderate
287,Rachenahalli,4656.905833,Oct-Dec,2025,Rachenahalli,Moderate
288,Rachenahalli,4518.312,Jan-Mar,2026,Rachenahalli,Moderate
289,Rachenahalli,5364.247,Apr-Jun,2026,Rachenahalli,Moderate
290,Rachenahalli,5080.958,Jul-Sep,2026,Rachenahalli,Moderate
291,Rachenahalli,4766.435667,Oct-Dec,2026,Rachenahalli,Moderate
292,Rachenahalli,5463.051667,Jan-Mar,2027,Rachenahalli,Moderate
293,Rachenahalli,5336.603667,Apr-Jun,2027,Rachenahalli,Moderate
294,Rachenahalli,5388.4475,Jul-Sep,2027,Rachenahalli,Moderate
295,Rachenahalli,5436.3125,Oct-Dec,2027,Rachenahalli,Moderate
296,Rachenahalli,5974.181667,Jan-Mar,2028,Rachenahalli,Moderate
297,Rachenahalli,5772.542,Apr-Jun,2028,Rachenahalli,Moderate
298,Rachenahalli,5800.023667,Jul-Sep,2028,Rachenahalli,Moderate
299,Rachenahalli,6212.282,Oct-Dec,2028,Rachenahalli,Moderate
300,Rachenahalli,6148.256333,Jan-Mar,2029,Rachenahalli,Moderate
301,Rachenahalli,6200.268667,Apr-Jun,2029,Rachenahalli,Moderate
302,Rachenahalli,6466.106667,Jul-Sep,2029,Rachenahalli,Moderate
303,Rachenahalli,6834.19,Oct-Dec,2029,Rachenahalli,Moderate
304,Rachenahalli,7275.32,Jan-Mar,2030,Rachenahalli,Moderate
305,Rachenahalli,7142.12,Apr-Jun,2030,Rachenahalli,Moderate
306,Rachenahalli,6831.590667,Jul-Sep,2030,Rachenahalli,Moderate
307,Rachenahalli,7237.84,Oct-Dec,2030,Rachenahalli,Moderate
308,JCR Layout,7598.27,Jan-Mar,2024,JCR Layout,Low
309,JCR Layout,7933.1,Apr-Jun,2024,JCR Layout,Low
310,JCR Layout,8502.01,Jul-Sep,2024,JCR Layout,Low
311,JCR Layout,8932.05,Oct-Dec,2024,JCR Layout,Low
312,JCR Layout,9063.35,Jan-Mar,2025,JCR Layout,Low
313,JCR Layout,9271.77,Apr-Jun,2025,JCR Layout,Low
314,JCR Layout,7812.672619,Jul-Sep,2025,JCR Layout,Low
315,JCR Layout,7382.553333,Oct-Dec,2025,JCR Layout,Low
316,JCR Layout,7722.19,Jan-Mar,2026,JCR Layout,Low
317,JCR Layout,7696.11,Apr-Jun,2026,JCR Layout,Low
318,JCR Layout,7699.55,Jul-Sep,2026,JCR Layout,Low
319,JCR Layout,7714.18,Oct-Dec,2026,JCR Layout,Low
320,JCR Layout,7773.3,Jan-Mar,2027,JCR Layout,Low
321,JCR Layout,7780.42,Apr-Jun,2027,JCR Layout,Low
322,JCR Layout,7776.28,Jul-Sep,2027,JCR Layout,Low
323,JCR Layout,7776.39,Oct-Dec,2027,JCR Layout,Low
324,JCR Layout,8300.84,Jan-Mar,2028,JCR Layout,Low
325,JCR Layout,8260.54,Apr-Jun,2028,JCR Layout,Low
326,JCR Layout,7805.35,Jul-Sep,2028,JCR Layout,Low
327,JCR Layout,7940.16,Oct-Dec,2028,JCR Layout,Low
328,JCR Layout,8017.7,Jan-Mar,2029,JCR Layout,Low
329,JCR Layout,8107.84,Apr-Jun,2029,JCR Layout,Low
330,JCR Layout,8227.06,Jul-Sep,2029,JCR Layout,Low
331,JCR Layout,8522.96,Oct-Dec,2029,JCR Layout,Low
332,JCR Layout,7598.27,Jan-Mar,2030,JCR Layout,Low
333,JCR Layout,7933.1,Apr-Jun,2030,JCR Layout,Low
334,JCR Layout,8502.01,Jul-Sep,2030,JCR Layout,Low
335,JCR Layout,8932.05,Oct-Dec,2030,JCR Layout,Low
336,Carmelaram,9987.83,Jan-Mar,2024,Carmelaram,Moderate
337,Carmelaram,9720.83,Apr-Jun,2024,Carmelaram,Moderate
338,Carmelaram,9269.48,Jul-Sep,2024,Carmelaram,Moderate
339,Carmelaram,8292.82,Oct-Dec,2024,Carmelaram,Moderate
340,Carmelaram,9924.79,Jan-Mar,2025,Carmelaram,Moderate
341,Carmelaram,10232.78,Apr-Jun,2025,Carmelaram,Moderate
342,Carmelaram,8265.436667,Jul-Sep,2025,Carmelaram,Moderate
343,Carmelaram,7231.7,Oct-Dec,2025,Carmelaram,Moderate
344,Carmelaram,6795.35,Jan-Mar,2026,Carmelaram,Moderate
345,Carmelaram,6765.69,Apr-Jun,2026,Carmelaram,Moderate
346,Carmelaram,6738.72,Jul-Sep,2026,Carmelaram,Moderate
347,Carmelaram,6771.67,Oct-Dec,2026,Carmelaram,Moderate
348,Carmelaram,6764.38,Jan-Mar,2027,Carmelaram,Moderate
349,Carmelaram,6737.77,Apr-Jun,2027,Carmelaram,Moderate
350,Carmelaram,6740.73,Jul-Sep,2027,Carmelaram,Moderate
351,Carmelaram,6775.56,Oct-Dec,2027,Carmelaram,Moderate
352,Carmelaram,6999.91,Jan-Mar,2028,Carmelaram,Moderate
353,Carmelaram,7011.54,Apr-Jun,2028,Carmelaram,Moderate
354,Carmelaram,6924.01,Jul-Sep,2028,Carmelaram,Moderate
355,Carmelaram,6690.64,Oct-Dec,2028,Carmelaram,Moderate
356,Carmelaram,7016.54,Jan-Mar,2029,Carmelaram,Moderate
357,Carmelaram,7464.07,Apr-Jun,2029,Carmelaram,Moderate
358,Carmelaram,7421.73,Jul-Sep,2029,Carmelaram,Moderate
359,Carmelaram,7329.78,Oct-Dec,2029,Carmelaram,Moderate
360,Carmelaram,9987.83,Jan-Mar,2030,Carmelaram,Moderate
361,Carmelaram,9720.83,Apr-Jun,2030,Carmelaram,Moderate
362,Carmelaram,9269.48,Jul-Sep,2030,Carmelaram,Moderate
363,Carmelaram,8292.82,Oct-Dec,2030,Carmelaram,Moderate
364,Thimmaiah Road,13833.2,Jan-Mar,2024,Thimmaiah Road,Low
365,Thimmaiah Road,14585.82,Apr-Jun,2024,Thimmaiah Road,Low
366,Thimmaiah Road,14223.24,Jul-Sep,2024,Thimmaiah Road,Low
367,Thimmaiah Road,14076.6,Oct-Dec,2024,Thimmaiah Road,Low
368,Thimmaiah Road,16167.45,Jan-Mar,2025,Thimmaiah Road,Low
369,Thimmaiah Road,16625.6,Apr-Jun,2025,Thimmaiah Road,Low
370,Thimmaiah Road,15557.539,Jul-Sep,2025,Thimmaiah Road,Low
371,Thimmaiah Road,13114.77,Oct-Dec,2025,Thimmaiah Road,Low
372,Thimmaiah Road,14446.59,Jan-Mar,2026,Thimmaiah Road,Low
373,Thimmaiah Road,14576.22,Apr-Jun,2026,Thimmaiah Road,Low
374,Thimmaiah Road,14569.73,Jul-Sep,2026,Thimmaiah Road,Low
375,Thimmaiah Road,14579.85,Oct-Dec,2026,Thimmaiah Road,Low
376,Thimmaiah Road,14532.8,Jan-Mar,2027,Thimmaiah Road,Low
377,Thimmaiah Road,14637.67,Apr-Jun,2027,Thimmaiah Road,Low
378,Thimmaiah Road,14550.3,Jul-Sep,2027,Thimmaiah Road,Low
379,Thimmaiah Road,14551.16,Oct-Dec,2027,Thimmaiah Road,Low
380,Thimmaiah Road,13468.47,Jan-Mar,2028,Thimmaiah Road,Low
381,Thimmaiah Road,12749.31,Apr-Jun,2028,Thimmaiah Road,Low
382,Thimmaiah Road,13227.65,Jul-Sep,2028,Thimmaiah Road,Low
383,Thimmaiah Road,12901.13,Oct-Dec,2028,Thimmaiah Road,Low
384,Thimmaiah Road,14042.94,Jan-Mar,2029,Thimmaiah Road,Low
385,Thimmaiah Road,14172.3,Apr-Jun,2029,Thimmaiah Road,Low
386,Thimmaiah Road,14103.05,Jul-Sep,2029,Thimmaiah Road,Low
387,Thimmaiah Road,14610.95,Oct-Dec,2029,Thimmaiah Road,Low
388,Thimmaiah Road,13833.2,Jan-Mar,2030,Thimmaiah Road,Low
389,Thimmaiah Road,14585.82,Apr-Jun,2030,Thimmaiah Road,Low
390,Thimmaiah Road,14223.24,Jul-Sep,2030,Thimmaiah Road,Low
391,Thimmaiah Road,14076.6,Oct-Dec,2030,Thimmaiah Road,Low
392,Jigani,4389.789833,Jan-Mar,2024,Jigani,High
393,Jigani,4460.565048,Apr-Jun,2024,Jigani,High
394,Jigani,5128.014571,Jul-Sep,2024,Jigani,High
395,Jigani,5734.77,Oct-Dec,2024,Jigani,High
396,Jigani,4958.711667,Jan-Mar,2025,Jigani,High
397,Jigani,5236.453333,Apr-Jun,2025,Jigani,High
398,Jigani,3922.083869,Jul-Sep,2025,Jigani,High
399,Jigani,3708.818988,Oct-Dec,2025,Jigani,High
400,Jigani,3404.433167,Jan-Mar,2026,Jigani,High
401,Jigani,3276.181833,Apr-Jun,2026,Jigani,High
402,Jigani,3834.238,Jul-Sep,2026,Jigani,High
403,Jigani,3065.424667,Oct-Dec,2026,Jigani,High
404,Jigani,3205.775167,Jan-Mar,2027,Jigani,High
405,Jigani,2864.0745,Apr-Jun,2027,Jigani,High
406,Jigani,3088.924167,Jul-Sep,2027,Jigani,High
407,Jigani,2953.65,Oct-Dec,2027,Jigani,High
408,Jigani,3357.9,Jan-Mar,2028,Jigani,High
409,Jigani,3857.06,Apr-Jun,2028,Jigani,High
410,Jigani,4083.25,Jul-Sep,2028,Jigani,High
411,Jigani,5494.4885,Oct-Dec,2028,Jigani,High
412,Jigani,4024.33,Jan-Mar,2029,Jigani,High
413,Jigani,3979.17,Apr-Jun,2029,Jigani,High
414,Jigani,4320.920333,Jul-Sep,2029,Jigani,High
415,Jigani,4507.2395,Oct-Dec,2029,Jigani,High
416,Jigani,4389.789833,Jan-Mar,2030,Jigani,High
417,Jigani,4460.565048,Apr-Jun,2030,Jigani,High
418,Jigani,5128.014571,Jul-Sep,2030,Jigani,High
419,Jigani,5734.77,Oct-Dec,2030,Jigani,High
420,Cambridge Road,12013.28,Jan-Mar,2024,Cambridge Road,Low
421,Cambridge Road,12026.23,Apr-Jun,2024,Cambridge Road,Low
422,Cambridge Road,12568.29,Jul-Sep,2024,Cambridge Road,Low
423,Cambridge Road,9355.25,Oct-Dec,2024,Cambridge Road,Low
424,Cambridge Road,12949.66,Jan-Mar,2025,Cambridge Road,Low
425,Cambridge Road,13697.13,Apr-Jun,2025,Cambridge Road,Low
426,Cambridge Road,13613.485,Jul-Sep,2025,Cambridge Road,Low
427,Cambridge Road,9584,Oct-Dec,2025,Cambridge Road,Low
428,Cambridge Road,9994.14,Jan-Mar,2026,Cambridge Road,Low
429,Cambridge Road,9978.53,Apr-Jun,2026,Cambridge Road,Low
430,Cambridge Road,9930.47,Jul-Sep,2026,Cambridge Road,Low
431,Cambridge Road,10035.02,Oct-Dec,2026,Cambridge Road,Low
432,Cambridge Road,10203.33,Jan-Mar,2027,Cambridge Road,Low
433,Cambridge Road,10187.88,Apr-Jun,2027,Cambridge Road,Low
434,Cambridge Road,10275.92,Jul-Sep,2027,Cambridge Road,Low
435,Cambridge Road,10316.17,Oct-Dec,2027,Cambridge Road,Low
436,Cambridge Road,10555.02,Jan-Mar,2028,Cambridge Road,Low
437,Cambridge Road,10710.19,Apr-Jun,2028,Cambridge Road,Low
438,Cambridge Road,10623.51,Jul-Sep,2028,Cambridge Road,Low
439,Cambridge Road,10188.48,Oct-Dec,2028,Cambridge Road,Low
440,Cambridge Road,10713.47,Jan-Mar,2029,Cambridge Road,Low
441,Cambridge Road,11445.13,Apr-Jun,2029,Cambridge Road,Low
442,Cambridge Road,11283.26,Jul-Sep,2029,Cambridge Road,Low
443,Cambridge Road,10845.61,Oct-Dec,2029,Cambridge Road,Low
444,Cambridge Road,12013.28,Jan-Mar,2030,Cambridge Road,Low
445,Cambridge Road,12026.23,Apr-Jun,2030,Cambridge Road,Low
446,Cambridge Road,12568.29,Jul-Sep,2030,Cambridge Road,Low
447,Cambridge Road,9355.25,Oct-Dec,2030,Cambridge Road,Low
448,Queens Road,15699.6,Jan-Mar,2024,Queens Road,Low
449,Queens Road,15904.16,Apr-Jun,2024,Queens Road,Low
450,Queens Road,15798.786,Jul-Sep,2024,Queens Road,Low
451,Queens Road,14926.816,Oct-Dec,2024,Queens Road,Low
452,Queens Road,16203.45,Jan-Mar,2025,Queens Road,Low
453,Queens Road,16743.18,Apr-Jun,2025,Queens Road,Low
454,Queens Road,15042.478,Jul-Sep,2025,Queens Road,Low
455,Queens Road,11752.876,Oct-Dec,2025,Queens Road,Low
456,Queens Road,13181.8,Jan-Mar,2026,Queens Road,Low
457,Queens Road,13221.47,Apr-Jun,2026,Queens Road,Low
458,Queens Road,13360.82,Jul-Sep,2026,Queens Road,Low
459,Queens Road,13483.66,Oct-Dec,2026,Queens Road,Low
460,Queens Road,13612.09,Jan-Mar,2027,Queens Road,Low
461,Queens Road,13731.17,Apr-Jun,2027,Queens Road,Low
462,Queens Road,13859.7,Jul-Sep,2027,Queens Road,Low
463,Queens Road,13926.9,Oct-Dec,2027,Queens Road,Low
464,Queens Road,13675.24,Jan-Mar,2028,Queens Road,Low
465,Queens Road,13706.38,Apr-Jun,2028,Queens Road,Low
466,Queens Road,14170.41,Jul-Sep,2028,Queens Road,Low
467,Queens Road,14279.03,Oct-Dec,2028,Queens Road,Low
468,Queens Road,15287.4,Jan-Mar,2029,Queens Road,Low
469,Queens Road,15360.97,Apr-Jun,2029,Queens Road,Low
470,Queens Road,15077.91,Jul-Sep,2029,Queens Road,Low
471,Queens Road,14662.66,Oct-Dec,2029,Queens Road,Low
472,Queens Road,15699.6,Jan-Mar,2030,Queens Road,Low
473,Queens Road,15904.16,Apr-Jun,2030,Queens Road,Low
474,Queens Road,15798.786,Jul-Sep,2030,Queens Road,Low
475,Queens Road,14926.816,Oct-Dec,2030,Queens Road,Low
476,Byatarayanapura,9241.38,Jan-Mar,2024,Byatarayanapura,Moderate
477,Byatarayanapura,9503.77,Apr-Jun,2024,Byatarayanapura,Moderate
478,Byatarayanapura,9745.755,Jul-Sep,2024,Byatarayanapura,Moderate
479,Byatarayanapura,9327.91,Oct-Dec,2024,Byatarayanapura,Moderate
480,Byatarayanapura,10613.99,Jan-Mar,2025,Byatarayanapura,Moderate
481,Byatarayanapura,11015.29667,Apr-Jun,2025,Byatarayanapura,Moderate
482,Byatarayanapura,9765.482833,Jul-Sep,2025,Byatarayanapura,Moderate
483,Byatarayanapura,7525.96,Oct-Dec,2025,Byatarayanapura,Moderate
484,Byatarayanapura,7938.21,Jan-Mar,2026,Byatarayanapura,Moderate
485,Byatarayanapura,7918.69,Apr-Jun,2026,Byatarayanapura,Moderate
486,Byatarayanapura,8017.13,Jul-Sep,2026,Byatarayanapura,Moderate
487,Byatarayanapura,8108.37,Oct-Dec,2026,Byatarayanapura,Moderate
488,Byatarayanapura,8216.86,Jan-Mar,2027,Byatarayanapura,Moderate
489,Byatarayanapura,8193.59,Apr-Jun,2027,Byatarayanapura,Moderate
490,Byatarayanapura,8393.32,Jul-Sep,2027,Byatarayanapura,Moderate
491,Byatarayanapura,8418.39,Oct-Dec,2027,Byatarayanapura,Moderate
492,Byatarayanapura,8370.28,Jan-Mar,2028,Byatarayanapura,Moderate
493,Byatarayanapura,8460.96,Apr-Jun,2028,Byatarayanapura,Moderate
494,Byatarayanapura,8462.74,Jul-Sep,2028,Byatarayanapura,Moderate
495,Byatarayanapura,8806.2,Oct-Dec,2028,Byatarayanapura,Moderate
496,Byatarayanapura,8770.01,Jan-Mar,2029,Byatarayanapura,Moderate
497,Byatarayanapura,9073.49,Apr-Jun,2029,Byatarayanapura,Moderate
498,Byatarayanapura,9043.01,Jul-Sep,2029,Byatarayanapura,Moderate
499,Byatarayanapura,8886.16,Oct-Dec,2029,Byatarayanapura,Moderate
500,Byatarayanapura,9241.38,Jan-Mar,2030,Byatarayanapura,Moderate
501,Byatarayanapura,9503.77,Apr-Jun,2030,Byatarayanapura,Moderate
502,Byatarayanapura,9745.755,Jul-Sep,2030,Byatarayanapura,Moderate
503,Byatarayanapura,9327.91,Oct-Dec,2030,Byatarayanapura,Moderate
504,JP Nagar,7312.87,Jan-Mar,2024,JP Nagar,Low
505,JP Nagar,7596.39,Apr-Jun,2024,JP Nagar,Low
506,JP Nagar,7840.671667,Jul-Sep,2024,JP Nagar,Low
507,JP Nagar,8125.38,Oct-Dec,2024,JP Nagar,Low
508,JP Nagar,8867.77,Jan-Mar,2025,JP Nagar,Low
509,JP Nagar,9069.23,Apr-Jun,2025,JP Nagar,Low
510,JP Nagar,7647.987619,Jul-Sep,2025,JP Nagar,Low
511,JP Nagar,6099.948333,Oct-Dec,2025,JP Nagar,Low
512,JP Nagar,5929.85,Jan-Mar,2026,JP Nagar,Low
513,JP Nagar,5921.37,Apr-Jun,2026,JP Nagar,Low
514,JP Nagar,5974.59,Jul-Sep,2026,JP Nagar,Low
515,JP Nagar,6075.01,Oct-Dec,2026,JP Nagar,Low
516,JP Nagar,6225.8,Jan-Mar,2027,JP Nagar,Low
517,JP Nagar,6234.28,Apr-Jun,2027,JP Nagar,Low
518,JP Nagar,6243,Jul-Sep,2027,JP Nagar,Low
519,JP Nagar,6259.83,Oct-Dec,2027,JP Nagar,Low
520,JP Nagar,6328.38,Jan-Mar,2028,JP Nagar,Low
521,JP Nagar,6316.86,Apr-Jun,2028,JP Nagar,Low
522,JP Nagar,6145.02,Jul-Sep,2028,JP Nagar,Low
523,JP Nagar,6273.77,Oct-Dec,2028,JP Nagar,Low
524,JP Nagar,6569.01,Jan-Mar,2029,JP Nagar,Low
525,JP Nagar,6599.13,Apr-Jun,2029,JP Nagar,Low
526,JP Nagar,6750.71,Jul-Sep,2029,JP Nagar,Low
527,JP Nagar,6848.02,Oct-Dec,2029,JP Nagar,Low
528,JP Nagar,7312.87,Jan-Mar,2030,JP Nagar,Low
529,JP Nagar,7596.39,Apr-Jun,2030,JP Nagar,Low
530,JP Nagar,7840.671667,Jul-Sep,2030,JP Nagar,Low
531,JP Nagar,8125.38,Oct-Dec,2030,JP Nagar,Low
532,Channasandra Main road,8352.53,Jan-Mar,2024,,
533,Channasandra Main road,8065.63,Apr-Jun,2024,,
534,Channasandra Main road,8108.03,Jul-Sep,2024,,
535,Channasandra Main road,8269.38,Oct-Dec,2024,,
536,Channasandra Main road,9057.6,Jan-Mar,2025,,
537,Channasandra Main road,9076.706667,Apr-Jun,2025,,
538,Channasandra Main road,7633.642667,Jul-Sep,2025,,
539,Channasandra Main road,6121.488333,Oct-Dec,2025,,
540,Channasandra Main road,6544.25,Jan-Mar,2026,,
541,Channasandra Main road,6534.95,Apr-Jun,2026,,
542,Channasandra Main road,6588,Jul-Sep,2026,,
543,Channasandra Main road,6626.5,Oct-Dec,2026,,
544,Channasandra Main road,6853.55,Jan-Mar,2027,,
545,Channasandra Main road,6885.65,Apr-Jun,2027,,
546,Channasandra Main road,6951.2,Jul-Sep,2027,,
547,Channasandra Main road,6917.45,Oct-Dec,2027,,
548,Channasandra Main road,7112.06,Jan-Mar,2028,,
549,Channasandra Main road,7351.63,Apr-Jun,2028,,
550,Channasandra Main road,7596.09,Jul-Sep,2028,,
551,Channasandra Main road,7602.44,Oct-Dec,2028,,
552,Channasandra Main road,7455.15,Jan-Mar,2029,,
553,Channasandra Main road,7448.53,Apr-Jun,2029,,
554,Channasandra Main road,7981.25,Jul-Sep,2029,,
555,Channasandra Main road,8006.35,Oct-Dec,2029,,
556,Channasandra Main road,8352.53,Jan-Mar,2030,,
557,Channasandra Main road,8065.63,Apr-Jun,2030,,
558,Channasandra Main road,8108.03,Jul-Sep,2030,,
559,Channasandra Main road,8269.38,Oct-Dec,2030,,
560,Huskur Road,5995.24,Jan-Mar,2024,Huskur Road,High
561,Huskur Road,5918.25,Apr-Jun,2024,Huskur Road,High
562,Huskur Road,5925.438,Jul-Sep,2024,Huskur Road,High
563,Huskur Road,6424.74,Oct-Dec,2024,Huskur Road,High
564,Huskur Road,6373.666,Jan-Mar,2025,Huskur Road,High
565,Huskur Road,6350.966,Apr-Jun,2025,Huskur Road,High
566,Huskur Road,5905.993,Jul-Sep,2025,Huskur Road,High
567,Huskur Road,5435.336,Oct-Dec,2025,Huskur Road,High
568,Huskur Road,4878.87,Jan-Mar,2026,Huskur Road,High
569,Huskur Road,4950.69,Apr-Jun,2026,Huskur Road,High
570,Huskur Road,4986.4,Jul-Sep,2026,Huskur Road,High
571,Huskur Road,5029.5,Oct-Dec,2026,Huskur Road,High
572,Huskur Road,5059.3,Jan-Mar,2027,Huskur Road,High
573,Huskur Road,5085.47,Apr-Jun,2027,Huskur Road,High
574,Huskur Road,5095.65,Jul-Sep,2027,Huskur Road,High
575,Huskur Road,5126.77,Oct-Dec,2027,Huskur Road,High
576,Huskur Road,5315.91,Jan-Mar,2028,Huskur Road,High
577,Huskur Road,5335.33,Apr-Jun,2028,Huskur Road,High
578,Huskur Road,5347.15,Jul-Sep,2028,Huskur Road,High
579,Huskur Road,5429.22,Oct-Dec,2028,Huskur Road,High
580,Huskur Road,5454.8,Jan-Mar,2029,Huskur Road,High
581,Huskur Road,5511.73,Apr-Jun,2029,Huskur Road,High
582,Huskur Road,5648.75,Jul-Sep,2029,Huskur Road,High
583,Huskur Road,5874.73,Oct-Dec,2029,Huskur Road,High
584,Huskur Road,5995.24,Jan-Mar,2030,Huskur Road,High
585,Huskur Road,5918.25,Apr-Jun,2030,Huskur Road,High
586,Huskur Road,5925.438,Jul-Sep,2030,Huskur Road,High
587,Huskur Road,6424.74,Oct-Dec,2030,Huskur Road,High
588,Jakkur Road,7038.45,Jan-Mar,2024,Jakkur Road,Low
589,Jakkur Road,7270.44,Apr-Jun,2024,Jakkur Road,Low
590,Jakkur Road,7509.118333,Jul-Sep,2024,Jakkur Road,Low
591,Jakkur Road,7708.615,Oct-Dec,2024,Jakkur Road,Low
592,Jakkur Road,7572.135,Jan-Mar,2025,Jakkur Road,Low
593,Jakkur Road,7737.935,Apr-Jun,2025,Jakkur Road,Low
594,Jakkur Road,6867.821833,Jul-Sep,2025,Jakkur Road,Low
595,Jakkur Road,6150.783333,Oct-Dec,2025,Jakkur Road,Low
596,Jakkur Road,6369.32,Jan-Mar,2026,Jakkur Road,Low
597,Jakkur Road,6428.99,Apr-Jun,2026,Jakkur Road,Low
598,Jakkur Road,6486.77,Jul-Sep,2026,Jakkur Road,Low
599,Jakkur Road,6449.44,Oct-Dec,2026,Jakkur Road,Low
600,Jakkur Road,6341.52,Jan-Mar,2027,Jakkur Road,Low
601,Jakkur Road,6370.14,Apr-Jun,2027,Jakkur Road,Low
602,Jakkur Road,6433.33,Jul-Sep,2027,Jakkur Road,Low
603,Jakkur Road,6417.67,Oct-Dec,2027,Jakkur Road,Low
604,Jakkur Road,6425.23,Jan-Mar,2028,Jakkur Road,Low
605,Jakkur Road,6478.1,Apr-Jun,2028,Jakkur Road,Low
606,Jakkur Road,6431.43,Jul-Sep,2028,Jakkur Road,Low
607,Jakkur Road,6520.52,Oct-Dec,2028,Jakkur Road,Low
608,Jakkur Road,6546.62,Jan-Mar,2029,Jakkur Road,Low
609,Jakkur Road,6664.57,Apr-Jun,2029,Jakkur Road,Low
610,Jakkur Road,6843.8,Jul-Sep,2029,Jakkur Road,Low
611,Jakkur Road,6874.23,Oct-Dec,2029,Jakkur Road,Low
612,Jakkur Road,7038.45,Jan-Mar,2030,Jakkur Road,Low
613,Jakkur Road,7270.44,Apr-Jun,2030,Jakkur Road,Low
614,Jakkur Road,7509.118333,Jul-Sep,2030,Jakkur Road,Low
615,Jakkur Road,7708.615,Oct-Dec,2030,Jakkur Road,Low
616,Hutchins Road,10416.52,Jan-Mar,2024,Hutchins Road,Low
617,Hutchins Road,10385.63,Apr-Jun,2024,Hutchins Road,Low
618,Hutchins Road,10324.361,Jul-Sep,2024,Hutchins Road,Low
619,Hutchins Road,9731.275,Oct-Dec,2024,Hutchins Road,Low
620,Hutchins Road,11554.30667,Jan-Mar,2025,Hutchins Road,Low
621,Hutchins Road,11714.05667,Apr-Jun,2025,Hutchins Road,Low
622,Hutchins Road,10325.98417,Jul-Sep,2025,Hutchins Road,Low
623,Hutchins Road,7531.444,Oct-Dec,2025,Hutchins Road,Low
624,Hutchins Road,9453.84,Jan-Mar,2026,Hutchins Road,Low
625,Hutchins Road,9456.61,Apr-Jun,2026,Hutchins Road,Low
626,Hutchins Road,9519,Jul-Sep,2026,Hutchins Road,Low
627,Hutchins Road,9535.5,Oct-Dec,2026,Hutchins Road,Low
628,Hutchins Road,9580.75,Jan-Mar,2027,Hutchins Road,Low
629,Hutchins Road,9583.86,Apr-Jun,2027,Hutchins Road,Low
630,Hutchins Road,9649.25,Jul-Sep,2027,Hutchins Road,Low
631,Hutchins Road,9655.75,Oct-Dec,2027,Hutchins Road,Low
632,Hutchins Road,9696.9,Jan-Mar,2028,Hutchins Road,Low
633,Hutchins Road,9727.19,Apr-Jun,2028,Hutchins Road,Low
634,Hutchins Road,9461.54,Jul-Sep,2028,Hutchins Road,Low
635,Hutchins Road,9513.68,Oct-Dec,2028,Hutchins Road,Low
636,Hutchins Road,9651.41,Jan-Mar,2029,Hutchins Road,Low
637,Hutchins Road,9744.22,Apr-Jun,2029,Hutchins Road,Low
638,Hutchins Road,9596.98,Jul-Sep,2029,Hutchins Road,Low
639,Hutchins Road,9330.88,Oct-Dec,2029,Hutchins Road,Low
640,Hutchins Road,10416.52,Jan-Mar,2030,Hutchins Road,Low
641,Hutchins Road,10385.63,Apr-Jun,2030,Hutchins Road,Low
642,Hutchins Road,10324.361,Jul-Sep,2030,Hutchins Road,Low
643,Hutchins Road,9731.275,Oct-Dec,2030,Hutchins Road,Low
644,Chunchgatta Main Road,8334.79,Jan-Mar,2024,Chunchgatta Main Road,Moderate
645,Chunchgatta Main Road,8384.49,Apr-Jun,2024,Chunchgatta Main Road,Moderate
646,Chunchgatta Main Road,8778.284,Jul-Sep,2024,Chunchgatta Main Road,Moderate
647,Chunchgatta Main Road,10228.16,Oct-Dec,2024,Chunchgatta Main Road,Moderate
648,Chunchgatta Main Road,9221.1,Jan-Mar,2025,Chunchgatta Main Road,Moderate
649,Chunchgatta Main Road,8756.88,Apr-Jun,2025,Chunchgatta Main Road,Moderate
650,Chunchgatta Main Road,7444.554,Jul-Sep,2025,Chunchgatta Main Road,Moderate
651,Chunchgatta Main Road,6112.14,Oct-Dec,2025,Chunchgatta Main Road,Moderate
652,Chunchgatta Main Road,6476.25,Jan-Mar,2026,Chunchgatta Main Road,Moderate
653,Chunchgatta Main Road,6533.89,Apr-Jun,2026,Chunchgatta Main Road,Moderate
654,Chunchgatta Main Road,6680.97,Jul-Sep,2026,Chunchgatta Main Road,Moderate
655,Chunchgatta Main Road,6663.53,Oct-Dec,2026,Chunchgatta Main Road,Moderate
656,Chunchgatta Main Road,6858.59,Jan-Mar,2027,Chunchgatta Main Road,Moderate
657,Chunchgatta Main Road,6898.09,Apr-Jun,2027,Chunchgatta Main Road,Moderate
658,Chunchgatta Main Road,7126.26,Jul-Sep,2027,Chunchgatta Main Road,Moderate
659,Chunchgatta Main Road,7072.22,Oct-Dec,2027,Chunchgatta Main Road,Moderate
660,Chunchgatta Main Road,7340.64,Jan-Mar,2028,Chunchgatta Main Road,Moderate
661,Chunchgatta Main Road,7469.48,Apr-Jun,2028,Chunchgatta Main Road,Moderate
662,Chunchgatta Main Road,7586.67,Jul-Sep,2028,Chunchgatta Main Road,Moderate
663,Chunchgatta Main Road,8062.62,Oct-Dec,2028,Chunchgatta Main Road,Moderate
664,Chunchgatta Main Road,8155.52,Jan-Mar,2029,Chunchgatta Main Road,Moderate
665,Chunchgatta Main Road,8075.66,Apr-Jun,2029,Chunchgatta Main Road,Moderate
666,Chunchgatta Main Road,8326.85,Jul-Sep,2029,Chunchgatta Main Road,Moderate
667,Chunchgatta Main Road,8874.88,Oct-Dec,2029,Chunchgatta Main Road,Moderate
668,Chunchgatta Main Road,8334.79,Jan-Mar,2030,Chunchgatta Main Road,Moderate
669,Chunchgatta Main Road,8384.49,Apr-Jun,2030,Chunchgatta Main Road,Moderate
670,Chunchgatta Main Road,8778.284,Jul-Sep,2030,Chunchgatta Main Road,Moderate
671,Chunchgatta Main Road,10228.16,Oct-Dec,2030,Chunchgatta Main Road,Moderate
672,Rashtriya Vidyalaya Road,10980.33,Jan-Mar,2024,Rashtriya Vidyalaya Road,Low
673,Rashtriya Vidyalaya Road,11129.68,Apr-Jun,2024,Rashtriya Vidyalaya Road,Low
674,Rashtriya Vidyalaya Road,10765.41,Jul-Sep,2024,Rashtriya Vidyalaya Road,Low
675,Rashtriya Vidyalaya Road,10263.45,Oct-Dec,2024,Rashtriya Vidyalaya Road,Low
676,Rashtriya Vidyalaya Road,10854.3,Jan-Mar,2025,Rashtriya Vidyalaya Road,Low
677,Rashtriya Vidyalaya Road,11344.41,Apr-Jun,2025,Rashtriya Vidyalaya Road,Low
678,Rashtriya Vidyalaya Road,11133.105,Jul-Sep,2025,Rashtriya Vidyalaya Road,Low
679,Rashtriya Vidyalaya Road,7799.6,Oct-Dec,2025,Rashtriya Vidyalaya Road,Low
680,Rashtriya Vidyalaya Road,9665.31,Jan-Mar,2026,Rashtriya Vidyalaya Road,Low
681,Rashtriya Vidyalaya Road,9782.7,Apr-Jun,2026,Rashtriya Vidyalaya Road,Low
682,Rashtriya Vidyalaya Road,9874.28,Jul-Sep,2026,Rashtriya Vidyalaya Road,Low
683,Rashtriya Vidyalaya Road,9964.75,Oct-Dec,2026,Rashtriya Vidyalaya Road,Low
684,Rashtriya Vidyalaya Road,10081.03,Jan-Mar,2027,Rashtriya Vidyalaya Road,Low
685,Rashtriya Vidyalaya Road,10231.32,Apr-Jun,2027,Rashtriya Vidyalaya Road,Low
686,Rashtriya Vidyalaya Road,10291.92,Jul-Sep,2027,Rashtriya Vidyalaya Road,Low
687,Rashtriya Vidyalaya Road,10390.72,Oct-Dec,2027,Rashtriya Vidyalaya Road,Low
688,Rashtriya Vidyalaya Road,10274.87,Jan-Mar,2028,Rashtriya Vidyalaya Road,Low
689,Rashtriya Vidyalaya Road,10279.37,Apr-Jun,2028,Rashtriya Vidyalaya Road,Low
690,Rashtriya Vidyalaya Road,10377.72,Jul-Sep,2028,Rashtriya Vidyalaya Road,Low
691,Rashtriya Vidyalaya Road,9838.23,Oct-Dec,2028,Rashtriya Vidyalaya Road,Low
692,Rashtriya Vidyalaya Road,11020.93,Jan-Mar,2029,Rashtriya Vidyalaya Road,Low
693,Rashtriya Vidyalaya Road,10914.74,Apr-Jun,2029,Rashtriya Vidyalaya Road,Low
694,Rashtriya Vidyalaya Road,11094.83,Jul-Sep,2029,Rashtriya Vidyalaya Road,Low
695,Rashtriya Vidyalaya Road,10133.18,Oct-Dec,2029,Rashtriya Vidyalaya Road,Low
696,Rashtriya Vidyalaya Road,10980.33,Jan-Mar,2030,Rashtriya Vidyalaya Road,Low
697,Rashtriya Vidyalaya Road,11129.68,Apr-Jun,2030,Rashtriya Vidyalaya Road,Low
698,Rashtriya Vidyalaya Road,10765.41,Jul-Sep,2030,Rashtriya Vidyalaya Road,Low
699,Rashtriya Vidyalaya Road,10263.45,Oct-Dec,2030,Rashtriya Vidyalaya Road,Low
700,Immadihalli,11073.76,Jan-Mar,2024,Immadihalli,Moderate
701,Immadihalli,11075.92,Apr-Jun,2024,Immadihalli,Moderate
702,Immadihalli,10728.60467,Jul-Sep,2024,Immadihalli,Moderate
703,Immadihalli,11437.30333,Oct-Dec,2024,Immadihalli,Moderate
704,Immadihalli,11813.43333,Jan-Mar,2025,Immadihalli,Moderate
705,Immadihalli,12028.07333,Apr-Jun,2025,Immadihalli,Moderate
706,Immadihalli,9298.497333,Jul-Sep,2025,Immadihalli,Moderate
707,Immadihalli,6308.705333,Oct-Dec,2025,Immadihalli,Moderate
708,Immadihalli,5154.72,Jan-Mar,2026,Immadihalli,Moderate
709,Immadihalli,5118.88,Apr-Jun,2026,Immadihalli,Moderate
710,Immadihalli,5184.35,Jul-Sep,2026,Immadihalli,Moderate
711,Immadihalli,5243.27,Oct-Dec,2026,Immadihalli,Moderate
712,Immadihalli,5238.57,Jan-Mar,2027,Immadihalli,Moderate
713,Immadihalli,5207.01,Apr-Jun,2027,Immadihalli,Moderate
714,Immadihalli,5268.23,Jul-Sep,2027,Immadihalli,Moderate
715,Immadihalli,5330.27,Oct-Dec,2027,Immadihalli,Moderate
716,Immadihalli,7386.87,Jan-Mar,2028,Immadihalli,Moderate
717,Immadihalli,7431.3,Apr-Jun,2028,Immadihalli,Moderate
718,Immadihalli,6766.26,Jul-Sep,2028,Immadihalli,Moderate
719,Immadihalli,7675.08,Oct-Dec,2028,Immadihalli,Moderate
720,Immadihalli,7944.49,Jan-Mar,2029,Immadihalli,Moderate
721,Immadihalli,8049.28,Apr-Jun,2029,Immadihalli,Moderate
722,Immadihalli,8109.66,Jul-Sep,2029,Immadihalli,Moderate
723,Immadihalli,8368.56,Oct-Dec,2029,Immadihalli,Moderate
724,Immadihalli,11073.76,Jan-Mar,2030,Immadihalli,Moderate
725,Immadihalli,11075.92,Apr-Jun,2030,Immadihalli,Moderate
726,Immadihalli,10728.60467,Jul-Sep,2030,Immadihalli,Moderate
727,Immadihalli,11437.30333,Oct-Dec,2030,Immadihalli,Moderate
728,Chokkanahalli,9060.02,Jan-Mar,2024,Chokkanahalli,High
729,Chokkanahalli,9089.51,Apr-Jun,2024,Chokkanahalli,High
730,Chokkanahalli,9230.615,Jul-Sep,2024,Chokkanahalli,High
731,Chokkanahalli,9492.51,Oct-Dec,2024,Chokkanahalli,High
732,Chokkanahalli,9312.13,Jan-Mar,2025,Chokkanahalli,High
733,Chokkanahalli,9278.46,Apr-Jun,2025,Chokkanahalli,High
734,Chokkanahalli,9006.020714,Jul-Sep,2025,Chokkanahalli,High
735,Chokkanahalli,7062.75,Oct-Dec,2025,Chokkanahalli,High
736,Chokkanahalli,7191.5,Jan-Mar,2026,Chokkanahalli,High
737,Chokkanahalli,7301,Apr-Jun,2026,Chokkanahalli,High
738,Chokkanahalli,7431.5,Jul-Sep,2026,Chokkanahalli,High
739,Chokkanahalli,7355,Oct-Dec,2026,Chokkanahalli,High
740,Chokkanahalli,7662.6,Jan-Mar,2027,Chokkanahalli,High
741,Chokkanahalli,7802.6,Apr-Jun,2027,Chokkanahalli,High
742,Chokkanahalli,7962.77,Jul-Sep,2027,Chokkanahalli,High
743,Chokkanahalli,7738.52,Oct-Dec,2027,Chokkanahalli,High
744,Chokkanahalli,7377.63,Jan-Mar,2028,Chokkanahalli,High
745,Chokkanahalli,8202.24,Apr-Jun,2028,Chokkanahalli,High
746,Chokkanahalli,8552.11,Jul-Sep,2028,Chokkanahalli,High
747,Chokkanahalli,8542.64,Oct-Dec,2028,Chokkanahalli,High
748,Chokkanahalli,8183,Jan-Mar,2029,Chokkanahalli,High
749,Chokkanahalli,8362.47,Apr-Jun,2029,Chokkanahalli,High
750,Chokkanahalli,8922.92,Jul-Sep,2029,Chokkanahalli,High
751,Chokkanahalli,8971.28,Oct-Dec,2029,Chokkanahalli,High
752,Chokkanahalli,9060.02,Jan-Mar,2030,Chokkanahalli,High
753,Chokkanahalli,9089.51,Apr-Jun,2030,Chokkanahalli,High
754,Chokkanahalli,9230.615,Jul-Sep,2030,Chokkanahalli,High
755,Chokkanahalli,9492.51,Oct-Dec,2030,Chokkanahalli,High
756,Thalaghattapura Main Road,6989.67,Jan-Mar,2024,Thalaghattapura Main Road,High
757,Thalaghattapura Main Road,7306.72,Apr-Jun,2024,Thalaghattapura Main Road,High
758,Thalaghattapura Main Road,7751.5575,Jul-Sep,2024,Thalaghattapura Main Road,High
759,Thalaghattapura Main Road,7668.92,Oct-Dec,2024,Thalaghattapura Main Road,High
760,Thalaghattapura Main Road,8557.022738,Jan-Mar,2025,Thalaghattapura Main Road,High
761,Thalaghattapura Main Road,9526.712738,Apr-Jun,2025,Thalaghattapura Main Road,High
762,Thalaghattapura Main Road,7037.739405,Jul-Sep,2025,Thalaghattapura Main Road,High
763,Thalaghattapura Main Road,4769.18,Oct-Dec,2025,Thalaghattapura Main Road,High
764,Thalaghattapura Main Road,4862.17,Jan-Mar,2026,Thalaghattapura Main Road,High
765,Thalaghattapura Main Road,5045.76,Apr-Jun,2026,Thalaghattapura Main Road,High
766,Thalaghattapura Main Road,5278.17,Jul-Sep,2026,Thalaghattapura Main Road,High
767,Thalaghattapura Main Road,5330.34,Oct-Dec,2026,Thalaghattapura Main Road,High
768,Thalaghattapura Main Road,5453.68,Jan-Mar,2027,Thalaghattapura Main Road,High
769,Thalaghattapura Main Road,5617.11,Apr-Jun,2027,Thalaghattapura Main Road,High
770,Thalaghattapura Main Road,5742.2,Jul-Sep,2027,Thalaghattapura Main Road,High
771,Thalaghattapura Main Road,5890.17,Oct-Dec,2027,Thalaghattapura Main Road,High
772,Thalaghattapura Main Road,6267.35,Jan-Mar,2028,Thalaghattapura Main Road,High
773,Thalaghattapura Main Road,6295.63,Apr-Jun,2028,Thalaghattapura Main Road,High
774,Thalaghattapura Main Road,6395.98,Jul-Sep,2028,Thalaghattapura Main Road,High
775,Thalaghattapura Main Road,6486.72,Oct-Dec,2028,Thalaghattapura Main Road,High
776,Thalaghattapura Main Road,6600.56,Jan-Mar,2029,Thalaghattapura Main Road,High
777,Thalaghattapura Main Road,6762.52,Apr-Jun,2029,Thalaghattapura Main Road,High
778,Thalaghattapura Main Road,6941.07,Jul-Sep,2029,Thalaghattapura Main Road,High
779,Thalaghattapura Main Road,7059.46,Oct-Dec,2029,Thalaghattapura Main Road,High
780,Thalaghattapura Main Road,6989.67,Jan-Mar,2030,Thalaghattapura Main Road,High
781,Thalaghattapura Main Road,7306.72,Apr-Jun,2030,Thalaghattapura Main Road,High
782,Thalaghattapura Main Road,7751.5575,Jul-Sep,2030,Thalaghattapura Main Road,High
783,Thalaghattapura Main Road,7668.92,Oct-Dec,2030,Thalaghattapura Main Road,High
784,Indiranagar,13835.71,Jan-Mar,2024,Indiranagar,Low
785,Indiranagar,13937.62,Apr-Jun,2024,Indiranagar,Low
786,Indiranagar,14130.89,Jul-Sep,2024,Indiranagar,Low
787,Indiranagar,13917.99,Oct-Dec,2024,Indiranagar,Low
788,Indiranagar,15115.7,Jan-Mar,2025,Indiranagar,Low
789,Indiranagar,15367.41,Apr-Jun,2025,Indiranagar,Low
790,Indiranagar,14641.35,Jul-Sep,2025,Indiranagar,Low
791,Indiranagar,10130.57,Oct-Dec,2025,Indiranagar,Low
792,Indiranagar,10643.71,Jan-Mar,2026,Indiranagar,Low
793,Indiranagar,10696.3,Apr-Jun,2026,Indiranagar,Low
794,Indiranagar,10581.95,Jul-Sep,2026,Indiranagar,Low
795,Indiranagar,10665.16,Oct-Dec,2026,Indiranagar,Low
796,Indiranagar,10931.34,Jan-Mar,2027,Indiranagar,Low
797,Indiranagar,10905.98,Apr-Jun,2027,Indiranagar,Low
798,Indiranagar,11186.54,Jul-Sep,2027,Indiranagar,Low
799,Indiranagar,11046.45,Oct-Dec,2027,Indiranagar,Low
800,Indiranagar,11062.42,Jan-Mar,2028,Indiranagar,Low
801,Indiranagar,11112.99,Apr-Jun,2028,Indiranagar,Low
802,Indiranagar,10360.86,Jul-Sep,2028,Indiranagar,Low
803,Indiranagar,11194.77,Oct-Dec,2028,Indiranagar,Low
804,Indiranagar,11312.12,Jan-Mar,2029,Indiranagar,Low
805,Indiranagar,11550.84,Apr-Jun,2029,Indiranagar,Low
806,Indiranagar,11972.55,Jul-Sep,2029,Indiranagar,Low
807,Indiranagar,12209.88,Oct-Dec,2029,Indiranagar,Low
808,Indiranagar,13835.71,Jan-Mar,2030,Indiranagar,Low
809,Indiranagar,13937.62,Apr-Jun,2030,Indiranagar,Low
810,Indiranagar,14130.89,Jul-Sep,2030,Indiranagar,Low
811,Indiranagar,13917.99,Oct-Dec,2030,Indiranagar,Low
812,Ramamurthy Nagar,5890.53,Jan-Mar,2024,Ramamurthy Nagar,Moderate
813,Ramamurthy Nagar,5693.29,Apr-Jun,2024,Ramamurthy Nagar,Moderate
814,Ramamurthy Nagar,5677.2765,Jul-Sep,2024,Ramamurthy Nagar,Moderate
815,Ramamurthy Nagar,6260.98,Oct-Dec,2024,Ramamurthy Nagar,Moderate
816,Ramamurthy Nagar,6378.59,Jan-Mar,2025,Ramamurthy Nagar,Moderate
817,Ramamurthy Nagar,6336.02,Apr-Jun,2025,Ramamurthy Nagar,Moderate
818,Ramamurthy Nagar,5418.399,Jul-Sep,2025,Ramamurthy Nagar,Moderate
819,Ramamurthy Nagar,5031.855,Oct-Dec,2025,Ramamurthy Nagar,Moderate
820,Ramamurthy Nagar,4563.02,Jan-Mar,2026,Ramamurthy Nagar,Moderate
821,Ramamurthy Nagar,4664.79,Apr-Jun,2026,Ramamurthy Nagar,Moderate
822,Ramamurthy Nagar,4748.48,Jul-Sep,2026,Ramamurthy Nagar,Moderate
823,Ramamurthy Nagar,4689.65,Oct-Dec,2026,Ramamurthy Nagar,Moderate
824,Ramamurthy Nagar,4594.8,Jan-Mar,2027,Ramamurthy Nagar,Moderate
825,Ramamurthy Nagar,4733.5,Apr-Jun,2027,Ramamurthy Nagar,Moderate
826,Ramamurthy Nagar,4836.26,Jul-Sep,2027,Ramamurthy Nagar,Moderate
827,Ramamurthy Nagar,4764.15,Oct-Dec,2027,Ramamurthy Nagar,Moderate
828,Ramamurthy Nagar,5445.56,Jan-Mar,2028,Ramamurthy Nagar,Moderate
829,Ramamurthy Nagar,5497.48,Apr-Jun,2028,Ramamurthy Nagar,Moderate
830,Ramamurthy Nagar,5357.57,Jul-Sep,2028,Ramamurthy Nagar,Moderate
831,Ramamurthy Nagar,5234.33,Oct-Dec,2028,Ramamurthy Nagar,Moderate
832,Ramamurthy Nagar,5172.93,Jan-Mar,2029,Ramamurthy Nagar,Moderate
833,Ramamurthy Nagar,5137.41,Apr-Jun,2029,Ramamurthy Nagar,Moderate
834,Ramamurthy Nagar,5378.71,Jul-Sep,2029,Ramamurthy Nagar,Moderate
835,Ramamurthy Nagar,5443.86,Oct-Dec,2029,Ramamurthy Nagar,Moderate
836,Ramamurthy Nagar,5890.53,Jan-Mar,2030,Ramamurthy Nagar,Moderate
837,Ramamurthy Nagar,5693.29,Apr-Jun,2030,Ramamurthy Nagar,Moderate
838,Ramamurthy Nagar,5677.2765,Jul-Sep,2030,Ramamurthy Nagar,Moderate
839,Ramamurthy Nagar,6260.98,Oct-Dec,2030,Ramamurthy Nagar,Moderate
840,ITPL,11078.52,Jan-Mar,2024,ITPL,Low
841,ITPL,11201.47,Apr-Jun,2024,ITPL,Low
842,ITPL,11666.975,Jul-Sep,2024,ITPL,Low
843,ITPL,12034.32,Oct-Dec,2024,ITPL,Low
844,ITPL,12810.66667,Jan-Mar,2025,ITPL,Low
845,ITPL,13013.28667,Apr-Jun,2025,ITPL,Low
846,ITPL,10075.24633,Jul-Sep,2025,ITPL,Low
847,ITPL,7331.6,Oct-Dec,2025,ITPL,Low
848,ITPL,6765.98,Jan-Mar,2026,ITPL,Low
849,ITPL,6803.86,Apr-Jun,2026,ITPL,Low
850,ITPL,6829.49,Jul-Sep,2026,ITPL,Low
851,ITPL,6740.76,Oct-Dec,2026,ITPL,Low
852,ITPL,6826.93,Jan-Mar,2027,ITPL,Low
853,ITPL,6876.51,Apr-Jun,2027,ITPL,Low
854,ITPL,6903.27,Jul-Sep,2027,ITPL,Low
855,ITPL,6889.12,Oct-Dec,2027,ITPL,Low
856,ITPL,7594.3,Jan-Mar,2028,ITPL,Low
857,ITPL,7616.59,Apr-Jun,2028,ITPL,Low
858,ITPL,7312.1,Jul-Sep,2028,ITPL,Low
859,ITPL,8047.7,Oct-Dec,2028,ITPL,Low
860,ITPL,8048.04,Jan-Mar,2029,ITPL,Low
861,ITPL,8163.12,Apr-Jun,2029,ITPL,Low
862,ITPL,8591.58,Jul-Sep,2029,ITPL,Low
863,ITPL,8788.35,Oct-Dec,2029,ITPL,Low
864,ITPL,11078.52,Jan-Mar,2030,ITPL,Low
865,ITPL,11201.47,Apr-Jun,2030,ITPL,Low
866,ITPL,11666.975,Jul-Sep,2030,ITPL,Low
867,ITPL,12034.32,Oct-Dec,2030,ITPL,Low
868,Chikkathogur Main Road,undefined,undefined,undefined,Chikkathogur Main Road,High
869,Chikkathogur Main Road,undefined,undefined,undefined,Chikkathogur Main Road,High
870,Chikkathogur Main Road,undefined,undefined,undefined,Chikkathogur Main Road,High
871,Chikkathogur Main Road,undefined,undefined,undefined,Chikkathogur Main Road,High
872,Chikkathogur Main Road,undefined,undefined,undefined,Chikkathogur Main Road,High
873,Chikkathogur Main Road,undefined,undefined,undefined,Chikkathogur Main Road,High
874,Chikkathogur Main Road,undefined,undefined,undefined,Chikkathogur Main Road,High
875,Chikkathogur Main Road,undefined,undefined,undefined,Chikkathogur Main Road,High
876,Chikkathogur Main Road,undefined,undefined,undefined,Chikkathogur Main Road,High
877,Chikkathogur Main Road,undefined,undefined,undefined,Chikkathogur Main Road,High
878,Chikkathogur Main Road,undefined,undefined,undefined,Chikkathogur Main Road,High
879,Chikkathogur Main Road,undefined,undefined,undefined,Chikkathogur Main Road,High
880,Chikkathogur Main Road,undefined,undefined,undefined,Chikkathogur Main Road,High
881,Chikkathogur Main Road,undefined,undefined,undefined,Chikkathogur Main Road,High
882,Chikkathogur Main Road,undefined,undefined,undefined,Chikkathogur Main Road,High
883,Chikkathogur Main Road,undefined,undefined,undefined,Chikkathogur Main Road,High
884,Chikkathogur Main Road,undefined,undefined,undefined,Chikkathogur Main Road,High
885,Chikkathogur Main Road,undefined,undefined,undefined,Chikkathogur Main Road,High
886,Chikkathogur Main Road,undefined,undefined,undefined,Chikkathogur Main Road,High
887,Chikkathogur Main Road,undefined,undefined,undefined,Chikkathogur Main Road,High
888,Chikkathogur Main Road,undefined,undefined,undefined,Chikkathogur Main Road,High
889,Chikkathogur Main Road,undefined,undefined,undefined,Chikkathogur Main Road,High
890,Chikkathogur Main Road,undefined,undefined,undefined,Chikkathogur Main Road,High
891,Chikkathogur Main Road,undefined,undefined,undefined,Chikkathogur Main Road,High
892,Chikkathogur Main Road,undefined,undefined,undefined,Chikkathogur Main Road,High
893,Chikkathogur Main Road,undefined,undefined,undefined,Chikkathogur Main Road,High
894,Chikkathogur Main Road,undefined,undefined,undefined,Chikkathogur Main Road,High
895,Chikkathogur Main Road,undefined,undefined,undefined,Chikkathogur Main Road,High
896,ITPL Main Road,undefined,undefined,undefined,ITPL Main Road,Low
897,ITPL Main Road,undefined,undefined,undefined,ITPL Main Road,Low
898,ITPL Main Road,undefined,undefined,undefined,ITPL Main Road,Low
899,ITPL Main Road,undefined,undefined,undefined,ITPL Main Road,Low
900,ITPL Main Road,undefined,undefined,undefined,ITPL Main Road,Low
901,ITPL Main Road,undefined,undefined,undefined,ITPL Main Road,Low
902,ITPL Main Road,undefined,undefined,undefined,ITPL Main Road,Low
903,ITPL Main Road,undefined,undefined,undefined,ITPL Main Road,Low
904,ITPL Main Road,undefined,undefined,undefined,ITPL Main Road,Low
905,ITPL Main Road,undefined,undefined,undefined,ITPL Main Road,Low
906,ITPL Main Road,undefined,undefined,undefined,ITPL Main Road,Low
907,ITPL Main Road,undefined,undefined,undefined,ITPL Main Road,Low
908,ITPL Main Road,undefined,undefined,undefined,ITPL Main Road,Low
909,ITPL Main Road,undefined,undefined,undefined,ITPL Main Road,Low
910,ITPL Main Road,undefined,undefined,undefined,ITPL Main Road,Low
911,ITPL Main Road,undefined,undefined,undefined,ITPL Main Road,Low
912,ITPL Main Road,undefined,undefined,undefined,ITPL Main Road,Low
913,ITPL Main Road,undefined,undefined,undefined,ITPL Main Road,Low
914,ITPL Main Road,undefined,undefined,undefined,ITPL Main Road,Low
915,ITPL Main Road,undefined,undefined,undefined,ITPL Main Road,Low
916,ITPL Main Road,undefined,undefined,undefined,ITPL Main Road,Low
917,ITPL Main Road,undefined,undefined,undefined,ITPL Main Road,Low
918,ITPL Main Road,undefined,undefined,undefined,ITPL Main Road,Low
919,ITPL Main Road,undefined,undefined,undefined,ITPL Main Road,Low
920,ITPL Main Road,undefined,undefined,undefined,ITPL Main Road,Low
921,ITPL Main Road,undefined,undefined,undefined,ITPL Main Road,Low
922,ITPL Main Road,undefined,undefined,undefined,ITPL Main Road,Low
923,ITPL Main Road,undefined,undefined,undefined,ITPL Main Road,Low
924,Thambu Chetty Palya,6746.71,Jan-Mar,2024,Thambu Chetty Palya,High
925,Thambu Chetty Palya,7204.62,Apr-Jun,2024,Thambu Chetty Palya,High
926,Thambu Chetty Palya,7652.7075,Jul-Sep,2024,Thambu Chetty Palya,High
927,Thambu Chetty Palya,7760.49,Oct-Dec,2024,Thambu Chetty Palya,High
928,Thambu Chetty Palya,8064.276667,Jan-Mar,2025,Thambu Chetty Palya,High
929,Thambu Chetty Palya,8240.416667,Apr-Jun,2025,Thambu Chetty Palya,High
930,Thambu Chetty Palya,7688.170833,Jul-Sep,2025,Thambu Chetty Palya,High
931,Thambu Chetty Palya,4707.14,Oct-Dec,2025,Thambu Chetty Palya,High
932,Thambu Chetty Palya,4514.7,Jan-Mar,2026,Thambu Chetty Palya,High
933,Thambu Chetty Palya,4700.85,Apr-Jun,2026,Thambu Chetty Palya,High
934,Thambu Chetty Palya,4857.36,Jul-Sep,2026,Thambu Chetty Palya,High
935,Thambu Chetty Palya,4979.11,Oct-Dec,2026,Thambu Chetty Palya,High
936,Thambu Chetty Palya,5008.62,Jan-Mar,2027,Thambu Chetty Palya,High
937,Thambu Chetty Palya,5169.63,Apr-Jun,2027,Thambu Chetty Palya,High
938,Thambu Chetty Palya,5309.98,Jul-Sep,2027,Thambu Chetty Palya,High
939,Thambu Chetty Palya,5547.58,Oct-Dec,2027,Thambu Chetty Palya,High
940,Thambu Chetty Palya,6083.25,Jan-Mar,2028,Thambu Chetty Palya,High
941,Thambu Chetty Palya,6153.21,Apr-Jun,2028,Thambu Chetty Palya,High
942,Thambu Chetty Palya,6219.45,Jul-Sep,2028,Thambu Chetty Palya,High
943,Thambu Chetty Palya,6253.3,Oct-Dec,2028,Thambu Chetty Palya,High
944,Thambu Chetty Palya,6106.63,Jan-Mar,2029,Thambu Chetty Palya,High
945,Thambu Chetty Palya,6217.78,Apr-Jun,2029,Thambu Chetty Palya,High
946,Thambu Chetty Palya,6443.05,Jul-Sep,2029,Thambu Chetty Palya,High
947,Thambu Chetty Palya,6732.75,Oct-Dec,2029,Thambu Chetty Palya,High
948,Thambu Chetty Palya,6746.71,Jan-Mar,2030,Thambu Chetty Palya,High
949,Thambu Chetty Palya,7204.62,Apr-Jun,2030,Thambu Chetty Palya,High
950,Thambu Chetty Palya,7652.7075,Jul-Sep,2030,Thambu Chetty Palya,High
951,Thambu Chetty Palya,7760.49,Oct-Dec,2030,Thambu Chetty Palya,High
952,Ramamurthi Nagar Main Road,undefined,undefined,undefined,Ramamurthi Nagar Main Road,Moderate
953,Ramamurthi Nagar Main Road,undefined,undefined,undefined,Ramamurthi Nagar Main Road,Moderate
954,Ramamurthi Nagar Main Road,undefined,undefined,undefined,Ramamurthi Nagar Main Road,Moderate
955,Ramamurthi Nagar Main Road,undefined,undefined,undefined,Ramamurthi Nagar Main Road,Moderate
956,Ramamurthi Nagar Main Road,undefined,undefined,undefined,Ramamurthi Nagar Main Road,Moderate
957,Ramamurthi Nagar Main Road,undefined,undefined,undefined,Ramamurthi Nagar Main Road,Moderate
958,Ramamurthi Nagar Main Road,undefined,undefined,undefined,Ramamurthi Nagar Main Road,Moderate
959,Ramamurthi Nagar Main Road,undefined,undefined,undefined,Ramamurthi Nagar Main Road,Moderate
960,Ramamurthi Nagar Main Road,undefined,undefined,undefined,Ramamurthi Nagar Main Road,Moderate
961,Ramamurthi Nagar Main Road,undefined,undefined,undefined,Ramamurthi Nagar Main Road,Moderate
962,Ramamurthi Nagar Main Road,undefined,undefined,undefined,Ramamurthi Nagar Main Road,Moderate
963,Ramamurthi Nagar Main Road,undefined,undefined,undefined,Ramamurthi Nagar Main Road,Moderate
964,Ramamurthi Nagar Main Road,undefined,undefined,undefined,Ramamurthi Nagar Main Road,Moderate
965,Ramamurthi Nagar Main Road,undefined,undefined,undefined,Ramamurthi Nagar Main Road,Moderate
966,Ramamurthi Nagar Main Road,undefined,undefined,undefined,Ramamurthi Nagar Main Road,Moderate
967,Ramamurthi Nagar Main Road,undefined,undefined,undefined,Ramamurthi Nagar Main Road,Moderate
968,Ramamurthi Nagar Main Road,undefined,undefined,undefined,Ramamurthi Nagar Main Road,Moderate
969,Ramamurthi Nagar Main Road,undefined,undefined,undefined,Ramamurthi Nagar Main Road,Moderate
970,Ramamurthi Nagar Main Road,undefined,undefined,undefined,Ramamurthi Nagar Main Road,Moderate
971,Ramamurthi Nagar Main Road,undefined,undefined,undefined,Ramamurthi Nagar Main Road,Moderate
972,Ramamurthi Nagar Main Road,undefined,undefined,undefined,Ramamurthi Nagar Main Road,Moderate
973,Ramamurthi Nagar Main Road,undefined,undefined,undefined,Ramamurthi Nagar Main Road,Moderate
974,Ramamurthi Nagar Main Road,undefined,undefined,undefined,Ramamurthi Nagar Main Road,Moderate
975,Ramamurthi Nagar Main Road,undefined,undefined,undefined,Ramamurthi Nagar Main Road,Moderate
976,Ramamurthi Nagar Main Road,undefined,undefined,undefined,Ramamurthi Nagar Main Road,Moderate
977,Ramamurthi Nagar Main Road,undefined,undefined,undefined,Ramamurthi Nagar Main Road,Moderate
978,Ramamurthi Nagar Main Road,undefined,undefined,undefined,Ramamurthi Nagar Main Road,Moderate
979,Ramamurthi Nagar Main Road,undefined,undefined,undefined,Ramamurthi Nagar Main Road,Moderate
980,Jagjeevanramnagar,undefined,undefined,undefined,Jagjeevanramnagar,Moderate
981,Jagjeevanramnagar,undefined,undefined,undefined,Jagjeevanramnagar,Moderate
982,Jagjeevanramnagar,undefined,undefined,undefined,Jagjeevanramnagar,Moderate
983,Jagjeevanramnagar,undefined,undefined,undefined,Jagjeevanramnagar,Moderate
984,Jagjeevanramnagar,undefined,undefined,undefined,Jagjeevanramnagar,Moderate
985,Jagjeevanramnagar,undefined,undefined,undefined,Jagjeevanramnagar,Moderate
986,Jagjeevanramnagar,undefined,undefined,undefined,Jagjeevanramnagar,Moderate
987,Jagjeevanramnagar,undefined,undefined,undefined,Jagjeevanramnagar,Moderate
988,Jagjeevanramnagar,undefined,undefined,undefined,Jagjeevanramnagar,Moderate
989,Jagjeevanramnagar,undefined,undefined,undefined,Jagjeevanramnagar,Moderate
990,Jagjeevanramnagar,undefined,undefined,undefined,Jagjeevanramnagar,Moderate
991,Jagjeevanramnagar,undefined,undefined,undefined,Jagjeevanramnagar,Moderate
992,Jagjeevanramnagar,undefined,undefined,undefined,Jagjeevanramnagar,Moderate
993,Jagjeevanramnagar,undefined,undefined,undefined,Jagjeevanramnagar,Moderate
994,Jagjeevanramnagar,undefined,undefined,undefined,Jagjeevanramnagar,Moderate
995,Jagjeevanramnagar,undefined,undefined,undefined,Jagjeevanramnagar,Moderate
996,Jagjeevanramnagar,undefined,undefined,undefined,Jagjeevanramnagar,Moderate
997,Jagjeevanramnagar,undefined,undefined,undefined,Jagjeevanramnagar,Moderate
998,Jagjeevanramnagar,undefined,undefined,undefined,Jagjeevanramnagar,Moderate
999,Jagjeevanramnagar,undefined,undefined,undefined,Jagjeevanramnagar,Moderate
1000,Jagjeevanramnagar,undefined,undefined,undefined,Jagjeevanramnagar,Moderate
1001,Jagjeevanramnagar,undefined,undefined,undefined,Jagjeevanramnagar,Moderate
1002,Jagjeevanramnagar,undefined,undefined,undefined,Jagjeevanramnagar,Moderate
1003,Jagjeevanramnagar,undefined,undefined,undefined,Jagjeevanramnagar,Moderate
1004,Jagjeevanramnagar,undefined,undefined,undefined,Jagjeevanramnagar,Moderate
1005,Jagjeevanramnagar,undefined,undefined,undefined,Jagjeevanramnagar,Moderate
1006,Jagjeevanramnagar,undefined,undefined,undefined,Jagjeevanramnagar,Moderate
1007,Jagjeevanramnagar,undefined,undefined,undefined,Jagjeevanramnagar,Moderate
1008,Jakkur,7411.42,Jan-Mar,2024,Jakkur,Low
1009,Jakkur,7591.99,Apr-Jun,2024,Jakkur,Low
1010,Jakkur,8040.87,Jul-Sep,2024,Jakkur,Low
1011,Jakkur,8343.85,Oct-Dec,2024,Jakkur,Low
1012,Jakkur,8741.85,Jan-Mar,2025,Jakkur,Low
1013,Jakkur,8832.01,Apr-Jun,2025,Jakkur,Low
1014,Jakkur,7365.183,Jul-Sep,2025,Jakkur,Low
1015,Jakkur,5761.88,Oct-Dec,2025,Jakkur,Low
1016,Jakkur,5679.79,Jan-Mar,2026,Jakkur,Low
1017,Jakkur,5664.35,Apr-Jun,2026,Jakkur,Low
1018,Jakkur,5670.35,Jul-Sep,2026,Jakkur,Low
1019,Jakkur,5710.89,Oct-Dec,2026,Jakkur,Low
1020,Jakkur,5988.31,Jan-Mar,2027,Jakkur,Low
1021,Jakkur,6049.81,Apr-Jun,2027,Jakkur,Low
1022,Jakkur,6093.52,Jul-Sep,2027,Jakkur,Low
1023,Jakkur,6099.68,Oct-Dec,2027,Jakkur,Low
1024,Jakkur,6263.84,Jan-Mar,2028,Jakkur,Low
1025,Jakkur,6289.05,Apr-Jun,2028,Jakkur,Low
1026,Jakkur,6192.28,Jul-Sep,2028,Jakkur,Low
1027,Jakkur,6312.07,Oct-Dec,2028,Jakkur,Low
1028,Jakkur,6534.71,Jan-Mar,2029,Jakkur,Low
1029,Jakkur,6793.5,Apr-Jun,2029,Jakkur,Low
1030,Jakkur,7027.72,Jul-Sep,2029,Jakkur,Low
1031,Jakkur,7153.87,Oct-Dec,2029,Jakkur,Low
1032,Jakkur,7411.42,Jan-Mar,2030,Jakkur,Low
1033,Jakkur,7591.99,Apr-Jun,2030,Jakkur,Low
1034,Jakkur,8040.87,Jul-Sep,2030,Jakkur,Low
1035,Jakkur,8343.85,Oct-Dec,2030,Jakkur,Low
1036,Thambu Chetty Palya Main Road,7569.94,Jan-Mar,2024,Thambu Chetty Palya Main Road,High
1037,Thambu Chetty Palya Main Road,7832.93,Apr-Jun,2024,Thambu Chetty Palya Main Road,High
1038,Thambu Chetty Palya Main Road,8245.82,Jul-Sep,2024,Thambu Chetty Palya Main Road,High
1039,Thambu Chetty Palya Main Road,8403.95,Oct-Dec,2024,Thambu Chetty Palya Main Road,High
1040,Thambu Chetty Palya Main Road,8961.183333,Jan-Mar,2025,Thambu Chetty Palya Main Road,High
1041,Thambu Chetty Palya Main Road,9079.14,Apr-Jun,2025,Thambu Chetty Palya Main Road,High
1042,Thambu Chetty Palya Main Road,8919.716667,Jul-Sep,2025,Thambu Chetty Palya Main Road,High
1043,Thambu Chetty Palya Main Road,5344.98,Oct-Dec,2025,Thambu Chetty Palya Main Road,High
1044,Thambu Chetty Palya Main Road,5289.66,Jan-Mar,2026,Thambu Chetty Palya Main Road,High
1045,Thambu Chetty Palya Main Road,5362.57,Apr-Jun,2026,Thambu Chetty Palya Main Road,High
1046,Thambu Chetty Palya Main Road,5490.25,Jul-Sep,2026,Thambu Chetty Palya Main Road,High
1047,Thambu Chetty Palya Main Road,5501.89,Oct-Dec,2026,Thambu Chetty Palya Main Road,High
1048,Thambu Chetty Palya Main Road,5794.58,Jan-Mar,2027,Thambu Chetty Palya Main Road,High
1049,Thambu Chetty Palya Main Road,5907.23,Apr-Jun,2027,Thambu Chetty Palya Main Road,High
1050,Thambu Chetty Palya Main Road,6032.79,Jul-Sep,2027,Thambu Chetty Palya Main Road,High
1051,Thambu Chetty Palya Main Road,6133.75,Oct-Dec,2027,Thambu Chetty Palya Main Road,High
1052,Thambu Chetty Palya Main Road,6624.74,Jan-Mar,2028,Thambu Chetty Palya Main Road,High
1053,Thambu Chetty Palya Main Road,6526.58,Apr-Jun,2028,Thambu Chetty Palya Main Road,High
1054,Thambu Chetty Palya Main Road,6608.86,Jul-Sep,2028,Thambu Chetty Palya Main Road,High
1055,Thambu Chetty Palya Main Road,6760.11,Oct-Dec,2028,Thambu Chetty Palya Main Road,High
1056,Thambu Chetty Palya Main Road,6872.18,Jan-Mar,2029,Thambu Chetty Palya Main Road,High
1057,Thambu Chetty Palya Main Road,7073.21,Apr-Jun,2029,Thambu Chetty Palya Main Road,High
1058,Thambu Chetty Palya Main Road,7293.73,Jul-Sep,2029,Thambu Chetty Palya Main Road,High
1059,Thambu Chetty Palya Main Road,7564.25,Oct-Dec,2029,Thambu Chetty Palya Main Road,High
1060,Thambu Chetty Palya Main Road,7569.94,Jan-Mar,2030,Thambu Chetty Palya Main Road,High
1061,Thambu Chetty Palya Main Road,7832.93,Apr-Jun,2030,Thambu Chetty Palya Main Road,High
1062,Thambu Chetty Palya Main Road,8245.82,Jul-Sep,2030,Thambu Chetty Palya Main Road,High
1063,Thambu Chetty Palya Main Road,8403.95,Oct-Dec,2030,Thambu Chetty Palya Main Road,High
1064,Ramagondanahalli Whitefield,11183.79167,Jan-Mar,2024,Ramagondanahalli Whitefield,Low
1065,Ramagondanahalli Whitefield,11284.49667,Apr-Jun,2024,Ramagondanahalli Whitefield,Low
1066,Ramagondanahalli Whitefield,10758.44667,Jul-Sep,2024,Ramagondanahalli Whitefield,Low
1067,Ramagondanahalli Whitefield,10088.31,Oct-Dec,2024,Ramagondanahalli Whitefield,Low
1068,Ramagondanahalli Whitefield,11892.59283,Jan-Mar,2025,Ramagondanahalli Whitefield,Low
1069,Ramagondanahalli Whitefield,12222.05033,Apr-Jun,2025,Ramagondanahalli Whitefield,Low
1070,Ramagondanahalli Whitefield,9693.064333,Jul-Sep,2025,Ramagondanahalli Whitefield,Low
1071,Ramagondanahalli Whitefield,6866.946,Oct-Dec,2025,Ramagondanahalli Whitefield,Low
1072,Ramagondanahalli Whitefield,6730.73,Jan-Mar,2026,Ramagondanahalli Whitefield,Low
1073,Ramagondanahalli Whitefield,6578.22,Apr-Jun,2026,Ramagondanahalli Whitefield,Low
1074,Ramagondanahalli Whitefield,6676.76,Jul-Sep,2026,Ramagondanahalli Whitefield,Low
1075,Ramagondanahalli Whitefield,6683.55,Oct-Dec,2026,Ramagondanahalli Whitefield,Low
1076,Ramagondanahalli Whitefield,6708.64,Jan-Mar,2027,Ramagondanahalli Whitefield,Low
1077,Ramagondanahalli Whitefield,6642.06,Apr-Jun,2027,Ramagondanahalli Whitefield,Low
1078,Ramagondanahalli Whitefield,6726.67,Jul-Sep,2027,Ramagondanahalli Whitefield,Low
1079,Ramagondanahalli Whitefield,6737.43,Oct-Dec,2027,Ramagondanahalli Whitefield,Low
1080,Ramagondanahalli Whitefield,7077.87,Jan-Mar,2028,Ramagondanahalli Whitefield,Low
1081,Ramagondanahalli Whitefield,7159.97,Apr-Jun,2028,Ramagondanahalli Whitefield,Low
1082,Ramagondanahalli Whitefield,7222.94,Jul-Sep,2028,Ramagondanahalli Whitefield,Low
1083,Ramagondanahalli Whitefield,6978.66,Oct-Dec,2028,Ramagondanahalli Whitefield,Low
1084,Ramagondanahalli Whitefield,7544.05,Jan-Mar,2029,Ramagondanahalli Whitefield,Low
1085,Ramagondanahalli Whitefield,7479.59,Apr-Jun,2029,Ramagondanahalli Whitefield,Low
1086,Ramagondanahalli Whitefield,8203.09,Jul-Sep,2029,Ramagondanahalli Whitefield,Low
1087,Ramagondanahalli Whitefield,8064.4,Oct-Dec,2029,Ramagondanahalli Whitefield,Low
1088,Ramagondanahalli Whitefield,11183.79167,Jan-Mar,2030,Ramagondanahalli Whitefield,Low
1089,Ramagondanahalli Whitefield,11284.49667,Apr-Jun,2030,Ramagondanahalli Whitefield,Low
1090,Ramagondanahalli Whitefield,10758.44667,Jul-Sep,2030,Ramagondanahalli Whitefield,Low
1091,Ramagondanahalli Whitefield,10088.31,Oct-Dec,2030,Ramagondanahalli Whitefield,Low
1092,Pulikeshi Nagar,10488.51,Jan-Mar,2024,Pulikeshi Nagar,Low
1093,Pulikeshi Nagar,10815.59,Apr-Jun,2024,Pulikeshi Nagar,Low
1094,Pulikeshi Nagar,11863.33,Jul-Sep,2024,Pulikeshi Nagar,Low
1095,Pulikeshi Nagar,12526.22,Oct-Dec,2024,Pulikeshi Nagar,Low
1096,Pulikeshi Nagar,11957.28,Jan-Mar,2025,Pulikeshi Nagar,Low
1097,Pulikeshi Nagar,12321.42,Apr-Jun,2025,Pulikeshi Nagar,Low
1098,Pulikeshi Nagar,13002.33,Jul-Sep,2025,Pulikeshi Nagar,Low
1099,Pulikeshi Nagar,11342.07,Oct-Dec,2025,Pulikeshi Nagar,Low
1100,Pulikeshi Nagar,9348.19,Jan-Mar,2026,Pulikeshi Nagar,Low
1101,Pulikeshi Nagar,9409.21,Apr-Jun,2026,Pulikeshi Nagar,Low
1102,Pulikeshi Nagar,9479.05,Jul-Sep,2026,Pulikeshi Nagar,Low
1103,Pulikeshi Nagar,9491.8,Oct-Dec,2026,Pulikeshi Nagar,Low
1104,Pulikeshi Nagar,9536.6,Jan-Mar,2027,Pulikeshi Nagar,Low
1105,Pulikeshi Nagar,9596.7,Apr-Jun,2027,Pulikeshi Nagar,Low
1106,Pulikeshi Nagar,9695.47,Jul-Sep,2027,Pulikeshi Nagar,Low
1107,Pulikeshi Nagar,9740.42,Oct-Dec,2027,Pulikeshi Nagar,Low
1108,Pulikeshi Nagar,9830.02,Jan-Mar,2028,Pulikeshi Nagar,Low
1109,Pulikeshi Nagar,9849.28,Apr-Jun,2028,Pulikeshi Nagar,Low
1110,Pulikeshi Nagar,9998.13,Jul-Sep,2028,Pulikeshi Nagar,Low
1111,Pulikeshi Nagar,10008.03,Oct-Dec,2028,Pulikeshi Nagar,Low
1112,Pulikeshi Nagar,10441.02,Jan-Mar,2029,Pulikeshi Nagar,Low
1113,Pulikeshi Nagar,10406.03,Apr-Jun,2029,Pulikeshi Nagar,Low
1114,Pulikeshi Nagar,10190.04,Jul-Sep,2029,Pulikeshi Nagar,Low
1115,Pulikeshi Nagar,9931.93,Oct-Dec,2029,Pulikeshi Nagar,Low
1116,Pulikeshi Nagar,10488.51,Jan-Mar,2030,Pulikeshi Nagar,Low
1117,Pulikeshi Nagar,10815.59,Apr-Jun,2030,Pulikeshi Nagar,Low
1118,Pulikeshi Nagar,11863.33,Jul-Sep,2030,Pulikeshi Nagar,Low
1119,Pulikeshi Nagar,12526.22,Oct-Dec,2030,Pulikeshi Nagar,Low
1120,Budigere Cross,7073.92,Jan-Mar,2024,Budigere Cross,Moderate
1121,Budigere Cross,7040.56,Apr-Jun,2024,Budigere Cross,Moderate
1122,Budigere Cross,7549.89,Jul-Sep,2024,Budigere Cross,Moderate
1123,Budigere Cross,7992.56,Oct-Dec,2024,Budigere Cross,Moderate
1124,Budigere Cross,8585.37,Jan-Mar,2025,Budigere Cross,Moderate
1125,Budigere Cross,9204.65,Apr-Jun,2025,Budigere Cross,Moderate
1126,Budigere Cross,5960.8305,Jul-Sep,2025,Budigere Cross,Moderate
1127,Budigere Cross,4949.31,Oct-Dec,2025,Budigere Cross,Moderate
1128,Budigere Cross,5183.81,Jan-Mar,2026,Budigere Cross,Moderate
1129,Budigere Cross,5183.81,Apr-Jun,2026,Budigere Cross,Moderate
1130,Budigere Cross,5364.08,Jul-Sep,2026,Budigere Cross,Moderate
1131,Budigere Cross,5404.72,Oct-Dec,2026,Budigere Cross,Moderate
1132,Budigere Cross,5552.93,Jan-Mar,2027,Budigere Cross,Moderate
1133,Budigere Cross,5553.22,Apr-Jun,2027,Budigere Cross,Moderate
1134,Budigere Cross,5630.68,Jul-Sep,2027,Budigere Cross,Moderate
1135,Budigere Cross,5733.43,Oct-Dec,2027,Budigere Cross,Moderate
1136,Budigere Cross,5867.51,Jan-Mar,2028,Budigere Cross,Moderate
1137,Budigere Cross,6117.44,Apr-Jun,2028,Budigere Cross,Moderate
1138,Budigere Cross,6202.72,Jul-Sep,2028,Budigere Cross,Moderate
1139,Budigere Cross,6179.19,Oct-Dec,2028,Budigere Cross,Moderate
1140,Budigere Cross,6190.37,Jan-Mar,2029,Budigere Cross,Moderate
1141,Budigere Cross,6223.76,Apr-Jun,2029,Budigere Cross,Moderate
1142,Budigere Cross,6157.87,Jul-Sep,2029,Budigere Cross,Moderate
1143,Budigere Cross,6189.88,Oct-Dec,2029,Budigere Cross,Moderate
1144,Budigere Cross,7073.92,Jan-Mar,2030,Budigere Cross,Moderate
1145,Budigere Cross,7040.56,Apr-Jun,2030,Budigere Cross,Moderate
1146,Budigere Cross,7549.89,Jul-Sep,2030,Budigere Cross,Moderate
1147,Budigere Cross,7992.56,Oct-Dec,2030,Budigere Cross,Moderate
1148,Kalkere Main Road,5172.22,Jan-Mar,2024,Kalkere Main Road,Moderate
1149,Kalkere Main Road,5045.9,Apr-Jun,2024,Kalkere Main Road,Moderate
1150,Kalkere Main Road,5284.69,Jul-Sep,2024,Kalkere Main Road,Moderate
1151,Kalkere Main Road,5551.056667,Oct-Dec,2024,Kalkere Main Road,Moderate
1152,Kalkere Main Road,5569.236667,Jan-Mar,2025,Kalkere Main Road,Moderate
1153,Kalkere Main Road,5746.093333,Apr-Jun,2025,Kalkere Main Road,Moderate
1154,Kalkere Main Road,4538.755,Jul-Sep,2025,Kalkere Main Road,Moderate
1155,Kalkere Main Road,3759.226667,Oct-Dec,2025,Kalkere Main Road,Moderate
1156,Kalkere Main Road,3248.83,Jan-Mar,2026,Kalkere Main Road,Moderate
1157,Kalkere Main Road,3247.22,Apr-Jun,2026,Kalkere Main Road,Moderate
1158,Kalkere Main Road,3270.62,Jul-Sep,2026,Kalkere Main Road,Moderate
1159,Kalkere Main Road,3405.5,Oct-Dec,2026,Kalkere Main Road,Moderate
1160,Kalkere Main Road,3498.33,Jan-Mar,2027,Kalkere Main Road,Moderate
1161,Kalkere Main Road,3506.86,Apr-Jun,2027,Kalkere Main Road,Moderate
1162,Kalkere Main Road,3605.43,Jul-Sep,2027,Kalkere Main Road,Moderate
1163,Kalkere Main Road,3777.32,Oct-Dec,2027,Kalkere Main Road,Moderate
1164,Kalkere Main Road,4068.97,Jan-Mar,2028,Kalkere Main Road,Moderate
1165,Kalkere Main Road,4054.2,Apr-Jun,2028,Kalkere Main Road,Moderate
1166,Kalkere Main Road,4217.06,Jul-Sep,2028,Kalkere Main Road,Moderate
1167,Kalkere Main Road,4419.96,Oct-Dec,2028,Kalkere Main Road,Moderate
1168,Kalkere Main Road,4539.93,Jan-Mar,2029,Kalkere Main Road,Moderate
1169,Kalkere Main Road,4541.22,Apr-Jun,2029,Kalkere Main Road,Moderate
1170,Kalkere Main Road,4750.16,Jul-Sep,2029,Kalkere Main Road,Moderate
1171,Kalkere Main Road,5240.81,Oct-Dec,2029,Kalkere Main Road,Moderate
1172,Kalkere Main Road,5172.22,Jan-Mar,2030,Kalkere Main Road,Moderate
1173,Kalkere Main Road,5045.9,Apr-Jun,2030,Kalkere Main Road,Moderate
1174,Kalkere Main Road,5284.69,Jul-Sep,2030,Kalkere Main Road,Moderate
1175,Kalkere Main Road,5551.056667,Oct-Dec,2030,Kalkere Main Road,Moderate
1176,Block 9th Jayanagara,14527.89,Jan-Mar,2024,Block 9th Jayanagara,Low
1177,Block 9th Jayanagara,13695,Apr-Jun,2024,Block 9th Jayanagara,Low
1178,Block 9th Jayanagara,13802.8225,Jul-Sep,2024,Block 9th Jayanagara,Low
1179,Block 9th Jayanagara,14087.1204,Oct-Dec,2024,Block 9th Jayanagara,Low
1180,Block 9th Jayanagara,14808.975,Jan-Mar,2025,Block 9th Jayanagara,Low
1181,Block 9th Jayanagara,15444.905,Apr-Jun,2025,Block 9th Jayanagara,Low
1182,Block 9th Jayanagara,15365.45367,Jul-Sep,2025,Block 9th Jayanagara,Low
1183,Block 9th Jayanagara,9056.68,Oct-Dec,2025,Block 9th Jayanagara,Low
1184,Block 9th Jayanagara,9073.11,Jan-Mar,2026,Block 9th Jayanagara,Low
1185,Block 9th Jayanagara,9051.08,Apr-Jun,2026,Block 9th Jayanagara,Low
1186,Block 9th Jayanagara,9159.31,Jul-Sep,2026,Block 9th Jayanagara,Low
1187,Block 9th Jayanagara,9415.35,Oct-Dec,2026,Block 9th Jayanagara,Low
1188,Block 9th Jayanagara,9644.83,Jan-Mar,2027,Block 9th Jayanagara,Low
1189,Block 9th Jayanagara,9714.33,Apr-Jun,2027,Block 9th Jayanagara,Low
1190,Block 9th Jayanagara,9843.27,Jul-Sep,2027,Block 9th Jayanagara,Low
1191,Block 9th Jayanagara,10179.02,Oct-Dec,2027,Block 9th Jayanagara,Low
1192,Block 9th Jayanagara,10278.67,Jan-Mar,2028,Block 9th Jayanagara,Low
1193,Block 9th Jayanagara,10449.58,Apr-Jun,2028,Block 9th Jayanagara,Low
1194,Block 9th Jayanagara,10684.93,Jul-Sep,2028,Block 9th Jayanagara,Low
1195,Block 9th Jayanagara,10623.34,Oct-Dec,2028,Block 9th Jayanagara,Low
1196,Block 9th Jayanagara,10999.84,Jan-Mar,2029,Block 9th Jayanagara,Low
1197,Block 9th Jayanagara,10997.75,Apr-Jun,2029,Block 9th Jayanagara,Low
1198,Block 9th Jayanagara,11701.76,Jul-Sep,2029,Block 9th Jayanagara,Low
1199,Block 9th Jayanagara,11688.97,Oct-Dec,2029,Block 9th Jayanagara,Low
1200,Block 9th Jayanagara,14527.89,Jan-Mar,2030,Block 9th Jayanagara,Low
1201,Block 9th Jayanagara,13695,Apr-Jun,2030,Block 9th Jayanagara,Low
1202,Block 9th Jayanagara,13802.8225,Jul-Sep,2030,Block 9th Jayanagara,Low
1203,Block 9th Jayanagara,14087.1204,Oct-Dec,2030,Block 9th Jayanagara,Low
1204,Block 1st Koramangala,12117.16,Jan-Mar,2024,Block 1st Koramangala,Low
1205,Block 1st Koramangala,12266.85,Apr-Jun,2024,Block 1st Koramangala,Low
1206,Block 1st Koramangala,12614.4,Jul-Sep,2024,Block 1st Koramangala,Low
1207,Block 1st Koramangala,13345.70767,Oct-Dec,2024,Block 1st Koramangala,Low
1208,Block 1st Koramangala,13661.54,Jan-Mar,2025,Block 1st Koramangala,Low
1209,Block 1st Koramangala,13856.41,Apr-Jun,2025,Block 1st Koramangala,Low
1210,Block 1st Koramangala,14303.837,Jul-Sep,2025,Block 1st Koramangala,Low
1211,Block 1st Koramangala,10062.28,Oct-Dec,2025,Block 1st Koramangala,Low
1212,Block 1st Koramangala,10440.26,Jan-Mar,2026,Block 1st Koramangala,Low
1213,Block 1st Koramangala,10508.93,Apr-Jun,2026,Block 1st Koramangala,Low
1214,Block 1st Koramangala,10581.18,Jul-Sep,2026,Block 1st Koramangala,Low
1215,Block 1st Koramangala,10727.5,Oct-Dec,2026,Block 1st Koramangala,Low
1216,Block 1st Koramangala,11221.22,Jan-Mar,2027,Block 1st Koramangala,Low
1217,Block 1st Koramangala,11398.93,Apr-Jun,2027,Block 1st Koramangala,Low
1218,Block 1st Koramangala,11320.11,Jul-Sep,2027,Block 1st Koramangala,Low
1219,Block 1st Koramangala,11600.15,Oct-Dec,2027,Block 1st Koramangala,Low
1220,Block 1st Koramangala,10292.01,Jan-Mar,2028,Block 1st Koramangala,Low
1221,Block 1st Koramangala,10441.09,Apr-Jun,2028,Block 1st Koramangala,Low
1222,Block 1st Koramangala,10591.31,Jul-Sep,2028,Block 1st Koramangala,Low
1223,Block 1st Koramangala,10554.55,Oct-Dec,2028,Block 1st Koramangala,Low
1224,Block 1st Koramangala,10939.48,Jan-Mar,2029,Block 1st Koramangala,Low
1225,Block 1st Koramangala,11134.82,Apr-Jun,2029,Block 1st Koramangala,Low
1226,Block 1st Koramangala,11932.36,Jul-Sep,2029,Block 1st Koramangala,Low
1227,Block 1st Koramangala,11819.44,Oct-Dec,2029,Block 1st Koramangala,Low
1228,Block 1st Koramangala,12117.16,Jan-Mar,2030,Block 1st Koramangala,Low
1229,Block 1st Koramangala,12266.85,Apr-Jun,2030,Block 1st Koramangala,Low
1230,Block 1st Koramangala,12614.4,Jul-Sep,2030,Block 1st Koramangala,Low
1231,Block 1st Koramangala,13345.70767,Oct-Dec,2030,Block 1st Koramangala,Low
1232,Vajarahalli,6965.194286,Jan-Mar,2024,Vajarahalli,High
1233,Vajarahalli,7003.144286,Apr-Jun,2024,Vajarahalli,High
1234,Vajarahalli,6948.414786,Jul-Sep,2024,Vajarahalli,High
1235,Vajarahalli,7729.42,Oct-Dec,2024,Vajarahalli,High
1236,Vajarahalli,7607.784286,Jan-Mar,2025,Vajarahalli,High
1237,Vajarahalli,7533.744286,Apr-Jun,2025,Vajarahalli,High
1238,Vajarahalli,5954.789786,Jul-Sep,2025,Vajarahalli,High
1239,Vajarahalli,4185.91,Oct-Dec,2025,Vajarahalli,High
1240,Vajarahalli,4027.6,Jan-Mar,2026,Vajarahalli,High
1241,Vajarahalli,4047.72,Apr-Jun,2026,Vajarahalli,High
1242,Vajarahalli,4167.32,Jul-Sep,2026,Vajarahalli,High
1243,Vajarahalli,4141.72,Oct-Dec,2026,Vajarahalli,High
1244,Vajarahalli,4455.67,Jan-Mar,2027,Vajarahalli,High
1245,Vajarahalli,4459.4,Apr-Jun,2027,Vajarahalli,High
1246,Vajarahalli,4508.46,Jul-Sep,2027,Vajarahalli,High
1247,Vajarahalli,4663.36,Oct-Dec,2027,Vajarahalli,High
1248,Vajarahalli,5062.75,Jan-Mar,2028,Vajarahalli,High
1249,Vajarahalli,5146.07,Apr-Jun,2028,Vajarahalli,High
1250,Vajarahalli,5268.9,Jul-Sep,2028,Vajarahalli,High
1251,Vajarahalli,5412.15,Oct-Dec,2028,Vajarahalli,High
1252,Vajarahalli,5613,Jan-Mar,2029,Vajarahalli,High
1253,Vajarahalli,5888.03,Apr-Jun,2029,Vajarahalli,High
1254,Vajarahalli,5933.69,Jul-Sep,2029,Vajarahalli,High
1255,Vajarahalli,6296.57,Oct-Dec,2029,Vajarahalli,High
1256,Vajarahalli,6965.194286,Jan-Mar,2030,Vajarahalli,High
1257,Vajarahalli,7003.144286,Apr-Jun,2030,Vajarahalli,High
1258,Vajarahalli,6948.414786,Jul-Sep,2030,Vajarahalli,High
1259,Vajarahalli,7729.42,Oct-Dec,2030,Vajarahalli,High
1260,Binny Pete,10627.71,Jan-Mar,2024,Binny Pete,Moderate
1261,Binny Pete,10949,Apr-Jun,2024,Binny Pete,Moderate
1262,Binny Pete,10779.28833,Jul-Sep,2024,Binny Pete,Moderate
1263,Binny Pete,10186.89,Oct-Dec,2024,Binny Pete,Moderate
1264,Binny Pete,11099.42,Jan-Mar,2025,Binny Pete,Moderate
1265,Binny Pete,10949.99,Apr-Jun,2025,Binny Pete,Moderate
1266,Binny Pete,10360.13,Jul-Sep,2025,Binny Pete,Moderate
1267,Binny Pete,8277.749167,Oct-Dec,2025,Binny Pete,Moderate
1268,Binny Pete,9152.22,Jan-Mar,2026,Binny Pete,Moderate
1269,Binny Pete,9157.16,Apr-Jun,2026,Binny Pete,Moderate
1270,Binny Pete,9214.09,Jul-Sep,2026,Binny Pete,Moderate
1271,Binny Pete,9355.07,Oct-Dec,2026,Binny Pete,Moderate
1272,Binny Pete,9646.99,Jan-Mar,2027,Binny Pete,Moderate
1273,Binny Pete,9628.14,Apr-Jun,2027,Binny Pete,Moderate
1274,Binny Pete,9647.93,Jul-Sep,2027,Binny Pete,Moderate
1275,Binny Pete,9842.21,Oct-Dec,2027,Binny Pete,Moderate
1276,Binny Pete,9623.54,Jan-Mar,2028,Binny Pete,Moderate
1277,Binny Pete,9725.73,Apr-Jun,2028,Binny Pete,Moderate
1278,Binny Pete,9783.55,Jul-Sep,2028,Binny Pete,Moderate
1279,Binny Pete,10078.02,Oct-Dec,2028,Binny Pete,Moderate
1280,Binny Pete,10121.84,Jan-Mar,2029,Binny Pete,Moderate
1281,Binny Pete,10133.33,Apr-Jun,2029,Binny Pete,Moderate
1282,Binny Pete,10329.36,Jul-Sep,2029,Binny Pete,Moderate
1283,Binny Pete,10292.33,Oct-Dec,2029,Binny Pete,Moderate
1284,Binny Pete,10627.71,Jan-Mar,2030,Binny Pete,Moderate
1285,Binny Pete,10949,Apr-Jun,2030,Binny Pete,Moderate
1286,Binny Pete,10779.28833,Jul-Sep,2030,Binny Pete,Moderate
1287,Binny Pete,10186.89,Oct-Dec,2030,Binny Pete,Moderate
1288,Phase 2nd Judicial Layout,7157.8,Jan-Mar,2024,Phase 2nd Judicial Layout,Moderate
1289,Phase 2nd Judicial Layout,7995.98,Apr-Jun,2024,Phase 2nd Judicial Layout,Moderate
1290,Phase 2nd Judicial Layout,7736.383333,Jul-Sep,2024,Phase 2nd Judicial Layout,Moderate
1291,Phase 2nd Judicial Layout,7743.88,Oct-Dec,2024,Phase 2nd Judicial Layout,Moderate
1292,Phase 2nd Judicial Layout,8695.866667,Jan-Mar,2025,Phase 2nd Judicial Layout,Moderate
1293,Phase 2nd Judicial Layout,9064.736667,Apr-Jun,2025,Phase 2nd Judicial Layout,Moderate
1294,Phase 2nd Judicial Layout,6819.855,Jul-Sep,2025,Phase 2nd Judicial Layout,Moderate
1295,Phase 2nd Judicial Layout,4430.65,Oct-Dec,2025,Phase 2nd Judicial Layout,Moderate
1296,Phase 2nd Judicial Layout,4228.97,Jan-Mar,2026,Phase 2nd Judicial Layout,Moderate
1297,Phase 2nd Judicial Layout,4296.59,Apr-Jun,2026,Phase 2nd Judicial Layout,Moderate
1298,Phase 2nd Judicial Layout,4405.18,Jul-Sep,2026,Phase 2nd Judicial Layout,Moderate
1299,Phase 2nd Judicial Layout,4581.69,Oct-Dec,2026,Phase 2nd Judicial Layout,Moderate
1300,Phase 2nd Judicial Layout,4766.03,Jan-Mar,2027,Phase 2nd Judicial Layout,Moderate
1301,Phase 2nd Judicial Layout,4830.44,Apr-Jun,2027,Phase 2nd Judicial Layout,Moderate
1302,Phase 2nd Judicial Layout,4952.24,Jul-Sep,2027,Phase 2nd Judicial Layout,Moderate
1303,Phase 2nd Judicial Layout,5121.06,Oct-Dec,2027,Phase 2nd Judicial Layout,Moderate
1304,Phase 2nd Judicial Layout,5449.35,Jan-Mar,2028,Phase 2nd Judicial Layout,Moderate
1305,Phase 2nd Judicial Layout,5620.02,Apr-Jun,2028,Phase 2nd Judicial Layout,Moderate
1306,Phase 2nd Judicial Layout,5801.97,Jul-Sep,2028,Phase 2nd Judicial Layout,Moderate
1307,Phase 2nd Judicial Layout,5837.17,Oct-Dec,2028,Phase 2nd Judicial Layout,Moderate
1308,Phase 2nd Judicial Layout,6341.94,Jan-Mar,2029,Phase 2nd Judicial Layout,Moderate
1309,Phase 2nd Judicial Layout,6529.68,Apr-Jun,2029,Phase 2nd Judicial Layout,Moderate
1310,Phase 2nd Judicial Layout,6791.83,Jul-Sep,2029,Phase 2nd Judicial Layout,Moderate
1311,Phase 2nd Judicial Layout,7079.42,Oct-Dec,2029,Phase 2nd Judicial Layout,Moderate
1312,Phase 2nd Judicial Layout,7157.8,Jan-Mar,2030,Phase 2nd Judicial Layout,Moderate
1313,Phase 2nd Judicial Layout,7995.98,Apr-Jun,2030,Phase 2nd Judicial Layout,Moderate
1314,Phase 2nd Judicial Layout,7736.383333,Jul-Sep,2030,Phase 2nd Judicial Layout,Moderate
1315,Phase 2nd Judicial Layout,7743.88,Oct-Dec,2030,Phase 2nd Judicial Layout,Moderate
1316,Bilekahalli,6708.17,Jan-Mar,2024,Bilekahalli,Moderate
1317,Bilekahalli,7278.75,Apr-Jun,2024,Bilekahalli,Moderate
1318,Bilekahalli,7532.3535,Jul-Sep,2024,Bilekahalli,Moderate
1319,Bilekahalli,8827.72,Oct-Dec,2024,Bilekahalli,Moderate
1320,Bilekahalli,7548.165,Jan-Mar,2025,Bilekahalli,Moderate
1321,Bilekahalli,7856.37,Apr-Jun,2025,Bilekahalli,Moderate
1322,Bilekahalli,6836.8685,Jul-Sep,2025,Bilekahalli,Moderate
1323,Bilekahalli,5733.8395,Oct-Dec,2025,Bilekahalli,Moderate
1324,Bilekahalli,4808.41,Jan-Mar,2026,Bilekahalli,Moderate
1325,Bilekahalli,4694.33,Apr-Jun,2026,Bilekahalli,Moderate
1326,Bilekahalli,4632.39,Jul-Sep,2026,Bilekahalli,Moderate
1327,Bilekahalli,4477.75,Oct-Dec,2026,Bilekahalli,Moderate
1328,Bilekahalli,4744.19,Jan-Mar,2027,Bilekahalli,Moderate
1329,Bilekahalli,4637.15,Apr-Jun,2027,Bilekahalli,Moderate
1330,Bilekahalli,4652.73,Jul-Sep,2027,Bilekahalli,Moderate
1331,Bilekahalli,4719.73,Oct-Dec,2027,Bilekahalli,Moderate
1332,Bilekahalli,5234.07,Jan-Mar,2028,Bilekahalli,Moderate
1333,Bilekahalli,5526.05,Apr-Jun,2028,Bilekahalli,Moderate
1334,Bilekahalli,5695.13,Jul-Sep,2028,Bilekahalli,Moderate
1335,Bilekahalli,6560.9,Oct-Dec,2028,Bilekahalli,Moderate
1336,Bilekahalli,5380.11,Jan-Mar,2029,Bilekahalli,Moderate
1337,Bilekahalli,5589.01,Apr-Jun,2029,Bilekahalli,Moderate
1338,Bilekahalli,5578.24,Jul-Sep,2029,Bilekahalli,Moderate
1339,Bilekahalli,5887.67,Oct-Dec,2029,Bilekahalli,Moderate
1340,Bilekahalli,6708.17,Jan-Mar,2030,Bilekahalli,Moderate
1341,Bilekahalli,7278.75,Apr-Jun,2030,Bilekahalli,Moderate
1342,Bilekahalli,7532.3535,Jul-Sep,2030,Bilekahalli,Moderate
1343,Bilekahalli,8827.72,Oct-Dec,2030,Bilekahalli,Moderate
1344,Varthur,7978.48,Jan-Mar,2024,Varthur,Low
1345,Varthur,9180.73,Apr-Jun,2024,Varthur,Low
1346,Varthur,9282.854,Jul-Sep,2024,Varthur,Low
1347,Varthur,9693.12,Oct-Dec,2024,Varthur,Low
1348,Varthur,10217.47,Jan-Mar,2025,Varthur,Low
1349,Varthur,10493.32,Apr-Jun,2025,Varthur,Low
1350,Varthur,6575.558,Jul-Sep,2025,Varthur,Low
1351,Varthur,5224.1,Oct-Dec,2025,Varthur,Low
1352,Varthur,5408.8,Jan-Mar,2026,Varthur,Low
1353,Varthur,5432.76,Apr-Jun,2026,Varthur,Low
1354,Varthur,5530.62,Jul-Sep,2026,Varthur,Low
1355,Varthur,5518.15,Oct-Dec,2026,Varthur,Low
1356,Varthur,5557.23,Jan-Mar,2027,Varthur,Low
1357,Varthur,5729.46,Apr-Jun,2027,Varthur,Low
1358,Varthur,5796.6,Jul-Sep,2027,Varthur,Low
1359,Varthur,5785.9,Oct-Dec,2027,Varthur,Low
1360,Varthur,5562.25,Jan-Mar,2028,Varthur,Low
1361,Varthur,5915.32,Apr-Jun,2028,Varthur,Low
1362,Varthur,6075,Jul-Sep,2028,Varthur,Low
1363,Varthur,6041.13,Oct-Dec,2028,Varthur,Low
1364,Varthur,6214.37,Jan-Mar,2029,Varthur,Low
1365,Varthur,6421.84,Apr-Jun,2029,Varthur,Low
1366,Varthur,6647.72,Jul-Sep,2029,Varthur,Low
1367,Varthur,6941.34,Oct-Dec,2029,Varthur,Low
1368,Varthur,7978.48,Jan-Mar,2030,Varthur,Low
1369,Varthur,9180.73,Apr-Jun,2030,Varthur,Low
1370,Varthur,9282.854,Jul-Sep,2030,Varthur,Low
1371,Varthur,9693.12,Oct-Dec,2030,Varthur,Low
1372,Phase 2 Electronic City,4994.3,Jan-Mar,2024,Phase 2 Electronic City,Moderate
1373,Phase 2 Electronic City,5011.86,Apr-Jun,2024,Phase 2 Electronic City,Moderate
1374,Phase 2 Electronic City,4847.83,Jul-Sep,2024,Phase 2 Electronic City,Moderate
1375,Phase 2 Electronic City,5705.66,Oct-Dec,2024,Phase 2 Electronic City,Moderate
1376,Phase 2 Electronic City,6330.14,Jan-Mar,2025,Phase 2 Electronic City,Moderate
1377,Phase 2 Electronic City,6468.19,Apr-Jun,2025,Phase 2 Electronic City,Moderate
1378,Phase 2 Electronic City,4762.96,Jul-Sep,2025,Phase 2 Electronic City,Moderate
1379,Phase 2 Electronic City,4678.88,Oct-Dec,2025,Phase 2 Electronic City,Moderate
1380,Phase 2 Electronic City,4762.2,Jan-Mar,2026,Phase 2 Electronic City,Moderate
1381,Phase 2 Electronic City,4777.81,Apr-Jun,2026,Phase 2 Electronic City,Moderate
1382,Phase 2 Electronic City,4839.68,Jul-Sep,2026,Phase 2 Electronic City,Moderate
1383,Phase 2 Electronic City,5033.82,Oct-Dec,2026,Phase 2 Electronic City,Moderate
1384,Phase 2 Electronic City,5051.48,Jan-Mar,2027,Phase 2 Electronic City,Moderate
1385,Phase 2 Electronic City,4996.46,Apr-Jun,2027,Phase 2 Electronic City,Moderate
1386,Phase 2 Electronic City,4911.04,Jul-Sep,2027,Phase 2 Electronic City,Moderate
1387,Phase 2 Electronic City,4995.2,Oct-Dec,2027,Phase 2 Electronic City,Moderate
1388,Phase 2 Electronic City,4890.8,Jan-Mar,2028,Phase 2 Electronic City,Moderate
1389,Phase 2 Electronic City,4931.42,Apr-Jun,2028,Phase 2 Electronic City,Moderate
1390,Phase 2 Electronic City,4980.2,Jul-Sep,2028,Phase 2 Electronic City,Moderate
1391,Phase 2 Electronic City,5065.62,Oct-Dec,2028,Phase 2 Electronic City,Moderate
1392,Phase 2 Electronic City,5023.64,Jan-Mar,2029,Phase 2 Electronic City,Moderate
1393,Phase 2 Electronic City,4951.78,Apr-Jun,2029,Phase 2 Electronic City,Moderate
1394,Phase 2 Electronic City,5084.51,Jul-Sep,2029,Phase 2 Electronic City,Moderate
1395,Phase 2 Electronic City,5118.01,Oct-Dec,2029,Phase 2 Electronic City,Moderate
1396,Phase 2 Electronic City,4994.3,Jan-Mar,2030,Phase 2 Electronic City,Moderate
1397,Phase 2 Electronic City,5011.86,Apr-Jun,2030,Phase 2 Electronic City,Moderate
1398,Phase 2 Electronic City,4847.83,Jul-Sep,2030,Phase 2 Electronic City,Moderate
1399,Phase 2 Electronic City,5705.66,Oct-Dec,2030,Phase 2 Electronic City,Moderate
1400,Bidarahalli,undefined,undefined,undefined,Bidarahalli,High
1401,Bidarahalli,undefined,undefined,undefined,Bidarahalli,High
1402,Bidarahalli,undefined,undefined,undefined,Bidarahalli,High
1403,Bidarahalli,undefined,undefined,undefined,Bidarahalli,High
1404,Bidarahalli,undefined,undefined,undefined,Bidarahalli,High
1405,Bidarahalli,undefined,undefined,undefined,Bidarahalli,High
1406,Bidarahalli,undefined,undefined,undefined,Bidarahalli,High
1407,Bidarahalli,undefined,undefined,undefined,Bidarahalli,High
1408,Bidarahalli,undefined,undefined,undefined,Bidarahalli,High
1409,Bidarahalli,undefined,undefined,undefined,Bidarahalli,High
1410,Bidarahalli,undefined,undefined,undefined,Bidarahalli,High
1411,Bidarahalli,undefined,undefined,undefined,Bidarahalli,High
1412,Bidarahalli,undefined,undefined,undefined,Bidarahalli,High
1413,Bidarahalli,undefined,undefined,undefined,Bidarahalli,High
1414,Bidarahalli,undefined,undefined,undefined,Bidarahalli,High
1415,Bidarahalli,undefined,undefined,undefined,Bidarahalli,High
1416,Bidarahalli,undefined,undefined,undefined,Bidarahalli,High
1417,Bidarahalli,undefined,undefined,undefined,Bidarahalli,High
1418,Bidarahalli,undefined,undefined,undefined,Bidarahalli,High
1419,Bidarahalli,undefined,undefined,undefined,Bidarahalli,High
1420,Bidarahalli,undefined,undefined,undefined,Bidarahalli,High
1421,Bidarahalli,undefined,undefined,undefined,Bidarahalli,High
1422,Bidarahalli,undefined,undefined,undefined,Bidarahalli,High
1423,Bidarahalli,undefined,undefined,undefined,Bidarahalli,High
1424,Bidarahalli,undefined,undefined,undefined,Bidarahalli,High
1425,Bidarahalli,undefined,undefined,undefined,Bidarahalli,High
1426,Bidarahalli,undefined,undefined,undefined,Bidarahalli,High
1427,Bidarahalli,undefined,undefined,undefined,Bidarahalli,High
1428,Kanakapura Road,7205.13,Jan-Mar,2024,Kanakapura Road,Moderate
1429,Kanakapura Road,7365.55,Apr-Jun,2024,Kanakapura Road,Moderate
1430,Kanakapura Road,7890.44,Jul-Sep,2024,Kanakapura Road,Moderate
1431,Kanakapura Road,8468,Oct-Dec,2024,Kanakapura Road,Moderate
1432,Kanakapura Road,8298,Jan-Mar,2025,Kanakapura Road,Moderate
1433,Kanakapura Road,8709.74,Apr-Jun,2025,Kanakapura Road,Moderate
1434,Kanakapura Road,7359.15,Jul-Sep,2025,Kanakapura Road,Moderate
1435,Kanakapura Road,4387.69,Oct-Dec,2025,Kanakapura Road,Moderate
1436,Kanakapura Road,5454.77,Jan-Mar,2026,Kanakapura Road,Moderate
1437,Kanakapura Road,5574.87,Apr-Jun,2026,Kanakapura Road,Moderate
1438,Kanakapura Road,5676.35,Jul-Sep,2026,Kanakapura Road,Moderate
1439,Kanakapura Road,5783.29,Oct-Dec,2026,Kanakapura Road,Moderate
1440,Kanakapura Road,5781.41,Jan-Mar,2027,Kanakapura Road,Moderate
1441,Kanakapura Road,5810.36,Apr-Jun,2027,Kanakapura Road,Moderate
1442,Kanakapura Road,5889.48,Jul-Sep,2027,Kanakapura Road,Moderate
1443,Kanakapura Road,5898.42,Oct-Dec,2027,Kanakapura Road,Moderate
1444,Kanakapura Road,5748.62,Jan-Mar,2028,Kanakapura Road,Moderate
1445,Kanakapura Road,5731.45,Apr-Jun,2028,Kanakapura Road,Moderate
1446,Kanakapura Road,5948.77,Jul-Sep,2028,Kanakapura Road,Moderate
1447,Kanakapura Road,6032.59,Oct-Dec,2028,Kanakapura Road,Moderate
1448,Kanakapura Road,6249.19,Jan-Mar,2029,Kanakapura Road,Moderate
1449,Kanakapura Road,6194.76,Apr-Jun,2029,Kanakapura Road,Moderate
1450,Kanakapura Road,6483.71,Jul-Sep,2029,Kanakapura Road,Moderate
1451,Kanakapura Road,6788.45,Oct-Dec,2029,Kanakapura Road,Moderate
1452,Kanakapura Road,7205.13,Jan-Mar,2030,Kanakapura Road,Moderate
1453,Kanakapura Road,7365.55,Apr-Jun,2030,Kanakapura Road,Moderate
1454,Kanakapura Road,7890.44,Jul-Sep,2030,Kanakapura Road,Moderate
1455,Kanakapura Road,8468,Oct-Dec,2030,Kanakapura Road,Moderate
1456,Phase 1 Electronics City,5947.16,Jan-Mar,2024,Phase 1 Electronics City,Moderate
1457,Phase 1 Electronics City,6176.66,Apr-Jun,2024,Phase 1 Electronics City,Moderate
1458,Phase 1 Electronics City,6069.7,Jul-Sep,2024,Phase 1 Electronics City,Moderate
1459,Phase 1 Electronics City,6314.55,Oct-Dec,2024,Phase 1 Electronics City,Moderate
1460,Phase 1 Electronics City,6878.95,Jan-Mar,2025,Phase 1 Electronics City,Moderate
1461,Phase 1 Electronics City,6915.88,Apr-Jun,2025,Phase 1 Electronics City,Moderate
1462,Phase 1 Electronics City,5253.61,Jul-Sep,2025,Phase 1 Electronics City,Moderate
1463,Phase 1 Electronics City,4651.84,Oct-Dec,2025,Phase 1 Electronics City,Moderate
1464,Phase 1 Electronics City,4750.36,Jan-Mar,2026,Phase 1 Electronics City,Moderate
1465,Phase 1 Electronics City,4762.24,Apr-Jun,2026,Phase 1 Electronics City,Moderate
1466,Phase 1 Electronics City,4855.72,Jul-Sep,2026,Phase 1 Electronics City,Moderate
1467,Phase 1 Electronics City,5072.74,Oct-Dec,2026,Phase 1 Electronics City,Moderate
1468,Phase 1 Electronics City,5062.44,Jan-Mar,2027,Phase 1 Electronics City,Moderate
1469,Phase 1 Electronics City,4999.89,Apr-Jun,2027,Phase 1 Electronics City,Moderate
1470,Phase 1 Electronics City,4920.67,Jul-Sep,2027,Phase 1 Electronics City,Moderate
1471,Phase 1 Electronics City,4963.27,Oct-Dec,2027,Phase 1 Electronics City,Moderate
1472,Phase 1 Electronics City,4964.17,Jan-Mar,2028,Phase 1 Electronics City,Moderate
1473,Phase 1 Electronics City,5015.39,Apr-Jun,2028,Phase 1 Electronics City,Moderate
1474,Phase 1 Electronics City,4996.39,Jul-Sep,2028,Phase 1 Electronics City,Moderate
1475,Phase 1 Electronics City,5212.79,Oct-Dec,2028,Phase 1 Electronics City,Moderate
1476,Phase 1 Electronics City,5168.16,Jan-Mar,2029,Phase 1 Electronics City,Moderate
1477,Phase 1 Electronics City,5314.73,Apr-Jun,2029,Phase 1 Electronics City,Moderate
1478,Phase 1 Electronics City,5491.91,Jul-Sep,2029,Phase 1 Electronics City,Moderate
1479,Phase 1 Electronics City,5620.58,Oct-Dec,2029,Phase 1 Electronics City,Moderate
1480,Phase 1 Electronics City,5947.16,Jan-Mar,2030,Phase 1 Electronics City,Moderate
1481,Phase 1 Electronics City,6176.66,Apr-Jun,2030,Phase 1 Electronics City,Moderate
1482,Phase 1 Electronics City,6069.7,Jul-Sep,2030,Phase 1 Electronics City,Moderate
1483,Phase 1 Electronics City,6314.55,Oct-Dec,2030,Phase 1 Electronics City,Moderate
1484,Bhoganahalli Road,11270.8,Jan-Mar,2024,Bhoganahalli Road,Moderate
1485,Bhoganahalli Road,12553.22,Apr-Jun,2024,Bhoganahalli Road,Moderate
1486,Bhoganahalli Road,14091.34,Jul-Sep,2024,Bhoganahalli Road,Moderate
1487,Bhoganahalli Road,12647.45,Oct-Dec,2024,Bhoganahalli Road,Moderate
1488,Bhoganahalli Road,11727.21,Jan-Mar,2025,Bhoganahalli Road,Moderate
1489,Bhoganahalli Road,13090.81,Apr-Jun,2025,Bhoganahalli Road,Moderate
1490,Bhoganahalli Road,14451.05733,Jul-Sep,2025,Bhoganahalli Road,Moderate
1491,Bhoganahalli Road,8246.136667,Oct-Dec,2025,Bhoganahalli Road,Moderate
1492,Bhoganahalli Road,6670.49,Jan-Mar,2026,Bhoganahalli Road,Moderate
1493,Bhoganahalli Road,6609.07,Apr-Jun,2026,Bhoganahalli Road,Moderate
1494,Bhoganahalli Road,6603.46,Jul-Sep,2026,Bhoganahalli Road,Moderate
1495,Bhoganahalli Road,6708.2,Oct-Dec,2026,Bhoganahalli Road,Moderate
1496,Bhoganahalli Road,8010.02,Jan-Mar,2027,Bhoganahalli Road,Moderate
1497,Bhoganahalli Road,7863.22,Apr-Jun,2027,Bhoganahalli Road,Moderate
1498,Bhoganahalli Road,7410.71,Jul-Sep,2027,Bhoganahalli Road,Moderate
1499,Bhoganahalli Road,7444.14,Oct-Dec,2027,Bhoganahalli Road,Moderate
1500,Bhoganahalli Road,6889.2,Jan-Mar,2028,Bhoganahalli Road,Moderate
1501,Bhoganahalli Road,7569.94,Apr-Jun,2028,Bhoganahalli Road,Moderate
1502,Bhoganahalli Road,8224,Jul-Sep,2028,Bhoganahalli Road,Moderate
1503,Bhoganahalli Road,8830.2,Oct-Dec,2028,Bhoganahalli Road,Moderate
1504,Bhoganahalli Road,7425.84,Jan-Mar,2029,Bhoganahalli Road,Moderate
1505,Bhoganahalli Road,7735.47,Apr-Jun,2029,Bhoganahalli Road,Moderate
1506,Bhoganahalli Road,7102.27,Jul-Sep,2029,Bhoganahalli Road,Moderate
1507,Bhoganahalli Road,7236.9,Oct-Dec,2029,Bhoganahalli Road,Moderate
1508,Bhoganahalli Road,11270.8,Jan-Mar,2030,Bhoganahalli Road,Moderate
1509,Bhoganahalli Road,12553.22,Apr-Jun,2030,Bhoganahalli Road,Moderate
1510,Bhoganahalli Road,14091.34,Jul-Sep,2030,Bhoganahalli Road,Moderate
1511,Bhoganahalli Road,12647.45,Oct-Dec,2030,Bhoganahalli Road,Moderate
1512,Kannamangala Main Road,7568.78,Jan-Mar,2024,Kannamangala Main Road,Low
1513,Kannamangala Main Road,7901.03,Apr-Jun,2024,Kannamangala Main Road,Low
1514,Kannamangala Main Road,8335.94,Jul-Sep,2024,Kannamangala Main Road,Low
1515,Kannamangala Main Road,8566.16,Oct-Dec,2024,Kannamangala Main Road,Low
1516,Kannamangala Main Road,8726.23,Jan-Mar,2025,Kannamangala Main Road,Low
1517,Kannamangala Main Road,9302.77,Apr-Jun,2025,Kannamangala Main Road,Low
1518,Kannamangala Main Road,9212.85,Jul-Sep,2025,Kannamangala Main Road,Low
1519,Kannamangala Main Road,5671.79,Oct-Dec,2025,Kannamangala Main Road,Low
1520,Kannamangala Main Road,5586,Jan-Mar,2026,Kannamangala Main Road,Low
1521,Kannamangala Main Road,5610.4,Apr-Jun,2026,Kannamangala Main Road,Low
1522,Kannamangala Main Road,5450.85,Jul-Sep,2026,Kannamangala Main Road,Low
1523,Kannamangala Main Road,5554.78,Oct-Dec,2026,Kannamangala Main Road,Low
1524,Kannamangala Main Road,5712.63,Jan-Mar,2027,Kannamangala Main Road,Low
1525,Kannamangala Main Road,5702.2,Apr-Jun,2027,Kannamangala Main Road,Low
1526,Kannamangala Main Road,5707.08,Jul-Sep,2027,Kannamangala Main Road,Low
1527,Kannamangala Main Road,5702.12,Oct-Dec,2027,Kannamangala Main Road,Low
1528,Kannamangala Main Road,5774.75,Jan-Mar,2028,Kannamangala Main Road,Low
1529,Kannamangala Main Road,5652.92,Apr-Jun,2028,Kannamangala Main Road,Low
1530,Kannamangala Main Road,6362.75,Jul-Sep,2028,Kannamangala Main Road,Low
1531,Kannamangala Main Road,6317.07,Oct-Dec,2028,Kannamangala Main Road,Low
1532,Kannamangala Main Road,6291.98,Jan-Mar,2029,Kannamangala Main Road,Low
1533,Kannamangala Main Road,6348.22,Apr-Jun,2029,Kannamangala Main Road,Low
1534,Kannamangala Main Road,6949.38,Jul-Sep,2029,Kannamangala Main Road,Low
1535,Kannamangala Main Road,6887.04,Oct-Dec,2029,Kannamangala Main Road,Low
1536,Kannamangala Main Road,7568.78,Jan-Mar,2030,Kannamangala Main Road,Low
1537,Kannamangala Main Road,7901.03,Apr-Jun,2030,Kannamangala Main Road,Low
1538,Kannamangala Main Road,8335.94,Jul-Sep,2030,Kannamangala Main Road,Low
1539,Kannamangala Main Road,8566.16,Oct-Dec,2030,Kannamangala Main Road,Low
1540,Uttarahalli Main Road,5906.77,Jan-Mar,2024,Uttarahalli Main Road,Low
1541,Uttarahalli Main Road,5894.72,Apr-Jun,2024,Uttarahalli Main Road,Low
1542,Uttarahalli Main Road,6175.28,Jul-Sep,2024,Uttarahalli Main Road,Low
1543,Uttarahalli Main Road,7001.52,Oct-Dec,2024,Uttarahalli Main Road,Low
1544,Uttarahalli Main Road,7010.51,Jan-Mar,2025,Uttarahalli Main Road,Low
1545,Uttarahalli Main Road,6964.22,Apr-Jun,2025,Uttarahalli Main Road,Low
1546,Uttarahalli Main Road,5079.5925,Jul-Sep,2025,Uttarahalli Main Road,Low
1547,Uttarahalli Main Road,4632.93,Oct-Dec,2025,Uttarahalli Main Road,Low
1548,Uttarahalli Main Road,4707.62,Jan-Mar,2026,Uttarahalli Main Road,Low
1549,Uttarahalli Main Road,4840.51,Apr-Jun,2026,Uttarahalli Main Road,Low
1550,Uttarahalli Main Road,4852.84,Jul-Sep,2026,Uttarahalli Main Road,Low
1551,Uttarahalli Main Road,4858.06,Oct-Dec,2026,Uttarahalli Main Road,Low
1552,Uttarahalli Main Road,5043.79,Jan-Mar,2027,Uttarahalli Main Road,Low
1553,Uttarahalli Main Road,5031.19,Apr-Jun,2027,Uttarahalli Main Road,Low
1554,Uttarahalli Main Road,5065.6,Jul-Sep,2027,Uttarahalli Main Road,Low
1555,Uttarahalli Main Road,5204.53,Oct-Dec,2027,Uttarahalli Main Road,Low
1556,Uttarahalli Main Road,5413.4,Jan-Mar,2028,Uttarahalli Main Road,Low
1557,Uttarahalli Main Road,5418,Apr-Jun,2028,Uttarahalli Main Road,Low
1558,Uttarahalli Main Road,5494.67,Jul-Sep,2028,Uttarahalli Main Road,Low
1559,Uttarahalli Main Road,5607.16,Oct-Dec,2028,Uttarahalli Main Road,Low
1560,Uttarahalli Main Road,5500.91,Jan-Mar,2029,Uttarahalli Main Road,Low
1561,Uttarahalli Main Road,5572.18,Apr-Jun,2029,Uttarahalli Main Road,Low
1562,Uttarahalli Main Road,5796.83,Jul-Sep,2029,Uttarahalli Main Road,Low
1563,Uttarahalli Main Road,6121.86,Oct-Dec,2029,Uttarahalli Main Road,Low
1564,Uttarahalli Main Road,5906.77,Jan-Mar,2030,Uttarahalli Main Road,Low
1565,Uttarahalli Main Road,5894.72,Apr-Jun,2030,Uttarahalli Main Road,Low
1566,Uttarahalli Main Road,6175.28,Jul-Sep,2030,Uttarahalli Main Road,Low
1567,Uttarahalli Main Road,7001.52,Oct-Dec,2030,Uttarahalli Main Road,Low
1568,Bommanahalli,5522.24,Jan-Mar,2024,Bommanahalli,Moderate
1569,Bommanahalli,5476.79,Apr-Jun,2024,Bommanahalli,Moderate
1570,Bommanahalli,5710.07,Jul-Sep,2024,Bommanahalli,Moderate
1571,Bommanahalli,7433.062667,Oct-Dec,2024,Bommanahalli,Moderate
1572,Bommanahalli,6751.38,Jan-Mar,2025,Bommanahalli,Moderate
1573,Bommanahalli,7047.35,Apr-Jun,2025,Bommanahalli,Moderate
1574,Bommanahalli,6761.676667,Jul-Sep,2025,Bommanahalli,Moderate
1575,Bommanahalli,4960.25,Oct-Dec,2025,Bommanahalli,Moderate
1576,Bommanahalli,4920.54,Jan-Mar,2026,Bommanahalli,Moderate
1577,Bommanahalli,4949.65,Apr-Jun,2026,Bommanahalli,Moderate
1578,Bommanahalli,5136.26,Jul-Sep,2026,Bommanahalli,Moderate
1579,Bommanahalli,5294.13,Oct-Dec,2026,Bommanahalli,Moderate
1580,Bommanahalli,5193.3,Jan-Mar,2027,Bommanahalli,Moderate
1581,Bommanahalli,5241.66,Apr-Jun,2027,Bommanahalli,Moderate
1582,Bommanahalli,5164.6,Jul-Sep,2027,Bommanahalli,Moderate
1583,Bommanahalli,5472.35,Oct-Dec,2027,Bommanahalli,Moderate
1584,Bommanahalli,5682.08,Jan-Mar,2028,Bommanahalli,Moderate
1585,Bommanahalli,5408.98,Apr-Jun,2028,Bommanahalli,Moderate
1586,Bommanahalli,5192.76,Jul-Sep,2028,Bommanahalli,Moderate
1587,Bommanahalli,5365.23,Oct-Dec,2028,Bommanahalli,Moderate
1588,Bommanahalli,5042.68,Jan-Mar,2029,Bommanahalli,Moderate
1589,Bommanahalli,5012.27,Apr-Jun,2029,Bommanahalli,Moderate
1590,Bommanahalli,5014.05,Jul-Sep,2029,Bommanahalli,Moderate
1591,Bommanahalli,5134.51,Oct-Dec,2029,Bommanahalli,Moderate
1592,Bommanahalli,5522.24,Jan-Mar,2030,Bommanahalli,Moderate
1593,Bommanahalli,5476.79,Apr-Jun,2030,Bommanahalli,Moderate
1594,Bommanahalli,5710.07,Jul-Sep,2030,Bommanahalli,Moderate
1595,Bommanahalli,7433.062667,Oct-Dec,2030,Bommanahalli,Moderate
1596,Thurahalli,7754.83,Jan-Mar,2024,Thurahalli,Moderate
1597,Thurahalli,7418.08,Apr-Jun,2024,Thurahalli,Moderate
1598,Thurahalli,8401.403333,Jul-Sep,2024,Thurahalli,Moderate
1599,Thurahalli,8836.25,Oct-Dec,2024,Thurahalli,Moderate
1600,Thurahalli,9162.47,Jan-Mar,2025,Thurahalli,Moderate
1601,Thurahalli,9112.52,Apr-Jun,2025,Thurahalli,Moderate
1602,Thurahalli,9030.191667,Jul-Sep,2025,Thurahalli,Moderate
1603,Thurahalli,8776.891667,Oct-Dec,2025,Thurahalli,Moderate
1604,Thurahalli,5446.24,Jan-Mar,2026,Thurahalli,Moderate
1605,Thurahalli,5594.81,Apr-Jun,2026,Thurahalli,Moderate
1606,Thurahalli,5507.63,Jul-Sep,2026,Thurahalli,Moderate
1607,Thurahalli,5495.63,Oct-Dec,2026,Thurahalli,Moderate
1608,Thurahalli,5467.02,Jan-Mar,2027,Thurahalli,Moderate
1609,Thurahalli,5508.06,Apr-Jun,2027,Thurahalli,Moderate
1610,Thurahalli,5518.09,Jul-Sep,2027,Thurahalli,Moderate
1611,Thurahalli,5530.5,Oct-Dec,2027,Thurahalli,Moderate
1612,Thurahalli,6077.09,Jan-Mar,2028,Thurahalli,Moderate
1613,Thurahalli,6111.14,Apr-Jun,2028,Thurahalli,Moderate
1614,Thurahalli,6177.69,Jul-Sep,2028,Thurahalli,Moderate
1615,Thurahalli,6222.94,Oct-Dec,2028,Thurahalli,Moderate
1616,Thurahalli,6444.39,Jan-Mar,2029,Thurahalli,Moderate
1617,Thurahalli,6611.59,Apr-Jun,2029,Thurahalli,Moderate
1618,Thurahalli,6661.12,Jul-Sep,2029,Thurahalli,Moderate
1619,Thurahalli,7149.91,Oct-Dec,2029,Thurahalli,Moderate
1620,Thurahalli,7754.83,Jan-Mar,2030,Thurahalli,Moderate
1621,Thurahalli,7418.08,Apr-Jun,2030,Thurahalli,Moderate
1622,Thurahalli,8401.403333,Jul-Sep,2030,Thurahalli,Moderate
1623,Thurahalli,8836.25,Oct-Dec,2030,Thurahalli,Moderate
1624,Budigere,7151.15,Jan-Mar,2024,Budigere,High
1625,Budigere,7224.8,Apr-Jun,2024,Budigere,High
1626,Budigere,7837.791,Jul-Sep,2024,Budigere,High
1627,Budigere,7986.85,Oct-Dec,2024,Budigere,High
1628,Budigere,8617.7525,Jan-Mar,2025,Budigere,High
1629,Budigere,9170.1825,Apr-Jun,2025,Budigere,High
1630,Budigere,6996.7305,Jul-Sep,2025,Budigere,High
1631,Budigere,5237.6465,Oct-Dec,2025,Budigere,High
1632,Budigere,5215.32,Jan-Mar,2026,Budigere,High
1633,Budigere,5215.32,Apr-Jun,2026,Budigere,High
1634,Budigere,5301.31,Jul-Sep,2026,Budigere,High
1635,Budigere,5396.48,Oct-Dec,2026,Budigere,High
1636,Budigere,5630.09,Jan-Mar,2027,Budigere,High
1637,Budigere,5646.81,Apr-Jun,2027,Budigere,High
1638,Budigere,5672.64,Jul-Sep,2027,Budigere,High
1639,Budigere,5780.59,Oct-Dec,2027,Budigere,High
1640,Budigere,5817.49,Jan-Mar,2028,Budigere,High
1641,Budigere,5955.1,Apr-Jun,2028,Budigere,High
1642,Budigere,6015.16,Jul-Sep,2028,Budigere,High
1643,Budigere,6032.21,Oct-Dec,2028,Budigere,High
1644,Budigere,6176.26,Jan-Mar,2029,Budigere,High
1645,Budigere,6187.92,Apr-Jun,2029,Budigere,High
1646,Budigere,6211.88,Jul-Sep,2029,Budigere,High
1647,Budigere,6355.17,Oct-Dec,2029,Budigere,High
1648,Budigere,7151.15,Jan-Mar,2030,Budigere,High
1649,Budigere,7224.8,Apr-Jun,2030,Budigere,High
1650,Budigere,7837.791,Jul-Sep,2030,Budigere,High
1651,Budigere,7986.85,Oct-Dec,2030,Budigere,High
1652,BTM Layout,9173.17,Jan-Mar,2024,BTM Layout,Moderate
1653,BTM Layout,9733.01,Apr-Jun,2024,BTM Layout,Moderate
1654,BTM Layout,7898.783333,Jul-Sep,2024,BTM Layout,Moderate
1655,BTM Layout,8061.86,Oct-Dec,2024,BTM Layout,Moderate
1656,BTM Layout,8984.826,Jan-Mar,2025,BTM Layout,Moderate
1657,BTM Layout,9662.666,Apr-Jun,2025,BTM Layout,Moderate
1658,BTM Layout,7925.116357,Jul-Sep,2025,BTM Layout,Moderate
1659,BTM Layout,5494.756667,Oct-Dec,2025,BTM Layout,Moderate
1660,BTM Layout,5600.35,Jan-Mar,2026,BTM Layout,Moderate
1661,BTM Layout,5626.87,Apr-Jun,2026,BTM Layout,Moderate
1662,BTM Layout,5683.42,Jul-Sep,2026,BTM Layout,Moderate
1663,BTM Layout,5675.2,Oct-Dec,2026,BTM Layout,Moderate
1664,BTM Layout,5539.33,Jan-Mar,2027,BTM Layout,Moderate
1665,BTM Layout,5569.13,Apr-Jun,2027,BTM Layout,Moderate
1666,BTM Layout,5614.32,Jul-Sep,2027,BTM Layout,Moderate
1667,BTM Layout,5520.81,Oct-Dec,2027,BTM Layout,Moderate
1668,BTM Layout,5602.37,Jan-Mar,2028,BTM Layout,Moderate
1669,BTM Layout,5629.85,Apr-Jun,2028,BTM Layout,Moderate
1670,BTM Layout,5744.3,Jul-Sep,2028,BTM Layout,Moderate
1671,BTM Layout,5820.33,Oct-Dec,2028,BTM Layout,Moderate
1672,BTM Layout,5824.11,Jan-Mar,2029,BTM Layout,Moderate
1673,BTM Layout,5899.51,Apr-Jun,2029,BTM Layout,Moderate
1674,BTM Layout,6004.1,Jul-Sep,2029,BTM Layout,Moderate
1675,BTM Layout,5982.89,Oct-Dec,2029,BTM Layout,Moderate
1676,BTM Layout,9173.17,Jan-Mar,2030,BTM Layout,Moderate
1677,BTM Layout,9733.01,Apr-Jun,2030,BTM Layout,Moderate
1678,BTM Layout,7898.783333,Jul-Sep,2030,BTM Layout,Moderate
1679,BTM Layout,8061.86,Oct-Dec,2030,BTM Layout,Moderate
1680,Tumkur Road,9859.36,Jan-Mar,2024,Tumkur Road,Moderate
1681,Tumkur Road,10152.91,Apr-Jun,2024,Tumkur Road,Moderate
1682,Tumkur Road,10033.63417,Jul-Sep,2024,Tumkur Road,Moderate
1683,Tumkur Road,9500.74,Oct-Dec,2024,Tumkur Road,Moderate
1684,Tumkur Road,10034.44667,Jan-Mar,2025,Tumkur Road,Moderate
1685,Tumkur Road,9948.236667,Apr-Jun,2025,Tumkur Road,Moderate
1686,Tumkur Road,8389.898333,Jul-Sep,2025,Tumkur Road,Moderate
1687,Tumkur Road,7236.483333,Oct-Dec,2025,Tumkur Road,Moderate
1688,Tumkur Road,5446.24,Jan-Mar,2026,Tumkur Road,Moderate
1689,Tumkur Road,5594.81,Apr-Jun,2026,Tumkur Road,Moderate
1690,Tumkur Road,5507.63,Jul-Sep,2026,Tumkur Road,Moderate
1691,Tumkur Road,5495.63,Oct-Dec,2026,Tumkur Road,Moderate
1692,Tumkur Road,5467.02,Jan-Mar,2027,Tumkur Road,Moderate
1693,Tumkur Road,5508.06,Apr-Jun,2027,Tumkur Road,Moderate
1694,Tumkur Road,5518.09,Jul-Sep,2027,Tumkur Road,Moderate
1695,Tumkur Road,5530.5,Oct-Dec,2027,Tumkur Road,Moderate
1696,Tumkur Road,6077.09,Jan-Mar,2028,Tumkur Road,Moderate
1697,Tumkur Road,6189.14,Apr-Jun,2028,Tumkur Road,Moderate
1698,Tumkur Road,6208.63,Jul-Sep,2028,Tumkur Road,Moderate
1699,Tumkur Road,6415.12,Oct-Dec,2028,Tumkur Road,Moderate
1700,Tumkur Road,6457.59,Jan-Mar,2029,Tumkur Road,Moderate
1701,Tumkur Road,6923.29,Apr-Jun,2029,Tumkur Road,Moderate
1702,Tumkur Road,7155.82,Jul-Sep,2029,Tumkur Road,Moderate
1703,Tumkur Road,8192.11,Oct-Dec,2029,Tumkur Road,Moderate
1704,Tumkur Road,9859.36,Jan-Mar,2030,Tumkur Road,Moderate
1705,Tumkur Road,10152.91,Apr-Jun,2030,Tumkur Road,Moderate
1706,Tumkur Road,10033.63417,Jul-Sep,2030,Tumkur Road,Moderate
1707,Tumkur Road,9500.74,Oct-Dec,2030,Tumkur Road,Moderate
1708,Phase 8th JP Nagar,5896.66,Jan-Mar,2024,Phase 8th JP Nagar,Moderate
1709,Phase 8th JP Nagar,6226.9,Apr-Jun,2024,Phase 8th JP Nagar,Moderate
1710,Phase 8th JP Nagar,6317.005,Jul-Sep,2024,Phase 8th JP Nagar,Moderate
1711,Phase 8th JP Nagar,7089.455,Oct-Dec,2024,Phase 8th JP Nagar,Moderate
1712,Phase 8th JP Nagar,7092.01,Jan-Mar,2025,Phase 8th JP Nagar,Moderate
1713,Phase 8th JP Nagar,7340.72,Apr-Jun,2025,Phase 8th JP Nagar,Moderate
1714,Phase 8th JP Nagar,5828.875,Jul-Sep,2025,Phase 8th JP Nagar,Moderate
1715,Phase 8th JP Nagar,5403.245,Oct-Dec,2025,Phase 8th JP Nagar,Moderate
1716,Phase 8th JP Nagar,5067.05,Jan-Mar,2026,Phase 8th JP Nagar,Moderate
1717,Phase 8th JP Nagar,5053.3,Apr-Jun,2026,Phase 8th JP Nagar,Moderate
1718,Phase 8th JP Nagar,5276.89,Jul-Sep,2026,Phase 8th JP Nagar,Moderate
1719,Phase 8th JP Nagar,5227.09,Oct-Dec,2026,Phase 8th JP Nagar,Moderate
1720,Phase 8th JP Nagar,5278.96,Jan-Mar,2027,Phase 8th JP Nagar,Moderate
1721,Phase 8th JP Nagar,5305.06,Apr-Jun,2027,Phase 8th JP Nagar,Moderate
1722,Phase 8th JP Nagar,5392.29,Jul-Sep,2027,Phase 8th JP Nagar,Moderate
1723,Phase 8th JP Nagar,5349.5,Oct-Dec,2027,Phase 8th JP Nagar,Moderate
1724,Phase 8th JP Nagar,5323.02,Jan-Mar,2028,Phase 8th JP Nagar,Moderate
1725,Phase 8th JP Nagar,5355.15,Apr-Jun,2028,Phase 8th JP Nagar,Moderate
1726,Phase 8th JP Nagar,5151.49,Jul-Sep,2028,Phase 8th JP Nagar,Moderate
1727,Phase 8th JP Nagar,5219.13,Oct-Dec,2028,Phase 8th JP Nagar,Moderate
1728,Phase 8th JP Nagar,5454.78,Jan-Mar,2029,Phase 8th JP Nagar,Moderate
1729,Phase 8th JP Nagar,5654.28,Apr-Jun,2029,Phase 8th JP Nagar,Moderate
1730,Phase 8th JP Nagar,6133.93,Jul-Sep,2029,Phase 8th JP Nagar,Moderate
1731,Phase 8th JP Nagar,5968.99,Oct-Dec,2029,Phase 8th JP Nagar,Moderate
1732,Phase 8th JP Nagar,5896.66,Jan-Mar,2030,Phase 8th JP Nagar,Moderate
1733,Phase 8th JP Nagar,6226.9,Apr-Jun,2030,Phase 8th JP Nagar,Moderate
1734,Phase 8th JP Nagar,6317.005,Jul-Sep,2030,Phase 8th JP Nagar,Moderate
1735,Phase 8th JP Nagar,7089.455,Oct-Dec,2030,Phase 8th JP Nagar,Moderate
1736,Kadubeesanahalli Road,10455.1,Jan-Mar,2024,Kadubeesanahalli Road,Moderate
1737,Kadubeesanahalli Road,10870.84,Apr-Jun,2024,Kadubeesanahalli Road,Moderate
1738,Kadubeesanahalli Road,10333.42167,Jul-Sep,2024,Kadubeesanahalli Road,Moderate
1739,Kadubeesanahalli Road,10505.91,Oct-Dec,2024,Kadubeesanahalli Road,Moderate
1740,Kadubeesanahalli Road,11621.39,Jan-Mar,2025,Kadubeesanahalli Road,Moderate
1741,Kadubeesanahalli Road,12020.59,Apr-Jun,2025,Kadubeesanahalli Road,Moderate
1742,Kadubeesanahalli Road,10291.79298,Jul-Sep,2025,Kadubeesanahalli Road,Moderate
1743,Kadubeesanahalli Road,7299.38,Oct-Dec,2025,Kadubeesanahalli Road,Moderate
1744,Kadubeesanahalli Road,8378.55,Jan-Mar,2026,Kadubeesanahalli Road,Moderate
1745,Kadubeesanahalli Road,8379.3,Apr-Jun,2026,Kadubeesanahalli Road,Moderate
1746,Kadubeesanahalli Road,8440.05,Jul-Sep,2026,Kadubeesanahalli Road,Moderate
1747,Kadubeesanahalli Road,8621.5,Oct-Dec,2026,Kadubeesanahalli Road,Moderate
1748,Kadubeesanahalli Road,8845.85,Jan-Mar,2027,Kadubeesanahalli Road,Moderate
1749,Kadubeesanahalli Road,8884.1,Apr-Jun,2027,Kadubeesanahalli Road,Moderate
1750,Kadubeesanahalli Road,8992.25,Jul-Sep,2027,Kadubeesanahalli Road,Moderate
1751,Kadubeesanahalli Road,9086.65,Oct-Dec,2027,Kadubeesanahalli Road,Moderate
1752,Kadubeesanahalli Road,9314.05,Jan-Mar,2028,Kadubeesanahalli Road,Moderate
1753,Kadubeesanahalli Road,9410.96,Apr-Jun,2028,Kadubeesanahalli Road,Moderate
1754,Kadubeesanahalli Road,9728.5,Jul-Sep,2028,Kadubeesanahalli Road,Moderate
1755,Kadubeesanahalli Road,9664.2,Oct-Dec,2028,Kadubeesanahalli Road,Moderate
1756,Kadubeesanahalli Road,9776.27,Jan-Mar,2029,Kadubeesanahalli Road,Moderate
1757,Kadubeesanahalli Road,9516.28,Apr-Jun,2029,Kadubeesanahalli Road,Moderate
1758,Kadubeesanahalli Road,10304.49,Jul-Sep,2029,Kadubeesanahalli Road,Moderate
1759,Kadubeesanahalli Road,10474.3,Oct-Dec,2029,Kadubeesanahalli Road,Moderate
1760,Kadubeesanahalli Road,10455.1,Jan-Mar,2030,Kadubeesanahalli Road,Moderate
1761,Kadubeesanahalli Road,10870.84,Apr-Jun,2030,Kadubeesanahalli Road,Moderate
1762,Kadubeesanahalli Road,10333.42167,Jul-Sep,2030,Kadubeesanahalli Road,Moderate
1763,Kadubeesanahalli Road,10505.91,Oct-Dec,2030,Kadubeesanahalli Road,Moderate
1764,Brookefield,9157.33,Jan-Mar,2024,Brookefield,Moderate
1765,Brookefield,9135.7,Apr-Jun,2024,Brookefield,Moderate
1766,Brookefield,9301.47,Jul-Sep,2024,Brookefield,Moderate
1767,Brookefield,8586.7,Oct-Dec,2024,Brookefield,Moderate
1768,Brookefield,10969.23,Jan-Mar,2025,Brookefield,Moderate
1769,Brookefield,10698.36,Apr-Jun,2025,Brookefield,Moderate
1770,Brookefield,7360.8015,Jul-Sep,2025,Brookefield,Moderate
1771,Brookefield,6113.95,Oct-Dec,2025,Brookefield,Moderate
1772,Brookefield,5930.62,Jan-Mar,2026,Brookefield,Moderate
1773,Brookefield,6041.18,Apr-Jun,2026,Brookefield,Moderate
1774,Brookefield,6187.05,Jul-Sep,2026,Brookefield,Moderate
1775,Brookefield,6124.95,Oct-Dec,2026,Brookefield,Moderate
1776,Brookefield,6011.07,Jan-Mar,2027,Brookefield,Moderate
1777,Brookefield,6172.73,Apr-Jun,2027,Brookefield,Moderate
1778,Brookefield,6079.85,Jul-Sep,2027,Brookefield,Moderate
1779,Brookefield,6030.71,Oct-Dec,2027,Brookefield,Moderate
1780,Brookefield,5850.75,Jan-Mar,2028,Brookefield,Moderate
1781,Brookefield,6064.86,Apr-Jun,2028,Brookefield,Moderate
1782,Brookefield,6087.02,Jul-Sep,2028,Brookefield,Moderate
1783,Brookefield,6031.32,Oct-Dec,2028,Brookefield,Moderate
1784,Brookefield,6103.37,Jan-Mar,2029,Brookefield,Moderate
1785,Brookefield,6103.01,Apr-Jun,2029,Brookefield,Moderate
1786,Brookefield,6002.79,Jul-Sep,2029,Brookefield,Moderate
1787,Brookefield,6135.14,Oct-Dec,2029,Brookefield,Moderate
1788,Brookefield,9157.33,Jan-Mar,2030,Brookefield,Moderate
1789,Brookefield,9135.7,Apr-Jun,2030,Brookefield,Moderate
1790,Brookefield,9301.47,Jul-Sep,2030,Brookefield,Moderate
1791,Brookefield,8586.7,Oct-Dec,2030,Brookefield,Moderate
1792,Borewell Road,9134.8,Jan-Mar,2024,Borewell Road,Moderate
1793,Borewell Road,9186.64,Apr-Jun,2024,Borewell Road,Moderate
1794,Borewell Road,9676.42,Jul-Sep,2024,Borewell Road,Moderate
1795,Borewell Road,8502.83,Oct-Dec,2024,Borewell Road,Moderate
1796,Borewell Road,10859.58,Jan-Mar,2025,Borewell Road,Moderate
1797,Borewell Road,10709.8,Apr-Jun,2025,Borewell Road,Moderate
1798,Borewell Road,9506.429,Jul-Sep,2025,Borewell Road,Moderate
1799,Borewell Road,6611.61,Oct-Dec,2025,Borewell Road,Moderate
1800,Borewell Road,5930.62,Jan-Mar,2026,Borewell Road,Moderate
1801,Borewell Road,6041.18,Apr-Jun,2026,Borewell Road,Moderate
1802,Borewell Road,6187.05,Jul-Sep,2026,Borewell Road,Moderate
1803,Borewell Road,6124.95,Oct-Dec,2026,Borewell Road,Moderate
1804,Borewell Road,6011.07,Jan-Mar,2027,Borewell Road,Moderate
1805,Borewell Road,6172.73,Apr-Jun,2027,Borewell Road,Moderate
1806,Borewell Road,6079.85,Jul-Sep,2027,Borewell Road,Moderate
1807,Borewell Road,6030.71,Oct-Dec,2027,Borewell Road,Moderate
1808,Borewell Road,5850.75,Jan-Mar,2028,Borewell Road,Moderate
1809,Borewell Road,6064.86,Apr-Jun,2028,Borewell Road,Moderate
1810,Borewell Road,6087.02,Jul-Sep,2028,Borewell Road,Moderate
1811,Borewell Road,6031.32,Oct-Dec,2028,Borewell Road,Moderate
1812,Borewell Road,6103.37,Jan-Mar,2029,Borewell Road,Moderate
1813,Borewell Road,6103.01,Apr-Jun,2029,Borewell Road,Moderate
1814,Borewell Road,6002.79,Jul-Sep,2029,Borewell Road,Moderate
1815,Borewell Road,6099.83,Oct-Dec,2029,Borewell Road,Moderate
1816,Borewell Road,9134.8,Jan-Mar,2030,Borewell Road,Moderate
1817,Borewell Road,9186.64,Apr-Jun,2030,Borewell Road,Moderate
1818,Borewell Road,9676.42,Jul-Sep,2030,Borewell Road,Moderate
1819,Borewell Road,8502.83,Oct-Dec,2030,Borewell Road,Moderate
1820,Phase 7 JP Nagar,7713.57,Jan-Mar,2024,Phase 7 JP Nagar,Moderate
1821,Phase 7 JP Nagar,8280.04,Apr-Jun,2024,Phase 7 JP Nagar,Moderate
1822,Phase 7 JP Nagar,7883.76,Jul-Sep,2024,Phase 7 JP Nagar,Moderate
1823,Phase 7 JP Nagar,8497.48,Oct-Dec,2024,Phase 7 JP Nagar,Moderate
1824,Phase 7 JP Nagar,9227.25,Jan-Mar,2025,Phase 7 JP Nagar,Moderate
1825,Phase 7 JP Nagar,9496.26,Apr-Jun,2025,Phase 7 JP Nagar,Moderate
1826,Phase 7 JP Nagar,6477.7575,Jul-Sep,2025,Phase 7 JP Nagar,Moderate
1827,Phase 7 JP Nagar,6317.5,Oct-Dec,2025,Phase 7 JP Nagar,Moderate
1828,Phase 7 JP Nagar,6399.06,Jan-Mar,2026,Phase 7 JP Nagar,Moderate
1829,Phase 7 JP Nagar,6334.04,Apr-Jun,2026,Phase 7 JP Nagar,Moderate
1830,Phase 7 JP Nagar,6473.84,Jul-Sep,2026,Phase 7 JP Nagar,Moderate
1831,Phase 7 JP Nagar,6609.76,Oct-Dec,2026,Phase 7 JP Nagar,Moderate
1832,Phase 7 JP Nagar,6446.65,Jan-Mar,2027,Phase 7 JP Nagar,Moderate
1833,Phase 7 JP Nagar,6405.15,Apr-Jun,2027,Phase 7 JP Nagar,Moderate
1834,Phase 7 JP Nagar,6588.93,Jul-Sep,2027,Phase 7 JP Nagar,Moderate
1835,Phase 7 JP Nagar,6710.14,Oct-Dec,2027,Phase 7 JP Nagar,Moderate
1836,Phase 7 JP Nagar,6704.38,Jan-Mar,2028,Phase 7 JP Nagar,Moderate
1837,Phase 7 JP Nagar,6704.98,Apr-Jun,2028,Phase 7 JP Nagar,Moderate
1838,Phase 7 JP Nagar,6366.02,Jul-Sep,2028,Phase 7 JP Nagar,Moderate
1839,Phase 7 JP Nagar,6296.63,Oct-Dec,2028,Phase 7 JP Nagar,Moderate
1840,Phase 7 JP Nagar,6598.62,Jan-Mar,2029,Phase 7 JP Nagar,Moderate
1841,Phase 7 JP Nagar,6783.28,Apr-Jun,2029,Phase 7 JP Nagar,Moderate
1842,Phase 7 JP Nagar,7157.24,Jul-Sep,2029,Phase 7 JP Nagar,Moderate
1843,Phase 7 JP Nagar,7330.52,Oct-Dec,2029,Phase 7 JP Nagar,Moderate
1844,Phase 7 JP Nagar,7713.57,Jan-Mar,2030,Phase 7 JP Nagar,Moderate
1845,Phase 7 JP Nagar,8280.04,Apr-Jun,2030,Phase 7 JP Nagar,Moderate
1846,Phase 7 JP Nagar,7883.76,Jul-Sep,2030,Phase 7 JP Nagar,Moderate
1847,Phase 7 JP Nagar,8497.48,Oct-Dec,2030,Phase 7 JP Nagar,Moderate
1848,Kaggadasapura,5365.21,Jan-Mar,2024,Kaggadasapura,Moderate
1849,Kaggadasapura,5347.26,Apr-Jun,2024,Kaggadasapura,Moderate
1850,Kaggadasapura,5607.356,Jul-Sep,2024,Kaggadasapura,Moderate
1851,Kaggadasapura,5836.48,Oct-Dec,2024,Kaggadasapura,Moderate
1852,Kaggadasapura,6562.299333,Jan-Mar,2025,Kaggadasapura,Moderate
1853,Kaggadasapura,6593.219333,Apr-Jun,2025,Kaggadasapura,Moderate
1854,Kaggadasapura,5241.566,Jul-Sep,2025,Kaggadasapura,Moderate
1855,Kaggadasapura,4861.11,Oct-Dec,2025,Kaggadasapura,Moderate
1856,Kaggadasapura,4553.06,Jan-Mar,2026,Kaggadasapura,Moderate
1857,Kaggadasapura,4597.9,Apr-Jun,2026,Kaggadasapura,Moderate
1858,Kaggadasapura,4633.64,Jul-Sep,2026,Kaggadasapura,Moderate
1859,Kaggadasapura,4564.98,Oct-Dec,2026,Kaggadasapura,Moderate
1860,Kaggadasapura,4658.05,Jan-Mar,2027,Kaggadasapura,Moderate
1861,Kaggadasapura,4686.44,Apr-Jun,2027,Kaggadasapura,Moderate
1862,Kaggadasapura,4697.32,Jul-Sep,2027,Kaggadasapura,Moderate
1863,Kaggadasapura,4695.59,Oct-Dec,2027,Kaggadasapura,Moderate
1864,Kaggadasapura,4554.52,Jan-Mar,2028,Kaggadasapura,Moderate
1865,Kaggadasapura,4710.15,Apr-Jun,2028,Kaggadasapura,Moderate
1866,Kaggadasapura,4832.72,Jul-Sep,2028,Kaggadasapura,Moderate
1867,Kaggadasapura,5217.61,Oct-Dec,2028,Kaggadasapura,Moderate
1868,Kaggadasapura,5015.19,Jan-Mar,2029,Kaggadasapura,Moderate
1869,Kaggadasapura,4987.92,Apr-Jun,2029,Kaggadasapura,Moderate
1870,Kaggadasapura,5472.81,Jul-Sep,2029,Kaggadasapura,Moderate
1871,Kaggadasapura,6882.81,Oct-Dec,2029,Kaggadasapura,Moderate
1872,Kaggadasapura,5365.21,Jan-Mar,2030,Kaggadasapura,Moderate
1873,Kaggadasapura,5347.26,Apr-Jun,2030,Kaggadasapura,Moderate
1874,Kaggadasapura,5607.356,Jul-Sep,2030,Kaggadasapura,Moderate
1875,Kaggadasapura,5836.48,Oct-Dec,2030,Kaggadasapura,Moderate
1876,Uttarahalli Hobli,5837.03,Jan-Mar,2024,Uttarahalli Hobli,Moderate
1877,Uttarahalli Hobli,5784.85,Apr-Jun,2024,Uttarahalli Hobli,Moderate
1878,Uttarahalli Hobli,6343.096,Jul-Sep,2024,Uttarahalli Hobli,Moderate
1879,Uttarahalli Hobli,6983.566,Oct-Dec,2024,Uttarahalli Hobli,Moderate
1880,Uttarahalli Hobli,6985.13,Jan-Mar,2025,Uttarahalli Hobli,Moderate
1881,Uttarahalli Hobli,6952.21,Apr-Jun,2025,Uttarahalli Hobli,Moderate
1882,Uttarahalli Hobli,5812.0185,Jul-Sep,2025,Uttarahalli Hobli,Moderate
1883,Uttarahalli Hobli,4688.461,Oct-Dec,2025,Uttarahalli Hobli,Moderate
1884,Uttarahalli Hobli,4712.55,Jan-Mar,2026,Uttarahalli Hobli,Moderate
1885,Uttarahalli Hobli,4847.82,Apr-Jun,2026,Uttarahalli Hobli,Moderate
1886,Uttarahalli Hobli,4859.35,Jul-Sep,2026,Uttarahalli Hobli,Moderate
1887,Uttarahalli Hobli,4861.29,Oct-Dec,2026,Uttarahalli Hobli,Moderate
1888,Uttarahalli Hobli,5046.43,Jan-Mar,2027,Uttarahalli Hobli,Moderate
1889,Uttarahalli Hobli,5032.19,Apr-Jun,2027,Uttarahalli Hobli,Moderate
1890,Uttarahalli Hobli,5067.72,Jul-Sep,2027,Uttarahalli Hobli,Moderate
1891,Uttarahalli Hobli,5200.85,Oct-Dec,2027,Uttarahalli Hobli,Moderate
1892,Uttarahalli Hobli,5425.56,Jan-Mar,2028,Uttarahalli Hobli,Moderate
1893,Uttarahalli Hobli,5431.73,Apr-Jun,2028,Uttarahalli Hobli,Moderate
1894,Uttarahalli Hobli,5502.12,Jul-Sep,2028,Uttarahalli Hobli,Moderate
1895,Uttarahalli Hobli,5677.96,Oct-Dec,2028,Uttarahalli Hobli,Moderate
1896,Uttarahalli Hobli,5550.46,Jan-Mar,2029,Uttarahalli Hobli,Moderate
1897,Uttarahalli Hobli,5589.35,Apr-Jun,2029,Uttarahalli Hobli,Moderate
1898,Uttarahalli Hobli,5807.97,Jul-Sep,2029,Uttarahalli Hobli,Moderate
1899,Uttarahalli Hobli,6701.37,Oct-Dec,2029,Uttarahalli Hobli,Moderate
1900,Uttarahalli Hobli,5837.03,Jan-Mar,2030,Uttarahalli Hobli,Moderate
1901,Uttarahalli Hobli,5784.85,Apr-Jun,2030,Uttarahalli Hobli,Moderate
1902,Uttarahalli Hobli,6343.096,Jul-Sep,2030,Uttarahalli Hobli,Moderate
1903,Uttarahalli Hobli,6983.566,Oct-Dec,2030,Uttarahalli Hobli,Moderate
1904,Church Street,16859.83,Jan-Mar,2024,Church Street,Moderate
1905,Church Street,17044.67,Apr-Jun,2024,Church Street,Moderate
1906,Church Street,18317.372,Jul-Sep,2024,Church Street,Moderate
1907,Church Street,17330.33,Oct-Dec,2024,Church Street,Moderate
1908,Church Street,18631.89,Jan-Mar,2025,Church Street,Moderate
1909,Church Street,17432.9,Apr-Jun,2025,Church Street,Moderate
1910,Church Street,17009.30924,Jul-Sep,2025,Church Street,Moderate
1911,Church Street,11198.80333,Oct-Dec,2025,Church Street,Moderate
1912,Church Street,15632.92,Jan-Mar,2026,Church Street,Moderate
1913,Church Street,15773.12,Apr-Jun,2026,Church Street,Moderate
1914,Church Street,15967.92,Jul-Sep,2026,Church Street,Moderate
1915,Church Street,16130.49,Oct-Dec,2026,Church Street,Moderate
1916,Church Street,16572.21,Jan-Mar,2027,Church Street,Moderate
1917,Church Street,16643.77,Apr-Jun,2027,Church Street,Moderate
1918,Church Street,16788.08,Jul-Sep,2027,Church Street,Moderate
1919,Church Street,16769.06,Oct-Dec,2027,Church Street,Moderate
1920,Church Street,17258.72,Jan-Mar,2028,Church Street,Moderate
1921,Church Street,17319.2,Apr-Jun,2028,Church Street,Moderate
1922,Church Street,17527.54,Jul-Sep,2028,Church Street,Moderate
1923,Church Street,17829.51,Oct-Dec,2028,Church Street,Moderate
1924,Church Street,17090.28,Jan-Mar,2029,Church Street,Moderate
1925,Church Street,17101.36,Apr-Jun,2029,Church Street,Moderate
1926,Church Street,17993.47,Jul-Sep,2029,Church Street,Moderate
1927,Church Street,18254.23,Oct-Dec,2029,Church Street,Moderate
1928,Church Street,16859.83,Jan-Mar,2030,Church Street,Moderate
1929,Church Street,17044.67,Apr-Jun,2030,Church Street,Moderate
1930,Church Street,18317.372,Jul-Sep,2030,Church Street,Moderate
1931,Church Street,17330.33,Oct-Dec,2030,Church Street,Moderate
1932,Mysore Road,6084.93,Jan-Mar,2024,Mysore Road,High
1933,Mysore Road,6095.22,Apr-Jun,2024,Mysore Road,High
1934,Mysore Road,6361.26,Jul-Sep,2024,Mysore Road,High
1935,Mysore Road,6514.26,Oct-Dec,2024,Mysore Road,High
1936,Mysore Road,6925.54,Jan-Mar,2025,Mysore Road,High
1937,Mysore Road,7231.91,Apr-Jun,2025,Mysore Road,High
1938,Mysore Road,7724.813333,Jul-Sep,2025,Mysore Road,High
1939,Mysore Road,4809.73,Oct-Dec,2025,Mysore Road,High
1940,Mysore Road,4674.83,Jan-Mar,2026,Mysore Road,High
1941,Mysore Road,4752.47,Apr-Jun,2026,Mysore Road,High
1942,Mysore Road,4720.99,Jul-Sep,2026,Mysore Road,High
1943,Mysore Road,4850.3,Oct-Dec,2026,Mysore Road,High
1944,Mysore Road,4721.08,Jan-Mar,2027,Mysore Road,High
1945,Mysore Road,4768.81,Apr-Jun,2027,Mysore Road,High
1946,Mysore Road,4735.39,Jul-Sep,2027,Mysore Road,High
1947,Mysore Road,4729.29,Oct-Dec,2027,Mysore Road,High
1948,Mysore Road,4927.48,Jan-Mar,2028,Mysore Road,High
1949,Mysore Road,4780.78,Apr-Jun,2028,Mysore Road,High
1950,Mysore Road,5063.85,Jul-Sep,2028,Mysore Road,High
1951,Mysore Road,5229.2,Oct-Dec,2028,Mysore Road,High
1952,Mysore Road,5102.58,Jan-Mar,2029,Mysore Road,High
1953,Mysore Road,5324.67,Apr-Jun,2029,Mysore Road,High
1954,Mysore Road,5415.16,Jul-Sep,2029,Mysore Road,High
1955,Mysore Road,5786.39,Oct-Dec,2029,Mysore Road,High
1956,Mysore Road,6084.93,Jan-Mar,2030,Mysore Road,High
1957,Mysore Road,6095.22,Apr-Jun,2030,Mysore Road,High
1958,Mysore Road,6361.26,Jul-Sep,2030,Mysore Road,High
1959,Mysore Road,6514.26,Oct-Dec,2030,Mysore Road,High
1960,Halasuru,12862.08,Jan-Mar,2024,Halasuru,Moderate
1961,Halasuru,13149.28,Apr-Jun,2024,Halasuru,Moderate
1962,Halasuru,13423.39,Jul-Sep,2024,Halasuru,Moderate
1963,Halasuru,12862.26,Oct-Dec,2024,Halasuru,Moderate
1964,Halasuru,13808.27,Jan-Mar,2025,Halasuru,Moderate
1965,Halasuru,13824.35,Apr-Jun,2025,Halasuru,Moderate
1966,Halasuru,14439.75233,Jul-Sep,2025,Halasuru,Moderate
1967,Halasuru,10059.06,Oct-Dec,2025,Halasuru,Moderate
1968,Halasuru,12205.52,Jan-Mar,2026,Halasuru,Moderate
1969,Halasuru,12042.52,Apr-Jun,2026,Halasuru,Moderate
1970,Halasuru,11461.04,Jul-Sep,2026,Halasuru,Moderate
1971,Halasuru,11696.38,Oct-Dec,2026,Halasuru,Moderate
1972,Halasuru,11917.37,Jan-Mar,2027,Halasuru,Moderate
1973,Halasuru,11783.03,Apr-Jun,2027,Halasuru,Moderate
1974,Halasuru,10866.73,Jul-Sep,2027,Halasuru,Moderate
1975,Halasuru,11013.36,Oct-Dec,2027,Halasuru,Moderate
1976,Halasuru,8936.49,Jan-Mar,2028,Halasuru,Moderate
1977,Halasuru,9001.02,Apr-Jun,2028,Halasuru,Moderate
1978,Halasuru,9124.68,Jul-Sep,2028,Halasuru,Moderate
1979,Halasuru,10732.79,Oct-Dec,2028,Halasuru,Moderate
1980,Halasuru,11896.69,Jan-Mar,2029,Halasuru,Moderate
1981,Halasuru,12428.03,Apr-Jun,2029,Halasuru,Moderate
1982,Halasuru,11735.2,Jul-Sep,2029,Halasuru,Moderate
1983,Halasuru,11401.87,Oct-Dec,2029,Halasuru,Moderate
1984,Halasuru,12862.08,Jan-Mar,2030,Halasuru,Moderate
1985,Halasuru,13149.28,Apr-Jun,2030,Halasuru,Moderate
1986,Halasuru,13423.39,Jul-Sep,2030,Halasuru,Moderate
1987,Halasuru,12862.26,Oct-Dec,2030,Halasuru,Moderate
1988,Sanjayanagara,8431.24,Jan-Mar,2024,Sanjayanagara,Low
1989,Sanjayanagara,8409.07,Apr-Jun,2024,Sanjayanagara,Low
1990,Sanjayanagara,8568.78,Jul-Sep,2024,Sanjayanagara,Low
1991,Sanjayanagara,9478.03,Oct-Dec,2024,Sanjayanagara,Low
1992,Sanjayanagara,9196.88,Jan-Mar,2025,Sanjayanagara,Low
1993,Sanjayanagara,9632.18,Apr-Jun,2025,Sanjayanagara,Low
1994,Sanjayanagara,8820.486667,Jul-Sep,2025,Sanjayanagara,Low
1995,Sanjayanagara,7090.4,Oct-Dec,2025,Sanjayanagara,Low
1996,Sanjayanagara,7594.88,Jan-Mar,2026,Sanjayanagara,Low
1997,Sanjayanagara,7511.7,Apr-Jun,2026,Sanjayanagara,Low
1998,Sanjayanagara,7497.89,Jul-Sep,2026,Sanjayanagara,Low
1999,Sanjayanagara,7444.16,Oct-Dec,2026,Sanjayanagara,Low
2000,Sanjayanagara,7611.53,Jan-Mar,2027,Sanjayanagara,Low
2001,Sanjayanagara,7590.78,Apr-Jun,2027,Sanjayanagara,Low
2002,Sanjayanagara,7653.03,Jul-Sep,2027,Sanjayanagara,Low
2003,Sanjayanagara,7545.22,Oct-Dec,2027,Sanjayanagara,Low
2004,Sanjayanagara,7536.15,Jan-Mar,2028,Sanjayanagara,Low
2005,Sanjayanagara,7637.62,Apr-Jun,2028,Sanjayanagara,Low
2006,Sanjayanagara,7776.52,Jul-Sep,2028,Sanjayanagara,Low
2007,Sanjayanagara,7694.05,Oct-Dec,2028,Sanjayanagara,Low
2008,Sanjayanagara,7347.51,Jan-Mar,2029,Sanjayanagara,Low
2009,Sanjayanagara,7406.31,Apr-Jun,2029,Sanjayanagara,Low
2010,Sanjayanagara,7013.84,Jul-Sep,2029,Sanjayanagara,Low
2011,Sanjayanagara,7279.92,Oct-Dec,2029,Sanjayanagara,Low
2012,Sanjayanagara,8431.24,Jan-Mar,2030,Sanjayanagara,Low
2013,Sanjayanagara,8409.07,Apr-Jun,2030,Sanjayanagara,Low
2014,Sanjayanagara,8568.78,Jul-Sep,2030,Sanjayanagara,Low
2015,Sanjayanagara,9478.03,Oct-Dec,2030,Sanjayanagara,Low
2016,Double Road,11105.04,Jan-Mar,2024,Double Road,Moderate
2017,Double Road,10886.52,Apr-Jun,2024,Double Road,Moderate
2018,Double Road,11026.06333,Jul-Sep,2024,Double Road,Moderate
2019,Double Road,10920.88,Oct-Dec,2024,Double Road,Moderate
2020,Double Road,11755.70667,Jan-Mar,2025,Double Road,Moderate
2021,Double Road,11945.52667,Apr-Jun,2025,Double Road,Moderate
2022,Double Road,12085.25833,Jul-Sep,2025,Double Road,Moderate
2023,Double Road,8890.51,Oct-Dec,2025,Double Road,Moderate
2024,Double Road,9336.5,Jan-Mar,2026,Double Road,Moderate
2025,Double Road,9401.5,Apr-Jun,2026,Double Road,Moderate
2026,Double Road,9584.5,Jul-Sep,2026,Double Road,Moderate
2027,Double Road,9608.85,Oct-Dec,2026,Double Road,Moderate
2028,Double Road,9762.88,Jan-Mar,2027,Double Road,Moderate
2029,Double Road,9830.13,Apr-Jun,2027,Double Road,Moderate
2030,Double Road,9870.21,Jul-Sep,2027,Double Road,Moderate
2031,Double Road,9694.54,Oct-Dec,2027,Double Road,Moderate
2032,Double Road,9609.63,Jan-Mar,2028,Double Road,Moderate
2033,Double Road,9396.34,Apr-Jun,2028,Double Road,Moderate
2034,Double Road,9981.98,Jul-Sep,2028,Double Road,Moderate
2035,Double Road,9895.42,Oct-Dec,2028,Double Road,Moderate
2036,Double Road,10478.35,Jan-Mar,2029,Double Road,Moderate
2037,Double Road,10635.76,Apr-Jun,2029,Double Road,Moderate
2038,Double Road,10915.84,Jul-Sep,2029,Double Road,Moderate
2039,Double Road,11154.55,Oct-Dec,2029,Double Road,Moderate
2040,Double Road,11105.04,Jan-Mar,2030,Double Road,Moderate
2041,Double Road,10886.52,Apr-Jun,2030,Double Road,Moderate
2042,Double Road,11026.06333,Jul-Sep,2030,Double Road,Moderate
2043,Double Road,10920.88,Oct-Dec,2030,Double Road,Moderate
2044,Singasandra,6205.56,Jan-Mar,2024,Singasandra,Moderate
2045,Singasandra,6344.81,Apr-Jun,2024,Singasandra,Moderate
2046,Singasandra,6140.9925,Jul-Sep,2024,Singasandra,Moderate
2047,Singasandra,6455.915,Oct-Dec,2024,Singasandra,Moderate
2048,Singasandra,6525.625,Jan-Mar,2025,Singasandra,Moderate
2049,Singasandra,6712.125,Apr-Jun,2025,Singasandra,Moderate
2050,Singasandra,5369.286,Jul-Sep,2025,Singasandra,Moderate
2051,Singasandra,4720.659,Oct-Dec,2025,Singasandra,Moderate
2052,Singasandra,4505.85,Jan-Mar,2026,Singasandra,Moderate
2053,Singasandra,4335.8,Apr-Jun,2026,Singasandra,Moderate
2054,Singasandra,4413.83,Jul-Sep,2026,Singasandra,Moderate
2055,Singasandra,4504.7,Oct-Dec,2026,Singasandra,Moderate
2056,Singasandra,4619.63,Jan-Mar,2027,Singasandra,Moderate
2057,Singasandra,4402.75,Apr-Jun,2027,Singasandra,Moderate
2058,Singasandra,4361.8,Jul-Sep,2027,Singasandra,Moderate
2059,Singasandra,4440.09,Oct-Dec,2027,Singasandra,Moderate
2060,Singasandra,4806.87,Jan-Mar,2028,Singasandra,Moderate
2061,Singasandra,4781.65,Apr-Jun,2028,Singasandra,Moderate
2062,Singasandra,4738.01,Jul-Sep,2028,Singasandra,Moderate
2063,Singasandra,5300.14,Oct-Dec,2028,Singasandra,Moderate
2064,Singasandra,5325.02,Jan-Mar,2029,Singasandra,Moderate
2065,Singasandra,5650.56,Apr-Jun,2029,Singasandra,Moderate
2066,Singasandra,6346.28,Jul-Sep,2029,Singasandra,Moderate
2067,Singasandra,6880.68,Oct-Dec,2029,Singasandra,Moderate
2068,Singasandra,6205.56,Jan-Mar,2030,Singasandra,Moderate
2069,Singasandra,6344.81,Apr-Jun,2030,Singasandra,Moderate
2070,Singasandra,6140.9925,Jul-Sep,2030,Singasandra,Moderate
2071,Singasandra,6455.915,Oct-Dec,2030,Singasandra,Moderate
2072,Haralur Main Road,9207,Jan-Mar,2024,Haralur Main Road,Moderate
2073,Haralur Main Road,9867.68,Apr-Jun,2024,Haralur Main Road,Moderate
2074,Haralur Main Road,10002.67867,Jul-Sep,2024,Haralur Main Road,Moderate
2075,Haralur Main Road,10716.63,Oct-Dec,2024,Haralur Main Road,Moderate
2076,Haralur Main Road,10803.55,Jan-Mar,2025,Haralur Main Road,Moderate
2077,Haralur Main Road,10254.6,Apr-Jun,2025,Haralur Main Road,Moderate
2078,Haralur Main Road,8548.085333,Jul-Sep,2025,Haralur Main Road,Moderate
2079,Haralur Main Road,7564.99,Oct-Dec,2025,Haralur Main Road,Moderate
2080,Haralur Main Road,6696.3,Jan-Mar,2026,Haralur Main Road,Moderate
2081,Haralur Main Road,6694.67,Apr-Jun,2026,Haralur Main Road,Moderate
2082,Haralur Main Road,6652.89,Jul-Sep,2026,Haralur Main Road,Moderate
2083,Haralur Main Road,6565.13,Oct-Dec,2026,Haralur Main Road,Moderate
2084,Haralur Main Road,6671.73,Jan-Mar,2027,Haralur Main Road,Moderate
2085,Haralur Main Road,6657.48,Apr-Jun,2027,Haralur Main Road,Moderate
2086,Haralur Main Road,6669.73,Jul-Sep,2027,Haralur Main Road,Moderate
2087,Haralur Main Road,6736.79,Oct-Dec,2027,Haralur Main Road,Moderate
2088,Haralur Main Road,7089.82,Jan-Mar,2028,Haralur Main Road,Moderate
2089,Haralur Main Road,7090.43,Apr-Jun,2028,Haralur Main Road,Moderate
2090,Haralur Main Road,7157.47,Jul-Sep,2028,Haralur Main Road,Moderate
2091,Haralur Main Road,7610.08,Oct-Dec,2028,Haralur Main Road,Moderate
2092,Haralur Main Road,7997.28,Jan-Mar,2029,Haralur Main Road,Moderate
2093,Haralur Main Road,8005.2,Apr-Jun,2029,Haralur Main Road,Moderate
2094,Haralur Main Road,8051.77,Jul-Sep,2029,Haralur Main Road,Moderate
2095,Haralur Main Road,7996.58,Oct-Dec,2029,Haralur Main Road,Moderate
2096,Haralur Main Road,9207,Jan-Mar,2030,Haralur Main Road,Moderate
2097,Haralur Main Road,9867.68,Apr-Jun,2030,Haralur Main Road,Moderate
2098,Haralur Main Road,10002.67867,Jul-Sep,2030,Haralur Main Road,Moderate
2099,Haralur Main Road,10716.63,Oct-Dec,2030,Haralur Main Road,Moderate
2100,Sanjay Nagar Main Road,9201.61,Jan-Mar,2024,Sanjay Nagar Main Road,Moderate
2101,Sanjay Nagar Main Road,9034.35,Apr-Jun,2024,Sanjay Nagar Main Road,Moderate
2102,Sanjay Nagar Main Road,9241.02,Jul-Sep,2024,Sanjay Nagar Main Road,Moderate
2103,Sanjay Nagar Main Road,10256.15,Oct-Dec,2024,Sanjay Nagar Main Road,Moderate
2104,Sanjay Nagar Main Road,10179.98333,Jan-Mar,2025,Sanjay Nagar Main Road,Moderate
2105,Sanjay Nagar Main Road,10168.43,Apr-Jun,2025,Sanjay Nagar Main Road,Moderate
2106,Sanjay Nagar Main Road,9186.171333,Jul-Sep,2025,Sanjay Nagar Main Road,Moderate
2107,Sanjay Nagar Main Road,7077.689333,Oct-Dec,2025,Sanjay Nagar Main Road,Moderate
2108,Sanjay Nagar Main Road,6763.75,Jan-Mar,2026,Sanjay Nagar Main Road,Moderate
2109,Sanjay Nagar Main Road,6851.18,Apr-Jun,2026,Sanjay Nagar Main Road,Moderate
2110,Sanjay Nagar Main Road,6909.43,Jul-Sep,2026,Sanjay Nagar Main Road,Moderate
2111,Sanjay Nagar Main Road,6810.93,Oct-Dec,2026,Sanjay Nagar Main Road,Moderate
2112,Sanjay Nagar Main Road,6186.29,Jan-Mar,2027,Sanjay Nagar Main Road,Moderate
2113,Sanjay Nagar Main Road,6149.67,Apr-Jun,2027,Sanjay Nagar Main Road,Moderate
2114,Sanjay Nagar Main Road,6093.03,Jul-Sep,2027,Sanjay Nagar Main Road,Moderate
2115,Sanjay Nagar Main Road,6094.55,Oct-Dec,2027,Sanjay Nagar Main Road,Moderate
2116,Sanjay Nagar Main Road,6525.06,Jan-Mar,2028,Sanjay Nagar Main Road,Moderate
2117,Sanjay Nagar Main Road,6659.01,Apr-Jun,2028,Sanjay Nagar Main Road,Moderate
2118,Sanjay Nagar Main Road,6816.84,Jul-Sep,2028,Sanjay Nagar Main Road,Moderate
2119,Sanjay Nagar Main Road,6990.96,Oct-Dec,2028,Sanjay Nagar Main Road,Moderate
2120,Sanjay Nagar Main Road,7082.38,Jan-Mar,2029,Sanjay Nagar Main Road,Moderate
2121,Sanjay Nagar Main Road,7174.86,Apr-Jun,2029,Sanjay Nagar Main Road,Moderate
2122,Sanjay Nagar Main Road,7160.79,Jul-Sep,2029,Sanjay Nagar Main Road,Moderate
2123,Sanjay Nagar Main Road,7327.44,Oct-Dec,2029,Sanjay Nagar Main Road,Moderate
2124,Sanjay Nagar Main Road,9201.61,Jan-Mar,2030,Sanjay Nagar Main Road,Moderate
2125,Sanjay Nagar Main Road,9034.35,Apr-Jun,2030,Sanjay Nagar Main Road,Moderate
2126,Sanjay Nagar Main Road,9241.02,Jul-Sep,2030,Sanjay Nagar Main Road,Moderate
2127,Sanjay Nagar Main Road,10256.15,Oct-Dec,2030,Sanjay Nagar Main Road,Moderate
2128,Somasundarapalya Main Road,10992.97,Jan-Mar,2024,Somasundarapalya Main Road,Low
2129,Somasundarapalya Main Road,11107.77,Apr-Jun,2024,Somasundarapalya Main Road,Low
2130,Somasundarapalya Main Road,10363.28,Jul-Sep,2024,Somasundarapalya Main Road,Low
2131,Somasundarapalya Main Road,7318.39,Oct-Dec,2024,Somasundarapalya Main Road,Low
2132,Somasundarapalya Main Road,10745.47,Jan-Mar,2025,Somasundarapalya Main Road,Low
2133,Somasundarapalya Main Road,10084.79,Apr-Jun,2025,Somasundarapalya Main Road,Low
2134,Somasundarapalya Main Road,7056.1325,Jul-Sep,2025,Somasundarapalya Main Road,Low
2135,Somasundarapalya Main Road,6093.97,Oct-Dec,2025,Somasundarapalya Main Road,Low
2136,Somasundarapalya Main Road,6709.93,Jan-Mar,2026,Somasundarapalya Main Road,Low
2137,Somasundarapalya Main Road,6842.99,Apr-Jun,2026,Somasundarapalya Main Road,Low
2138,Somasundarapalya Main Road,6952.46,Jul-Sep,2026,Somasundarapalya Main Road,Low
2139,Somasundarapalya Main Road,7140.24,Oct-Dec,2026,Somasundarapalya Main Road,Low
2140,Somasundarapalya Main Road,7594.94,Jan-Mar,2027,Somasundarapalya Main Road,Low
2141,Somasundarapalya Main Road,7629.2,Apr-Jun,2027,Somasundarapalya Main Road,Low
2142,Somasundarapalya Main Road,7584.91,Jul-Sep,2027,Somasundarapalya Main Road,Low
2143,Somasundarapalya Main Road,7969.46,Oct-Dec,2027,Somasundarapalya Main Road,Low
2144,Somasundarapalya Main Road,7660.42,Jan-Mar,2028,Somasundarapalya Main Road,Low
2145,Somasundarapalya Main Road,7645.59,Apr-Jun,2028,Somasundarapalya Main Road,Low
2146,Somasundarapalya Main Road,7863.07,Jul-Sep,2028,Somasundarapalya Main Road,Low
2147,Somasundarapalya Main Road,8816.84,Oct-Dec,2028,Somasundarapalya Main Road,Low
2148,Somasundarapalya Main Road,8600.7,Jan-Mar,2029,Somasundarapalya Main Road,Low
2149,Somasundarapalya Main Road,9234.52,Apr-Jun,2029,Somasundarapalya Main Road,Low
2150,Somasundarapalya Main Road,9245.22,Jul-Sep,2029,Somasundarapalya Main Road,Low
2151,Somasundarapalya Main Road,10056.36,Oct-Dec,2029,Somasundarapalya Main Road,Low
2152,Somasundarapalya Main Road,10992.97,Jan-Mar,2030,Somasundarapalya Main Road,Low
2153,Somasundarapalya Main Road,11107.77,Apr-Jun,2030,Somasundarapalya Main Road,Low
2154,Somasundarapalya Main Road,10363.28,Jul-Sep,2030,Somasundarapalya Main Road,Low
2155,Somasundarapalya Main Road,7318.39,Oct-Dec,2030,Somasundarapalya Main Road,Low
2156,Hebbal,10164.015,Jan-Mar,2024,Hebbal,Moderate
2157,Hebbal,10470.675,Apr-Jun,2024,Hebbal,Moderate
2158,Hebbal,10641.219,Jul-Sep,2024,Hebbal,Moderate
2159,Hebbal,10966.11,Oct-Dec,2024,Hebbal,Moderate
2160,Hebbal,11673.52767,Jan-Mar,2025,Hebbal,Moderate
2161,Hebbal,11855.26267,Apr-Jun,2025,Hebbal,Moderate
2162,Hebbal,10699.96217,Jul-Sep,2025,Hebbal,Moderate
2163,Hebbal,7806.063667,Oct-Dec,2025,Hebbal,Moderate
2164,Hebbal,7918.79,Jan-Mar,2026,Hebbal,Moderate
2165,Hebbal,7898.48,Apr-Jun,2026,Hebbal,Moderate
2166,Hebbal,7775.14,Jul-Sep,2026,Hebbal,Moderate
2167,Hebbal,7951.89,Oct-Dec,2026,Hebbal,Moderate
2168,Hebbal,8097.26,Jan-Mar,2027,Hebbal,Moderate
2169,Hebbal,8217.9,Apr-Jun,2027,Hebbal,Moderate
2170,Hebbal,8219.2,Jul-Sep,2027,Hebbal,Moderate
2171,Hebbal,8283.18,Oct-Dec,2027,Hebbal,Moderate
2172,Hebbal,7907.35,Jan-Mar,2028,Hebbal,Moderate
2173,Hebbal,7916.08,Apr-Jun,2028,Hebbal,Moderate
2174,Hebbal,8068.64,Jul-Sep,2028,Hebbal,Moderate
2175,Hebbal,8676.74,Oct-Dec,2028,Hebbal,Moderate
2176,Hebbal,9215.75,Jan-Mar,2029,Hebbal,Moderate
2177,Hebbal,9519.08,Apr-Jun,2029,Hebbal,Moderate
2178,Hebbal,9761.14,Jul-Sep,2029,Hebbal,Moderate
2179,Hebbal,9879.11,Oct-Dec,2029,Hebbal,Moderate
2180,Hebbal,10164.015,Jan-Mar,2030,Hebbal,Moderate
2181,Hebbal,10470.675,Apr-Jun,2030,Hebbal,Moderate
2182,Hebbal,10641.219,Jul-Sep,2030,Hebbal,Moderate
2183,Hebbal,10966.11,Oct-Dec,2030,Hebbal,Moderate
2184,Sampige Road,10820.35,Jan-Mar,2024,Sampige Road,Moderate
2185,Sampige Road,10826.1,Apr-Jun,2024,Sampige Road,Moderate
2186,Sampige Road,10738.59,Jul-Sep,2024,Sampige Road,Moderate
2187,Sampige Road,11667.52,Oct-Dec,2024,Sampige Road,Moderate
2188,Sampige Road,11476.35,Jan-Mar,2025,Sampige Road,Moderate
2189,Sampige Road,11645.09667,Apr-Jun,2025,Sampige Road,Moderate
2190,Sampige Road,11183.63533,Jul-Sep,2025,Sampige Road,Moderate
2191,Sampige Road,8295.58,Oct-Dec,2025,Sampige Road,Moderate
2192,Sampige Road,6763.75,Jan-Mar,2026,Sampige Road,Moderate
2193,Sampige Road,6851.18,Apr-Jun,2026,Sampige Road,Moderate
2194,Sampige Road,6909.43,Jul-Sep,2026,Sampige Road,Moderate
2195,Sampige Road,6810.93,Oct-Dec,2026,Sampige Road,Moderate
2196,Sampige Road,6186.29,Jan-Mar,2027,Sampige Road,Moderate
2197,Sampige Road,6149.67,Apr-Jun,2027,Sampige Road,Moderate
2198,Sampige Road,6093.03,Jul-Sep,2027,Sampige Road,Moderate
2199,Sampige Road,6094.55,Oct-Dec,2027,Sampige Road,Moderate
2200,Sampige Road,6525.06,Jan-Mar,2028,Sampige Road,Moderate
2201,Sampige Road,6659.01,Apr-Jun,2028,Sampige Road,Moderate
2202,Sampige Road,6816.84,Jul-Sep,2028,Sampige Road,Moderate
2203,Sampige Road,6990.96,Oct-Dec,2028,Sampige Road,Moderate
2204,Sampige Road,7082.38,Jan-Mar,2029,Sampige Road,Moderate
2205,Sampige Road,7174.86,Apr-Jun,2029,Sampige Road,Moderate
2206,Sampige Road,7160.79,Jul-Sep,2029,Sampige Road,Moderate
2207,Sampige Road,7327.44,Oct-Dec,2029,Sampige Road,Moderate
2208,Sampige Road,10820.35,Jan-Mar,2030,Sampige Road,Moderate
2209,Sampige Road,10826.1,Apr-Jun,2030,Sampige Road,Moderate
2210,Sampige Road,10738.59,Jul-Sep,2030,Sampige Road,Moderate
2211,Sampige Road,11667.52,Oct-Dec,2030,Sampige Road,Moderate
2212,Hebbal Kempapura,9133.63,Jan-Mar,2024,Hebbal Kempapura,High
2213,Hebbal Kempapura,9408.47,Apr-Jun,2024,Hebbal Kempapura,High
2214,Hebbal Kempapura,9444.148,Jul-Sep,2024,Hebbal Kempapura,High
2215,Hebbal Kempapura,10134.59,Oct-Dec,2024,Hebbal Kempapura,High
2216,Hebbal Kempapura,8519.28,Jan-Mar,2025,Hebbal Kempapura,High
2217,Hebbal Kempapura,9160.99,Apr-Jun,2025,Hebbal Kempapura,High
2218,Hebbal Kempapura,8402.914,Jul-Sep,2025,Hebbal Kempapura,High
2219,Hebbal Kempapura,7633.488,Oct-Dec,2025,Hebbal Kempapura,High
2220,Hebbal Kempapura,7908.24,Jan-Mar,2026,Hebbal Kempapura,High
2221,Hebbal Kempapura,7884.82,Apr-Jun,2026,Hebbal Kempapura,High
2222,Hebbal Kempapura,7683.99,Jul-Sep,2026,Hebbal Kempapura,High
2223,Hebbal Kempapura,7831.1,Oct-Dec,2026,Hebbal Kempapura,High
2224,Hebbal Kempapura,8070.2,Jan-Mar,2027,Hebbal Kempapura,High
2225,Hebbal Kempapura,8174.63,Apr-Jun,2027,Hebbal Kempapura,High
2226,Hebbal Kempapura,8176.66,Jul-Sep,2027,Hebbal Kempapura,High
2227,Hebbal Kempapura,8219.3,Oct-Dec,2027,Hebbal Kempapura,High
2228,Hebbal Kempapura,8123.75,Jan-Mar,2028,Hebbal Kempapura,High
2229,Hebbal Kempapura,8232.11,Apr-Jun,2028,Hebbal Kempapura,High
2230,Hebbal Kempapura,8377.96,Jul-Sep,2028,Hebbal Kempapura,High
2231,Hebbal Kempapura,8696.21,Oct-Dec,2028,Hebbal Kempapura,High
2232,Hebbal Kempapura,8910.51,Jan-Mar,2029,Hebbal Kempapura,High
2233,Hebbal Kempapura,9316.51,Apr-Jun,2029,Hebbal Kempapura,High
2234,Hebbal Kempapura,9509.8,Jul-Sep,2029,Hebbal Kempapura,High
2235,Hebbal Kempapura,9560.73,Oct-Dec,2029,Hebbal Kempapura,High
2236,Hebbal Kempapura,9133.63,Jan-Mar,2030,Hebbal Kempapura,High
2237,Hebbal Kempapura,9408.47,Apr-Jun,2030,Hebbal Kempapura,High
2238,Hebbal Kempapura,9444.148,Jul-Sep,2030,Hebbal Kempapura,High
2239,Hebbal Kempapura,10134.59,Oct-Dec,2030,Hebbal Kempapura,High
2240,Saint Johns Road,15679.11,Jan-Mar,2024,Saint Johns Road,Moderate
2241,Saint Johns Road,15710.85,Apr-Jun,2024,Saint Johns Road,Moderate
2242,Saint Johns Road,14790.46,Jul-Sep,2024,Saint Johns Road,Moderate
2243,Saint Johns Road,15628.4,Oct-Dec,2024,Saint Johns Road,Moderate
2244,Saint Johns Road,17255.27,Jan-Mar,2025,Saint Johns Road,Moderate
2245,Saint Johns Road,17750.03,Apr-Jun,2025,Saint Johns Road,Moderate
2246,Saint Johns Road,16845.83083,Jul-Sep,2025,Saint Johns Road,Moderate
2247,Saint Johns Road,11048.1375,Oct-Dec,2025,Saint Johns Road,Moderate
2248,Saint Johns Road,6170.61,Jan-Mar,2026,Saint Johns Road,Moderate
2249,Saint Johns Road,6130.76,Apr-Jun,2026,Saint Johns Road,Moderate
2250,Saint Johns Road,6125.94,Jul-Sep,2026,Saint Johns Road,Moderate
2251,Saint Johns Road,5960.37,Oct-Dec,2026,Saint Johns Road,Moderate
2252,Saint Johns Road,6098.24,Jan-Mar,2027,Saint Johns Road,Moderate
2253,Saint Johns Road,5987.52,Apr-Jun,2027,Saint Johns Road,Moderate
2254,Saint Johns Road,6032.48,Jul-Sep,2027,Saint Johns Road,Moderate
2255,Saint Johns Road,5954.93,Oct-Dec,2027,Saint Johns Road,Moderate
2256,Saint Johns Road,6489.51,Jan-Mar,2028,Saint Johns Road,Moderate
2257,Saint Johns Road,6545.62,Apr-Jun,2028,Saint Johns Road,Moderate
2258,Saint Johns Road,6352.06,Jul-Sep,2028,Saint Johns Road,Moderate
2259,Saint Johns Road,6827.19,Oct-Dec,2028,Saint Johns Road,Moderate
2260,Saint Johns Road,6640.43,Jan-Mar,2029,Saint Johns Road,Moderate
2261,Saint Johns Road,6704.38,Apr-Jun,2029,Saint Johns Road,Moderate
2262,Saint Johns Road,6451.9,Jul-Sep,2029,Saint Johns Road,Moderate
2263,Saint Johns Road,6609.09,Oct-Dec,2029,Saint Johns Road,Moderate
2264,Saint Johns Road,15679.11,Jan-Mar,2030,Saint Johns Road,Moderate
2265,Saint Johns Road,15710.85,Apr-Jun,2030,Saint Johns Road,Moderate
2266,Saint Johns Road,14790.46,Jul-Sep,2030,Saint Johns Road,Moderate
2267,Saint Johns Road,15628.4,Oct-Dec,2030,Saint Johns Road,Moderate
2268,Hennur Bande,7054.31,Jan-Mar,2024,Hennur Bande,Moderate
2269,Hennur Bande,6954.58,Apr-Jun,2024,Hennur Bande,Moderate
2270,Hennur Bande,7492.956667,Jul-Sep,2024,Hennur Bande,Moderate
2271,Hennur Bande,8031.866667,Oct-Dec,2024,Hennur Bande,Moderate
2272,Hennur Bande,7733.417976,Jan-Mar,2025,Hennur Bande,Moderate
2273,Hennur Bande,8201.76131,Apr-Jun,2025,Hennur Bande,Moderate
2274,Hennur Bande,6148.62531,Jul-Sep,2025,Hennur Bande,Moderate
2275,Hennur Bande,5578.242476,Oct-Dec,2025,Hennur Bande,Moderate
2276,Hennur Bande,3285.97,Jan-Mar,2026,Hennur Bande,Moderate
2277,Hennur Bande,3420.71,Apr-Jun,2026,Hennur Bande,Moderate
2278,Hennur Bande,3591.95,Jul-Sep,2026,Hennur Bande,Moderate
2279,Hennur Bande,3864.25,Oct-Dec,2026,Hennur Bande,Moderate
2280,Hennur Bande,3943.84,Jan-Mar,2027,Hennur Bande,Moderate
2281,Hennur Bande,4128.12,Apr-Jun,2027,Hennur Bande,Moderate
2282,Hennur Bande,4223.5,Jul-Sep,2027,Hennur Bande,Moderate
2283,Hennur Bande,4288.28,Oct-Dec,2027,Hennur Bande,Moderate
2284,Hennur Bande,4511.36,Jan-Mar,2028,Hennur Bande,Moderate
2285,Hennur Bande,4642.48,Apr-Jun,2028,Hennur Bande,Moderate
2286,Hennur Bande,4928.76,Jul-Sep,2028,Hennur Bande,Moderate
2287,Hennur Bande,5135.55,Oct-Dec,2028,Hennur Bande,Moderate
2288,Hennur Bande,5262.86,Jan-Mar,2029,Hennur Bande,Moderate
2289,Hennur Bande,5289.85,Apr-Jun,2029,Hennur Bande,Moderate
2290,Hennur Bande,5700.43,Jul-Sep,2029,Hennur Bande,Moderate
2291,Hennur Bande,6015.32,Oct-Dec,2029,Hennur Bande,Moderate
2292,Hennur Bande,7054.31,Jan-Mar,2030,Hennur Bande,Moderate
2293,Hennur Bande,6954.58,Apr-Jun,2030,Hennur Bande,Moderate
2294,Hennur Bande,7492.956667,Jul-Sep,2030,Hennur Bande,Moderate
2295,Hennur Bande,8031.866667,Oct-Dec,2030,Hennur Bande,Moderate
2296,Hennur Gardens,7253.46,Jan-Mar,2024,Hennur Gardens,Moderate
2297,Hennur Gardens,7181.55,Apr-Jun,2024,Hennur Gardens,Moderate
2298,Hennur Gardens,7660.21,Jul-Sep,2024,Hennur Gardens,Moderate
2299,Hennur Gardens,8001.06,Oct-Dec,2024,Hennur Gardens,Moderate
2300,Hennur Gardens,8127.23,Jan-Mar,2025,Hennur Gardens,Moderate
2301,Hennur Gardens,8400.59,Apr-Jun,2025,Hennur Gardens,Moderate
2302,Hennur Gardens,8145.065,Jul-Sep,2025,Hennur Gardens,Moderate
2303,Hennur Gardens,5872.713333,Oct-Dec,2025,Hennur Gardens,Moderate
2304,Hennur Gardens,5425.11,Jan-Mar,2026,Hennur Gardens,Moderate
2305,Hennur Gardens,5585.41,Apr-Jun,2026,Hennur Gardens,Moderate
2306,Hennur Gardens,5678.81,Jul-Sep,2026,Hennur Gardens,Moderate
2307,Hennur Gardens,5839.43,Oct-Dec,2026,Hennur Gardens,Moderate
2308,Hennur Gardens,5758.88,Jan-Mar,2027,Hennur Gardens,Moderate
2309,Hennur Gardens,5942.55,Apr-Jun,2027,Hennur Gardens,Moderate
2310,Hennur Gardens,5953.43,Jul-Sep,2027,Hennur Gardens,Moderate
2311,Hennur Gardens,6020.28,Oct-Dec,2027,Hennur Gardens,Moderate
2312,Hennur Gardens,6139.12,Jan-Mar,2028,Hennur Gardens,Moderate
2313,Hennur Gardens,6278.69,Apr-Jun,2028,Hennur Gardens,Moderate
2314,Hennur Gardens,6320.79,Jul-Sep,2028,Hennur Gardens,Moderate
2315,Hennur Gardens,6312.54,Oct-Dec,2028,Hennur Gardens,Moderate
2316,Hennur Gardens,6235.96,Jan-Mar,2029,Hennur Gardens,Moderate
2317,Hennur Gardens,6539.61,Apr-Jun,2029,Hennur Gardens,Moderate
2318,Hennur Gardens,7095.84,Jul-Sep,2029,Hennur Gardens,Moderate
2319,Hennur Gardens,7236.19,Oct-Dec,2029,Hennur Gardens,Moderate
2320,Hennur Gardens,7253.46,Jan-Mar,2030,Hennur Gardens,Moderate
2321,Hennur Gardens,7181.55,Apr-Jun,2030,Hennur Gardens,Moderate
2322,Hennur Gardens,7660.21,Jul-Sep,2030,Hennur Gardens,Moderate
2323,Hennur Gardens,8001.06,Oct-Dec,2030,Hennur Gardens,Moderate
2324,Doddakannelli Chikkanayakana Halli Road,8828.13,Jan-Mar,2024,Doddakannelli Chikkanayakana Halli Road,Moderate
2325,Doddakannelli Chikkanayakana Halli Road,9073.32,Apr-Jun,2024,Doddakannelli Chikkanayakana Halli Road,Moderate
2326,Doddakannelli Chikkanayakana Halli Road,9220.95,Jul-Sep,2024,Doddakannelli Chikkanayakana Halli Road,Moderate
2327,Doddakannelli Chikkanayakana Halli Road,8878.54,Oct-Dec,2024,Doddakannelli Chikkanayakana Halli Road,Moderate
2328,Doddakannelli Chikkanayakana Halli Road,10014.4,Jan-Mar,2025,Doddakannelli Chikkanayakana Halli Road,Moderate
2329,Doddakannelli Chikkanayakana Halli Road,10105.21,Apr-Jun,2025,Doddakannelli Chikkanayakana Halli Road,Moderate
2330,Doddakannelli Chikkanayakana Halli Road,10421.92333,Jul-Sep,2025,Doddakannelli Chikkanayakana Halli Road,Moderate
2331,Doddakannelli Chikkanayakana Halli Road,5844.74,Oct-Dec,2025,Doddakannelli Chikkanayakana Halli Road,Moderate
2332,Doddakannelli Chikkanayakana Halli Road,5559.63,Jan-Mar,2026,Doddakannelli Chikkanayakana Halli Road,Moderate
2333,Doddakannelli Chikkanayakana Halli Road,5664.76,Apr-Jun,2026,Doddakannelli Chikkanayakana Halli Road,Moderate
2334,Doddakannelli Chikkanayakana Halli Road,5761.02,Jul-Sep,2026,Doddakannelli Chikkanayakana Halli Road,Moderate
2335,Doddakannelli Chikkanayakana Halli Road,5721.68,Oct-Dec,2026,Doddakannelli Chikkanayakana Halli Road,Moderate
2336,Doddakannelli Chikkanayakana Halli Road,6162.27,Jan-Mar,2027,Doddakannelli Chikkanayakana Halli Road,Moderate
2337,Doddakannelli Chikkanayakana Halli Road,6291.43,Apr-Jun,2027,Doddakannelli Chikkanayakana Halli Road,Moderate
2338,Doddakannelli Chikkanayakana Halli Road,6415.09,Jul-Sep,2027,Doddakannelli Chikkanayakana Halli Road,Moderate
2339,Doddakannelli Chikkanayakana Halli Road,6438.58,Oct-Dec,2027,Doddakannelli Chikkanayakana Halli Road,Moderate
2340,Doddakannelli Chikkanayakana Halli Road,6811.59,Jan-Mar,2028,Doddakannelli Chikkanayakana Halli Road,Moderate
2341,Doddakannelli Chikkanayakana Halli Road,7038.84,Apr-Jun,2028,Doddakannelli Chikkanayakana Halli Road,Moderate
2342,Doddakannelli Chikkanayakana Halli Road,7237.24,Jul-Sep,2028,Doddakannelli Chikkanayakana Halli Road,Moderate
2343,Doddakannelli Chikkanayakana Halli Road,7607.27,Oct-Dec,2028,Doddakannelli Chikkanayakana Halli Road,Moderate
2344,Doddakannelli Chikkanayakana Halli Road,7850.93,Jan-Mar,2029,Doddakannelli Chikkanayakana Halli Road,Moderate
2345,Doddakannelli Chikkanayakana Halli Road,8022.22,Apr-Jun,2029,Doddakannelli Chikkanayakana Halli Road,Moderate
2346,Doddakannelli Chikkanayakana Halli Road,7997.06,Jul-Sep,2029,Doddakannelli Chikkanayakana Halli Road,Moderate
2347,Doddakannelli Chikkanayakana Halli Road,7868.98,Oct-Dec,2029,Doddakannelli Chikkanayakana Halli Road,Moderate
2348,Doddakannelli Chikkanayakana Halli Road,8828.13,Jan-Mar,2030,Doddakannelli Chikkanayakana Halli Road,Moderate
2349,Doddakannelli Chikkanayakana Halli Road,9073.32,Apr-Jun,2030,Doddakannelli Chikkanayakana Halli Road,Moderate
2350,Doddakannelli Chikkanayakana Halli Road,9220.95,Jul-Sep,2030,Doddakannelli Chikkanayakana Halli Road,Moderate
2351,Doddakannelli Chikkanayakana Halli Road,8878.54,Oct-Dec,2030,Doddakannelli Chikkanayakana Halli Road,Moderate
2352,Dr Rajkumar Road,11426.46,Jan-Mar,2024,Dr Rajkumar Road,Moderate
2353,Dr Rajkumar Road,11164.5,Apr-Jun,2024,Dr Rajkumar Road,Moderate
2354,Dr Rajkumar Road,11544.96833,Jul-Sep,2024,Dr Rajkumar Road,Moderate
2355,Dr Rajkumar Road,11031.16,Oct-Dec,2024,Dr Rajkumar Road,Moderate
2356,Dr Rajkumar Road,11616.90167,Jan-Mar,2025,Dr Rajkumar Road,Moderate
2357,Dr Rajkumar Road,11708.20167,Apr-Jun,2025,Dr Rajkumar Road,Moderate
2358,Dr Rajkumar Road,10797.834,Jul-Sep,2025,Dr Rajkumar Road,Moderate
2359,Dr Rajkumar Road,8351.031667,Oct-Dec,2025,Dr Rajkumar Road,Moderate
2360,Dr Rajkumar Road,9336.5,Jan-Mar,2026,Dr Rajkumar Road,Moderate
2361,Dr Rajkumar Road,9401.5,Apr-Jun,2026,Dr Rajkumar Road,Moderate
2362,Dr Rajkumar Road,9584.5,Jul-Sep,2026,Dr Rajkumar Road,Moderate
2363,Dr Rajkumar Road,9638.6,Oct-Dec,2026,Dr Rajkumar Road,Moderate
2364,Dr Rajkumar Road,9762.88,Jan-Mar,2027,Dr Rajkumar Road,Moderate
2365,Dr Rajkumar Road,9831.37,Apr-Jun,2027,Dr Rajkumar Road,Moderate
2366,Dr Rajkumar Road,9870.21,Jul-Sep,2027,Dr Rajkumar Road,Moderate
2367,Dr Rajkumar Road,9839.54,Oct-Dec,2027,Dr Rajkumar Road,Moderate
2368,Dr Rajkumar Road,9770.1,Jan-Mar,2028,Dr Rajkumar Road,Moderate
2369,Dr Rajkumar Road,9681.92,Apr-Jun,2028,Dr Rajkumar Road,Moderate
2370,Dr Rajkumar Road,10123.75,Jul-Sep,2028,Dr Rajkumar Road,Moderate
2371,Dr Rajkumar Road,9823.85,Oct-Dec,2028,Dr Rajkumar Road,Moderate
2372,Dr Rajkumar Road,10491.7,Jan-Mar,2029,Dr Rajkumar Road,Moderate
2373,Dr Rajkumar Road,10661.13,Apr-Jun,2029,Dr Rajkumar Road,Moderate
2374,Dr Rajkumar Road,11014.35,Jul-Sep,2029,Dr Rajkumar Road,Moderate
2375,Dr Rajkumar Road,11123.27,Oct-Dec,2029,Dr Rajkumar Road,Moderate
2376,Dr Rajkumar Road,11426.46,Jan-Mar,2030,Dr Rajkumar Road,Moderate
2377,Dr Rajkumar Road,11164.5,Apr-Jun,2030,Dr Rajkumar Road,Moderate
2378,Dr Rajkumar Road,11544.96833,Jul-Sep,2030,Dr Rajkumar Road,Moderate
2379,Dr Rajkumar Road,11031.16,Oct-Dec,2030,Dr Rajkumar Road,Moderate
2380,HAL Old Airport Road,8275.856667,Jan-Mar,2024,HAL Old Airport Road,Moderate
2381,HAL Old Airport Road,8255.806667,Apr-Jun,2024,HAL Old Airport Road,Moderate
2382,HAL Old Airport Road,8805.948333,Jul-Sep,2024,HAL Old Airport Road,Moderate
2383,HAL Old Airport Road,9449.83,Oct-Dec,2024,HAL Old Airport Road,Moderate
2384,HAL Old Airport Road,10822.09667,Jan-Mar,2025,HAL Old Airport Road,Moderate
2385,HAL Old Airport Road,11257.55667,Apr-Jun,2025,HAL Old Airport Road,Moderate
2386,HAL Old Airport Road,9919.156,Jul-Sep,2025,HAL Old Airport Road,Moderate
2387,HAL Old Airport Road,7184.63,Oct-Dec,2025,HAL Old Airport Road,Moderate
2388,HAL Old Airport Road,7303,Jan-Mar,2026,HAL Old Airport Road,Moderate
2389,HAL Old Airport Road,7392,Apr-Jun,2026,HAL Old Airport Road,Moderate
2390,HAL Old Airport Road,7595.5,Jul-Sep,2026,HAL Old Airport Road,Moderate
2391,HAL Old Airport Road,7807.15,Oct-Dec,2026,HAL Old Airport Road,Moderate
2392,HAL Old Airport Road,8167,Jan-Mar,2027,HAL Old Airport Road,Moderate
2393,HAL Old Airport Road,8273,Apr-Jun,2027,HAL Old Airport Road,Moderate
2394,HAL Old Airport Road,8462,Jul-Sep,2027,HAL Old Airport Road,Moderate
2395,HAL Old Airport Road,8607.5,Oct-Dec,2027,HAL Old Airport Road,Moderate
2396,HAL Old Airport Road,8874.13,Jan-Mar,2028,HAL Old Airport Road,Moderate
2397,HAL Old Airport Road,8926.48,Apr-Jun,2028,HAL Old Airport Road,Moderate
2398,HAL Old Airport Road,9154.19,Jul-Sep,2028,HAL Old Airport Road,Moderate
2399,HAL Old Airport Road,9202.32,Oct-Dec,2028,HAL Old Airport Road,Moderate
2400,HAL Old Airport Road,9377.29,Jan-Mar,2029,HAL Old Airport Road,Moderate
2401,HAL Old Airport Road,9784.68,Apr-Jun,2029,HAL Old Airport Road,Moderate
2402,HAL Old Airport Road,10366.16,Jul-Sep,2029,HAL Old Airport Road,Moderate
2403,HAL Old Airport Road,10798.65,Oct-Dec,2029,HAL Old Airport Road,Moderate
2404,HAL Old Airport Road,8275.856667,Jan-Mar,2030,HAL Old Airport Road,Moderate
2405,HAL Old Airport Road,8255.806667,Apr-Jun,2030,HAL Old Airport Road,Moderate
2406,HAL Old Airport Road,8805.948333,Jul-Sep,2030,HAL Old Airport Road,Moderate
2407,HAL Old Airport Road,9449.83,Oct-Dec,2030,HAL Old Airport Road,Moderate
2408,Gottigere,5577.75,Jan-Mar,2024,Gottigere,Moderate
2409,Gottigere,5725.87,Apr-Jun,2024,Gottigere,Moderate
2410,Gottigere,5590.823333,Jul-Sep,2024,Gottigere,Moderate
2411,Gottigere,5904.3,Oct-Dec,2024,Gottigere,Moderate
2412,Gottigere,6019.555,Jan-Mar,2025,Gottigere,Moderate
2413,Gottigere,6529.225,Apr-Jun,2025,Gottigere,Moderate
2414,Gottigere,5434.004571,Jul-Sep,2025,Gottigere,Moderate
2415,Gottigere,4961.493333,Oct-Dec,2025,Gottigere,Moderate
2416,Gottigere,5064.94,Jan-Mar,2026,Gottigere,Moderate
2417,Gottigere,5010.82,Apr-Jun,2026,Gottigere,Moderate
2418,Gottigere,4859.74,Jul-Sep,2026,Gottigere,Moderate
2419,Gottigere,5157.36,Oct-Dec,2026,Gottigere,Moderate
2420,Gottigere,5319.42,Jan-Mar,2027,Gottigere,Moderate
2421,Gottigere,5107.53,Apr-Jun,2027,Gottigere,Moderate
2422,Gottigere,4896.71,Jul-Sep,2027,Gottigere,Moderate
2423,Gottigere,5063.9,Oct-Dec,2027,Gottigere,Moderate
2424,Gottigere,5208.99,Jan-Mar,2028,Gottigere,Moderate
2425,Gottigere,5303.44,Apr-Jun,2028,Gottigere,Moderate
2426,Gottigere,5421.27,Jul-Sep,2028,Gottigere,Moderate
2427,Gottigere,5657.42,Oct-Dec,2028,Gottigere,Moderate
2428,Gottigere,5690.89,Jan-Mar,2029,Gottigere,Moderate
2429,Gottigere,5939.39,Apr-Jun,2029,Gottigere,Moderate
2430,Gottigere,6253.6,Jul-Sep,2029,Gottigere,Moderate
2431,Gottigere,7241.12,Oct-Dec,2029,Gottigere,Moderate
2432,Gottigere,5577.75,Jan-Mar,2030,Gottigere,Moderate
2433,Gottigere,5725.87,Apr-Jun,2030,Gottigere,Moderate
2434,Gottigere,5590.823333,Jul-Sep,2030,Gottigere,Moderate
2435,Gottigere,5904.3,Oct-Dec,2030,Gottigere,Moderate
2436,GKVK Road,5734.69,Jan-Mar,2024,GKVK Road,Moderate
2437,GKVK Road,5961.21,Apr-Jun,2024,GKVK Road,Moderate
2438,GKVK Road,5913.466667,Jul-Sep,2024,GKVK Road,Moderate
2439,GKVK Road,7032.249167,Oct-Dec,2024,GKVK Road,Moderate
2440,GKVK Road,6666.26,Jan-Mar,2025,GKVK Road,Moderate
2441,GKVK Road,7008.99,Apr-Jun,2025,GKVK Road,Moderate
2442,GKVK Road,5439.322095,Jul-Sep,2025,GKVK Road,Moderate
2443,GKVK Road,5287.081833,Oct-Dec,2025,GKVK Road,Moderate
2444,GKVK Road,3691.93,Jan-Mar,2026,GKVK Road,Moderate
2445,GKVK Road,3713.26,Apr-Jun,2026,GKVK Road,Moderate
2446,GKVK Road,3772.24,Jul-Sep,2026,GKVK Road,Moderate
2447,GKVK Road,3942.22,Oct-Dec,2026,GKVK Road,Moderate
2448,GKVK Road,4115.4,Jan-Mar,2027,GKVK Road,Moderate
2449,GKVK Road,4104.77,Apr-Jun,2027,GKVK Road,Moderate
2450,GKVK Road,4186.2,Jul-Sep,2027,GKVK Road,Moderate
2451,GKVK Road,4386.43,Oct-Dec,2027,GKVK Road,Moderate
2452,GKVK Road,4762.06,Jan-Mar,2028,GKVK Road,Moderate
2453,GKVK Road,4775.46,Apr-Jun,2028,GKVK Road,Moderate
2454,GKVK Road,4802.43,Jul-Sep,2028,GKVK Road,Moderate
2455,GKVK Road,5132.51,Oct-Dec,2028,GKVK Road,Moderate
2456,GKVK Road,5142.2,Jan-Mar,2029,GKVK Road,Moderate
2457,GKVK Road,5199.95,Apr-Jun,2029,GKVK Road,Moderate
2458,GKVK Road,5404.78,Jul-Sep,2029,GKVK Road,Moderate
2459,GKVK Road,5590.21,Oct-Dec,2029,GKVK Road,Moderate
2460,GKVK Road,5734.69,Jan-Mar,2030,GKVK Road,Moderate
2461,GKVK Road,5961.21,Apr-Jun,2030,GKVK Road,Moderate
2462,GKVK Road,5913.466667,Jul-Sep,2030,GKVK Road,Moderate
2463,GKVK Road,7032.249167,Oct-Dec,2030,GKVK Road,Moderate
2464,Seegehalli Krishnarajapura,5665.555,Jan-Mar,2024,Seegehalli Krishnarajapura,Moderate
2465,Seegehalli Krishnarajapura,5970.765,Apr-Jun,2024,Seegehalli Krishnarajapura,Moderate
2466,Seegehalli Krishnarajapura,7199.5,Jul-Sep,2024,Seegehalli Krishnarajapura,Moderate
2467,Seegehalli Krishnarajapura,8236.22,Oct-Dec,2024,Seegehalli Krishnarajapura,Moderate
2468,Seegehalli Krishnarajapura,7455.374,Jan-Mar,2025,Seegehalli Krishnarajapura,Moderate
2469,Seegehalli Krishnarajapura,8010.444,Apr-Jun,2025,Seegehalli Krishnarajapura,Moderate
2470,Seegehalli Krishnarajapura,5742.118,Jul-Sep,2025,Seegehalli Krishnarajapura,Moderate
2471,Seegehalli Krishnarajapura,4214.68,Oct-Dec,2025,Seegehalli Krishnarajapura,Moderate
2472,Seegehalli Krishnarajapura,4458.41,Jan-Mar,2026,Seegehalli Krishnarajapura,Moderate
2473,Seegehalli Krishnarajapura,4271.16,Apr-Jun,2026,Seegehalli Krishnarajapura,Moderate
2474,Seegehalli Krishnarajapura,3998.33,Jul-Sep,2026,Seegehalli Krishnarajapura,Moderate
2475,Seegehalli Krishnarajapura,4097.77,Oct-Dec,2026,Seegehalli Krishnarajapura,Moderate
2476,Seegehalli Krishnarajapura,4545.76,Jan-Mar,2027,Seegehalli Krishnarajapura,Moderate
2477,Seegehalli Krishnarajapura,4142,Apr-Jun,2027,Seegehalli Krishnarajapura,Moderate
2478,Seegehalli Krishnarajapura,3766.75,Jul-Sep,2027,Seegehalli Krishnarajapura,Moderate
2479,Seegehalli Krishnarajapura,3939.47,Oct-Dec,2027,Seegehalli Krishnarajapura,Moderate
2480,Seegehalli Krishnarajapura,4451.19,Jan-Mar,2028,Seegehalli Krishnarajapura,Moderate
2481,Seegehalli Krishnarajapura,4506.72,Apr-Jun,2028,Seegehalli Krishnarajapura,Moderate
2482,Seegehalli Krishnarajapura,4343.73,Jul-Sep,2028,Seegehalli Krishnarajapura,Moderate
2483,Seegehalli Krishnarajapura,4793.48,Oct-Dec,2028,Seegehalli Krishnarajapura,Moderate
2484,Seegehalli Krishnarajapura,4828.46,Jan-Mar,2029,Seegehalli Krishnarajapura,Moderate
2485,Seegehalli Krishnarajapura,4724.48,Apr-Jun,2029,Seegehalli Krishnarajapura,Moderate
2486,Seegehalli Krishnarajapura,4894.8,Jul-Sep,2029,Seegehalli Krishnarajapura,Moderate
2487,Seegehalli Krishnarajapura,4601.81,Oct-Dec,2029,Seegehalli Krishnarajapura,Moderate
2488,Seegehalli Krishnarajapura,5665.555,Jan-Mar,2030,Seegehalli Krishnarajapura,Moderate
2489,Seegehalli Krishnarajapura,5970.765,Apr-Jun,2030,Seegehalli Krishnarajapura,Moderate
2490,Seegehalli Krishnarajapura,7199.5,Jul-Sep,2030,Seegehalli Krishnarajapura,Moderate
2491,Seegehalli Krishnarajapura,8236.22,Oct-Dec,2030,Seegehalli Krishnarajapura,Moderate
2492,Sarjapura Attibele Road,5836.17,Jan-Mar,2024,Sarjapura Attibele Road,High
2493,Sarjapura Attibele Road,6005.29,Apr-Jun,2024,Sarjapura Attibele Road,High
2494,Sarjapura Attibele Road,6196.243333,Jul-Sep,2024,Sarjapura Attibele Road,High
2495,Sarjapura Attibele Road,8360.98,Oct-Dec,2024,Sarjapura Attibele Road,High
2496,Sarjapura Attibele Road,7165.715,Jan-Mar,2025,Sarjapura Attibele Road,High
2497,Sarjapura Attibele Road,7591.705,Apr-Jun,2025,Sarjapura Attibele Road,High
2498,Sarjapura Attibele Road,5992.249833,Jul-Sep,2025,Sarjapura Attibele Road,High
2499,Sarjapura Attibele Road,4314.99,Oct-Dec,2025,Sarjapura Attibele Road,High
2500,Sarjapura Attibele Road,4718.76,Jan-Mar,2026,Sarjapura Attibele Road,High
2501,Sarjapura Attibele Road,4595.63,Apr-Jun,2026,Sarjapura Attibele Road,High
2502,Sarjapura Attibele Road,4454.49,Jul-Sep,2026,Sarjapura Attibele Road,High
2503,Sarjapura Attibele Road,4538.14,Oct-Dec,2026,Sarjapura Attibele Road,High
2504,Sarjapura Attibele Road,4665.33,Jan-Mar,2027,Sarjapura Attibele Road,High
2505,Sarjapura Attibele Road,4305.23,Apr-Jun,2027,Sarjapura Attibele Road,High
2506,Sarjapura Attibele Road,4055.48,Jul-Sep,2027,Sarjapura Attibele Road,High
2507,Sarjapura Attibele Road,4118.12,Oct-Dec,2027,Sarjapura Attibele Road,High
2508,Sarjapura Attibele Road,4201.87,Jan-Mar,2028,Sarjapura Attibele Road,High
2509,Sarjapura Attibele Road,4364.7,Apr-Jun,2028,Sarjapura Attibele Road,High
2510,Sarjapura Attibele Road,4281.49,Jul-Sep,2028,Sarjapura Attibele Road,High
2511,Sarjapura Attibele Road,4972.99,Oct-Dec,2028,Sarjapura Attibele Road,High
2512,Sarjapura Attibele Road,5322.71,Jan-Mar,2029,Sarjapura Attibele Road,High
2513,Sarjapura Attibele Road,5193.28,Apr-Jun,2029,Sarjapura Attibele Road,High
2514,Sarjapura Attibele Road,5267.89,Jul-Sep,2029,Sarjapura Attibele Road,High
2515,Sarjapura Attibele Road,4620.76,Oct-Dec,2029,Sarjapura Attibele Road,High
2516,Sarjapura Attibele Road,5836.17,Jan-Mar,2030,Sarjapura Attibele Road,High
2517,Sarjapura Attibele Road,6005.29,Apr-Jun,2030,Sarjapura Attibele Road,High
2518,Sarjapura Attibele Road,6196.243333,Jul-Sep,2030,Sarjapura Attibele Road,High
2519,Sarjapura Attibele Road,8360.98,Oct-Dec,2030,Sarjapura Attibele Road,High
2520,Gear School Road,7160.85,Jan-Mar,2024,Gear School Road,Low
2521,Gear School Road,7376.95,Apr-Jun,2024,Gear School Road,Low
2522,Gear School Road,7651.585833,Jul-Sep,2024,Gear School Road,Low
2523,Gear School Road,7410.5,Oct-Dec,2024,Gear School Road,Low
2524,Gear School Road,8361.44,Jan-Mar,2025,Gear School Road,Low
2525,Gear School Road,9074.31,Apr-Jun,2025,Gear School Road,Low
2526,Gear School Road,9043.415833,Jul-Sep,2025,Gear School Road,Low
2527,Gear School Road,6041.52,Oct-Dec,2025,Gear School Road,Low
2528,Gear School Road,5044.44,Jan-Mar,2026,Gear School Road,Low
2529,Gear School Road,4995.82,Apr-Jun,2026,Gear School Road,Low
2530,Gear School Road,4836.24,Jul-Sep,2026,Gear School Road,Low
2531,Gear School Road,5140.69,Oct-Dec,2026,Gear School Road,Low
2532,Gear School Road,5312.86,Jan-Mar,2027,Gear School Road,Low
2533,Gear School Road,5107.53,Apr-Jun,2027,Gear School Road,Low
2534,Gear School Road,4896.71,Jul-Sep,2027,Gear School Road,Low
2535,Gear School Road,5059.12,Oct-Dec,2027,Gear School Road,Low
2536,Gear School Road,5216.99,Jan-Mar,2028,Gear School Road,Low
2537,Gear School Road,5310.62,Apr-Jun,2028,Gear School Road,Low
2538,Gear School Road,5422.78,Jul-Sep,2028,Gear School Road,Low
2539,Gear School Road,5689.81,Oct-Dec,2028,Gear School Road,Low
2540,Gear School Road,5699.33,Jan-Mar,2029,Gear School Road,Low
2541,Gear School Road,5961.61,Apr-Jun,2029,Gear School Road,Low
2542,Gear School Road,6262.99,Jul-Sep,2029,Gear School Road,Low
2543,Gear School Road,7256.51,Oct-Dec,2029,Gear School Road,Low
2544,Gear School Road,7160.85,Jan-Mar,2030,Gear School Road,Low
2545,Gear School Road,7376.95,Apr-Jun,2030,Gear School Road,Low
2546,Gear School Road,7651.585833,Jul-Sep,2030,Gear School Road,Low
2547,Gear School Road,7410.5,Oct-Dec,2030,Gear School Road,Low
2548,Gubbalala,5356.02,Jan-Mar,2024,Gubbalala,Moderate
2549,Gubbalala,5681.32,Apr-Jun,2024,Gubbalala,Moderate
2550,Gubbalala,5833.73,Jul-Sep,2024,Gubbalala,Moderate
2551,Gubbalala,6041.35,Oct-Dec,2024,Gubbalala,Moderate
2552,Gubbalala,5996.180476,Jan-Mar,2025,Gubbalala,Moderate
2553,Gubbalala,6452.58131,Apr-Jun,2025,Gubbalala,Moderate
2554,Gubbalala,5816.694167,Jul-Sep,2025,Gubbalala,Moderate
2555,Gubbalala,5242.44,Oct-Dec,2025,Gubbalala,Moderate
2556,Gubbalala,4976.96,Jan-Mar,2026,Gubbalala,Moderate
2557,Gubbalala,4994.83,Apr-Jun,2026,Gubbalala,Moderate
2558,Gubbalala,4983.41,Jul-Sep,2026,Gubbalala,Moderate
2559,Gubbalala,5202.8,Oct-Dec,2026,Gubbalala,Moderate
2560,Gubbalala,5132.7,Jan-Mar,2027,Gubbalala,Moderate
2561,Gubbalala,5005.7,Apr-Jun,2027,Gubbalala,Moderate
2562,Gubbalala,4943.8,Jul-Sep,2027,Gubbalala,Moderate
2563,Gubbalala,5082.44,Oct-Dec,2027,Gubbalala,Moderate
2564,Gubbalala,4906.79,Jan-Mar,2028,Gubbalala,Moderate
2565,Gubbalala,4949.77,Apr-Jun,2028,Gubbalala,Moderate
2566,Gubbalala,5041.04,Jul-Sep,2028,Gubbalala,Moderate
2567,Gubbalala,5059.59,Oct-Dec,2028,Gubbalala,Moderate
2568,Gubbalala,5111.23,Jan-Mar,2029,Gubbalala,Moderate
2569,Gubbalala,5130.61,Apr-Jun,2029,Gubbalala,Moderate
2570,Gubbalala,5239.26,Jul-Sep,2029,Gubbalala,Moderate
2571,Gubbalala,5811.53,Oct-Dec,2029,Gubbalala,Moderate
2572,Gubbalala,5356.02,Jan-Mar,2030,Gubbalala,Moderate
2573,Gubbalala,5681.32,Apr-Jun,2030,Gubbalala,Moderate
2574,Gubbalala,5833.73,Jul-Sep,2030,Gubbalala,Moderate
2575,Gubbalala,6041.35,Oct-Dec,2030,Gubbalala,Moderate
2576,Gubbalala Main Road,5569.19,Jan-Mar,2024,Gubbalala Main Road,High
2577,Gubbalala Main Road,5876.33,Apr-Jun,2024,Gubbalala Main Road,High
2578,Gubbalala Main Road,6144.056667,Jul-Sep,2024,Gubbalala Main Road,High
2579,Gubbalala Main Road,6137.48,Oct-Dec,2024,Gubbalala Main Road,High
2580,Gubbalala Main Road,6119.91,Jan-Mar,2025,Gubbalala Main Road,High
2581,Gubbalala Main Road,6577.46,Apr-Jun,2025,Gubbalala Main Road,High
2582,Gubbalala Main Road,6350.405357,Jul-Sep,2025,Gubbalala Main Road,High
2583,Gubbalala Main Road,5477.07,Oct-Dec,2025,Gubbalala Main Road,High
2584,Gubbalala Main Road,4976.96,Jan-Mar,2026,Gubbalala Main Road,High
2585,Gubbalala Main Road,5000.97,Apr-Jun,2026,Gubbalala Main Road,High
2586,Gubbalala Main Road,5002.03,Jul-Sep,2026,Gubbalala Main Road,High
2587,Gubbalala Main Road,5216.88,Oct-Dec,2026,Gubbalala Main Road,High
2588,Gubbalala Main Road,5123.19,Jan-Mar,2027,Gubbalala Main Road,High
2589,Gubbalala Main Road,5004.66,Apr-Jun,2027,Gubbalala Main Road,High
2590,Gubbalala Main Road,4966.84,Jul-Sep,2027,Gubbalala Main Road,High
2591,Gubbalala Main Road,5099.5,Oct-Dec,2027,Gubbalala Main Road,High
2592,Gubbalala Main Road,4913.34,Jan-Mar,2028,Gubbalala Main Road,High
2593,Gubbalala Main Road,4944.7,Apr-Jun,2028,Gubbalala Main Road,High
2594,Gubbalala Main Road,5002.15,Jul-Sep,2028,Gubbalala Main Road,High
2595,Gubbalala Main Road,5046.83,Oct-Dec,2028,Gubbalala Main Road,High
2596,Gubbalala Main Road,5126.24,Jan-Mar,2029,Gubbalala Main Road,High
2597,Gubbalala Main Road,5149,Apr-Jun,2029,Gubbalala Main Road,High
2598,Gubbalala Main Road,5303.08,Jul-Sep,2029,Gubbalala Main Road,High
2599,Gubbalala Main Road,5762.43,Oct-Dec,2029,Gubbalala Main Road,High
2600,Gubbalala Main Road,5569.19,Jan-Mar,2030,Gubbalala Main Road,High
2601,Gubbalala Main Road,5876.33,Apr-Jun,2030,Gubbalala Main Road,High
2602,Gubbalala Main Road,6144.056667,Jul-Sep,2030,Gubbalala Main Road,High
2603,Gubbalala Main Road,6137.48,Oct-Dec,2030,Gubbalala Main Road,High
2604,Gatthalli Road,7079.75,Jan-Mar,2024,Gatthalli Road,Moderate
2605,Gatthalli Road,7395.69,Apr-Jun,2024,Gatthalli Road,Moderate
2606,Gatthalli Road,7687.0175,Jul-Sep,2024,Gatthalli Road,Moderate
2607,Gatthalli Road,7771.23,Oct-Dec,2024,Gatthalli Road,Moderate
2608,Gatthalli Road,8497.45,Jan-Mar,2025,Gatthalli Road,Moderate
2609,Gatthalli Road,9179.41,Apr-Jun,2025,Gatthalli Road,Moderate
2610,Gatthalli Road,8845.061667,Jul-Sep,2025,Gatthalli Road,Moderate
2611,Gatthalli Road,6006.13,Oct-Dec,2025,Gatthalli Road,Moderate
2612,Gatthalli Road,3691.93,Jan-Mar,2026,Gatthalli Road,Moderate
2613,Gatthalli Road,3713.26,Apr-Jun,2026,Gatthalli Road,Moderate
2614,Gatthalli Road,3772.24,Jul-Sep,2026,Gatthalli Road,Moderate
2615,Gatthalli Road,3942.22,Oct-Dec,2026,Gatthalli Road,Moderate
2616,Gatthalli Road,4115.4,Jan-Mar,2027,Gatthalli Road,Moderate
2617,Gatthalli Road,4104.77,Apr-Jun,2027,Gatthalli Road,Moderate
2618,Gatthalli Road,4186.2,Jul-Sep,2027,Gatthalli Road,Moderate
2619,Gatthalli Road,4386.43,Oct-Dec,2027,Gatthalli Road,Moderate
2620,Gatthalli Road,4737.74,Jan-Mar,2028,Gatthalli Road,Moderate
2621,Gatthalli Road,4751.14,Apr-Jun,2028,Gatthalli Road,Moderate
2622,Gatthalli Road,4777.42,Jul-Sep,2028,Gatthalli Road,Moderate
2623,Gatthalli Road,4957.56,Oct-Dec,2028,Gatthalli Road,Moderate
2624,Gatthalli Road,5142.2,Jan-Mar,2029,Gatthalli Road,Moderate
2625,Gatthalli Road,5199.95,Apr-Jun,2029,Gatthalli Road,Moderate
2626,Gatthalli Road,5363.55,Jul-Sep,2029,Gatthalli Road,Moderate
2627,Gatthalli Road,5561.79,Oct-Dec,2029,Gatthalli Road,Moderate
2628,Gatthalli Road,7079.75,Jan-Mar,2030,Gatthalli Road,Moderate
2629,Gatthalli Road,7395.69,Apr-Jun,2030,Gatthalli Road,Moderate
2630,Gatthalli Road,7687.0175,Jul-Sep,2030,Gatthalli Road,Moderate
2631,Gatthalli Road,7771.23,Oct-Dec,2030,Gatthalli Road,Moderate
2632,Seegehalli Road,6110.52,Jan-Mar,2024,Seegehalli Road,Moderate
2633,Seegehalli Road,6339.79,Apr-Jun,2024,Seegehalli Road,Moderate
2634,Seegehalli Road,6549.72,Jul-Sep,2024,Seegehalli Road,Moderate
2635,Seegehalli Road,6880.95,Oct-Dec,2024,Seegehalli Road,Moderate
2636,Seegehalli Road,7768.73,Jan-Mar,2025,Seegehalli Road,Moderate
2637,Seegehalli Road,8441.74,Apr-Jun,2025,Seegehalli Road,Moderate
2638,Seegehalli Road,7988.6175,Jul-Sep,2025,Seegehalli Road,Moderate
2639,Seegehalli Road,5033.12,Oct-Dec,2025,Seegehalli Road,Moderate
2640,Seegehalli Road,4394.22,Jan-Mar,2026,Seegehalli Road,Moderate
2641,Seegehalli Road,4192.67,Apr-Jun,2026,Seegehalli Road,Moderate
2642,Seegehalli Road,3997.53,Jul-Sep,2026,Seegehalli Road,Moderate
2643,Seegehalli Road,4115.29,Oct-Dec,2026,Seegehalli Road,Moderate
2644,Seegehalli Road,4509.76,Jan-Mar,2027,Seegehalli Road,Moderate
2645,Seegehalli Road,4282.15,Apr-Jun,2027,Seegehalli Road,Moderate
2646,Seegehalli Road,4031.75,Jul-Sep,2027,Seegehalli Road,Moderate
2647,Seegehalli Road,4180.2,Oct-Dec,2027,Seegehalli Road,Moderate
2648,Seegehalli Road,4603.71,Jan-Mar,2028,Seegehalli Road,Moderate
2649,Seegehalli Road,4586.5,Apr-Jun,2028,Seegehalli Road,Moderate
2650,Seegehalli Road,4427.52,Jul-Sep,2028,Seegehalli Road,Moderate
2651,Seegehalli Road,4841.24,Oct-Dec,2028,Seegehalli Road,Moderate
2652,Seegehalli Road,4750.06,Jan-Mar,2029,Seegehalli Road,Moderate
2653,Seegehalli Road,4763.05,Apr-Jun,2029,Seegehalli Road,Moderate
2654,Seegehalli Road,4957.68,Jul-Sep,2029,Seegehalli Road,Moderate
2655,Seegehalli Road,4910.28,Oct-Dec,2029,Seegehalli Road,Moderate
2656,Seegehalli Road,6110.52,Jan-Mar,2030,Seegehalli Road,Moderate
2657,Seegehalli Road,6339.79,Apr-Jun,2030,Seegehalli Road,Moderate
2658,Seegehalli Road,6549.72,Jul-Sep,2030,Seegehalli Road,Moderate
2659,Seegehalli Road,6880.95,Oct-Dec,2030,Seegehalli Road,Moderate
2660,Sarjapura,6805.54,Jan-Mar,2024,Sarjapura,High
2661,Sarjapura,7093.76,Apr-Jun,2024,Sarjapura,High
2662,Sarjapura,7795.01,Jul-Sep,2024,Sarjapura,High
2663,Sarjapura,9499.73,Oct-Dec,2024,Sarjapura,High
2664,Sarjapura,10080.39,Jan-Mar,2025,Sarjapura,High
2665,Sarjapura,10412.95,Apr-Jun,2025,Sarjapura,High
2666,Sarjapura,10008.71467,Jul-Sep,2025,Sarjapura,High
2667,Sarjapura,6082.28,Oct-Dec,2025,Sarjapura,High
2668,Sarjapura,5714.71,Jan-Mar,2026,Sarjapura,High
2669,Sarjapura,5742.46,Apr-Jun,2026,Sarjapura,High
2670,Sarjapura,5559.68,Jul-Sep,2026,Sarjapura,High
2671,Sarjapura,5529.99,Oct-Dec,2026,Sarjapura,High
2672,Sarjapura,5821.09,Jan-Mar,2027,Sarjapura,High
2673,Sarjapura,5848.78,Apr-Jun,2027,Sarjapura,High
2674,Sarjapura,5492.7,Jul-Sep,2027,Sarjapura,High
2675,Sarjapura,5497.61,Oct-Dec,2027,Sarjapura,High
2676,Sarjapura,5838.85,Jan-Mar,2028,Sarjapura,High
2677,Sarjapura,5891.06,Apr-Jun,2028,Sarjapura,High
2678,Sarjapura,5949.64,Jul-Sep,2028,Sarjapura,High
2679,Sarjapura,6067.4,Oct-Dec,2028,Sarjapura,High
2680,Sarjapura,6083.01,Jan-Mar,2029,Sarjapura,High
2681,Sarjapura,6152.94,Apr-Jun,2029,Sarjapura,High
2682,Sarjapura,6181.21,Jul-Sep,2029,Sarjapura,High
2683,Sarjapura,6238.4,Oct-Dec,2029,Sarjapura,High
2684,Sarjapura,6805.54,Jan-Mar,2030,Sarjapura,High
2685,Sarjapura,7093.76,Apr-Jun,2030,Sarjapura,High
2686,Sarjapura,7795.01,Jul-Sep,2030,Sarjapura,High
2687,Sarjapura,9499.73,Oct-Dec,2030,Sarjapura,High
2688,Gunjur,7057.43,Jan-Mar,2024,Gunjur,Moderate
2689,Gunjur,7400.18,Apr-Jun,2024,Gunjur,Moderate
2690,Gunjur,6799.44,Jul-Sep,2024,Gunjur,Moderate
2691,Gunjur,6756.72,Oct-Dec,2024,Gunjur,Moderate
2692,Gunjur,8740.52,Jan-Mar,2025,Gunjur,Moderate
2693,Gunjur,9204.14,Apr-Jun,2025,Gunjur,Moderate
2694,Gunjur,5841.341667,Jul-Sep,2025,Gunjur,Moderate
2695,Gunjur,6144.35,Oct-Dec,2025,Gunjur,Moderate
2696,Gunjur,4378.42,Jan-Mar,2026,Gunjur,Moderate
2697,Gunjur,4619.43,Apr-Jun,2026,Gunjur,Moderate
2698,Gunjur,4600.12,Jul-Sep,2026,Gunjur,Moderate
2699,Gunjur,4871.45,Oct-Dec,2026,Gunjur,Moderate
2700,Gunjur,4531,Jan-Mar,2027,Gunjur,Moderate
2701,Gunjur,4575.08,Apr-Jun,2027,Gunjur,Moderate
2702,Gunjur,4565.33,Jul-Sep,2027,Gunjur,Moderate
2703,Gunjur,4895.6,Oct-Dec,2027,Gunjur,Moderate
2704,Gunjur,4711.22,Jan-Mar,2028,Gunjur,Moderate
2705,Gunjur,4767.06,Apr-Jun,2028,Gunjur,Moderate
2706,Gunjur,4833.36,Jul-Sep,2028,Gunjur,Moderate
2707,Gunjur,4859.2,Oct-Dec,2028,Gunjur,Moderate
2708,Gunjur,5706.78,Jan-Mar,2029,Gunjur,Moderate
2709,Gunjur,6103.95,Apr-Jun,2029,Gunjur,Moderate
2710,Gunjur,6887.4,Jul-Sep,2029,Gunjur,Moderate
2711,Gunjur,7070.79,Oct-Dec,2029,Gunjur,Moderate
2712,Gunjur,7057.43,Jan-Mar,2030,Gunjur,Moderate
2713,Gunjur,7400.18,Apr-Jun,2030,Gunjur,Moderate
2714,Gunjur,6799.44,Jul-Sep,2030,Gunjur,Moderate
2715,Gunjur,6756.72,Oct-Dec,2030,Gunjur,Moderate
2716,Electronic City,5345.72,Jan-Mar,2024,Electronic City,High
2717,Electronic City,5442.43,Apr-Jun,2024,Electronic City,High
2718,Electronic City,5714.824,Jul-Sep,2024,Electronic City,High
2719,Electronic City,6814.57,Oct-Dec,2024,Electronic City,High
2720,Electronic City,6450.06,Jan-Mar,2025,Electronic City,High
2721,Electronic City,6749.79,Apr-Jun,2025,Electronic City,High
2722,Electronic City,5675.979143,Jul-Sep,2025,Electronic City,High
2723,Electronic City,5205.78,Oct-Dec,2025,Electronic City,High
2724,Electronic City,4767.7,Jan-Mar,2026,Electronic City,High
2725,Electronic City,4760.49,Apr-Jun,2026,Electronic City,High
2726,Electronic City,4742.7,Jul-Sep,2026,Electronic City,High
2727,Electronic City,4923.99,Oct-Dec,2026,Electronic City,High
2728,Electronic City,4952.41,Jan-Mar,2027,Electronic City,High
2729,Electronic City,4896.01,Apr-Jun,2027,Electronic City,High
2730,Electronic City,4823.81,Jul-Sep,2027,Electronic City,High
2731,Electronic City,4980.83,Oct-Dec,2027,Electronic City,High
2732,Electronic City,5008.33,Jan-Mar,2028,Electronic City,High
2733,Electronic City,5045.43,Apr-Jun,2028,Electronic City,High
2734,Electronic City,5082.18,Jul-Sep,2028,Electronic City,High
2735,Electronic City,5595.62,Oct-Dec,2028,Electronic City,High
2736,Electronic City,5712.76,Jan-Mar,2029,Electronic City,High
2737,Electronic City,5648.23,Apr-Jun,2029,Electronic City,High
2738,Electronic City,5430.51,Jul-Sep,2029,Electronic City,High
2739,Electronic City,5681.1,Oct-Dec,2029,Electronic City,High
2740,Electronic City,5345.72,Jan-Mar,2030,Electronic City,High
2741,Electronic City,5442.43,Apr-Jun,2030,Electronic City,High
2742,Electronic City,5714.824,Jul-Sep,2030,Electronic City,High
2743,Electronic City,6814.57,Oct-Dec,2030,Electronic City,High
2744,Sarjapur Road,7122.74,Jan-Mar,2024,Sarjapur Road,Moderate
2745,Sarjapur Road,7306.14,Apr-Jun,2024,Sarjapur Road,Moderate
2746,Sarjapur Road,8043.04,Jul-Sep,2024,Sarjapur Road,Moderate
2747,Sarjapur Road,10508.09,Oct-Dec,2024,Sarjapur Road,Moderate
2748,Sarjapur Road,9807.006167,Jan-Mar,2025,Sarjapur Road,Moderate
2749,Sarjapur Road,10181.24617,Apr-Jun,2025,Sarjapur Road,Moderate
2750,Sarjapur Road,8486.3435,Jul-Sep,2025,Sarjapur Road,Moderate
2751,Sarjapur Road,6042.665,Oct-Dec,2025,Sarjapur Road,Moderate
2752,Sarjapur Road,5914.82,Jan-Mar,2026,Sarjapur Road,Moderate
2753,Sarjapur Road,5935.18,Apr-Jun,2026,Sarjapur Road,Moderate
2754,Sarjapur Road,5980.64,Jul-Sep,2026,Sarjapur Road,Moderate
2755,Sarjapur Road,5959.22,Oct-Dec,2026,Sarjapur Road,Moderate
2756,Sarjapur Road,5976.52,Jan-Mar,2027,Sarjapur Road,Moderate
2757,Sarjapur Road,5966.77,Apr-Jun,2027,Sarjapur Road,Moderate
2758,Sarjapur Road,5909.85,Jul-Sep,2027,Sarjapur Road,Moderate
2759,Sarjapur Road,5941.37,Oct-Dec,2027,Sarjapur Road,Moderate
2760,Sarjapur Road,6125.44,Jan-Mar,2028,Sarjapur Road,Moderate
2761,Sarjapur Road,6145.62,Apr-Jun,2028,Sarjapur Road,Moderate
2762,Sarjapur Road,6207.26,Jul-Sep,2028,Sarjapur Road,Moderate
2763,Sarjapur Road,6325.41,Oct-Dec,2028,Sarjapur Road,Moderate
2764,Sarjapur Road,6422.82,Jan-Mar,2029,Sarjapur Road,Moderate
2765,Sarjapur Road,6505.87,Apr-Jun,2029,Sarjapur Road,Moderate
2766,Sarjapur Road,6623.58,Jul-Sep,2029,Sarjapur Road,Moderate
2767,Sarjapur Road,6785.77,Oct-Dec,2029,Sarjapur Road,Moderate
2768,Sarjapur Road,7122.74,Jan-Mar,2030,Sarjapur Road,Moderate
2769,Sarjapur Road,7306.14,Apr-Jun,2030,Sarjapur Road,Moderate
2770,Sarjapur Road,8043.04,Jul-Sep,2030,Sarjapur Road,Moderate
2771,Sarjapur Road,10508.09,Oct-Dec,2030,Sarjapur Road,Moderate
2772,Silver County Road,6000.28,Jan-Mar,2024,Silver County Road,Moderate
2773,Silver County Road,6215.91,Apr-Jun,2024,Silver County Road,Moderate
2774,Silver County Road,6400.5,Jul-Sep,2024,Silver County Road,Moderate
2775,Silver County Road,6726.47,Oct-Dec,2024,Silver County Road,Moderate
2776,Silver County Road,7704.18,Jan-Mar,2025,Silver County Road,Moderate
2777,Silver County Road,8384.84,Apr-Jun,2025,Silver County Road,Moderate
2778,Silver County Road,8026.5115,Jul-Sep,2025,Silver County Road,Moderate
2779,Silver County Road,5172.994,Oct-Dec,2025,Silver County Road,Moderate
2780,Silver County Road,4505.85,Jan-Mar,2026,Silver County Road,Moderate
2781,Silver County Road,4335.8,Apr-Jun,2026,Silver County Road,Moderate
2782,Silver County Road,4413.83,Jul-Sep,2026,Silver County Road,Moderate
2783,Silver County Road,4504.7,Oct-Dec,2026,Silver County Road,Moderate
2784,Silver County Road,4619.63,Jan-Mar,2027,Silver County Road,Moderate
2785,Silver County Road,4402.75,Apr-Jun,2027,Silver County Road,Moderate
2786,Silver County Road,4361.8,Jul-Sep,2027,Silver County Road,Moderate
2787,Silver County Road,4440.09,Oct-Dec,2027,Silver County Road,Moderate
2788,Silver County Road,4647.54,Jan-Mar,2028,Silver County Road,Moderate
2789,Silver County Road,4634.69,Apr-Jun,2028,Silver County Road,Moderate
2790,Silver County Road,4570.8,Jul-Sep,2028,Silver County Road,Moderate
2791,Silver County Road,5165.52,Oct-Dec,2028,Silver County Road,Moderate
2792,Silver County Road,5130.54,Jan-Mar,2029,Silver County Road,Moderate
2793,Silver County Road,5313.39,Apr-Jun,2029,Silver County Road,Moderate
2794,Silver County Road,5890.28,Jul-Sep,2029,Silver County Road,Moderate
2795,Silver County Road,5894.68,Oct-Dec,2029,Silver County Road,Moderate
2796,Silver County Road,6000.28,Jan-Mar,2030,Silver County Road,Moderate
2797,Silver County Road,6215.91,Apr-Jun,2030,Silver County Road,Moderate
2798,Silver County Road,6400.5,Jul-Sep,2030,Silver County Road,Moderate
2799,Silver County Road,6726.47,Oct-Dec,2030,Silver County Road,Moderate
2800,Hadosiddapura,10115.32,Jan-Mar,2024,Hadosiddapura,Moderate
2801,Hadosiddapura,10450.7,Apr-Jun,2024,Hadosiddapura,Moderate
2802,Hadosiddapura,10817.38,Jul-Sep,2024,Hadosiddapura,Moderate
2803,Hadosiddapura,11510.45,Oct-Dec,2024,Hadosiddapura,Moderate
2804,Hadosiddapura,12392.57,Jan-Mar,2025,Hadosiddapura,Moderate
2805,Hadosiddapura,13029.86,Apr-Jun,2025,Hadosiddapura,Moderate
2806,Hadosiddapura,12535.81667,Jul-Sep,2025,Hadosiddapura,Moderate
2807,Hadosiddapura,9269.41,Oct-Dec,2025,Hadosiddapura,Moderate
2808,Hadosiddapura,6640.78,Jan-Mar,2026,Hadosiddapura,Moderate
2809,Hadosiddapura,6460.94,Apr-Jun,2026,Hadosiddapura,Moderate
2810,Hadosiddapura,6258.94,Jul-Sep,2026,Hadosiddapura,Moderate
2811,Hadosiddapura,6278.55,Oct-Dec,2026,Hadosiddapura,Moderate
2812,Hadosiddapura,6484.15,Jan-Mar,2027,Hadosiddapura,Moderate
2813,Hadosiddapura,6328.41,Apr-Jun,2027,Hadosiddapura,Moderate
2814,Hadosiddapura,6130.86,Jul-Sep,2027,Hadosiddapura,Moderate
2815,Hadosiddapura,6075.76,Oct-Dec,2027,Hadosiddapura,Moderate
2816,Hadosiddapura,6724.46,Jan-Mar,2028,Hadosiddapura,Moderate
2817,Hadosiddapura,6889.67,Apr-Jun,2028,Hadosiddapura,Moderate
2818,Hadosiddapura,6729.92,Jul-Sep,2028,Hadosiddapura,Moderate
2819,Hadosiddapura,7117.42,Oct-Dec,2028,Hadosiddapura,Moderate
2820,Hadosiddapura,7288.37,Jan-Mar,2029,Hadosiddapura,Moderate
2821,Hadosiddapura,7597.45,Apr-Jun,2029,Hadosiddapura,Moderate
2822,Hadosiddapura,7751.17,Jul-Sep,2029,Hadosiddapura,Moderate
2823,Hadosiddapura,8628.68,Oct-Dec,2029,Hadosiddapura,Moderate
2824,Hadosiddapura,10115.32,Jan-Mar,2030,Hadosiddapura,Moderate
2825,Hadosiddapura,10450.7,Apr-Jun,2030,Hadosiddapura,Moderate
2826,Hadosiddapura,10817.38,Jul-Sep,2030,Hadosiddapura,Moderate
2827,Hadosiddapura,11510.45,Oct-Dec,2030,Hadosiddapura,Moderate
2828,ECC Road,9217.113333,Jan-Mar,2024,ECC Road,Moderate
2829,ECC Road,9179.033333,Apr-Jun,2024,ECC Road,Moderate
2830,ECC Road,9786.873333,Jul-Sep,2024,ECC Road,Moderate
2831,ECC Road,10496.33,Oct-Dec,2024,ECC Road,Moderate
2832,ECC Road,10708.57333,Jan-Mar,2025,ECC Road,Moderate
2833,ECC Road,10986.21333,Apr-Jun,2025,ECC Road,Moderate
2834,ECC Road,9285.232333,Jul-Sep,2025,ECC Road,Moderate
2835,ECC Road,6558.32,Oct-Dec,2025,ECC Road,Moderate
2836,ECC Road,6866.89,Jan-Mar,2026,ECC Road,Moderate
2837,ECC Road,6749.87,Apr-Jun,2026,ECC Road,Moderate
2838,ECC Road,7022.51,Jul-Sep,2026,ECC Road,Moderate
2839,ECC Road,7184.77,Oct-Dec,2026,ECC Road,Moderate
2840,ECC Road,6744.52,Jan-Mar,2027,ECC Road,Moderate
2841,ECC Road,6615.77,Apr-Jun,2027,ECC Road,Moderate
2842,ECC Road,6906,Jul-Sep,2027,ECC Road,Moderate
2843,ECC Road,7026.93,Oct-Dec,2027,ECC Road,Moderate
2844,ECC Road,6969.15,Jan-Mar,2028,ECC Road,Moderate
2845,ECC Road,7153.77,Apr-Jun,2028,ECC Road,Moderate
2846,ECC Road,7712.81,Jul-Sep,2028,ECC Road,Moderate
2847,ECC Road,7933.24,Oct-Dec,2028,ECC Road,Moderate
2848,ECC Road,8108.37,Jan-Mar,2029,ECC Road,Moderate
2849,ECC Road,8130.26,Apr-Jun,2029,ECC Road,Moderate
2850,ECC Road,8590.55,Jul-Sep,2029,ECC Road,Moderate
2851,ECC Road,8943.69,Oct-Dec,2029,ECC Road,Moderate
2852,ECC Road,9217.113333,Jan-Mar,2030,ECC Road,Moderate
2853,ECC Road,9179.033333,Apr-Jun,2030,ECC Road,Moderate
2854,ECC Road,9786.873333,Jul-Sep,2030,ECC Road,Moderate
2855,ECC Road,10496.33,Oct-Dec,2030,ECC Road,Moderate
2856,Hagadur Main Road,9069.01,Jan-Mar,2024,Hagadur Main Road,Moderate
2857,Hagadur Main Road,9579.09,Apr-Jun,2024,Hagadur Main Road,Moderate
2858,Hagadur Main Road,10275.17,Jul-Sep,2024,Hagadur Main Road,Moderate
2859,Hagadur Main Road,10764.31,Oct-Dec,2024,Hagadur Main Road,Moderate
2860,Hagadur Main Road,11613.42,Jan-Mar,2025,Hagadur Main Road,Moderate
2861,Hagadur Main Road,12575.59,Apr-Jun,2025,Hagadur Main Road,Moderate
2862,Hagadur Main Road,12736.74333,Jul-Sep,2025,Hagadur Main Road,Moderate
2863,Hagadur Main Road,9062.57,Oct-Dec,2025,Hagadur Main Road,Moderate
2864,Hagadur Main Road,12209.71,Jan-Mar,2026,Hagadur Main Road,Moderate
2865,Hagadur Main Road,12029.76,Apr-Jun,2026,Hagadur Main Road,Moderate
2866,Hagadur Main Road,11461.34,Jul-Sep,2026,Hagadur Main Road,Moderate
2867,Hagadur Main Road,11701.48,Oct-Dec,2026,Hagadur Main Road,Moderate
2868,Hagadur Main Road,11916.06,Jan-Mar,2027,Hagadur Main Road,Moderate
2869,Hagadur Main Road,11770.58,Apr-Jun,2027,Hagadur Main Road,Moderate
2870,Hagadur Main Road,10854.78,Jul-Sep,2027,Hagadur Main Road,Moderate
2871,Hagadur Main Road,10989.36,Oct-Dec,2027,Hagadur Main Road,Moderate
2872,Hagadur Main Road,8961.16,Jan-Mar,2028,Hagadur Main Road,Moderate
2873,Hagadur Main Road,9133.25,Apr-Jun,2028,Hagadur Main Road,Moderate
2874,Hagadur Main Road,9265.58,Jul-Sep,2028,Hagadur Main Road,Moderate
2875,Hagadur Main Road,10636.48,Oct-Dec,2028,Hagadur Main Road,Moderate
2876,Hagadur Main Road,11861.19,Jan-Mar,2029,Hagadur Main Road,Moderate
2877,Hagadur Main Road,12417.83,Apr-Jun,2029,Hagadur Main Road,Moderate
2878,Hagadur Main Road,11755.06,Jul-Sep,2029,Hagadur Main Road,Moderate
2879,Hagadur Main Road,11525.15,Oct-Dec,2029,Hagadur Main Road,Moderate
2880,Hagadur Main Road,9069.01,Jan-Mar,2030,Hagadur Main Road,Moderate
2881,Hagadur Main Road,9579.09,Apr-Jun,2030,Hagadur Main Road,Moderate
2882,Hagadur Main Road,10275.17,Jul-Sep,2030,Hagadur Main Road,Moderate
2883,Hagadur Main Road,10764.31,Oct-Dec,2030,Hagadur Main Road,Moderate
2884,Sankey Road,12139.56,Jan-Mar,2024,Sankey Road,Moderate
2885,Sankey Road,12194.25,Apr-Jun,2024,Sankey Road,Moderate
2886,Sankey Road,13142.84,Jul-Sep,2024,Sankey Road,Moderate
2887,Sankey Road,13110.55,Oct-Dec,2024,Sankey Road,Moderate
2888,Sankey Road,13744.975,Jan-Mar,2025,Sankey Road,Moderate
2889,Sankey Road,14320.135,Apr-Jun,2025,Sankey Road,Moderate
2890,Sankey Road,12932.87233,Jul-Sep,2025,Sankey Road,Moderate
2891,Sankey Road,9323.51,Oct-Dec,2025,Sankey Road,Moderate
2892,Sankey Road,5914.82,Jan-Mar,2026,Sankey Road,Moderate
2893,Sankey Road,5935.18,Apr-Jun,2026,Sankey Road,Moderate
2894,Sankey Road,5980.64,Jul-Sep,2026,Sankey Road,Moderate
2895,Sankey Road,5959.22,Oct-Dec,2026,Sankey Road,Moderate
2896,Sankey Road,5976.52,Jan-Mar,2027,Sankey Road,Moderate
2897,Sankey Road,5966.77,Apr-Jun,2027,Sankey Road,Moderate
2898,Sankey Road,5909.85,Jul-Sep,2027,Sankey Road,Moderate
2899,Sankey Road,5941.37,Oct-Dec,2027,Sankey Road,Moderate
2900,Sankey Road,6144.13,Jan-Mar,2028,Sankey Road,Moderate
2901,Sankey Road,6164.03,Apr-Jun,2028,Sankey Road,Moderate
2902,Sankey Road,6228.18,Jul-Sep,2028,Sankey Road,Moderate
2903,Sankey Road,6409.46,Oct-Dec,2028,Sankey Road,Moderate
2904,Sankey Road,6462.46,Jan-Mar,2029,Sankey Road,Moderate
2905,Sankey Road,6560.53,Apr-Jun,2029,Sankey Road,Moderate
2906,Sankey Road,6661.17,Jul-Sep,2029,Sankey Road,Moderate
2907,Sankey Road,6896.11,Oct-Dec,2029,Sankey Road,Moderate
2908,Sankey Road,12139.56,Jan-Mar,2030,Sankey Road,Moderate
2909,Sankey Road,12194.25,Apr-Jun,2030,Sankey Road,Moderate
2910,Sankey Road,13142.84,Jul-Sep,2030,Sankey Road,Moderate
2911,Sankey Road,13110.55,Oct-Dec,2030,Sankey Road,Moderate
2912,Soukya Road,6960.85,Jan-Mar,2024,Soukya Road,Moderate
2913,Soukya Road,7445.58,Apr-Jun,2024,Soukya Road,Moderate
2914,Soukya Road,7312.94,Jul-Sep,2024,Soukya Road,Moderate
2915,Soukya Road,7350.72,Oct-Dec,2024,Soukya Road,Moderate
2916,Soukya Road,6879.77,Jan-Mar,2025,Soukya Road,Moderate
2917,Soukya Road,8337.15,Apr-Jun,2025,Soukya Road,Moderate
2918,Soukya Road,8050.6515,Jul-Sep,2025,Soukya Road,Moderate
2919,Soukya Road,8313.43,Oct-Dec,2025,Soukya Road,Moderate
2920,Soukya Road,3990.24,Jan-Mar,2026,Soukya Road,Moderate
2921,Soukya Road,3951.15,Apr-Jun,2026,Soukya Road,Moderate
2922,Soukya Road,3969.41,Jul-Sep,2026,Soukya Road,Moderate
2923,Soukya Road,3666.46,Oct-Dec,2026,Soukya Road,Moderate
2924,Soukya Road,4044.89,Jan-Mar,2027,Soukya Road,Moderate
2925,Soukya Road,4463,Apr-Jun,2027,Soukya Road,Moderate
2926,Soukya Road,4209.91,Jul-Sep,2027,Soukya Road,Moderate
2927,Soukya Road,4120.55,Oct-Dec,2027,Soukya Road,Moderate
2928,Soukya Road,4289.01,Jan-Mar,2028,Soukya Road,Moderate
2929,Soukya Road,4818.73,Apr-Jun,2028,Soukya Road,Moderate
2930,Soukya Road,4551.74,Jul-Sep,2028,Soukya Road,Moderate
2931,Soukya Road,5066.4,Oct-Dec,2028,Soukya Road,Moderate
2932,Soukya Road,4621.92,Jan-Mar,2029,Soukya Road,Moderate
2933,Soukya Road,4991.76,Apr-Jun,2029,Soukya Road,Moderate
2934,Soukya Road,5521.88,Jul-Sep,2029,Soukya Road,Moderate
2935,Soukya Road,7214.55,Oct-Dec,2029,Soukya Road,Moderate
2936,Soukya Road,6960.85,Jan-Mar,2030,Soukya Road,Moderate
2937,Soukya Road,7445.58,Apr-Jun,2030,Soukya Road,Moderate
2938,Soukya Road,7312.94,Jul-Sep,2030,Soukya Road,Moderate
2939,Soukya Road,7350.72,Oct-Dec,2030,Soukya Road,Moderate
2940,Hennur Main Road,7492.93,Jan-Mar,2024,Hennur Main Road,Moderate
2941,Hennur Main Road,7477.31,Apr-Jun,2024,Hennur Main Road,Moderate
2942,Hennur Main Road,7794.525,Jul-Sep,2024,Hennur Main Road,Moderate
2943,Hennur Main Road,7861.06,Oct-Dec,2024,Hennur Main Road,Moderate
2944,Hennur Main Road,8175.136667,Jan-Mar,2025,Hennur Main Road,Moderate
2945,Hennur Main Road,8395.356667,Apr-Jun,2025,Hennur Main Road,Moderate
2946,Hennur Main Road,7385.096667,Jul-Sep,2025,Hennur Main Road,Moderate
2947,Hennur Main Road,5698.76,Oct-Dec,2025,Hennur Main Road,Moderate
2948,Hennur Main Road,5594.16,Jan-Mar,2026,Hennur Main Road,Moderate
2949,Hennur Main Road,5715.92,Apr-Jun,2026,Hennur Main Road,Moderate
2950,Hennur Main Road,5799.62,Jul-Sep,2026,Hennur Main Road,Moderate
2951,Hennur Main Road,5937.69,Oct-Dec,2026,Hennur Main Road,Moderate
2952,Hennur Main Road,5765.64,Jan-Mar,2027,Hennur Main Road,Moderate
2953,Hennur Main Road,5933.17,Apr-Jun,2027,Hennur Main Road,Moderate
2954,Hennur Main Road,5935.41,Jul-Sep,2027,Hennur Main Road,Moderate
2955,Hennur Main Road,6012.44,Oct-Dec,2027,Hennur Main Road,Moderate
2956,Hennur Main Road,6132.77,Jan-Mar,2028,Hennur Main Road,Moderate
2957,Hennur Main Road,6304.24,Apr-Jun,2028,Hennur Main Road,Moderate
2958,Hennur Main Road,6314.24,Jul-Sep,2028,Hennur Main Road,Moderate
2959,Hennur Main Road,6312.44,Oct-Dec,2028,Hennur Main Road,Moderate
2960,Hennur Main Road,6321.78,Jan-Mar,2029,Hennur Main Road,Moderate
2961,Hennur Main Road,6619.58,Apr-Jun,2029,Hennur Main Road,Moderate
2962,Hennur Main Road,7101.1,Jul-Sep,2029,Hennur Main Road,Moderate
2963,Hennur Main Road,7248.37,Oct-Dec,2029,Hennur Main Road,Moderate
2964,Hennur Main Road,7492.93,Jan-Mar,2030,Hennur Main Road,Moderate
2965,Hennur Main Road,7477.31,Apr-Jun,2030,Hennur Main Road,Moderate
2966,Hennur Main Road,7794.525,Jul-Sep,2030,Hennur Main Road,Moderate
2967,Hennur Main Road,7861.06,Oct-Dec,2030,Hennur Main Road,Moderate
2968,Doddakannelli,7695.54,Jan-Mar,2024,Doddakannelli,Moderate
2969,Doddakannelli,7817.7,Apr-Jun,2024,Doddakannelli,Moderate
2970,Doddakannelli,7790.353143,Jul-Sep,2024,Doddakannelli,Moderate
2971,Doddakannelli,6651.519143,Oct-Dec,2024,Doddakannelli,Moderate
2972,Doddakannelli,9618.234,Jan-Mar,2025,Doddakannelli,Moderate
2973,Doddakannelli,9699.504,Apr-Jun,2025,Doddakannelli,Moderate
2974,Doddakannelli,7859.861429,Jul-Sep,2025,Doddakannelli,Moderate
2975,Doddakannelli,5045.125143,Oct-Dec,2025,Doddakannelli,Moderate
2976,Doddakannelli,5473.58,Jan-Mar,2026,Doddakannelli,Moderate
2977,Doddakannelli,5559.78,Apr-Jun,2026,Doddakannelli,Moderate
2978,Doddakannelli,5638.9,Jul-Sep,2026,Doddakannelli,Moderate
2979,Doddakannelli,5567.05,Oct-Dec,2026,Doddakannelli,Moderate
2980,Doddakannelli,6083.36,Jan-Mar,2027,Doddakannelli,Moderate
2981,Doddakannelli,6283.5,Apr-Jun,2027,Doddakannelli,Moderate
2982,Doddakannelli,6282.32,Jul-Sep,2027,Doddakannelli,Moderate
2983,Doddakannelli,6137.94,Oct-Dec,2027,Doddakannelli,Moderate
2984,Doddakannelli,6262.86,Jan-Mar,2028,Doddakannelli,Moderate
2985,Doddakannelli,6329,Apr-Jun,2028,Doddakannelli,Moderate
2986,Doddakannelli,6573.1,Jul-Sep,2028,Doddakannelli,Moderate
2987,Doddakannelli,7313.42,Oct-Dec,2028,Doddakannelli,Moderate
2988,Doddakannelli,6778.86,Jan-Mar,2029,Doddakannelli,Moderate
2989,Doddakannelli,6734.7,Apr-Jun,2029,Doddakannelli,Moderate
2990,Doddakannelli,6872.31,Jul-Sep,2029,Doddakannelli,Moderate
2991,Doddakannelli,7074.41,Oct-Dec,2029,Doddakannelli,Moderate
2992,Doddakannelli,7695.54,Jan-Mar,2030,Doddakannelli,Moderate
2993,Doddakannelli,7817.7,Apr-Jun,2030,Doddakannelli,Moderate
2994,Doddakannelli,7790.353143,Jul-Sep,2030,Doddakannelli,Moderate
2995,Doddakannelli,6651.519143,Oct-Dec,2030,Doddakannelli,Moderate
2996,Dasarahalli Main Road,9718.29,Jan-Mar,2024,Dasarahalli Main Road,Moderate
2997,Dasarahalli Main Road,9264.41,Apr-Jun,2024,Dasarahalli Main Road,Moderate
2998,Dasarahalli Main Road,10342.39,Jul-Sep,2024,Dasarahalli Main Road,Moderate
2999,Dasarahalli Main Road,11196.43,Oct-Dec,2024,Dasarahalli Main Road,Moderate
3000,Dasarahalli Main Road,9589.93,Jan-Mar,2025,Dasarahalli Main Road,Moderate
3001,Dasarahalli Main Road,9850.05,Apr-Jun,2025,Dasarahalli Main Road,Moderate
3002,Dasarahalli Main Road,10765.13767,Jul-Sep,2025,Dasarahalli Main Road,Moderate
3003,Dasarahalli Main Road,12268.96,Oct-Dec,2025,Dasarahalli Main Road,Moderate
3004,Dasarahalli Main Road,16140.37,Jan-Mar,2026,Dasarahalli Main Road,Moderate
3005,Dasarahalli Main Road,16140.37,Apr-Jun,2026,Dasarahalli Main Road,Moderate
3006,Dasarahalli Main Road,15967.89,Jul-Sep,2026,Dasarahalli Main Road,Moderate
3007,Dasarahalli Main Road,15963.52,Oct-Dec,2026,Dasarahalli Main Road,Moderate
3008,Dasarahalli Main Road,16140.37,Jan-Mar,2027,Dasarahalli Main Road,Moderate
3009,Dasarahalli Main Road,16140.37,Apr-Jun,2027,Dasarahalli Main Road,Moderate
3010,Dasarahalli Main Road,15969.19,Jul-Sep,2027,Dasarahalli Main Road,Moderate
3011,Dasarahalli Main Road,15963.52,Oct-Dec,2027,Dasarahalli Main Road,Moderate
3012,Dasarahalli Main Road,18668.78,Jan-Mar,2028,Dasarahalli Main Road,Moderate
3013,Dasarahalli Main Road,18669.67,Apr-Jun,2028,Dasarahalli Main Road,Moderate
3014,Dasarahalli Main Road,18767.83,Jul-Sep,2028,Dasarahalli Main Road,Moderate
3015,Dasarahalli Main Road,18084.14,Oct-Dec,2028,Dasarahalli Main Road,Moderate
3016,Dasarahalli Main Road,19669.14,Jan-Mar,2029,Dasarahalli Main Road,Moderate
3017,Dasarahalli Main Road,20351.69,Apr-Jun,2029,Dasarahalli Main Road,Moderate
3018,Dasarahalli Main Road,20102.03,Jul-Sep,2029,Dasarahalli Main Road,Moderate
3019,Dasarahalli Main Road,19252.45,Oct-Dec,2029,Dasarahalli Main Road,Moderate
3020,Dasarahalli Main Road,9718.29,Jan-Mar,2030,Dasarahalli Main Road,Moderate
3021,Dasarahalli Main Road,9264.41,Apr-Jun,2030,Dasarahalli Main Road,Moderate
3022,Dasarahalli Main Road,10342.39,Jul-Sep,2030,Dasarahalli Main Road,Moderate
3023,Dasarahalli Main Road,11196.43,Oct-Dec,2030,Dasarahalli Main Road,Moderate
3024,Hosabasavanapura,6184.03,Jan-Mar,2024,Hosabasavanapura,Moderate
3025,Hosabasavanapura,6402.95,Apr-Jun,2024,Hosabasavanapura,Moderate
3026,Hosabasavanapura,6630.07,Jul-Sep,2024,Hosabasavanapura,Moderate
3027,Hosabasavanapura,6706.45,Oct-Dec,2024,Hosabasavanapura,Moderate
3028,Hosabasavanapura,7829.17,Jan-Mar,2025,Hosabasavanapura,Moderate
3029,Hosabasavanapura,7806.8,Apr-Jun,2025,Hosabasavanapura,Moderate
3030,Hosabasavanapura,7096.288333,Jul-Sep,2025,Hosabasavanapura,Moderate
3031,Hosabasavanapura,5108.11,Oct-Dec,2025,Hosabasavanapura,Moderate
3032,Hosabasavanapura,4701.865,Jan-Mar,2026,Hosabasavanapura,Moderate
3033,Hosabasavanapura,4841.42,Apr-Jun,2026,Hosabasavanapura,Moderate
3034,Hosabasavanapura,4914.49,Jul-Sep,2026,Hosabasavanapura,Moderate
3035,Hosabasavanapura,4959.31,Oct-Dec,2026,Hosabasavanapura,Moderate
3036,Hosabasavanapura,5136.348333,Jan-Mar,2027,Hosabasavanapura,Moderate
3037,Hosabasavanapura,5146.42,Apr-Jun,2027,Hosabasavanapura,Moderate
3038,Hosabasavanapura,5162.52,Jul-Sep,2027,Hosabasavanapura,Moderate
3039,Hosabasavanapura,5204.77,Oct-Dec,2027,Hosabasavanapura,Moderate
3040,Hosabasavanapura,5356.81,Jan-Mar,2028,Hosabasavanapura,Moderate
3041,Hosabasavanapura,5457.3,Apr-Jun,2028,Hosabasavanapura,Moderate
3042,Hosabasavanapura,5523.87,Jul-Sep,2028,Hosabasavanapura,Moderate
3043,Hosabasavanapura,5500.66,Oct-Dec,2028,Hosabasavanapura,Moderate
3044,Hosabasavanapura,5697.33,Jan-Mar,2029,Hosabasavanapura,Moderate
3045,Hosabasavanapura,5830.44,Apr-Jun,2029,Hosabasavanapura,Moderate
3046,Hosabasavanapura,5754.59,Jul-Sep,2029,Hosabasavanapura,Moderate
3047,Hosabasavanapura,6030.48,Oct-Dec,2029,Hosabasavanapura,Moderate
3048,Hosabasavanapura,6184.03,Jan-Mar,2030,Hosabasavanapura,Moderate
3049,Hosabasavanapura,6402.95,Apr-Jun,2030,Hosabasavanapura,Moderate
3050,Hosabasavanapura,6630.07,Jul-Sep,2030,Hosabasavanapura,Moderate
3051,Hosabasavanapura,6706.45,Oct-Dec,2030,Hosabasavanapura,Moderate
3052,CV Raman Nagar,6101.45,Jan-Mar,2024,CV Raman Nagar,Moderate
3053,CV Raman Nagar,6219.1,Apr-Jun,2024,CV Raman Nagar,Moderate
3054,CV Raman Nagar,6541.67,Jul-Sep,2024,CV Raman Nagar,Moderate
3055,CV Raman Nagar,7251.66,Oct-Dec,2024,CV Raman Nagar,Moderate
3056,CV Raman Nagar,8545.2,Jan-Mar,2025,CV Raman Nagar,Moderate
3057,CV Raman Nagar,8453.63,Apr-Jun,2025,CV Raman Nagar,Moderate
3058,CV Raman Nagar,7891.546,Jul-Sep,2025,CV Raman Nagar,Moderate
3059,CV Raman Nagar,7191.86,Oct-Dec,2025,CV Raman Nagar,Moderate
3060,CV Raman Nagar,7040.59,Jan-Mar,2026,CV Raman Nagar,Moderate
3061,CV Raman Nagar,6823.85,Apr-Jun,2026,CV Raman Nagar,Moderate
3062,CV Raman Nagar,6959.72,Jul-Sep,2026,CV Raman Nagar,Moderate
3063,CV Raman Nagar,6995.54,Oct-Dec,2026,CV Raman Nagar,Moderate
3064,CV Raman Nagar,7127.83,Jan-Mar,2027,CV Raman Nagar,Moderate
3065,CV Raman Nagar,6916.23,Apr-Jun,2027,CV Raman Nagar,Moderate
3066,CV Raman Nagar,6480.34,Jul-Sep,2027,CV Raman Nagar,Moderate
3067,CV Raman Nagar,6135.63,Oct-Dec,2027,CV Raman Nagar,Moderate
3068,CV Raman Nagar,5872.05,Jan-Mar,2028,CV Raman Nagar,Moderate
3069,CV Raman Nagar,5687.17,Apr-Jun,2028,CV Raman Nagar,Moderate
3070,CV Raman Nagar,5576.8,Jul-Sep,2028,CV Raman Nagar,Moderate
3071,CV Raman Nagar,5754.04,Oct-Dec,2028,CV Raman Nagar,Moderate
3072,CV Raman Nagar,5979.96,Jan-Mar,2029,CV Raman Nagar,Moderate
3073,CV Raman Nagar,6274.69,Apr-Jun,2029,CV Raman Nagar,Moderate
3074,CV Raman Nagar,5933.79,Jul-Sep,2029,CV Raman Nagar,Moderate
3075,CV Raman Nagar,6051.82,Oct-Dec,2029,CV Raman Nagar,Moderate
3076,CV Raman Nagar,6101.45,Jan-Mar,2030,CV Raman Nagar,Moderate
3077,CV Raman Nagar,6219.1,Apr-Jun,2030,CV Raman Nagar,Moderate
3078,CV Raman Nagar,6541.67,Jul-Sep,2030,CV Raman Nagar,Moderate
3079,CV Raman Nagar,7251.66,Oct-Dec,2030,CV Raman Nagar,Moderate
3080,Cunningham Road,18181.9,Jan-Mar,2024,Cunningham Road,Moderate
3081,Cunningham Road,18243.77,Apr-Jun,2024,Cunningham Road,Moderate
3082,Cunningham Road,18273.765,Jul-Sep,2024,Cunningham Road,Moderate
3083,Cunningham Road,16219.9075,Oct-Dec,2024,Cunningham Road,Moderate
3084,Cunningham Road,16900.4225,Jan-Mar,2025,Cunningham Road,Moderate
3085,Cunningham Road,17894.7625,Apr-Jun,2025,Cunningham Road,Moderate
3086,Cunningham Road,18680.01483,Jul-Sep,2025,Cunningham Road,Moderate
3087,Cunningham Road,15881.07917,Oct-Dec,2025,Cunningham Road,Moderate
3088,Cunningham Road,16178.14,Jan-Mar,2026,Cunningham Road,Moderate
3089,Cunningham Road,16184.37,Apr-Jun,2026,Cunningham Road,Moderate
3090,Cunningham Road,16016.59,Jul-Sep,2026,Cunningham Road,Moderate
3091,Cunningham Road,16010.96,Oct-Dec,2026,Cunningham Road,Moderate
3092,Cunningham Road,16178.14,Jan-Mar,2027,Cunningham Road,Moderate
3093,Cunningham Road,16192.08,Apr-Jun,2027,Cunningham Road,Moderate
3094,Cunningham Road,16016.43,Jul-Sep,2027,Cunningham Road,Moderate
3095,Cunningham Road,16010.8,Oct-Dec,2027,Cunningham Road,Moderate
3096,Cunningham Road,18668.78,Jan-Mar,2028,Cunningham Road,Moderate
3097,Cunningham Road,18669.67,Apr-Jun,2028,Cunningham Road,Moderate
3098,Cunningham Road,18767.83,Jul-Sep,2028,Cunningham Road,Moderate
3099,Cunningham Road,18180.84,Oct-Dec,2028,Cunningham Road,Moderate
3100,Cunningham Road,19669.14,Jan-Mar,2029,Cunningham Road,Moderate
3101,Cunningham Road,20393.19,Apr-Jun,2029,Cunningham Road,Moderate
3102,Cunningham Road,20257.01,Jul-Sep,2029,Cunningham Road,Moderate
3103,Cunningham Road,19491.88,Oct-Dec,2029,Cunningham Road,Moderate
3104,Cunningham Road,18181.9,Jan-Mar,2030,Cunningham Road,Moderate
3105,Cunningham Road,18243.77,Apr-Jun,2030,Cunningham Road,Moderate
3106,Cunningham Road,18273.765,Jul-Sep,2030,Cunningham Road,Moderate
3107,Cunningham Road,16219.9075,Oct-Dec,2030,Cunningham Road,Moderate
3108,Hoskote Chintamani Road,3969.25,Jan-Mar,2024,Hoskote Chintamani Road,Moderate
3109,Hoskote Chintamani Road,4030.67,Apr-Jun,2024,Hoskote Chintamani Road,Moderate
3110,Hoskote Chintamani Road,3977.29,Jul-Sep,2024,Hoskote Chintamani Road,Moderate
3111,Hoskote Chintamani Road,5186.32,Oct-Dec,2024,Hoskote Chintamani Road,Moderate
3112,Hoskote Chintamani Road,4381.4,Jan-Mar,2025,Hoskote Chintamani Road,Moderate
3113,Hoskote Chintamani Road,4471.87,Apr-Jun,2025,Hoskote Chintamani Road,Moderate
3114,Hoskote Chintamani Road,4146.9,Jul-Sep,2025,Hoskote Chintamani Road,Moderate
3115,Hoskote Chintamani Road,3601.26,Oct-Dec,2025,Hoskote Chintamani Road,Moderate
3116,Hoskote Chintamani Road,3120.24,Jan-Mar,2026,Hoskote Chintamani Road,Moderate
3117,Hoskote Chintamani Road,3199.75,Apr-Jun,2026,Hoskote Chintamani Road,Moderate
3118,Hoskote Chintamani Road,3241.77,Jul-Sep,2026,Hoskote Chintamani Road,Moderate
3119,Hoskote Chintamani Road,3319.75,Oct-Dec,2026,Hoskote Chintamani Road,Moderate
3120,Hoskote Chintamani Road,3326.48,Jan-Mar,2027,Hoskote Chintamani Road,Moderate
3121,Hoskote Chintamani Road,3351.89,Apr-Jun,2027,Hoskote Chintamani Road,Moderate
3122,Hoskote Chintamani Road,3401.56,Jul-Sep,2027,Hoskote Chintamani Road,Moderate
3123,Hoskote Chintamani Road,3531.15,Oct-Dec,2027,Hoskote Chintamani Road,Moderate
3124,Hoskote Chintamani Road,3648.51,Jan-Mar,2028,Hoskote Chintamani Road,Moderate
3125,Hoskote Chintamani Road,3599.29,Apr-Jun,2028,Hoskote Chintamani Road,Moderate
3126,Hoskote Chintamani Road,3629.43,Jul-Sep,2028,Hoskote Chintamani Road,Moderate
3127,Hoskote Chintamani Road,3692.58,Oct-Dec,2028,Hoskote Chintamani Road,Moderate
3128,Hoskote Chintamani Road,3769.43,Jan-Mar,2029,Hoskote Chintamani Road,Moderate
3129,Hoskote Chintamani Road,3803.63,Apr-Jun,2029,Hoskote Chintamani Road,Moderate
3130,Hoskote Chintamani Road,3855.22,Jul-Sep,2029,Hoskote Chintamani Road,Moderate
3131,Hoskote Chintamani Road,3909.41,Oct-Dec,2029,Hoskote Chintamani Road,Moderate
3132,Hoskote Chintamani Road,3969.25,Jan-Mar,2030,Hoskote Chintamani Road,Moderate
3133,Hoskote Chintamani Road,4030.67,Apr-Jun,2030,Hoskote Chintamani Road,Moderate
3134,Hoskote Chintamani Road,3977.29,Jul-Sep,2030,Hoskote Chintamani Road,Moderate
3135,Hoskote Chintamani Road,5186.32,Oct-Dec,2030,Hoskote Chintamani Road,Moderate
3136,Hosur Main Road,7994.57,Jan-Mar,2024,Hosur Main Road,Moderate
3137,Hosur Main Road,8043.29,Apr-Jun,2024,Hosur Main Road,Moderate
3138,Hosur Main Road,8747.43,Jul-Sep,2024,Hosur Main Road,Moderate
3139,Hosur Main Road,9968.84,Oct-Dec,2024,Hosur Main Road,Moderate
3140,Hosur Main Road,9262.79,Jan-Mar,2025,Hosur Main Road,Moderate
3141,Hosur Main Road,9577.2,Apr-Jun,2025,Hosur Main Road,Moderate
3142,Hosur Main Road,8225.32,Jul-Sep,2025,Hosur Main Road,Moderate
3143,Hosur Main Road,6501.4,Oct-Dec,2025,Hosur Main Road,Moderate
3144,Hosur Main Road,3144.82,Jan-Mar,2026,Hosur Main Road,Moderate
3145,Hosur Main Road,3223.1,Apr-Jun,2026,Hosur Main Road,Moderate
3146,Hosur Main Road,3264.55,Jul-Sep,2026,Hosur Main Road,Moderate
3147,Hosur Main Road,3334.67,Oct-Dec,2026,Hosur Main Road,Moderate
3148,Hosur Main Road,3338.2,Jan-Mar,2027,Hosur Main Road,Moderate
3149,Hosur Main Road,3375.84,Apr-Jun,2027,Hosur Main Road,Moderate
3150,Hosur Main Road,3424.94,Jul-Sep,2027,Hosur Main Road,Moderate
3151,Hosur Main Road,3535.28,Oct-Dec,2027,Hosur Main Road,Moderate
3152,Hosur Main Road,3657.69,Jan-Mar,2028,Hosur Main Road,Moderate
3153,Hosur Main Road,3610.35,Apr-Jun,2028,Hosur Main Road,Moderate
3154,Hosur Main Road,3628.92,Jul-Sep,2028,Hosur Main Road,Moderate
3155,Hosur Main Road,3736.29,Oct-Dec,2028,Hosur Main Road,Moderate
3156,Hosur Main Road,3765.17,Jan-Mar,2029,Hosur Main Road,Moderate
3157,Hosur Main Road,3790.79,Apr-Jun,2029,Hosur Main Road,Moderate
3158,Hosur Main Road,3846.69,Jul-Sep,2029,Hosur Main Road,Moderate
3159,Hosur Main Road,3929.78,Oct-Dec,2029,Hosur Main Road,Moderate
3160,Hosur Main Road,7994.57,Jan-Mar,2030,Hosur Main Road,Moderate
3161,Hosur Main Road,8043.29,Apr-Jun,2030,Hosur Main Road,Moderate
3162,Hosur Main Road,8747.43,Jul-Sep,2030,Hosur Main Road,Moderate
3163,Hosur Main Road,9968.84,Oct-Dec,2030,Hosur Main Road,Moderate
3164,Cooke Town,11397.99,Jan-Mar,2024,Cooke Town,Moderate
3165,Cooke Town,10913.73,Apr-Jun,2024,Cooke Town,Moderate
3166,Cooke Town,11206.6,Jul-Sep,2024,Cooke Town,Moderate
3167,Cooke Town,12177.65,Oct-Dec,2024,Cooke Town,Moderate
3168,Cooke Town,11514.05,Jan-Mar,2025,Cooke Town,Moderate
3169,Cooke Town,11338.84,Apr-Jun,2025,Cooke Town,Moderate
3170,Cooke Town,12238.81,Jul-Sep,2025,Cooke Town,Moderate
3171,Cooke Town,10343.15,Oct-Dec,2025,Cooke Town,Moderate
3172,Cooke Town,9411.31,Jan-Mar,2026,Cooke Town,Moderate
3173,Cooke Town,9686.89,Apr-Jun,2026,Cooke Town,Moderate
3174,Cooke Town,9860.43,Jul-Sep,2026,Cooke Town,Moderate
3175,Cooke Town,9926.98,Oct-Dec,2026,Cooke Town,Moderate
3176,Cooke Town,10147.78,Jan-Mar,2027,Cooke Town,Moderate
3177,Cooke Town,10330.55,Apr-Jun,2027,Cooke Town,Moderate
3178,Cooke Town,10107.23,Jul-Sep,2027,Cooke Town,Moderate
3179,Cooke Town,10196.46,Oct-Dec,2027,Cooke Town,Moderate
3180,Cooke Town,11396.82,Jan-Mar,2028,Cooke Town,Moderate
3181,Cooke Town,11101.82,Apr-Jun,2028,Cooke Town,Moderate
3182,Cooke Town,11056.67,Jul-Sep,2028,Cooke Town,Moderate
3183,Cooke Town,11427.15,Oct-Dec,2028,Cooke Town,Moderate
3184,Cooke Town,10229.62,Jan-Mar,2029,Cooke Town,Moderate
3185,Cooke Town,9862.63,Apr-Jun,2029,Cooke Town,Moderate
3186,Cooke Town,10466.07,Jul-Sep,2029,Cooke Town,Moderate
3187,Cooke Town,10501.09,Oct-Dec,2029,Cooke Town,Moderate
3188,Cooke Town,11397.99,Jan-Mar,2030,Cooke Town,Moderate
3189,Cooke Town,10913.73,Apr-Jun,2030,Cooke Town,Moderate
3190,Cooke Town,11206.6,Jul-Sep,2030,Cooke Town,Moderate
3191,Cooke Town,12177.65,Oct-Dec,2030,Cooke Town,Moderate
3192,Subramanyapura,5461.29,Jan-Mar,2024,Subramanyapura,Moderate
3193,Subramanyapura,5740.64,Apr-Jun,2024,Subramanyapura,Moderate
3194,Subramanyapura,6904.7125,Jul-Sep,2024,Subramanyapura,Moderate
3195,Subramanyapura,8126.73,Oct-Dec,2024,Subramanyapura,Moderate
3196,Subramanyapura,6627.7525,Jan-Mar,2025,Subramanyapura,Moderate
3197,Subramanyapura,7004.1225,Apr-Jun,2025,Subramanyapura,Moderate
3198,Subramanyapura,6838.505,Jul-Sep,2025,Subramanyapura,Moderate
3199,Subramanyapura,5384.78,Oct-Dec,2025,Subramanyapura,Moderate
3200,Subramanyapura,4658.7,Jan-Mar,2026,Subramanyapura,Moderate
3201,Subramanyapura,4935.84,Apr-Jun,2026,Subramanyapura,Moderate
3202,Subramanyapura,5036.76,Jul-Sep,2026,Subramanyapura,Moderate
3203,Subramanyapura,5050.89,Oct-Dec,2026,Subramanyapura,Moderate
3204,Subramanyapura,5063.97,Jan-Mar,2027,Subramanyapura,Moderate
3205,Subramanyapura,5063.9,Apr-Jun,2027,Subramanyapura,Moderate
3206,Subramanyapura,5141.28,Jul-Sep,2027,Subramanyapura,Moderate
3207,Subramanyapura,5198,Oct-Dec,2027,Subramanyapura,Moderate
3208,Subramanyapura,5219.33,Jan-Mar,2028,Subramanyapura,Moderate
3209,Subramanyapura,5239.26,Apr-Jun,2028,Subramanyapura,Moderate
3210,Subramanyapura,5249.62,Jul-Sep,2028,Subramanyapura,Moderate
3211,Subramanyapura,5383.31,Oct-Dec,2028,Subramanyapura,Moderate
3212,Subramanyapura,5241.89,Jan-Mar,2029,Subramanyapura,Moderate
3213,Subramanyapura,5326.5,Apr-Jun,2029,Subramanyapura,Moderate
3214,Subramanyapura,5592.43,Jul-Sep,2029,Subramanyapura,Moderate
3215,Subramanyapura,5831.41,Oct-Dec,2029,Subramanyapura,Moderate
3216,Subramanyapura,5461.29,Jan-Mar,2030,Subramanyapura,Moderate
3217,Subramanyapura,5740.64,Apr-Jun,2030,Subramanyapura,Moderate
3218,Subramanyapura,6904.7125,Jul-Sep,2030,Subramanyapura,Moderate
3219,Subramanyapura,8126.73,Oct-Dec,2030,Subramanyapura,Moderate
3220,Hosur Road,5975,Jan-Mar,2024,Hosur Road,Moderate
3221,Hosur Road,6157.19,Apr-Jun,2024,Hosur Road,Moderate
3222,Hosur Road,6623.85,Jul-Sep,2024,Hosur Road,Moderate
3223,Hosur Road,7884.08,Oct-Dec,2024,Hosur Road,Moderate
3224,Hosur Road,6922.09,Jan-Mar,2025,Hosur Road,Moderate
3225,Hosur Road,7024.04,Apr-Jun,2025,Hosur Road,Moderate
3226,Hosur Road,7255.84,Jul-Sep,2025,Hosur Road,Moderate
3227,Hosur Road,5349.49,Oct-Dec,2025,Hosur Road,Moderate
3228,Hosur Road,4678.56,Jan-Mar,2026,Hosur Road,Moderate
3229,Hosur Road,4769.35,Apr-Jun,2026,Hosur Road,Moderate
3230,Hosur Road,4797.16,Jul-Sep,2026,Hosur Road,Moderate
3231,Hosur Road,4833.77,Oct-Dec,2026,Hosur Road,Moderate
3232,Hosur Road,4853.83,Jan-Mar,2027,Hosur Road,Moderate
3233,Hosur Road,4842.75,Apr-Jun,2027,Hosur Road,Moderate
3234,Hosur Road,4833.94,Jul-Sep,2027,Hosur Road,Moderate
3235,Hosur Road,4736.86,Oct-Dec,2027,Hosur Road,Moderate
3236,Hosur Road,4763.32,Jan-Mar,2028,Hosur Road,Moderate
3237,Hosur Road,4722.08,Apr-Jun,2028,Hosur Road,Moderate
3238,Hosur Road,4694.73,Jul-Sep,2028,Hosur Road,Moderate
3239,Hosur Road,4680.88,Oct-Dec,2028,Hosur Road,Moderate
3240,Hosur Road,4881.39,Jan-Mar,2029,Hosur Road,Moderate
3241,Hosur Road,4891.04,Apr-Jun,2029,Hosur Road,Moderate
3242,Hosur Road,5033.99,Jul-Sep,2029,Hosur Road,Moderate
3243,Hosur Road,5128.9,Oct-Dec,2029,Hosur Road,Moderate
3244,Hosur Road,5975,Jan-Mar,2030,Hosur Road,Moderate
3245,Hosur Road,6157.19,Apr-Jun,2030,Hosur Road,Moderate
3246,Hosur Road,6623.85,Jul-Sep,2030,Hosur Road,Moderate
3247,Hosur Road,7884.08,Oct-Dec,2030,Hosur Road,Moderate
3248,Commissariat Road,17250.73,Jan-Mar,2024,Commissariat Road,Moderate
3249,Commissariat Road,17227,Apr-Jun,2024,Commissariat Road,Moderate
3250,Commissariat Road,17454.94,Jul-Sep,2024,Commissariat Road,Moderate
3251,Commissariat Road,16955.15,Oct-Dec,2024,Commissariat Road,Moderate
3252,Commissariat Road,18560.92667,Jan-Mar,2025,Commissariat Road,Moderate
3253,Commissariat Road,18041.75333,Apr-Jun,2025,Commissariat Road,Moderate
3254,Commissariat Road,14475.018,Jul-Sep,2025,Commissariat Road,Moderate
3255,Commissariat Road,9901.026667,Oct-Dec,2025,Commissariat Road,Moderate
3256,Commissariat Road,10273.1,Jan-Mar,2026,Commissariat Road,Moderate
3257,Commissariat Road,10327.5,Apr-Jun,2026,Commissariat Road,Moderate
3258,Commissariat Road,10519.51,Jul-Sep,2026,Commissariat Road,Moderate
3259,Commissariat Road,10843,Oct-Dec,2026,Commissariat Road,Moderate
3260,Commissariat Road,11734.62,Jan-Mar,2027,Commissariat Road,Moderate
3261,Commissariat Road,11757.06,Apr-Jun,2027,Commissariat Road,Moderate
3262,Commissariat Road,12007.76,Jul-Sep,2027,Commissariat Road,Moderate
3263,Commissariat Road,12376.35,Oct-Dec,2027,Commissariat Road,Moderate
3264,Commissariat Road,12686,Jan-Mar,2028,Commissariat Road,Moderate
3265,Commissariat Road,12464.5,Apr-Jun,2028,Commissariat Road,Moderate
3266,Commissariat Road,13180.25,Jul-Sep,2028,Commissariat Road,Moderate
3267,Commissariat Road,13836.5,Oct-Dec,2028,Commissariat Road,Moderate
3268,Commissariat Road,12532.74,Jan-Mar,2029,Commissariat Road,Moderate
3269,Commissariat Road,12598.84,Apr-Jun,2029,Commissariat Road,Moderate
3270,Commissariat Road,14514.86,Jul-Sep,2029,Commissariat Road,Moderate
3271,Commissariat Road,13713.68,Oct-Dec,2029,Commissariat Road,Moderate
3272,Commissariat Road,17250.73,Jan-Mar,2030,Commissariat Road,Moderate
3273,Commissariat Road,17227,Apr-Jun,2030,Commissariat Road,Moderate
3274,Commissariat Road,17454.94,Jul-Sep,2030,Commissariat Road,Moderate
3275,Commissariat Road,16955.15,Oct-Dec,2030,Commissariat Road,Moderate
3276,HSR Layout,10496.81,Jan-Mar,2024,HSR Layout,Moderate
3277,HSR Layout,11132.51,Apr-Jun,2024,HSR Layout,Moderate
3278,HSR Layout,10337.588,Jul-Sep,2024,HSR Layout,Moderate
3279,HSR Layout,10689.31,Oct-Dec,2024,HSR Layout,Moderate
3280,HSR Layout,10930.317,Jan-Mar,2025,HSR Layout,Moderate
3281,HSR Layout,11227.267,Apr-Jun,2025,HSR Layout,Moderate
3282,HSR Layout,8227.749,Jul-Sep,2025,HSR Layout,Moderate
3283,HSR Layout,7549.981,Oct-Dec,2025,HSR Layout,Moderate
3284,HSR Layout,6893.14,Jan-Mar,2026,HSR Layout,Moderate
3285,HSR Layout,6859.12,Apr-Jun,2026,HSR Layout,Moderate
3286,HSR Layout,6385.17,Jul-Sep,2026,HSR Layout,Moderate
3287,HSR Layout,6366.28,Oct-Dec,2026,HSR Layout,Moderate
3288,HSR Layout,6547.07,Jan-Mar,2027,HSR Layout,Moderate
3289,HSR Layout,6462.82,Apr-Jun,2027,HSR Layout,Moderate
3290,HSR Layout,6128.27,Jul-Sep,2027,HSR Layout,Moderate
3291,HSR Layout,6080.77,Oct-Dec,2027,HSR Layout,Moderate
3292,HSR Layout,6326.92,Jan-Mar,2028,HSR Layout,Moderate
3293,HSR Layout,6398.57,Apr-Jun,2028,HSR Layout,Moderate
3294,HSR Layout,6451.56,Jul-Sep,2028,HSR Layout,Moderate
3295,HSR Layout,6546.2,Oct-Dec,2028,HSR Layout,Moderate
3296,HSR Layout,6060.44,Jan-Mar,2029,HSR Layout,Moderate
3297,HSR Layout,6205.66,Apr-Jun,2029,HSR Layout,Moderate
3298,HSR Layout,6295.51,Jul-Sep,2029,HSR Layout,Moderate
3299,HSR Layout,6876.77,Oct-Dec,2029,HSR Layout,Moderate
3300,HSR Layout,10496.81,Jan-Mar,2030,HSR Layout,Moderate
3301,HSR Layout,11132.51,Apr-Jun,2030,HSR Layout,Moderate
3302,HSR Layout,10337.588,Jul-Sep,2030,HSR Layout,Moderate
3303,HSR Layout,10689.31,Oct-Dec,2030,HSR Layout,Moderate
3304,Coles Road,11386.94,Jan-Mar,2024,Coles Road,Moderate
3305,Coles Road,11228.25,Apr-Jun,2024,Coles Road,Moderate
3306,Coles Road,12070.68,Jul-Sep,2024,Coles Road,Moderate
3307,Coles Road,13366.82667,Oct-Dec,2024,Coles Road,Moderate
3308,Coles Road,13824.41333,Jan-Mar,2025,Coles Road,Moderate
3309,Coles Road,12860.70333,Apr-Jun,2025,Coles Road,Moderate
3310,Coles Road,10121.83162,Jul-Sep,2025,Coles Road,Moderate
3311,Coles Road,8030.462667,Oct-Dec,2025,Coles Road,Moderate
3312,Coles Road,7447,Jan-Mar,2026,Coles Road,Moderate
3313,Coles Road,7503,Apr-Jun,2026,Coles Road,Moderate
3314,Coles Road,7599.5,Jul-Sep,2026,Coles Road,Moderate
3315,Coles Road,7668,Oct-Dec,2026,Coles Road,Moderate
3316,Coles Road,7871.6,Jan-Mar,2027,Coles Road,Moderate
3317,Coles Road,7926.5,Apr-Jun,2027,Coles Road,Moderate
3318,Coles Road,8068,Jul-Sep,2027,Coles Road,Moderate
3319,Coles Road,8156,Oct-Dec,2027,Coles Road,Moderate
3320,Coles Road,8756.76,Jan-Mar,2028,Coles Road,Moderate
3321,Coles Road,8719.76,Apr-Jun,2028,Coles Road,Moderate
3322,Coles Road,8964.51,Jul-Sep,2028,Coles Road,Moderate
3323,Coles Road,9538.64,Oct-Dec,2028,Coles Road,Moderate
3324,Coles Road,9106.64,Jan-Mar,2029,Coles Road,Moderate
3325,Coles Road,9228.15,Apr-Jun,2029,Coles Road,Moderate
3326,Coles Road,10479.2,Jul-Sep,2029,Coles Road,Moderate
3327,Coles Road,10192.51,Oct-Dec,2029,Coles Road,Moderate
3328,Coles Road,11386.94,Jan-Mar,2030,Coles Road,Moderate
3329,Coles Road,11228.25,Apr-Jun,2030,Coles Road,Moderate
3330,Coles Road,12070.68,Jul-Sep,2030,Coles Road,Moderate
3331,Coles Road,13366.82667,Oct-Dec,2030,Coles Road,Moderate
3332,Hulimavu,7545.25,Jan-Mar,2024,Hulimavu,Moderate
3333,Hulimavu,7388.77,Apr-Jun,2024,Hulimavu,Moderate
3334,Hulimavu,8065.08,Jul-Sep,2024,Hulimavu,Moderate
3335,Hulimavu,7670.46,Oct-Dec,2024,Hulimavu,Moderate
3336,Hulimavu,8087,Jan-Mar,2025,Hulimavu,Moderate
3337,Hulimavu,7729.21,Apr-Jun,2025,Hulimavu,Moderate
3338,Hulimavu,8217.94,Jul-Sep,2025,Hulimavu,Moderate
3339,Hulimavu,5254.1,Oct-Dec,2025,Hulimavu,Moderate
3340,Hulimavu,5223.59,Jan-Mar,2026,Hulimavu,Moderate
3341,Hulimavu,5321.17,Apr-Jun,2026,Hulimavu,Moderate
3342,Hulimavu,5413.74,Jul-Sep,2026,Hulimavu,Moderate
3343,Hulimavu,5285.49,Oct-Dec,2026,Hulimavu,Moderate
3344,Hulimavu,5318.15,Jan-Mar,2027,Hulimavu,Moderate
3345,Hulimavu,5357.51,Apr-Jun,2027,Hulimavu,Moderate
3346,Hulimavu,5297.78,Jul-Sep,2027,Hulimavu,Moderate
3347,Hulimavu,5183.3,Oct-Dec,2027,Hulimavu,Moderate
3348,Hulimavu,5642.77,Jan-Mar,2028,Hulimavu,Moderate
3349,Hulimavu,5716.51,Apr-Jun,2028,Hulimavu,Moderate
3350,Hulimavu,5716.89,Jul-Sep,2028,Hulimavu,Moderate
3351,Hulimavu,5664.94,Oct-Dec,2028,Hulimavu,Moderate
3352,Hulimavu,5989.16,Jan-Mar,2029,Hulimavu,Moderate
3353,Hulimavu,6464.84,Apr-Jun,2029,Hulimavu,Moderate
3354,Hulimavu,7257.3,Jul-Sep,2029,Hulimavu,Moderate
3355,Hulimavu,7487.86,Oct-Dec,2029,Hulimavu,Moderate
3356,Hulimavu,7545.25,Jan-Mar,2030,Hulimavu,Moderate
3357,Hulimavu,7388.77,Apr-Jun,2030,Hulimavu,Moderate
3358,Hulimavu,8065.08,Jul-Sep,2030,Hulimavu,Moderate
3359,Hulimavu,7670.46,Oct-Dec,2030,Hulimavu,Moderate
3360,RK Hegde Nagar,7590.81,Jan-Mar,2024,RK Hegde Nagar,Moderate
3361,RK Hegde Nagar,8132.16,Apr-Jun,2024,RK Hegde Nagar,Moderate
3362,RK Hegde Nagar,8424.515,Jul-Sep,2024,RK Hegde Nagar,Moderate
3363,RK Hegde Nagar,10446.13,Oct-Dec,2024,RK Hegde Nagar,Moderate
3364,RK Hegde Nagar,8921.48,Jan-Mar,2025,RK Hegde Nagar,Moderate
3365,RK Hegde Nagar,9009.22,Apr-Jun,2025,RK Hegde Nagar,Moderate
3366,RK Hegde Nagar,9278.1325,Jul-Sep,2025,RK Hegde Nagar,Moderate
3367,RK Hegde Nagar,6635.44,Oct-Dec,2025,RK Hegde Nagar,Moderate
3368,RK Hegde Nagar,5636.22,Jan-Mar,2026,RK Hegde Nagar,Moderate
3369,RK Hegde Nagar,5726.24,Apr-Jun,2026,RK Hegde Nagar,Moderate
3370,RK Hegde Nagar,5772.2,Jul-Sep,2026,RK Hegde Nagar,Moderate
3371,RK Hegde Nagar,5749.91,Oct-Dec,2026,RK Hegde Nagar,Moderate
3372,RK Hegde Nagar,5508.65,Jan-Mar,2027,RK Hegde Nagar,Moderate
3373,RK Hegde Nagar,5949.46,Apr-Jun,2027,RK Hegde Nagar,Moderate
3374,RK Hegde Nagar,5959.8,Jul-Sep,2027,RK Hegde Nagar,Moderate
3375,RK Hegde Nagar,6053.66,Oct-Dec,2027,RK Hegde Nagar,Moderate
3376,RK Hegde Nagar,6164.06,Jan-Mar,2028,RK Hegde Nagar,Moderate
3377,RK Hegde Nagar,6266.81,Apr-Jun,2028,RK Hegde Nagar,Moderate
3378,RK Hegde Nagar,6463.06,Jul-Sep,2028,RK Hegde Nagar,Moderate
3379,RK Hegde Nagar,6960.73,Oct-Dec,2028,RK Hegde Nagar,Moderate
3380,RK Hegde Nagar,7329.67,Jan-Mar,2029,RK Hegde Nagar,Moderate
3381,RK Hegde Nagar,7408.88,Apr-Jun,2029,RK Hegde Nagar,Moderate
3382,RK Hegde Nagar,7387.42,Jul-Sep,2029,RK Hegde Nagar,Moderate
3383,RK Hegde Nagar,7499.49,Oct-Dec,2029,RK Hegde Nagar,Moderate
3384,RK Hegde Nagar,7590.81,Jan-Mar,2030,RK Hegde Nagar,Moderate
3385,RK Hegde Nagar,8132.16,Apr-Jun,2030,RK Hegde Nagar,Moderate
3386,RK Hegde Nagar,8424.515,Jul-Sep,2030,RK Hegde Nagar,Moderate
3387,RK Hegde Nagar,10446.13,Oct-Dec,2030,RK Hegde Nagar,Moderate
3388,Davis Road,11164.28,Jan-Mar,2024,Davis Road,Moderate
3389,Davis Road,10813.84,Apr-Jun,2024,Davis Road,Moderate
3390,Davis Road,11639.03,Jul-Sep,2024,Davis Road,Moderate
3391,Davis Road,11382.64,Oct-Dec,2024,Davis Road,Moderate
3392,Davis Road,11140.01,Jan-Mar,2025,Davis Road,Moderate
3393,Davis Road,11707.68,Apr-Jun,2025,Davis Road,Moderate
3394,Davis Road,11867.82267,Jul-Sep,2025,Davis Road,Moderate
3395,Davis Road,9144.83,Oct-Dec,2025,Davis Road,Moderate
3396,Davis Road,5245.23,Jan-Mar,2026,Davis Road,Moderate
3397,Davis Road,5194.95,Apr-Jun,2026,Davis Road,Moderate
3398,Davis Road,5188.16,Jul-Sep,2026,Davis Road,Moderate
3399,Davis Road,5112.48,Oct-Dec,2026,Davis Road,Moderate
3400,Davis Road,5241.89,Jan-Mar,2027,Davis Road,Moderate
3401,Davis Road,5185.88,Apr-Jun,2027,Davis Road,Moderate
3402,Davis Road,5227.89,Jul-Sep,2027,Davis Road,Moderate
3403,Davis Road,5187.32,Oct-Dec,2027,Davis Road,Moderate
3404,Davis Road,5581.32,Jan-Mar,2028,Davis Road,Moderate
3405,Davis Road,5861.62,Apr-Jun,2028,Davis Road,Moderate
3406,Davis Road,5850.43,Jul-Sep,2028,Davis Road,Moderate
3407,Davis Road,6098.29,Oct-Dec,2028,Davis Road,Moderate
3408,Davis Road,5325.91,Jan-Mar,2029,Davis Road,Moderate
3409,Davis Road,5433.73,Apr-Jun,2029,Davis Road,Moderate
3410,Davis Road,5407.87,Jul-Sep,2029,Davis Road,Moderate
3411,Davis Road,5552.51,Oct-Dec,2029,Davis Road,Moderate
3412,Davis Road,11164.28,Jan-Mar,2030,Davis Road,Moderate
3413,Davis Road,10813.84,Apr-Jun,2030,Davis Road,Moderate
3414,Davis Road,11639.03,Jul-Sep,2030,Davis Road,Moderate
3415,Davis Road,11382.64,Oct-Dec,2030,Davis Road,Moderate
3416,Hosa Road,5468.73,Jan-Mar,2024,Hosa Road,Moderate
3417,Hosa Road,5625.22,Apr-Jun,2024,Hosa Road,Moderate
3418,Hosa Road,5683.214333,Jul-Sep,2024,Hosa Road,Moderate
3419,Hosa Road,5834.454167,Oct-Dec,2024,Hosa Road,Moderate
3420,Hosa Road,5970.625333,Jan-Mar,2025,Hosa Road,Moderate
3421,Hosa Road,6056.083333,Apr-Jun,2025,Hosa Road,Moderate
3422,Hosa Road,5659.714,Jul-Sep,2025,Hosa Road,Moderate
3423,Hosa Road,4309.34,Oct-Dec,2025,Hosa Road,Moderate
3424,Hosa Road,4854.145,Jan-Mar,2026,Hosa Road,Moderate
3425,Hosa Road,5027.19,Apr-Jun,2026,Hosa Road,Moderate
3426,Hosa Road,4966.44,Jul-Sep,2026,Hosa Road,Moderate
3427,Hosa Road,4995.126667,Oct-Dec,2026,Hosa Road,Moderate
3428,Hosa Road,5109.585,Jan-Mar,2027,Hosa Road,Moderate
3429,Hosa Road,5195.57,Apr-Jun,2027,Hosa Road,Moderate
3430,Hosa Road,5162.933333,Jul-Sep,2027,Hosa Road,Moderate
3431,Hosa Road,5127.05,Oct-Dec,2027,Hosa Road,Moderate
3432,Hosa Road,5219.72,Jan-Mar,2028,Hosa Road,Moderate
3433,Hosa Road,5342.76,Apr-Jun,2028,Hosa Road,Moderate
3434,Hosa Road,5585.33,Jul-Sep,2028,Hosa Road,Moderate
3435,Hosa Road,5646.567,Oct-Dec,2028,Hosa Road,Moderate
3436,Hosa Road,5730.79,Jan-Mar,2029,Hosa Road,Moderate
3437,Hosa Road,5764.93,Apr-Jun,2029,Hosa Road,Moderate
3438,Hosa Road,5778.71,Jul-Sep,2029,Hosa Road,Moderate
3439,Hosa Road,5849.78,Oct-Dec,2029,Hosa Road,Moderate
3440,Hosa Road,5468.73,Jan-Mar,2030,Hosa Road,Moderate
3441,Hosa Road,5625.22,Apr-Jun,2030,Hosa Road,Moderate
3442,Hosa Road,5683.214333,Jul-Sep,2030,Hosa Road,Moderate
3443,Hosa Road,5834.454167,Oct-Dec,2030,Hosa Road,Moderate
3444,Stage 2 RMV,9345.62,Jan-Mar,2024,Stage 2 RMV,Low
3445,Stage 2 RMV,9353.3,Apr-Jun,2024,Stage 2 RMV,Low
3446,Stage 2 RMV,9916.535,Jul-Sep,2024,Stage 2 RMV,Low
3447,Stage 2 RMV,10799.77,Oct-Dec,2024,Stage 2 RMV,Low
3448,Stage 2 RMV,10728.6075,Jan-Mar,2025,Stage 2 RMV,Low
3449,Stage 2 RMV,11642.54,Apr-Jun,2025,Stage 2 RMV,Low
3450,Stage 2 RMV,12025.786,Jul-Sep,2025,Stage 2 RMV,Low
3451,Stage 2 RMV,9350.02,Oct-Dec,2025,Stage 2 RMV,Low
3452,Stage 2 RMV,9392.42,Jan-Mar,2026,Stage 2 RMV,Low
3453,Stage 2 RMV,9494.37,Apr-Jun,2026,Stage 2 RMV,Low
3454,Stage 2 RMV,9969.31,Jul-Sep,2026,Stage 2 RMV,Low
3455,Stage 2 RMV,9770.4,Oct-Dec,2026,Stage 2 RMV,Low
3456,Stage 2 RMV,9429.85,Jan-Mar,2027,Stage 2 RMV,Low
3457,Stage 2 RMV,9555,Apr-Jun,2027,Stage 2 RMV,Low
3458,Stage 2 RMV,9701.88,Jul-Sep,2027,Stage 2 RMV,Low
3459,Stage 2 RMV,9590.99,Oct-Dec,2027,Stage 2 RMV,Low
3460,Stage 2 RMV,10228.52,Jan-Mar,2028,Stage 2 RMV,Low
3461,Stage 2 RMV,10129.29,Apr-Jun,2028,Stage 2 RMV,Low
3462,Stage 2 RMV,9982.35,Jul-Sep,2028,Stage 2 RMV,Low
3463,Stage 2 RMV,10060.09,Oct-Dec,2028,Stage 2 RMV,Low
3464,Stage 2 RMV,10085.56,Jan-Mar,2029,Stage 2 RMV,Low
3465,Stage 2 RMV,10704.52,Apr-Jun,2029,Stage 2 RMV,Low
3466,Stage 2 RMV,10841.42,Jul-Sep,2029,Stage 2 RMV,Low
3467,Stage 2 RMV,10868.47,Oct-Dec,2029,Stage 2 RMV,Low
3468,Stage 2 RMV,9345.62,Jan-Mar,2030,Stage 2 RMV,Low
3469,Stage 2 RMV,9353.3,Apr-Jun,2030,Stage 2 RMV,Low
3470,Stage 2 RMV,9916.535,Jul-Sep,2030,Stage 2 RMV,Low
3471,Stage 2 RMV,10799.77,Oct-Dec,2030,Stage 2 RMV,Low
3472,Hesarghatta Road,7963.4,Jan-Mar,2024,Hesarghatta Road,Moderate
3473,Hesarghatta Road,7940.35,Apr-Jun,2024,Hesarghatta Road,Moderate
3474,Hesarghatta Road,8256.488333,Jul-Sep,2024,Hesarghatta Road,Moderate
3475,Hesarghatta Road,8094.27,Oct-Dec,2024,Hesarghatta Road,Moderate
3476,Hesarghatta Road,8731.616667,Jan-Mar,2025,Hesarghatta Road,Moderate
3477,Hesarghatta Road,9039.196667,Apr-Jun,2025,Hesarghatta Road,Moderate
3478,Hesarghatta Road,7541.662,Jul-Sep,2025,Hesarghatta Road,Moderate
3479,Hesarghatta Road,5888.538333,Oct-Dec,2025,Hesarghatta Road,Moderate
3480,Hesarghatta Road,4645.44,Jan-Mar,2026,Hesarghatta Road,Moderate
3481,Hesarghatta Road,4735.47,Apr-Jun,2026,Hesarghatta Road,Moderate
3482,Hesarghatta Road,4805.94,Jul-Sep,2026,Hesarghatta Road,Moderate
3483,Hesarghatta Road,5018.63,Oct-Dec,2026,Hesarghatta Road,Moderate
3484,Hesarghatta Road,5340.77,Jan-Mar,2027,Hesarghatta Road,Moderate
3485,Hesarghatta Road,5502.67,Apr-Jun,2027,Hesarghatta Road,Moderate
3486,Hesarghatta Road,5555.85,Jul-Sep,2027,Hesarghatta Road,Moderate
3487,Hesarghatta Road,5748.35,Oct-Dec,2027,Hesarghatta Road,Moderate
3488,Hesarghatta Road,6050.94,Jan-Mar,2028,Hesarghatta Road,Moderate
3489,Hesarghatta Road,6247.67,Apr-Jun,2028,Hesarghatta Road,Moderate
3490,Hesarghatta Road,6247.27,Jul-Sep,2028,Hesarghatta Road,Moderate
3491,Hesarghatta Road,6494.94,Oct-Dec,2028,Hesarghatta Road,Moderate
3492,Hesarghatta Road,5904.33,Jan-Mar,2029,Hesarghatta Road,Moderate
3493,Hesarghatta Road,6227.28,Apr-Jun,2029,Hesarghatta Road,Moderate
3494,Hesarghatta Road,6901.7,Jul-Sep,2029,Hesarghatta Road,Moderate
3495,Hesarghatta Road,7242.25,Oct-Dec,2029,Hesarghatta Road,Moderate
3496,Hesarghatta Road,7963.4,Jan-Mar,2030,Hesarghatta Road,Moderate
3497,Hesarghatta Road,7940.35,Apr-Jun,2030,Hesarghatta Road,Moderate
3498,Hesarghatta Road,8256.488333,Jul-Sep,2030,Hesarghatta Road,Moderate
3499,Hesarghatta Road,8094.27,Oct-Dec,2030,Hesarghatta Road,Moderate
3500,Sahakar Nagar,9307.8825,Jan-Mar,2024,Sahakar Nagar,Moderate
3501,Sahakar Nagar,9411.6225,Apr-Jun,2024,Sahakar Nagar,Moderate
3502,Sahakar Nagar,8223.4625,Jul-Sep,2024,Sahakar Nagar,Moderate
3503,Sahakar Nagar,12428.26167,Oct-Dec,2024,Sahakar Nagar,Moderate
3504,Sahakar Nagar,7879.9325,Jan-Mar,2025,Sahakar Nagar,Moderate
3505,Sahakar Nagar,8514.7525,Apr-Jun,2025,Sahakar Nagar,Moderate
3506,Sahakar Nagar,7450.284167,Jul-Sep,2025,Sahakar Nagar,Moderate
3507,Sahakar Nagar,7065.745,Oct-Dec,2025,Sahakar Nagar,Moderate
3508,Sahakar Nagar,6170.61,Jan-Mar,2026,Sahakar Nagar,Moderate
3509,Sahakar Nagar,6130.76,Apr-Jun,2026,Sahakar Nagar,Moderate
3510,Sahakar Nagar,6125.94,Jul-Sep,2026,Sahakar Nagar,Moderate
3511,Sahakar Nagar,5960.37,Oct-Dec,2026,Sahakar Nagar,Moderate
3512,Sahakar Nagar,6098.24,Jan-Mar,2027,Sahakar Nagar,Moderate
3513,Sahakar Nagar,5987.52,Apr-Jun,2027,Sahakar Nagar,Moderate
3514,Sahakar Nagar,6032.48,Jul-Sep,2027,Sahakar Nagar,Moderate
3515,Sahakar Nagar,5954.93,Oct-Dec,2027,Sahakar Nagar,Moderate
3516,Sahakar Nagar,6589.65,Jan-Mar,2028,Sahakar Nagar,Moderate
3517,Sahakar Nagar,6643.69,Apr-Jun,2028,Sahakar Nagar,Moderate
3518,Sahakar Nagar,6404.6,Jul-Sep,2028,Sahakar Nagar,Moderate
3519,Sahakar Nagar,7027.08,Oct-Dec,2028,Sahakar Nagar,Moderate
3520,Sahakar Nagar,6741.01,Jan-Mar,2029,Sahakar Nagar,Moderate
3521,Sahakar Nagar,6908.87,Apr-Jun,2029,Sahakar Nagar,Moderate
3522,Sahakar Nagar,6639.99,Jul-Sep,2029,Sahakar Nagar,Moderate
3523,Sahakar Nagar,6930.39,Oct-Dec,2029,Sahakar Nagar,Moderate
3524,Sahakar Nagar,9307.8825,Jan-Mar,2030,Sahakar Nagar,Moderate
3525,Sahakar Nagar,9411.6225,Apr-Jun,2030,Sahakar Nagar,Moderate
3526,Sahakar Nagar,8223.4625,Jul-Sep,2030,Sahakar Nagar,Moderate
3527,Sahakar Nagar,12428.26167,Oct-Dec,2030,Sahakar Nagar,Moderate
3528,Spencer Road,10171.5,Jan-Mar,2024,Spencer Road,Moderate
3529,Spencer Road,10311.21,Apr-Jun,2024,Spencer Road,Moderate
3530,Spencer Road,11448.03,Jul-Sep,2024,Spencer Road,Moderate
3531,Spencer Road,11164.61,Oct-Dec,2024,Spencer Road,Moderate
3532,Spencer Road,10818.43,Jan-Mar,2025,Spencer Road,Moderate
3533,Spencer Road,11963.09,Apr-Jun,2025,Spencer Road,Moderate
3534,Spencer Road,11672.53117,Jul-Sep,2025,Spencer Road,Moderate
3535,Spencer Road,9648.385,Oct-Dec,2025,Spencer Road,Moderate
3536,Spencer Road,9264.77,Jan-Mar,2026,Spencer Road,Moderate
3537,Spencer Road,9358.41,Apr-Jun,2026,Spencer Road,Moderate
3538,Spencer Road,9857.6,Jul-Sep,2026,Spencer Road,Moderate
3539,Spencer Road,9601.16,Oct-Dec,2026,Spencer Road,Moderate
3540,Spencer Road,9328.17,Jan-Mar,2027,Spencer Road,Moderate
3541,Spencer Road,9489.65,Apr-Jun,2027,Spencer Road,Moderate
3542,Spencer Road,9627.3,Jul-Sep,2027,Spencer Road,Moderate
3543,Spencer Road,9489.46,Oct-Dec,2027,Spencer Road,Moderate
3544,Spencer Road,10031.39,Jan-Mar,2028,Spencer Road,Moderate
3545,Spencer Road,9991.1,Apr-Jun,2028,Spencer Road,Moderate
3546,Spencer Road,9794.85,Jul-Sep,2028,Spencer Road,Moderate
3547,Spencer Road,9830.38,Oct-Dec,2028,Spencer Road,Moderate
3548,Spencer Road,9934.05,Jan-Mar,2029,Spencer Road,Moderate
3549,Spencer Road,10613.56,Apr-Jun,2029,Spencer Road,Moderate
3550,Spencer Road,10824.98,Jul-Sep,2029,Spencer Road,Moderate
3551,Spencer Road,10989.73,Oct-Dec,2029,Spencer Road,Moderate
3552,Spencer Road,10171.5,Jan-Mar,2030,Spencer Road,Moderate
3553,Spencer Road,10311.21,Apr-Jun,2030,Spencer Road,Moderate
3554,Spencer Road,11448.03,Jul-Sep,2030,Spencer Road,Moderate
3555,Spencer Road,11164.61,Oct-Dec,2030,Spencer Road,Moderate
3556,Holiday Village Road,7982.9,Jan-Mar,2024,Holiday Village Road,Moderate
3557,Holiday Village Road,7927.72,Apr-Jun,2024,Holiday Village Road,Moderate
3558,Holiday Village Road,8331.03,Jul-Sep,2024,Holiday Village Road,Moderate
3559,Holiday Village Road,8060.48,Oct-Dec,2024,Holiday Village Road,Moderate
3560,Holiday Village Road,9026.57,Jan-Mar,2025,Holiday Village Road,Moderate
3561,Holiday Village Road,9302.98,Apr-Jun,2025,Holiday Village Road,Moderate
3562,Holiday Village Road,9074.243333,Jul-Sep,2025,Holiday Village Road,Moderate
3563,Holiday Village Road,6242.77,Oct-Dec,2025,Holiday Village Road,Moderate
3564,Holiday Village Road,4638.33,Jan-Mar,2026,Holiday Village Road,Moderate
3565,Holiday Village Road,4758.35,Apr-Jun,2026,Holiday Village Road,Moderate
3566,Holiday Village Road,4845.3,Jul-Sep,2026,Holiday Village Road,Moderate
3567,Holiday Village Road,5071.16,Oct-Dec,2026,Holiday Village Road,Moderate
3568,Holiday Village Road,5386.73,Jan-Mar,2027,Holiday Village Road,Moderate
3569,Holiday Village Road,5552.3,Apr-Jun,2027,Holiday Village Road,Moderate
3570,Holiday Village Road,5578.21,Jul-Sep,2027,Holiday Village Road,Moderate
3571,Holiday Village Road,5773.7,Oct-Dec,2027,Holiday Village Road,Moderate
3572,Holiday Village Road,6164.33,Jan-Mar,2028,Holiday Village Road,Moderate
3573,Holiday Village Road,6319.94,Apr-Jun,2028,Holiday Village Road,Moderate
3574,Holiday Village Road,6298.19,Jul-Sep,2028,Holiday Village Road,Moderate
3575,Holiday Village Road,6564.35,Oct-Dec,2028,Holiday Village Road,Moderate
3576,Holiday Village Road,6654.07,Jan-Mar,2029,Holiday Village Road,Moderate
3577,Holiday Village Road,6673.01,Apr-Jun,2029,Holiday Village Road,Moderate
3578,Holiday Village Road,7123.78,Jul-Sep,2029,Holiday Village Road,Moderate
3579,Holiday Village Road,7382.63,Oct-Dec,2029,Holiday Village Road,Moderate
3580,Holiday Village Road,7982.9,Jan-Mar,2030,Holiday Village Road,Moderate
3581,Holiday Village Road,7927.72,Apr-Jun,2030,Holiday Village Road,Moderate
3582,Holiday Village Road,8331.03,Jul-Sep,2030,Holiday Village Road,Moderate
3583,Holiday Village Road,8060.48,Oct-Dec,2030,Holiday Village Road,Moderate
3584,Doddagubbi Main Road,3867.27,Jan-Mar,2024,Doddagubbi Main Road,Moderate
3585,Doddagubbi Main Road,3857.8,Apr-Jun,2024,Doddagubbi Main Road,Moderate
3586,Doddagubbi Main Road,3939.410714,Jul-Sep,2024,Doddagubbi Main Road,Moderate
3587,Doddagubbi Main Road,5335.396667,Oct-Dec,2024,Doddagubbi Main Road,Moderate
3588,Doddagubbi Main Road,4456.440833,Jan-Mar,2025,Doddagubbi Main Road,Moderate
3589,Doddagubbi Main Road,4574.805833,Apr-Jun,2025,Doddagubbi Main Road,Moderate
3590,Doddagubbi Main Road,3596.327964,Jul-Sep,2025,Doddagubbi Main Road,Moderate
3591,Doddagubbi Main Road,2675.4625,Oct-Dec,2025,Doddagubbi Main Road,Moderate
3592,Doddagubbi Main Road,2784.34,Jan-Mar,2026,Doddagubbi Main Road,Moderate
3593,Doddagubbi Main Road,2764.22,Apr-Jun,2026,Doddagubbi Main Road,Moderate
3594,Doddagubbi Main Road,2717.14,Jul-Sep,2026,Doddagubbi Main Road,Moderate
3595,Doddagubbi Main Road,2442.9,Oct-Dec,2026,Doddagubbi Main Road,Moderate
3596,Doddagubbi Main Road,2812.78,Jan-Mar,2027,Doddagubbi Main Road,Moderate
3597,Doddagubbi Main Road,2775.85,Apr-Jun,2027,Doddagubbi Main Road,Moderate
3598,Doddagubbi Main Road,2729.95,Jul-Sep,2027,Doddagubbi Main Road,Moderate
3599,Doddagubbi Main Road,2530.66,Oct-Dec,2027,Doddagubbi Main Road,Moderate
3600,Doddagubbi Main Road,2958.24,Jan-Mar,2028,Doddagubbi Main Road,Moderate
3601,Doddagubbi Main Road,3059.26,Apr-Jun,2028,Doddagubbi Main Road,Moderate
3602,Doddagubbi Main Road,3213.9,Jul-Sep,2028,Doddagubbi Main Road,Moderate
3603,Doddagubbi Main Road,3449.05,Oct-Dec,2028,Doddagubbi Main Road,Moderate
3604,Doddagubbi Main Road,3323.15,Jan-Mar,2029,Doddagubbi Main Road,Moderate
3605,Doddagubbi Main Road,3295.81,Apr-Jun,2029,Doddagubbi Main Road,Moderate
3606,Doddagubbi Main Road,3434.06,Jul-Sep,2029,Doddagubbi Main Road,Moderate
3607,Doddagubbi Main Road,3537.13,Oct-Dec,2029,Doddagubbi Main Road,Moderate
3608,Doddagubbi Main Road,3867.27,Jan-Mar,2030,Doddagubbi Main Road,Moderate
3609,Doddagubbi Main Road,3857.8,Apr-Jun,2030,Doddagubbi Main Road,Moderate
3610,Doddagubbi Main Road,3939.410714,Jul-Sep,2030,Doddagubbi Main Road,Moderate
3611,Doddagubbi Main Road,5335.396667,Oct-Dec,2030,Doddagubbi Main Road,Moderate
3612,Hoodi,6856.13,Jan-Mar,2024,Hoodi,High
3613,Hoodi,6738.66,Apr-Jun,2024,Hoodi,High
3614,Hoodi,7354.1,Jul-Sep,2024,Hoodi,High
3615,Hoodi,7375.62,Oct-Dec,2024,Hoodi,High
3616,Hoodi,8187.483333,Jan-Mar,2025,Hoodi,High
3617,Hoodi,8264.053333,Apr-Jun,2025,Hoodi,High
3618,Hoodi,7371.495476,Jul-Sep,2025,Hoodi,High
3619,Hoodi,5808.89,Oct-Dec,2025,Hoodi,High
3620,Hoodi,5883.31,Jan-Mar,2026,Hoodi,High
3621,Hoodi,5962.64,Apr-Jun,2026,Hoodi,High
3622,Hoodi,6114.32,Jul-Sep,2026,Hoodi,High
3623,Hoodi,6115.78,Oct-Dec,2026,Hoodi,High
3624,Hoodi,6231.62,Jan-Mar,2027,Hoodi,High
3625,Hoodi,6408.04,Apr-Jun,2027,Hoodi,High
3626,Hoodi,6224.92,Jul-Sep,2027,Hoodi,High
3627,Hoodi,6252.38,Oct-Dec,2027,Hoodi,High
3628,Hoodi,6172.07,Jan-Mar,2028,Hoodi,High
3629,Hoodi,6278.07,Apr-Jun,2028,Hoodi,High
3630,Hoodi,6086.31,Jul-Sep,2028,Hoodi,High
3631,Hoodi,6095.18,Oct-Dec,2028,Hoodi,High
3632,Hoodi,6198.34,Jan-Mar,2029,Hoodi,High
3633,Hoodi,6188.23,Apr-Jun,2029,Hoodi,High
3634,Hoodi,6101.37,Jul-Sep,2029,Hoodi,High
3635,Hoodi,6398.5,Oct-Dec,2029,Hoodi,High
3636,Hoodi,6856.13,Jan-Mar,2030,Hoodi,High
3637,Hoodi,6738.66,Apr-Jun,2030,Hoodi,High
3638,Hoodi,7354.1,Jul-Sep,2030,Hoodi,High
3639,Hoodi,7375.62,Oct-Dec,2030,Hoodi,High
3640,Sadarmangala Main Road,8905.08,Jan-Mar,2024,Sadarmangala Main Road,Moderate
3641,Sadarmangala Main Road,8930.84,Apr-Jun,2024,Sadarmangala Main Road,Moderate
3642,Sadarmangala Main Road,8232.825,Jul-Sep,2024,Sadarmangala Main Road,Moderate
3643,Sadarmangala Main Road,11814.92,Oct-Dec,2024,Sadarmangala Main Road,Moderate
3644,Sadarmangala Main Road,7558.995,Jan-Mar,2025,Sadarmangala Main Road,Moderate
3645,Sadarmangala Main Road,8162.245,Apr-Jun,2025,Sadarmangala Main Road,Moderate
3646,Sadarmangala Main Road,7545.760833,Jul-Sep,2025,Sadarmangala Main Road,Moderate
3647,Sadarmangala Main Road,7241.4075,Oct-Dec,2025,Sadarmangala Main Road,Moderate
3648,Sadarmangala Main Road,6170.61,Jan-Mar,2026,Sadarmangala Main Road,Moderate
3649,Sadarmangala Main Road,6130.76,Apr-Jun,2026,Sadarmangala Main Road,Moderate
3650,Sadarmangala Main Road,6125.94,Jul-Sep,2026,Sadarmangala Main Road,Moderate
3651,Sadarmangala Main Road,5960.37,Oct-Dec,2026,Sadarmangala Main Road,Moderate
3652,Sadarmangala Main Road,6098.24,Jan-Mar,2027,Sadarmangala Main Road,Moderate
3653,Sadarmangala Main Road,5987.52,Apr-Jun,2027,Sadarmangala Main Road,Moderate
3654,Sadarmangala Main Road,6032.48,Jul-Sep,2027,Sadarmangala Main Road,Moderate
3655,Sadarmangala Main Road,5954.93,Oct-Dec,2027,Sadarmangala Main Road,Moderate
3656,Sadarmangala Main Road,6635.28,Jan-Mar,2028,Sadarmangala Main Road,Moderate
3657,Sadarmangala Main Road,6689.32,Apr-Jun,2028,Sadarmangala Main Road,Moderate
3658,Sadarmangala Main Road,6404.6,Jul-Sep,2028,Sadarmangala Main Road,Moderate
3659,Sadarmangala Main Road,7027.08,Oct-Dec,2028,Sadarmangala Main Road,Moderate
3660,Sadarmangala Main Road,6741.01,Jan-Mar,2029,Sadarmangala Main Road,Moderate
3661,Sadarmangala Main Road,6908.87,Apr-Jun,2029,Sadarmangala Main Road,Moderate
3662,Sadarmangala Main Road,6639.99,Jul-Sep,2029,Sadarmangala Main Road,Moderate
3663,Sadarmangala Main Road,6930.39,Oct-Dec,2029,Sadarmangala Main Road,Moderate
3664,Sadarmangala Main Road,8905.08,Jan-Mar,2030,Sadarmangala Main Road,Moderate
3665,Sadarmangala Main Road,8930.84,Apr-Jun,2030,Sadarmangala Main Road,Moderate
3666,Sadarmangala Main Road,8232.825,Jul-Sep,2030,Sadarmangala Main Road,Moderate
3667,Sadarmangala Main Road,11814.92,Oct-Dec,2030,Sadarmangala Main Road,Moderate
3668,Doddaballapura Main Road,6452.54,Jan-Mar,2024,Doddaballapura Main Road,Moderate
3669,Doddaballapura Main Road,6555.43,Apr-Jun,2024,Doddaballapura Main Road,Moderate
3670,Doddaballapura Main Road,6359,Jul-Sep,2024,Doddaballapura Main Road,Moderate
3671,Doddaballapura Main Road,7005.05,Oct-Dec,2024,Doddaballapura Main Road,Moderate
3672,Doddaballapura Main Road,7094.25,Jan-Mar,2025,Doddaballapura Main Road,Moderate
3673,Doddaballapura Main Road,7294.02,Apr-Jun,2025,Doddaballapura Main Road,Moderate
3674,Doddaballapura Main Road,7009.816,Jul-Sep,2025,Doddaballapura Main Road,Moderate
3675,Doddaballapura Main Road,5072.76,Oct-Dec,2025,Doddaballapura Main Road,Moderate
3676,Doddaballapura Main Road,5020.2,Jan-Mar,2026,Doddaballapura Main Road,Moderate
3677,Doddaballapura Main Road,5106.32,Apr-Jun,2026,Doddaballapura Main Road,Moderate
3678,Doddaballapura Main Road,5182.35,Jul-Sep,2026,Doddaballapura Main Road,Moderate
3679,Doddaballapura Main Road,5035.7,Oct-Dec,2026,Doddaballapura Main Road,Moderate
3680,Doddaballapura Main Road,5094.32,Jan-Mar,2027,Doddaballapura Main Road,Moderate
3681,Doddaballapura Main Road,5116.03,Apr-Jun,2027,Doddaballapura Main Road,Moderate
3682,Doddaballapura Main Road,5178.79,Jul-Sep,2027,Doddaballapura Main Road,Moderate
3683,Doddaballapura Main Road,5148.15,Oct-Dec,2027,Doddaballapura Main Road,Moderate
3684,Doddaballapura Main Road,4307.4,Jan-Mar,2028,Doddaballapura Main Road,Moderate
3685,Doddaballapura Main Road,5127.45,Apr-Jun,2028,Doddaballapura Main Road,Moderate
3686,Doddaballapura Main Road,5157.14,Jul-Sep,2028,Doddaballapura Main Road,Moderate
3687,Doddaballapura Main Road,5206.06,Oct-Dec,2028,Doddaballapura Main Road,Moderate
3688,Doddaballapura Main Road,4762.32,Jan-Mar,2029,Doddaballapura Main Road,Moderate
3689,Doddaballapura Main Road,5123.7,Apr-Jun,2029,Doddaballapura Main Road,Moderate
3690,Doddaballapura Main Road,5140.08,Jul-Sep,2029,Doddaballapura Main Road,Moderate
3691,Doddaballapura Main Road,5116.67,Oct-Dec,2029,Doddaballapura Main Road,Moderate
3692,Doddaballapura Main Road,6452.54,Jan-Mar,2030,Doddaballapura Main Road,Moderate
3693,Doddaballapura Main Road,6555.43,Apr-Jun,2030,Doddaballapura Main Road,Moderate
3694,Doddaballapura Main Road,6359,Jul-Sep,2030,Doddaballapura Main Road,Moderate
3695,Doddaballapura Main Road,7005.05,Oct-Dec,2030,Doddaballapura Main Road,Moderate
3696,Doddaballapur Main Road,6352.32,Jan-Mar,2024,Doddaballapur Main Road,Low
3697,Doddaballapur Main Road,6515.64,Apr-Jun,2024,Doddaballapur Main Road,Low
3698,Doddaballapur Main Road,6063.64,Jul-Sep,2024,Doddaballapur Main Road,Low
3699,Doddaballapur Main Road,6948.22,Oct-Dec,2024,Doddaballapur Main Road,Low
3700,Doddaballapur Main Road,7145.92,Jan-Mar,2025,Doddaballapur Main Road,Low
3701,Doddaballapur Main Road,7423.74,Apr-Jun,2025,Doddaballapur Main Road,Low
3702,Doddaballapur Main Road,5853.14,Jul-Sep,2025,Doddaballapur Main Road,Low
3703,Doddaballapur Main Road,5087.17,Oct-Dec,2025,Doddaballapur Main Road,Low
3704,Doddaballapur Main Road,5020.2,Jan-Mar,2026,Doddaballapur Main Road,Low
3705,Doddaballapur Main Road,5106.32,Apr-Jun,2026,Doddaballapur Main Road,Low
3706,Doddaballapur Main Road,5179.26,Jul-Sep,2026,Doddaballapur Main Road,Low
3707,Doddaballapur Main Road,5035.51,Oct-Dec,2026,Doddaballapur Main Road,Low
3708,Doddaballapur Main Road,5086.72,Jan-Mar,2027,Doddaballapur Main Road,Low
3709,Doddaballapur Main Road,5116.03,Apr-Jun,2027,Doddaballapur Main Road,Low
3710,Doddaballapur Main Road,5178.79,Jul-Sep,2027,Doddaballapur Main Road,Low
3711,Doddaballapur Main Road,5148.15,Oct-Dec,2027,Doddaballapur Main Road,Low
3712,Doddaballapur Main Road,4359.9,Jan-Mar,2028,Doddaballapur Main Road,Low
3713,Doddaballapur Main Road,5137.95,Apr-Jun,2028,Doddaballapur Main Road,Low
3714,Doddaballapur Main Road,5165.64,Jul-Sep,2028,Doddaballapur Main Road,Low
3715,Doddaballapur Main Road,5189.72,Oct-Dec,2028,Doddaballapur Main Road,Low
3716,Doddaballapur Main Road,4849.49,Jan-Mar,2029,Doddaballapur Main Road,Low
3717,Doddaballapur Main Road,5242.29,Apr-Jun,2029,Doddaballapur Main Road,Low
3718,Doddaballapur Main Road,5265.58,Jul-Sep,2029,Doddaballapur Main Road,Low
3719,Doddaballapur Main Road,5263.17,Oct-Dec,2029,Doddaballapur Main Road,Low
3720,Doddaballapur Main Road,6352.32,Jan-Mar,2030,Doddaballapur Main Road,Low
3721,Doddaballapur Main Road,6515.64,Apr-Jun,2030,Doddaballapur Main Road,Low
3722,Doddaballapur Main Road,6063.64,Jul-Sep,2030,Doddaballapur Main Road,Low
3723,Doddaballapur Main Road,6948.22,Oct-Dec,2030,Doddaballapur Main Road,Low
3724,Stage 3rd Banashankari,6782.38,Jan-Mar,2024,Stage 3rd Banashankari,Low
3725,Stage 3rd Banashankari,6669.37,Apr-Jun,2024,Stage 3rd Banashankari,Low
3726,Stage 3rd Banashankari,7542.9,Jul-Sep,2024,Stage 3rd Banashankari,Low
3727,Stage 3rd Banashankari,8143.4,Oct-Dec,2024,Stage 3rd Banashankari,Low
3728,Stage 3rd Banashankari,7833.323333,Jan-Mar,2025,Stage 3rd Banashankari,Low
3729,Stage 3rd Banashankari,7936.926667,Apr-Jun,2025,Stage 3rd Banashankari,Low
3730,Stage 3rd Banashankari,7409.451333,Jul-Sep,2025,Stage 3rd Banashankari,Low
3731,Stage 3rd Banashankari,6171.886667,Oct-Dec,2025,Stage 3rd Banashankari,Low
3732,Stage 3rd Banashankari,6275.59,Jan-Mar,2026,Stage 3rd Banashankari,Low
3733,Stage 3rd Banashankari,6157.92,Apr-Jun,2026,Stage 3rd Banashankari,Low
3734,Stage 3rd Banashankari,6365.19,Jul-Sep,2026,Stage 3rd Banashankari,Low
3735,Stage 3rd Banashankari,5784.34,Oct-Dec,2026,Stage 3rd Banashankari,Low
3736,Stage 3rd Banashankari,5869.96,Jan-Mar,2027,Stage 3rd Banashankari,Low
3737,Stage 3rd Banashankari,5875.3,Apr-Jun,2027,Stage 3rd Banashankari,Low
3738,Stage 3rd Banashankari,5718.26,Jul-Sep,2027,Stage 3rd Banashankari,Low
3739,Stage 3rd Banashankari,5745.41,Oct-Dec,2027,Stage 3rd Banashankari,Low
3740,Stage 3rd Banashankari,5705.01,Jan-Mar,2028,Stage 3rd Banashankari,Low
3741,Stage 3rd Banashankari,5753.31,Apr-Jun,2028,Stage 3rd Banashankari,Low
3742,Stage 3rd Banashankari,5761.23,Jul-Sep,2028,Stage 3rd Banashankari,Low
3743,Stage 3rd Banashankari,5943.01,Oct-Dec,2028,Stage 3rd Banashankari,Low
3744,Stage 3rd Banashankari,5864.8,Jan-Mar,2029,Stage 3rd Banashankari,Low
3745,Stage 3rd Banashankari,5940.41,Apr-Jun,2029,Stage 3rd Banashankari,Low
3746,Stage 3rd Banashankari,6053.98,Jul-Sep,2029,Stage 3rd Banashankari,Low
3747,Stage 3rd Banashankari,6241.83,Oct-Dec,2029,Stage 3rd Banashankari,Low
3748,Stage 3rd Banashankari,6782.38,Jan-Mar,2030,Stage 3rd Banashankari,Low
3749,Stage 3rd Banashankari,6669.37,Apr-Jun,2030,Stage 3rd Banashankari,Low
3750,Stage 3rd Banashankari,7542.9,Jul-Sep,2030,Stage 3rd Banashankari,Low
3751,Stage 3rd Banashankari,8143.4,Oct-Dec,2030,Stage 3rd Banashankari,Low
3752,Horamavu,5237.093333,Jan-Mar,2024,Horamavu,Moderate
3753,Horamavu,5294.543333,Apr-Jun,2024,Horamavu,Moderate
3754,Horamavu,5189.602667,Jul-Sep,2024,Horamavu,Moderate
3755,Horamavu,5383.489167,Oct-Dec,2024,Horamavu,Moderate
3756,Horamavu,5374.644667,Jan-Mar,2025,Horamavu,Moderate
3757,Horamavu,5673.873333,Apr-Jun,2025,Horamavu,Moderate
3758,Horamavu,5284.168333,Jul-Sep,2025,Horamavu,Moderate
3759,Horamavu,5115.3,Oct-Dec,2025,Horamavu,Moderate
3760,Horamavu,4632.71,Jan-Mar,2026,Horamavu,Moderate
3761,Horamavu,4791.43,Apr-Jun,2026,Horamavu,Moderate
3762,Horamavu,5022.67,Jul-Sep,2026,Horamavu,Moderate
3763,Horamavu,5109.13,Oct-Dec,2026,Horamavu,Moderate
3764,Horamavu,4691.536667,Jan-Mar,2027,Horamavu,Moderate
3765,Horamavu,4754.06,Apr-Jun,2027,Horamavu,Moderate
3766,Horamavu,4902.89,Jul-Sep,2027,Horamavu,Moderate
3767,Horamavu,4914.38,Oct-Dec,2027,Horamavu,Moderate
3768,Horamavu,4748.12,Jan-Mar,2028,Horamavu,Moderate
3769,Horamavu,4812.63,Apr-Jun,2028,Horamavu,Moderate
3770,Horamavu,4835.42,Jul-Sep,2028,Horamavu,Moderate
3771,Horamavu,4787.21,Oct-Dec,2028,Horamavu,Moderate
3772,Horamavu,4910.62,Jan-Mar,2029,Horamavu,Moderate
3773,Horamavu,4924.18,Apr-Jun,2029,Horamavu,Moderate
3774,Horamavu,4972.09,Jul-Sep,2029,Horamavu,Moderate
3775,Horamavu,5189.51,Oct-Dec,2029,Horamavu,Moderate
3776,Horamavu,5237.093333,Jan-Mar,2030,Horamavu,Moderate
3777,Horamavu,5294.543333,Apr-Jun,2030,Horamavu,Moderate
3778,Horamavu,5189.602667,Jul-Sep,2030,Horamavu,Moderate
3779,Horamavu,5383.489167,Oct-Dec,2030,Horamavu,Moderate
3780,RT Nagar,6036.22,Jan-Mar,2024,RT Nagar,Moderate
3781,RT Nagar,6234.99,Apr-Jun,2024,RT Nagar,Moderate
3782,RT Nagar,6378.39,Jul-Sep,2024,RT Nagar,Moderate
3783,RT Nagar,6516.92,Oct-Dec,2024,RT Nagar,Moderate
3784,RT Nagar,6849.71,Jan-Mar,2025,RT Nagar,Moderate
3785,RT Nagar,7085.9,Apr-Jun,2025,RT Nagar,Moderate
3786,RT Nagar,5703.3935,Jul-Sep,2025,RT Nagar,Moderate
3787,RT Nagar,5228.604,Oct-Dec,2025,RT Nagar,Moderate
3788,RT Nagar,5274.43,Jan-Mar,2026,RT Nagar,Moderate
3789,RT Nagar,5360.75,Apr-Jun,2026,RT Nagar,Moderate
3790,RT Nagar,5511.22,Jul-Sep,2026,RT Nagar,Moderate
3791,RT Nagar,5747.16,Oct-Dec,2026,RT Nagar,Moderate
3792,RT Nagar,5660.76,Jan-Mar,2027,RT Nagar,Moderate
3793,RT Nagar,5991.479167,Apr-Jun,2027,RT Nagar,Moderate
3794,RT Nagar,5965.6875,Jul-Sep,2027,RT Nagar,Moderate
3795,RT Nagar,6015.971667,Oct-Dec,2027,RT Nagar,Moderate
3796,RT Nagar,5981.78,Jan-Mar,2028,RT Nagar,Moderate
3797,RT Nagar,5991.73,Apr-Jun,2028,RT Nagar,Moderate
3798,RT Nagar,5940.65,Jul-Sep,2028,RT Nagar,Moderate
3799,RT Nagar,6204.88,Oct-Dec,2028,RT Nagar,Moderate
3800,RT Nagar,6072.326,Jan-Mar,2029,RT Nagar,Moderate
3801,RT Nagar,6206.37,Apr-Jun,2029,RT Nagar,Moderate
3802,RT Nagar,6109.9,Jul-Sep,2029,RT Nagar,Moderate
3803,RT Nagar,6209.9,Oct-Dec,2029,RT Nagar,Moderate
3804,RT Nagar,6036.22,Jan-Mar,2030,RT Nagar,Moderate
3805,RT Nagar,6234.99,Apr-Jun,2030,RT Nagar,Moderate
3806,RT Nagar,6378.39,Jul-Sep,2030,RT Nagar,Moderate
3807,RT Nagar,6516.92,Oct-Dec,2030,RT Nagar,Moderate
3808,Hormavu Agara,5039.355,Jan-Mar,2024,Hormavu Agara,Moderate
3809,Hormavu Agara,5109.295,Apr-Jun,2024,Hormavu Agara,Moderate
3810,Hormavu Agara,5089.718667,Jul-Sep,2024,Hormavu Agara,Moderate
3811,Hormavu Agara,5153.133,Oct-Dec,2024,Hormavu Agara,Moderate
3812,Hormavu Agara,5402.906,Jan-Mar,2025,Hormavu Agara,Moderate
3813,Hormavu Agara,5661.185,Apr-Jun,2025,Hormavu Agara,Moderate
3814,Hormavu Agara,4994.096333,Jul-Sep,2025,Hormavu Agara,Moderate
3815,Hormavu Agara,3617.555,Oct-Dec,2025,Hormavu Agara,Moderate
3816,Hormavu Agara,3496.683,Jan-Mar,2026,Hormavu Agara,Moderate
3817,Hormavu Agara,3600.175,Apr-Jun,2026,Hormavu Agara,Moderate
3818,Hormavu Agara,3808.215833,Jul-Sep,2026,Hormavu Agara,Moderate
3819,Hormavu Agara,4479.409167,Oct-Dec,2026,Hormavu Agara,Moderate
3820,Hormavu Agara,4323.015333,Jan-Mar,2027,Hormavu Agara,Moderate
3821,Hormavu Agara,4526.121667,Apr-Jun,2027,Hormavu Agara,Moderate
3822,Hormavu Agara,4553.165,Jul-Sep,2027,Hormavu Agara,Moderate
3823,Hormavu Agara,4920.0625,Oct-Dec,2027,Hormavu Agara,Moderate
3824,Hormavu Agara,4340.0005,Jan-Mar,2028,Hormavu Agara,Moderate
3825,Hormavu Agara,4546.2695,Apr-Jun,2028,Hormavu Agara,Moderate
3826,Hormavu Agara,4608.719,Jul-Sep,2028,Hormavu Agara,Moderate
3827,Hormavu Agara,4662.682619,Oct-Dec,2028,Hormavu Agara,Moderate
3828,Hormavu Agara,4713.22,Jan-Mar,2029,Hormavu Agara,Moderate
3829,Hormavu Agara,4770.01,Apr-Jun,2029,Hormavu Agara,Moderate
3830,Hormavu Agara,4697,Jul-Sep,2029,Hormavu Agara,Moderate
3831,Hormavu Agara,4813.57,Oct-Dec,2029,Hormavu Agara,Moderate
3832,Hormavu Agara,5039.355,Jan-Mar,2030,Hormavu Agara,Moderate
3833,Hormavu Agara,5109.295,Apr-Jun,2030,Hormavu Agara,Moderate
3834,Hormavu Agara,5089.718667,Jul-Sep,2030,Hormavu Agara,Moderate
3835,Hormavu Agara,5153.133,Oct-Dec,2030,Hormavu Agara,Moderate
3836,RR Nagar,6046.05,Jan-Mar,2024,RR Nagar,Low
3837,RR Nagar,6230.67,Apr-Jun,2024,RR Nagar,Low
3838,RR Nagar,6490.23,Jul-Sep,2024,RR Nagar,Low
3839,RR Nagar,6781.865,Oct-Dec,2024,RR Nagar,Low
3840,RR Nagar,7133.8,Jan-Mar,2025,RR Nagar,Low
3841,RR Nagar,7406.67,Apr-Jun,2025,RR Nagar,Low
3842,RR Nagar,6225.288333,Jul-Sep,2025,RR Nagar,Low
3843,RR Nagar,5160.749,Oct-Dec,2025,RR Nagar,Low
3844,RR Nagar,4999.71,Jan-Mar,2026,RR Nagar,Low
3845,RR Nagar,5140,Apr-Jun,2026,RR Nagar,Low
3846,RR Nagar,5359.64,Jul-Sep,2026,RR Nagar,Low
3847,RR Nagar,5548.79,Oct-Dec,2026,RR Nagar,Low
3848,RR Nagar,5466.5,Jan-Mar,2027,RR Nagar,Low
3849,RR Nagar,5831.066667,Apr-Jun,2027,RR Nagar,Low
3850,RR Nagar,5853.693333,Jul-Sep,2027,RR Nagar,Low
3851,RR Nagar,5939.681667,Oct-Dec,2027,RR Nagar,Low
3852,RR Nagar,5538.12,Jan-Mar,2028,RR Nagar,Low
3853,RR Nagar,5532.46,Apr-Jun,2028,RR Nagar,Low
3854,RR Nagar,5483.03,Jul-Sep,2028,RR Nagar,Low
3855,RR Nagar,5629.64,Oct-Dec,2028,RR Nagar,Low
3856,RR Nagar,5560.74,Jan-Mar,2029,RR Nagar,Low
3857,RR Nagar,5625.76,Apr-Jun,2029,RR Nagar,Low
3858,RR Nagar,5679.56,Jul-Sep,2029,RR Nagar,Low
3859,RR Nagar,5706.98,Oct-Dec,2029,RR Nagar,Low
3860,RR Nagar,6046.05,Jan-Mar,2030,RR Nagar,Low
3861,RR Nagar,6230.67,Apr-Jun,2030,RR Nagar,Low
3862,RR Nagar,6490.23,Jul-Sep,2030,RR Nagar,Low
3863,RR Nagar,6781.865,Oct-Dec,2030,RR Nagar,Low
3864,Horamavu Main Road,5058.33,Jan-Mar,2024,Horamavu Main Road,Moderate
3865,Horamavu Main Road,5099.12,Apr-Jun,2024,Horamavu Main Road,Moderate
3866,Horamavu Main Road,5106.487667,Jul-Sep,2024,Horamavu Main Road,Moderate
3867,Horamavu Main Road,5269.265833,Oct-Dec,2024,Horamavu Main Road,Moderate
3868,Horamavu Main Road,5423.576,Jan-Mar,2025,Horamavu Main Road,Moderate
3869,Horamavu Main Road,5594.63,Apr-Jun,2025,Horamavu Main Road,Moderate
3870,Horamavu Main Road,4576.437333,Jul-Sep,2025,Horamavu Main Road,Moderate
3871,Horamavu Main Road,3668.7975,Oct-Dec,2025,Horamavu Main Road,Moderate
3872,Horamavu Main Road,3713.93,Jan-Mar,2026,Horamavu Main Road,Moderate
3873,Horamavu Main Road,3867.37,Apr-Jun,2026,Horamavu Main Road,Moderate
3874,Horamavu Main Road,3937.49,Jul-Sep,2026,Horamavu Main Road,Moderate
3875,Horamavu Main Road,4303.9875,Oct-Dec,2026,Horamavu Main Road,Moderate
3876,Horamavu Main Road,4109.676667,Jan-Mar,2027,Horamavu Main Road,Moderate
3877,Horamavu Main Road,4344.715,Apr-Jun,2027,Horamavu Main Road,Moderate
3878,Horamavu Main Road,4350.67,Jul-Sep,2027,Horamavu Main Road,Moderate
3879,Horamavu Main Road,4401.301667,Oct-Dec,2027,Horamavu Main Road,Moderate
3880,Horamavu Main Road,4313.83,Jan-Mar,2028,Horamavu Main Road,Moderate
3881,Horamavu Main Road,4362.825,Apr-Jun,2028,Horamavu Main Road,Moderate
3882,Horamavu Main Road,4443.06,Jul-Sep,2028,Horamavu Main Road,Moderate
3883,Horamavu Main Road,4495.714167,Oct-Dec,2028,Horamavu Main Road,Moderate
3884,Horamavu Main Road,4645.65,Jan-Mar,2029,Horamavu Main Road,Moderate
3885,Horamavu Main Road,4724.61,Apr-Jun,2029,Horamavu Main Road,Moderate
3886,Horamavu Main Road,4774.42,Jul-Sep,2029,Horamavu Main Road,Moderate
3887,Horamavu Main Road,4944.72,Oct-Dec,2029,Horamavu Main Road,Moderate
3888,Horamavu Main Road,5058.33,Jan-Mar,2030,Horamavu Main Road,Moderate
3889,Horamavu Main Road,5099.12,Apr-Jun,2030,Horamavu Main Road,Moderate
3890,Horamavu Main Road,5106.487667,Jul-Sep,2030,Horamavu Main Road,Moderate
3891,Horamavu Main Road,5269.265833,Oct-Dec,2030,Horamavu Main Road,Moderate
3892,Devanahalli,5828.76,Jan-Mar,2024,Devanahalli,High
3893,Devanahalli,6085.64,Apr-Jun,2024,Devanahalli,High
3894,Devanahalli,6391.81,Jul-Sep,2024,Devanahalli,High
3895,Devanahalli,7981.83,Oct-Dec,2024,Devanahalli,High
3896,Devanahalli,7143.298,Jan-Mar,2025,Devanahalli,High
3897,Devanahalli,7437.558,Apr-Jun,2025,Devanahalli,High
3898,Devanahalli,6622.299714,Jul-Sep,2025,Devanahalli,High
3899,Devanahalli,5286.673333,Oct-Dec,2025,Devanahalli,High
3900,Devanahalli,5245.23,Jan-Mar,2026,Devanahalli,High
3901,Devanahalli,5194.95,Apr-Jun,2026,Devanahalli,High
3902,Devanahalli,5188.16,Jul-Sep,2026,Devanahalli,High
3903,Devanahalli,5112.48,Oct-Dec,2026,Devanahalli,High
3904,Devanahalli,5241.89,Jan-Mar,2027,Devanahalli,High
3905,Devanahalli,5185.88,Apr-Jun,2027,Devanahalli,High
3906,Devanahalli,5227.89,Jul-Sep,2027,Devanahalli,High
3907,Devanahalli,5187.32,Oct-Dec,2027,Devanahalli,High
3908,Devanahalli,5113.38,Jan-Mar,2028,Devanahalli,High
3909,Devanahalli,5431.92,Apr-Jun,2028,Devanahalli,High
3910,Devanahalli,5417.85,Jul-Sep,2028,Devanahalli,High
3911,Devanahalli,5612.12,Oct-Dec,2028,Devanahalli,High
3912,Devanahalli,5175.46,Jan-Mar,2029,Devanahalli,High
3913,Devanahalli,5283.28,Apr-Jun,2029,Devanahalli,High
3914,Devanahalli,5407.87,Jul-Sep,2029,Devanahalli,High
3915,Devanahalli,5552.51,Oct-Dec,2029,Devanahalli,High
3916,Devanahalli,5828.76,Jan-Mar,2030,Devanahalli,High
3917,Devanahalli,6085.64,Apr-Jun,2030,Devanahalli,High
3918,Devanahalli,6391.81,Jul-Sep,2030,Devanahalli,High
3919,Devanahalli,7981.83,Oct-Dec,2030,Devanahalli,High
3920,Bhattarahalli,7023.42,Jan-Mar,2024,Bhattarahalli,Moderate
3921,Bhattarahalli,7384.7,Apr-Jun,2024,Bhattarahalli,Moderate
3922,Bhattarahalli,7387.733333,Jul-Sep,2024,Bhattarahalli,Moderate
3923,Bhattarahalli,7660.52,Oct-Dec,2024,Bhattarahalli,Moderate
3924,Bhattarahalli,7863.031429,Jan-Mar,2025,Bhattarahalli,Moderate
3925,Bhattarahalli,8077.041429,Apr-Jun,2025,Bhattarahalli,Moderate
3926,Bhattarahalli,8480.918095,Jul-Sep,2025,Bhattarahalli,Moderate
3927,Bhattarahalli,7757.39,Oct-Dec,2025,Bhattarahalli,Moderate
3928,Bhattarahalli,7537.67,Jan-Mar,2026,Bhattarahalli,Moderate
3929,Bhattarahalli,7454.32,Apr-Jun,2026,Bhattarahalli,Moderate
3930,Bhattarahalli,7324.83,Jul-Sep,2026,Bhattarahalli,Moderate
3931,Bhattarahalli,7118.14,Oct-Dec,2026,Bhattarahalli,Moderate
3932,Bhattarahalli,7478.62,Jan-Mar,2027,Bhattarahalli,Moderate
3933,Bhattarahalli,7294.62,Apr-Jun,2027,Bhattarahalli,Moderate
3934,Bhattarahalli,7092.21,Jul-Sep,2027,Bhattarahalli,Moderate
3935,Bhattarahalli,6892.65,Oct-Dec,2027,Bhattarahalli,Moderate
3936,Bhattarahalli,5769.53,Jan-Mar,2028,Bhattarahalli,Moderate
3937,Bhattarahalli,6023.82,Apr-Jun,2028,Bhattarahalli,Moderate
3938,Bhattarahalli,5910.38,Jul-Sep,2028,Bhattarahalli,Moderate
3939,Bhattarahalli,6400.55,Oct-Dec,2028,Bhattarahalli,Moderate
3940,Bhattarahalli,5951.09,Jan-Mar,2029,Bhattarahalli,Moderate
3941,Bhattarahalli,5949.31,Apr-Jun,2029,Bhattarahalli,Moderate
3942,Bhattarahalli,5822.03,Jul-Sep,2029,Bhattarahalli,Moderate
3943,Bhattarahalli,6485.46,Oct-Dec,2029,Bhattarahalli,Moderate
3944,Bhattarahalli,7023.42,Jan-Mar,2030,Bhattarahalli,Moderate
3945,Bhattarahalli,7384.7,Apr-Jun,2030,Bhattarahalli,Moderate
3946,Bhattarahalli,7387.733333,Jul-Sep,2030,Bhattarahalli,Moderate
3947,Bhattarahalli,7660.52,Oct-Dec,2030,Bhattarahalli,Moderate
3948,Bommasandra Jigani Link Road,5082.34,Jan-Mar,2024,Bommasandra Jigani Link Road,High
3949,Bommasandra Jigani Link Road,5173.65,Apr-Jun,2024,Bommasandra Jigani Link Road,High
3950,Bommasandra Jigani Link Road,5532.696667,Jul-Sep,2024,Bommasandra Jigani Link Road,High
3951,Bommasandra Jigani Link Road,5145.73,Oct-Dec,2024,Bommasandra Jigani Link Road,High
3952,Bommasandra Jigani Link Road,5692.73,Jan-Mar,2025,Bommasandra Jigani Link Road,High
3953,Bommasandra Jigani Link Road,5627.956667,Apr-Jun,2025,Bommasandra Jigani Link Road,High
3954,Bommasandra Jigani Link Road,5630.985,Jul-Sep,2025,Bommasandra Jigani Link Road,High
3955,Bommasandra Jigani Link Road,4300.04,Oct-Dec,2025,Bommasandra Jigani Link Road,High
3956,Bommasandra Jigani Link Road,3576.19,Jan-Mar,2026,Bommasandra Jigani Link Road,High
3957,Bommasandra Jigani Link Road,3507.84,Apr-Jun,2026,Bommasandra Jigani Link Road,High
3958,Bommasandra Jigani Link Road,3458.24,Jul-Sep,2026,Bommasandra Jigani Link Road,High
3959,Bommasandra Jigani Link Road,3644.46,Oct-Dec,2026,Bommasandra Jigani Link Road,High
3960,Bommasandra Jigani Link Road,3424.91,Jan-Mar,2027,Bommasandra Jigani Link Road,High
3961,Bommasandra Jigani Link Road,3456.31,Apr-Jun,2027,Bommasandra Jigani Link Road,High
3962,Bommasandra Jigani Link Road,3475.87,Jul-Sep,2027,Bommasandra Jigani Link Road,High
3963,Bommasandra Jigani Link Road,3661.41,Oct-Dec,2027,Bommasandra Jigani Link Road,High
3964,Bommasandra Jigani Link Road,4685.82,Jan-Mar,2028,Bommasandra Jigani Link Road,High
3965,Bommasandra Jigani Link Road,4555.9,Apr-Jun,2028,Bommasandra Jigani Link Road,High
3966,Bommasandra Jigani Link Road,4495.86,Jul-Sep,2028,Bommasandra Jigani Link Road,High
3967,Bommasandra Jigani Link Road,4457.73,Oct-Dec,2028,Bommasandra Jigani Link Road,High
3968,Bommasandra Jigani Link Road,4992.25,Jan-Mar,2029,Bommasandra Jigani Link Road,High
3969,Bommasandra Jigani Link Road,5003.97,Apr-Jun,2029,Bommasandra Jigani Link Road,High
3970,Bommasandra Jigani Link Road,5036.26,Jul-Sep,2029,Bommasandra Jigani Link Road,High
3971,Bommasandra Jigani Link Road,5104.01,Oct-Dec,2029,Bommasandra Jigani Link Road,High
3972,Bommasandra Jigani Link Road,5082.34,Jan-Mar,2030,Bommasandra Jigani Link Road,High
3973,Bommasandra Jigani Link Road,5173.65,Apr-Jun,2030,Bommasandra Jigani Link Road,High
3974,Bommasandra Jigani Link Road,5532.696667,Jul-Sep,2030,Bommasandra Jigani Link Road,High
3975,Bommasandra Jigani Link Road,5145.73,Oct-Dec,2030,Bommasandra Jigani Link Road,High
3976,Varthur Road,8820.91,Jan-Mar,2024,Varthur Road,High
3977,Varthur Road,9115.83,Apr-Jun,2024,Varthur Road,High
3978,Varthur Road,9401.426071,Jul-Sep,2024,Varthur Road,High
3979,Varthur Road,10320.57,Oct-Dec,2024,Varthur Road,High
3980,Varthur Road,11237.38,Jan-Mar,2025,Varthur Road,High
3981,Varthur Road,11516.26,Apr-Jun,2025,Varthur Road,High
3982,Varthur Road,9848.319893,Jul-Sep,2025,Varthur Road,High
3983,Varthur Road,5592.7425,Oct-Dec,2025,Varthur Road,High
3984,Varthur Road,5515.18,Jan-Mar,2026,Varthur Road,High
3985,Varthur Road,5576.36,Apr-Jun,2026,Varthur Road,High
3986,Varthur Road,5976.55,Jul-Sep,2026,Varthur Road,High
3987,Varthur Road,5791.33,Oct-Dec,2026,Varthur Road,High
3988,Varthur Road,5991.29,Jan-Mar,2027,Varthur Road,High
3989,Varthur Road,6184.99,Apr-Jun,2027,Varthur Road,High
3990,Varthur Road,6324.77,Jul-Sep,2027,Varthur Road,High
3991,Varthur Road,6422.63,Oct-Dec,2027,Varthur Road,High
3992,Varthur Road,7174.98,Jan-Mar,2028,Varthur Road,High
3993,Varthur Road,7161.59,Apr-Jun,2028,Varthur Road,High
3994,Varthur Road,8133.84,Jul-Sep,2028,Varthur Road,High
3995,Varthur Road,7664.8,Oct-Dec,2028,Varthur Road,High
3996,Varthur Road,7663.39,Jan-Mar,2029,Varthur Road,High
3997,Varthur Road,7903.21,Apr-Jun,2029,Varthur Road,High
3998,Varthur Road,8428.84,Jul-Sep,2029,Varthur Road,High
3999,Varthur Road,9449.88,Oct-Dec,2029,Varthur Road,High
4000,Varthur Road,8820.91,Jan-Mar,2030,Varthur Road,High
4001,Varthur Road,9115.83,Apr-Jun,2030,Varthur Road,High
4002,Varthur Road,9401.426071,Jul-Sep,2030,Varthur Road,High
4003,Varthur Road,10320.57,Oct-Dec,2030,Varthur Road,High
4004,NRI Layout Main Road,5748.27,Jan-Mar,2024,NRI Layout Main Road,Moderate
4005,NRI Layout Main Road,5776.91,Apr-Jun,2024,NRI Layout Main Road,Moderate
4006,NRI Layout Main Road,5979.99,Jul-Sep,2024,NRI Layout Main Road,Moderate
4007,NRI Layout Main Road,6189.86,Oct-Dec,2024,NRI Layout Main Road,Moderate
4008,NRI Layout Main Road,6194.62,Jan-Mar,2025,NRI Layout Main Road,Moderate
4009,NRI Layout Main Road,6109.96,Apr-Jun,2025,NRI Layout Main Road,Moderate
4010,NRI Layout Main Road,6410.83,Jul-Sep,2025,NRI Layout Main Road,Moderate
4011,NRI Layout Main Road,4145.66,Oct-Dec,2025,NRI Layout Main Road,Moderate
4012,NRI Layout Main Road,3889.53,Jan-Mar,2026,NRI Layout Main Road,Moderate
4013,NRI Layout Main Road,4002.18,Apr-Jun,2026,NRI Layout Main Road,Moderate
4014,NRI Layout Main Road,4085.61,Jul-Sep,2026,NRI Layout Main Road,Moderate
4015,NRI Layout Main Road,4227.24,Oct-Dec,2026,NRI Layout Main Road,Moderate
4016,NRI Layout Main Road,4257.39,Jan-Mar,2027,NRI Layout Main Road,Moderate
4017,NRI Layout Main Road,4367.87,Apr-Jun,2027,NRI Layout Main Road,Moderate
4018,NRI Layout Main Road,4450.4,Jul-Sep,2027,NRI Layout Main Road,Moderate
4019,NRI Layout Main Road,4530.57,Oct-Dec,2027,NRI Layout Main Road,Moderate
4020,NRI Layout Main Road,4830.36,Jan-Mar,2028,NRI Layout Main Road,Moderate
4021,NRI Layout Main Road,4793.1,Apr-Jun,2028,NRI Layout Main Road,Moderate
4022,NRI Layout Main Road,4986.86,Jul-Sep,2028,NRI Layout Main Road,Moderate
4023,NRI Layout Main Road,5068,Oct-Dec,2028,NRI Layout Main Road,Moderate
4024,NRI Layout Main Road,5138.03,Jan-Mar,2029,NRI Layout Main Road,Moderate
4025,NRI Layout Main Road,5254.9,Apr-Jun,2029,NRI Layout Main Road,Moderate
4026,NRI Layout Main Road,5337.5,Jul-Sep,2029,NRI Layout Main Road,Moderate
4027,NRI Layout Main Road,5451.65,Oct-Dec,2029,NRI Layout Main Road,Moderate
4028,NRI Layout Main Road,5748.27,Jan-Mar,2030,NRI Layout Main Road,Moderate
4029,NRI Layout Main Road,5776.91,Apr-Jun,2030,NRI Layout Main Road,Moderate
4030,NRI Layout Main Road,5979.99,Jul-Sep,2030,NRI Layout Main Road,Moderate
4031,NRI Layout Main Road,6189.86,Oct-Dec,2030,NRI Layout Main Road,Moderate
4032,Kudlu Gate,6402.59,Jan-Mar,2024,Kudlu Gate,Moderate
4033,Kudlu Gate,6620.64,Apr-Jun,2024,Kudlu Gate,Moderate
4034,Kudlu Gate,7007.58,Jul-Sep,2024,Kudlu Gate,Moderate
4035,Kudlu Gate,9071.72,Oct-Dec,2024,Kudlu Gate,Moderate
4036,Kudlu Gate,7538.94,Jan-Mar,2025,Kudlu Gate,Moderate
4037,Kudlu Gate,7548.15,Apr-Jun,2025,Kudlu Gate,Moderate
4038,Kudlu Gate,6709.946667,Jul-Sep,2025,Kudlu Gate,Moderate
4039,Kudlu Gate,6647.09,Oct-Dec,2025,Kudlu Gate,Moderate
4040,Kudlu Gate,6583.28,Jan-Mar,2026,Kudlu Gate,Moderate
4041,Kudlu Gate,6633.34,Apr-Jun,2026,Kudlu Gate,Moderate
4042,Kudlu Gate,6722.86,Jul-Sep,2026,Kudlu Gate,Moderate
4043,Kudlu Gate,6660.05,Oct-Dec,2026,Kudlu Gate,Moderate
4044,Kudlu Gate,6624.47,Jan-Mar,2027,Kudlu Gate,Moderate
4045,Kudlu Gate,6562.48,Apr-Jun,2027,Kudlu Gate,Moderate
4046,Kudlu Gate,6663.21,Jul-Sep,2027,Kudlu Gate,Moderate
4047,Kudlu Gate,6658.73,Oct-Dec,2027,Kudlu Gate,Moderate
4048,Kudlu Gate,6416.91,Jan-Mar,2028,Kudlu Gate,Moderate
4049,Kudlu Gate,6466.85,Apr-Jun,2028,Kudlu Gate,Moderate
4050,Kudlu Gate,6186.28,Jul-Sep,2028,Kudlu Gate,Moderate
4051,Kudlu Gate,6046.76,Oct-Dec,2028,Kudlu Gate,Moderate
4052,Kudlu Gate,6347.86,Jan-Mar,2029,Kudlu Gate,Moderate
4053,Kudlu Gate,6596.19,Apr-Jun,2029,Kudlu Gate,Moderate
4054,Kudlu Gate,6154.12,Jul-Sep,2029,Kudlu Gate,Moderate
4055,Kudlu Gate,6535.52,Oct-Dec,2029,Kudlu Gate,Moderate
4056,Kudlu Gate,6402.59,Jan-Mar,2030,Kudlu Gate,Moderate
4057,Kudlu Gate,6620.64,Apr-Jun,2030,Kudlu Gate,Moderate
4058,Kudlu Gate,7007.58,Jul-Sep,2030,Kudlu Gate,Moderate
4059,Kudlu Gate,9071.72,Oct-Dec,2030,Kudlu Gate,Moderate
4060,Kudlu Main Road,5917.06,Jan-Mar,2024,Kudlu Main Road,Moderate
4061,Kudlu Main Road,6107.49,Apr-Jun,2024,Kudlu Main Road,Moderate
4062,Kudlu Main Road,6475.750667,Jul-Sep,2024,Kudlu Main Road,Moderate
4063,Kudlu Main Road,6792.76,Oct-Dec,2024,Kudlu Main Road,Moderate
4064,Kudlu Main Road,7551.27,Jan-Mar,2025,Kudlu Main Road,Moderate
4065,Kudlu Main Road,7577,Apr-Jun,2025,Kudlu Main Road,Moderate
4066,Kudlu Main Road,6590.236571,Jul-Sep,2025,Kudlu Main Road,Moderate
4067,Kudlu Main Road,5564.73,Oct-Dec,2025,Kudlu Main Road,Moderate
4068,Kudlu Main Road,3984.26,Jan-Mar,2026,Kudlu Main Road,Moderate
4069,Kudlu Main Road,4024.42,Apr-Jun,2026,Kudlu Main Road,Moderate
4070,Kudlu Main Road,4105.52,Jul-Sep,2026,Kudlu Main Road,Moderate
4071,Kudlu Main Road,4183.32,Oct-Dec,2026,Kudlu Main Road,Moderate
4072,Kudlu Main Road,4286.56,Jan-Mar,2027,Kudlu Main Road,Moderate
4073,Kudlu Main Road,4332.53,Apr-Jun,2027,Kudlu Main Road,Moderate
4074,Kudlu Main Road,4425.34,Jul-Sep,2027,Kudlu Main Road,Moderate
4075,Kudlu Main Road,4513.53,Oct-Dec,2027,Kudlu Main Road,Moderate
4076,Kudlu Main Road,4999.51,Jan-Mar,2028,Kudlu Main Road,Moderate
4077,Kudlu Main Road,4913.76,Apr-Jun,2028,Kudlu Main Road,Moderate
4078,Kudlu Main Road,4930.11,Jul-Sep,2028,Kudlu Main Road,Moderate
4079,Kudlu Main Road,5053.96,Oct-Dec,2028,Kudlu Main Road,Moderate
4080,Kudlu Main Road,5211.61,Jan-Mar,2029,Kudlu Main Road,Moderate
4081,Kudlu Main Road,5330.7,Apr-Jun,2029,Kudlu Main Road,Moderate
4082,Kudlu Main Road,5289.02,Jul-Sep,2029,Kudlu Main Road,Moderate
4083,Kudlu Main Road,5533.87,Oct-Dec,2029,Kudlu Main Road,Moderate
4084,Kudlu Main Road,5917.06,Jan-Mar,2030,Kudlu Main Road,Moderate
4085,Kudlu Main Road,6107.49,Apr-Jun,2030,Kudlu Main Road,Moderate
4086,Kudlu Main Road,6475.750667,Jul-Sep,2030,Kudlu Main Road,Moderate
4087,Kudlu Main Road,6792.76,Oct-Dec,2030,Kudlu Main Road,Moderate
4088,Nice Ring Road,5586.86,Jan-Mar,2024,Nice Ring Road,Moderate
4089,Nice Ring Road,5990.93,Apr-Jun,2024,Nice Ring Road,Moderate
4090,Nice Ring Road,6354.7125,Jul-Sep,2024,Nice Ring Road,Moderate
4091,Nice Ring Road,6717.26,Oct-Dec,2024,Nice Ring Road,Moderate
4092,Nice Ring Road,6432.265,Jan-Mar,2025,Nice Ring Road,Moderate
4093,Nice Ring Road,6806.435,Apr-Jun,2025,Nice Ring Road,Moderate
4094,Nice Ring Road,5253.20875,Jul-Sep,2025,Nice Ring Road,Moderate
4095,Nice Ring Road,4247.213333,Oct-Dec,2025,Nice Ring Road,Moderate
4096,Nice Ring Road,3665,Jan-Mar,2026,Nice Ring Road,Moderate
4097,Nice Ring Road,3738.59,Apr-Jun,2026,Nice Ring Road,Moderate
4098,Nice Ring Road,3811,Jul-Sep,2026,Nice Ring Road,Moderate
4099,Nice Ring Road,3899.31,Oct-Dec,2026,Nice Ring Road,Moderate
4100,Nice Ring Road,4055.5,Jan-Mar,2027,Nice Ring Road,Moderate
4101,Nice Ring Road,4171.19,Apr-Jun,2027,Nice Ring Road,Moderate
4102,Nice Ring Road,4186.4,Jul-Sep,2027,Nice Ring Road,Moderate
4103,Nice Ring Road,4241.4,Oct-Dec,2027,Nice Ring Road,Moderate
4104,Nice Ring Road,5168.71,Jan-Mar,2028,Nice Ring Road,Moderate
4105,Nice Ring Road,4903.91,Apr-Jun,2028,Nice Ring Road,Moderate
4106,Nice Ring Road,5003.93,Jul-Sep,2028,Nice Ring Road,Moderate
4107,Nice Ring Road,5344.71,Oct-Dec,2028,Nice Ring Road,Moderate
4108,Nice Ring Road,5114.39,Jan-Mar,2029,Nice Ring Road,Moderate
4109,Nice Ring Road,5321.68,Apr-Jun,2029,Nice Ring Road,Moderate
4110,Nice Ring Road,5599.49,Jul-Sep,2029,Nice Ring Road,Moderate
4111,Nice Ring Road,5872.56,Oct-Dec,2029,Nice Ring Road,Moderate
4112,Nice Ring Road,5586.86,Jan-Mar,2030,Nice Ring Road,Moderate
4113,Nice Ring Road,5990.93,Apr-Jun,2030,Nice Ring Road,Moderate
4114,Nice Ring Road,6354.7125,Jul-Sep,2030,Nice Ring Road,Moderate
4115,Nice Ring Road,6717.26,Oct-Dec,2030,Nice Ring Road,Moderate
4116,Kumaraswamy Layout,5680.19,Jan-Mar,2024,Kumaraswamy Layout,Low
4117,Kumaraswamy Layout,5846.69,Apr-Jun,2024,Kumaraswamy Layout,Low
4118,Kumaraswamy Layout,6514.183667,Jul-Sep,2024,Kumaraswamy Layout,Low
4119,Kumaraswamy Layout,6466.5225,Oct-Dec,2024,Kumaraswamy Layout,Low
4120,Kumaraswamy Layout,7177.151667,Jan-Mar,2025,Kumaraswamy Layout,Low
4121,Kumaraswamy Layout,7144.921667,Apr-Jun,2025,Kumaraswamy Layout,Low
4122,Kumaraswamy Layout,6448.691738,Jul-Sep,2025,Kumaraswamy Layout,Low
4123,Kumaraswamy Layout,5390.005833,Oct-Dec,2025,Kumaraswamy Layout,Low
4124,Kumaraswamy Layout,4807.48,Jan-Mar,2026,Kumaraswamy Layout,Low
4125,Kumaraswamy Layout,4818.48,Apr-Jun,2026,Kumaraswamy Layout,Low
4126,Kumaraswamy Layout,4874.2,Jul-Sep,2026,Kumaraswamy Layout,Low
4127,Kumaraswamy Layout,4890.12,Oct-Dec,2026,Kumaraswamy Layout,Low
4128,Kumaraswamy Layout,4916.04,Jan-Mar,2027,Kumaraswamy Layout,Low
4129,Kumaraswamy Layout,4908.41,Apr-Jun,2027,Kumaraswamy Layout,Low
4130,Kumaraswamy Layout,4912.3,Jul-Sep,2027,Kumaraswamy Layout,Low
4131,Kumaraswamy Layout,4937.82,Oct-Dec,2027,Kumaraswamy Layout,Low
4132,Kumaraswamy Layout,5242.63,Jan-Mar,2028,Kumaraswamy Layout,Low
4133,Kumaraswamy Layout,5199.34,Apr-Jun,2028,Kumaraswamy Layout,Low
4134,Kumaraswamy Layout,5102.16,Jul-Sep,2028,Kumaraswamy Layout,Low
4135,Kumaraswamy Layout,5252.33,Oct-Dec,2028,Kumaraswamy Layout,Low
4136,Kumaraswamy Layout,5211.43,Jan-Mar,2029,Kumaraswamy Layout,Low
4137,Kumaraswamy Layout,5255.25,Apr-Jun,2029,Kumaraswamy Layout,Low
4138,Kumaraswamy Layout,5163.68,Jul-Sep,2029,Kumaraswamy Layout,Low
4139,Kumaraswamy Layout,5388.89,Oct-Dec,2029,Kumaraswamy Layout,Low
4140,Kumaraswamy Layout,5680.19,Jan-Mar,2030,Kumaraswamy Layout,Low
4141,Kumaraswamy Layout,5846.69,Apr-Jun,2030,Kumaraswamy Layout,Low
4142,Kumaraswamy Layout,6514.183667,Jul-Sep,2030,Kumaraswamy Layout,Low
4143,Kumaraswamy Layout,6466.5225,Oct-Dec,2030,Kumaraswamy Layout,Low
4144,Bagalur Main Road,6249.45,Jan-Mar,2024,Bagalur Main Road,High
4145,Bagalur Main Road,6667.66,Apr-Jun,2024,Bagalur Main Road,High
4146,Bagalur Main Road,7334.835,Jul-Sep,2024,Bagalur Main Road,High
4147,Bagalur Main Road,7710.18,Oct-Dec,2024,Bagalur Main Road,High
4148,Bagalur Main Road,7875.19,Jan-Mar,2025,Bagalur Main Road,High
4149,Bagalur Main Road,8266.33,Apr-Jun,2025,Bagalur Main Road,High
4150,Bagalur Main Road,7857.265,Jul-Sep,2025,Bagalur Main Road,High
4151,Bagalur Main Road,4924.21,Oct-Dec,2025,Bagalur Main Road,High
4152,Bagalur Main Road,4528.34,Jan-Mar,2026,Bagalur Main Road,High
4153,Bagalur Main Road,4525.81,Apr-Jun,2026,Bagalur Main Road,High
4154,Bagalur Main Road,4419.9,Jul-Sep,2026,Bagalur Main Road,High
4155,Bagalur Main Road,4466.34,Oct-Dec,2026,Bagalur Main Road,High
4156,Bagalur Main Road,4781.16,Jan-Mar,2027,Bagalur Main Road,High
4157,Bagalur Main Road,4773.13,Apr-Jun,2027,Bagalur Main Road,High
4158,Bagalur Main Road,4684.05,Jul-Sep,2027,Bagalur Main Road,High
4159,Bagalur Main Road,4688.04,Oct-Dec,2027,Bagalur Main Road,High
4160,Bagalur Main Road,4716.45,Jan-Mar,2028,Bagalur Main Road,High
4161,Bagalur Main Road,4838.22,Apr-Jun,2028,Bagalur Main Road,High
4162,Bagalur Main Road,4861.49,Jul-Sep,2028,Bagalur Main Road,High
4163,Bagalur Main Road,5152.32,Oct-Dec,2028,Bagalur Main Road,High
4164,Bagalur Main Road,5181.53,Jan-Mar,2029,Bagalur Main Road,High
4165,Bagalur Main Road,5353.2,Apr-Jun,2029,Bagalur Main Road,High
4166,Bagalur Main Road,5388.72,Jul-Sep,2029,Bagalur Main Road,High
4167,Bagalur Main Road,5638.17,Oct-Dec,2029,Bagalur Main Road,High
4168,Bagalur Main Road,6249.45,Jan-Mar,2030,Bagalur Main Road,High
4169,Bagalur Main Road,6667.66,Apr-Jun,2030,Bagalur Main Road,High
4170,Bagalur Main Road,7334.835,Jul-Sep,2030,Bagalur Main Road,High
4171,Bagalur Main Road,7710.18,Oct-Dec,2030,Bagalur Main Road,High
4172,Kundalahalli,6850.95,Jan-Mar,2024,Kundalahalli,Moderate
4173,Kundalahalli,6791.56,Apr-Jun,2024,Kundalahalli,Moderate
4174,Kundalahalli,7533.82,Jul-Sep,2024,Kundalahalli,Moderate
4175,Kundalahalli,8726.09,Oct-Dec,2024,Kundalahalli,Moderate
4176,Kundalahalli,8597.48,Jan-Mar,2025,Kundalahalli,Moderate
4177,Kundalahalli,8762.42,Apr-Jun,2025,Kundalahalli,Moderate
4178,Kundalahalli,10170.38917,Jul-Sep,2025,Kundalahalli,Moderate
4179,Kundalahalli,6774.96,Oct-Dec,2025,Kundalahalli,Moderate
4180,Kundalahalli,5830.14,Jan-Mar,2026,Kundalahalli,Moderate
4181,Kundalahalli,5930.28,Apr-Jun,2026,Kundalahalli,Moderate
4182,Kundalahalli,6118.33,Jul-Sep,2026,Kundalahalli,Moderate
4183,Kundalahalli,6151.08,Oct-Dec,2026,Kundalahalli,Moderate
4184,Kundalahalli,6266.17,Jan-Mar,2027,Kundalahalli,Moderate
4185,Kundalahalli,6421.12,Apr-Jun,2027,Kundalahalli,Moderate
4186,Kundalahalli,6274.28,Jul-Sep,2027,Kundalahalli,Moderate
4187,Kundalahalli,6218.17,Oct-Dec,2027,Kundalahalli,Moderate
4188,Kundalahalli,6142.99,Jan-Mar,2028,Kundalahalli,Moderate
4189,Kundalahalli,6200.28,Apr-Jun,2028,Kundalahalli,Moderate
4190,Kundalahalli,6076.08,Jul-Sep,2028,Kundalahalli,Moderate
4191,Kundalahalli,6572.17,Oct-Dec,2028,Kundalahalli,Moderate
4192,Kundalahalli,6067.53,Jan-Mar,2029,Kundalahalli,Moderate
4193,Kundalahalli,6089.13,Apr-Jun,2029,Kundalahalli,Moderate
4194,Kundalahalli,6027.99,Jul-Sep,2029,Kundalahalli,Moderate
4195,Kundalahalli,6075.01,Oct-Dec,2029,Kundalahalli,Moderate
4196,Kundalahalli,6850.95,Jan-Mar,2030,Kundalahalli,Moderate
4197,Kundalahalli,6791.56,Apr-Jun,2030,Kundalahalli,Moderate
4198,Kundalahalli,7533.82,Jul-Sep,2030,Kundalahalli,Moderate
4199,Kundalahalli,8726.09,Oct-Dec,2030,Kundalahalli,Moderate
4200,Bagalur Colony,6660.18,Jan-Mar,2024,Bagalur Colony,Moderate
4201,Bagalur Colony,6974.99,Apr-Jun,2024,Bagalur Colony,Moderate
4202,Bagalur Colony,7189.197,Jul-Sep,2024,Bagalur Colony,Moderate
4203,Bagalur Colony,7595.9,Oct-Dec,2024,Bagalur Colony,Moderate
4204,Bagalur Colony,7541.103333,Jan-Mar,2025,Bagalur Colony,Moderate
4205,Bagalur Colony,8059.043333,Apr-Jun,2025,Bagalur Colony,Moderate
4206,Bagalur Colony,6590.538262,Jul-Sep,2025,Bagalur Colony,Moderate
4207,Bagalur Colony,4682.843333,Oct-Dec,2025,Bagalur Colony,Moderate
4208,Bagalur Colony,4567,Jan-Mar,2026,Bagalur Colony,Moderate
4209,Bagalur Colony,4599,Apr-Jun,2026,Bagalur Colony,Moderate
4210,Bagalur Colony,4671.74,Jul-Sep,2026,Bagalur Colony,Moderate
4211,Bagalur Colony,4751.96,Oct-Dec,2026,Bagalur Colony,Moderate
4212,Bagalur Colony,4945.97,Jan-Mar,2027,Bagalur Colony,Moderate
4213,Bagalur Colony,4987.88,Apr-Jun,2027,Bagalur Colony,Moderate
4214,Bagalur Colony,5058.9,Jul-Sep,2027,Bagalur Colony,Moderate
4215,Bagalur Colony,5142.47,Oct-Dec,2027,Bagalur Colony,Moderate
4216,Bagalur Colony,5319.85,Jan-Mar,2028,Bagalur Colony,Moderate
4217,Bagalur Colony,5396.49,Apr-Jun,2028,Bagalur Colony,Moderate
4218,Bagalur Colony,5481.75,Jul-Sep,2028,Bagalur Colony,Moderate
4219,Bagalur Colony,5609.31,Oct-Dec,2028,Bagalur Colony,Moderate
4220,Bagalur Colony,5829.31,Jan-Mar,2029,Bagalur Colony,Moderate
4221,Bagalur Colony,5959.12,Apr-Jun,2029,Bagalur Colony,Moderate
4222,Bagalur Colony,6116.61,Jul-Sep,2029,Bagalur Colony,Moderate
4223,Bagalur Colony,6260.2,Oct-Dec,2029,Bagalur Colony,Moderate
4224,Bagalur Colony,6660.18,Jan-Mar,2030,Bagalur Colony,Moderate
4225,Bagalur Colony,6974.99,Apr-Jun,2030,Bagalur Colony,Moderate
4226,Bagalur Colony,7189.197,Jul-Sep,2030,Bagalur Colony,Moderate
4227,Bagalur Colony,7595.9,Oct-Dec,2030,Bagalur Colony,Moderate
4228,New BEL Road,7850.17,Jan-Mar,2024,New BEL Road,Moderate
4229,New BEL Road,8522.71,Apr-Jun,2024,New BEL Road,Moderate
4230,New BEL Road,8739.476667,Jul-Sep,2024,New BEL Road,Moderate
4231,New BEL Road,8135.1,Oct-Dec,2024,New BEL Road,Moderate
4232,New BEL Road,9480.74,Jan-Mar,2025,New BEL Road,Moderate
4233,New BEL Road,10083.25,Apr-Jun,2025,New BEL Road,Moderate
4234,New BEL Road,9817.953333,Jul-Sep,2025,New BEL Road,Moderate
4235,New BEL Road,5449.37,Oct-Dec,2025,New BEL Road,Moderate
4236,New BEL Road,5632,Jan-Mar,2026,New BEL Road,Moderate
4237,New BEL Road,5722.5,Apr-Jun,2026,New BEL Road,Moderate
4238,New BEL Road,5876,Jul-Sep,2026,New BEL Road,Moderate
4239,New BEL Road,5874,Oct-Dec,2026,New BEL Road,Moderate
4240,New BEL Road,6064,Jan-Mar,2027,New BEL Road,Moderate
4241,New BEL Road,6308,Apr-Jun,2027,New BEL Road,Moderate
4242,New BEL Road,6442.4,Jul-Sep,2027,New BEL Road,Moderate
4243,New BEL Road,6366.4,Oct-Dec,2027,New BEL Road,Moderate
4244,New BEL Road,6765.98,Jan-Mar,2028,New BEL Road,Moderate
4245,New BEL Road,6777.53,Apr-Jun,2028,New BEL Road,Moderate
4246,New BEL Road,7055.3,Jul-Sep,2028,New BEL Road,Moderate
4247,New BEL Road,7110.32,Oct-Dec,2028,New BEL Road,Moderate
4248,New BEL Road,7342.32,Jan-Mar,2029,New BEL Road,Moderate
4249,New BEL Road,7656.59,Apr-Jun,2029,New BEL Road,Moderate
4250,New BEL Road,7491.73,Jul-Sep,2029,New BEL Road,Moderate
4251,New BEL Road,7599.95,Oct-Dec,2029,New BEL Road,Moderate
4252,New BEL Road,7850.17,Jan-Mar,2030,New BEL Road,Moderate
4253,New BEL Road,8522.71,Apr-Jun,2030,New BEL Road,Moderate
4254,New BEL Road,8739.476667,Jul-Sep,2030,New BEL Road,Moderate
4255,New BEL Road,8135.1,Oct-Dec,2030,New BEL Road,Moderate
4256,Whitefield Main Road,8612.92,Jan-Mar,2024,Whitefield Main Road,Moderate
4257,Whitefield Main Road,8927.4,Apr-Jun,2024,Whitefield Main Road,Moderate
4258,Whitefield Main Road,9375.74,Jul-Sep,2024,Whitefield Main Road,Moderate
4259,Whitefield Main Road,9302.1,Oct-Dec,2024,Whitefield Main Road,Moderate
4260,Whitefield Main Road,10370.96,Jan-Mar,2025,Whitefield Main Road,Moderate
4261,Whitefield Main Road,9830.51,Apr-Jun,2025,Whitefield Main Road,Moderate
4262,Whitefield Main Road,10259.0625,Jul-Sep,2025,Whitefield Main Road,Moderate
4263,Whitefield Main Road,7177.775,Oct-Dec,2025,Whitefield Main Road,Moderate
4264,Whitefield Main Road,5384.549167,Jan-Mar,2026,Whitefield Main Road,Moderate
4265,Whitefield Main Road,5476.7975,Apr-Jun,2026,Whitefield Main Road,Moderate
4266,Whitefield Main Road,5512.98,Jul-Sep,2026,Whitefield Main Road,Moderate
4267,Whitefield Main Road,5840.5,Oct-Dec,2026,Whitefield Main Road,Moderate
4268,Whitefield Main Road,6082.113333,Jan-Mar,2027,Whitefield Main Road,Moderate
4269,Whitefield Main Road,6086.076667,Apr-Jun,2027,Whitefield Main Road,Moderate
4270,Whitefield Main Road,6154.75,Jul-Sep,2027,Whitefield Main Road,Moderate
4271,Whitefield Main Road,6410.86,Oct-Dec,2027,Whitefield Main Road,Moderate
4272,Whitefield Main Road,6936.59,Jan-Mar,2028,Whitefield Main Road,Moderate
4273,Whitefield Main Road,7031.65,Apr-Jun,2028,Whitefield Main Road,Moderate
4274,Whitefield Main Road,7150.16,Jul-Sep,2028,Whitefield Main Road,Moderate
4275,Whitefield Main Road,7315.83,Oct-Dec,2028,Whitefield Main Road,Moderate
4276,Whitefield Main Road,7666.225,Jan-Mar,2029,Whitefield Main Road,Moderate
4277,Whitefield Main Road,7706.31,Apr-Jun,2029,Whitefield Main Road,Moderate
4278,Whitefield Main Road,7959.56,Jul-Sep,2029,Whitefield Main Road,Moderate
4279,Whitefield Main Road,8197.86,Oct-Dec,2029,Whitefield Main Road,Moderate
4280,Whitefield Main Road,8612.92,Jan-Mar,2030,Whitefield Main Road,Moderate
4281,Whitefield Main Road,8927.4,Apr-Jun,2030,Whitefield Main Road,Moderate
4282,Whitefield Main Road,9375.74,Jul-Sep,2030,Whitefield Main Road,Moderate
4283,Whitefield Main Road,9302.1,Oct-Dec,2030,Whitefield Main Road,Moderate
4284,Lalbagh Main Road,13449.4,Jan-Mar,2024,Lalbagh Main Road,Moderate
4285,Lalbagh Main Road,13562.79,Apr-Jun,2024,Lalbagh Main Road,Moderate
4286,Lalbagh Main Road,13149.53,Jul-Sep,2024,Lalbagh Main Road,Moderate
4287,Lalbagh Main Road,14865.28,Oct-Dec,2024,Lalbagh Main Road,Moderate
4288,Lalbagh Main Road,16326.87,Jan-Mar,2025,Lalbagh Main Road,Moderate
4289,Lalbagh Main Road,15538.74,Apr-Jun,2025,Lalbagh Main Road,Moderate
4290,Lalbagh Main Road,14966.7,Jul-Sep,2025,Lalbagh Main Road,Moderate
4291,Lalbagh Main Road,9340,Oct-Dec,2025,Lalbagh Main Road,Moderate
4292,Lalbagh Main Road,10421.24,Jan-Mar,2026,Lalbagh Main Road,Moderate
4293,Lalbagh Main Road,10531.44,Apr-Jun,2026,Lalbagh Main Road,Moderate
4294,Lalbagh Main Road,10829.98,Jul-Sep,2026,Lalbagh Main Road,Moderate
4295,Lalbagh Main Road,11030.8,Oct-Dec,2026,Lalbagh Main Road,Moderate
4296,Lalbagh Main Road,10590.53,Jan-Mar,2027,Lalbagh Main Road,Moderate
4297,Lalbagh Main Road,10667.8,Apr-Jun,2027,Lalbagh Main Road,Moderate
4298,Lalbagh Main Road,11046.09,Jul-Sep,2027,Lalbagh Main Road,Moderate
4299,Lalbagh Main Road,11300.36,Oct-Dec,2027,Lalbagh Main Road,Moderate
4300,Lalbagh Main Road,11039.13,Jan-Mar,2028,Lalbagh Main Road,Moderate
4301,Lalbagh Main Road,11094.37,Apr-Jun,2028,Lalbagh Main Road,Moderate
4302,Lalbagh Main Road,11378.13,Jul-Sep,2028,Lalbagh Main Road,Moderate
4303,Lalbagh Main Road,11768.4,Oct-Dec,2028,Lalbagh Main Road,Moderate
4304,Lalbagh Main Road,11993.25,Jan-Mar,2029,Lalbagh Main Road,Moderate
4305,Lalbagh Main Road,11858.95,Apr-Jun,2029,Lalbagh Main Road,Moderate
4306,Lalbagh Main Road,12291.1,Jul-Sep,2029,Lalbagh Main Road,Moderate
4307,Lalbagh Main Road,13416.08,Oct-Dec,2029,Lalbagh Main Road,Moderate
4308,Lalbagh Main Road,13449.4,Jan-Mar,2030,Lalbagh Main Road,Moderate
4309,Lalbagh Main Road,13562.79,Apr-Jun,2030,Lalbagh Main Road,Moderate
4310,Lalbagh Main Road,13149.53,Jul-Sep,2030,Lalbagh Main Road,Moderate
4311,Lalbagh Main Road,14865.28,Oct-Dec,2030,Lalbagh Main Road,Moderate
4312,Langford Road,11948.87,Jan-Mar,2024,Langford Road,Moderate
4313,Langford Road,12141.25,Apr-Jun,2024,Langford Road,Moderate
4314,Langford Road,12334.67,Jul-Sep,2024,Langford Road,Moderate
4315,Langford Road,13047.73,Oct-Dec,2024,Langford Road,Moderate
4316,Langford Road,13764.64,Jan-Mar,2025,Langford Road,Moderate
4317,Langford Road,13680.05,Apr-Jun,2025,Langford Road,Moderate
4318,Langford Road,14359.93,Jul-Sep,2025,Langford Road,Moderate
4319,Langford Road,9154.66,Oct-Dec,2025,Langford Road,Moderate
4320,Langford Road,5789.64,Jan-Mar,2026,Langford Road,Moderate
4321,Langford Road,5607.68,Apr-Jun,2026,Langford Road,Moderate
4322,Langford Road,5656.37,Jul-Sep,2026,Langford Road,Moderate
4323,Langford Road,5589.36,Oct-Dec,2026,Langford Road,Moderate
4324,Langford Road,5988.23,Jan-Mar,2027,Langford Road,Moderate
4325,Langford Road,5860.07,Apr-Jun,2027,Langford Road,Moderate
4326,Langford Road,6039.7,Jul-Sep,2027,Langford Road,Moderate
4327,Langford Road,5972.84,Oct-Dec,2027,Langford Road,Moderate
4328,Langford Road,6157.75,Jan-Mar,2028,Langford Road,Moderate
4329,Langford Road,6368.62,Apr-Jun,2028,Langford Road,Moderate
4330,Langford Road,6690.98,Jul-Sep,2028,Langford Road,Moderate
4331,Langford Road,8459,Oct-Dec,2028,Langford Road,Moderate
4332,Langford Road,7051.34,Jan-Mar,2029,Langford Road,Moderate
4333,Langford Road,7288.33,Apr-Jun,2029,Langford Road,Moderate
4334,Langford Road,7222.58,Jul-Sep,2029,Langford Road,Moderate
4335,Langford Road,10372.17,Oct-Dec,2029,Langford Road,Moderate
4336,Langford Road,11948.87,Jan-Mar,2030,Langford Road,Moderate
4337,Langford Road,12141.25,Apr-Jun,2030,Langford Road,Moderate
4338,Langford Road,12334.67,Jul-Sep,2030,Langford Road,Moderate
4339,Langford Road,13047.73,Oct-Dec,2030,Langford Road,Moderate
4340,New Airport Road,6694.74,Jan-Mar,2024,New Airport Road,High
4341,New Airport Road,7281.1,Apr-Jun,2024,New Airport Road,High
4342,New Airport Road,7152.39,Jul-Sep,2024,New Airport Road,High
4343,New Airport Road,7613.19,Oct-Dec,2024,New Airport Road,High
4344,New Airport Road,7221.48,Jan-Mar,2025,New Airport Road,High
4345,New Airport Road,7822.33,Apr-Jun,2025,New Airport Road,High
4346,New Airport Road,4341.21,Jul-Sep,2025,New Airport Road,High
4347,New Airport Road,3549.25,Oct-Dec,2025,New Airport Road,High
4348,New Airport Road,3627,Jan-Mar,2026,New Airport Road,High
4349,New Airport Road,3477.8,Apr-Jun,2026,New Airport Road,High
4350,New Airport Road,3642.1,Jul-Sep,2026,New Airport Road,High
4351,New Airport Road,3790.6,Oct-Dec,2026,New Airport Road,High
4352,New Airport Road,4054.9,Jan-Mar,2027,New Airport Road,High
4353,New Airport Road,4342.4,Apr-Jun,2027,New Airport Road,High
4354,New Airport Road,4444.2,Jul-Sep,2027,New Airport Road,High
4355,New Airport Road,4566.5,Oct-Dec,2027,New Airport Road,High
4356,New Airport Road,5088.78,Jan-Mar,2028,New Airport Road,High
4357,New Airport Road,5224.31,Apr-Jun,2028,New Airport Road,High
4358,New Airport Road,5393.66,Jul-Sep,2028,New Airport Road,High
4359,New Airport Road,5835.6,Oct-Dec,2028,New Airport Road,High
4360,New Airport Road,5853.28,Jan-Mar,2029,New Airport Road,High
4361,New Airport Road,6219.33,Apr-Jun,2029,New Airport Road,High
4362,New Airport Road,6328.68,Jul-Sep,2029,New Airport Road,High
4363,New Airport Road,6427.9,Oct-Dec,2029,New Airport Road,High
4364,New Airport Road,6694.74,Jan-Mar,2030,New Airport Road,High
4365,New Airport Road,7281.1,Apr-Jun,2030,New Airport Road,High
4366,New Airport Road,7152.39,Jul-Sep,2030,New Airport Road,High
4367,New Airport Road,7613.19,Oct-Dec,2030,New Airport Road,High
4368,Attibele,4272.17,Jan-Mar,2024,Attibele,Moderate
4369,Attibele,4168.93,Apr-Jun,2024,Attibele,Moderate
4370,Attibele,4129.743333,Jul-Sep,2024,Attibele,Moderate
4371,Attibele,4565.423333,Oct-Dec,2024,Attibele,Moderate
4372,Attibele,4945.115,Jan-Mar,2025,Attibele,Moderate
4373,Attibele,4917.535,Apr-Jun,2025,Attibele,Moderate
4374,Attibele,4127.173667,Jul-Sep,2025,Attibele,Moderate
4375,Attibele,3629.893333,Oct-Dec,2025,Attibele,Moderate
4376,Attibele,3629.67,Jan-Mar,2026,Attibele,Moderate
4377,Attibele,3331.17,Apr-Jun,2026,Attibele,Moderate
4378,Attibele,3345.33,Jul-Sep,2026,Attibele,Moderate
4379,Attibele,3643.63,Oct-Dec,2026,Attibele,Moderate
4380,Attibele,3865.84,Jan-Mar,2027,Attibele,Moderate
4381,Attibele,3293.16,Apr-Jun,2027,Attibele,Moderate
4382,Attibele,3401.24,Jul-Sep,2027,Attibele,Moderate
4383,Attibele,3555.63,Oct-Dec,2027,Attibele,Moderate
4384,Attibele,3524.11,Jan-Mar,2028,Attibele,Moderate
4385,Attibele,3594.81,Apr-Jun,2028,Attibele,Moderate
4386,Attibele,3680.77,Jul-Sep,2028,Attibele,Moderate
4387,Attibele,4524.61,Oct-Dec,2028,Attibele,Moderate
4388,Attibele,4061.72,Jan-Mar,2029,Attibele,Moderate
4389,Attibele,4184.14,Apr-Jun,2029,Attibele,Moderate
4390,Attibele,4308.4,Jul-Sep,2029,Attibele,Moderate
4391,Attibele,4438.75,Oct-Dec,2029,Attibele,Moderate
4392,Attibele,4272.17,Jan-Mar,2030,Attibele,Moderate
4393,Attibele,4168.93,Apr-Jun,2030,Attibele,Moderate
4394,Attibele,4129.743333,Jul-Sep,2030,Attibele,Moderate
4395,Attibele,4565.423333,Oct-Dec,2030,Attibele,Moderate
4396,Magadi Main Road,10731.49,Jan-Mar,2024,Magadi Main Road,Moderate
4397,Magadi Main Road,11132.17,Apr-Jun,2024,Magadi Main Road,Moderate
4398,Magadi Main Road,11103.945,Jul-Sep,2024,Magadi Main Road,Moderate
4399,Magadi Main Road,10364.24,Oct-Dec,2024,Magadi Main Road,Moderate
4400,Magadi Main Road,11584.34,Jan-Mar,2025,Magadi Main Road,Moderate
4401,Magadi Main Road,11374.37,Apr-Jun,2025,Magadi Main Road,Moderate
4402,Magadi Main Road,10076.435,Jul-Sep,2025,Magadi Main Road,Moderate
4403,Magadi Main Road,8183.58,Oct-Dec,2025,Magadi Main Road,Moderate
4404,Magadi Main Road,8273.68,Jan-Mar,2026,Magadi Main Road,Moderate
4405,Magadi Main Road,8647.96,Apr-Jun,2026,Magadi Main Road,Moderate
4406,Magadi Main Road,9340.51,Jul-Sep,2026,Magadi Main Road,Moderate
4407,Magadi Main Road,9688.21,Oct-Dec,2026,Magadi Main Road,Moderate
4408,Magadi Main Road,8649.78,Jan-Mar,2027,Magadi Main Road,Moderate
4409,Magadi Main Road,9097.96,Apr-Jun,2027,Magadi Main Road,Moderate
4410,Magadi Main Road,9232.31,Jul-Sep,2027,Magadi Main Road,Moderate
4411,Magadi Main Road,9393.83,Oct-Dec,2027,Magadi Main Road,Moderate
4412,Magadi Main Road,8627.21,Jan-Mar,2028,Magadi Main Road,Moderate
4413,Magadi Main Road,8613.6,Apr-Jun,2028,Magadi Main Road,Moderate
4414,Magadi Main Road,9107.48,Jul-Sep,2028,Magadi Main Road,Moderate
4415,Magadi Main Road,9547.37,Oct-Dec,2028,Magadi Main Road,Moderate
4416,Magadi Main Road,6604.49,Jan-Mar,2029,Magadi Main Road,Moderate
4417,Magadi Main Road,6406.61,Apr-Jun,2029,Magadi Main Road,Moderate
4418,Magadi Main Road,6182.66,Jul-Sep,2029,Magadi Main Road,Moderate
4419,Magadi Main Road,10145.06,Oct-Dec,2029,Magadi Main Road,Moderate
4420,Magadi Main Road,10731.49,Jan-Mar,2030,Magadi Main Road,Moderate
4421,Magadi Main Road,11132.17,Apr-Jun,2030,Magadi Main Road,Moderate
4422,Magadi Main Road,11103.945,Jul-Sep,2030,Magadi Main Road,Moderate
4423,Magadi Main Road,10364.24,Oct-Dec,2030,Magadi Main Road,Moderate
4424,Whitefield,9160.125,Jan-Mar,2024,Whitefield,Moderate
4425,Whitefield,9398.045,Apr-Jun,2024,Whitefield,Moderate
4426,Whitefield,9489.141,Jul-Sep,2024,Whitefield,Moderate
4427,Whitefield,9862.23,Oct-Dec,2024,Whitefield,Moderate
4428,Whitefield,11043.735,Jan-Mar,2025,Whitefield,Moderate
4429,Whitefield,10895.13,Apr-Jun,2025,Whitefield,Moderate
4430,Whitefield,7279.6885,Jul-Sep,2025,Whitefield,Moderate
4431,Whitefield,5082.97,Oct-Dec,2025,Whitefield,Moderate
4432,Whitefield,4954.0845,Jan-Mar,2026,Whitefield,Moderate
4433,Whitefield,4987.602333,Apr-Jun,2026,Whitefield,Moderate
4434,Whitefield,4676.805,Jul-Sep,2026,Whitefield,Moderate
4435,Whitefield,5714.155,Oct-Dec,2026,Whitefield,Moderate
4436,Whitefield,5638.613476,Jan-Mar,2027,Whitefield,Moderate
4437,Whitefield,5697.963333,Apr-Jun,2027,Whitefield,Moderate
4438,Whitefield,5693.559333,Jul-Sep,2027,Whitefield,Moderate
4439,Whitefield,6188.675,Oct-Dec,2027,Whitefield,Moderate
4440,Whitefield,6036.411667,Jan-Mar,2028,Whitefield,Moderate
4441,Whitefield,6242.613333,Apr-Jun,2028,Whitefield,Moderate
4442,Whitefield,6574.576167,Jul-Sep,2028,Whitefield,Moderate
4443,Whitefield,6438.78,Oct-Dec,2028,Whitefield,Moderate
4444,Whitefield,6722.643889,Jan-Mar,2029,Whitefield,Moderate
4445,Whitefield,6938.805,Apr-Jun,2029,Whitefield,Moderate
4446,Whitefield,7143.07,Jul-Sep,2029,Whitefield,Moderate
4447,Whitefield,7463.93,Oct-Dec,2029,Whitefield,Moderate
4448,Whitefield,9160.125,Jan-Mar,2030,Whitefield,Moderate
4449,Whitefield,9398.045,Apr-Jun,2030,Whitefield,Moderate
4450,Whitefield,9489.141,Jul-Sep,2030,Whitefield,Moderate
4451,Whitefield,9862.23,Oct-Dec,2030,Whitefield,Moderate
4452,Outer Ring Road,7041.6575,Jan-Mar,2024,Outer Ring Road,Moderate
4453,Outer Ring Road,7251.8775,Apr-Jun,2024,Outer Ring Road,Moderate
4454,Outer Ring Road,7576.5075,Jul-Sep,2024,Outer Ring Road,Moderate
4455,Outer Ring Road,8551.2575,Oct-Dec,2024,Outer Ring Road,Moderate
4456,Outer Ring Road,8684.359167,Jan-Mar,2025,Outer Ring Road,Moderate
4457,Outer Ring Road,8920.259167,Apr-Jun,2025,Outer Ring Road,Moderate
4458,Outer Ring Road,8174.244452,Jul-Sep,2025,Outer Ring Road,Moderate
4459,Outer Ring Road,5341.050833,Oct-Dec,2025,Outer Ring Road,Moderate
4460,Outer Ring Road,7337.45,Jan-Mar,2026,Outer Ring Road,Moderate
4461,Outer Ring Road,7442.41,Apr-Jun,2026,Outer Ring Road,Moderate
4462,Outer Ring Road,7559.36,Jul-Sep,2026,Outer Ring Road,Moderate
4463,Outer Ring Road,7575.6,Oct-Dec,2026,Outer Ring Road,Moderate
4464,Outer Ring Road,8047.39,Jan-Mar,2027,Outer Ring Road,Moderate
4465,Outer Ring Road,7742.79,Apr-Jun,2027,Outer Ring Road,Moderate
4466,Outer Ring Road,7527.39,Jul-Sep,2027,Outer Ring Road,Moderate
4467,Outer Ring Road,7595,Oct-Dec,2027,Outer Ring Road,Moderate
4468,Outer Ring Road,5752.73,Jan-Mar,2028,Outer Ring Road,Moderate
4469,Outer Ring Road,5667.46,Apr-Jun,2028,Outer Ring Road,Moderate
4470,Outer Ring Road,5868.88,Jul-Sep,2028,Outer Ring Road,Moderate
4471,Outer Ring Road,7201.23,Oct-Dec,2028,Outer Ring Road,Moderate
4472,Outer Ring Road,6996.18,Jan-Mar,2029,Outer Ring Road,Moderate
4473,Outer Ring Road,7470.35,Apr-Jun,2029,Outer Ring Road,Moderate
4474,Outer Ring Road,6884.26,Jul-Sep,2029,Outer Ring Road,Moderate
4475,Outer Ring Road,8044.39,Oct-Dec,2029,Outer Ring Road,Moderate
4476,Outer Ring Road,7041.6575,Jan-Mar,2030,Outer Ring Road,Moderate
4477,Outer Ring Road,7251.8775,Apr-Jun,2030,Outer Ring Road,Moderate
4478,Outer Ring Road,7576.5075,Jul-Sep,2030,Outer Ring Road,Moderate
4479,Outer Ring Road,8551.2575,Oct-Dec,2030,Outer Ring Road,Moderate
4480,Basapaura Main Road,7190.27,Jan-Mar,2024,Basapaura Main Road,Low
4481,Basapaura Main Road,7055.22,Apr-Jun,2024,Basapaura Main Road,Low
4482,Basapaura Main Road,6671.28,Jul-Sep,2024,Basapaura Main Road,Low
4483,Basapaura Main Road,7608.07,Oct-Dec,2024,Basapaura Main Road,Low
4484,Basapaura Main Road,7212.74,Jan-Mar,2025,Basapaura Main Road,Low
4485,Basapaura Main Road,7515.89,Apr-Jun,2025,Basapaura Main Road,Low
4486,Basapaura Main Road,4598.0505,Jul-Sep,2025,Basapaura Main Road,Low
4487,Basapaura Main Road,6076.7,Oct-Dec,2025,Basapaura Main Road,Low
4488,Basapaura Main Road,3753.82,Jan-Mar,2026,Basapaura Main Road,Low
4489,Basapaura Main Road,3641.38,Apr-Jun,2026,Basapaura Main Road,Low
4490,Basapaura Main Road,3696.38,Jul-Sep,2026,Basapaura Main Road,Low
4491,Basapaura Main Road,3940.97,Oct-Dec,2026,Basapaura Main Road,Low
4492,Basapaura Main Road,4223.3,Jan-Mar,2027,Basapaura Main Road,Low
4493,Basapaura Main Road,4115.36,Apr-Jun,2027,Basapaura Main Road,Low
4494,Basapaura Main Road,4121.86,Jul-Sep,2027,Basapaura Main Road,Low
4495,Basapaura Main Road,4483.14,Oct-Dec,2027,Basapaura Main Road,Low
4496,Basapaura Main Road,5113.74,Jan-Mar,2028,Basapaura Main Road,Low
4497,Basapaura Main Road,5115.79,Apr-Jun,2028,Basapaura Main Road,Low
4498,Basapaura Main Road,5443.07,Jul-Sep,2028,Basapaura Main Road,Low
4499,Basapaura Main Road,5609.51,Oct-Dec,2028,Basapaura Main Road,Low
4500,Basapaura Main Road,5831.69,Jan-Mar,2029,Basapaura Main Road,Low
4501,Basapaura Main Road,5856,Apr-Jun,2029,Basapaura Main Road,Low
4502,Basapaura Main Road,6134.8,Jul-Sep,2029,Basapaura Main Road,Low
4503,Basapaura Main Road,6320.68,Oct-Dec,2029,Basapaura Main Road,Low
4504,Basapaura Main Road,7190.27,Jan-Mar,2030,Basapaura Main Road,Low
4505,Basapaura Main Road,7055.22,Apr-Jun,2030,Basapaura Main Road,Low
4506,Basapaura Main Road,6671.28,Jul-Sep,2030,Basapaura Main Road,Low
4507,Basapaura Main Road,7608.07,Oct-Dec,2030,Basapaura Main Road,Low
4508,Kogilu,7896.43,Jan-Mar,2024,Kogilu,Moderate
4509,Kogilu,8017.77,Apr-Jun,2024,Kogilu,Moderate
4510,Kogilu,7671.6525,Jul-Sep,2024,Kogilu,Moderate
4511,Kogilu,8494.505,Oct-Dec,2024,Kogilu,Moderate
4512,Kogilu,8355.225,Jan-Mar,2025,Kogilu,Moderate
4513,Kogilu,8589.905,Apr-Jun,2025,Kogilu,Moderate
4514,Kogilu,7352.717143,Jul-Sep,2025,Kogilu,Moderate
4515,Kogilu,8244.197143,Oct-Dec,2025,Kogilu,Moderate
4516,Kogilu,5419.95,Jan-Mar,2026,Kogilu,Moderate
4517,Kogilu,5367.89,Apr-Jun,2026,Kogilu,Moderate
4518,Kogilu,5497.17,Jul-Sep,2026,Kogilu,Moderate
4519,Kogilu,5579.99,Oct-Dec,2026,Kogilu,Moderate
4520,Kogilu,5480.96,Jan-Mar,2027,Kogilu,Moderate
4521,Kogilu,5420.58,Apr-Jun,2027,Kogilu,Moderate
4522,Kogilu,5576.56,Jul-Sep,2027,Kogilu,Moderate
4523,Kogilu,5692.6,Oct-Dec,2027,Kogilu,Moderate
4524,Kogilu,5458.31,Jan-Mar,2028,Kogilu,Moderate
4525,Kogilu,5429.3,Apr-Jun,2028,Kogilu,Moderate
4526,Kogilu,5805.08,Jul-Sep,2028,Kogilu,Moderate
4527,Kogilu,6451.09,Oct-Dec,2028,Kogilu,Moderate
4528,Kogilu,6247.39,Jan-Mar,2029,Kogilu,Moderate
4529,Kogilu,6505.63,Apr-Jun,2029,Kogilu,Moderate
4530,Kogilu,6860.19,Jul-Sep,2029,Kogilu,Moderate
4531,Kogilu,6891.43,Oct-Dec,2029,Kogilu,Moderate
4532,Kogilu,7896.43,Jan-Mar,2030,Kogilu,Moderate
4533,Kogilu,8017.77,Apr-Jun,2030,Kogilu,Moderate
4534,Kogilu,7671.6525,Jul-Sep,2030,Kogilu,Moderate
4535,Kogilu,8494.505,Oct-Dec,2030,Kogilu,Moderate
4536,Vittal Mallya Road,17855.76,Jan-Mar,2024,Vittal Mallya Road,Moderate
4537,Vittal Mallya Road,17537.97,Apr-Jun,2024,Vittal Mallya Road,Moderate
4538,Vittal Mallya Road,18445.0025,Jul-Sep,2024,Vittal Mallya Road,Moderate
4539,Vittal Mallya Road,15860.01,Oct-Dec,2024,Vittal Mallya Road,Moderate
4540,Vittal Mallya Road,18717.79917,Jan-Mar,2025,Vittal Mallya Road,Moderate
4541,Vittal Mallya Road,18367.15917,Apr-Jun,2025,Vittal Mallya Road,Moderate
4542,Vittal Mallya Road,14500.52833,Jul-Sep,2025,Vittal Mallya Road,Moderate
4543,Vittal Mallya Road,9708.585,Oct-Dec,2025,Vittal Mallya Road,Moderate
4544,Vittal Mallya Road,10860.76,Jan-Mar,2026,Vittal Mallya Road,Moderate
4545,Vittal Mallya Road,11041.29,Apr-Jun,2026,Vittal Mallya Road,Moderate
4546,Vittal Mallya Road,11404.96,Jul-Sep,2026,Vittal Mallya Road,Moderate
4547,Vittal Mallya Road,11944,Oct-Dec,2026,Vittal Mallya Road,Moderate
4548,Vittal Mallya Road,12024.17,Jan-Mar,2027,Vittal Mallya Road,Moderate
4549,Vittal Mallya Road,12135.1,Apr-Jun,2027,Vittal Mallya Road,Moderate
4550,Vittal Mallya Road,12436.96,Jul-Sep,2027,Vittal Mallya Road,Moderate
4551,Vittal Mallya Road,12733.68,Oct-Dec,2027,Vittal Mallya Road,Moderate
4552,Vittal Mallya Road,12638.24,Jan-Mar,2028,Vittal Mallya Road,Moderate
4553,Vittal Mallya Road,12536.03,Apr-Jun,2028,Vittal Mallya Road,Moderate
4554,Vittal Mallya Road,13728.43,Jul-Sep,2028,Vittal Mallya Road,Moderate
4555,Vittal Mallya Road,13432.34,Oct-Dec,2028,Vittal Mallya Road,Moderate
4556,Vittal Mallya Road,13406.66222,Jan-Mar,2029,Vittal Mallya Road,Moderate
4557,Vittal Mallya Road,14314.17,Apr-Jun,2029,Vittal Mallya Road,Moderate
4558,Vittal Mallya Road,14675.92,Jul-Sep,2029,Vittal Mallya Road,Moderate
4559,Vittal Mallya Road,16177.35,Oct-Dec,2029,Vittal Mallya Road,Moderate
4560,Vittal Mallya Road,17855.76,Jan-Mar,2030,Vittal Mallya Road,Moderate
4561,Vittal Mallya Road,17537.97,Apr-Jun,2030,Vittal Mallya Road,Moderate
4562,Vittal Mallya Road,18445.0025,Jul-Sep,2030,Vittal Mallya Road,Moderate
4563,Vittal Mallya Road,15860.01,Oct-Dec,2030,Vittal Mallya Road,Moderate
4564,Bannerughatta,8308.32,Jan-Mar,2024,Bannerughatta,Moderate
4565,Bannerughatta,8518.41,Apr-Jun,2024,Bannerughatta,Moderate
4566,Bannerughatta,8417.346,Jul-Sep,2024,Bannerughatta,Moderate
4567,Bannerughatta,7468.44,Oct-Dec,2024,Bannerughatta,Moderate
4568,Bannerughatta,9325.276667,Jan-Mar,2025,Bannerughatta,Moderate
4569,Bannerughatta,10446.41167,Apr-Jun,2025,Bannerughatta,Moderate
4570,Bannerughatta,8700.386,Jul-Sep,2025,Bannerughatta,Moderate
4571,Bannerughatta,6554.260667,Oct-Dec,2025,Bannerughatta,Moderate
4572,Bannerughatta,6414.73,Jan-Mar,2026,Bannerughatta,Moderate
4573,Bannerughatta,6475.33,Apr-Jun,2026,Bannerughatta,Moderate
4574,Bannerughatta,6471.91,Jul-Sep,2026,Bannerughatta,Moderate
4575,Bannerughatta,6732.74,Oct-Dec,2026,Bannerughatta,Moderate
4576,Bannerughatta,6555.7,Jan-Mar,2027,Bannerughatta,Moderate
4577,Bannerughatta,6492.66,Apr-Jun,2027,Bannerughatta,Moderate
4578,Bannerughatta,6474.3,Jul-Sep,2027,Bannerughatta,Moderate
4579,Bannerughatta,6502.59,Oct-Dec,2027,Bannerughatta,Moderate
4580,Bannerughatta,6488.13,Jan-Mar,2028,Bannerughatta,Moderate
4581,Bannerughatta,6708.74,Apr-Jun,2028,Bannerughatta,Moderate
4582,Bannerughatta,6900.71,Jul-Sep,2028,Bannerughatta,Moderate
4583,Bannerughatta,6967.53,Oct-Dec,2028,Bannerughatta,Moderate
4584,Bannerughatta,6853.19,Jan-Mar,2029,Bannerughatta,Moderate
4585,Bannerughatta,7365.32,Apr-Jun,2029,Bannerughatta,Moderate
4586,Bannerughatta,7594.33,Jul-Sep,2029,Bannerughatta,Moderate
4587,Bannerughatta,7678.32,Oct-Dec,2029,Bannerughatta,Moderate
4588,Bannerughatta,8308.32,Jan-Mar,2030,Bannerughatta,Moderate
4589,Bannerughatta,8518.41,Apr-Jun,2030,Bannerughatta,Moderate
4590,Bannerughatta,8417.346,Jul-Sep,2030,Bannerughatta,Moderate
4591,Bannerughatta,7468.44,Oct-Dec,2030,Bannerughatta,Moderate
4592,OMBR Layout,5743.47,Jan-Mar,2024,OMBR Layout,Moderate
4593,OMBR Layout,6017.06,Apr-Jun,2024,OMBR Layout,Moderate
4594,OMBR Layout,6460.0975,Jul-Sep,2024,OMBR Layout,Moderate
4595,OMBR Layout,7408.27,Oct-Dec,2024,OMBR Layout,Moderate
4596,OMBR Layout,6457.255,Jan-Mar,2025,OMBR Layout,Moderate
4597,OMBR Layout,6746.645,Apr-Jun,2025,OMBR Layout,Moderate
4598,OMBR Layout,5418.74625,Jul-Sep,2025,OMBR Layout,Moderate
4599,OMBR Layout,5270.92,Oct-Dec,2025,OMBR Layout,Moderate
4600,OMBR Layout,3665,Jan-Mar,2026,OMBR Layout,Moderate
4601,OMBR Layout,3730.68,Apr-Jun,2026,OMBR Layout,Moderate
4602,OMBR Layout,3811,Jul-Sep,2026,OMBR Layout,Moderate
4603,OMBR Layout,3899.31,Oct-Dec,2026,OMBR Layout,Moderate
4604,OMBR Layout,4044.27,Jan-Mar,2027,OMBR Layout,Moderate
4605,OMBR Layout,4132.24,Apr-Jun,2027,OMBR Layout,Moderate
4606,OMBR Layout,4171.17,Jul-Sep,2027,OMBR Layout,Moderate
4607,OMBR Layout,4241.4,Oct-Dec,2027,OMBR Layout,Moderate
4608,OMBR Layout,5783.36,Jan-Mar,2028,OMBR Layout,Moderate
4609,OMBR Layout,5622.22,Apr-Jun,2028,OMBR Layout,Moderate
4610,OMBR Layout,6076.33,Jul-Sep,2028,OMBR Layout,Moderate
4611,OMBR Layout,6419.02,Oct-Dec,2028,OMBR Layout,Moderate
4612,OMBR Layout,6134.92,Jan-Mar,2029,OMBR Layout,Moderate
4613,OMBR Layout,6274.49,Apr-Jun,2029,OMBR Layout,Moderate
4614,OMBR Layout,6547.23,Jul-Sep,2029,OMBR Layout,Moderate
4615,OMBR Layout,6637.57,Oct-Dec,2029,OMBR Layout,Moderate
4616,OMBR Layout,5743.47,Jan-Mar,2030,OMBR Layout,Moderate
4617,OMBR Layout,6017.06,Apr-Jun,2030,OMBR Layout,Moderate
4618,OMBR Layout,6460.0975,Jul-Sep,2030,OMBR Layout,Moderate
4619,OMBR Layout,7408.27,Oct-Dec,2030,OMBR Layout,Moderate
4620,Konanakunte,8454.18,Jan-Mar,2024,Konanakunte,Moderate
4621,Konanakunte,9026.045,Apr-Jun,2024,Konanakunte,Moderate
4622,Konanakunte,8716.417,Jul-Sep,2024,Konanakunte,Moderate
4623,Konanakunte,9565.7,Oct-Dec,2024,Konanakunte,Moderate
4624,Konanakunte,8945.465,Jan-Mar,2025,Konanakunte,Moderate
4625,Konanakunte,9185.1,Apr-Jun,2025,Konanakunte,Moderate
4626,Konanakunte,7344.186571,Jul-Sep,2025,Konanakunte,Moderate
4627,Konanakunte,8318.113071,Oct-Dec,2025,Konanakunte,Moderate
4628,Konanakunte,7354.43,Jan-Mar,2026,Konanakunte,Moderate
4629,Konanakunte,7335.5,Apr-Jun,2026,Konanakunte,Moderate
4630,Konanakunte,7497.99,Jul-Sep,2026,Konanakunte,Moderate
4631,Konanakunte,7505.7,Oct-Dec,2026,Konanakunte,Moderate
4632,Konanakunte,7803.76,Jan-Mar,2027,Konanakunte,Moderate
4633,Konanakunte,7782.95,Apr-Jun,2027,Konanakunte,Moderate
4634,Konanakunte,7955.48,Jul-Sep,2027,Konanakunte,Moderate
4635,Konanakunte,7948.87,Oct-Dec,2027,Konanakunte,Moderate
4636,Konanakunte,8144.09,Jan-Mar,2028,Konanakunte,Moderate
4637,Konanakunte,8012.87,Apr-Jun,2028,Konanakunte,Moderate
4638,Konanakunte,8268.69,Jul-Sep,2028,Konanakunte,Moderate
4639,Konanakunte,8732.48,Oct-Dec,2028,Konanakunte,Moderate
4640,Konanakunte,8414.26,Jan-Mar,2029,Konanakunte,Moderate
4641,Konanakunte,7921.28,Apr-Jun,2029,Konanakunte,Moderate
4642,Konanakunte,8059.03,Jul-Sep,2029,Konanakunte,Moderate
4643,Konanakunte,8663.83,Oct-Dec,2029,Konanakunte,Moderate
4644,Konanakunte,8454.18,Jan-Mar,2030,Konanakunte,Moderate
4645,Konanakunte,9026.045,Apr-Jun,2030,Konanakunte,Moderate
4646,Konanakunte,8716.417,Jul-Sep,2030,Konanakunte,Moderate
4647,Konanakunte,9565.7,Oct-Dec,2030,Konanakunte,Moderate
4648,Bannerghatta Main Road,7408.46,Jan-Mar,2024,Bannerghatta Main Road,Moderate
4649,Bannerghatta Main Road,7394.91,Apr-Jun,2024,Bannerghatta Main Road,Moderate
4650,Bannerghatta Main Road,7068.28,Jul-Sep,2024,Bannerghatta Main Road,Moderate
4651,Bannerghatta Main Road,6709.24,Oct-Dec,2024,Bannerghatta Main Road,Moderate
4652,Bannerghatta Main Road,7941.53,Jan-Mar,2025,Bannerghatta Main Road,Moderate
4653,Bannerghatta Main Road,8544.76,Apr-Jun,2025,Bannerghatta Main Road,Moderate
4654,Bannerghatta Main Road,7953.305833,Jul-Sep,2025,Bannerghatta Main Road,Moderate
4655,Bannerghatta Main Road,5466.49,Oct-Dec,2025,Bannerghatta Main Road,Moderate
4656,Bannerghatta Main Road,5172.63,Jan-Mar,2026,Bannerghatta Main Road,Moderate
4657,Bannerghatta Main Road,5168.13,Apr-Jun,2026,Bannerghatta Main Road,Moderate
4658,Bannerghatta Main Road,5363.23,Jul-Sep,2026,Bannerghatta Main Road,Moderate
4659,Bannerghatta Main Road,5450.75,Oct-Dec,2026,Bannerghatta Main Road,Moderate
4660,Bannerghatta Main Road,5448.57,Jan-Mar,2027,Bannerghatta Main Road,Moderate
4661,Bannerghatta Main Road,5325.82,Apr-Jun,2027,Bannerghatta Main Road,Moderate
4662,Bannerghatta Main Road,5260.75,Jul-Sep,2027,Bannerghatta Main Road,Moderate
4663,Bannerghatta Main Road,5350.07,Oct-Dec,2027,Bannerghatta Main Road,Moderate
4664,Bannerghatta Main Road,5532.9,Jan-Mar,2028,Bannerghatta Main Road,Moderate
4665,Bannerghatta Main Road,5517.91,Apr-Jun,2028,Bannerghatta Main Road,Moderate
4666,Bannerghatta Main Road,5530.29,Jul-Sep,2028,Bannerghatta Main Road,Moderate
4667,Bannerghatta Main Road,5560.59,Oct-Dec,2028,Bannerghatta Main Road,Moderate
4668,Bannerghatta Main Road,5489.74,Jan-Mar,2029,Bannerghatta Main Road,Moderate
4669,Bannerghatta Main Road,5714.74,Apr-Jun,2029,Bannerghatta Main Road,Moderate
4670,Bannerghatta Main Road,6244.15,Jul-Sep,2029,Bannerghatta Main Road,Moderate
4671,Bannerghatta Main Road,6467.54,Oct-Dec,2029,Bannerghatta Main Road,Moderate
4672,Bannerghatta Main Road,7408.46,Jan-Mar,2030,Bannerghatta Main Road,Moderate
4673,Bannerghatta Main Road,7394.91,Apr-Jun,2030,Bannerghatta Main Road,Moderate
4674,Bannerghatta Main Road,7068.28,Jul-Sep,2030,Bannerghatta Main Road,Moderate
4675,Bannerghatta Main Road,6709.24,Oct-Dec,2030,Bannerghatta Main Road,Moderate
4676,Viviani Road,11608.55,Jan-Mar,2024,Viviani Road,Moderate
4677,Viviani Road,11354.73,Apr-Jun,2024,Viviani Road,Moderate
4678,Viviani Road,11805.06,Jul-Sep,2024,Viviani Road,Moderate
4679,Viviani Road,12455.09,Oct-Dec,2024,Viviani Road,Moderate
4680,Viviani Road,12206.96,Jan-Mar,2025,Viviani Road,Moderate
4681,Viviani Road,11805.82,Apr-Jun,2025,Viviani Road,Moderate
4682,Viviani Road,9033.125,Jul-Sep,2025,Viviani Road,Moderate
4683,Viviani Road,8826.645,Oct-Dec,2025,Viviani Road,Moderate
4684,Viviani Road,7972.91,Jan-Mar,2026,Viviani Road,Moderate
4685,Viviani Road,8025.99,Apr-Jun,2026,Viviani Road,Moderate
4686,Viviani Road,8238.49,Jul-Sep,2026,Viviani Road,Moderate
4687,Viviani Road,8360.89,Oct-Dec,2026,Viviani Road,Moderate
4688,Viviani Road,8593.43,Jan-Mar,2027,Viviani Road,Moderate
4689,Viviani Road,8704.03,Apr-Jun,2027,Viviani Road,Moderate
4690,Viviani Road,8937.67,Jul-Sep,2027,Viviani Road,Moderate
4691,Viviani Road,8973.89,Oct-Dec,2027,Viviani Road,Moderate
4692,Viviani Road,9753.64,Jan-Mar,2028,Viviani Road,Moderate
4693,Viviani Road,9709.745,Apr-Jun,2028,Viviani Road,Moderate
4694,Viviani Road,10259.08,Jul-Sep,2028,Viviani Road,Moderate
4695,Viviani Road,10027.07,Oct-Dec,2028,Viviani Road,Moderate
4696,Viviani Road,10111.54056,Jan-Mar,2029,Viviani Road,Moderate
4697,Viviani Road,10633.56333,Apr-Jun,2029,Viviani Road,Moderate
4698,Viviani Road,10984.55,Jul-Sep,2029,Viviani Road,Moderate
4699,Viviani Road,11550.86,Oct-Dec,2029,Viviani Road,Moderate
4700,Viviani Road,11608.55,Jan-Mar,2030,Viviani Road,Moderate
4701,Viviani Road,11354.73,Apr-Jun,2030,Viviani Road,Moderate
4702,Viviani Road,11805.06,Jul-Sep,2030,Viviani Road,Moderate
4703,Viviani Road,12455.09,Oct-Dec,2030,Viviani Road,Moderate
4704,Koramangala,12119.05,Jan-Mar,2024,Koramangala,Moderate
4705,Koramangala,12467.35,Apr-Jun,2024,Koramangala,Moderate
4706,Koramangala,12267.87,Jul-Sep,2024,Koramangala,Moderate
4707,Koramangala,12150.61,Oct-Dec,2024,Koramangala,Moderate
4708,Koramangala,13402.79,Jan-Mar,2025,Koramangala,Moderate
4709,Koramangala,13603.87,Apr-Jun,2025,Koramangala,Moderate
4710,Koramangala,10790.578,Jul-Sep,2025,Koramangala,Moderate
4711,Koramangala,9316.41,Oct-Dec,2025,Koramangala,Moderate
4712,Koramangala,10798.07,Jan-Mar,2026,Koramangala,Moderate
4713,Koramangala,11073.63,Apr-Jun,2026,Koramangala,Moderate
4714,Koramangala,11066.27,Jul-Sep,2026,Koramangala,Moderate
4715,Koramangala,11053.87,Oct-Dec,2026,Koramangala,Moderate
4716,Koramangala,11488.52,Jan-Mar,2027,Koramangala,Moderate
4717,Koramangala,11499.59,Apr-Jun,2027,Koramangala,Moderate
4718,Koramangala,11470.62,Jul-Sep,2027,Koramangala,Moderate
4719,Koramangala,11507.04,Oct-Dec,2027,Koramangala,Moderate
4720,Koramangala,10554.18,Jan-Mar,2028,Koramangala,Moderate
4721,Koramangala,10315.95,Apr-Jun,2028,Koramangala,Moderate
4722,Koramangala,10726.55,Jul-Sep,2028,Koramangala,Moderate
4723,Koramangala,10717.53,Oct-Dec,2028,Koramangala,Moderate
4724,Koramangala,11163.44,Jan-Mar,2029,Koramangala,Moderate
4725,Koramangala,11261.74,Apr-Jun,2029,Koramangala,Moderate
4726,Koramangala,11563.2,Jul-Sep,2029,Koramangala,Moderate
4727,Koramangala,11064.44,Oct-Dec,2029,Koramangala,Moderate
4728,Koramangala,12119.05,Jan-Mar,2030,Koramangala,Moderate
4729,Koramangala,12467.35,Apr-Jun,2030,Koramangala,Moderate
4730,Koramangala,12267.87,Jul-Sep,2030,Koramangala,Moderate
4731,Koramangala,12150.61,Oct-Dec,2030,Koramangala,Moderate
4732,Bangalore University Road,9140.56,Jan-Mar,2024,Bangalore University Road,Low
4733,Bangalore University Road,8762.96,Apr-Jun,2024,Bangalore University Road,Low
4734,Bangalore University Road,7793.014333,Jul-Sep,2024,Bangalore University Road,Low
4735,Bangalore University Road,8100.8,Oct-Dec,2024,Bangalore University Road,Low
4736,Bangalore University Road,8593.463333,Jan-Mar,2025,Bangalore University Road,Low
4737,Bangalore University Road,8562.653333,Apr-Jun,2025,Bangalore University Road,Low
4738,Bangalore University Road,7469.524333,Jul-Sep,2025,Bangalore University Road,Low
4739,Bangalore University Road,6322.906667,Oct-Dec,2025,Bangalore University Road,Low
4740,Bangalore University Road,6800.56,Jan-Mar,2026,Bangalore University Road,Low
4741,Bangalore University Road,6838.64,Apr-Jun,2026,Bangalore University Road,Low
4742,Bangalore University Road,6826.99,Jul-Sep,2026,Bangalore University Road,Low
4743,Bangalore University Road,6913.44,Oct-Dec,2026,Bangalore University Road,Low
4744,Bangalore University Road,7117.79,Jan-Mar,2027,Bangalore University Road,Low
4745,Bangalore University Road,7296.27,Apr-Jun,2027,Bangalore University Road,Low
4746,Bangalore University Road,7251.69,Jul-Sep,2027,Bangalore University Road,Low
4747,Bangalore University Road,7212.31,Oct-Dec,2027,Bangalore University Road,Low
4748,Bangalore University Road,7196.51,Jan-Mar,2028,Bangalore University Road,Low
4749,Bangalore University Road,7331.03,Apr-Jun,2028,Bangalore University Road,Low
4750,Bangalore University Road,7419.87,Jul-Sep,2028,Bangalore University Road,Low
4751,Bangalore University Road,7415.12,Oct-Dec,2028,Bangalore University Road,Low
4752,Bangalore University Road,7397.7,Jan-Mar,2029,Bangalore University Road,Low
4753,Bangalore University Road,7546.4,Apr-Jun,2029,Bangalore University Road,Low
4754,Bangalore University Road,7266.6,Jul-Sep,2029,Bangalore University Road,Low
4755,Bangalore University Road,7193.69,Oct-Dec,2029,Bangalore University Road,Low
4756,Bangalore University Road,9140.56,Jan-Mar,2030,Bangalore University Road,Low
4757,Bangalore University Road,8762.96,Apr-Jun,2030,Bangalore University Road,Low
4758,Bangalore University Road,7793.014333,Jul-Sep,2030,Bangalore University Road,Low
4759,Bangalore University Road,8100.8,Oct-Dec,2030,Bangalore University Road,Low
4760,Wheeler Road,9837.01,Jan-Mar,2024,Wheeler Road,Moderate
4761,Wheeler Road,9591.67,Apr-Jun,2024,Wheeler Road,Moderate
4762,Wheeler Road,10225.03,Jul-Sep,2024,Wheeler Road,Moderate
4763,Wheeler Road,11493.61,Oct-Dec,2024,Wheeler Road,Moderate
4764,Wheeler Road,11370.97,Jan-Mar,2025,Wheeler Road,Moderate
4765,Wheeler Road,11308.34,Apr-Jun,2025,Wheeler Road,Moderate
4766,Wheeler Road,9582.801,Jul-Sep,2025,Wheeler Road,Moderate
4767,Wheeler Road,6918.795,Oct-Dec,2025,Wheeler Road,Moderate
4768,Wheeler Road,5644.227833,Jan-Mar,2026,Wheeler Road,Moderate
4769,Wheeler Road,5703.460833,Apr-Jun,2026,Wheeler Road,Moderate
4770,Wheeler Road,5577.76,Jul-Sep,2026,Wheeler Road,Moderate
4771,Wheeler Road,6270.62,Oct-Dec,2026,Wheeler Road,Moderate
4772,Wheeler Road,6338.53,Jan-Mar,2027,Wheeler Road,Moderate
4773,Wheeler Road,6264.7545,Apr-Jun,2027,Wheeler Road,Moderate
4774,Wheeler Road,6270.3685,Jul-Sep,2027,Wheeler Road,Moderate
4775,Wheeler Road,6540.54,Oct-Dec,2027,Wheeler Road,Moderate
4776,Wheeler Road,9458.35,Jan-Mar,2028,Wheeler Road,Moderate
4777,Wheeler Road,9403.030833,Apr-Jun,2028,Wheeler Road,Moderate
4778,Wheeler Road,9880.61,Jul-Sep,2028,Wheeler Road,Moderate
4779,Wheeler Road,9706.5,Oct-Dec,2028,Wheeler Road,Moderate
4780,Wheeler Road,9902.265556,Jan-Mar,2029,Wheeler Road,Moderate
4781,Wheeler Road,10353.53833,Apr-Jun,2029,Wheeler Road,Moderate
4782,Wheeler Road,10683.17,Jul-Sep,2029,Wheeler Road,Moderate
4783,Wheeler Road,10958.54,Oct-Dec,2029,Wheeler Road,Moderate
4784,Wheeler Road,9837.01,Jan-Mar,2030,Wheeler Road,Moderate
4785,Wheeler Road,9591.67,Apr-Jun,2030,Wheeler Road,Moderate
4786,Wheeler Road,10225.03,Jul-Sep,2030,Wheeler Road,Moderate
4787,Wheeler Road,11493.61,Oct-Dec,2030,Wheeler Road,Moderate
4788,Kothanur,7436.81,Jan-Mar,2024,Kothanur,Moderate
4789,Kothanur,7409.76,Apr-Jun,2024,Kothanur,Moderate
4790,Kothanur,7783.635,Jul-Sep,2024,Kothanur,Moderate
4791,Kothanur,8781.9,Oct-Dec,2024,Kothanur,Moderate
4792,Kothanur,8598.84,Jan-Mar,2025,Kothanur,Moderate
4793,Kothanur,8656.105,Apr-Jun,2025,Kothanur,Moderate
4794,Kothanur,7243.281929,Jul-Sep,2025,Kothanur,Moderate
4795,Kothanur,8191.6515,Oct-Dec,2025,Kothanur,Moderate
4796,Kothanur,5590.37,Jan-Mar,2026,Kothanur,Moderate
4797,Kothanur,5726.54,Apr-Jun,2026,Kothanur,Moderate
4798,Kothanur,5920.59,Jul-Sep,2026,Kothanur,Moderate
4799,Kothanur,5874.71,Oct-Dec,2026,Kothanur,Moderate
4800,Kothanur,5583.19,Jan-Mar,2027,Kothanur,Moderate
4801,Kothanur,5717.74,Apr-Jun,2027,Kothanur,Moderate
4802,Kothanur,5703.64,Jul-Sep,2027,Kothanur,Moderate
4803,Kothanur,5644.01,Oct-Dec,2027,Kothanur,Moderate
4804,Kothanur,5783.44,Jan-Mar,2028,Kothanur,Moderate
4805,Kothanur,5641.88,Apr-Jun,2028,Kothanur,Moderate
4806,Kothanur,5989.41,Jul-Sep,2028,Kothanur,Moderate
4807,Kothanur,6362.81,Oct-Dec,2028,Kothanur,Moderate
4808,Kothanur,6661.37,Jan-Mar,2029,Kothanur,Moderate
4809,Kothanur,6625.92,Apr-Jun,2029,Kothanur,Moderate
4810,Kothanur,6781.34,Jul-Sep,2029,Kothanur,Moderate
4811,Kothanur,6904,Oct-Dec,2029,Kothanur,Moderate
4812,Kothanur,7436.81,Jan-Mar,2030,Kothanur,Moderate
4813,Kothanur,7409.76,Apr-Jun,2030,Kothanur,Moderate
4814,Kothanur,7783.635,Jul-Sep,2030,Kothanur,Moderate
4815,Kothanur,8781.9,Oct-Dec,2030,Kothanur,Moderate
4816,Banaswadi,11980.38,Jan-Mar,2024,Banaswadi,Moderate
4817,Banaswadi,10860.41,Apr-Jun,2024,Banaswadi,Moderate
4818,Banaswadi,7478.025,Jul-Sep,2024,Banaswadi,Moderate
4819,Banaswadi,7460.3,Oct-Dec,2024,Banaswadi,Moderate
4820,Banaswadi,8921.08,Jan-Mar,2025,Banaswadi,Moderate
4821,Banaswadi,9215.3,Apr-Jun,2025,Banaswadi,Moderate
4822,Banaswadi,6022.645833,Jul-Sep,2025,Banaswadi,Moderate
4823,Banaswadi,5692.323333,Oct-Dec,2025,Banaswadi,Moderate
4824,Banaswadi,5656.88,Jan-Mar,2026,Banaswadi,Moderate
4825,Banaswadi,5613,Apr-Jun,2026,Banaswadi,Moderate
4826,Banaswadi,5504.39,Jul-Sep,2026,Banaswadi,Moderate
4827,Banaswadi,5542.02,Oct-Dec,2026,Banaswadi,Moderate
4828,Banaswadi,5791.27,Jan-Mar,2027,Banaswadi,Moderate
4829,Banaswadi,5749.01,Apr-Jun,2027,Banaswadi,Moderate
4830,Banaswadi,5581.25,Jul-Sep,2027,Banaswadi,Moderate
4831,Banaswadi,5554.94,Oct-Dec,2027,Banaswadi,Moderate
4832,Banaswadi,5768.66,Jan-Mar,2028,Banaswadi,Moderate
4833,Banaswadi,5823.63,Apr-Jun,2028,Banaswadi,Moderate
4834,Banaswadi,5967.01,Jul-Sep,2028,Banaswadi,Moderate
4835,Banaswadi,6243.38,Oct-Dec,2028,Banaswadi,Moderate
4836,Banaswadi,6035.75,Jan-Mar,2029,Banaswadi,Moderate
4837,Banaswadi,6151.69,Apr-Jun,2029,Banaswadi,Moderate
4838,Banaswadi,6308.11,Jul-Sep,2029,Banaswadi,Moderate
4839,Banaswadi,6528.75,Oct-Dec,2029,Banaswadi,Moderate
4840,Banaswadi,11980.38,Jan-Mar,2030,Banaswadi,Moderate
4841,Banaswadi,10860.41,Apr-Jun,2030,Banaswadi,Moderate
4842,Banaswadi,7478.025,Jul-Sep,2030,Banaswadi,Moderate
4843,Banaswadi,7460.3,Oct-Dec,2030,Banaswadi,Moderate
4844,Old Madras Road,7015.99,Jan-Mar,2024,Old Madras Road,Moderate
4845,Old Madras Road,7112.27,Apr-Jun,2024,Old Madras Road,Moderate
4846,Old Madras Road,7490.105,Jul-Sep,2024,Old Madras Road,Moderate
4847,Old Madras Road,7482.67,Oct-Dec,2024,Old Madras Road,Moderate
4848,Old Madras Road,8378.346,Jan-Mar,2025,Old Madras Road,Moderate
4849,Old Madras Road,8684.316,Apr-Jun,2025,Old Madras Road,Moderate
4850,Old Madras Road,7290.4865,Jul-Sep,2025,Old Madras Road,Moderate
4851,Old Madras Road,5085.833333,Oct-Dec,2025,Old Madras Road,Moderate
4852,Old Madras Road,4929.09,Jan-Mar,2026,Old Madras Road,Moderate
4853,Old Madras Road,4957.12,Apr-Jun,2026,Old Madras Road,Moderate
4854,Old Madras Road,4972.22,Jul-Sep,2026,Old Madras Road,Moderate
4855,Old Madras Road,4953.52,Oct-Dec,2026,Old Madras Road,Moderate
4856,Old Madras Road,5001.06,Jan-Mar,2027,Old Madras Road,Moderate
4857,Old Madras Road,5026.38,Apr-Jun,2027,Old Madras Road,Moderate
4858,Old Madras Road,5033.33,Jul-Sep,2027,Old Madras Road,Moderate
4859,Old Madras Road,5010.7,Oct-Dec,2027,Old Madras Road,Moderate
4860,Old Madras Road,5488.69,Jan-Mar,2028,Old Madras Road,Moderate
4861,Old Madras Road,5364.23,Apr-Jun,2028,Old Madras Road,Moderate
4862,Old Madras Road,5650.8,Jul-Sep,2028,Old Madras Road,Moderate
4863,Old Madras Road,6110.68,Oct-Dec,2028,Old Madras Road,Moderate
4864,Old Madras Road,6098.35,Jan-Mar,2029,Old Madras Road,Moderate
4865,Old Madras Road,6144.25,Apr-Jun,2029,Old Madras Road,Moderate
4866,Old Madras Road,5890.5,Jul-Sep,2029,Old Madras Road,Moderate
4867,Old Madras Road,6375.69,Oct-Dec,2029,Old Madras Road,Moderate
4868,Old Madras Road,7015.99,Jan-Mar,2030,Old Madras Road,Moderate
4869,Old Madras Road,7112.27,Apr-Jun,2030,Old Madras Road,Moderate
4870,Old Madras Road,7490.105,Jul-Sep,2030,Old Madras Road,Moderate
4871,Old Madras Road,7482.67,Oct-Dec,2030,Old Madras Road,Moderate
4872,Krishnarajapura,6049.99,Jan-Mar,2024,Krishnarajapura,Moderate
4873,Krishnarajapura,6201.2,Apr-Jun,2024,Krishnarajapura,Moderate
4874,Krishnarajapura,6391.156667,Jul-Sep,2024,Krishnarajapura,Moderate
4875,Krishnarajapura,7039.523333,Oct-Dec,2024,Krishnarajapura,Moderate
4876,Krishnarajapura,7319.879,Jan-Mar,2025,Krishnarajapura,Moderate
4877,Krishnarajapura,7651.894,Apr-Jun,2025,Krishnarajapura,Moderate
4878,Krishnarajapura,6664.885405,Jul-Sep,2025,Krishnarajapura,Moderate
4879,Krishnarajapura,5493.928,Oct-Dec,2025,Krishnarajapura,Moderate
4880,Krishnarajapura,4804.89,Jan-Mar,2026,Krishnarajapura,Moderate
4881,Krishnarajapura,4821.1,Apr-Jun,2026,Krishnarajapura,Moderate
4882,Krishnarajapura,4906.13,Jul-Sep,2026,Krishnarajapura,Moderate
4883,Krishnarajapura,4904.5,Oct-Dec,2026,Krishnarajapura,Moderate
4884,Krishnarajapura,4871.18,Jan-Mar,2027,Krishnarajapura,Moderate
4885,Krishnarajapura,4877.94,Apr-Jun,2027,Krishnarajapura,Moderate
4886,Krishnarajapura,4970.94,Jul-Sep,2027,Krishnarajapura,Moderate
4887,Krishnarajapura,4984.57,Oct-Dec,2027,Krishnarajapura,Moderate
4888,Krishnarajapura,5309.76,Jan-Mar,2028,Krishnarajapura,Moderate
4889,Krishnarajapura,5221.34,Apr-Jun,2028,Krishnarajapura,Moderate
4890,Krishnarajapura,5316.98,Jul-Sep,2028,Krishnarajapura,Moderate
4891,Krishnarajapura,5393.65,Oct-Dec,2028,Krishnarajapura,Moderate
4892,Krishnarajapura,5563.62,Jan-Mar,2029,Krishnarajapura,Moderate
4893,Krishnarajapura,5632.16,Apr-Jun,2029,Krishnarajapura,Moderate
4894,Krishnarajapura,5752.58,Jul-Sep,2029,Krishnarajapura,Moderate
4895,Krishnarajapura,6050.26,Oct-Dec,2029,Krishnarajapura,Moderate
4896,Krishnarajapura,6049.99,Jan-Mar,2030,Krishnarajapura,Moderate
4897,Krishnarajapura,6201.2,Apr-Jun,2030,Krishnarajapura,Moderate
4898,Krishnarajapura,6391.156667,Jul-Sep,2030,Krishnarajapura,Moderate
4899,Krishnarajapura,7039.523333,Oct-Dec,2030,Krishnarajapura,Moderate
4900,Banashankari,8656.8,Jan-Mar,2024,Banashankari,Moderate
4901,Banashankari,8319.15,Apr-Jun,2024,Banashankari,Moderate
4902,Banashankari,8915.145,Jul-Sep,2024,Banashankari,Moderate
4903,Banashankari,8853.73,Oct-Dec,2024,Banashankari,Moderate
4904,Banashankari,8992.82,Jan-Mar,2025,Banashankari,Moderate
4905,Banashankari,9184.71,Apr-Jun,2025,Banashankari,Moderate
4906,Banashankari,7356.151,Jul-Sep,2025,Banashankari,Moderate
4907,Banashankari,6192.3,Oct-Dec,2025,Banashankari,Moderate
4908,Banashankari,6385.32,Jan-Mar,2026,Banashankari,Moderate
4909,Banashankari,6401.67,Apr-Jun,2026,Banashankari,Moderate
4910,Banashankari,6450.58,Jul-Sep,2026,Banashankari,Moderate
4911,Banashankari,6177.54,Oct-Dec,2026,Banashankari,Moderate
4912,Banashankari,6546.49,Jan-Mar,2027,Banashankari,Moderate
4913,Banashankari,6531.59,Apr-Jun,2027,Banashankari,Moderate
4914,Banashankari,6148.4,Jul-Sep,2027,Banashankari,Moderate
4915,Banashankari,5913.21,Oct-Dec,2027,Banashankari,Moderate
4916,Banashankari,5851.61,Jan-Mar,2028,Banashankari,Moderate
4917,Banashankari,5902.62,Apr-Jun,2028,Banashankari,Moderate
4918,Banashankari,5940.91,Jul-Sep,2028,Banashankari,Moderate
4919,Banashankari,6170.26,Oct-Dec,2028,Banashankari,Moderate
4920,Banashankari,6216.99,Jan-Mar,2029,Banashankari,Moderate
4921,Banashankari,6300.13,Apr-Jun,2029,Banashankari,Moderate
4922,Banashankari,6481.2,Jul-Sep,2029,Banashankari,Moderate
4923,Banashankari,6698.71,Oct-Dec,2029,Banashankari,Moderate
4924,Banashankari,8656.8,Jan-Mar,2030,Banashankari,Moderate
4925,Banashankari,8319.15,Apr-Jun,2030,Banashankari,Moderate
4926,Banashankari,8915.145,Jul-Sep,2030,Banashankari,Moderate
4927,Banashankari,8853.73,Oct-Dec,2030,Banashankari,Moderate
4928,Neotown Road,6232.77,Jan-Mar,2024,Neotown Road,Moderate
4929,Neotown Road,6622.45,Apr-Jun,2024,Neotown Road,Moderate
4930,Neotown Road,7126.19,Jul-Sep,2024,Neotown Road,Moderate
4931,Neotown Road,8302.66,Oct-Dec,2024,Neotown Road,Moderate
4932,Neotown Road,5190.05,Jan-Mar,2025,Neotown Road,Moderate
4933,Neotown Road,5674.76,Apr-Jun,2025,Neotown Road,Moderate
4934,Neotown Road,5347.22,Jul-Sep,2025,Neotown Road,Moderate
4935,Neotown Road,3550.82,Oct-Dec,2025,Neotown Road,Moderate
4936,Neotown Road,3557.5,Jan-Mar,2026,Neotown Road,Moderate
4937,Neotown Road,3597,Apr-Jun,2026,Neotown Road,Moderate
4938,Neotown Road,3775.8,Jul-Sep,2026,Neotown Road,Moderate
4939,Neotown Road,3886.5,Oct-Dec,2026,Neotown Road,Moderate
4940,Neotown Road,3927.5,Jan-Mar,2027,Neotown Road,Moderate
4941,Neotown Road,4626.8,Apr-Jun,2027,Neotown Road,Moderate
4942,Neotown Road,4691.3,Jul-Sep,2027,Neotown Road,Moderate
4943,Neotown Road,4678,Oct-Dec,2027,Neotown Road,Moderate
4944,Neotown Road,4500.26,Jan-Mar,2028,Neotown Road,Moderate
4945,Neotown Road,4579.56,Apr-Jun,2028,Neotown Road,Moderate
4946,Neotown Road,4530.91,Jul-Sep,2028,Neotown Road,Moderate
4947,Neotown Road,5243.84,Oct-Dec,2028,Neotown Road,Moderate
4948,Neotown Road,4929.65,Jan-Mar,2029,Neotown Road,Moderate
4949,Neotown Road,5502.09,Apr-Jun,2029,Neotown Road,Moderate
4950,Neotown Road,5894.86,Jul-Sep,2029,Neotown Road,Moderate
4951,Neotown Road,5871.52,Oct-Dec,2029,Neotown Road,Moderate
4952,Neotown Road,6232.77,Jan-Mar,2030,Neotown Road,Moderate
4953,Neotown Road,6622.45,Apr-Jun,2030,Neotown Road,Moderate
4954,Neotown Road,7126.19,Jul-Sep,2030,Neotown Road,Moderate
4955,Neotown Road,8302.66,Oct-Dec,2030,Neotown Road,Moderate
4956,Mahadevapura,6777.21,Jan-Mar,2024,Mahadevapura,High
4957,Mahadevapura,6739.63,Apr-Jun,2024,Mahadevapura,High
4958,Mahadevapura,6281.03,Jul-Sep,2024,Mahadevapura,High
4959,Mahadevapura,7378.81,Oct-Dec,2024,Mahadevapura,High
4960,Mahadevapura,11112.8275,Jan-Mar,2025,Mahadevapura,High
4961,Mahadevapura,10070.9425,Apr-Jun,2025,Mahadevapura,High
4962,Mahadevapura,7763.5065,Jul-Sep,2025,Mahadevapura,High
4963,Mahadevapura,6944.49,Oct-Dec,2025,Mahadevapura,High
4964,Mahadevapura,6242.39,Jan-Mar,2026,Mahadevapura,High
4965,Mahadevapura,6250.32,Apr-Jun,2026,Mahadevapura,High
4966,Mahadevapura,6372.84,Jul-Sep,2026,Mahadevapura,High
4967,Mahadevapura,6532.65,Oct-Dec,2026,Mahadevapura,High
4968,Mahadevapura,6601.9,Jan-Mar,2027,Mahadevapura,High
4969,Mahadevapura,6584.29,Apr-Jun,2027,Mahadevapura,High
4970,Mahadevapura,6599.62,Jul-Sep,2027,Mahadevapura,High
4971,Mahadevapura,6615.77,Oct-Dec,2027,Mahadevapura,High
4972,Mahadevapura,7174.51,Jan-Mar,2028,Mahadevapura,High
4973,Mahadevapura,7104.04,Apr-Jun,2028,Mahadevapura,High
4974,Mahadevapura,7446.75,Jul-Sep,2028,Mahadevapura,High
4975,Mahadevapura,7562.76,Oct-Dec,2028,Mahadevapura,High
4976,Mahadevapura,6779.41,Jan-Mar,2029,Mahadevapura,High
4977,Mahadevapura,6873.53,Apr-Jun,2029,Mahadevapura,High
4978,Mahadevapura,6264.42,Jul-Sep,2029,Mahadevapura,High
4979,Mahadevapura,9776.77,Oct-Dec,2029,Mahadevapura,High
4980,Mahadevapura,6777.21,Jan-Mar,2030,Mahadevapura,High
4981,Mahadevapura,6739.63,Apr-Jun,2030,Mahadevapura,High
4982,Mahadevapura,6281.03,Jul-Sep,2030,Mahadevapura,High
4983,Mahadevapura,7378.81,Oct-Dec,2030,Mahadevapura,High
4984,Nagavara,7611.97,Jan-Mar,2024,Nagavara,High
4985,Nagavara,7729.85,Apr-Jun,2024,Nagavara,High
4986,Nagavara,7899.76,Jul-Sep,2024,Nagavara,High
4987,Nagavara,9053.26,Oct-Dec,2024,Nagavara,High
4988,Nagavara,9871.05,Jan-Mar,2025,Nagavara,High
4989,Nagavara,9794.29,Apr-Jun,2025,Nagavara,High
4990,Nagavara,9636.86,Jul-Sep,2025,Nagavara,High
4991,Nagavara,6550.21,Oct-Dec,2025,Nagavara,High
4992,Nagavara,6821.04,Jan-Mar,2026,Nagavara,High
4993,Nagavara,7002.99,Apr-Jun,2026,Nagavara,High
4994,Nagavara,6952.93,Jul-Sep,2026,Nagavara,High
4995,Nagavara,6882.42,Oct-Dec,2026,Nagavara,High
4996,Nagavara,6517.28,Jan-Mar,2027,Nagavara,High
4997,Nagavara,6687.77,Apr-Jun,2027,Nagavara,High
4998,Nagavara,6584.05,Jul-Sep,2027,Nagavara,High
4999,Nagavara,6605.98,Oct-Dec,2027,Nagavara,High
5000,Nagavara,7194.12,Jan-Mar,2028,Nagavara,High
5001,Nagavara,7174.84,Apr-Jun,2028,Nagavara,High
5002,Nagavara,7275.85,Jul-Sep,2028,Nagavara,High
5003,Nagavara,7275.05,Oct-Dec,2028,Nagavara,High
5004,Nagavara,7720.39,Jan-Mar,2029,Nagavara,High
5005,Nagavara,8067.6,Apr-Jun,2029,Nagavara,High
5006,Nagavara,8366.84,Jul-Sep,2029,Nagavara,High
5007,Nagavara,8392.35,Oct-Dec,2029,Nagavara,High
5008,Nagavara,7611.97,Jan-Mar,2030,Nagavara,High
5009,Nagavara,7729.85,Apr-Jun,2030,Nagavara,High
5010,Nagavara,7899.76,Jul-Sep,2030,Nagavara,High
5011,Nagavara,9053.26,Oct-Dec,2030,Nagavara,High
5012,Marathahalli Sarjapur Outer Ring Road,8118.62,Jan-Mar,2024,Marathahalli Sarjapur Outer Ring Road,Moderate
5013,Marathahalli Sarjapur Outer Ring Road,8182.11,Apr-Jun,2024,Marathahalli Sarjapur Outer Ring Road,Moderate
5014,Marathahalli Sarjapur Outer Ring Road,9112.295,Jul-Sep,2024,Marathahalli Sarjapur Outer Ring Road,Moderate
5015,Marathahalli Sarjapur Outer Ring Road,10058.78,Oct-Dec,2024,Marathahalli Sarjapur Outer Ring Road,Moderate
5016,Marathahalli Sarjapur Outer Ring Road,11775.35,Jan-Mar,2025,Marathahalli Sarjapur Outer Ring Road,Moderate
5017,Marathahalli Sarjapur Outer Ring Road,12253.14,Apr-Jun,2025,Marathahalli Sarjapur Outer Ring Road,Moderate
5018,Marathahalli Sarjapur Outer Ring Road,9957.794,Jul-Sep,2025,Marathahalli Sarjapur Outer Ring Road,Moderate
5019,Marathahalli Sarjapur Outer Ring Road,7377.49,Oct-Dec,2025,Marathahalli Sarjapur Outer Ring Road,Moderate
5020,Marathahalli Sarjapur Outer Ring Road,7294.15,Jan-Mar,2026,Marathahalli Sarjapur Outer Ring Road,Moderate
5021,Marathahalli Sarjapur Outer Ring Road,7281,Apr-Jun,2026,Marathahalli Sarjapur Outer Ring Road,Moderate
5022,Marathahalli Sarjapur Outer Ring Road,7288.52,Jul-Sep,2026,Marathahalli Sarjapur Outer Ring Road,Moderate
5023,Marathahalli Sarjapur Outer Ring Road,7310.56,Oct-Dec,2026,Marathahalli Sarjapur Outer Ring Road,Moderate
5024,Marathahalli Sarjapur Outer Ring Road,7743.16,Jan-Mar,2027,Marathahalli Sarjapur Outer Ring Road,Moderate
5025,Marathahalli Sarjapur Outer Ring Road,7880.55,Apr-Jun,2027,Marathahalli Sarjapur Outer Ring Road,Moderate
5026,Marathahalli Sarjapur Outer Ring Road,7998.81,Jul-Sep,2027,Marathahalli Sarjapur Outer Ring Road,Moderate
5027,Marathahalli Sarjapur Outer Ring Road,7881.23,Oct-Dec,2027,Marathahalli Sarjapur Outer Ring Road,Moderate
5028,Marathahalli Sarjapur Outer Ring Road,6828.65,Jan-Mar,2028,Marathahalli Sarjapur Outer Ring Road,Moderate
5029,Marathahalli Sarjapur Outer Ring Road,7002.54,Apr-Jun,2028,Marathahalli Sarjapur Outer Ring Road,Moderate
5030,Marathahalli Sarjapur Outer Ring Road,7110.76,Jul-Sep,2028,Marathahalli Sarjapur Outer Ring Road,Moderate
5031,Marathahalli Sarjapur Outer Ring Road,6861.14,Oct-Dec,2028,Marathahalli Sarjapur Outer Ring Road,Moderate
5032,Marathahalli Sarjapur Outer Ring Road,8826.67,Jan-Mar,2029,Marathahalli Sarjapur Outer Ring Road,Moderate
5033,Marathahalli Sarjapur Outer Ring Road,8910.69,Apr-Jun,2029,Marathahalli Sarjapur Outer Ring Road,Moderate
5034,Marathahalli Sarjapur Outer Ring Road,8673.01,Jul-Sep,2029,Marathahalli Sarjapur Outer Ring Road,Moderate
5035,Marathahalli Sarjapur Outer Ring Road,8298.26,Oct-Dec,2029,Marathahalli Sarjapur Outer Ring Road,Moderate
5036,Marathahalli Sarjapur Outer Ring Road,8118.62,Jan-Mar,2030,Marathahalli Sarjapur Outer Ring Road,Moderate
5037,Marathahalli Sarjapur Outer Ring Road,8182.11,Apr-Jun,2030,Marathahalli Sarjapur Outer Ring Road,Moderate
5038,Marathahalli Sarjapur Outer Ring Road,9112.295,Jul-Sep,2030,Marathahalli Sarjapur Outer Ring Road,Moderate
5039,Marathahalli Sarjapur Outer Ring Road,10058.78,Oct-Dec,2030,Marathahalli Sarjapur Outer Ring Road,Moderate
5040,Nagasandra,7072.05,Jan-Mar,2024,Nagasandra,Moderate
5041,Nagasandra,7163.35,Apr-Jun,2024,Nagasandra,Moderate
5042,Nagasandra,7266.04,Jul-Sep,2024,Nagasandra,Moderate
5043,Nagasandra,7693.25,Oct-Dec,2024,Nagasandra,Moderate
5044,Nagasandra,8531.7,Jan-Mar,2025,Nagasandra,Moderate
5045,Nagasandra,8542.93,Apr-Jun,2025,Nagasandra,Moderate
5046,Nagasandra,8605.546,Jul-Sep,2025,Nagasandra,Moderate
5047,Nagasandra,5407.94,Oct-Dec,2025,Nagasandra,Moderate
5048,Nagasandra,4888.07,Jan-Mar,2026,Nagasandra,Moderate
5049,Nagasandra,5034.44,Apr-Jun,2026,Nagasandra,Moderate
5050,Nagasandra,4708.81,Jul-Sep,2026,Nagasandra,Moderate
5051,Nagasandra,4810.06,Oct-Dec,2026,Nagasandra,Moderate
5052,Nagasandra,4640.71,Jan-Mar,2027,Nagasandra,Moderate
5053,Nagasandra,4721.54,Apr-Jun,2027,Nagasandra,Moderate
5054,Nagasandra,4656.93,Jul-Sep,2027,Nagasandra,Moderate
5055,Nagasandra,4762.98,Oct-Dec,2027,Nagasandra,Moderate
5056,Nagasandra,5633.62,Jan-Mar,2028,Nagasandra,Moderate
5057,Nagasandra,5672.45,Apr-Jun,2028,Nagasandra,Moderate
5058,Nagasandra,6065.18,Jul-Sep,2028,Nagasandra,Moderate
5059,Nagasandra,6057.75,Oct-Dec,2028,Nagasandra,Moderate
5060,Nagasandra,6170.43,Jan-Mar,2029,Nagasandra,Moderate
5061,Nagasandra,6298.33,Apr-Jun,2029,Nagasandra,Moderate
5062,Nagasandra,6540.66,Jul-Sep,2029,Nagasandra,Moderate
5063,Nagasandra,6534.74,Oct-Dec,2029,Nagasandra,Moderate
5064,Nagasandra,7072.05,Jan-Mar,2030,Nagasandra,Moderate
5065,Nagasandra,7163.35,Apr-Jun,2030,Nagasandra,Moderate
5066,Nagasandra,7266.04,Jul-Sep,2030,Nagasandra,Moderate
5067,Nagasandra,7693.25,Oct-Dec,2030,Nagasandra,Moderate
5068,Akshayanagar,6006.57,Jan-Mar,2024,Akshayanagar,Moderate
5069,Akshayanagar,6205.88,Apr-Jun,2024,Akshayanagar,Moderate
5070,Akshayanagar,6237.25,Jul-Sep,2024,Akshayanagar,Moderate
5071,Akshayanagar,7261.03,Oct-Dec,2024,Akshayanagar,Moderate
5072,Akshayanagar,7558.633333,Jan-Mar,2025,Akshayanagar,Moderate
5073,Akshayanagar,7925.673333,Apr-Jun,2025,Akshayanagar,Moderate
5074,Akshayanagar,7165.059333,Jul-Sep,2025,Akshayanagar,Moderate
5075,Akshayanagar,6154.174667,Oct-Dec,2025,Akshayanagar,Moderate
5076,Akshayanagar,5329.5,Jan-Mar,2026,Akshayanagar,Moderate
5077,Akshayanagar,5300.49,Apr-Jun,2026,Akshayanagar,Moderate
5078,Akshayanagar,5363.26,Jul-Sep,2026,Akshayanagar,Moderate
5079,Akshayanagar,5468.13,Oct-Dec,2026,Akshayanagar,Moderate
5080,Akshayanagar,5626.02,Jan-Mar,2027,Akshayanagar,Moderate
5081,Akshayanagar,5658.21,Apr-Jun,2027,Akshayanagar,Moderate
5082,Akshayanagar,5631.93,Jul-Sep,2027,Akshayanagar,Moderate
5083,Akshayanagar,5652.51,Oct-Dec,2027,Akshayanagar,Moderate
5084,Akshayanagar,5306.95,Jan-Mar,2028,Akshayanagar,Moderate
5085,Akshayanagar,5383.76,Apr-Jun,2028,Akshayanagar,Moderate
5086,Akshayanagar,5554.33,Jul-Sep,2028,Akshayanagar,Moderate
5087,Akshayanagar,5718.97,Oct-Dec,2028,Akshayanagar,Moderate
5088,Akshayanagar,5614.43,Jan-Mar,2029,Akshayanagar,Moderate
5089,Akshayanagar,5648.99,Apr-Jun,2029,Akshayanagar,Moderate
5090,Akshayanagar,5727.89,Jul-Sep,2029,Akshayanagar,Moderate
5091,Akshayanagar,6023.4,Oct-Dec,2029,Akshayanagar,Moderate
5092,Akshayanagar,6006.57,Jan-Mar,2030,Akshayanagar,Moderate
5093,Akshayanagar,6205.88,Apr-Jun,2030,Akshayanagar,Moderate
5094,Akshayanagar,6237.25,Jul-Sep,2030,Akshayanagar,Moderate
5095,Akshayanagar,7261.03,Oct-Dec,2030,Akshayanagar,Moderate
5096,Medahalli Kadugodi Road,6695.3,Jan-Mar,2024,Medahalli Kadugodi Road,Moderate
5097,Medahalli Kadugodi Road,6869.66,Apr-Jun,2024,Medahalli Kadugodi Road,Moderate
5098,Medahalli Kadugodi Road,7397.14,Jul-Sep,2024,Medahalli Kadugodi Road,Moderate
5099,Medahalli Kadugodi Road,7931.67,Oct-Dec,2024,Medahalli Kadugodi Road,Moderate
5100,Medahalli Kadugodi Road,9392.54,Jan-Mar,2025,Medahalli Kadugodi Road,Moderate
5101,Medahalli Kadugodi Road,9751.38,Apr-Jun,2025,Medahalli Kadugodi Road,Moderate
5102,Medahalli Kadugodi Road,5341.165,Jul-Sep,2025,Medahalli Kadugodi Road,Moderate
5103,Medahalli Kadugodi Road,5349.93,Oct-Dec,2025,Medahalli Kadugodi Road,Moderate
5104,Medahalli Kadugodi Road,4542.05,Jan-Mar,2026,Medahalli Kadugodi Road,Moderate
5105,Medahalli Kadugodi Road,4631.4,Apr-Jun,2026,Medahalli Kadugodi Road,Moderate
5106,Medahalli Kadugodi Road,4779,Jul-Sep,2026,Medahalli Kadugodi Road,Moderate
5107,Medahalli Kadugodi Road,4936.44,Oct-Dec,2026,Medahalli Kadugodi Road,Moderate
5108,Medahalli Kadugodi Road,4857,Jan-Mar,2027,Medahalli Kadugodi Road,Moderate
5109,Medahalli Kadugodi Road,4901.2,Apr-Jun,2027,Medahalli Kadugodi Road,Moderate
5110,Medahalli Kadugodi Road,5063.7,Jul-Sep,2027,Medahalli Kadugodi Road,Moderate
5111,Medahalli Kadugodi Road,5196.55,Oct-Dec,2027,Medahalli Kadugodi Road,Moderate
5112,Medahalli Kadugodi Road,5621.08,Jan-Mar,2028,Medahalli Kadugodi Road,Moderate
5113,Medahalli Kadugodi Road,5500.08,Apr-Jun,2028,Medahalli Kadugodi Road,Moderate
5114,Medahalli Kadugodi Road,5562.31,Jul-Sep,2028,Medahalli Kadugodi Road,Moderate
5115,Medahalli Kadugodi Road,5822.27,Oct-Dec,2028,Medahalli Kadugodi Road,Moderate
5116,Medahalli Kadugodi Road,6279.13,Jan-Mar,2029,Medahalli Kadugodi Road,Moderate
5117,Medahalli Kadugodi Road,6144.87,Apr-Jun,2029,Medahalli Kadugodi Road,Moderate
5118,Medahalli Kadugodi Road,5939.68,Jul-Sep,2029,Medahalli Kadugodi Road,Moderate
5119,Medahalli Kadugodi Road,6086.74,Oct-Dec,2029,Medahalli Kadugodi Road,Moderate
5120,Medahalli Kadugodi Road,6695.3,Jan-Mar,2030,Medahalli Kadugodi Road,Moderate
5121,Medahalli Kadugodi Road,6869.66,Apr-Jun,2030,Medahalli Kadugodi Road,Moderate
5122,Medahalli Kadugodi Road,7397.14,Jul-Sep,2030,Medahalli Kadugodi Road,Moderate
5123,Medahalli Kadugodi Road,7931.67,Oct-Dec,2030,Medahalli Kadugodi Road,Moderate
5124,Aga Abbas Ali Road,13551.14,Jan-Mar,2024,Aga Abbas Ali Road,Low
5125,Aga Abbas Ali Road,13849.59,Apr-Jun,2024,Aga Abbas Ali Road,Low
5126,Aga Abbas Ali Road,13568.618,Jul-Sep,2024,Aga Abbas Ali Road,Low
5127,Aga Abbas Ali Road,12170.41,Oct-Dec,2024,Aga Abbas Ali Road,Low
5128,Aga Abbas Ali Road,14312.84,Jan-Mar,2025,Aga Abbas Ali Road,Low
5129,Aga Abbas Ali Road,14710.02,Apr-Jun,2025,Aga Abbas Ali Road,Low
5130,Aga Abbas Ali Road,12854.512,Jul-Sep,2025,Aga Abbas Ali Road,Low
5131,Aga Abbas Ali Road,9291.4,Oct-Dec,2025,Aga Abbas Ali Road,Low
5132,Aga Abbas Ali Road,10103.03,Jan-Mar,2026,Aga Abbas Ali Road,Low
5133,Aga Abbas Ali Road,10233.94,Apr-Jun,2026,Aga Abbas Ali Road,Low
5134,Aga Abbas Ali Road,10412.19,Jul-Sep,2026,Aga Abbas Ali Road,Low
5135,Aga Abbas Ali Road,10407.25,Oct-Dec,2026,Aga Abbas Ali Road,Low
5136,Aga Abbas Ali Road,10618.23,Jan-Mar,2027,Aga Abbas Ali Road,Low
5137,Aga Abbas Ali Road,10763.16,Apr-Jun,2027,Aga Abbas Ali Road,Low
5138,Aga Abbas Ali Road,10818.66,Jul-Sep,2027,Aga Abbas Ali Road,Low
5139,Aga Abbas Ali Road,10939.66,Oct-Dec,2027,Aga Abbas Ali Road,Low
5140,Aga Abbas Ali Road,11274.35,Jan-Mar,2028,Aga Abbas Ali Road,Low
5141,Aga Abbas Ali Road,11280.41,Apr-Jun,2028,Aga Abbas Ali Road,Low
5142,Aga Abbas Ali Road,11522.53,Jul-Sep,2028,Aga Abbas Ali Road,Low
5143,Aga Abbas Ali Road,11633,Oct-Dec,2028,Aga Abbas Ali Road,Low
5144,Aga Abbas Ali Road,12287.46,Jan-Mar,2029,Aga Abbas Ali Road,Low
5145,Aga Abbas Ali Road,12341.63,Apr-Jun,2029,Aga Abbas Ali Road,Low
5146,Aga Abbas Ali Road,12519.13,Jul-Sep,2029,Aga Abbas Ali Road,Low
5147,Aga Abbas Ali Road,12609.65,Oct-Dec,2029,Aga Abbas Ali Road,Low
5148,Aga Abbas Ali Road,13551.14,Jan-Mar,2030,Aga Abbas Ali Road,Low
5149,Aga Abbas Ali Road,13849.59,Apr-Jun,2030,Aga Abbas Ali Road,Low
5150,Aga Abbas Ali Road,13568.618,Jul-Sep,2030,Aga Abbas Ali Road,Low
5151,Aga Abbas Ali Road,12170.41,Oct-Dec,2030,Aga Abbas Ali Road,Low
5152,Medahalli Main Road,5960.4,Jan-Mar,2024,Medahalli Main Road,Moderate
5153,Medahalli Main Road,6019.88,Apr-Jun,2024,Medahalli Main Road,Moderate
5154,Medahalli Main Road,7239.149,Jul-Sep,2024,Medahalli Main Road,Moderate
5155,Medahalli Main Road,8141.133,Oct-Dec,2024,Medahalli Main Road,Moderate
5156,Medahalli Main Road,6923.173,Jan-Mar,2025,Medahalli Main Road,Moderate
5157,Medahalli Main Road,7109.143,Apr-Jun,2025,Medahalli Main Road,Moderate
5158,Medahalli Main Road,5176.297,Jul-Sep,2025,Medahalli Main Road,Moderate
5159,Medahalli Main Road,5287.433,Oct-Dec,2025,Medahalli Main Road,Moderate
5160,Medahalli Main Road,4355.7,Jan-Mar,2026,Medahalli Main Road,Moderate
5161,Medahalli Main Road,4436.9,Apr-Jun,2026,Medahalli Main Road,Moderate
5162,Medahalli Main Road,4574.1,Jul-Sep,2026,Medahalli Main Road,Moderate
5163,Medahalli Main Road,4769.24,Oct-Dec,2026,Medahalli Main Road,Moderate
5164,Medahalli Main Road,4682.69,Jan-Mar,2027,Medahalli Main Road,Moderate
5165,Medahalli Main Road,4717.25,Apr-Jun,2027,Medahalli Main Road,Moderate
5166,Medahalli Main Road,4825.5,Jul-Sep,2027,Medahalli Main Road,Moderate
5167,Medahalli Main Road,4932.1,Oct-Dec,2027,Medahalli Main Road,Moderate
5168,Medahalli Main Road,5386.51,Jan-Mar,2028,Medahalli Main Road,Moderate
5169,Medahalli Main Road,5194.24,Apr-Jun,2028,Medahalli Main Road,Moderate
5170,Medahalli Main Road,5256.87,Jul-Sep,2028,Medahalli Main Road,Moderate
5171,Medahalli Main Road,5538.64,Oct-Dec,2028,Medahalli Main Road,Moderate
5172,Medahalli Main Road,6011.69,Jan-Mar,2029,Medahalli Main Road,Moderate
5173,Medahalli Main Road,5868.28,Apr-Jun,2029,Medahalli Main Road,Moderate
5174,Medahalli Main Road,5562.27,Jul-Sep,2029,Medahalli Main Road,Moderate
5175,Medahalli Main Road,5714.32,Oct-Dec,2029,Medahalli Main Road,Moderate
5176,Medahalli Main Road,5960.4,Jan-Mar,2030,Medahalli Main Road,Moderate
5177,Medahalli Main Road,6019.88,Apr-Jun,2030,Medahalli Main Road,Moderate
5178,Medahalli Main Road,7239.149,Jul-Sep,2030,Medahalli Main Road,Moderate
5179,Medahalli Main Road,8141.133,Oct-Dec,2030,Medahalli Main Road,Moderate
5180,Millers Road,11306.74,Jan-Mar,2024,Millers Road,Moderate
5181,Millers Road,11025.44,Apr-Jun,2024,Millers Road,Moderate
5182,Millers Road,11614.63667,Jul-Sep,2024,Millers Road,Moderate
5183,Millers Road,11643.4,Oct-Dec,2024,Millers Road,Moderate
5184,Millers Road,13713.23,Jan-Mar,2025,Millers Road,Moderate
5185,Millers Road,13947.62,Apr-Jun,2025,Millers Road,Moderate
5186,Millers Road,11487.78,Jul-Sep,2025,Millers Road,Moderate
5187,Millers Road,6733.18,Oct-Dec,2025,Millers Road,Moderate
5188,Millers Road,7418.94,Jan-Mar,2026,Millers Road,Moderate
5189,Millers Road,7577.81,Apr-Jun,2026,Millers Road,Moderate
5190,Millers Road,7679.93,Jul-Sep,2026,Millers Road,Moderate
5191,Millers Road,7927.31,Oct-Dec,2026,Millers Road,Moderate
5192,Millers Road,8214.93,Jan-Mar,2027,Millers Road,Moderate
5193,Millers Road,8412,Apr-Jun,2027,Millers Road,Moderate
5194,Millers Road,8666.43,Jul-Sep,2027,Millers Road,Moderate
5195,Millers Road,8869.24,Oct-Dec,2027,Millers Road,Moderate
5196,Millers Road,8627.69,Jan-Mar,2028,Millers Road,Moderate
5197,Millers Road,8389.94,Apr-Jun,2028,Millers Road,Moderate
5198,Millers Road,9205.48,Jul-Sep,2028,Millers Road,Moderate
5199,Millers Road,9475.53,Oct-Dec,2028,Millers Road,Moderate
5200,Millers Road,10107.86,Jan-Mar,2029,Millers Road,Moderate
5201,Millers Road,10454.02,Apr-Jun,2029,Millers Road,Moderate
5202,Millers Road,10530.06,Jul-Sep,2029,Millers Road,Moderate
5203,Millers Road,10903.53,Oct-Dec,2029,Millers Road,Moderate
5204,Millers Road,11306.74,Jan-Mar,2030,Millers Road,Moderate
5205,Millers Road,11025.44,Apr-Jun,2030,Millers Road,Moderate
5206,Millers Road,11614.63667,Jul-Sep,2030,Millers Road,Moderate
5207,Millers Road,11643.4,Oct-Dec,2030,Millers Road,Moderate
5208,Avalahalli,6670.3995,Jan-Mar,2024,Avalahalli,Moderate
5209,Avalahalli,6958.0445,Apr-Jun,2024,Avalahalli,Moderate
5210,Avalahalli,6469.167,Jul-Sep,2024,Avalahalli,Moderate
5211,Avalahalli,6070.67,Oct-Dec,2024,Avalahalli,Moderate
5212,Avalahalli,6663.187,Jan-Mar,2025,Avalahalli,Moderate
5213,Avalahalli,7113.752,Apr-Jun,2025,Avalahalli,Moderate
5214,Avalahalli,7291.602,Jul-Sep,2025,Avalahalli,Moderate
5215,Avalahalli,5111.21,Oct-Dec,2025,Avalahalli,Moderate
5216,Avalahalli,3233.76,Jan-Mar,2026,Avalahalli,Moderate
5217,Avalahalli,3080.79,Apr-Jun,2026,Avalahalli,Moderate
5218,Avalahalli,3294.02,Jul-Sep,2026,Avalahalli,Moderate
5219,Avalahalli,3680.26,Oct-Dec,2026,Avalahalli,Moderate
5220,Avalahalli,3296.29,Jan-Mar,2027,Avalahalli,Moderate
5221,Avalahalli,3224.3,Apr-Jun,2027,Avalahalli,Moderate
5222,Avalahalli,3501.43,Jul-Sep,2027,Avalahalli,Moderate
5223,Avalahalli,3655.56,Oct-Dec,2027,Avalahalli,Moderate
5224,Avalahalli,5510.2,Jan-Mar,2028,Avalahalli,Moderate
5225,Avalahalli,5527.68,Apr-Jun,2028,Avalahalli,Moderate
5226,Avalahalli,5693.65,Jul-Sep,2028,Avalahalli,Moderate
5227,Avalahalli,5848.66,Oct-Dec,2028,Avalahalli,Moderate
5228,Avalahalli,5292.47,Jan-Mar,2029,Avalahalli,Moderate
5229,Avalahalli,5341.74,Apr-Jun,2029,Avalahalli,Moderate
5230,Avalahalli,5357.71,Jul-Sep,2029,Avalahalli,Moderate
5231,Avalahalli,5308.57,Oct-Dec,2029,Avalahalli,Moderate
5232,Avalahalli,6670.3995,Jan-Mar,2030,Avalahalli,Moderate
5233,Avalahalli,6958.0445,Apr-Jun,2030,Avalahalli,Moderate
5234,Avalahalli,6469.167,Jul-Sep,2030,Avalahalli,Moderate
5235,Avalahalli,6070.67,Oct-Dec,2030,Avalahalli,Moderate
5236,Yeswanthpur,9581.84,Jan-Mar,2024,Yeswanthpur,Moderate
5237,Yeswanthpur,9779.91,Apr-Jun,2024,Yeswanthpur,Moderate
5238,Yeswanthpur,9633.17,Jul-Sep,2024,Yeswanthpur,Moderate
5239,Yeswanthpur,9185.92,Oct-Dec,2024,Yeswanthpur,Moderate
5240,Yeswanthpur,10494.33,Jan-Mar,2025,Yeswanthpur,Moderate
5241,Yeswanthpur,10380.45,Apr-Jun,2025,Yeswanthpur,Moderate
5242,Yeswanthpur,8393.91,Jul-Sep,2025,Yeswanthpur,Moderate
5243,Yeswanthpur,7970.69,Oct-Dec,2025,Yeswanthpur,Moderate
5244,Yeswanthpur,7898.46,Jan-Mar,2026,Yeswanthpur,Moderate
5245,Yeswanthpur,7965.41,Apr-Jun,2026,Yeswanthpur,Moderate
5246,Yeswanthpur,8046.24,Jul-Sep,2026,Yeswanthpur,Moderate
5247,Yeswanthpur,8049.59,Oct-Dec,2026,Yeswanthpur,Moderate
5248,Yeswanthpur,7836.53,Jan-Mar,2027,Yeswanthpur,Moderate
5249,Yeswanthpur,7920.36,Apr-Jun,2027,Yeswanthpur,Moderate
5250,Yeswanthpur,8026.42,Jul-Sep,2027,Yeswanthpur,Moderate
5251,Yeswanthpur,8030.62,Oct-Dec,2027,Yeswanthpur,Moderate
5252,Yeswanthpur,7764.89,Jan-Mar,2028,Yeswanthpur,Moderate
5253,Yeswanthpur,7767.82,Apr-Jun,2028,Yeswanthpur,Moderate
5254,Yeswanthpur,7813.09,Jul-Sep,2028,Yeswanthpur,Moderate
5255,Yeswanthpur,8201.76,Oct-Dec,2028,Yeswanthpur,Moderate
5256,Yeswanthpur,8636.42,Jan-Mar,2029,Yeswanthpur,Moderate
5257,Yeswanthpur,8813.22,Apr-Jun,2029,Yeswanthpur,Moderate
5258,Yeswanthpur,9014.9,Jul-Sep,2029,Yeswanthpur,Moderate
5259,Yeswanthpur,9323.48,Oct-Dec,2029,Yeswanthpur,Moderate
5260,Yeswanthpur,9581.84,Jan-Mar,2030,Yeswanthpur,Moderate
5261,Yeswanthpur,9779.91,Apr-Jun,2030,Yeswanthpur,Moderate
5262,Yeswanthpur,9633.17,Jul-Sep,2030,Yeswanthpur,Moderate
5263,Yeswanthpur,9185.92,Oct-Dec,2030,Yeswanthpur,Moderate
5264,MSR College Road,7320.94,Jan-Mar,2024,MSR College Road,Low
5265,MSR College Road,7648.584,Apr-Jun,2024,MSR College Road,Low
5266,MSR College Road,7677.684,Jul-Sep,2024,MSR College Road,Low
5267,MSR College Road,7970.69,Oct-Dec,2024,MSR College Road,Low
5268,MSR College Road,8116.735,Jan-Mar,2025,MSR College Road,Low
5269,MSR College Road,8725.049,Apr-Jun,2025,MSR College Road,Low
5270,MSR College Road,8232.043,Jul-Sep,2025,MSR College Road,Low
5271,MSR College Road,5843.34,Oct-Dec,2025,MSR College Road,Low
5272,MSR College Road,5764.89,Jan-Mar,2026,MSR College Road,Low
5273,MSR College Road,5607.68,Apr-Jun,2026,MSR College Road,Low
5274,MSR College Road,5588.87,Jul-Sep,2026,MSR College Road,Low
5275,MSR College Road,5521.86,Oct-Dec,2026,MSR College Road,Low
5276,MSR College Road,5903.23,Jan-Mar,2027,MSR College Road,Low
5277,MSR College Road,5844.46,Apr-Jun,2027,MSR College Road,Low
5278,MSR College Road,5953.7,Jul-Sep,2027,MSR College Road,Low
5279,MSR College Road,5855.5,Oct-Dec,2027,MSR College Road,Low
5280,MSR College Road,5949.25,Jan-Mar,2028,MSR College Road,Low
5281,MSR College Road,6156.12,Apr-Jun,2028,MSR College Road,Low
5282,MSR College Road,6307.33,Jul-Sep,2028,MSR College Road,Low
5283,MSR College Road,7611.45,Oct-Dec,2028,MSR College Road,Low
5284,MSR College Road,6660.64,Jan-Mar,2029,MSR College Road,Low
5285,MSR College Road,6985.66,Apr-Jun,2029,MSR College Road,Low
5286,MSR College Road,6992.1,Jul-Sep,2029,MSR College Road,Low
5287,MSR College Road,10073.22,Oct-Dec,2029,MSR College Road,Low
5288,MSR College Road,7320.94,Jan-Mar,2030,MSR College Road,Low
5289,MSR College Road,7648.584,Apr-Jun,2030,MSR College Road,Low
5290,MSR College Road,7677.684,Jul-Sep,2030,MSR College Road,Low
5291,MSR College Road,7970.69,Oct-Dec,2030,MSR College Road,Low
5292,Naagarabhaavi,5891.88,Jan-Mar,2024,Naagarabhaavi,Moderate
5293,Naagarabhaavi,5963.04,Apr-Jun,2024,Naagarabhaavi,Moderate
5294,Naagarabhaavi,5878.28,Jul-Sep,2024,Naagarabhaavi,Moderate
5295,Naagarabhaavi,6500.44,Oct-Dec,2024,Naagarabhaavi,Moderate
5296,Naagarabhaavi,6296.56,Jan-Mar,2025,Naagarabhaavi,Moderate
5297,Naagarabhaavi,6117.56,Apr-Jun,2025,Naagarabhaavi,Moderate
5298,Naagarabhaavi,5132.576,Jul-Sep,2025,Naagarabhaavi,Moderate
5299,Naagarabhaavi,4559.76,Oct-Dec,2025,Naagarabhaavi,Moderate
5300,Naagarabhaavi,4885.87,Jan-Mar,2026,Naagarabhaavi,Moderate
5301,Naagarabhaavi,5029.73,Apr-Jun,2026,Naagarabhaavi,Moderate
5302,Naagarabhaavi,5102.74,Jul-Sep,2026,Naagarabhaavi,Moderate
5303,Naagarabhaavi,5183.3,Oct-Dec,2026,Naagarabhaavi,Moderate
5304,Naagarabhaavi,4925.24,Jan-Mar,2027,Naagarabhaavi,Moderate
5305,Naagarabhaavi,5028.46,Apr-Jun,2027,Naagarabhaavi,Moderate
5306,Naagarabhaavi,5160.24,Jul-Sep,2027,Naagarabhaavi,Moderate
5307,Naagarabhaavi,5214.03,Oct-Dec,2027,Naagarabhaavi,Moderate
5308,Naagarabhaavi,4932.02,Jan-Mar,2028,Naagarabhaavi,Moderate
5309,Naagarabhaavi,4927.45,Apr-Jun,2028,Naagarabhaavi,Moderate
5310,Naagarabhaavi,5309.91,Jul-Sep,2028,Naagarabhaavi,Moderate
5311,Naagarabhaavi,5110.73,Oct-Dec,2028,Naagarabhaavi,Moderate
5312,Naagarabhaavi,5522.62,Jan-Mar,2029,Naagarabhaavi,Moderate
5313,Naagarabhaavi,5669.08,Apr-Jun,2029,Naagarabhaavi,Moderate
5314,Naagarabhaavi,5766.85,Jul-Sep,2029,Naagarabhaavi,Moderate
5315,Naagarabhaavi,5781.18,Oct-Dec,2029,Naagarabhaavi,Moderate
5316,Naagarabhaavi,5891.88,Jan-Mar,2030,Naagarabhaavi,Moderate
5317,Naagarabhaavi,5963.04,Apr-Jun,2030,Naagarabhaavi,Moderate
5318,Naagarabhaavi,5878.28,Jul-Sep,2030,Naagarabhaavi,Moderate
5319,Naagarabhaavi,6500.44,Oct-Dec,2030,Naagarabhaavi,Moderate
5320,Museum Road,15801.76,Jan-Mar,2024,Museum Road,Moderate
5321,Museum Road,15400.86,Apr-Jun,2024,Museum Road,Moderate
5322,Museum Road,15587.98,Jul-Sep,2024,Museum Road,Moderate
5323,Museum Road,13472.07,Oct-Dec,2024,Museum Road,Moderate
5324,Museum Road,18616.38,Jan-Mar,2025,Museum Road,Moderate
5325,Museum Road,18869.59,Apr-Jun,2025,Museum Road,Moderate
5326,Museum Road,17440.71,Jul-Sep,2025,Museum Road,Moderate
5327,Museum Road,9466.1,Oct-Dec,2025,Museum Road,Moderate
5328,Museum Road,7440.84,Jan-Mar,2026,Museum Road,Moderate
5329,Museum Road,7585.77,Apr-Jun,2026,Museum Road,Moderate
5330,Museum Road,7684.96,Jul-Sep,2026,Museum Road,Moderate
5331,Museum Road,7931.65,Oct-Dec,2026,Museum Road,Moderate
5332,Museum Road,8223.69,Jan-Mar,2027,Museum Road,Moderate
5333,Museum Road,8408.6,Apr-Jun,2027,Museum Road,Moderate
5334,Museum Road,8665.53,Jul-Sep,2027,Museum Road,Moderate
5335,Museum Road,8866.83,Oct-Dec,2027,Museum Road,Moderate
5336,Museum Road,8549.4,Jan-Mar,2028,Museum Road,Moderate
5337,Museum Road,8306.41,Apr-Jun,2028,Museum Road,Moderate
5338,Museum Road,9179.8,Jul-Sep,2028,Museum Road,Moderate
5339,Museum Road,9449.48,Oct-Dec,2028,Museum Road,Moderate
5340,Museum Road,10100.09,Jan-Mar,2029,Museum Road,Moderate
5341,Museum Road,10435.53,Apr-Jun,2029,Museum Road,Moderate
5342,Museum Road,10507.36,Jul-Sep,2029,Museum Road,Moderate
5343,Museum Road,10886.95,Oct-Dec,2029,Museum Road,Moderate
5344,Museum Road,15801.76,Jan-Mar,2030,Museum Road,Moderate
5345,Museum Road,15400.86,Apr-Jun,2030,Museum Road,Moderate
5346,Museum Road,15587.98,Jul-Sep,2030,Museum Road,Moderate
5347,Museum Road,13472.07,Oct-Dec,2030,Museum Road,Moderate
5348,11th Main Road Malleshwaram,8557.28,Jan-Mar,2024,11th Main Road Malleshwaram,Moderate
5349,11th Main Road Malleshwaram,8603.74,Apr-Jun,2024,11th Main Road Malleshwaram,Moderate
5350,11th Main Road Malleshwaram,8288.74,Jul-Sep,2024,11th Main Road Malleshwaram,Moderate
5351,11th Main Road Malleshwaram,8809.06,Oct-Dec,2024,11th Main Road Malleshwaram,Moderate
5352,11th Main Road Malleshwaram,8643.84,Jan-Mar,2025,11th Main Road Malleshwaram,Moderate
5353,11th Main Road Malleshwaram,8671.32,Apr-Jun,2025,11th Main Road Malleshwaram,Moderate
5354,11th Main Road Malleshwaram,6645.424167,Jul-Sep,2025,11th Main Road Malleshwaram,Moderate
5355,11th Main Road Malleshwaram,6282.07,Oct-Dec,2025,11th Main Road Malleshwaram,Moderate
5356,11th Main Road Malleshwaram,5988.7,Jan-Mar,2026,11th Main Road Malleshwaram,Moderate
5357,11th Main Road Malleshwaram,5984.28,Apr-Jun,2026,11th Main Road Malleshwaram,Moderate
5358,11th Main Road Malleshwaram,6035.01,Jul-Sep,2026,11th Main Road Malleshwaram,Moderate
5359,11th Main Road Malleshwaram,6102.52,Oct-Dec,2026,11th Main Road Malleshwaram,Moderate
5360,11th Main Road Malleshwaram,6405.14,Jan-Mar,2027,11th Main Road Malleshwaram,Moderate
5361,11th Main Road Malleshwaram,6395.2,Apr-Jun,2027,11th Main Road Malleshwaram,Moderate
5362,11th Main Road Malleshwaram,6465.05,Jul-Sep,2027,11th Main Road Malleshwaram,Moderate
5363,11th Main Road Malleshwaram,6568.78,Oct-Dec,2027,11th Main Road Malleshwaram,Moderate
5364,11th Main Road Malleshwaram,6955.76,Jan-Mar,2028,11th Main Road Malleshwaram,Moderate
5365,11th Main Road Malleshwaram,6998.83,Apr-Jun,2028,11th Main Road Malleshwaram,Moderate
5366,11th Main Road Malleshwaram,7161.61,Jul-Sep,2028,11th Main Road Malleshwaram,Moderate
5367,11th Main Road Malleshwaram,7528.43,Oct-Dec,2028,11th Main Road Malleshwaram,Moderate
5368,11th Main Road Malleshwaram,7736.63,Jan-Mar,2029,11th Main Road Malleshwaram,Moderate
5369,11th Main Road Malleshwaram,7774.03,Apr-Jun,2029,11th Main Road Malleshwaram,Moderate
5370,11th Main Road Malleshwaram,8017.72,Jul-Sep,2029,11th Main Road Malleshwaram,Moderate
5371,11th Main Road Malleshwaram,8106.31,Oct-Dec,2029,11th Main Road Malleshwaram,Moderate
5372,11th Main Road Malleshwaram,8557.28,Jan-Mar,2030,11th Main Road Malleshwaram,Moderate
5373,11th Main Road Malleshwaram,8603.74,Apr-Jun,2030,11th Main Road Malleshwaram,Moderate
5374,11th Main Road Malleshwaram,8288.74,Jul-Sep,2030,11th Main Road Malleshwaram,Moderate
5375,11th Main Road Malleshwaram,8809.06,Oct-Dec,2030,11th Main Road Malleshwaram,Moderate
5376,Amrutahalli,7029.44,Jan-Mar,2024,Amrutahalli,Moderate
5377,Amrutahalli,7046.64,Apr-Jun,2024,Amrutahalli,Moderate
5378,Amrutahalli,7373.17,Jul-Sep,2024,Amrutahalli,Moderate
5379,Amrutahalli,7800.43,Oct-Dec,2024,Amrutahalli,Moderate
5380,Amrutahalli,7523.54,Jan-Mar,2025,Amrutahalli,Moderate
5381,Amrutahalli,7646.16,Apr-Jun,2025,Amrutahalli,Moderate
5382,Amrutahalli,7310.74,Jul-Sep,2025,Amrutahalli,Moderate
5383,Amrutahalli,6076.11,Oct-Dec,2025,Amrutahalli,Moderate
5384,Amrutahalli,5627.37,Jan-Mar,2026,Amrutahalli,Moderate
5385,Amrutahalli,5724.55,Apr-Jun,2026,Amrutahalli,Moderate
5386,Amrutahalli,5754.92,Jul-Sep,2026,Amrutahalli,Moderate
5387,Amrutahalli,5746.96,Oct-Dec,2026,Amrutahalli,Moderate
5388,Amrutahalli,6046.48,Jan-Mar,2027,Amrutahalli,Moderate
5389,Amrutahalli,6033.61,Apr-Jun,2027,Amrutahalli,Moderate
5390,Amrutahalli,5924.28,Jul-Sep,2027,Amrutahalli,Moderate
5391,Amrutahalli,5889.51,Oct-Dec,2027,Amrutahalli,Moderate
5392,Amrutahalli,5797.4,Jan-Mar,2028,Amrutahalli,Moderate
5393,Amrutahalli,6027.64,Apr-Jun,2028,Amrutahalli,Moderate
5394,Amrutahalli,5847.32,Jul-Sep,2028,Amrutahalli,Moderate
5395,Amrutahalli,5971.83,Oct-Dec,2028,Amrutahalli,Moderate
5396,Amrutahalli,5695.41,Jan-Mar,2029,Amrutahalli,Moderate
5397,Amrutahalli,5889.19,Apr-Jun,2029,Amrutahalli,Moderate
5398,Amrutahalli,5819.19,Jul-Sep,2029,Amrutahalli,Moderate
5399,Amrutahalli,5996.71,Oct-Dec,2029,Amrutahalli,Moderate
5400,Amrutahalli,7029.44,Jan-Mar,2030,Amrutahalli,Moderate
5401,Amrutahalli,7046.64,Apr-Jun,2030,Amrutahalli,Moderate
5402,Amrutahalli,7373.17,Jul-Sep,2030,Amrutahalli,Moderate
5403,Amrutahalli,7800.43,Oct-Dec,2030,Amrutahalli,Moderate
5404,Amruthahalli Main Road,6770.33,Jan-Mar,2024,Amruthahalli Main Road,Moderate
5405,Amruthahalli Main Road,6808.24,Apr-Jun,2024,Amruthahalli Main Road,Moderate
5406,Amruthahalli Main Road,7156.28,Jul-Sep,2024,Amruthahalli Main Road,Moderate
5407,Amruthahalli Main Road,6336.39,Oct-Dec,2024,Amruthahalli Main Road,Moderate
5408,Amruthahalli Main Road,8089.52,Jan-Mar,2025,Amruthahalli Main Road,Moderate
5409,Amruthahalli Main Road,8206.63,Apr-Jun,2025,Amruthahalli Main Road,Moderate
5410,Amruthahalli Main Road,7882.72,Jul-Sep,2025,Amruthahalli Main Road,Moderate
5411,Amruthahalli Main Road,6208.77,Oct-Dec,2025,Amruthahalli Main Road,Moderate
5412,Amruthahalli Main Road,5627.37,Jan-Mar,2026,Amruthahalli Main Road,Moderate
5413,Amruthahalli Main Road,5724.55,Apr-Jun,2026,Amruthahalli Main Road,Moderate
5414,Amruthahalli Main Road,5754.92,Jul-Sep,2026,Amruthahalli Main Road,Moderate
5415,Amruthahalli Main Road,5727.85,Oct-Dec,2026,Amruthahalli Main Road,Moderate
5416,Amruthahalli Main Road,6046.48,Jan-Mar,2027,Amruthahalli Main Road,Moderate
5417,Amruthahalli Main Road,6009.5,Apr-Jun,2027,Amruthahalli Main Road,Moderate
5418,Amruthahalli Main Road,5900.17,Jul-Sep,2027,Amruthahalli Main Road,Moderate
5419,Amruthahalli Main Road,5846.29,Oct-Dec,2027,Amruthahalli Main Road,Moderate
5420,Amruthahalli Main Road,5718.55,Jan-Mar,2028,Amruthahalli Main Road,Moderate
5421,Amruthahalli Main Road,5946.28,Apr-Jun,2028,Amruthahalli Main Road,Moderate
5422,Amruthahalli Main Road,5679.69,Jul-Sep,2028,Amruthahalli Main Road,Moderate
5423,Amruthahalli Main Road,5734.31,Oct-Dec,2028,Amruthahalli Main Road,Moderate
5424,Amruthahalli Main Road,5591.7,Jan-Mar,2029,Amruthahalli Main Road,Moderate
5425,Amruthahalli Main Road,5775.46,Apr-Jun,2029,Amruthahalli Main Road,Moderate
5426,Amruthahalli Main Road,5606.74,Jul-Sep,2029,Amruthahalli Main Road,Moderate
5427,Amruthahalli Main Road,5662.48,Oct-Dec,2029,Amruthahalli Main Road,Moderate
5428,Amruthahalli Main Road,6770.33,Jan-Mar,2030,Amruthahalli Main Road,Moderate
5429,Amruthahalli Main Road,6808.24,Apr-Jun,2030,Amruthahalli Main Road,Moderate
5430,Amruthahalli Main Road,7156.28,Jul-Sep,2030,Amruthahalli Main Road,Moderate
5431,Amruthahalli Main Road,6336.39,Oct-Dec,2030,Amruthahalli Main Road,Moderate
5432,Malleshwaram,10862.78,Jan-Mar,2024,Malleshwaram,Moderate
5433,Malleshwaram,11602.7,Apr-Jun,2024,Malleshwaram,Moderate
5434,Malleshwaram,11539.12,Jul-Sep,2024,Malleshwaram,Moderate
5435,Malleshwaram,11456.72,Oct-Dec,2024,Malleshwaram,Moderate
5436,Malleshwaram,12028.55,Jan-Mar,2025,Malleshwaram,Moderate
5437,Malleshwaram,12228.98,Apr-Jun,2025,Malleshwaram,Moderate
5438,Malleshwaram,11662.425,Jul-Sep,2025,Malleshwaram,Moderate
5439,Malleshwaram,10842.8,Oct-Dec,2025,Malleshwaram,Moderate
5440,Malleshwaram,11433.3,Jan-Mar,2026,Malleshwaram,Moderate
5441,Malleshwaram,11631.75,Apr-Jun,2026,Malleshwaram,Moderate
5442,Malleshwaram,11736.94,Jul-Sep,2026,Malleshwaram,Moderate
5443,Malleshwaram,11607.1,Oct-Dec,2026,Malleshwaram,Moderate
5444,Malleshwaram,11087.83,Jan-Mar,2027,Malleshwaram,Moderate
5445,Malleshwaram,11228.1,Apr-Jun,2027,Malleshwaram,Moderate
5446,Malleshwaram,11420.27,Jul-Sep,2027,Malleshwaram,Moderate
5447,Malleshwaram,11441.21,Oct-Dec,2027,Malleshwaram,Moderate
5448,Malleshwaram,10264.03,Jan-Mar,2028,Malleshwaram,Moderate
5449,Malleshwaram,10541.96,Apr-Jun,2028,Malleshwaram,Moderate
5450,Malleshwaram,10664.56,Jul-Sep,2028,Malleshwaram,Moderate
5451,Malleshwaram,11290.82,Oct-Dec,2028,Malleshwaram,Moderate
5452,Malleshwaram,11338.3,Jan-Mar,2029,Malleshwaram,Moderate
5453,Malleshwaram,11480.83,Apr-Jun,2029,Malleshwaram,Moderate
5454,Malleshwaram,11397.38,Jul-Sep,2029,Malleshwaram,Moderate
5455,Malleshwaram,12525.25,Oct-Dec,2029,Malleshwaram,Moderate
5456,Malleshwaram,10862.78,Jan-Mar,2030,Malleshwaram,Moderate
5457,Malleshwaram,11602.7,Apr-Jun,2030,Malleshwaram,Moderate
5458,Malleshwaram,11539.12,Jul-Sep,2030,Malleshwaram,Moderate
5459,Malleshwaram,11456.72,Oct-Dec,2030,Malleshwaram,Moderate
5460,Arekere,6523.73,Jan-Mar,2024,Arekere,Moderate
5461,Arekere,6564.52,Apr-Jun,2024,Arekere,Moderate
5462,Arekere,6394.375,Jul-Sep,2024,Arekere,Moderate
5463,Arekere,7188.82,Oct-Dec,2024,Arekere,Moderate
5464,Arekere,8372.186667,Jan-Mar,2025,Arekere,Moderate
5465,Arekere,8349.496667,Apr-Jun,2025,Arekere,Moderate
5466,Arekere,7125.556905,Jul-Sep,2025,Arekere,Moderate
5467,Arekere,5053.393571,Oct-Dec,2025,Arekere,Moderate
5468,Arekere,6359.68,Jan-Mar,2026,Arekere,Moderate
5469,Arekere,6046.58,Apr-Jun,2026,Arekere,Moderate
5470,Arekere,6009.1,Jul-Sep,2026,Arekere,Moderate
5471,Arekere,6186.33,Oct-Dec,2026,Arekere,Moderate
5472,Arekere,6285.77,Jan-Mar,2027,Arekere,Moderate
5473,Arekere,5877.86,Apr-Jun,2027,Arekere,Moderate
5474,Arekere,5693.16,Jul-Sep,2027,Arekere,Moderate
5475,Arekere,5854.77,Oct-Dec,2027,Arekere,Moderate
5476,Arekere,5854.16,Jan-Mar,2028,Arekere,Moderate
5477,Arekere,6029.06,Apr-Jun,2028,Arekere,Moderate
5478,Arekere,6113.78,Jul-Sep,2028,Arekere,Moderate
5479,Arekere,6524.89,Oct-Dec,2028,Arekere,Moderate
5480,Arekere,5999.26,Jan-Mar,2029,Arekere,Moderate
5481,Arekere,6195.2,Apr-Jun,2029,Arekere,Moderate
5482,Arekere,6639.56,Jul-Sep,2029,Arekere,Moderate
5483,Arekere,6919.39,Oct-Dec,2029,Arekere,Moderate
5484,Arekere,6523.73,Jan-Mar,2030,Arekere,Moderate
5485,Arekere,6564.52,Apr-Jun,2030,Arekere,Moderate
5486,Arekere,6394.375,Jul-Sep,2030,Arekere,Moderate
5487,Arekere,7188.82,Oct-Dec,2030,Arekere,Moderate
5488,Mallasandra,9507.41,Jan-Mar,2024,Mallasandra,Moderate
5489,Mallasandra,10152.23,Apr-Jun,2024,Mallasandra,Moderate
5490,Mallasandra,9211.12,Jul-Sep,2024,Mallasandra,Moderate
5491,Mallasandra,9319.12,Oct-Dec,2024,Mallasandra,Moderate
5492,Mallasandra,9566.27,Jan-Mar,2025,Mallasandra,Moderate
5493,Mallasandra,9501.71,Apr-Jun,2025,Mallasandra,Moderate
5494,Mallasandra,10618.145,Jul-Sep,2025,Mallasandra,Moderate
5495,Mallasandra,11795.98,Oct-Dec,2025,Mallasandra,Moderate
5496,Mallasandra,11433.3,Jan-Mar,2026,Mallasandra,Moderate
5497,Mallasandra,11631.75,Apr-Jun,2026,Mallasandra,Moderate
5498,Mallasandra,11736.94,Jul-Sep,2026,Mallasandra,Moderate
5499,Mallasandra,11607.1,Oct-Dec,2026,Mallasandra,Moderate
5500,Mallasandra,11087.83,Jan-Mar,2027,Mallasandra,Moderate
5501,Mallasandra,11228.1,Apr-Jun,2027,Mallasandra,Moderate
5502,Mallasandra,11420.27,Jul-Sep,2027,Mallasandra,Moderate
5503,Mallasandra,11441.21,Oct-Dec,2027,Mallasandra,Moderate
5504,Mallasandra,10264.96,Jan-Mar,2028,Mallasandra,Moderate
5505,Mallasandra,10542.89,Apr-Jun,2028,Mallasandra,Moderate
5506,Mallasandra,10664.56,Jul-Sep,2028,Mallasandra,Moderate
5507,Mallasandra,11290.82,Oct-Dec,2028,Mallasandra,Moderate
5508,Mallasandra,11398.02,Jan-Mar,2029,Mallasandra,Moderate
5509,Mallasandra,11537.99,Apr-Jun,2029,Mallasandra,Moderate
5510,Mallasandra,11504.11,Jul-Sep,2029,Mallasandra,Moderate
5511,Mallasandra,12739.03,Oct-Dec,2029,Mallasandra,Moderate
5512,Mallasandra,9507.41,Jan-Mar,2030,Mallasandra,Moderate
5513,Mallasandra,10152.23,Apr-Jun,2030,Mallasandra,Moderate
5514,Mallasandra,9211.12,Jul-Sep,2030,Mallasandra,Moderate
5515,Mallasandra,9319.12,Oct-Dec,2030,Mallasandra,Moderate
5516,Yelahanka,6417.1,Jan-Mar,2024,Yelahanka,Moderate
5517,Yelahanka,6582.306667,Apr-Jun,2024,Yelahanka,Moderate
5518,Yelahanka,6584.524667,Jul-Sep,2024,Yelahanka,Moderate
5519,Yelahanka,6718.396667,Oct-Dec,2024,Yelahanka,Moderate
5520,Yelahanka,7186.2,Jan-Mar,2025,Yelahanka,Moderate
5521,Yelahanka,7235.446667,Apr-Jun,2025,Yelahanka,Moderate
5522,Yelahanka,6483.515,Jul-Sep,2025,Yelahanka,Moderate
5523,Yelahanka,5237.154667,Oct-Dec,2025,Yelahanka,Moderate
5524,Yelahanka,5098.46,Jan-Mar,2026,Yelahanka,Moderate
5525,Yelahanka,5239.66,Apr-Jun,2026,Yelahanka,Moderate
5526,Yelahanka,5279.15,Jul-Sep,2026,Yelahanka,Moderate
5527,Yelahanka,5241.64,Oct-Dec,2026,Yelahanka,Moderate
5528,Yelahanka,5334.57,Jan-Mar,2027,Yelahanka,Moderate
5529,Yelahanka,5311.03,Apr-Jun,2027,Yelahanka,Moderate
5530,Yelahanka,5320.72,Jul-Sep,2027,Yelahanka,Moderate
5531,Yelahanka,5339.25,Oct-Dec,2027,Yelahanka,Moderate
5532,Yelahanka,5644.07,Jan-Mar,2028,Yelahanka,Moderate
5533,Yelahanka,5649.25,Apr-Jun,2028,Yelahanka,Moderate
5534,Yelahanka,5652.26,Jul-Sep,2028,Yelahanka,Moderate
5535,Yelahanka,5825,Oct-Dec,2028,Yelahanka,Moderate
5536,Yelahanka,5897.51,Jan-Mar,2029,Yelahanka,Moderate
5537,Yelahanka,5906.39,Apr-Jun,2029,Yelahanka,Moderate
5538,Yelahanka,5996.89,Jul-Sep,2029,Yelahanka,Moderate
5539,Yelahanka,6154.28,Oct-Dec,2029,Yelahanka,Moderate
5540,Yelahanka,6417.1,Jan-Mar,2030,Yelahanka,Moderate
5541,Yelahanka,6582.306667,Apr-Jun,2030,Yelahanka,Moderate
5542,Yelahanka,6584.524667,Jul-Sep,2030,Yelahanka,Moderate
5543,Yelahanka,6718.396667,Oct-Dec,2030,Yelahanka,Moderate
5544,AnjanaPura,5050.8,Jan-Mar,2024,AnjanaPura,Moderate
5545,AnjanaPura,5174.35,Apr-Jun,2024,AnjanaPura,Moderate
5546,AnjanaPura,5237.418,Jul-Sep,2024,AnjanaPura,Moderate
5547,AnjanaPura,5931.49,Oct-Dec,2024,AnjanaPura,Moderate
5548,AnjanaPura,6185.83,Jan-Mar,2025,AnjanaPura,Moderate
5549,AnjanaPura,6353.19,Apr-Jun,2025,AnjanaPura,Moderate
5550,AnjanaPura,5235.873,Jul-Sep,2025,AnjanaPura,Moderate
5551,AnjanaPura,4604.133333,Oct-Dec,2025,AnjanaPura,Moderate
5552,AnjanaPura,4210.66,Jan-Mar,2026,AnjanaPura,Moderate
5553,AnjanaPura,4206.35,Apr-Jun,2026,AnjanaPura,Moderate
5554,AnjanaPura,4155.23,Jul-Sep,2026,AnjanaPura,Moderate
5555,AnjanaPura,4117.55,Oct-Dec,2026,AnjanaPura,Moderate
5556,AnjanaPura,4122.43,Jan-Mar,2027,AnjanaPura,Moderate
5557,AnjanaPura,4127.31,Apr-Jun,2027,AnjanaPura,Moderate
5558,AnjanaPura,4195.81,Jul-Sep,2027,AnjanaPura,Moderate
5559,AnjanaPura,4181.69,Oct-Dec,2027,AnjanaPura,Moderate
5560,AnjanaPura,4403.09,Jan-Mar,2028,AnjanaPura,Moderate
5561,AnjanaPura,4395.6,Apr-Jun,2028,AnjanaPura,Moderate
5562,AnjanaPura,4491.65,Jul-Sep,2028,AnjanaPura,Moderate
5563,AnjanaPura,4619.01,Oct-Dec,2028,AnjanaPura,Moderate
5564,AnjanaPura,4546.4,Jan-Mar,2029,AnjanaPura,Moderate
5565,AnjanaPura,4602.86,Apr-Jun,2029,AnjanaPura,Moderate
5566,AnjanaPura,4674.43,Jul-Sep,2029,AnjanaPura,Moderate
5567,AnjanaPura,4782.64,Oct-Dec,2029,AnjanaPura,Moderate
5568,AnjanaPura,5050.8,Jan-Mar,2030,AnjanaPura,Moderate
5569,AnjanaPura,5174.35,Apr-Jun,2030,AnjanaPura,Moderate
5570,AnjanaPura,5237.418,Jul-Sep,2030,AnjanaPura,Moderate
5571,AnjanaPura,5931.49,Oct-Dec,2030,AnjanaPura,Moderate
5572,Nandi Durga Road,11068.02,Jan-Mar,2024,Nandi Durga Road,Moderate
5573,Nandi Durga Road,11011.91,Apr-Jun,2024,Nandi Durga Road,Moderate
5574,Nandi Durga Road,12280.63,Jul-Sep,2024,Nandi Durga Road,Moderate
5575,Nandi Durga Road,11511.66,Oct-Dec,2024,Nandi Durga Road,Moderate
5576,Nandi Durga Road,13095.43,Jan-Mar,2025,Nandi Durga Road,Moderate
5577,Nandi Durga Road,13176.71,Apr-Jun,2025,Nandi Durga Road,Moderate
5578,Nandi Durga Road,11448.42,Jul-Sep,2025,Nandi Durga Road,Moderate
5579,Nandi Durga Road,5276.8,Oct-Dec,2025,Nandi Durga Road,Moderate
5580,Nandi Durga Road,3571.93,Jan-Mar,2026,Nandi Durga Road,Moderate
5581,Nandi Durga Road,3632.86,Apr-Jun,2026,Nandi Durga Road,Moderate
5582,Nandi Durga Road,3807.67,Jul-Sep,2026,Nandi Durga Road,Moderate
5583,Nandi Durga Road,3930.95,Oct-Dec,2026,Nandi Durga Road,Moderate
5584,Nandi Durga Road,3956.36,Jan-Mar,2027,Nandi Durga Road,Moderate
5585,Nandi Durga Road,4678.34,Apr-Jun,2027,Nandi Durga Road,Moderate
5586,Nandi Durga Road,4721.9,Jul-Sep,2027,Nandi Durga Road,Moderate
5587,Nandi Durga Road,4706,Oct-Dec,2027,Nandi Durga Road,Moderate
5588,Nandi Durga Road,4500.26,Jan-Mar,2028,Nandi Durga Road,Moderate
5589,Nandi Durga Road,4584.67,Apr-Jun,2028,Nandi Durga Road,Moderate
5590,Nandi Durga Road,4483.77,Jul-Sep,2028,Nandi Durga Road,Moderate
5591,Nandi Durga Road,5275.16,Oct-Dec,2028,Nandi Durga Road,Moderate
5592,Nandi Durga Road,4846.23,Jan-Mar,2029,Nandi Durga Road,Moderate
5593,Nandi Durga Road,5552.85,Apr-Jun,2029,Nandi Durga Road,Moderate
5594,Nandi Durga Road,5892.68,Jul-Sep,2029,Nandi Durga Road,Moderate
5595,Nandi Durga Road,5836.82,Oct-Dec,2029,Nandi Durga Road,Moderate
5596,Nandi Durga Road,11068.02,Jan-Mar,2030,Nandi Durga Road,Moderate
5597,Nandi Durga Road,11011.91,Apr-Jun,2030,Nandi Durga Road,Moderate
5598,Nandi Durga Road,12280.63,Jul-Sep,2030,Nandi Durga Road,Moderate
5599,Nandi Durga Road,11511.66,Oct-Dec,2030,Nandi Durga Road,Moderate
5600,Anekal Main Road,4070.38,Jan-Mar,2024,Anekal Main Road,Moderate
5601,Anekal Main Road,4211.79,Apr-Jun,2024,Anekal Main Road,Moderate
5602,Anekal Main Road,4249.45,Jul-Sep,2024,Anekal Main Road,Moderate
5603,Anekal Main Road,4669.93,Oct-Dec,2024,Anekal Main Road,Moderate
5604,Anekal Main Road,4662.44,Jan-Mar,2025,Anekal Main Road,Moderate
5605,Anekal Main Road,5104.9,Apr-Jun,2025,Anekal Main Road,Moderate
5606,Anekal Main Road,4917.097,Jul-Sep,2025,Anekal Main Road,Moderate
5607,Anekal Main Road,5169.91,Oct-Dec,2025,Anekal Main Road,Moderate
5608,Anekal Main Road,4210.66,Jan-Mar,2026,Anekal Main Road,Moderate
5609,Anekal Main Road,4206.35,Apr-Jun,2026,Anekal Main Road,Moderate
5610,Anekal Main Road,4155.23,Jul-Sep,2026,Anekal Main Road,Moderate
5611,Anekal Main Road,4114.49,Oct-Dec,2026,Anekal Main Road,Moderate
5612,Anekal Main Road,4122.43,Jan-Mar,2027,Anekal Main Road,Moderate
5613,Anekal Main Road,4127.31,Apr-Jun,2027,Anekal Main Road,Moderate
5614,Anekal Main Road,4188.71,Jul-Sep,2027,Anekal Main Road,Moderate
5615,Anekal Main Road,4171.53,Oct-Dec,2027,Anekal Main Road,Moderate
5616,Anekal Main Road,4204.16,Jan-Mar,2028,Anekal Main Road,Moderate
5617,Anekal Main Road,4232.58,Apr-Jun,2028,Anekal Main Road,Moderate
5618,Anekal Main Road,4339.17,Jul-Sep,2028,Anekal Main Road,Moderate
5619,Anekal Main Road,4526.76,Oct-Dec,2028,Anekal Main Road,Moderate
5620,Anekal Main Road,4338.79,Jan-Mar,2029,Anekal Main Road,Moderate
5621,Anekal Main Road,4378.94,Apr-Jun,2029,Anekal Main Road,Moderate
5622,Anekal Main Road,4451.58,Jul-Sep,2029,Anekal Main Road,Moderate
5623,Anekal Main Road,4583.78,Oct-Dec,2029,Anekal Main Road,Moderate
5624,Anekal Main Road,4070.38,Jan-Mar,2030,Anekal Main Road,Moderate
5625,Anekal Main Road,4211.79,Apr-Jun,2030,Anekal Main Road,Moderate
5626,Anekal Main Road,4249.45,Jul-Sep,2030,Anekal Main Road,Moderate
5627,Anekal Main Road,4669.93,Oct-Dec,2030,Anekal Main Road,Moderate
5628,Marathahalli,7116.86,Jan-Mar,2024,Marathahalli,Moderate
5629,Marathahalli,7892.44,Apr-Jun,2024,Marathahalli,Moderate
5630,Marathahalli,8509.74,Jul-Sep,2024,Marathahalli,Moderate
5631,Marathahalli,8876.18,Oct-Dec,2024,Marathahalli,Moderate
5632,Marathahalli,9804.76,Jan-Mar,2025,Marathahalli,Moderate
5633,Marathahalli,9960.16,Apr-Jun,2025,Marathahalli,Moderate
5634,Marathahalli,7677.82,Jul-Sep,2025,Marathahalli,Moderate
5635,Marathahalli,6601.06,Oct-Dec,2025,Marathahalli,Moderate
5636,Marathahalli,6283.58,Jan-Mar,2026,Marathahalli,Moderate
5637,Marathahalli,6383.51,Apr-Jun,2026,Marathahalli,Moderate
5638,Marathahalli,6362.33,Jul-Sep,2026,Marathahalli,Moderate
5639,Marathahalli,6437.86,Oct-Dec,2026,Marathahalli,Moderate
5640,Marathahalli,6513,Jan-Mar,2027,Marathahalli,Moderate
5641,Marathahalli,6567.14,Apr-Jun,2027,Marathahalli,Moderate
5642,Marathahalli,6324.83,Jul-Sep,2027,Marathahalli,Moderate
5643,Marathahalli,6386.41,Oct-Dec,2027,Marathahalli,Moderate
5644,Marathahalli,6145.8,Jan-Mar,2028,Marathahalli,Moderate
5645,Marathahalli,6193.26,Apr-Jun,2028,Marathahalli,Moderate
5646,Marathahalli,6494.54,Jul-Sep,2028,Marathahalli,Moderate
5647,Marathahalli,6432.14,Oct-Dec,2028,Marathahalli,Moderate
5648,Marathahalli,6510.45,Jan-Mar,2029,Marathahalli,Moderate
5649,Marathahalli,6553.68,Apr-Jun,2029,Marathahalli,Moderate
5650,Marathahalli,6569.53,Jul-Sep,2029,Marathahalli,Moderate
5651,Marathahalli,6457.16,Oct-Dec,2029,Marathahalli,Moderate
5652,Marathahalli,7116.86,Jan-Mar,2030,Marathahalli,Moderate
5653,Marathahalli,7892.44,Apr-Jun,2030,Marathahalli,Moderate
5654,Marathahalli,8509.74,Jul-Sep,2030,Marathahalli,Moderate
5655,Marathahalli,8876.18,Oct-Dec,2030,Marathahalli,Moderate
5656,Manayata Tech Park,8263.26,Jan-Mar,2024,Manayata Tech Park,Moderate
5657,Manayata Tech Park,8943.1,Apr-Jun,2024,Manayata Tech Park,Moderate
5658,Manayata Tech Park,9196.39,Jul-Sep,2024,Manayata Tech Park,Moderate
5659,Manayata Tech Park,9829.09,Oct-Dec,2024,Manayata Tech Park,Moderate
5660,Manayata Tech Park,10220.57,Jan-Mar,2025,Manayata Tech Park,Moderate
5661,Manayata Tech Park,10462.5,Apr-Jun,2025,Manayata Tech Park,Moderate
5662,Manayata Tech Park,7375.785,Jul-Sep,2025,Manayata Tech Park,Moderate
5663,Manayata Tech Park,7188.15,Oct-Dec,2025,Manayata Tech Park,Moderate
5664,Manayata Tech Park,6175.39,Jan-Mar,2026,Manayata Tech Park,Moderate
5665,Manayata Tech Park,6305.41,Apr-Jun,2026,Manayata Tech Park,Moderate
5666,Manayata Tech Park,6258.69,Jul-Sep,2026,Manayata Tech Park,Moderate
5667,Manayata Tech Park,5978.01,Oct-Dec,2026,Manayata Tech Park,Moderate
5668,Manayata Tech Park,6255,Jan-Mar,2027,Manayata Tech Park,Moderate
5669,Manayata Tech Park,6850.52,Apr-Jun,2027,Manayata Tech Park,Moderate
5670,Manayata Tech Park,6530.35,Jul-Sep,2027,Manayata Tech Park,Moderate
5671,Manayata Tech Park,6242.58,Oct-Dec,2027,Manayata Tech Park,Moderate
5672,Manayata Tech Park,6290.03,Jan-Mar,2028,Manayata Tech Park,Moderate
5673,Manayata Tech Park,6360.26,Apr-Jun,2028,Manayata Tech Park,Moderate
5674,Manayata Tech Park,6660.59,Jul-Sep,2028,Manayata Tech Park,Moderate
5675,Manayata Tech Park,6831.22,Oct-Dec,2028,Manayata Tech Park,Moderate
5676,Manayata Tech Park,7366.34,Jan-Mar,2029,Manayata Tech Park,Moderate
5677,Manayata Tech Park,7451.76,Apr-Jun,2029,Manayata Tech Park,Moderate
5678,Manayata Tech Park,7746.65,Jul-Sep,2029,Manayata Tech Park,Moderate
5679,Manayata Tech Park,8310.9,Oct-Dec,2029,Manayata Tech Park,Moderate
5680,Manayata Tech Park,8263.26,Jan-Mar,2030,Manayata Tech Park,Moderate
5681,Manayata Tech Park,8943.1,Apr-Jun,2030,Manayata Tech Park,Moderate
5682,Manayata Tech Park,9196.39,Jul-Sep,2030,Manayata Tech Park,Moderate
5683,Manayata Tech Park,9829.09,Oct-Dec,2030,Manayata Tech Park,Moderate
5684,Yelahanka Airforce Base,6630.25,Jan-Mar,2024,Yelahanka Airforce Base,Moderate
5685,Yelahanka Airforce Base,6832.04,Apr-Jun,2024,Yelahanka Airforce Base,Moderate
5686,Yelahanka Airforce Base,6845.154167,Jul-Sep,2024,Yelahanka Airforce Base,Moderate
5687,Yelahanka Airforce Base,6898.415,Oct-Dec,2024,Yelahanka Airforce Base,Moderate
5688,Yelahanka Airforce Base,7290.294,Jan-Mar,2025,Yelahanka Airforce Base,Moderate
5689,Yelahanka Airforce Base,7343.214,Apr-Jun,2025,Yelahanka Airforce Base,Moderate
5690,Yelahanka Airforce Base,6612.265,Jul-Sep,2025,Yelahanka Airforce Base,Moderate
5691,Yelahanka Airforce Base,5478.0275,Oct-Dec,2025,Yelahanka Airforce Base,Moderate
5692,Yelahanka Airforce Base,5196.66,Jan-Mar,2026,Yelahanka Airforce Base,Moderate
5693,Yelahanka Airforce Base,5449.47,Apr-Jun,2026,Yelahanka Airforce Base,Moderate
5694,Yelahanka Airforce Base,5531.47,Jul-Sep,2026,Yelahanka Airforce Base,Moderate
5695,Yelahanka Airforce Base,5463,Oct-Dec,2026,Yelahanka Airforce Base,Moderate
5696,Yelahanka Airforce Base,5372.99,Jan-Mar,2027,Yelahanka Airforce Base,Moderate
5697,Yelahanka Airforce Base,5372.48,Apr-Jun,2027,Yelahanka Airforce Base,Moderate
5698,Yelahanka Airforce Base,5401.85,Jul-Sep,2027,Yelahanka Airforce Base,Moderate
5699,Yelahanka Airforce Base,5424.85,Oct-Dec,2027,Yelahanka Airforce Base,Moderate
5700,Yelahanka Airforce Base,5823.4,Jan-Mar,2028,Yelahanka Airforce Base,Moderate
5701,Yelahanka Airforce Base,5839.5,Apr-Jun,2028,Yelahanka Airforce Base,Moderate
5702,Yelahanka Airforce Base,5875.26,Jul-Sep,2028,Yelahanka Airforce Base,Moderate
5703,Yelahanka Airforce Base,6100.03,Oct-Dec,2028,Yelahanka Airforce Base,Moderate
5704,Yelahanka Airforce Base,6227.95,Jan-Mar,2029,Yelahanka Airforce Base,Moderate
5705,Yelahanka Airforce Base,6357.7,Apr-Jun,2029,Yelahanka Airforce Base,Moderate
5706,Yelahanka Airforce Base,6434.51,Jul-Sep,2029,Yelahanka Airforce Base,Moderate
5707,Yelahanka Airforce Base,6530.43,Oct-Dec,2029,Yelahanka Airforce Base,Moderate
5708,Yelahanka Airforce Base,6630.25,Jan-Mar,2030,Yelahanka Airforce Base,Moderate
5709,Yelahanka Airforce Base,6832.04,Apr-Jun,2030,Yelahanka Airforce Base,Moderate
5710,Yelahanka Airforce Base,6845.154167,Jul-Sep,2030,Yelahanka Airforce Base,Moderate
5711,Yelahanka Airforce Base,6898.415,Oct-Dec,2030,Yelahanka Airforce Base,Moderate
5712,Anekal Hosur Road,3996.37,Jan-Mar,2024,Anekal Hosur Road,Moderate
5713,Anekal Hosur Road,4242.21,Apr-Jun,2024,Anekal Hosur Road,Moderate
5714,Anekal Hosur Road,4052.47,Jul-Sep,2024,Anekal Hosur Road,Moderate
5715,Anekal Hosur Road,4605.05,Oct-Dec,2024,Anekal Hosur Road,Moderate
5716,Anekal Hosur Road,4595.15,Jan-Mar,2025,Anekal Hosur Road,Moderate
5717,Anekal Hosur Road,5754.16,Apr-Jun,2025,Anekal Hosur Road,Moderate
5718,Anekal Hosur Road,4373.518667,Jul-Sep,2025,Anekal Hosur Road,Moderate
5719,Anekal Hosur Road,5436.54,Oct-Dec,2025,Anekal Hosur Road,Moderate
5720,Anekal Hosur Road,3901.21,Jan-Mar,2026,Anekal Hosur Road,Moderate
5721,Anekal Hosur Road,3897.81,Apr-Jun,2026,Anekal Hosur Road,Moderate
5722,Anekal Hosur Road,3878.37,Jul-Sep,2026,Anekal Hosur Road,Moderate
5723,Anekal Hosur Road,3836.11,Oct-Dec,2026,Anekal Hosur Road,Moderate
5724,Anekal Hosur Road,3821.32,Jan-Mar,2027,Anekal Hosur Road,Moderate
5725,Anekal Hosur Road,3812.2,Apr-Jun,2027,Anekal Hosur Road,Moderate
5726,Anekal Hosur Road,3826.43,Jul-Sep,2027,Anekal Hosur Road,Moderate
5727,Anekal Hosur Road,3792.05,Oct-Dec,2027,Anekal Hosur Road,Moderate
5728,Anekal Hosur Road,3573.29,Jan-Mar,2028,Anekal Hosur Road,Moderate
5729,Anekal Hosur Road,3714.07,Apr-Jun,2028,Anekal Hosur Road,Moderate
5730,Anekal Hosur Road,3662.4,Jul-Sep,2028,Anekal Hosur Road,Moderate
5731,Anekal Hosur Road,3968.74,Oct-Dec,2028,Anekal Hosur Road,Moderate
5732,Anekal Hosur Road,3781.48,Jan-Mar,2029,Anekal Hosur Road,Moderate
5733,Anekal Hosur Road,3809.71,Apr-Jun,2029,Anekal Hosur Road,Moderate
5734,Anekal Hosur Road,3797.1,Jul-Sep,2029,Anekal Hosur Road,Moderate
5735,Anekal Hosur Road,4102.1,Oct-Dec,2029,Anekal Hosur Road,Moderate
5736,Anekal Hosur Road,3996.37,Jan-Mar,2030,Anekal Hosur Road,Moderate
5737,Anekal Hosur Road,4242.21,Apr-Jun,2030,Anekal Hosur Road,Moderate
5738,Anekal Hosur Road,4052.47,Jul-Sep,2030,Anekal Hosur Road,Moderate
5739,Anekal Hosur Road,4605.05,Oct-Dec,2030,Anekal Hosur Road,Moderate
5740,Yelahanka New Town,6363.97,Jan-Mar,2024,Yelahanka New Town,Moderate
5741,Yelahanka New Town,6577.92,Apr-Jun,2024,Yelahanka New Town,Moderate
5742,Yelahanka New Town,6242.22,Jul-Sep,2024,Yelahanka New Town,Moderate
5743,Yelahanka New Town,6625.24,Oct-Dec,2024,Yelahanka New Town,Moderate
5744,Yelahanka New Town,6998.05,Jan-Mar,2025,Yelahanka New Town,Moderate
5745,Yelahanka New Town,6950.32,Apr-Jun,2025,Yelahanka New Town,Moderate
5746,Yelahanka New Town,5238.733333,Jul-Sep,2025,Yelahanka New Town,Moderate
5747,Yelahanka New Town,5475.65,Oct-Dec,2025,Yelahanka New Town,Moderate
5748,Yelahanka New Town,4991.75,Jan-Mar,2026,Yelahanka New Town,Moderate
5749,Yelahanka New Town,5147.65,Apr-Jun,2026,Yelahanka New Town,Moderate
5750,Yelahanka New Town,5150.58,Jul-Sep,2026,Yelahanka New Town,Moderate
5751,Yelahanka New Town,5216.27,Oct-Dec,2026,Yelahanka New Town,Moderate
5752,Yelahanka New Town,5351.78,Jan-Mar,2027,Yelahanka New Town,Moderate
5753,Yelahanka New Town,5351.06,Apr-Jun,2027,Yelahanka New Town,Moderate
5754,Yelahanka New Town,5367.45,Jul-Sep,2027,Yelahanka New Town,Moderate
5755,Yelahanka New Town,5422.16,Oct-Dec,2027,Yelahanka New Town,Moderate
5756,Yelahanka New Town,5518.86,Jan-Mar,2028,Yelahanka New Town,Moderate
5757,Yelahanka New Town,5670.52,Apr-Jun,2028,Yelahanka New Town,Moderate
5758,Yelahanka New Town,5649.09,Jul-Sep,2028,Yelahanka New Town,Moderate
5759,Yelahanka New Town,5731.9,Oct-Dec,2028,Yelahanka New Town,Moderate
5760,Yelahanka New Town,5714.56,Jan-Mar,2029,Yelahanka New Town,Moderate
5761,Yelahanka New Town,5886.62,Apr-Jun,2029,Yelahanka New Town,Moderate
5762,Yelahanka New Town,6071.61,Jul-Sep,2029,Yelahanka New Town,Moderate
5763,Yelahanka New Town,6239.33,Oct-Dec,2029,Yelahanka New Town,Moderate
5764,Yelahanka New Town,6363.97,Jan-Mar,2030,Yelahanka New Town,Moderate
5765,Yelahanka New Town,6577.92,Apr-Jun,2030,Yelahanka New Town,Moderate
5766,Yelahanka New Town,6242.22,Jul-Sep,2030,Yelahanka New Town,Moderate
5767,Yelahanka New Town,6625.24,Oct-Dec,2030,Yelahanka New Town,Moderate
5768,Nagondanahalli Main Road,7801.42,Jan-Mar,2024,Nagondanahalli Main Road,High
5769,Nagondanahalli Main Road,7853.74,Apr-Jun,2024,Nagondanahalli Main Road,High
5770,Nagondanahalli Main Road,8325.37,Jul-Sep,2024,Nagondanahalli Main Road,High
5771,Nagondanahalli Main Road,9339.68,Oct-Dec,2024,Nagondanahalli Main Road,High
5772,Nagondanahalli Main Road,10605.92,Jan-Mar,2025,Nagondanahalli Main Road,High
5773,Nagondanahalli Main Road,10250.3,Apr-Jun,2025,Nagondanahalli Main Road,High
5774,Nagondanahalli Main Road,10031.52,Jul-Sep,2025,Nagondanahalli Main Road,High
5775,Nagondanahalli Main Road,6768.72,Oct-Dec,2025,Nagondanahalli Main Road,High
5776,Nagondanahalli Main Road,6806.67,Jan-Mar,2026,Nagondanahalli Main Road,High
5777,Nagondanahalli Main Road,7002.99,Apr-Jun,2026,Nagondanahalli Main Road,High
5778,Nagondanahalli Main Road,6952.93,Jul-Sep,2026,Nagondanahalli Main Road,High
5779,Nagondanahalli Main Road,6882.42,Oct-Dec,2026,Nagondanahalli Main Road,High
5780,Nagondanahalli Main Road,6504.41,Jan-Mar,2027,Nagondanahalli Main Road,High
5781,Nagondanahalli Main Road,6687.77,Apr-Jun,2027,Nagondanahalli Main Road,High
5782,Nagondanahalli Main Road,6584.05,Jul-Sep,2027,Nagondanahalli Main Road,High
5783,Nagondanahalli Main Road,6605.98,Oct-Dec,2027,Nagondanahalli Main Road,High
5784,Nagondanahalli Main Road,7186.33,Jan-Mar,2028,Nagondanahalli Main Road,High
5785,Nagondanahalli Main Road,7168.55,Apr-Jun,2028,Nagondanahalli Main Road,High
5786,Nagondanahalli Main Road,7227.98,Jul-Sep,2028,Nagondanahalli Main Road,High
5787,Nagondanahalli Main Road,7285.49,Oct-Dec,2028,Nagondanahalli Main Road,High
5788,Nagondanahalli Main Road,7703.94,Jan-Mar,2029,Nagondanahalli Main Road,High
5789,Nagondanahalli Main Road,8061.28,Apr-Jun,2029,Nagondanahalli Main Road,High
5790,Nagondanahalli Main Road,8353.66,Jul-Sep,2029,Nagondanahalli Main Road,High
5791,Nagondanahalli Main Road,8391.19,Oct-Dec,2029,Nagondanahalli Main Road,High
5792,Nagondanahalli Main Road,7801.42,Jan-Mar,2030,Nagondanahalli Main Road,High
5793,Nagondanahalli Main Road,7853.74,Apr-Jun,2030,Nagondanahalli Main Road,High
5794,Nagondanahalli Main Road,8325.37,Jul-Sep,2030,Nagondanahalli Main Road,High
5795,Nagondanahalli Main Road,9339.68,Oct-Dec,2030,Nagondanahalli Main Road,High
5796,Kengeri,5099.49,Jan-Mar,2024,Kengeri,Moderate
5797,Kengeri,5185.9,Apr-Jun,2024,Kengeri,Moderate
5798,Kengeri,5286.268333,Jul-Sep,2024,Kengeri,Moderate
5799,Kengeri,5929.396667,Oct-Dec,2024,Kengeri,Moderate
5800,Kengeri,6068.3075,Jan-Mar,2025,Kengeri,Moderate
5801,Kengeri,5849.7025,Apr-Jun,2025,Kengeri,Moderate
5802,Kengeri,5229.0365,Jul-Sep,2025,Kengeri,Moderate
5803,Kengeri,4726.0215,Oct-Dec,2025,Kengeri,Moderate
5804,Kengeri,4318.82,Jan-Mar,2026,Kengeri,Moderate
5805,Kengeri,4299.14,Apr-Jun,2026,Kengeri,Moderate
5806,Kengeri,4293.39,Jul-Sep,2026,Kengeri,Moderate
5807,Kengeri,4499.49,Oct-Dec,2026,Kengeri,Moderate
5808,Kengeri,4430.32,Jan-Mar,2027,Kengeri,Moderate
5809,Kengeri,4386.41,Apr-Jun,2027,Kengeri,Moderate
5810,Kengeri,4388.5,Jul-Sep,2027,Kengeri,Moderate
5811,Kengeri,4458.31,Oct-Dec,2027,Kengeri,Moderate
5812,Kengeri,4637.34,Jan-Mar,2028,Kengeri,Moderate
5813,Kengeri,4633.75,Apr-Jun,2028,Kengeri,Moderate
5814,Kengeri,4900.46,Jul-Sep,2028,Kengeri,Moderate
5815,Kengeri,5205.04,Oct-Dec,2028,Kengeri,Moderate
5816,Kengeri,4865.23,Jan-Mar,2029,Kengeri,Moderate
5817,Kengeri,4871.52,Apr-Jun,2029,Kengeri,Moderate
5818,Kengeri,5202.13,Jul-Sep,2029,Kengeri,Moderate
5819,Kengeri,5372.02,Oct-Dec,2029,Kengeri,Moderate
5820,Kengeri,5099.49,Jan-Mar,2030,Kengeri,Moderate
5821,Kengeri,5185.9,Apr-Jun,2030,Kengeri,Moderate
5822,Kengeri,5286.268333,Jul-Sep,2030,Kengeri,Moderate
5823,Kengeri,5929.396667,Oct-Dec,2030,Kengeri,Moderate
5824,Kengeri Main Road,5202.14,Jan-Mar,2024,Kengeri Main Road,Moderate
5825,Kengeri Main Road,5291.42,Apr-Jun,2024,Kengeri Main Road,Moderate
5826,Kengeri Main Road,5484.836667,Jul-Sep,2024,Kengeri Main Road,Moderate
5827,Kengeri Main Road,6083.62,Oct-Dec,2024,Kengeri Main Road,Moderate
5828,Kengeri Main Road,6122.48,Jan-Mar,2025,Kengeri Main Road,Moderate
5829,Kengeri Main Road,5845.3,Apr-Jun,2025,Kengeri Main Road,Moderate
5830,Kengeri Main Road,5861.0805,Jul-Sep,2025,Kengeri Main Road,Moderate
5831,Kengeri Main Road,4884.21,Oct-Dec,2025,Kengeri Main Road,Moderate
5832,Kengeri Main Road,4293.66,Jan-Mar,2026,Kengeri Main Road,Moderate
5833,Kengeri Main Road,4274.04,Apr-Jun,2026,Kengeri Main Road,Moderate
5834,Kengeri Main Road,4271.07,Jul-Sep,2026,Kengeri Main Road,Moderate
5835,Kengeri Main Road,4486.62,Oct-Dec,2026,Kengeri Main Road,Moderate
5836,Kengeri Main Road,4401.85,Jan-Mar,2027,Kengeri Main Road,Moderate
5837,Kengeri Main Road,4368.93,Apr-Jun,2027,Kengeri Main Road,Moderate
5838,Kengeri Main Road,4364.78,Jul-Sep,2027,Kengeri Main Road,Moderate
5839,Kengeri Main Road,4447.19,Oct-Dec,2027,Kengeri Main Road,Moderate
5840,Kengeri Main Road,4545.03,Jan-Mar,2028,Kengeri Main Road,Moderate
5841,Kengeri Main Road,4559.11,Apr-Jun,2028,Kengeri Main Road,Moderate
5842,Kengeri Main Road,4813.96,Jul-Sep,2028,Kengeri Main Road,Moderate
5843,Kengeri Main Road,5155,Oct-Dec,2028,Kengeri Main Road,Moderate
5844,Kengeri Main Road,4856.86,Jan-Mar,2029,Kengeri Main Road,Moderate
5845,Kengeri Main Road,4862.23,Apr-Jun,2029,Kengeri Main Road,Moderate
5846,Kengeri Main Road,5086.38,Jul-Sep,2029,Kengeri Main Road,Moderate
5847,Kengeri Main Road,5170.51,Oct-Dec,2029,Kengeri Main Road,Moderate
5848,Kengeri Main Road,5202.14,Jan-Mar,2030,Kengeri Main Road,Moderate
5849,Kengeri Main Road,5291.42,Apr-Jun,2030,Kengeri Main Road,Moderate
5850,Kengeri Main Road,5484.836667,Jul-Sep,2030,Kengeri Main Road,Moderate
5851,Kengeri Main Road,6083.62,Oct-Dec,2030,Kengeri Main Road,Moderate
5852,Parappana Agrahara Main Road,7004.43,Jan-Mar,2024,Parappana Agrahara Main Road,Moderate
5853,Parappana Agrahara Main Road,6944.92,Apr-Jun,2024,Parappana Agrahara Main Road,Moderate
5854,Parappana Agrahara Main Road,7664.06,Jul-Sep,2024,Parappana Agrahara Main Road,Moderate
5855,Parappana Agrahara Main Road,7375.69,Oct-Dec,2024,Parappana Agrahara Main Road,Moderate
5856,Parappana Agrahara Main Road,7895.12,Jan-Mar,2025,Parappana Agrahara Main Road,Moderate
5857,Parappana Agrahara Main Road,7687.6,Apr-Jun,2025,Parappana Agrahara Main Road,Moderate
5858,Parappana Agrahara Main Road,10580.29167,Jul-Sep,2025,Parappana Agrahara Main Road,Moderate
5859,Parappana Agrahara Main Road,5603.88,Oct-Dec,2025,Parappana Agrahara Main Road,Moderate
5860,Parappana Agrahara Main Road,6162.03,Jan-Mar,2026,Parappana Agrahara Main Road,Moderate
5861,Parappana Agrahara Main Road,6140.29,Apr-Jun,2026,Parappana Agrahara Main Road,Moderate
5862,Parappana Agrahara Main Road,6046.38,Jul-Sep,2026,Parappana Agrahara Main Road,Moderate
5863,Parappana Agrahara Main Road,6129.48,Oct-Dec,2026,Parappana Agrahara Main Road,Moderate
5864,Parappana Agrahara Main Road,6557.95,Jan-Mar,2027,Parappana Agrahara Main Road,Moderate
5865,Parappana Agrahara Main Road,6581.21,Apr-Jun,2027,Parappana Agrahara Main Road,Moderate
5866,Parappana Agrahara Main Road,6638.38,Jul-Sep,2027,Parappana Agrahara Main Road,Moderate
5867,Parappana Agrahara Main Road,6600.2,Oct-Dec,2027,Parappana Agrahara Main Road,Moderate
5868,Parappana Agrahara Main Road,6460.46,Jan-Mar,2028,Parappana Agrahara Main Road,Moderate
5869,Parappana Agrahara Main Road,6585.33,Apr-Jun,2028,Parappana Agrahara Main Road,Moderate
5870,Parappana Agrahara Main Road,6771.91,Jul-Sep,2028,Parappana Agrahara Main Road,Moderate
5871,Parappana Agrahara Main Road,7028.58,Oct-Dec,2028,Parappana Agrahara Main Road,Moderate
5872,Parappana Agrahara Main Road,7382.41,Jan-Mar,2029,Parappana Agrahara Main Road,Moderate
5873,Parappana Agrahara Main Road,7532.49,Apr-Jun,2029,Parappana Agrahara Main Road,Moderate
5874,Parappana Agrahara Main Road,7623.85,Jul-Sep,2029,Parappana Agrahara Main Road,Moderate
5875,Parappana Agrahara Main Road,7908.37,Oct-Dec,2029,Parappana Agrahara Main Road,Moderate
5876,Parappana Agrahara Main Road,7004.43,Jan-Mar,2030,Parappana Agrahara Main Road,Moderate
5877,Parappana Agrahara Main Road,6944.92,Apr-Jun,2030,Parappana Agrahara Main Road,Moderate
5878,Parappana Agrahara Main Road,7664.06,Jul-Sep,2030,Parappana Agrahara Main Road,Moderate
5879,Parappana Agrahara Main Road,7375.69,Oct-Dec,2030,Parappana Agrahara Main Road,Moderate
5880,Kempapura Main Road,9206.18,Jan-Mar,2024,Kempapura Main Road,Moderate
5881,Kempapura Main Road,9558.01,Apr-Jun,2024,Kempapura Main Road,Moderate
5882,Kempapura Main Road,9974.662,Jul-Sep,2024,Kempapura Main Road,Moderate
5883,Kempapura Main Road,8827,Oct-Dec,2024,Kempapura Main Road,Moderate
5884,Kempapura Main Road,10123.84,Jan-Mar,2025,Kempapura Main Road,Moderate
5885,Kempapura Main Road,10169.45,Apr-Jun,2025,Kempapura Main Road,Moderate
5886,Kempapura Main Road,10961.32483,Jul-Sep,2025,Kempapura Main Road,Moderate
5887,Kempapura Main Road,6252.535,Oct-Dec,2025,Kempapura Main Road,Moderate
5888,Kempapura Main Road,5569.95,Jan-Mar,2026,Kempapura Main Road,Moderate
5889,Kempapura Main Road,5630.7,Apr-Jun,2026,Kempapura Main Road,Moderate
5890,Kempapura Main Road,5654.46,Jul-Sep,2026,Kempapura Main Road,Moderate
5891,Kempapura Main Road,5857.55,Oct-Dec,2026,Kempapura Main Road,Moderate
5892,Kempapura Main Road,5889.81,Jan-Mar,2027,Kempapura Main Road,Moderate
5893,Kempapura Main Road,5988.21,Apr-Jun,2027,Kempapura Main Road,Moderate
5894,Kempapura Main Road,5999.42,Jul-Sep,2027,Kempapura Main Road,Moderate
5895,Kempapura Main Road,6329.82,Oct-Dec,2027,Kempapura Main Road,Moderate
5896,Kempapura Main Road,7010.06,Jan-Mar,2028,Kempapura Main Road,Moderate
5897,Kempapura Main Road,7086.28,Apr-Jun,2028,Kempapura Main Road,Moderate
5898,Kempapura Main Road,7411.03,Jul-Sep,2028,Kempapura Main Road,Moderate
5899,Kempapura Main Road,7589.94,Oct-Dec,2028,Kempapura Main Road,Moderate
5900,Kempapura Main Road,7926.3,Jan-Mar,2029,Kempapura Main Road,Moderate
5901,Kempapura Main Road,7981.24,Apr-Jun,2029,Kempapura Main Road,Moderate
5902,Kempapura Main Road,8193.95,Jul-Sep,2029,Kempapura Main Road,Moderate
5903,Kempapura Main Road,8252.22,Oct-Dec,2029,Kempapura Main Road,Moderate
5904,Kempapura Main Road,9206.18,Jan-Mar,2030,Kempapura Main Road,Moderate
5905,Kempapura Main Road,9558.01,Apr-Jun,2030,Kempapura Main Road,Moderate
5906,Kempapura Main Road,9974.662,Jul-Sep,2030,Kempapura Main Road,Moderate
5907,Kempapura Main Road,8827,Oct-Dec,2030,Kempapura Main Road,Moderate
5908,Palace Road,11170.15,Jan-Mar,2024,Palace Road,Moderate
5909,Palace Road,11782.45,Apr-Jun,2024,Palace Road,Moderate
5910,Palace Road,13548.74,Jul-Sep,2024,Palace Road,Moderate
5911,Palace Road,13482.49,Oct-Dec,2024,Palace Road,Moderate
5912,Palace Road,15199.26,Jan-Mar,2025,Palace Road,Moderate
5913,Palace Road,15878.88,Apr-Jun,2025,Palace Road,Moderate
5914,Palace Road,14082.077,Jul-Sep,2025,Palace Road,Moderate
5915,Palace Road,7557.8,Oct-Dec,2025,Palace Road,Moderate
5916,Palace Road,5909.19,Jan-Mar,2026,Palace Road,Moderate
5917,Palace Road,5897.89,Apr-Jun,2026,Palace Road,Moderate
5918,Palace Road,6045.08,Jul-Sep,2026,Palace Road,Moderate
5919,Palace Road,6172.57,Oct-Dec,2026,Palace Road,Moderate
5920,Palace Road,5922.92,Jan-Mar,2027,Palace Road,Moderate
5921,Palace Road,5756.78,Apr-Jun,2027,Palace Road,Moderate
5922,Palace Road,5697.27,Jul-Sep,2027,Palace Road,Moderate
5923,Palace Road,5865.9,Oct-Dec,2027,Palace Road,Moderate
5924,Palace Road,5699.12,Jan-Mar,2028,Palace Road,Moderate
5925,Palace Road,5524.47,Apr-Jun,2028,Palace Road,Moderate
5926,Palace Road,5678.75,Jul-Sep,2028,Palace Road,Moderate
5927,Palace Road,7371.98,Oct-Dec,2028,Palace Road,Moderate
5928,Palace Road,6470.15,Jan-Mar,2029,Palace Road,Moderate
5929,Palace Road,6754.26,Apr-Jun,2029,Palace Road,Moderate
5930,Palace Road,6239.53,Jul-Sep,2029,Palace Road,Moderate
5931,Palace Road,7793.32,Oct-Dec,2029,Palace Road,Moderate
5932,Palace Road,11170.15,Jan-Mar,2030,Palace Road,Moderate
5933,Palace Road,11782.45,Apr-Jun,2030,Palace Road,Moderate
5934,Palace Road,13548.74,Jul-Sep,2030,Palace Road,Moderate
5935,Palace Road,13482.49,Oct-Dec,2030,Palace Road,Moderate
5936,Vijaynagar,7376.65,Jan-Mar,2024,Vijaynagar,Moderate
5937,Vijaynagar,7510.66,Apr-Jun,2024,Vijaynagar,Moderate
5938,Vijaynagar,7218.935333,Jul-Sep,2024,Vijaynagar,Moderate
5939,Vijaynagar,7644.8,Oct-Dec,2024,Vijaynagar,Moderate
5940,Vijaynagar,7800.348333,Jan-Mar,2025,Vijaynagar,Moderate
5941,Vijaynagar,8035.583667,Apr-Jun,2025,Vijaynagar,Moderate
5942,Vijaynagar,6918.123667,Jul-Sep,2025,Vijaynagar,Moderate
5943,Vijaynagar,6215.665,Oct-Dec,2025,Vijaynagar,Moderate
5944,Vijaynagar,5729.27,Jan-Mar,2026,Vijaynagar,Moderate
5945,Vijaynagar,5610.14,Apr-Jun,2026,Vijaynagar,Moderate
5946,Vijaynagar,6414.27,Jul-Sep,2026,Vijaynagar,Moderate
5947,Vijaynagar,6316.76,Oct-Dec,2026,Vijaynagar,Moderate
5948,Vijaynagar,6085.51,Jan-Mar,2027,Vijaynagar,Moderate
5949,Vijaynagar,5994.05,Apr-Jun,2027,Vijaynagar,Moderate
5950,Vijaynagar,6282.93,Jul-Sep,2027,Vijaynagar,Moderate
5951,Vijaynagar,6390.09,Oct-Dec,2027,Vijaynagar,Moderate
5952,Vijaynagar,6572.19,Jan-Mar,2028,Vijaynagar,Moderate
5953,Vijaynagar,6513.96,Apr-Jun,2028,Vijaynagar,Moderate
5954,Vijaynagar,6683.39,Jul-Sep,2028,Vijaynagar,Moderate
5955,Vijaynagar,6720.39,Oct-Dec,2028,Vijaynagar,Moderate
5956,Vijaynagar,6725.27,Jan-Mar,2029,Vijaynagar,Moderate
5957,Vijaynagar,6697.95,Apr-Jun,2029,Vijaynagar,Moderate
5958,Vijaynagar,6944.96,Jul-Sep,2029,Vijaynagar,Moderate
5959,Vijaynagar,7556.07,Oct-Dec,2029,Vijaynagar,Moderate
5960,Vijaynagar,7376.65,Jan-Mar,2030,Vijaynagar,Moderate
5961,Vijaynagar,7510.66,Apr-Jun,2030,Vijaynagar,Moderate
5962,Vijaynagar,7218.935333,Jul-Sep,2030,Vijaynagar,Moderate
5963,Vijaynagar,7644.8,Oct-Dec,2030,Vijaynagar,Moderate
5964,Begur Road,5741.1,Jan-Mar,2024,Begur Road,Moderate
5965,Begur Road,5747.925,Apr-Jun,2024,Begur Road,Moderate
5966,Begur Road,6662.32,Jul-Sep,2024,Begur Road,Moderate
5967,Begur Road,6818.44,Oct-Dec,2024,Begur Road,Moderate
5968,Begur Road,7061.8,Jan-Mar,2025,Begur Road,Moderate
5969,Begur Road,7435.165,Apr-Jun,2025,Begur Road,Moderate
5970,Begur Road,6741.559,Jul-Sep,2025,Begur Road,Moderate
5971,Begur Road,4956.9,Oct-Dec,2025,Begur Road,Moderate
5972,Begur Road,5030.47,Jan-Mar,2026,Begur Road,Moderate
5973,Begur Road,5140.61,Apr-Jun,2026,Begur Road,Moderate
5974,Begur Road,5208.08,Jul-Sep,2026,Begur Road,Moderate
5975,Begur Road,5265.59,Oct-Dec,2026,Begur Road,Moderate
5976,Begur Road,5179.01,Jan-Mar,2027,Begur Road,Moderate
5977,Begur Road,5403.97,Apr-Jun,2027,Begur Road,Moderate
5978,Begur Road,5446.14,Jul-Sep,2027,Begur Road,Moderate
5979,Begur Road,5499.31,Oct-Dec,2027,Begur Road,Moderate
5980,Begur Road,5406.24,Jan-Mar,2028,Begur Road,Moderate
5981,Begur Road,5490.78,Apr-Jun,2028,Begur Road,Moderate
5982,Begur Road,5696.74,Jul-Sep,2028,Begur Road,Moderate
5983,Begur Road,5660.77,Oct-Dec,2028,Begur Road,Moderate
5984,Begur Road,5423.61,Jan-Mar,2029,Begur Road,Moderate
5985,Begur Road,5517.53,Apr-Jun,2029,Begur Road,Moderate
5986,Begur Road,5805.1,Jul-Sep,2029,Begur Road,Moderate
5987,Begur Road,6165.35,Oct-Dec,2029,Begur Road,Moderate
5988,Begur Road,5741.1,Jan-Mar,2030,Begur Road,Moderate
5989,Begur Road,5747.925,Apr-Jun,2030,Begur Road,Moderate
5990,Begur Road,6662.32,Jul-Sep,2030,Begur Road,Moderate
5991,Begur Road,6818.44,Oct-Dec,2030,Begur Road,Moderate
5992,Kengeri Satellite Town,5168.85,Jan-Mar,2024,Kengeri Satellite Town,Moderate
5993,Kengeri Satellite Town,5195.1,Apr-Jun,2024,Kengeri Satellite Town,Moderate
5994,Kengeri Satellite Town,5312.36,Jul-Sep,2024,Kengeri Satellite Town,Moderate
5995,Kengeri Satellite Town,6236.9,Oct-Dec,2024,Kengeri Satellite Town,Moderate
5996,Kengeri Satellite Town,5788.77,Jan-Mar,2025,Kengeri Satellite Town,Moderate
5997,Kengeri Satellite Town,5478.61,Apr-Jun,2025,Kengeri Satellite Town,Moderate
5998,Kengeri Satellite Town,5851.875,Jul-Sep,2025,Kengeri Satellite Town,Moderate
5999,Kengeri Satellite Town,4642.94,Oct-Dec,2025,Kengeri Satellite Town,Moderate
6000,Kengeri Satellite Town,4313.64,Jan-Mar,2026,Kengeri Satellite Town,Moderate
6001,Kengeri Satellite Town,4294.78,Apr-Jun,2026,Kengeri Satellite Town,Moderate
6002,Kengeri Satellite Town,4291.72,Jul-Sep,2026,Kengeri Satellite Town,Moderate
6003,Kengeri Satellite Town,4522.39,Oct-Dec,2026,Kengeri Satellite Town,Moderate
6004,Kengeri Satellite Town,4449.65,Jan-Mar,2027,Kengeri Satellite Town,Moderate
6005,Kengeri Satellite Town,4421.72,Apr-Jun,2027,Kengeri Satellite Town,Moderate
6006,Kengeri Satellite Town,4386.95,Jul-Sep,2027,Kengeri Satellite Town,Moderate
6007,Kengeri Satellite Town,4473.3,Oct-Dec,2027,Kengeri Satellite Town,Moderate
6008,Kengeri Satellite Town,4513.52,Jan-Mar,2028,Kengeri Satellite Town,Moderate
6009,Kengeri Satellite Town,4517.02,Apr-Jun,2028,Kengeri Satellite Town,Moderate
6010,Kengeri Satellite Town,4746.02,Jul-Sep,2028,Kengeri Satellite Town,Moderate
6011,Kengeri Satellite Town,5105.26,Oct-Dec,2028,Kengeri Satellite Town,Moderate
6012,Kengeri Satellite Town,4857.6,Jan-Mar,2029,Kengeri Satellite Town,Moderate
6013,Kengeri Satellite Town,4855.61,Apr-Jun,2029,Kengeri Satellite Town,Moderate
6014,Kengeri Satellite Town,5008.12,Jul-Sep,2029,Kengeri Satellite Town,Moderate
6015,Kengeri Satellite Town,5096.3,Oct-Dec,2029,Kengeri Satellite Town,Moderate
6016,Kengeri Satellite Town,5168.85,Jan-Mar,2030,Kengeri Satellite Town,Moderate
6017,Kengeri Satellite Town,5195.1,Apr-Jun,2030,Kengeri Satellite Town,Moderate
6018,Kengeri Satellite Town,5312.36,Jul-Sep,2030,Kengeri Satellite Town,Moderate
6019,Kengeri Satellite Town,6236.9,Oct-Dec,2030,Kengeri Satellite Town,Moderate
6020,Vidyaranyapura Main Road,6366.09,Jan-Mar,2024,Vidyaranyapura Main Road,Moderate
6021,Vidyaranyapura Main Road,6289.01,Apr-Jun,2024,Vidyaranyapura Main Road,Moderate
6022,Vidyaranyapura Main Road,6104.48,Jul-Sep,2024,Vidyaranyapura Main Road,Moderate
6023,Vidyaranyapura Main Road,6361.9,Oct-Dec,2024,Vidyaranyapura Main Road,Moderate
6024,Vidyaranyapura Main Road,6768.24,Jan-Mar,2025,Vidyaranyapura Main Road,Moderate
6025,Vidyaranyapura Main Road,6929.85,Apr-Jun,2025,Vidyaranyapura Main Road,Moderate
6026,Vidyaranyapura Main Road,6247.219333,Jul-Sep,2025,Vidyaranyapura Main Road,Moderate
6027,Vidyaranyapura Main Road,5651.45,Oct-Dec,2025,Vidyaranyapura Main Road,Moderate
6028,Vidyaranyapura Main Road,5538.49,Jan-Mar,2026,Vidyaranyapura Main Road,Moderate
6029,Vidyaranyapura Main Road,5570.8,Apr-Jun,2026,Vidyaranyapura Main Road,Moderate
6030,Vidyaranyapura Main Road,6086.36,Jul-Sep,2026,Vidyaranyapura Main Road,Moderate
6031,Vidyaranyapura Main Road,5934.97,Oct-Dec,2026,Vidyaranyapura Main Road,Moderate
6032,Vidyaranyapura Main Road,5339.43,Jan-Mar,2027,Vidyaranyapura Main Road,Moderate
6033,Vidyaranyapura Main Road,5225.28,Apr-Jun,2027,Vidyaranyapura Main Road,Moderate
6034,Vidyaranyapura Main Road,5436.71,Jul-Sep,2027,Vidyaranyapura Main Road,Moderate
6035,Vidyaranyapura Main Road,5620.81,Oct-Dec,2027,Vidyaranyapura Main Road,Moderate
6036,Vidyaranyapura Main Road,5756.88,Jan-Mar,2028,Vidyaranyapura Main Road,Moderate
6037,Vidyaranyapura Main Road,5508.1,Apr-Jun,2028,Vidyaranyapura Main Road,Moderate
6038,Vidyaranyapura Main Road,5321.68,Jul-Sep,2028,Vidyaranyapura Main Road,Moderate
6039,Vidyaranyapura Main Road,5420.72,Oct-Dec,2028,Vidyaranyapura Main Road,Moderate
6040,Vidyaranyapura Main Road,5510.97,Jan-Mar,2029,Vidyaranyapura Main Road,Moderate
6041,Vidyaranyapura Main Road,5512.73,Apr-Jun,2029,Vidyaranyapura Main Road,Moderate
6042,Vidyaranyapura Main Road,5837.55,Jul-Sep,2029,Vidyaranyapura Main Road,Moderate
6043,Vidyaranyapura Main Road,6193,Oct-Dec,2029,Vidyaranyapura Main Road,Moderate
6044,Vidyaranyapura Main Road,6366.09,Jan-Mar,2030,Vidyaranyapura Main Road,Moderate
6045,Vidyaranyapura Main Road,6289.01,Apr-Jun,2030,Vidyaranyapura Main Road,Moderate
6046,Vidyaranyapura Main Road,6104.48,Jul-Sep,2030,Vidyaranyapura Main Road,Moderate
6047,Vidyaranyapura Main Road,6361.9,Oct-Dec,2030,Vidyaranyapura Main Road,Moderate
6048,Bellary Road,7755.77,Jan-Mar,2024,Bellary Road,High
6049,Bellary Road,7656.86,Apr-Jun,2024,Bellary Road,High
6050,Bellary Road,7748.056833,Jul-Sep,2024,Bellary Road,High
6051,Bellary Road,8558.63,Oct-Dec,2024,Bellary Road,High
6052,Bellary Road,8527.22,Jan-Mar,2025,Bellary Road,High
6053,Bellary Road,8354.935,Apr-Jun,2025,Bellary Road,High
6054,Bellary Road,7398.885,Jul-Sep,2025,Bellary Road,High
6055,Bellary Road,6641.307,Oct-Dec,2025,Bellary Road,High
6056,Bellary Road,5699.12,Jan-Mar,2026,Bellary Road,High
6057,Bellary Road,5760.56,Apr-Jun,2026,Bellary Road,High
6058,Bellary Road,5849.53,Jul-Sep,2026,Bellary Road,High
6059,Bellary Road,6030.2,Oct-Dec,2026,Bellary Road,High
6060,Bellary Road,6142,Jan-Mar,2027,Bellary Road,High
6061,Bellary Road,6005.88,Apr-Jun,2027,Bellary Road,High
6062,Bellary Road,6005.7,Jul-Sep,2027,Bellary Road,High
6063,Bellary Road,6083.72,Oct-Dec,2027,Bellary Road,High
6064,Bellary Road,6062.08,Jan-Mar,2028,Bellary Road,High
6065,Bellary Road,6216.15,Apr-Jun,2028,Bellary Road,High
6066,Bellary Road,6206.2,Jul-Sep,2028,Bellary Road,High
6067,Bellary Road,6292.1,Oct-Dec,2028,Bellary Road,High
6068,Bellary Road,6592.03,Jan-Mar,2029,Bellary Road,High
6069,Bellary Road,6536.17,Apr-Jun,2029,Bellary Road,High
6070,Bellary Road,6775.8,Jul-Sep,2029,Bellary Road,High
6071,Bellary Road,7099.56,Oct-Dec,2029,Bellary Road,High
6072,Bellary Road,7755.77,Jan-Mar,2030,Bellary Road,High
6073,Bellary Road,7656.86,Apr-Jun,2030,Bellary Road,High
6074,Bellary Road,7748.056833,Jul-Sep,2030,Bellary Road,High
6075,Bellary Road,8558.63,Oct-Dec,2030,Bellary Road,High
6076,Kensington Road,7033.56,Jan-Mar,2024,Kensington Road,Moderate
6077,Kensington Road,7241.28,Apr-Jun,2024,Kensington Road,Moderate
6078,Kensington Road,7314.46,Jul-Sep,2024,Kensington Road,Moderate
6079,Kensington Road,8560.12,Oct-Dec,2024,Kensington Road,Moderate
6080,Kensington Road,8658.39,Jan-Mar,2025,Kensington Road,Moderate
6081,Kensington Road,8093.59,Apr-Jun,2025,Kensington Road,Moderate
6082,Kensington Road,9099.92,Jul-Sep,2025,Kensington Road,Moderate
6083,Kensington Road,5802.89,Oct-Dec,2025,Kensington Road,Moderate
6084,Kensington Road,4313.64,Jan-Mar,2026,Kensington Road,Moderate
6085,Kensington Road,4294.78,Apr-Jun,2026,Kensington Road,Moderate
6086,Kensington Road,4291.72,Jul-Sep,2026,Kensington Road,Moderate
6087,Kensington Road,4522.39,Oct-Dec,2026,Kensington Road,Moderate
6088,Kensington Road,4449.65,Jan-Mar,2027,Kensington Road,Moderate
6089,Kensington Road,4421.27,Apr-Jun,2027,Kensington Road,Moderate
6090,Kensington Road,4386.5,Jul-Sep,2027,Kensington Road,Moderate
6091,Kensington Road,4466.5,Oct-Dec,2027,Kensington Road,Moderate
6092,Kensington Road,4995.77,Jan-Mar,2028,Kensington Road,Moderate
6093,Kensington Road,4997.78,Apr-Jun,2028,Kensington Road,Moderate
6094,Kensington Road,5120.85,Jul-Sep,2028,Kensington Road,Moderate
6095,Kensington Road,5420.95,Oct-Dec,2028,Kensington Road,Moderate
6096,Kensington Road,6292.69,Jan-Mar,2029,Kensington Road,Moderate
6097,Kensington Road,6347.25,Apr-Jun,2029,Kensington Road,Moderate
6098,Kensington Road,6468.32,Jul-Sep,2029,Kensington Road,Moderate
6099,Kensington Road,6403.88,Oct-Dec,2029,Kensington Road,Moderate
6100,Kensington Road,7033.56,Jan-Mar,2030,Kensington Road,Moderate
6101,Kensington Road,7241.28,Apr-Jun,2030,Kensington Road,Moderate
6102,Kensington Road,7314.46,Jul-Sep,2030,Kensington Road,Moderate
6103,Kensington Road,8560.12,Oct-Dec,2030,Kensington Road,Moderate
6104,Kathriguppe Main Road,8909.535,Jan-Mar,2024,Kathriguppe Main Road,Moderate
6105,Kathriguppe Main Road,9114.378333,Apr-Jun,2024,Kathriguppe Main Road,Moderate
6106,Kathriguppe Main Road,8791.670833,Jul-Sep,2024,Kathriguppe Main Road,Moderate
6107,Kathriguppe Main Road,8592.825833,Oct-Dec,2024,Kathriguppe Main Road,Moderate
6108,Kathriguppe Main Road,9440.873333,Jan-Mar,2025,Kathriguppe Main Road,Moderate
6109,Kathriguppe Main Road,9367.096667,Apr-Jun,2025,Kathriguppe Main Road,Moderate
6110,Kathriguppe Main Road,7693.687417,Jul-Sep,2025,Kathriguppe Main Road,Moderate
6111,Kathriguppe Main Road,5489.840833,Oct-Dec,2025,Kathriguppe Main Road,Moderate
6112,Kathriguppe Main Road,5566.86,Jan-Mar,2026,Kathriguppe Main Road,Moderate
6113,Kathriguppe Main Road,5636.6,Apr-Jun,2026,Kathriguppe Main Road,Moderate
6114,Kathriguppe Main Road,5669.68,Jul-Sep,2026,Kathriguppe Main Road,Moderate
6115,Kathriguppe Main Road,5865.95,Oct-Dec,2026,Kathriguppe Main Road,Moderate
6116,Kathriguppe Main Road,5912.07,Jan-Mar,2027,Kathriguppe Main Road,Moderate
6117,Kathriguppe Main Road,6007.25,Apr-Jun,2027,Kathriguppe Main Road,Moderate
6118,Kathriguppe Main Road,6010.99,Jul-Sep,2027,Kathriguppe Main Road,Moderate
6119,Kathriguppe Main Road,6329.82,Oct-Dec,2027,Kathriguppe Main Road,Moderate
6120,Kathriguppe Main Road,6965.88,Jan-Mar,2028,Kathriguppe Main Road,Moderate
6121,Kathriguppe Main Road,7059.39,Apr-Jun,2028,Kathriguppe Main Road,Moderate
6122,Kathriguppe Main Road,7398.17,Jul-Sep,2028,Kathriguppe Main Road,Moderate
6123,Kathriguppe Main Road,7558.9,Oct-Dec,2028,Kathriguppe Main Road,Moderate
6124,Kathriguppe Main Road,7926.3,Jan-Mar,2029,Kathriguppe Main Road,Moderate
6125,Kathriguppe Main Road,7981.24,Apr-Jun,2029,Kathriguppe Main Road,Moderate
6126,Kathriguppe Main Road,8147.87,Jul-Sep,2029,Kathriguppe Main Road,Moderate
6127,Kathriguppe Main Road,8186.76,Oct-Dec,2029,Kathriguppe Main Road,Moderate
6128,Kathriguppe Main Road,8909.535,Jan-Mar,2030,Kathriguppe Main Road,Moderate
6129,Kathriguppe Main Road,9114.378333,Apr-Jun,2030,Kathriguppe Main Road,Moderate
6130,Kathriguppe Main Road,8791.670833,Jul-Sep,2030,Kathriguppe Main Road,Moderate
6131,Kathriguppe Main Road,8592.825833,Oct-Dec,2030,Kathriguppe Main Road,Moderate
6132,Begur Koppa Road,5866.9,Jan-Mar,2024,Begur Koppa Road,Moderate
6133,Begur Koppa Road,5988.52,Apr-Jun,2024,Begur Koppa Road,Moderate
6134,Begur Koppa Road,6677.835,Jul-Sep,2024,Begur Koppa Road,Moderate
6135,Begur Koppa Road,6337.64,Oct-Dec,2024,Begur Koppa Road,Moderate
6136,Begur Koppa Road,6376,Jan-Mar,2025,Begur Koppa Road,Moderate
6137,Begur Koppa Road,6737.69,Apr-Jun,2025,Begur Koppa Road,Moderate
6138,Begur Koppa Road,6291.082,Jul-Sep,2025,Begur Koppa Road,Moderate
6139,Begur Koppa Road,4917.32,Oct-Dec,2025,Begur Koppa Road,Moderate
6140,Begur Koppa Road,5030.47,Jan-Mar,2026,Begur Koppa Road,Moderate
6141,Begur Koppa Road,5140.61,Apr-Jun,2026,Begur Koppa Road,Moderate
6142,Begur Koppa Road,5208.08,Jul-Sep,2026,Begur Koppa Road,Moderate
6143,Begur Koppa Road,5265.59,Oct-Dec,2026,Begur Koppa Road,Moderate
6144,Begur Koppa Road,5179.01,Jan-Mar,2027,Begur Koppa Road,Moderate
6145,Begur Koppa Road,5403.97,Apr-Jun,2027,Begur Koppa Road,Moderate
6146,Begur Koppa Road,5446.14,Jul-Sep,2027,Begur Koppa Road,Moderate
6147,Begur Koppa Road,5499.31,Oct-Dec,2027,Begur Koppa Road,Moderate
6148,Begur Koppa Road,5430.3,Jan-Mar,2028,Begur Koppa Road,Moderate
6149,Begur Koppa Road,5536.59,Apr-Jun,2028,Begur Koppa Road,Moderate
6150,Begur Koppa Road,5853.3,Jul-Sep,2028,Begur Koppa Road,Moderate
6151,Begur Koppa Road,5750.76,Oct-Dec,2028,Begur Koppa Road,Moderate
6152,Begur Koppa Road,5564.07,Jan-Mar,2029,Begur Koppa Road,Moderate
6153,Begur Koppa Road,5753.21,Apr-Jun,2029,Begur Koppa Road,Moderate
6154,Begur Koppa Road,6318.88,Jul-Sep,2029,Begur Koppa Road,Moderate
6155,Begur Koppa Road,6530.66,Oct-Dec,2029,Begur Koppa Road,Moderate
6156,Begur Koppa Road,5866.9,Jan-Mar,2030,Begur Koppa Road,Moderate
6157,Begur Koppa Road,5988.52,Apr-Jun,2030,Begur Koppa Road,Moderate
6158,Begur Koppa Road,6677.835,Jul-Sep,2030,Begur Koppa Road,Moderate
6159,Begur Koppa Road,6337.64,Oct-Dec,2030,Begur Koppa Road,Moderate
6160,Bellandur,9678.36,Jan-Mar,2024,Bellandur,Moderate
6161,Bellandur,9333.27,Apr-Jun,2024,Bellandur,Moderate
6162,Bellandur,9076.007333,Jul-Sep,2024,Bellandur,Moderate
6163,Bellandur,9962.964,Oct-Dec,2024,Bellandur,Moderate
6164,Bellandur,12072.47,Jan-Mar,2025,Bellandur,Moderate
6165,Bellandur,11821.576,Apr-Jun,2025,Bellandur,Moderate
6166,Bellandur,9710.116714,Jul-Sep,2025,Bellandur,Moderate
6167,Bellandur,6963.008857,Oct-Dec,2025,Bellandur,Moderate
6168,Bellandur,6508.02,Jan-Mar,2026,Bellandur,Moderate
6169,Bellandur,6544.77,Apr-Jun,2026,Bellandur,Moderate
6170,Bellandur,6667.42,Jul-Sep,2026,Bellandur,Moderate
6171,Bellandur,6732.36,Oct-Dec,2026,Bellandur,Moderate
6172,Bellandur,7193.63,Jan-Mar,2027,Bellandur,Moderate
6173,Bellandur,7253.41,Apr-Jun,2027,Bellandur,Moderate
6174,Bellandur,7338.94,Jul-Sep,2027,Bellandur,Moderate
6175,Bellandur,7357.86,Oct-Dec,2027,Bellandur,Moderate
6176,Bellandur,6832.93,Jan-Mar,2028,Bellandur,Moderate
6177,Bellandur,6792.43,Apr-Jun,2028,Bellandur,Moderate
6178,Bellandur,6642.17,Jul-Sep,2028,Bellandur,Moderate
6179,Bellandur,6574.68,Oct-Dec,2028,Bellandur,Moderate
6180,Bellandur,6863.93,Jan-Mar,2029,Bellandur,Moderate
6181,Bellandur,6794.4,Apr-Jun,2029,Bellandur,Moderate
6182,Bellandur,7099.07,Jul-Sep,2029,Bellandur,Moderate
6183,Bellandur,7220.05,Oct-Dec,2029,Bellandur,Moderate
6184,Bellandur,9678.36,Jan-Mar,2030,Bellandur,Moderate
6185,Bellandur,9333.27,Apr-Jun,2030,Bellandur,Moderate
6186,Bellandur,9076.007333,Jul-Sep,2030,Bellandur,Moderate
6187,Bellandur,9962.964,Oct-Dec,2030,Bellandur,Moderate
6188,Panathur,8649.25,Jan-Mar,2024,Panathur,Moderate
6189,Panathur,8813.17,Apr-Jun,2024,Panathur,Moderate
6190,Panathur,9797.7175,Jul-Sep,2024,Panathur,Moderate
6191,Panathur,12067.47,Oct-Dec,2024,Panathur,Moderate
6192,Panathur,11589.27,Jan-Mar,2025,Panathur,Moderate
6193,Panathur,11664.93,Apr-Jun,2025,Panathur,Moderate
6194,Panathur,9821.5225,Jul-Sep,2025,Panathur,Moderate
6195,Panathur,6073.255,Oct-Dec,2025,Panathur,Moderate
6196,Panathur,5938.3,Jan-Mar,2026,Panathur,Moderate
6197,Panathur,6090.6,Apr-Jun,2026,Panathur,Moderate
6198,Panathur,6413.57,Jul-Sep,2026,Panathur,Moderate
6199,Panathur,6455.72,Oct-Dec,2026,Panathur,Moderate
6200,Panathur,6496.26,Jan-Mar,2027,Panathur,Moderate
6201,Panathur,6484.13,Apr-Jun,2027,Panathur,Moderate
6202,Panathur,6566.97,Jul-Sep,2027,Panathur,Moderate
6203,Panathur,6527.35,Oct-Dec,2027,Panathur,Moderate
6204,Panathur,6532.74,Jan-Mar,2028,Panathur,Moderate
6205,Panathur,6527.57,Apr-Jun,2028,Panathur,Moderate
6206,Panathur,6675.09,Jul-Sep,2028,Panathur,Moderate
6207,Panathur,6695.43,Oct-Dec,2028,Panathur,Moderate
6208,Panathur,6897.98,Jan-Mar,2029,Panathur,Moderate
6209,Panathur,7203.92,Apr-Jun,2029,Panathur,Moderate
6210,Panathur,7668.79,Jul-Sep,2029,Panathur,Moderate
6211,Panathur,8196.31,Oct-Dec,2029,Panathur,Moderate
6212,Panathur,8649.25,Jan-Mar,2030,Panathur,Moderate
6213,Panathur,8813.17,Apr-Jun,2030,Panathur,Moderate
6214,Panathur,9797.7175,Jul-Sep,2030,Panathur,Moderate
6215,Panathur,12067.47,Oct-Dec,2030,Panathur,Moderate
6216,Parappana Agrahara,6425.34,Jan-Mar,2024,Parappana Agrahara,Moderate
6217,Parappana Agrahara,6646.93,Apr-Jun,2024,Parappana Agrahara,Moderate
6218,Parappana Agrahara,6777.8725,Jul-Sep,2024,Parappana Agrahara,Moderate
6219,Parappana Agrahara,8275.41,Oct-Dec,2024,Parappana Agrahara,Moderate
6220,Parappana Agrahara,7365.32,Jan-Mar,2025,Parappana Agrahara,Moderate
6221,Parappana Agrahara,7169.55,Apr-Jun,2025,Parappana Agrahara,Moderate
6222,Parappana Agrahara,8017.629167,Jul-Sep,2025,Parappana Agrahara,Moderate
6223,Parappana Agrahara,5779.2,Oct-Dec,2025,Parappana Agrahara,Moderate
6224,Parappana Agrahara,5872.29,Jan-Mar,2026,Parappana Agrahara,Moderate
6225,Parappana Agrahara,6057.28,Apr-Jun,2026,Parappana Agrahara,Moderate
6226,Parappana Agrahara,6756.33,Jul-Sep,2026,Parappana Agrahara,Moderate
6227,Parappana Agrahara,6803.49,Oct-Dec,2026,Parappana Agrahara,Moderate
6228,Parappana Agrahara,6472.66,Jan-Mar,2027,Parappana Agrahara,Moderate
6229,Parappana Agrahara,6501.1,Apr-Jun,2027,Parappana Agrahara,Moderate
6230,Parappana Agrahara,6776.87,Jul-Sep,2027,Parappana Agrahara,Moderate
6231,Parappana Agrahara,6689.43,Oct-Dec,2027,Parappana Agrahara,Moderate
6232,Parappana Agrahara,6564.38,Jan-Mar,2028,Parappana Agrahara,Moderate
6233,Parappana Agrahara,6575.21,Apr-Jun,2028,Parappana Agrahara,Moderate
6234,Parappana Agrahara,6670.49,Jul-Sep,2028,Parappana Agrahara,Moderate
6235,Parappana Agrahara,6606.63,Oct-Dec,2028,Parappana Agrahara,Moderate
6236,Parappana Agrahara,6996.43,Jan-Mar,2029,Parappana Agrahara,Moderate
6237,Parappana Agrahara,6973.07,Apr-Jun,2029,Parappana Agrahara,Moderate
6238,Parappana Agrahara,7393.32,Jul-Sep,2029,Parappana Agrahara,Moderate
6239,Parappana Agrahara,7996.66,Oct-Dec,2029,Parappana Agrahara,Moderate
6240,Parappana Agrahara,6425.34,Jan-Mar,2030,Parappana Agrahara,Moderate
6241,Parappana Agrahara,6646.93,Apr-Jun,2030,Parappana Agrahara,Moderate
6242,Parappana Agrahara,6777.8725,Jul-Sep,2030,Parappana Agrahara,Moderate
6243,Parappana Agrahara,8275.41,Oct-Dec,2030,Parappana Agrahara,Moderate
6244,Kempegowda International Airport Road,7540.7,Jan-Mar,2024,Kempegowda International Airport Road,Moderate
6245,Kempegowda International Airport Road,7860.36,Apr-Jun,2024,Kempegowda International Airport Road,Moderate
6246,Kempegowda International Airport Road,8333.252,Jul-Sep,2024,Kempegowda International Airport Road,Moderate
6247,Kempegowda International Airport Road,7893.17,Oct-Dec,2024,Kempegowda International Airport Road,Moderate
6248,Kempegowda International Airport Road,9102.2,Jan-Mar,2025,Kempegowda International Airport Road,Moderate
6249,Kempegowda International Airport Road,9355.6,Apr-Jun,2025,Kempegowda International Airport Road,Moderate
6250,Kempegowda International Airport Road,8123.224,Jul-Sep,2025,Kempegowda International Airport Road,Moderate
6251,Kempegowda International Airport Road,5753.403,Oct-Dec,2025,Kempegowda International Airport Road,Moderate
6252,Kempegowda International Airport Road,5529.62,Jan-Mar,2026,Kempegowda International Airport Road,Moderate
6253,Kempegowda International Airport Road,5527.54,Apr-Jun,2026,Kempegowda International Airport Road,Moderate
6254,Kempegowda International Airport Road,5502.37,Jul-Sep,2026,Kempegowda International Airport Road,Moderate
6255,Kempegowda International Airport Road,5642.28,Oct-Dec,2026,Kempegowda International Airport Road,Moderate
6256,Kempegowda International Airport Road,5424.85,Jan-Mar,2027,Kempegowda International Airport Road,Moderate
6257,Kempegowda International Airport Road,5376.04,Apr-Jun,2027,Kempegowda International Airport Road,Moderate
6258,Kempegowda International Airport Road,5496.84,Jul-Sep,2027,Kempegowda International Airport Road,Moderate
6259,Kempegowda International Airport Road,5816.02,Oct-Dec,2027,Kempegowda International Airport Road,Moderate
6260,Kempegowda International Airport Road,6214.54,Jan-Mar,2028,Kempegowda International Airport Road,Moderate
6261,Kempegowda International Airport Road,6229.77,Apr-Jun,2028,Kempegowda International Airport Road,Moderate
6262,Kempegowda International Airport Road,6401.94,Jul-Sep,2028,Kempegowda International Airport Road,Moderate
6263,Kempegowda International Airport Road,6465.33,Oct-Dec,2028,Kempegowda International Airport Road,Moderate
6264,Kempegowda International Airport Road,6527,Jan-Mar,2029,Kempegowda International Airport Road,Moderate
6265,Kempegowda International Airport Road,6525.95,Apr-Jun,2029,Kempegowda International Airport Road,Moderate
6266,Kempegowda International Airport Road,6865.84,Jul-Sep,2029,Kempegowda International Airport Road,Moderate
6267,Kempegowda International Airport Road,6968.42,Oct-Dec,2029,Kempegowda International Airport Road,Moderate
6268,Kempegowda International Airport Road,7540.7,Jan-Mar,2030,Kempegowda International Airport Road,Moderate
6269,Kempegowda International Airport Road,7860.36,Apr-Jun,2030,Kempegowda International Airport Road,Moderate
6270,Kempegowda International Airport Road,8333.252,Jul-Sep,2030,Kempegowda International Airport Road,Moderate
6271,Kempegowda International Airport Road,7893.17,Oct-Dec,2030,Kempegowda International Airport Road,Moderate
6272,Kodigehalli Main Road,4906.62,Jan-Mar,2024,Kodigehalli Main Road,Moderate
6273,Kodigehalli Main Road,5129.54,Apr-Jun,2024,Kodigehalli Main Road,Moderate
6274,Kodigehalli Main Road,5450.45,Jul-Sep,2024,Kodigehalli Main Road,Moderate
6275,Kodigehalli Main Road,5751.76,Oct-Dec,2024,Kodigehalli Main Road,Moderate
6276,Kodigehalli Main Road,6253.43,Jan-Mar,2025,Kodigehalli Main Road,Moderate
6277,Kodigehalli Main Road,6109.3,Apr-Jun,2025,Kodigehalli Main Road,Moderate
6278,Kodigehalli Main Road,6401.13,Jul-Sep,2025,Kodigehalli Main Road,Moderate
6279,Kodigehalli Main Road,5991.84,Oct-Dec,2025,Kodigehalli Main Road,Moderate
6280,Kodigehalli Main Road,5419.95,Jan-Mar,2026,Kodigehalli Main Road,Moderate
6281,Kodigehalli Main Road,5367.89,Apr-Jun,2026,Kodigehalli Main Road,Moderate
6282,Kodigehalli Main Road,5497.17,Jul-Sep,2026,Kodigehalli Main Road,Moderate
6283,Kodigehalli Main Road,5579.99,Oct-Dec,2026,Kodigehalli Main Road,Moderate
6284,Kodigehalli Main Road,5480.96,Jan-Mar,2027,Kodigehalli Main Road,Moderate
6285,Kodigehalli Main Road,5420.58,Apr-Jun,2027,Kodigehalli Main Road,Moderate
6286,Kodigehalli Main Road,5576.56,Jul-Sep,2027,Kodigehalli Main Road,Moderate
6287,Kodigehalli Main Road,5692.6,Oct-Dec,2027,Kodigehalli Main Road,Moderate
6288,Kodigehalli Main Road,5165.46,Jan-Mar,2028,Kodigehalli Main Road,Moderate
6289,Kodigehalli Main Road,5103.66,Apr-Jun,2028,Kodigehalli Main Road,Moderate
6290,Kodigehalli Main Road,5277.6,Jul-Sep,2028,Kodigehalli Main Road,Moderate
6291,Kodigehalli Main Road,5574.8,Oct-Dec,2028,Kodigehalli Main Road,Moderate
6292,Kodigehalli Main Road,5449.55,Jan-Mar,2029,Kodigehalli Main Road,Moderate
6293,Kodigehalli Main Road,5790.62,Apr-Jun,2029,Kodigehalli Main Road,Moderate
6294,Kodigehalli Main Road,6122.33,Jul-Sep,2029,Kodigehalli Main Road,Moderate
6295,Kodigehalli Main Road,6131,Oct-Dec,2029,Kodigehalli Main Road,Moderate
6296,Kodigehalli Main Road,4906.62,Jan-Mar,2030,Kodigehalli Main Road,Moderate
6297,Kodigehalli Main Road,5129.54,Apr-Jun,2030,Kodigehalli Main Road,Moderate
6298,Kodigehalli Main Road,5450.45,Jul-Sep,2030,Kodigehalli Main Road,Moderate
6299,Kodigehalli Main Road,5751.76,Oct-Dec,2030,Kodigehalli Main Road,Moderate
6300,Basavanagudi,10922.59,Jan-Mar,2024,Basavanagudi,Moderate
6301,Basavanagudi,11103.5,Apr-Jun,2024,Basavanagudi,Moderate
6302,Basavanagudi,11839.91,Jul-Sep,2024,Basavanagudi,Moderate
6303,Basavanagudi,10651.59,Oct-Dec,2024,Basavanagudi,Moderate
6304,Basavanagudi,10319.125,Jan-Mar,2025,Basavanagudi,Moderate
6305,Basavanagudi,10420.835,Apr-Jun,2025,Basavanagudi,Moderate
6306,Basavanagudi,10299.96533,Jul-Sep,2025,Basavanagudi,Moderate
6307,Basavanagudi,8307.985167,Oct-Dec,2025,Basavanagudi,Moderate
6308,Basavanagudi,10103.24,Jan-Mar,2026,Basavanagudi,Moderate
6309,Basavanagudi,10114.46,Apr-Jun,2026,Basavanagudi,Moderate
6310,Basavanagudi,10045.9,Jul-Sep,2026,Basavanagudi,Moderate
6311,Basavanagudi,10090.27,Oct-Dec,2026,Basavanagudi,Moderate
6312,Basavanagudi,10192.14,Jan-Mar,2027,Basavanagudi,Moderate
6313,Basavanagudi,10623.3,Apr-Jun,2027,Basavanagudi,Moderate
6314,Basavanagudi,10628.06,Jul-Sep,2027,Basavanagudi,Moderate
6315,Basavanagudi,10478.17,Oct-Dec,2027,Basavanagudi,Moderate
6316,Basavanagudi,9341.16,Jan-Mar,2028,Basavanagudi,Moderate
6317,Basavanagudi,9527,Apr-Jun,2028,Basavanagudi,Moderate
6318,Basavanagudi,9885.58,Jul-Sep,2028,Basavanagudi,Moderate
6319,Basavanagudi,9658.27,Oct-Dec,2028,Basavanagudi,Moderate
6320,Basavanagudi,9590.76,Jan-Mar,2029,Basavanagudi,Moderate
6321,Basavanagudi,9677.91,Apr-Jun,2029,Basavanagudi,Moderate
6322,Basavanagudi,10581.35,Jul-Sep,2029,Basavanagudi,Moderate
6323,Basavanagudi,10248.11,Oct-Dec,2029,Basavanagudi,Moderate
6324,Basavanagudi,10922.59,Jan-Mar,2030,Basavanagudi,Moderate
6325,Basavanagudi,11103.5,Apr-Jun,2030,Basavanagudi,Moderate
6326,Basavanagudi,11839.91,Jul-Sep,2030,Basavanagudi,Moderate
6327,Basavanagudi,10651.59,Oct-Dec,2030,Basavanagudi,Moderate
6328,Vijaynagar Main Road,9642.52,Jan-Mar,2024,Vijaynagar Main Road,Moderate
6329,Vijaynagar Main Road,9701.06,Apr-Jun,2024,Vijaynagar Main Road,Moderate
6330,Vijaynagar Main Road,9573.81,Jul-Sep,2024,Vijaynagar Main Road,Moderate
6331,Vijaynagar Main Road,9418.52,Oct-Dec,2024,Vijaynagar Main Road,Moderate
6332,Vijaynagar Main Road,10527.79,Jan-Mar,2025,Vijaynagar Main Road,Moderate
6333,Vijaynagar Main Road,10134.34,Apr-Jun,2025,Vijaynagar Main Road,Moderate
6334,Vijaynagar Main Road,8309.142,Jul-Sep,2025,Vijaynagar Main Road,Moderate
6335,Vijaynagar Main Road,6751.082,Oct-Dec,2025,Vijaynagar Main Road,Moderate
6336,Vijaynagar Main Road,6596.01,Jan-Mar,2026,Vijaynagar Main Road,Moderate
6337,Vijaynagar Main Road,6637.52,Apr-Jun,2026,Vijaynagar Main Road,Moderate
6338,Vijaynagar Main Road,7431.44,Jul-Sep,2026,Vijaynagar Main Road,Moderate
6339,Vijaynagar Main Road,7137.62,Oct-Dec,2026,Vijaynagar Main Road,Moderate
6340,Vijaynagar Main Road,7045.69,Jan-Mar,2027,Vijaynagar Main Road,Moderate
6341,Vijaynagar Main Road,7080.13,Apr-Jun,2027,Vijaynagar Main Road,Moderate
6342,Vijaynagar Main Road,7327.5,Jul-Sep,2027,Vijaynagar Main Road,Moderate
6343,Vijaynagar Main Road,7412.18,Oct-Dec,2027,Vijaynagar Main Road,Moderate
6344,Vijaynagar Main Road,7804.44,Jan-Mar,2028,Vijaynagar Main Road,Moderate
6345,Vijaynagar Main Road,7827.92,Apr-Jun,2028,Vijaynagar Main Road,Moderate
6346,Vijaynagar Main Road,8173.46,Jul-Sep,2028,Vijaynagar Main Road,Moderate
6347,Vijaynagar Main Road,8179.35,Oct-Dec,2028,Vijaynagar Main Road,Moderate
6348,Vijaynagar Main Road,8492.52,Jan-Mar,2029,Vijaynagar Main Road,Moderate
6349,Vijaynagar Main Road,8723.68,Apr-Jun,2029,Vijaynagar Main Road,Moderate
6350,Vijaynagar Main Road,9013.48,Jul-Sep,2029,Vijaynagar Main Road,Moderate
6351,Vijaynagar Main Road,9479.44,Oct-Dec,2029,Vijaynagar Main Road,Moderate
6352,Vijaynagar Main Road,9642.52,Jan-Mar,2030,Vijaynagar Main Road,Moderate
6353,Vijaynagar Main Road,9701.06,Apr-Jun,2030,Vijaynagar Main Road,Moderate
6354,Vijaynagar Main Road,9573.81,Jul-Sep,2030,Vijaynagar Main Road,Moderate
6355,Vijaynagar Main Road,9418.52,Oct-Dec,2030,Vijaynagar Main Road,Moderate
6356,Benson Town,10740.76,Jan-Mar,2024,Benson Town,Moderate
6357,Benson Town,10119.8,Apr-Jun,2024,Benson Town,Moderate
6358,Benson Town,11020.35867,Jul-Sep,2024,Benson Town,Moderate
6359,Benson Town,11054.83,Oct-Dec,2024,Benson Town,Moderate
6360,Benson Town,12284.28476,Jan-Mar,2025,Benson Town,Moderate
6361,Benson Town,11509.96476,Apr-Jun,2025,Benson Town,Moderate
6362,Benson Town,10880.11143,Jul-Sep,2025,Benson Town,Moderate
6363,Benson Town,8410.843333,Oct-Dec,2025,Benson Town,Moderate
6364,Benson Town,9903.84,Jan-Mar,2026,Benson Town,Moderate
6365,Benson Town,10059.52,Apr-Jun,2026,Benson Town,Moderate
6366,Benson Town,9995.8,Jul-Sep,2026,Benson Town,Moderate
6367,Benson Town,9633.58,Oct-Dec,2026,Benson Town,Moderate
6368,Benson Town,9750.07,Jan-Mar,2027,Benson Town,Moderate
6369,Benson Town,9848.96,Apr-Jun,2027,Benson Town,Moderate
6370,Benson Town,9806.16,Jul-Sep,2027,Benson Town,Moderate
6371,Benson Town,9495.2,Oct-Dec,2027,Benson Town,Moderate
6372,Benson Town,9654.37,Jan-Mar,2028,Benson Town,Moderate
6373,Benson Town,9909.4,Apr-Jun,2028,Benson Town,Moderate
6374,Benson Town,9933.58,Jul-Sep,2028,Benson Town,Moderate
6375,Benson Town,9621.06,Oct-Dec,2028,Benson Town,Moderate
6376,Benson Town,9311.66,Jan-Mar,2029,Benson Town,Moderate
6377,Benson Town,9207.98,Apr-Jun,2029,Benson Town,Moderate
6378,Benson Town,9566.22,Jul-Sep,2029,Benson Town,Moderate
6379,Benson Town,9949.26,Oct-Dec,2029,Benson Town,Moderate
6380,Benson Town,10740.76,Jan-Mar,2030,Benson Town,Moderate
6381,Benson Town,10119.8,Apr-Jun,2030,Benson Town,Moderate
6382,Benson Town,11020.35867,Jul-Sep,2030,Benson Town,Moderate
6383,Benson Town,11054.83,Oct-Dec,2030,Benson Town,Moderate
6384,Belathur,6403.28,Jan-Mar,2024,Belathur,High
6385,Belathur,6338.69,Apr-Jun,2024,Belathur,High
6386,Belathur,7093.81,Jul-Sep,2024,Belathur,High
6387,Belathur,7141.22,Oct-Dec,2024,Belathur,High
6388,Belathur,7300.34,Jan-Mar,2025,Belathur,High
6389,Belathur,7617.11,Apr-Jun,2025,Belathur,High
6390,Belathur,7783.694,Jul-Sep,2025,Belathur,High
6391,Belathur,5717.56,Oct-Dec,2025,Belathur,High
6392,Belathur,5030.47,Jan-Mar,2026,Belathur,High
6393,Belathur,5140.61,Apr-Jun,2026,Belathur,High
6394,Belathur,5208.08,Jul-Sep,2026,Belathur,High
6395,Belathur,5265.59,Oct-Dec,2026,Belathur,High
6396,Belathur,5179.01,Jan-Mar,2027,Belathur,High
6397,Belathur,5403.97,Apr-Jun,2027,Belathur,High
6398,Belathur,5446.14,Jul-Sep,2027,Belathur,High
6399,Belathur,5499.31,Oct-Dec,2027,Belathur,High
6400,Belathur,5599.03,Jan-Mar,2028,Belathur,High
6401,Belathur,5697.24,Apr-Jun,2028,Belathur,High
6402,Belathur,5992.49,Jul-Sep,2028,Belathur,High
6403,Belathur,5908.11,Oct-Dec,2028,Belathur,High
6404,Belathur,5639.77,Jan-Mar,2029,Belathur,High
6405,Belathur,5758.74,Apr-Jun,2029,Belathur,High
6406,Belathur,6030.34,Jul-Sep,2029,Belathur,High
6407,Belathur,6268.13,Oct-Dec,2029,Belathur,High
6408,Belathur,6403.28,Jan-Mar,2030,Belathur,High
6409,Belathur,6338.69,Apr-Jun,2030,Belathur,High
6410,Belathur,7093.81,Jul-Sep,2030,Belathur,High
6411,Belathur,7141.22,Oct-Dec,2030,Belathur,High
6412,Kodigehalli,4964.61,Jan-Mar,2024,Kodigehalli,Moderate
6413,Kodigehalli,5120.37,Apr-Jun,2024,Kodigehalli,Moderate
6414,Kodigehalli,5261.19,Jul-Sep,2024,Kodigehalli,Moderate
6415,Kodigehalli,5641.81,Oct-Dec,2024,Kodigehalli,Moderate
6416,Kodigehalli,6276.5,Jan-Mar,2025,Kodigehalli,Moderate
6417,Kodigehalli,6145.28,Apr-Jun,2025,Kodigehalli,Moderate
6418,Kodigehalli,6411.03,Jul-Sep,2025,Kodigehalli,Moderate
6419,Kodigehalli,5341.22,Oct-Dec,2025,Kodigehalli,Moderate
6420,Kodigehalli,5291.57,Jan-Mar,2026,Kodigehalli,Moderate
6421,Kodigehalli,5259.48,Apr-Jun,2026,Kodigehalli,Moderate
6422,Kodigehalli,5240.62,Jul-Sep,2026,Kodigehalli,Moderate
6423,Kodigehalli,5311.59,Oct-Dec,2026,Kodigehalli,Moderate
6424,Kodigehalli,5299.5,Jan-Mar,2027,Kodigehalli,Moderate
6425,Kodigehalli,5260.76,Apr-Jun,2027,Kodigehalli,Moderate
6426,Kodigehalli,5251.35,Jul-Sep,2027,Kodigehalli,Moderate
6427,Kodigehalli,5342.08,Oct-Dec,2027,Kodigehalli,Moderate
6428,Kodigehalli,5000.11,Jan-Mar,2028,Kodigehalli,Moderate
6429,Kodigehalli,5001.48,Apr-Jun,2028,Kodigehalli,Moderate
6430,Kodigehalli,5139.16,Jul-Sep,2028,Kodigehalli,Moderate
6431,Kodigehalli,5463.58,Oct-Dec,2028,Kodigehalli,Moderate
6432,Kodigehalli,5366.44,Jan-Mar,2029,Kodigehalli,Moderate
6433,Kodigehalli,5665.03,Apr-Jun,2029,Kodigehalli,Moderate
6434,Kodigehalli,5750.07,Jul-Sep,2029,Kodigehalli,Moderate
6435,Kodigehalli,5438.59,Oct-Dec,2029,Kodigehalli,Moderate
6436,Kodigehalli,4964.61,Jan-Mar,2030,Kodigehalli,Moderate
6437,Kodigehalli,5120.37,Apr-Jun,2030,Kodigehalli,Moderate
6438,Kodigehalli,5261.19,Jul-Sep,2030,Kodigehalli,Moderate
6439,Kodigehalli,5641.81,Oct-Dec,2030,Kodigehalli,Moderate
6440,Belathur Main Road,7012.99,Jan-Mar,2024,Belathur Main Road,High
6441,Belathur Main Road,6930.83,Apr-Jun,2024,Belathur Main Road,High
6442,Belathur Main Road,7579.48,Jul-Sep,2024,Belathur Main Road,High
6443,Belathur Main Road,8859.93,Oct-Dec,2024,Belathur Main Road,High
6444,Belathur Main Road,8107.77,Jan-Mar,2025,Belathur Main Road,High
6445,Belathur Main Road,8122.656,Apr-Jun,2025,Belathur Main Road,High
6446,Belathur Main Road,8031.766,Jul-Sep,2025,Belathur Main Road,High
6447,Belathur Main Road,6243.93,Oct-Dec,2025,Belathur Main Road,High
6448,Belathur Main Road,6508.02,Jan-Mar,2026,Belathur Main Road,High
6449,Belathur Main Road,6544.77,Apr-Jun,2026,Belathur Main Road,High
6450,Belathur Main Road,6667.42,Jul-Sep,2026,Belathur Main Road,High
6451,Belathur Main Road,6732.36,Oct-Dec,2026,Belathur Main Road,High
6452,Belathur Main Road,7193.63,Jan-Mar,2027,Belathur Main Road,High
6453,Belathur Main Road,7253.41,Apr-Jun,2027,Belathur Main Road,High
6454,Belathur Main Road,7338.94,Jul-Sep,2027,Belathur Main Road,High
6455,Belathur Main Road,7357.86,Oct-Dec,2027,Belathur Main Road,High
6456,Belathur Main Road,6577.41,Jan-Mar,2028,Belathur Main Road,High
6457,Belathur Main Road,6512.43,Apr-Jun,2028,Belathur Main Road,High
6458,Belathur Main Road,6445.88,Jul-Sep,2028,Belathur Main Road,High
6459,Belathur Main Road,6457.72,Oct-Dec,2028,Belathur Main Road,High
6460,Belathur Main Road,6285.8,Jan-Mar,2029,Belathur Main Road,High
6461,Belathur Main Road,6275.83,Apr-Jun,2029,Belathur Main Road,High
6462,Belathur Main Road,6379.63,Jul-Sep,2029,Belathur Main Road,High
6463,Belathur Main Road,6624.37,Oct-Dec,2029,Belathur Main Road,High
6464,Belathur Main Road,7012.99,Jan-Mar,2030,Belathur Main Road,High
6465,Belathur Main Road,6930.83,Apr-Jun,2030,Belathur Main Road,High
6466,Belathur Main Road,7579.48,Jul-Sep,2030,Belathur Main Road,High
6467,Belathur Main Road,8859.93,Oct-Dec,2030,Belathur Main Road,High
6468,Kasavanahalli,6591.78,Jan-Mar,2024,Kasavanahalli,Moderate
6469,Kasavanahalli,7081.61,Apr-Jun,2024,Kasavanahalli,Moderate
6470,Kasavanahalli,7080.863333,Jul-Sep,2024,Kasavanahalli,Moderate
6471,Kasavanahalli,8416.76,Oct-Dec,2024,Kasavanahalli,Moderate
6472,Kasavanahalli,8034.47,Jan-Mar,2025,Kasavanahalli,Moderate
6473,Kasavanahalli,8120.1,Apr-Jun,2025,Kasavanahalli,Moderate
6474,Kasavanahalli,5616.563333,Jul-Sep,2025,Kasavanahalli,Moderate
6475,Kasavanahalli,5396.68,Oct-Dec,2025,Kasavanahalli,Moderate
6476,Kasavanahalli,5288.44,Jan-Mar,2026,Kasavanahalli,Moderate
6477,Kasavanahalli,5346.28,Apr-Jun,2026,Kasavanahalli,Moderate
6478,Kasavanahalli,5294.89,Jul-Sep,2026,Kasavanahalli,Moderate
6479,Kasavanahalli,5543.48,Oct-Dec,2026,Kasavanahalli,Moderate
6480,Kasavanahalli,5584.67,Jan-Mar,2027,Kasavanahalli,Moderate
6481,Kasavanahalli,5599.62,Apr-Jun,2027,Kasavanahalli,Moderate
6482,Kasavanahalli,5594.2,Jul-Sep,2027,Kasavanahalli,Moderate
6483,Kasavanahalli,5704.08,Oct-Dec,2027,Kasavanahalli,Moderate
6484,Kasavanahalli,5586.03,Jan-Mar,2028,Kasavanahalli,Moderate
6485,Kasavanahalli,5614.6,Apr-Jun,2028,Kasavanahalli,Moderate
6486,Kasavanahalli,6014.96,Jul-Sep,2028,Kasavanahalli,Moderate
6487,Kasavanahalli,6179.45,Oct-Dec,2028,Kasavanahalli,Moderate
6488,Kasavanahalli,6195.17,Jan-Mar,2029,Kasavanahalli,Moderate
6489,Kasavanahalli,6248.49,Apr-Jun,2029,Kasavanahalli,Moderate
6490,Kasavanahalli,6256.49,Jul-Sep,2029,Kasavanahalli,Moderate
6491,Kasavanahalli,6391.77,Oct-Dec,2029,Kasavanahalli,Moderate
6492,Kasavanahalli,6591.78,Jan-Mar,2030,Kasavanahalli,Moderate
6493,Kasavanahalli,7081.61,Apr-Jun,2030,Kasavanahalli,Moderate
6494,Kasavanahalli,7080.863333,Jul-Sep,2030,Kasavanahalli,Moderate
6495,Kasavanahalli,8416.76,Oct-Dec,2030,Kasavanahalli,Moderate
6496,Vidyaranyapura,6047.79,Jan-Mar,2024,Vidyaranyapura,Moderate
6497,Vidyaranyapura,5822.52,Apr-Jun,2024,Vidyaranyapura,Moderate
6498,Vidyaranyapura,5514.55,Jul-Sep,2024,Vidyaranyapura,Moderate
6499,Vidyaranyapura,7483.78,Oct-Dec,2024,Vidyaranyapura,Moderate
6500,Vidyaranyapura,7068.38,Jan-Mar,2025,Vidyaranyapura,Moderate
6501,Vidyaranyapura,7193.13,Apr-Jun,2025,Vidyaranyapura,Moderate
6502,Vidyaranyapura,5825.401,Jul-Sep,2025,Vidyaranyapura,Moderate
6503,Vidyaranyapura,5206.04,Oct-Dec,2025,Vidyaranyapura,Moderate
6504,Vidyaranyapura,5538.49,Jan-Mar,2026,Vidyaranyapura,Moderate
6505,Vidyaranyapura,5572.09,Apr-Jun,2026,Vidyaranyapura,Moderate
6506,Vidyaranyapura,6351.17,Jul-Sep,2026,Vidyaranyapura,Moderate
6507,Vidyaranyapura,6177.02,Oct-Dec,2026,Vidyaranyapura,Moderate
6508,Vidyaranyapura,5336.55,Jan-Mar,2027,Vidyaranyapura,Moderate
6509,Vidyaranyapura,5216.58,Apr-Jun,2027,Vidyaranyapura,Moderate
6510,Vidyaranyapura,5694.17,Jul-Sep,2027,Vidyaranyapura,Moderate
6511,Vidyaranyapura,5884.76,Oct-Dec,2027,Vidyaranyapura,Moderate
6512,Vidyaranyapura,6220.03,Jan-Mar,2028,Vidyaranyapura,Moderate
6513,Vidyaranyapura,5738.45,Apr-Jun,2028,Vidyaranyapura,Moderate
6514,Vidyaranyapura,5546.94,Jul-Sep,2028,Vidyaranyapura,Moderate
6515,Vidyaranyapura,5663.22,Oct-Dec,2028,Vidyaranyapura,Moderate
6516,Vidyaranyapura,5521.14,Jan-Mar,2029,Vidyaranyapura,Moderate
6517,Vidyaranyapura,5527.48,Apr-Jun,2029,Vidyaranyapura,Moderate
6518,Vidyaranyapura,5837.55,Jul-Sep,2029,Vidyaranyapura,Moderate
6519,Vidyaranyapura,6448.22,Oct-Dec,2029,Vidyaranyapura,Moderate
6520,Vidyaranyapura,6047.79,Jan-Mar,2030,Vidyaranyapura,Moderate
6521,Vidyaranyapura,5822.52,Apr-Jun,2030,Vidyaranyapura,Moderate
6522,Vidyaranyapura,5514.55,Jul-Sep,2030,Vidyaranyapura,Moderate
6523,Vidyaranyapura,7483.78,Oct-Dec,2030,Vidyaranyapura,Moderate
6524,Horamavu Agara,4540.04,Jan-Mar,2024,Horamavu Agara,Moderate
6525,Horamavu Agara,4627.86,Apr-Jun,2024,Horamavu Agara,Moderate
6526,Horamavu Agara,4596.25,Jul-Sep,2024,Horamavu Agara,Moderate
6527,Horamavu Agara,4799.1125,Oct-Dec,2024,Horamavu Agara,Moderate
6528,Horamavu Agara,4790.864,Jan-Mar,2025,Horamavu Agara,Moderate
6529,Horamavu Agara,5136.9335,Apr-Jun,2025,Horamavu Agara,Moderate
6530,Horamavu Agara,4709.1155,Jul-Sep,2025,Horamavu Agara,Moderate
6531,Horamavu Agara,4537.502667,Oct-Dec,2025,Horamavu Agara,Moderate
6532,Horamavu Agara,4440.59,Jan-Mar,2026,Horamavu Agara,Moderate
6533,Horamavu Agara,4672.42,Apr-Jun,2026,Horamavu Agara,Moderate
6534,Horamavu Agara,4569.16,Jul-Sep,2026,Horamavu Agara,Moderate
6535,Horamavu Agara,4353.12,Oct-Dec,2026,Horamavu Agara,Moderate
6536,Horamavu Agara,4296.956667,Jan-Mar,2027,Horamavu Agara,Moderate
6537,Horamavu Agara,4386.96,Apr-Jun,2027,Horamavu Agara,Moderate
6538,Horamavu Agara,4411.055,Jul-Sep,2027,Horamavu Agara,Moderate
6539,Horamavu Agara,4368.22,Oct-Dec,2027,Horamavu Agara,Moderate
6540,Horamavu Agara,4343.28,Jan-Mar,2028,Horamavu Agara,Moderate
6541,Horamavu Agara,4384.55,Apr-Jun,2028,Horamavu Agara,Moderate
6542,Horamavu Agara,4415.16,Jul-Sep,2028,Horamavu Agara,Moderate
6543,Horamavu Agara,4392.27,Oct-Dec,2028,Horamavu Agara,Moderate
6544,Horamavu Agara,4394.71,Jan-Mar,2029,Horamavu Agara,Moderate
6545,Horamavu Agara,4413.37,Apr-Jun,2029,Horamavu Agara,Moderate
6546,Horamavu Agara,4527.18,Jul-Sep,2029,Horamavu Agara,Moderate
6547,Horamavu Agara,4854.24,Oct-Dec,2029,Horamavu Agara,Moderate
6548,Horamavu Agara,4540.04,Jan-Mar,2030,Horamavu Agara,Moderate
6549,Horamavu Agara,4627.86,Apr-Jun,2030,Horamavu Agara,Moderate
6550,Horamavu Agara,4596.25,Jul-Sep,2030,Horamavu Agara,Moderate
6551,Horamavu Agara,4799.1125,Oct-Dec,2030,Horamavu Agara,Moderate
